2026-09-02T00:00:00.000-03:00  INFO 22468 --- [ecommerce] [scheduling-1] c.d.e.s.SincronizacaoEstoqueService      : [ESTOQUE] Lendo VW_ECOMMERCE_ESTOQUE no banco de dados...
2026-09-02T00:00:00.118-03:00  INFO 22468 --- [ecommerce] [scheduling-1] c.d.e.s.SincronizacaoEstoqueService      : [ESTOQUE] Ciclo finalizado. Total de atualizações enviadas: 0
2026-09-02T00:00:00.119-03:00  INFO 22468 --- [ecommerce] [scheduling-1] c.d.e.service.SincronizacaoService       : Lendo VW_ECOMMERCE_PRECOS no banco de dados...
2026-09-02T00:00:00.171-03:00  INFO 22468 --- [ecommerce] [scheduling-1] c.d.e.service.SincronizacaoService       : Ciclo finalizado. Total de atualizações enviadas: 0
2026-09-02T00:00:59.999-03:00  INFO 22468 --- [ecommerce] [scheduling-1] c.d.e.s.SincronizacaoEstoqueService      : [ESTOQUE] Lendo VW_ECOMMERCE_ESTOQUE no banco de dados...
2026-09-02T00:01:00.037-03:00  INFO 22468 --- [ecommerce] [scheduling-1] c.d.e.s.SincronizacaoEstoqueService      : [ESTOQUE] Ciclo finalizado. Total de atualizações enviadas: 0
2026-09-02T00:01:00.038-03:00  INFO 22468 --- [ecommerce] [scheduling-1] c.d.e.service.SincronizacaoService       : Lendo VW_ECOMMERCE_PRECOS no banco de dados...
2026-09-02T00:01:00.091-03:00  INFO 22468 --- [ecommerce] [scheduling-1] c.d.e.service.SincronizacaoService       : Ciclo finalizado. Total de atualizações enviadas: 0
2026-09-02T00:02:00.000-03:00  INFO 22468 --- [ecommerce] [scheduling-1] c.d.e.s.SincronizacaoEstoqueService      : [ESTOQUE] Lendo VW_ECOMMERCE_ESTOQUE no banco de dados...
2026-09-02T00:02:00.090-03:00  INFO 22468 --- [ecommerce] [scheduling-1] c.d.e.s.SincronizacaoEstoqueService      : [ESTOQUE] Ciclo finalizado. Total de atualizações enviadas: 0
2026-09-02T00:02:00.090-03:00  INFO 22468 --- [ecommerce] [scheduling-1] c.d.e.service.SincronizacaoService       : Lendo VW_ECOMMERCE_PRECOS no banco de dados...
2026-09-02T00:02:00.142-03:00  INFO 22468 --- [ecommerce] [scheduling-1] c.d.e.service.SincronizacaoService       : Ciclo finalizado. Total de atualizações enviadas: 0
2026-09-02T00:03:00.000-03:00  INFO 22468 --- [ecommerce] [scheduling-1] c.d.e.s.SincronizacaoEstoqueService      : [ESTOQUE] Lendo VW_ECOMMERCE_ESTOQUE no banco de dados...
2026-09-02T00:03:00.034-03:00  INFO 22468 --- [ecommerce] [scheduling-1] c.d.e.s.SincronizacaoEstoqueService      : [ESTOQUE] Ciclo finalizado. Total de atualizações enviadas: 0
2026-09-02T00:03:00.034-03:00  INFO 22468 --- [ecommerce] [scheduling-1] c.d.e.service.SincronizacaoService       : Lendo VW_ECOMMERCE_PRECOS no banco de dados...
2026-09-02T00:03:00.087-03:00  INFO 22468 --- [ecommerce] [scheduling-1] c.d.e.service.SincronizacaoService       : Ciclo finalizado. Total de atualizações enviadas: 0
2026-09-02T00:04:00.000-03:00  INFO 22468 --- [ecommerce] [scheduling-1] c.d.e.service.SincronizacaoService       : Lendo VW_ECOMMERCE_PRECOS no banco de dados...
2026-09-02T00:04:00.054-03:00  INFO 22468 --- [ecommerce] [scheduling-1] c.d.e.service.SincronizacaoService       : Ciclo finalizado. Total de atualizações enviadas: 0
2026-09-02T00:04:00.054-03:00  INFO 22468 --- [ecommerce] [scheduling-1] c.d.e.s.SincronizacaoEstoqueService      : [ESTOQUE] Lendo VW_ECOMMERCE_ESTOQUE no banco de dados...
2026-09-02T00:04:00.084-03:00  INFO 22468 --- [ecommerce] [scheduling-1] c.d.e.s.SincronizacaoEstoqueService      : [ESTOQUE] Ciclo finalizado. Total de atualizações enviadas: 0
2026-09-02T00:05:00.000-03:00  INFO 22468 --- [ecommerce] [scheduling-1] c.d.e.s.SincronizacaoEstoqueService      : [ESTOQUE] Lendo VW_ECOMMERCE_ESTOQUE no banco de dados...
2026-09-02T00:05:00.054-03:00  INFO 22468 --- [ecommerce] [scheduling-1] c.d.e.s.SincronizacaoEstoqueService      : [ESTOQUE] Ciclo finalizado. Total de atualizações enviadas: 0
2026-09-02T00:05:00.054-03:00  INFO 22468 --- [ecommerce] [scheduling-1] c.d.e.service.SincronizacaoService       : Lendo VW_ECOMMERCE_PRECOS no banco de dados...
2026-09-02T00:05:00.102-03:00  INFO 22468 --- [ecommerce] [scheduling-1] c.d.e.service.SincronizacaoService       : Ciclo finalizado. Total de atualizações enviadas: 0
2026-09-02T00:05:59.999-03:00  INFO 22468 --- [ecommerce] [scheduling-1] c.d.e.service.SincronizacaoService       : Lendo VW_ECOMMERCE_PRECOS no banco de dados...
2026-09-02T00:06:00.103-03:00  INFO 22468 --- [ecommerce] [scheduling-1] c.d.e.service.SincronizacaoService       : Ciclo finalizado. Total de atualizações enviadas: 0
2026-09-02T00:06:00.104-03:00  INFO 22468 --- [ecommerce] [scheduling-1] c.d.e.s.SincronizacaoEstoqueService      : [ESTOQUE] Lendo VW_ECOMMERCE_ESTOQUE no banco de dados...
2026-09-02T00:06:00.130-03:00  INFO 22468 --- [ecommerce] [scheduling-1] c.d.e.s.SincronizacaoEstoqueService      : [ESTOQUE] Ciclo finalizado. Total de atualizações enviadas: 0
2026-09-02T00:07:00.000-03:00  INFO 22468 --- [ecommerce] [scheduling-1] c.d.e.service.SincronizacaoService       : Lendo VW_ECOMMERCE_PRECOS no banco de dados...
2026-09-02T00:07:00.052-03:00  INFO 22468 --- [ecommerce] [scheduling-1] c.d.e.service.SincronizacaoService       : Ciclo finalizado. Total de atualizações enviadas: 0
2026-09-02T00:07:00.053-03:00  INFO 22468 --- [ecommerce] [scheduling-1] c.d.e.s.SincronizacaoEstoqueService      : [ESTOQUE] Lendo VW_ECOMMERCE_ESTOQUE no banco de dados...
2026-09-02T00:07:00.088-03:00  INFO 22468 --- [ecommerce] [scheduling-1] c.d.e.s.SincronizacaoEstoqueService      : [ESTOQUE] Ciclo finalizado. Total de atualizações enviadas: 0
2026-09-02T00:08:00.000-03:00  INFO 22468 --- [ecommerce] [scheduling-1] c.d.e.service.SincronizacaoService       : Lendo VW_ECOMMERCE_PRECOS no banco de dados...
2026-09-02T00:08:00.058-03:00  INFO 22468 --- [ecommerce] [scheduling-1] c.d.e.service.SincronizacaoService       : Ciclo finalizado. Total de atualizações enviadas: 0
2026-09-02T00:08:00.058-03:00  INFO 22468 --- [ecommerce] [scheduling-1] c.d.e.s.SincronizacaoEstoqueService      : [ESTOQUE] Lendo VW_ECOMMERCE_ESTOQUE no banco de dados...
2026-09-02T00:08:00.092-03:00  INFO 22468 --- [ecommerce] [scheduling-1] c.d.e.s.SincronizacaoEstoqueService      : [ESTOQUE] Ciclo finalizado. Total de atualizações enviadas: 0
2026-09-02T00:09:00.000-03:00  INFO 22468 --- [ecommerce] [scheduling-1] c.d.e.s.SincronizacaoEstoqueService      : [ESTOQUE] Lendo VW_ECOMMERCE_ESTOQUE no banco de dados...
2026-09-02T00:09:00.037-03:00  INFO 22468 --- [ecommerce] [scheduling-1] c.d.e.s.SincronizacaoEstoqueService      : [ESTOQUE] Ciclo finalizado. Total de atualizações enviadas: 0
2026-09-02T00:09:00.037-03:00  INFO 22468 --- [ecommerce] [scheduling-1] c.d.e.service.SincronizacaoService       : Lendo VW_ECOMMERCE_PRECOS no banco de dados...
2026-09-02T00:09:00.087-03:00  INFO 22468 --- [ecommerce] [scheduling-1] c.d.e.service.SincronizacaoService       : Ciclo finalizado. Total de atualizações enviadas: 0
2026-09-02T00:10:00.000-03:00  INFO 22468 --- [ecommerce] [scheduling-1] c.d.e.service.SincronizacaoService       : Lendo VW_ECOMMERCE_PRECOS no banco de dados...
2026-09-02T00:10:00.073-03:00  INFO 22468 --- [ecommerce] [scheduling-1] c.d.e.service.SincronizacaoService       : Ciclo finalizado. Total de atualizações enviadas: 0
2026-09-02T00:10:00.073-03:00  INFO 22468 --- [ecommerce] [scheduling-1] c.d.e.s.SincronizacaoEstoqueService      : [ESTOQUE] Lendo VW_ECOMMERCE_ESTOQUE no banco de dados...
2026-09-02T00:10:00.110-03:00  INFO 22468 --- [ecommerce] [scheduling-1] c.d.e.s.SincronizacaoEstoqueService      : [ESTOQUE] Ciclo finalizado. Total de atualizações enviadas: 0
2026-09-02T00:11:00.001-03:00  INFO 22468 --- [ecommerce] [scheduling-1] c.d.e.service.SincronizacaoService       : Lendo VW_ECOMMERCE_PRECOS no banco de dados...
2026-09-02T00:11:00.104-03:00  INFO 22468 --- [ecommerce] [scheduling-1] c.d.e.service.SincronizacaoService       : Ciclo finalizado. Total de atualizações enviadas: 0
2026-09-02T00:11:00.104-03:00  INFO 22468 --- [ecommerce] [scheduling-1] c.d.e.s.SincronizacaoEstoqueService      : [ESTOQUE] Lendo VW_ECOMMERCE_ESTOQUE no banco de dados...
2026-09-02T00:11:00.126-03:00  INFO 22468 --- [ecommerce] [scheduling-1] c.d.e.s.SincronizacaoEstoqueService      : [ESTOQUE] Ciclo finalizado. Total de atualizações enviadas: 0
2026-09-02T00:12:00.000-03:00  INFO 22468 --- [ecommerce] [scheduling-1] c.d.e.s.SincronizacaoEstoqueService      : [ESTOQUE] Lendo VW_ECOMMERCE_ESTOQUE no banco de dados...
2026-09-02T00:12:00.065-03:00  INFO 22468 --- [ecommerce] [scheduling-1] c.d.e.s.SincronizacaoEstoqueService      : [ESTOQUE] Ciclo finalizado. Total de atualizações enviadas: 0
2026-09-02T00:12:00.068-03:00  INFO 22468 --- [ecommerce] [scheduling-1] c.d.e.service.SincronizacaoService       : Lendo VW_ECOMMERCE_PRECOS no banco de dados...
2026-09-02T00:12:00.119-03:00  INFO 22468 --- [ecommerce] [scheduling-1] c.d.e.service.SincronizacaoService       : Ciclo finalizado. Total de atualizações enviadas: 0
2026-09-02T00:13:00.001-03:00  INFO 22468 --- [ecommerce] [scheduling-1] c.d.e.service.SincronizacaoService       : Lendo VW_ECOMMERCE_PRECOS no banco de dados...
2026-09-02T00:13:00.108-03:00  INFO 22468 --- [ecommerce] [scheduling-1] c.d.e.service.SincronizacaoService       : Ciclo finalizado. Total de atualizações enviadas: 0
2026-09-02T00:13:00.110-03:00  INFO 22468 --- [ecommerce] [scheduling-1] c.d.e.s.SincronizacaoEstoqueService      : [ESTOQUE] Lendo VW_ECOMMERCE_ESTOQUE no banco de dados...
2026-09-02T00:13:00.130-03:00  INFO 22468 --- [ecommerce] [scheduling-1] c.d.e.s.SincronizacaoEstoqueService      : [ESTOQUE] Ciclo finalizado. Total de atualizações enviadas: 0
2026-09-02T00:13:59.999-03:00  INFO 22468 --- [ecommerce] [scheduling-1] c.d.e.service.SincronizacaoService       : Lendo VW_ECOMMERCE_PRECOS no banco de dados...
2026-09-02T00:14:00.066-03:00  INFO 22468 --- [ecommerce] [scheduling-1] c.d.e.service.SincronizacaoService       : Ciclo finalizado. Total de atualizações enviadas: 0
2026-09-02T00:14:00.078-03:00  INFO 22468 --- [ecommerce] [scheduling-1] c.d.e.s.SincronizacaoEstoqueService      : [ESTOQUE] Lendo VW_ECOMMERCE_ESTOQUE no banco de dados...
2026-09-02T00:14:00.114-03:00  INFO 22468 --- [ecommerce] [scheduling-1] c.d.e.s.SincronizacaoEstoqueService      : [ESTOQUE] Ciclo finalizado. Total de atualizações enviadas: 0
2026-09-02T00:15:00.000-03:00  INFO 22468 --- [ecommerce] [scheduling-1] c.d.e.s.SincronizacaoEstoqueService      : [ESTOQUE] Lendo VW_ECOMMERCE_ESTOQUE no banco de dados...
2026-09-02T00:15:00.081-03:00  INFO 22468 --- [ecommerce] [scheduling-1] c.d.e.s.SincronizacaoEstoqueService      : [ESTOQUE] Ciclo finalizado. Total de atualizações enviadas: 0
2026-09-02T00:15:00.081-03:00  INFO 22468 --- [ecommerce] [scheduling-1] c.d.e.service.SincronizacaoService       : Lendo VW_ECOMMERCE_PRECOS no banco de dados...
2026-09-02T00:15:00.131-03:00  INFO 22468 --- [ecommerce] [scheduling-1] c.d.e.service.SincronizacaoService       : Ciclo finalizado. Total de atualizações enviadas: 0
2026-09-02T00:16:00.000-03:00  INFO 22468 --- [ecommerce] [scheduling-1] c.d.e.service.SincronizacaoService       : Lendo VW_ECOMMERCE_PRECOS no banco de dados...
2026-09-02T00:16:00.059-03:00  INFO 22468 --- [ecommerce] [scheduling-1] c.d.e.service.SincronizacaoService       : Ciclo finalizado. Total de atualizações enviadas: 0
2026-09-02T00:16:00.059-03:00  INFO 22468 --- [ecommerce] [scheduling-1] c.d.e.s.SincronizacaoEstoqueService      : [ESTOQUE] Lendo VW_ECOMMERCE_ESTOQUE no banco de dados...
2026-09-02T00:16:00.084-03:00  INFO 22468 --- [ecommerce] [scheduling-1] c.d.e.s.SincronizacaoEstoqueService      : [ESTOQUE] Ciclo finalizado. Total de atualizações enviadas: 0
2026-09-02T00:17:00.001-03:00  INFO 22468 --- [ecommerce] [scheduling-1] c.d.e.service.SincronizacaoService       : Lendo VW_ECOMMERCE_PRECOS no banco de dados...
2026-09-02T00:17:00.112-03:00  INFO 22468 --- [ecommerce] [scheduling-1] c.d.e.service.SincronizacaoService       : Ciclo finalizado. Total de atualizações enviadas: 0
2026-09-02T00:17:00.112-03:00  INFO 22468 --- [ecommerce] [scheduling-1] c.d.e.s.SincronizacaoEstoqueService      : [ESTOQUE] Lendo VW_ECOMMERCE_ESTOQUE no banco de dados...
2026-09-02T00:17:00.150-03:00  INFO 22468 --- [ecommerce] [scheduling-1] c.d.e.s.SincronizacaoEstoqueService      : [ESTOQUE] Ciclo finalizado. Total de atualizações enviadas: 0
2026-09-02T00:18:00.001-03:00  INFO 22468 --- [ecommerce] [scheduling-1] c.d.e.s.SincronizacaoEstoqueService      : [ESTOQUE] Lendo VW_ECOMMERCE_ESTOQUE no banco de dados...
2026-09-02T00:18:00.036-03:00  INFO 22468 --- [ecommerce] [scheduling-1] c.d.e.s.SincronizacaoEstoqueService      : [ESTOQUE] Ciclo finalizado. Total de atualizações enviadas: 0
2026-09-02T00:18:00.036-03:00  INFO 22468 --- [ecommerce] [scheduling-1] c.d.e.service.SincronizacaoService       : Lendo VW_ECOMMERCE_PRECOS no banco de dados...
2026-09-02T00:18:00.086-03:00  INFO 22468 --- [ecommerce] [scheduling-1] c.d.e.service.SincronizacaoService       : Ciclo finalizado. Total de atualizações enviadas: 0
2026-09-02T00:19:00.001-03:00  INFO 22468 --- [ecommerce] [scheduling-1] c.d.e.service.SincronizacaoService       : Lendo VW_ECOMMERCE_PRECOS no banco de dados...
2026-09-02T00:19:00.085-03:00  INFO 22468 --- [ecommerce] [scheduling-1] c.d.e.service.SincronizacaoService       : Ciclo finalizado. Total de atualizações enviadas: 0
2026-09-02T00:19:00.086-03:00  INFO 22468 --- [ecommerce] [scheduling-1] c.d.e.s.SincronizacaoEstoqueService      : [ESTOQUE] Lendo VW_ECOMMERCE_ESTOQUE no banco de dados...
2026-09-02T00:19:00.107-03:00  INFO 22468 --- [ecommerce] [scheduling-1] c.d.e.s.SincronizacaoEstoqueService      : [ESTOQUE] Ciclo finalizado. Total de atualizações enviadas: 0
2026-09-02T00:20:00.000-03:00  INFO 22468 --- [ecommerce] [scheduling-1] c.d.e.service.SincronizacaoService       : Lendo VW_ECOMMERCE_PRECOS no banco de dados...
2026-09-02T00:20:00.073-03:00  INFO 22468 --- [ecommerce] [scheduling-1] c.d.e.service.SincronizacaoService       : Ciclo finalizado. Total de atualizações enviadas: 0
2026-09-02T00:20:00.073-03:00  INFO 22468 --- [ecommerce] [scheduling-1] c.d.e.s.SincronizacaoEstoqueService      : [ESTOQUE] Lendo VW_ECOMMERCE_ESTOQUE no banco de dados...
2026-09-02T00:20:00.102-03:00  INFO 22468 --- [ecommerce] [scheduling-1] c.d.e.s.SincronizacaoEstoqueService      : [ESTOQUE] Ciclo finalizado. Total de atualizações enviadas: 0
2026-09-02T00:21:00.001-03:00  INFO 22468 --- [ecommerce] [scheduling-1] c.d.e.s.SincronizacaoEstoqueService      : [ESTOQUE] Lendo VW_ECOMMERCE_ESTOQUE no banco de dados...
2026-09-02T00:21:00.078-03:00  INFO 22468 --- [ecommerce] [scheduling-1] c.d.e.s.SincronizacaoEstoqueService      : [ESTOQUE] Ciclo finalizado. Total de atualizações enviadas: 0
2026-09-02T00:21:00.078-03:00  INFO 22468 --- [ecommerce] [scheduling-1] c.d.e.service.SincronizacaoService       : Lendo VW_ECOMMERCE_PRECOS no banco de dados...
2026-09-02T00:21:00.124-03:00  INFO 22468 --- [ecommerce] [scheduling-1] c.d.e.service.SincronizacaoService       : Ciclo finalizado. Total de atualizações enviadas: 0
2026-09-02T00:22:00.000-03:00  INFO 22468 --- [ecommerce] [scheduling-1] c.d.e.s.SincronizacaoEstoqueService      : [ESTOQUE] Lendo VW_ECOMMERCE_ESTOQUE no banco de dados...
2026-09-02T00:22:00.041-03:00  INFO 22468 --- [ecommerce] [scheduling-1] c.d.e.s.SincronizacaoEstoqueService      : [ESTOQUE] Ciclo finalizado. Total de atualizações enviadas: 0
2026-09-02T00:22:00.042-03:00  INFO 22468 --- [ecommerce] [scheduling-1] c.d.e.service.SincronizacaoService       : Lendo VW_ECOMMERCE_PRECOS no banco de dados...
2026-09-02T00:22:00.098-03:00  INFO 22468 --- [ecommerce] [scheduling-1] c.d.e.service.SincronizacaoService       : Ciclo finalizado. Total de atualizações enviadas: 0
2026-09-02T00:23:00.000-03:00  INFO 22468 --- [ecommerce] [scheduling-1] c.d.e.s.SincronizacaoEstoqueService      : [ESTOQUE] Lendo VW_ECOMMERCE_ESTOQUE no banco de dados...
2026-09-02T00:23:00.091-03:00  INFO 22468 --- [ecommerce] [scheduling-1] c.d.e.s.SincronizacaoEstoqueService      : [ESTOQUE] Ciclo finalizado. Total de atualizações enviadas: 0
2026-09-02T00:23:00.092-03:00  INFO 22468 --- [ecommerce] [scheduling-1] c.d.e.service.SincronizacaoService       : Lendo VW_ECOMMERCE_PRECOS no banco de dados...
2026-09-02T00:23:00.159-03:00  INFO 22468 --- [ecommerce] [scheduling-1] c.d.e.service.SincronizacaoService       : Ciclo finalizado. Total de atualizações enviadas: 0
2026-09-02T00:23:59.999-03:00  INFO 22468 --- [ecommerce] [scheduling-1] c.d.e.s.SincronizacaoEstoqueService      : [ESTOQUE] Lendo VW_ECOMMERCE_ESTOQUE no banco de dados...
2026-09-02T00:24:00.054-03:00  INFO 22468 --- [ecommerce] [scheduling-1] c.d.e.s.SincronizacaoEstoqueService      : [ESTOQUE] Ciclo finalizado. Total de atualizações enviadas: 0
2026-09-02T00:24:00.054-03:00  INFO 22468 --- [ecommerce] [scheduling-1] c.d.e.service.SincronizacaoService       : Lendo VW_ECOMMERCE_PRECOS no banco de dados...
2026-09-02T00:24:00.113-03:00  INFO 22468 --- [ecommerce] [scheduling-1] c.d.e.service.SincronizacaoService       : Ciclo finalizado. Total de atualizações enviadas: 0
2026-09-02T00:25:00.000-03:00  INFO 22468 --- [ecommerce] [scheduling-1] c.d.e.service.SincronizacaoService       : Lendo VW_ECOMMERCE_PRECOS no banco de dados...
2026-09-02T00:25:00.127-03:00  INFO 22468 --- [ecommerce] [scheduling-1] c.d.e.service.SincronizacaoService       : Ciclo finalizado. Total de atualizações enviadas: 0
2026-09-02T00:25:00.127-03:00  INFO 22468 --- [ecommerce] [scheduling-1] c.d.e.s.SincronizacaoEstoqueService      : [ESTOQUE] Lendo VW_ECOMMERCE_ESTOQUE no banco de dados...
2026-09-02T00:25:00.148-03:00  INFO 22468 --- [ecommerce] [scheduling-1] c.d.e.s.SincronizacaoEstoqueService      : [ESTOQUE] Ciclo finalizado. Total de atualizações enviadas: 0
2026-09-02T00:26:00.001-03:00  INFO 22468 --- [ecommerce] [scheduling-1] c.d.e.s.SincronizacaoEstoqueService      : [ESTOQUE] Lendo VW_ECOMMERCE_ESTOQUE no banco de dados...
2026-09-02T00:26:00.079-03:00  INFO 22468 --- [ecommerce] [scheduling-1] c.d.e.s.SincronizacaoEstoqueService      : [ESTOQUE] Ciclo finalizado. Total de atualizações enviadas: 0
2026-09-02T00:26:00.079-03:00  INFO 22468 --- [ecommerce] [scheduling-1] c.d.e.service.SincronizacaoService       : Lendo VW_ECOMMERCE_PRECOS no banco de dados...
2026-09-02T00:26:00.132-03:00  INFO 22468 --- [ecommerce] [scheduling-1] c.d.e.service.SincronizacaoService       : Ciclo finalizado. Total de atualizações enviadas: 0
2026-09-02T00:27:00.000-03:00  INFO 22468 --- [ecommerce] [scheduling-1] c.d.e.service.SincronizacaoService       : Lendo VW_ECOMMERCE_PRECOS no banco de dados...
2026-09-02T00:27:00.118-03:00  INFO 22468 --- [ecommerce] [scheduling-1] c.d.e.service.SincronizacaoService       : Ciclo finalizado. Total de atualizações enviadas: 0
2026-09-02T00:27:00.119-03:00  INFO 22468 --- [ecommerce] [scheduling-1] c.d.e.s.SincronizacaoEstoqueService      : [ESTOQUE] Lendo VW_ECOMMERCE_ESTOQUE no banco de dados...
2026-09-02T00:27:00.144-03:00  INFO 22468 --- [ecommerce] [scheduling-1] c.d.e.s.SincronizacaoEstoqueService      : [ESTOQUE] Ciclo finalizado. Total de atualizações enviadas: 0
2026-09-02T00:28:00.001-03:00  INFO 22468 --- [ecommerce] [scheduling-1] c.d.e.s.SincronizacaoEstoqueService      : [ESTOQUE] Lendo VW_ECOMMERCE_ESTOQUE no banco de dados...
2026-09-02T00:28:00.080-03:00  INFO 22468 --- [ecommerce] [scheduling-1] c.d.e.s.SincronizacaoEstoqueService      : [ESTOQUE] Ciclo finalizado. Total de atualizações enviadas: 0
2026-09-02T00:28:00.080-03:00  INFO 22468 --- [ecommerce] [scheduling-1] c.d.e.service.SincronizacaoService       : Lendo VW_ECOMMERCE_PRECOS no banco de dados...
2026-09-02T00:28:00.130-03:00  INFO 22468 --- [ecommerce] [scheduling-1] c.d.e.service.SincronizacaoService       : Ciclo finalizado. Total de atualizações enviadas: 0
2026-09-02T00:29:00.001-03:00  INFO 22468 --- [ecommerce] [scheduling-1] c.d.e.service.SincronizacaoService       : Lendo VW_ECOMMERCE_PRECOS no banco de dados...
2026-09-02T00:29:00.103-03:00  INFO 22468 --- [ecommerce] [scheduling-1] c.d.e.service.SincronizacaoService       : Ciclo finalizado. Total de atualizações enviadas: 0
2026-09-02T00:29:00.103-03:00  INFO 22468 --- [ecommerce] [scheduling-1] c.d.e.s.SincronizacaoEstoqueService      : [ESTOQUE] Lendo VW_ECOMMERCE_ESTOQUE no banco de dados...
2026-09-02T00:29:00.122-03:00  INFO 22468 --- [ecommerce] [scheduling-1] c.d.e.s.SincronizacaoEstoqueService      : [ESTOQUE] Ciclo finalizado. Total de atualizações enviadas: 0
2026-09-02T00:30:00.000-03:00  INFO 22468 --- [ecommerce] [scheduling-1] c.d.e.service.SincronizacaoService       : Lendo VW_ECOMMERCE_PRECOS no banco de dados...
2026-09-02T00:30:00.063-03:00  INFO 22468 --- [ecommerce] [scheduling-1] c.d.e.service.SincronizacaoService       : Ciclo finalizado. Total de atualizações enviadas: 0
2026-09-02T00:30:00.063-03:00  INFO 22468 --- [ecommerce] [scheduling-1] c.d.e.s.SincronizacaoEstoqueService      : [ESTOQUE] Lendo VW_ECOMMERCE_ESTOQUE no banco de dados...
2026-09-02T00:30:00.092-03:00  INFO 22468 --- [ecommerce] [scheduling-1] c.d.e.s.SincronizacaoEstoqueService      : [ESTOQUE] Ciclo finalizado. Total de atualizações enviadas: 0
2026-09-02T00:31:00.001-03:00  INFO 22468 --- [ecommerce] [scheduling-1] c.d.e.s.SincronizacaoEstoqueService      : [ESTOQUE] Lendo VW_ECOMMERCE_ESTOQUE no banco de dados...
2026-09-02T00:31:00.103-03:00  INFO 22468 --- [ecommerce] [scheduling-1] c.d.e.s.SincronizacaoEstoqueService      : [ESTOQUE] Ciclo finalizado. Total de atualizações enviadas: 0
2026-09-02T00:31:00.103-03:00  INFO 22468 --- [ecommerce] [scheduling-1] c.d.e.service.SincronizacaoService       : Lendo VW_ECOMMERCE_PRECOS no banco de dados...
2026-09-02T00:31:00.163-03:00  INFO 22468 --- [ecommerce] [scheduling-1] c.d.e.service.SincronizacaoService       : Ciclo finalizado. Total de atualizações enviadas: 0
2026-09-02T00:32:00.000-03:00  INFO 22468 --- [ecommerce] [scheduling-1] c.d.e.service.SincronizacaoService       : Lendo VW_ECOMMERCE_PRECOS no banco de dados...
2026-09-02T00:32:00.057-03:00  INFO 22468 --- [ecommerce] [scheduling-1] c.d.e.service.SincronizacaoService       : Ciclo finalizado. Total de atualizações enviadas: 0
2026-09-02T00:32:00.057-03:00  INFO 22468 --- [ecommerce] [scheduling-1] c.d.e.s.SincronizacaoEstoqueService      : [ESTOQUE] Lendo VW_ECOMMERCE_ESTOQUE no banco de dados...
2026-09-02T00:32:00.089-03:00  INFO 22468 --- [ecommerce] [scheduling-1] c.d.e.s.SincronizacaoEstoqueService      : [ESTOQUE] Ciclo finalizado. Total de atualizações enviadas: 0
2026-09-02T00:33:00.000-03:00  INFO 22468 --- [ecommerce] [scheduling-1] c.d.e.service.SincronizacaoService       : Lendo VW_ECOMMERCE_PRECOS no banco de dados...
2026-09-02T00:33:00.097-03:00  INFO 22468 --- [ecommerce] [scheduling-1] c.d.e.service.SincronizacaoService       : Ciclo finalizado. Total de atualizações enviadas: 0
2026-09-02T00:33:00.098-03:00  INFO 22468 --- [ecommerce] [scheduling-1] c.d.e.s.SincronizacaoEstoqueService      : [ESTOQUE] Lendo VW_ECOMMERCE_ESTOQUE no banco de dados...
2026-09-02T00:33:00.120-03:00  INFO 22468 --- [ecommerce] [scheduling-1] c.d.e.s.SincronizacaoEstoqueService      : [ESTOQUE] Ciclo finalizado. Total de atualizações enviadas: 0
2026-09-02T00:33:59.999-03:00  INFO 22468 --- [ecommerce] [scheduling-1] c.d.e.s.SincronizacaoEstoqueService      : [ESTOQUE] Lendo VW_ECOMMERCE_ESTOQUE no banco de dados...
2026-09-02T00:34:00.041-03:00  INFO 22468 --- [ecommerce] [scheduling-1] c.d.e.s.SincronizacaoEstoqueService      : [ESTOQUE] Ciclo finalizado. Total de atualizações enviadas: 0
2026-09-02T00:34:00.041-03:00  INFO 22468 --- [ecommerce] [scheduling-1] c.d.e.service.SincronizacaoService       : Lendo VW_ECOMMERCE_PRECOS no banco de dados...
2026-09-02T00:34:00.090-03:00  INFO 22468 --- [ecommerce] [scheduling-1] c.d.e.service.SincronizacaoService       : Ciclo finalizado. Total de atualizações enviadas: 0
2026-09-02T00:35:00.001-03:00  INFO 22468 --- [ecommerce] [scheduling-1] c.d.e.s.SincronizacaoEstoqueService      : [ESTOQUE] Lendo VW_ECOMMERCE_ESTOQUE no banco de dados...
2026-09-02T00:35:00.067-03:00  INFO 22468 --- [ecommerce] [scheduling-1] c.d.e.s.SincronizacaoEstoqueService      : [ESTOQUE] Ciclo finalizado. Total de atualizações enviadas: 0
2026-09-02T00:35:00.068-03:00  INFO 22468 --- [ecommerce] [scheduling-1] c.d.e.service.SincronizacaoService       : Lendo VW_ECOMMERCE_PRECOS no banco de dados...
2026-09-02T00:35:00.118-03:00  INFO 22468 --- [ecommerce] [scheduling-1] c.d.e.service.SincronizacaoService       : Ciclo finalizado. Total de atualizações enviadas: 0
2026-09-02T00:35:59.999-03:00  INFO 22468 --- [ecommerce] [scheduling-1] c.d.e.s.SincronizacaoEstoqueService      : [ESTOQUE] Lendo VW_ECOMMERCE_ESTOQUE no banco de dados...
2026-09-02T00:36:00.040-03:00  INFO 22468 --- [ecommerce] [scheduling-1] c.d.e.s.SincronizacaoEstoqueService      : [ESTOQUE] Ciclo finalizado. Total de atualizações enviadas: 0
2026-09-02T00:36:00.040-03:00  INFO 22468 --- [ecommerce] [scheduling-1] c.d.e.service.SincronizacaoService       : Lendo VW_ECOMMERCE_PRECOS no banco de dados...
2026-09-02T00:36:00.087-03:00  INFO 22468 --- [ecommerce] [scheduling-1] c.d.e.service.SincronizacaoService       : Ciclo finalizado. Total de atualizações enviadas: 0
2026-09-02T00:37:00.000-03:00  INFO 22468 --- [ecommerce] [scheduling-1] c.d.e.s.SincronizacaoEstoqueService      : [ESTOQUE] Lendo VW_ECOMMERCE_ESTOQUE no banco de dados...
2026-09-02T00:37:00.095-03:00  INFO 22468 --- [ecommerce] [scheduling-1] c.d.e.s.SincronizacaoEstoqueService      : [ESTOQUE] Ciclo finalizado. Total de atualizações enviadas: 0
2026-09-02T00:37:00.095-03:00  INFO 22468 --- [ecommerce] [scheduling-1] c.d.e.service.SincronizacaoService       : Lendo VW_ECOMMERCE_PRECOS no banco de dados...
2026-09-02T00:37:00.145-03:00  INFO 22468 --- [ecommerce] [scheduling-1] c.d.e.service.SincronizacaoService       : Ciclo finalizado. Total de atualizações enviadas: 0
2026-09-02T00:38:00.001-03:00  INFO 22468 --- [ecommerce] [scheduling-1] c.d.e.s.SincronizacaoEstoqueService      : [ESTOQUE] Lendo VW_ECOMMERCE_ESTOQUE no banco de dados...
2026-09-02T00:38:00.045-03:00  INFO 22468 --- [ecommerce] [scheduling-1] c.d.e.s.SincronizacaoEstoqueService      : [ESTOQUE] Ciclo finalizado. Total de atualizações enviadas: 0
2026-09-02T00:38:00.045-03:00  INFO 22468 --- [ecommerce] [scheduling-1] c.d.e.service.SincronizacaoService       : Lendo VW_ECOMMERCE_PRECOS no banco de dados...
2026-09-02T00:38:00.092-03:00  INFO 22468 --- [ecommerce] [scheduling-1] c.d.e.service.SincronizacaoService       : Ciclo finalizado. Total de atualizações enviadas: 0
2026-09-02T00:39:00.000-03:00  INFO 22468 --- [ecommerce] [scheduling-1] c.d.e.s.SincronizacaoEstoqueService      : [ESTOQUE] Lendo VW_ECOMMERCE_ESTOQUE no banco de dados...
2026-09-02T00:39:00.093-03:00  INFO 22468 --- [ecommerce] [scheduling-1] c.d.e.s.SincronizacaoEstoqueService      : [ESTOQUE] Ciclo finalizado. Total de atualizações enviadas: 0
2026-09-02T00:39:00.093-03:00  INFO 22468 --- [ecommerce] [scheduling-1] c.d.e.service.SincronizacaoService       : Lendo VW_ECOMMERCE_PRECOS no banco de dados...
2026-09-02T00:39:00.145-03:00  INFO 22468 --- [ecommerce] [scheduling-1] c.d.e.service.SincronizacaoService       : Ciclo finalizado. Total de atualizações enviadas: 0
2026-09-02T00:40:00.000-03:00  INFO 22468 --- [ecommerce] [scheduling-1] c.d.e.service.SincronizacaoService       : Lendo VW_ECOMMERCE_PRECOS no banco de dados...
2026-09-02T00:40:00.059-03:00  INFO 22468 --- [ecommerce] [scheduling-1] c.d.e.service.SincronizacaoService       : Ciclo finalizado. Total de atualizações enviadas: 0
2026-09-02T00:40:00.059-03:00  INFO 22468 --- [ecommerce] [scheduling-1] c.d.e.s.SincronizacaoEstoqueService      : [ESTOQUE] Lendo VW_ECOMMERCE_ESTOQUE no banco de dados...
2026-09-02T00:40:00.091-03:00  INFO 22468 --- [ecommerce] [scheduling-1] c.d.e.s.SincronizacaoEstoqueService      : [ESTOQUE] Ciclo finalizado. Total de atualizações enviadas: 0
2026-09-02T00:41:00.001-03:00  INFO 22468 --- [ecommerce] [scheduling-1] c.d.e.service.SincronizacaoService       : Lendo VW_ECOMMERCE_PRECOS no banco de dados...
2026-09-02T00:41:00.054-03:00  INFO 22468 --- [ecommerce] [scheduling-1] c.d.e.service.SincronizacaoService       : Ciclo finalizado. Total de atualizações enviadas: 0
2026-09-02T00:41:00.054-03:00  INFO 22468 --- [ecommerce] [scheduling-1] c.d.e.s.SincronizacaoEstoqueService      : [ESTOQUE] Lendo VW_ECOMMERCE_ESTOQUE no banco de dados...
2026-09-02T00:41:00.085-03:00  INFO 22468 --- [ecommerce] [scheduling-1] c.d.e.s.SincronizacaoEstoqueService      : [ESTOQUE] Ciclo finalizado. Total de atualizações enviadas: 0
2026-09-02T00:42:00.000-03:00  INFO 22468 --- [ecommerce] [scheduling-1] c.d.e.s.SincronizacaoEstoqueService      : [ESTOQUE] Lendo VW_ECOMMERCE_ESTOQUE no banco de dados...
2026-09-02T00:42:00.027-03:00  INFO 22468 --- [ecommerce] [scheduling-1] c.d.e.s.SincronizacaoEstoqueService      : [ESTOQUE] Ciclo finalizado. Total de atualizações enviadas: 0
2026-09-02T00:42:00.028-03:00  INFO 22468 --- [ecommerce] [scheduling-1] c.d.e.service.SincronizacaoService       : Lendo VW_ECOMMERCE_PRECOS no banco de dados...
2026-09-02T00:42:00.082-03:00  INFO 22468 --- [ecommerce] [scheduling-1] c.d.e.service.SincronizacaoService       : Ciclo finalizado. Total de atualizações enviadas: 0
2026-09-02T00:43:00.000-03:00  INFO 22468 --- [ecommerce] [scheduling-1] c.d.e.s.SincronizacaoEstoqueService      : [ESTOQUE] Lendo VW_ECOMMERCE_ESTOQUE no banco de dados...
2026-09-02T00:43:00.087-03:00  INFO 22468 --- [ecommerce] [scheduling-1] c.d.e.s.SincronizacaoEstoqueService      : [ESTOQUE] Ciclo finalizado. Total de atualizações enviadas: 0
2026-09-02T00:43:00.088-03:00  INFO 22468 --- [ecommerce] [scheduling-1] c.d.e.service.SincronizacaoService       : Lendo VW_ECOMMERCE_PRECOS no banco de dados...
2026-09-02T00:43:00.140-03:00  INFO 22468 --- [ecommerce] [scheduling-1] c.d.e.service.SincronizacaoService       : Ciclo finalizado. Total de atualizações enviadas: 0
2026-09-02T00:44:00.000-03:00  INFO 22468 --- [ecommerce] [scheduling-1] c.d.e.s.SincronizacaoEstoqueService      : [ESTOQUE] Lendo VW_ECOMMERCE_ESTOQUE no banco de dados...
2026-09-02T00:44:00.035-03:00  INFO 22468 --- [ecommerce] [scheduling-1] c.d.e.s.SincronizacaoEstoqueService      : [ESTOQUE] Ciclo finalizado. Total de atualizações enviadas: 0
2026-09-02T00:44:00.036-03:00  INFO 22468 --- [ecommerce] [scheduling-1] c.d.e.service.SincronizacaoService       : Lendo VW_ECOMMERCE_PRECOS no banco de dados...
2026-09-02T00:44:00.088-03:00  INFO 22468 --- [ecommerce] [scheduling-1] c.d.e.service.SincronizacaoService       : Ciclo finalizado. Total de atualizações enviadas: 0
2026-09-02T00:45:00.000-03:00  INFO 22468 --- [ecommerce] [scheduling-1] c.d.e.s.SincronizacaoEstoqueService      : [ESTOQUE] Lendo VW_ECOMMERCE_ESTOQUE no banco de dados...
2026-09-02T00:45:00.037-03:00  INFO 22468 --- [ecommerce] [scheduling-1] c.d.e.s.SincronizacaoEstoqueService      : [ESTOQUE] Ciclo finalizado. Total de atualizações enviadas: 0
2026-09-02T00:45:00.038-03:00  INFO 22468 --- [ecommerce] [scheduling-1] c.d.e.service.SincronizacaoService       : Lendo VW_ECOMMERCE_PRECOS no banco de dados...
2026-09-02T00:45:00.088-03:00  INFO 22468 --- [ecommerce] [scheduling-1] c.d.e.service.SincronizacaoService       : Ciclo finalizado. Total de atualizações enviadas: 0
2026-09-02T00:45:59.999-03:00  INFO 22468 --- [ecommerce] [scheduling-1] c.d.e.s.SincronizacaoEstoqueService      : [ESTOQUE] Lendo VW_ECOMMERCE_ESTOQUE no banco de dados...
2026-09-02T00:46:00.063-03:00  INFO 22468 --- [ecommerce] [scheduling-1] c.d.e.s.SincronizacaoEstoqueService      : [ESTOQUE] Ciclo finalizado. Total de atualizações enviadas: 0
2026-09-02T00:46:00.063-03:00  INFO 22468 --- [ecommerce] [scheduling-1] c.d.e.service.SincronizacaoService       : Lendo VW_ECOMMERCE_PRECOS no banco de dados...
2026-09-02T00:46:00.113-03:00  INFO 22468 --- [ecommerce] [scheduling-1] c.d.e.service.SincronizacaoService       : Ciclo finalizado. Total de atualizações enviadas: 0
2026-09-02T00:47:00.001-03:00  INFO 22468 --- [ecommerce] [scheduling-1] c.d.e.s.SincronizacaoEstoqueService      : [ESTOQUE] Lendo VW_ECOMMERCE_ESTOQUE no banco de dados...
2026-09-02T00:47:00.078-03:00  INFO 22468 --- [ecommerce] [scheduling-1] c.d.e.s.SincronizacaoEstoqueService      : [ESTOQUE] Ciclo finalizado. Total de atualizações enviadas: 0
2026-09-02T00:47:00.078-03:00  INFO 22468 --- [ecommerce] [scheduling-1] c.d.e.service.SincronizacaoService       : Lendo VW_ECOMMERCE_PRECOS no banco de dados...
2026-09-02T00:47:00.125-03:00  INFO 22468 --- [ecommerce] [scheduling-1] c.d.e.service.SincronizacaoService       : Ciclo finalizado. Total de atualizações enviadas: 0
2026-09-02T00:48:00.000-03:00  INFO 22468 --- [ecommerce] [scheduling-1] c.d.e.s.SincronizacaoEstoqueService      : [ESTOQUE] Lendo VW_ECOMMERCE_ESTOQUE no banco de dados...
2026-09-02T00:48:00.054-03:00  INFO 22468 --- [ecommerce] [scheduling-1] c.d.e.s.SincronizacaoEstoqueService      : [ESTOQUE] Ciclo finalizado. Total de atualizações enviadas: 0
2026-09-02T00:48:00.055-03:00  INFO 22468 --- [ecommerce] [scheduling-1] c.d.e.service.SincronizacaoService       : Lendo VW_ECOMMERCE_PRECOS no banco de dados...
2026-09-02T00:48:00.103-03:00  INFO 22468 --- [ecommerce] [scheduling-1] c.d.e.service.SincronizacaoService       : Ciclo finalizado. Total de atualizações enviadas: 0
2026-09-02T00:49:00.000-03:00  INFO 22468 --- [ecommerce] [scheduling-1] c.d.e.service.SincronizacaoService       : Lendo VW_ECOMMERCE_PRECOS no banco de dados...
2026-09-02T00:49:00.095-03:00  INFO 22468 --- [ecommerce] [scheduling-1] c.d.e.service.SincronizacaoService       : Ciclo finalizado. Total de atualizações enviadas: 0
2026-09-02T00:49:00.095-03:00  INFO 22468 --- [ecommerce] [scheduling-1] c.d.e.s.SincronizacaoEstoqueService      : [ESTOQUE] Lendo VW_ECOMMERCE_ESTOQUE no banco de dados...
2026-09-02T00:49:00.123-03:00  INFO 22468 --- [ecommerce] [scheduling-1] c.d.e.s.SincronizacaoEstoqueService      : [ESTOQUE] Ciclo finalizado. Total de atualizações enviadas: 0
2026-09-02T00:50:00.000-03:00  INFO 22468 --- [ecommerce] [scheduling-1] c.d.e.service.SincronizacaoService       : Lendo VW_ECOMMERCE_PRECOS no banco de dados...
2026-09-02T00:50:00.063-03:00  INFO 22468 --- [ecommerce] [scheduling-1] c.d.e.service.SincronizacaoService       : Ciclo finalizado. Total de atualizações enviadas: 0
2026-09-02T00:50:00.064-03:00  INFO 22468 --- [ecommerce] [scheduling-1] c.d.e.s.SincronizacaoEstoqueService      : [ESTOQUE] Lendo VW_ECOMMERCE_ESTOQUE no banco de dados...
2026-09-02T00:50:00.086-03:00  INFO 22468 --- [ecommerce] [scheduling-1] c.d.e.s.SincronizacaoEstoqueService      : [ESTOQUE] Ciclo finalizado. Total de atualizações enviadas: 0
2026-09-02T00:51:00.000-03:00  INFO 22468 --- [ecommerce] [scheduling-1] c.d.e.service.SincronizacaoService       : Lendo VW_ECOMMERCE_PRECOS no banco de dados...
2026-09-02T00:51:00.112-03:00  INFO 22468 --- [ecommerce] [scheduling-1] c.d.e.service.SincronizacaoService       : Ciclo finalizado. Total de atualizações enviadas: 0
2026-09-02T00:51:00.112-03:00  INFO 22468 --- [ecommerce] [scheduling-1] c.d.e.s.SincronizacaoEstoqueService      : [ESTOQUE] Lendo VW_ECOMMERCE_ESTOQUE no banco de dados...
2026-09-02T00:51:00.146-03:00  INFO 22468 --- [ecommerce] [scheduling-1] c.d.e.s.SincronizacaoEstoqueService      : [ESTOQUE] Ciclo finalizado. Total de atualizações enviadas: 0
2026-09-02T00:52:00.001-03:00  INFO 22468 --- [ecommerce] [scheduling-1] c.d.e.s.SincronizacaoEstoqueService      : [ESTOQUE] Lendo VW_ECOMMERCE_ESTOQUE no banco de dados...
2026-09-02T00:52:00.061-03:00  INFO 22468 --- [ecommerce] [scheduling-1] c.d.e.s.SincronizacaoEstoqueService      : [ESTOQUE] Ciclo finalizado. Total de atualizações enviadas: 0
2026-09-02T00:52:00.061-03:00  INFO 22468 --- [ecommerce] [scheduling-1] c.d.e.service.SincronizacaoService       : Lendo VW_ECOMMERCE_PRECOS no banco de dados...
2026-09-02T00:52:00.108-03:00  INFO 22468 --- [ecommerce] [scheduling-1] c.d.e.service.SincronizacaoService       : Ciclo finalizado. Total de atualizações enviadas: 0
2026-09-02T00:53:00.000-03:00  INFO 22468 --- [ecommerce] [scheduling-1] c.d.e.s.SincronizacaoEstoqueService      : [ESTOQUE] Lendo VW_ECOMMERCE_ESTOQUE no banco de dados...
2026-09-02T00:53:00.105-03:00  INFO 22468 --- [ecommerce] [scheduling-1] c.d.e.s.SincronizacaoEstoqueService      : [ESTOQUE] Ciclo finalizado. Total de atualizações enviadas: 0
2026-09-02T00:53:00.105-03:00  INFO 22468 --- [ecommerce] [scheduling-1] c.d.e.service.SincronizacaoService       : Lendo VW_ECOMMERCE_PRECOS no banco de dados...
2026-09-02T00:53:00.154-03:00  INFO 22468 --- [ecommerce] [scheduling-1] c.d.e.service.SincronizacaoService       : Ciclo finalizado. Total de atualizações enviadas: 0
2026-09-02T00:54:00.000-03:00  INFO 22468 --- [ecommerce] [scheduling-1] c.d.e.s.SincronizacaoEstoqueService      : [ESTOQUE] Lendo VW_ECOMMERCE_ESTOQUE no banco de dados...
2026-09-02T00:54:00.081-03:00  INFO 22468 --- [ecommerce] [scheduling-1] c.d.e.s.SincronizacaoEstoqueService      : [ESTOQUE] Ciclo finalizado. Total de atualizações enviadas: 0
2026-09-02T00:54:00.081-03:00  INFO 22468 --- [ecommerce] [scheduling-1] c.d.e.service.SincronizacaoService       : Lendo VW_ECOMMERCE_PRECOS no banco de dados...
2026-09-02T00:54:00.139-03:00  INFO 22468 --- [ecommerce] [scheduling-1] c.d.e.service.SincronizacaoService       : Ciclo finalizado. Total de atualizações enviadas: 0
2026-09-02T00:54:59.999-03:00  INFO 22468 --- [ecommerce] [scheduling-1] c.d.e.service.SincronizacaoService       : Lendo VW_ECOMMERCE_PRECOS no banco de dados...
2026-09-02T00:55:00.060-03:00  INFO 22468 --- [ecommerce] [scheduling-1] c.d.e.service.SincronizacaoService       : Ciclo finalizado. Total de atualizações enviadas: 0
2026-09-02T00:55:00.062-03:00  INFO 22468 --- [ecommerce] [scheduling-1] c.d.e.s.SincronizacaoEstoqueService      : [ESTOQUE] Lendo VW_ECOMMERCE_ESTOQUE no banco de dados...
2026-09-02T00:55:00.086-03:00  INFO 22468 --- [ecommerce] [scheduling-1] c.d.e.s.SincronizacaoEstoqueService      : [ESTOQUE] Ciclo finalizado. Total de atualizações enviadas: 0
2026-09-02T00:55:59.999-03:00  INFO 22468 --- [ecommerce] [scheduling-1] c.d.e.service.SincronizacaoService       : Lendo VW_ECOMMERCE_PRECOS no banco de dados...
2026-09-02T00:56:00.098-03:00  INFO 22468 --- [ecommerce] [scheduling-1] c.d.e.service.SincronizacaoService       : Ciclo finalizado. Total de atualizações enviadas: 0
2026-09-02T00:56:00.098-03:00  INFO 22468 --- [ecommerce] [scheduling-1] c.d.e.s.SincronizacaoEstoqueService      : [ESTOQUE] Lendo VW_ECOMMERCE_ESTOQUE no banco de dados...
2026-09-02T00:56:00.123-03:00  INFO 22468 --- [ecommerce] [scheduling-1] c.d.e.s.SincronizacaoEstoqueService      : [ESTOQUE] Ciclo finalizado. Total de atualizações enviadas: 0
2026-09-02T00:57:00.000-03:00  INFO 22468 --- [ecommerce] [scheduling-1] c.d.e.service.SincronizacaoService       : Lendo VW_ECOMMERCE_PRECOS no banco de dados...
2026-09-02T00:57:00.101-03:00  INFO 22468 --- [ecommerce] [scheduling-1] c.d.e.service.SincronizacaoService       : Ciclo finalizado. Total de atualizações enviadas: 0
2026-09-02T00:57:00.101-03:00  INFO 22468 --- [ecommerce] [scheduling-1] c.d.e.s.SincronizacaoEstoqueService      : [ESTOQUE] Lendo VW_ECOMMERCE_ESTOQUE no banco de dados...
2026-09-02T00:57:00.122-03:00  INFO 22468 --- [ecommerce] [scheduling-1] c.d.e.s.SincronizacaoEstoqueService      : [ESTOQUE] Ciclo finalizado. Total de atualizações enviadas: 0
2026-09-02T00:58:00.001-03:00  INFO 22468 --- [ecommerce] [scheduling-1] c.d.e.service.SincronizacaoService       : Lendo VW_ECOMMERCE_PRECOS no banco de dados...
2026-09-02T00:58:00.062-03:00  INFO 22468 --- [ecommerce] [scheduling-1] c.d.e.service.SincronizacaoService       : Ciclo finalizado. Total de atualizações enviadas: 0
2026-09-02T00:58:00.063-03:00  INFO 22468 --- [ecommerce] [scheduling-1] c.d.e.s.SincronizacaoEstoqueService      : [ESTOQUE] Lendo VW_ECOMMERCE_ESTOQUE no banco de dados...
2026-09-02T00:58:00.095-03:00  INFO 22468 --- [ecommerce] [scheduling-1] c.d.e.s.SincronizacaoEstoqueService      : [ESTOQUE] Ciclo finalizado. Total de atualizações enviadas: 0
2026-09-02T00:59:00.000-03:00  INFO 22468 --- [ecommerce] [scheduling-1] c.d.e.service.SincronizacaoService       : Lendo VW_ECOMMERCE_PRECOS no banco de dados...
2026-09-02T00:59:00.106-03:00  INFO 22468 --- [ecommerce] [scheduling-1] c.d.e.service.SincronizacaoService       : Ciclo finalizado. Total de atualizações enviadas: 0
2026-09-02T00:59:00.106-03:00  INFO 22468 --- [ecommerce] [scheduling-1] c.d.e.s.SincronizacaoEstoqueService      : [ESTOQUE] Lendo VW_ECOMMERCE_ESTOQUE no banco de dados...
2026-09-02T00:59:00.131-03:00  INFO 22468 --- [ecommerce] [scheduling-1] c.d.e.s.SincronizacaoEstoqueService      : [ESTOQUE] Ciclo finalizado. Total de atualizações enviadas: 0
2026-09-02T01:00:00.000-03:00  INFO 22468 --- [ecommerce] [scheduling-1] c.d.e.s.SincronizacaoEstoqueService      : [ESTOQUE] Lendo VW_ECOMMERCE_ESTOQUE no banco de dados...
2026-09-02T01:00:00.064-03:00  INFO 22468 --- [ecommerce] [scheduling-1] c.d.e.s.SincronizacaoEstoqueService      : [ESTOQUE] Ciclo finalizado. Total de atualizações enviadas: 0
2026-09-02T01:00:00.065-03:00  INFO 22468 --- [ecommerce] [scheduling-1] c.d.e.service.SincronizacaoService       : Lendo VW_ECOMMERCE_PRECOS no banco de dados...
2026-09-02T01:00:00.115-03:00  INFO 22468 --- [ecommerce] [scheduling-1] c.d.e.service.SincronizacaoService       : Ciclo finalizado. Total de atualizações enviadas: 0
2026-09-02T01:01:00.000-03:00  INFO 22468 --- [ecommerce] [scheduling-1] c.d.e.s.SincronizacaoEstoqueService      : [ESTOQUE] Lendo VW_ECOMMERCE_ESTOQUE no banco de dados...
2026-09-02T01:01:00.085-03:00  INFO 22468 --- [ecommerce] [scheduling-1] c.d.e.s.SincronizacaoEstoqueService      : [ESTOQUE] Ciclo finalizado. Total de atualizações enviadas: 0
2026-09-02T01:01:00.085-03:00  INFO 22468 --- [ecommerce] [scheduling-1] c.d.e.service.SincronizacaoService       : Lendo VW_ECOMMERCE_PRECOS no banco de dados...
2026-09-02T01:01:00.135-03:00  INFO 22468 --- [ecommerce] [scheduling-1] c.d.e.service.SincronizacaoService       : Ciclo finalizado. Total de atualizações enviadas: 0
2026-09-02T01:02:00.001-03:00  INFO 22468 --- [ecommerce] [scheduling-1] c.d.e.s.SincronizacaoEstoqueService      : [ESTOQUE] Lendo VW_ECOMMERCE_ESTOQUE no banco de dados...
2026-09-02T01:02:00.055-03:00  INFO 22468 --- [ecommerce] [scheduling-1] c.d.e.s.SincronizacaoEstoqueService      : [ESTOQUE] Ciclo finalizado. Total de atualizações enviadas: 0
2026-09-02T01:02:00.056-03:00  INFO 22468 --- [ecommerce] [scheduling-1] c.d.e.service.SincronizacaoService       : Lendo VW_ECOMMERCE_PRECOS no banco de dados...
2026-09-02T01:02:00.109-03:00  INFO 22468 --- [ecommerce] [scheduling-1] c.d.e.service.SincronizacaoService       : Ciclo finalizado. Total de atualizações enviadas: 0
2026-09-02T01:03:00.000-03:00  INFO 22468 --- [ecommerce] [scheduling-1] c.d.e.service.SincronizacaoService       : Lendo VW_ECOMMERCE_PRECOS no banco de dados...
2026-09-02T01:03:00.098-03:00  INFO 22468 --- [ecommerce] [scheduling-1] c.d.e.service.SincronizacaoService       : Ciclo finalizado. Total de atualizações enviadas: 0
2026-09-02T01:03:00.098-03:00  INFO 22468 --- [ecommerce] [scheduling-1] c.d.e.s.SincronizacaoEstoqueService      : [ESTOQUE] Lendo VW_ECOMMERCE_ESTOQUE no banco de dados...
2026-09-02T01:03:00.120-03:00  INFO 22468 --- [ecommerce] [scheduling-1] c.d.e.s.SincronizacaoEstoqueService      : [ESTOQUE] Ciclo finalizado. Total de atualizações enviadas: 0
2026-09-02T01:04:00.000-03:00  INFO 22468 --- [ecommerce] [scheduling-1] c.d.e.s.SincronizacaoEstoqueService      : [ESTOQUE] Lendo VW_ECOMMERCE_ESTOQUE no banco de dados...
2026-09-02T01:04:00.028-03:00  INFO 22468 --- [ecommerce] [scheduling-1] c.d.e.s.SincronizacaoEstoqueService      : [ESTOQUE] Ciclo finalizado. Total de atualizações enviadas: 0
2026-09-02T01:04:00.029-03:00  INFO 22468 --- [ecommerce] [scheduling-1] c.d.e.service.SincronizacaoService       : Lendo VW_ECOMMERCE_PRECOS no banco de dados...
2026-09-02T01:04:00.086-03:00  INFO 22468 --- [ecommerce] [scheduling-1] c.d.e.service.SincronizacaoService       : Ciclo finalizado. Total de atualizações enviadas: 0
2026-09-02T01:05:00.000-03:00  INFO 22468 --- [ecommerce] [scheduling-1] c.d.e.s.SincronizacaoEstoqueService      : [ESTOQUE] Lendo VW_ECOMMERCE_ESTOQUE no banco de dados...
2026-09-02T01:05:00.085-03:00  INFO 22468 --- [ecommerce] [scheduling-1] c.d.e.s.SincronizacaoEstoqueService      : [ESTOQUE] Ciclo finalizado. Total de atualizações enviadas: 0
2026-09-02T01:05:00.085-03:00  INFO 22468 --- [ecommerce] [scheduling-1] c.d.e.service.SincronizacaoService       : Lendo VW_ECOMMERCE_PRECOS no banco de dados...
2026-09-02T01:05:00.139-03:00  INFO 22468 --- [ecommerce] [scheduling-1] c.d.e.service.SincronizacaoService       : Ciclo finalizado. Total de atualizações enviadas: 0
2026-09-02T01:06:00.000-03:00  INFO 22468 --- [ecommerce] [scheduling-1] c.d.e.service.SincronizacaoService       : Lendo VW_ECOMMERCE_PRECOS no banco de dados...
2026-09-02T01:06:00.139-03:00  INFO 22468 --- [ecommerce] [scheduling-1] c.d.e.service.SincronizacaoService       : Ciclo finalizado. Total de atualizações enviadas: 0
2026-09-02T01:06:00.139-03:00  INFO 22468 --- [ecommerce] [scheduling-1] c.d.e.s.SincronizacaoEstoqueService      : [ESTOQUE] Lendo VW_ECOMMERCE_ESTOQUE no banco de dados...
2026-09-02T01:06:00.165-03:00  INFO 22468 --- [ecommerce] [scheduling-1] c.d.e.s.SincronizacaoEstoqueService      : [ESTOQUE] Ciclo finalizado. Total de atualizações enviadas: 0
2026-09-02T01:07:00.001-03:00  INFO 22468 --- [ecommerce] [scheduling-1] c.d.e.service.SincronizacaoService       : Lendo VW_ECOMMERCE_PRECOS no banco de dados...
2026-09-02T01:07:00.082-03:00  INFO 22468 --- [ecommerce] [scheduling-1] c.d.e.service.SincronizacaoService       : Ciclo finalizado. Total de atualizações enviadas: 0
2026-09-02T01:07:00.082-03:00  INFO 22468 --- [ecommerce] [scheduling-1] c.d.e.s.SincronizacaoEstoqueService      : [ESTOQUE] Lendo VW_ECOMMERCE_ESTOQUE no banco de dados...
2026-09-02T01:07:00.121-03:00  INFO 22468 --- [ecommerce] [scheduling-1] c.d.e.s.SincronizacaoEstoqueService      : [ESTOQUE] Ciclo finalizado. Total de atualizações enviadas: 0
2026-09-02T01:08:00.001-03:00  INFO 22468 --- [ecommerce] [scheduling-1] c.d.e.service.SincronizacaoService       : Lendo VW_ECOMMERCE_PRECOS no banco de dados...
2026-09-02T01:08:00.091-03:00  INFO 22468 --- [ecommerce] [scheduling-1] c.d.e.service.SincronizacaoService       : Ciclo finalizado. Total de atualizações enviadas: 0
2026-09-02T01:08:00.091-03:00  INFO 22468 --- [ecommerce] [scheduling-1] c.d.e.s.SincronizacaoEstoqueService      : [ESTOQUE] Lendo VW_ECOMMERCE_ESTOQUE no banco de dados...
2026-09-02T01:08:00.114-03:00  INFO 22468 --- [ecommerce] [scheduling-1] c.d.e.s.SincronizacaoEstoqueService      : [ESTOQUE] Ciclo finalizado. Total de atualizações enviadas: 0
2026-09-02T01:09:00.000-03:00  INFO 22468 --- [ecommerce] [scheduling-1] c.d.e.service.SincronizacaoService       : Lendo VW_ECOMMERCE_PRECOS no banco de dados...
2026-09-02T01:09:00.095-03:00  INFO 22468 --- [ecommerce] [scheduling-1] c.d.e.service.SincronizacaoService       : Ciclo finalizado. Total de atualizações enviadas: 0
2026-09-02T01:09:00.096-03:00  INFO 22468 --- [ecommerce] [scheduling-1] c.d.e.s.SincronizacaoEstoqueService      : [ESTOQUE] Lendo VW_ECOMMERCE_ESTOQUE no banco de dados...
2026-09-02T01:09:00.123-03:00  INFO 22468 --- [ecommerce] [scheduling-1] c.d.e.s.SincronizacaoEstoqueService      : [ESTOQUE] Ciclo finalizado. Total de atualizações enviadas: 0
2026-09-02T01:10:00.000-03:00  INFO 22468 --- [ecommerce] [scheduling-1] c.d.e.service.SincronizacaoService       : Lendo VW_ECOMMERCE_PRECOS no banco de dados...
2026-09-02T01:10:00.070-03:00  INFO 22468 --- [ecommerce] [scheduling-1] c.d.e.service.SincronizacaoService       : Ciclo finalizado. Total de atualizações enviadas: 0
2026-09-02T01:10:00.071-03:00  INFO 22468 --- [ecommerce] [scheduling-1] c.d.e.s.SincronizacaoEstoqueService      : [ESTOQUE] Lendo VW_ECOMMERCE_ESTOQUE no banco de dados...
2026-09-02T01:10:00.101-03:00  INFO 22468 --- [ecommerce] [scheduling-1] c.d.e.s.SincronizacaoEstoqueService      : [ESTOQUE] Ciclo finalizado. Total de atualizações enviadas: 0
2026-09-02T01:11:00.000-03:00  INFO 22468 --- [ecommerce] [scheduling-1] c.d.e.service.SincronizacaoService       : Lendo VW_ECOMMERCE_PRECOS no banco de dados...
2026-09-02T01:11:00.092-03:00  INFO 22468 --- [ecommerce] [scheduling-1] c.d.e.service.SincronizacaoService       : Ciclo finalizado. Total de atualizações enviadas: 0
2026-09-02T01:11:00.092-03:00  INFO 22468 --- [ecommerce] [scheduling-1] c.d.e.s.SincronizacaoEstoqueService      : [ESTOQUE] Lendo VW_ECOMMERCE_ESTOQUE no banco de dados...
2026-09-02T01:11:00.121-03:00  INFO 22468 --- [ecommerce] [scheduling-1] c.d.e.s.SincronizacaoEstoqueService      : [ESTOQUE] Ciclo finalizado. Total de atualizações enviadas: 0
2026-09-02T01:12:00.001-03:00  INFO 22468 --- [ecommerce] [scheduling-1] c.d.e.service.SincronizacaoService       : Lendo VW_ECOMMERCE_PRECOS no banco de dados...
2026-09-02T01:12:00.117-03:00  INFO 22468 --- [ecommerce] [scheduling-1] c.d.e.service.SincronizacaoService       : Ciclo finalizado. Total de atualizações enviadas: 0
2026-09-02T01:12:00.117-03:00  INFO 22468 --- [ecommerce] [scheduling-1] c.d.e.s.SincronizacaoEstoqueService      : [ESTOQUE] Lendo VW_ECOMMERCE_ESTOQUE no banco de dados...
2026-09-02T01:12:00.145-03:00  INFO 22468 --- [ecommerce] [scheduling-1] c.d.e.s.SincronizacaoEstoqueService      : [ESTOQUE] Ciclo finalizado. Total de atualizações enviadas: 0
2026-09-02T01:13:00.001-03:00  INFO 22468 --- [ecommerce] [scheduling-1] c.d.e.s.SincronizacaoEstoqueService      : [ESTOQUE] Lendo VW_ECOMMERCE_ESTOQUE no banco de dados...
2026-09-02T01:13:00.084-03:00  INFO 22468 --- [ecommerce] [scheduling-1] c.d.e.s.SincronizacaoEstoqueService      : [ESTOQUE] Ciclo finalizado. Total de atualizações enviadas: 0
2026-09-02T01:13:00.084-03:00  INFO 22468 --- [ecommerce] [scheduling-1] c.d.e.service.SincronizacaoService       : Lendo VW_ECOMMERCE_PRECOS no banco de dados...
2026-09-02T01:13:00.131-03:00  INFO 22468 --- [ecommerce] [scheduling-1] c.d.e.service.SincronizacaoService       : Ciclo finalizado. Total de atualizações enviadas: 0
2026-09-02T01:14:00.000-03:00  INFO 22468 --- [ecommerce] [scheduling-1] c.d.e.s.SincronizacaoEstoqueService      : [ESTOQUE] Lendo VW_ECOMMERCE_ESTOQUE no banco de dados...
2026-09-02T01:14:00.041-03:00  INFO 22468 --- [ecommerce] [scheduling-1] c.d.e.s.SincronizacaoEstoqueService      : [ESTOQUE] Ciclo finalizado. Total de atualizações enviadas: 0
2026-09-02T01:14:00.041-03:00  INFO 22468 --- [ecommerce] [scheduling-1] c.d.e.service.SincronizacaoService       : Lendo VW_ECOMMERCE_PRECOS no banco de dados...
2026-09-02T01:14:00.092-03:00  INFO 22468 --- [ecommerce] [scheduling-1] c.d.e.service.SincronizacaoService       : Ciclo finalizado. Total de atualizações enviadas: 0
2026-09-02T01:15:00.001-03:00  INFO 22468 --- [ecommerce] [scheduling-1] c.d.e.service.SincronizacaoService       : Lendo VW_ECOMMERCE_PRECOS no banco de dados...
2026-09-02T01:15:00.164-03:00  INFO 22468 --- [ecommerce] [scheduling-1] c.d.e.service.SincronizacaoService       : Ciclo finalizado. Total de atualizações enviadas: 0
2026-09-02T01:15:00.164-03:00  INFO 22468 --- [ecommerce] [scheduling-1] c.d.e.s.SincronizacaoEstoqueService      : [ESTOQUE] Lendo VW_ECOMMERCE_ESTOQUE no banco de dados...
2026-09-02T01:15:00.246-03:00  INFO 22468 --- [ecommerce] [scheduling-1] c.d.e.s.SincronizacaoEstoqueService      : [ESTOQUE] Ciclo finalizado. Total de atualizações enviadas: 0
2026-09-02T01:16:00.000-03:00  INFO 22468 --- [ecommerce] [scheduling-1] c.d.e.s.SincronizacaoEstoqueService      : [ESTOQUE] Lendo VW_ECOMMERCE_ESTOQUE no banco de dados...
2026-09-02T01:16:00.052-03:00  INFO 22468 --- [ecommerce] [scheduling-1] c.d.e.s.SincronizacaoEstoqueService      : [ESTOQUE] Ciclo finalizado. Total de atualizações enviadas: 0
2026-09-02T01:16:00.052-03:00  INFO 22468 --- [ecommerce] [scheduling-1] c.d.e.service.SincronizacaoService       : Lendo VW_ECOMMERCE_PRECOS no banco de dados...
2026-09-02T01:16:00.123-03:00  INFO 22468 --- [ecommerce] [scheduling-1] c.d.e.service.SincronizacaoService       : Ciclo finalizado. Total de atualizações enviadas: 0
2026-09-02T01:17:00.001-03:00  INFO 22468 --- [ecommerce] [scheduling-1] c.d.e.s.SincronizacaoEstoqueService      : [ESTOQUE] Lendo VW_ECOMMERCE_ESTOQUE no banco de dados...
2026-09-02T01:17:00.052-03:00  INFO 22468 --- [ecommerce] [scheduling-1] c.d.e.s.SincronizacaoEstoqueService      : [ESTOQUE] Ciclo finalizado. Total de atualizações enviadas: 0
2026-09-02T01:17:00.053-03:00  INFO 22468 --- [ecommerce] [scheduling-1] c.d.e.service.SincronizacaoService       : Lendo VW_ECOMMERCE_PRECOS no banco de dados...
2026-09-02T01:17:00.101-03:00  INFO 22468 --- [ecommerce] [scheduling-1] c.d.e.service.SincronizacaoService       : Ciclo finalizado. Total de atualizações enviadas: 0
2026-09-02T01:18:00.000-03:00  INFO 22468 --- [ecommerce] [scheduling-1] c.d.e.service.SincronizacaoService       : Lendo VW_ECOMMERCE_PRECOS no banco de dados...
2026-09-02T01:18:00.110-03:00  INFO 22468 --- [ecommerce] [scheduling-1] c.d.e.service.SincronizacaoService       : Ciclo finalizado. Total de atualizações enviadas: 0
2026-09-02T01:18:00.110-03:00  INFO 22468 --- [ecommerce] [scheduling-1] c.d.e.s.SincronizacaoEstoqueService      : [ESTOQUE] Lendo VW_ECOMMERCE_ESTOQUE no banco de dados...
2026-09-02T01:18:00.139-03:00  INFO 22468 --- [ecommerce] [scheduling-1] c.d.e.s.SincronizacaoEstoqueService      : [ESTOQUE] Ciclo finalizado. Total de atualizações enviadas: 0
2026-09-02T01:19:00.000-03:00  INFO 22468 --- [ecommerce] [scheduling-1] c.d.e.s.SincronizacaoEstoqueService      : [ESTOQUE] Lendo VW_ECOMMERCE_ESTOQUE no banco de dados...
2026-09-02T01:19:00.054-03:00  INFO 22468 --- [ecommerce] [scheduling-1] c.d.e.s.SincronizacaoEstoqueService      : [ESTOQUE] Ciclo finalizado. Total de atualizações enviadas: 0
2026-09-02T01:19:00.054-03:00  INFO 22468 --- [ecommerce] [scheduling-1] c.d.e.service.SincronizacaoService       : Lendo VW_ECOMMERCE_PRECOS no banco de dados...
2026-09-02T01:19:00.117-03:00  INFO 22468 --- [ecommerce] [scheduling-1] c.d.e.service.SincronizacaoService       : Ciclo finalizado. Total de atualizações enviadas: 0
2026-09-02T01:20:00.000-03:00  INFO 22468 --- [ecommerce] [scheduling-1] c.d.e.s.SincronizacaoEstoqueService      : [ESTOQUE] Lendo VW_ECOMMERCE_ESTOQUE no banco de dados...
2026-09-02T01:20:00.066-03:00  INFO 22468 --- [ecommerce] [scheduling-1] c.d.e.s.SincronizacaoEstoqueService      : [ESTOQUE] Ciclo finalizado. Total de atualizações enviadas: 0
2026-09-02T01:20:00.066-03:00  INFO 22468 --- [ecommerce] [scheduling-1] c.d.e.service.SincronizacaoService       : Lendo VW_ECOMMERCE_PRECOS no banco de dados...
2026-09-02T01:20:00.120-03:00  INFO 22468 --- [ecommerce] [scheduling-1] c.d.e.service.SincronizacaoService       : Ciclo finalizado. Total de atualizações enviadas: 0
2026-09-02T01:21:00.000-03:00  INFO 22468 --- [ecommerce] [scheduling-1] c.d.e.service.SincronizacaoService       : Lendo VW_ECOMMERCE_PRECOS no banco de dados...
2026-09-02T01:21:00.073-03:00  INFO 22468 --- [ecommerce] [scheduling-1] c.d.e.service.SincronizacaoService       : Ciclo finalizado. Total de atualizações enviadas: 0
2026-09-02T01:21:00.073-03:00  INFO 22468 --- [ecommerce] [scheduling-1] c.d.e.s.SincronizacaoEstoqueService      : [ESTOQUE] Lendo VW_ECOMMERCE_ESTOQUE no banco de dados...
2026-09-02T01:21:00.103-03:00  INFO 22468 --- [ecommerce] [scheduling-1] c.d.e.s.SincronizacaoEstoqueService      : [ESTOQUE] Ciclo finalizado. Total de atualizações enviadas: 0
2026-09-02T01:22:00.000-03:00  INFO 22468 --- [ecommerce] [scheduling-1] c.d.e.s.SincronizacaoEstoqueService      : [ESTOQUE] Lendo VW_ECOMMERCE_ESTOQUE no banco de dados...
2026-09-02T01:22:00.084-03:00  INFO 22468 --- [ecommerce] [scheduling-1] c.d.e.s.SincronizacaoEstoqueService      : [ESTOQUE] Ciclo finalizado. Total de atualizações enviadas: 0
2026-09-02T01:22:00.085-03:00  INFO 22468 --- [ecommerce] [scheduling-1] c.d.e.service.SincronizacaoService       : Lendo VW_ECOMMERCE_PRECOS no banco de dados...
2026-09-02T01:22:00.140-03:00  INFO 22468 --- [ecommerce] [scheduling-1] c.d.e.service.SincronizacaoService       : Ciclo finalizado. Total de atualizações enviadas: 0
2026-09-02T01:23:00.000-03:00  INFO 22468 --- [ecommerce] [scheduling-1] c.d.e.s.SincronizacaoEstoqueService      : [ESTOQUE] Lendo VW_ECOMMERCE_ESTOQUE no banco de dados...
2026-09-02T01:23:00.114-03:00  INFO 22468 --- [ecommerce] [scheduling-1] c.d.e.s.SincronizacaoEstoqueService      : [ESTOQUE] Ciclo finalizado. Total de atualizações enviadas: 0
2026-09-02T01:23:00.115-03:00  INFO 22468 --- [ecommerce] [scheduling-1] c.d.e.service.SincronizacaoService       : Lendo VW_ECOMMERCE_PRECOS no banco de dados...
2026-09-02T01:23:00.395-03:00  INFO 22468 --- [ecommerce] [scheduling-1] c.d.e.service.SincronizacaoService       : Ciclo finalizado. Total de atualizações enviadas: 0
2026-09-02T01:24:00.000-03:00  INFO 22468 --- [ecommerce] [scheduling-1] c.d.e.service.SincronizacaoService       : Lendo VW_ECOMMERCE_PRECOS no banco de dados...
2026-09-02T01:24:00.125-03:00  INFO 22468 --- [ecommerce] [scheduling-1] c.d.e.service.SincronizacaoService       : Ciclo finalizado. Total de atualizações enviadas: 0
2026-09-02T01:24:00.125-03:00  INFO 22468 --- [ecommerce] [scheduling-1] c.d.e.s.SincronizacaoEstoqueService      : [ESTOQUE] Lendo VW_ECOMMERCE_ESTOQUE no banco de dados...
2026-09-02T01:24:00.168-03:00  INFO 22468 --- [ecommerce] [scheduling-1] c.d.e.s.SincronizacaoEstoqueService      : [ESTOQUE] Ciclo finalizado. Total de atualizações enviadas: 0
2026-09-02T01:25:00.000-03:00  INFO 22468 --- [ecommerce] [scheduling-1] c.d.e.s.SincronizacaoEstoqueService      : [ESTOQUE] Lendo VW_ECOMMERCE_ESTOQUE no banco de dados...
2026-09-02T01:25:00.069-03:00  INFO 22468 --- [ecommerce] [scheduling-1] c.d.e.s.SincronizacaoEstoqueService      : [ESTOQUE] Ciclo finalizado. Total de atualizações enviadas: 0
2026-09-02T01:25:00.070-03:00  INFO 22468 --- [ecommerce] [scheduling-1] c.d.e.service.SincronizacaoService       : Lendo VW_ECOMMERCE_PRECOS no banco de dados...
2026-09-02T01:25:00.122-03:00  INFO 22468 --- [ecommerce] [scheduling-1] c.d.e.service.SincronizacaoService       : Ciclo finalizado. Total de atualizações enviadas: 0
2026-09-02T01:26:00.001-03:00  INFO 22468 --- [ecommerce] [scheduling-1] c.d.e.s.SincronizacaoEstoqueService      : [ESTOQUE] Lendo VW_ECOMMERCE_ESTOQUE no banco de dados...
2026-09-02T01:26:00.071-03:00  INFO 22468 --- [ecommerce] [scheduling-1] c.d.e.s.SincronizacaoEstoqueService      : [ESTOQUE] Ciclo finalizado. Total de atualizações enviadas: 0
2026-09-02T01:26:00.072-03:00  INFO 22468 --- [ecommerce] [scheduling-1] c.d.e.service.SincronizacaoService       : Lendo VW_ECOMMERCE_PRECOS no banco de dados...
2026-09-02T01:26:00.478-03:00  INFO 22468 --- [ecommerce] [scheduling-1] c.d.e.service.SincronizacaoService       : Ciclo finalizado. Total de atualizações enviadas: 0
2026-09-02T01:26:59.999-03:00  INFO 22468 --- [ecommerce] [scheduling-1] c.d.e.s.SincronizacaoEstoqueService      : [ESTOQUE] Lendo VW_ECOMMERCE_ESTOQUE no banco de dados...
2026-09-02T01:27:00.044-03:00  INFO 22468 --- [ecommerce] [scheduling-1] c.d.e.s.SincronizacaoEstoqueService      : [ESTOQUE] Ciclo finalizado. Total de atualizações enviadas: 0
2026-09-02T01:27:00.048-03:00  INFO 22468 --- [ecommerce] [scheduling-1] c.d.e.service.SincronizacaoService       : Lendo VW_ECOMMERCE_PRECOS no banco de dados...
2026-09-02T01:27:00.116-03:00  INFO 22468 --- [ecommerce] [scheduling-1] c.d.e.service.SincronizacaoService       : Ciclo finalizado. Total de atualizações enviadas: 0
2026-09-02T01:28:00.000-03:00  INFO 22468 --- [ecommerce] [scheduling-1] c.d.e.service.SincronizacaoService       : Lendo VW_ECOMMERCE_PRECOS no banco de dados...
2026-09-02T01:28:00.055-03:00  INFO 22468 --- [ecommerce] [scheduling-1] c.d.e.service.SincronizacaoService       : Ciclo finalizado. Total de atualizações enviadas: 0
2026-09-02T01:28:00.055-03:00  INFO 22468 --- [ecommerce] [scheduling-1] c.d.e.s.SincronizacaoEstoqueService      : [ESTOQUE] Lendo VW_ECOMMERCE_ESTOQUE no banco de dados...
2026-09-02T01:28:00.093-03:00  INFO 22468 --- [ecommerce] [scheduling-1] c.d.e.s.SincronizacaoEstoqueService      : [ESTOQUE] Ciclo finalizado. Total de atualizações enviadas: 0
2026-09-02T01:29:00.000-03:00  INFO 22468 --- [ecommerce] [scheduling-1] c.d.e.s.SincronizacaoEstoqueService      : [ESTOQUE] Lendo VW_ECOMMERCE_ESTOQUE no banco de dados...
2026-09-02T01:29:00.092-03:00  INFO 22468 --- [ecommerce] [scheduling-1] c.d.e.s.SincronizacaoEstoqueService      : [ESTOQUE] Ciclo finalizado. Total de atualizações enviadas: 0
2026-09-02T01:29:00.094-03:00  INFO 22468 --- [ecommerce] [scheduling-1] c.d.e.service.SincronizacaoService       : Lendo VW_ECOMMERCE_PRECOS no banco de dados...
2026-09-02T01:29:00.142-03:00  INFO 22468 --- [ecommerce] [scheduling-1] c.d.e.service.SincronizacaoService       : Ciclo finalizado. Total de atualizações enviadas: 0
2026-09-02T01:29:59.999-03:00  INFO 22468 --- [ecommerce] [scheduling-1] c.d.e.service.SincronizacaoService       : Lendo VW_ECOMMERCE_PRECOS no banco de dados...
2026-09-02T01:30:00.065-03:00  INFO 22468 --- [ecommerce] [scheduling-1] c.d.e.service.SincronizacaoService       : Ciclo finalizado. Total de atualizações enviadas: 0
2026-09-02T01:30:00.066-03:00  INFO 22468 --- [ecommerce] [scheduling-1] c.d.e.s.SincronizacaoEstoqueService      : [ESTOQUE] Lendo VW_ECOMMERCE_ESTOQUE no banco de dados...
2026-09-02T01:30:00.107-03:00  INFO 22468 --- [ecommerce] [scheduling-1] c.d.e.s.SincronizacaoEstoqueService      : [ESTOQUE] Ciclo finalizado. Total de atualizações enviadas: 0
2026-09-02T01:31:00.001-03:00  INFO 22468 --- [ecommerce] [scheduling-1] c.d.e.service.SincronizacaoService       : Lendo VW_ECOMMERCE_PRECOS no banco de dados...
2026-09-02T01:31:00.342-03:00  INFO 22468 --- [ecommerce] [scheduling-1] c.d.e.service.SincronizacaoService       : Ciclo finalizado. Total de atualizações enviadas: 0
2026-09-02T01:31:00.343-03:00  INFO 22468 --- [ecommerce] [scheduling-1] c.d.e.s.SincronizacaoEstoqueService      : [ESTOQUE] Lendo VW_ECOMMERCE_ESTOQUE no banco de dados...
2026-09-02T01:31:00.388-03:00  INFO 22468 --- [ecommerce] [scheduling-1] c.d.e.s.SincronizacaoEstoqueService      : [ESTOQUE] Ciclo finalizado. Total de atualizações enviadas: 0
2026-09-02T01:32:00.000-03:00  INFO 22468 --- [ecommerce] [scheduling-1] c.d.e.s.SincronizacaoEstoqueService      : [ESTOQUE] Lendo VW_ECOMMERCE_ESTOQUE no banco de dados...
2026-09-02T01:32:00.085-03:00  INFO 22468 --- [ecommerce] [scheduling-1] c.d.e.s.SincronizacaoEstoqueService      : [ESTOQUE] Ciclo finalizado. Total de atualizações enviadas: 0
2026-09-02T01:32:00.086-03:00  INFO 22468 --- [ecommerce] [scheduling-1] c.d.e.service.SincronizacaoService       : Lendo VW_ECOMMERCE_PRECOS no banco de dados...
2026-09-02T01:32:00.134-03:00  INFO 22468 --- [ecommerce] [scheduling-1] c.d.e.service.SincronizacaoService       : Ciclo finalizado. Total de atualizações enviadas: 0
2026-09-02T01:33:00.000-03:00  INFO 22468 --- [ecommerce] [scheduling-1] c.d.e.service.SincronizacaoService       : Lendo VW_ECOMMERCE_PRECOS no banco de dados...
2026-09-02T01:33:00.330-03:00  INFO 22468 --- [ecommerce] [scheduling-1] c.d.e.service.SincronizacaoService       : Ciclo finalizado. Total de atualizações enviadas: 0
2026-09-02T01:33:00.331-03:00  INFO 22468 --- [ecommerce] [scheduling-1] c.d.e.s.SincronizacaoEstoqueService      : [ESTOQUE] Lendo VW_ECOMMERCE_ESTOQUE no banco de dados...
2026-09-02T01:33:00.394-03:00  INFO 22468 --- [ecommerce] [scheduling-1] c.d.e.s.SincronizacaoEstoqueService      : [ESTOQUE] Ciclo finalizado. Total de atualizações enviadas: 0
2026-09-02T01:34:00.000-03:00  INFO 22468 --- [ecommerce] [scheduling-1] c.d.e.s.SincronizacaoEstoqueService      : [ESTOQUE] Lendo VW_ECOMMERCE_ESTOQUE no banco de dados...
2026-09-02T01:34:00.094-03:00  INFO 22468 --- [ecommerce] [scheduling-1] c.d.e.s.SincronizacaoEstoqueService      : [ESTOQUE] Ciclo finalizado. Total de atualizações enviadas: 0
2026-09-02T01:34:00.095-03:00  INFO 22468 --- [ecommerce] [scheduling-1] c.d.e.service.SincronizacaoService       : Lendo VW_ECOMMERCE_PRECOS no banco de dados...
2026-09-02T01:34:00.148-03:00  INFO 22468 --- [ecommerce] [scheduling-1] c.d.e.service.SincronizacaoService       : Ciclo finalizado. Total de atualizações enviadas: 0
2026-09-02T01:34:59.999-03:00  INFO 22468 --- [ecommerce] [scheduling-1] c.d.e.s.SincronizacaoEstoqueService      : [ESTOQUE] Lendo VW_ECOMMERCE_ESTOQUE no banco de dados...
2026-09-02T01:35:00.097-03:00  INFO 22468 --- [ecommerce] [scheduling-1] c.d.e.s.SincronizacaoEstoqueService      : [ESTOQUE] Ciclo finalizado. Total de atualizações enviadas: 0
2026-09-02T01:35:00.098-03:00  INFO 22468 --- [ecommerce] [scheduling-1] c.d.e.service.SincronizacaoService       : Lendo VW_ECOMMERCE_PRECOS no banco de dados...
2026-09-02T01:35:00.176-03:00  INFO 22468 --- [ecommerce] [scheduling-1] c.d.e.service.SincronizacaoService       : Ciclo finalizado. Total de atualizações enviadas: 0
2026-09-02T01:36:00.001-03:00  INFO 22468 --- [ecommerce] [scheduling-1] c.d.e.service.SincronizacaoService       : Lendo VW_ECOMMERCE_PRECOS no banco de dados...
2026-09-02T01:36:00.056-03:00  INFO 22468 --- [ecommerce] [scheduling-1] c.d.e.service.SincronizacaoService       : Ciclo finalizado. Total de atualizações enviadas: 0
2026-09-02T01:36:00.057-03:00  INFO 22468 --- [ecommerce] [scheduling-1] c.d.e.s.SincronizacaoEstoqueService      : [ESTOQUE] Lendo VW_ECOMMERCE_ESTOQUE no banco de dados...
2026-09-02T01:36:00.097-03:00  INFO 22468 --- [ecommerce] [scheduling-1] c.d.e.s.SincronizacaoEstoqueService      : [ESTOQUE] Ciclo finalizado. Total de atualizações enviadas: 0
2026-09-02T01:37:00.001-03:00  INFO 22468 --- [ecommerce] [scheduling-1] c.d.e.s.SincronizacaoEstoqueService      : [ESTOQUE] Lendo VW_ECOMMERCE_ESTOQUE no banco de dados...
2026-09-02T01:37:00.094-03:00  INFO 22468 --- [ecommerce] [scheduling-1] c.d.e.s.SincronizacaoEstoqueService      : [ESTOQUE] Ciclo finalizado. Total de atualizações enviadas: 0
2026-09-02T01:37:00.095-03:00  INFO 22468 --- [ecommerce] [scheduling-1] c.d.e.service.SincronizacaoService       : Lendo VW_ECOMMERCE_PRECOS no banco de dados...
2026-09-02T01:37:00.207-03:00  INFO 22468 --- [ecommerce] [scheduling-1] c.d.e.service.SincronizacaoService       : Ciclo finalizado. Total de atualizações enviadas: 0
2026-09-02T01:38:00.001-03:00  INFO 22468 --- [ecommerce] [scheduling-1] c.d.e.service.SincronizacaoService       : Lendo VW_ECOMMERCE_PRECOS no banco de dados...
2026-09-02T01:38:00.054-03:00  INFO 22468 --- [ecommerce] [scheduling-1] c.d.e.service.SincronizacaoService       : Ciclo finalizado. Total de atualizações enviadas: 0
2026-09-02T01:38:00.055-03:00  INFO 22468 --- [ecommerce] [scheduling-1] c.d.e.s.SincronizacaoEstoqueService      : [ESTOQUE] Lendo VW_ECOMMERCE_ESTOQUE no banco de dados...
2026-09-02T01:38:00.087-03:00  INFO 22468 --- [ecommerce] [scheduling-1] c.d.e.s.SincronizacaoEstoqueService      : [ESTOQUE] Ciclo finalizado. Total de atualizações enviadas: 0
2026-09-02T01:39:00.000-03:00  INFO 22468 --- [ecommerce] [scheduling-1] c.d.e.s.SincronizacaoEstoqueService      : [ESTOQUE] Lendo VW_ECOMMERCE_ESTOQUE no banco de dados...
2026-09-02T01:39:00.093-03:00  INFO 22468 --- [ecommerce] [scheduling-1] c.d.e.s.SincronizacaoEstoqueService      : [ESTOQUE] Ciclo finalizado. Total de atualizações enviadas: 0
2026-09-02T01:39:00.094-03:00  INFO 22468 --- [ecommerce] [scheduling-1] c.d.e.service.SincronizacaoService       : Lendo VW_ECOMMERCE_PRECOS no banco de dados...
2026-09-02T01:39:00.151-03:00  INFO 22468 --- [ecommerce] [scheduling-1] c.d.e.service.SincronizacaoService       : Ciclo finalizado. Total de atualizações enviadas: 0
2026-09-02T01:40:00.000-03:00  INFO 22468 --- [ecommerce] [scheduling-1] c.d.e.s.SincronizacaoEstoqueService      : [ESTOQUE] Lendo VW_ECOMMERCE_ESTOQUE no banco de dados...
2026-09-02T01:40:00.053-03:00  INFO 22468 --- [ecommerce] [scheduling-1] c.d.e.s.SincronizacaoEstoqueService      : [ESTOQUE] Ciclo finalizado. Total de atualizações enviadas: 0
2026-09-02T01:40:00.053-03:00  INFO 22468 --- [ecommerce] [scheduling-1] c.d.e.service.SincronizacaoService       : Lendo VW_ECOMMERCE_PRECOS no banco de dados...
2026-09-02T01:40:00.122-03:00  INFO 22468 --- [ecommerce] [scheduling-1] c.d.e.service.SincronizacaoService       : Ciclo finalizado. Total de atualizações enviadas: 0
2026-09-02T01:41:00.000-03:00  INFO 22468 --- [ecommerce] [scheduling-1] c.d.e.s.SincronizacaoEstoqueService      : [ESTOQUE] Lendo VW_ECOMMERCE_ESTOQUE no banco de dados...
2026-09-02T01:41:00.041-03:00  INFO 22468 --- [ecommerce] [scheduling-1] c.d.e.s.SincronizacaoEstoqueService      : [ESTOQUE] Ciclo finalizado. Total de atualizações enviadas: 0
2026-09-02T01:41:00.041-03:00  INFO 22468 --- [ecommerce] [scheduling-1] c.d.e.service.SincronizacaoService       : Lendo VW_ECOMMERCE_PRECOS no banco de dados...
2026-09-02T01:41:00.088-03:00  INFO 22468 --- [ecommerce] [scheduling-1] c.d.e.service.SincronizacaoService       : Ciclo finalizado. Total de atualizações enviadas: 0
2026-09-02T01:42:00.000-03:00  INFO 22468 --- [ecommerce] [scheduling-1] c.d.e.s.SincronizacaoEstoqueService      : [ESTOQUE] Lendo VW_ECOMMERCE_ESTOQUE no banco de dados...
2026-09-02T01:42:00.104-03:00  INFO 22468 --- [ecommerce] [scheduling-1] c.d.e.s.SincronizacaoEstoqueService      : [ESTOQUE] Ciclo finalizado. Total de atualizações enviadas: 0
2026-09-02T01:42:00.104-03:00  INFO 22468 --- [ecommerce] [scheduling-1] c.d.e.service.SincronizacaoService       : Lendo VW_ECOMMERCE_PRECOS no banco de dados...
2026-09-02T01:42:00.523-03:00  INFO 22468 --- [ecommerce] [scheduling-1] c.d.e.service.SincronizacaoService       : Ciclo finalizado. Total de atualizações enviadas: 0
2026-09-02T01:43:00.000-03:00  INFO 22468 --- [ecommerce] [scheduling-1] c.d.e.s.SincronizacaoEstoqueService      : [ESTOQUE] Lendo VW_ECOMMERCE_ESTOQUE no banco de dados...
2026-09-02T01:43:00.046-03:00  INFO 22468 --- [ecommerce] [scheduling-1] c.d.e.s.SincronizacaoEstoqueService      : [ESTOQUE] Ciclo finalizado. Total de atualizações enviadas: 0
2026-09-02T01:43:00.046-03:00  INFO 22468 --- [ecommerce] [scheduling-1] c.d.e.service.SincronizacaoService       : Lendo VW_ECOMMERCE_PRECOS no banco de dados...
2026-09-02T01:43:00.103-03:00  INFO 22468 --- [ecommerce] [scheduling-1] c.d.e.service.SincronizacaoService       : Ciclo finalizado. Total de atualizações enviadas: 0
2026-09-02T01:44:00.001-03:00  INFO 22468 --- [ecommerce] [scheduling-1] c.d.e.s.SincronizacaoEstoqueService      : [ESTOQUE] Lendo VW_ECOMMERCE_ESTOQUE no banco de dados...
2026-09-02T01:44:00.109-03:00  INFO 22468 --- [ecommerce] [scheduling-1] c.d.e.s.SincronizacaoEstoqueService      : [ESTOQUE] Ciclo finalizado. Total de atualizações enviadas: 0
2026-09-02T01:44:00.110-03:00  INFO 22468 --- [ecommerce] [scheduling-1] c.d.e.service.SincronizacaoService       : Lendo VW_ECOMMERCE_PRECOS no banco de dados...
2026-09-02T01:44:00.778-03:00  INFO 22468 --- [ecommerce] [scheduling-1] c.d.e.service.SincronizacaoService       : Ciclo finalizado. Total de atualizações enviadas: 0
2026-09-02T01:45:00.000-03:00  INFO 22468 --- [ecommerce] [scheduling-1] c.d.e.s.SincronizacaoEstoqueService      : [ESTOQUE] Lendo VW_ECOMMERCE_ESTOQUE no banco de dados...
2026-09-02T01:45:00.075-03:00  INFO 22468 --- [ecommerce] [scheduling-1] c.d.e.s.SincronizacaoEstoqueService      : [ESTOQUE] Ciclo finalizado. Total de atualizações enviadas: 0
2026-09-02T01:45:00.076-03:00  INFO 22468 --- [ecommerce] [scheduling-1] c.d.e.service.SincronizacaoService       : Lendo VW_ECOMMERCE_PRECOS no banco de dados...
2026-09-02T01:45:00.126-03:00  INFO 22468 --- [ecommerce] [scheduling-1] c.d.e.service.SincronizacaoService       : Ciclo finalizado. Total de atualizações enviadas: 0
2026-09-02T01:46:00.000-03:00  INFO 22468 --- [ecommerce] [scheduling-1] c.d.e.s.SincronizacaoEstoqueService      : [ESTOQUE] Lendo VW_ECOMMERCE_ESTOQUE no banco de dados...
2026-09-02T01:46:00.053-03:00  INFO 22468 --- [ecommerce] [scheduling-1] c.d.e.s.SincronizacaoEstoqueService      : [ESTOQUE] Ciclo finalizado. Total de atualizações enviadas: 0
2026-09-02T01:46:00.053-03:00  INFO 22468 --- [ecommerce] [scheduling-1] c.d.e.service.SincronizacaoService       : Lendo VW_ECOMMERCE_PRECOS no banco de dados...
2026-09-02T01:46:00.102-03:00  INFO 22468 --- [ecommerce] [scheduling-1] c.d.e.service.SincronizacaoService       : Ciclo finalizado. Total de atualizações enviadas: 0
2026-09-02T01:47:00.000-03:00  INFO 22468 --- [ecommerce] [scheduling-1] c.d.e.service.SincronizacaoService       : Lendo VW_ECOMMERCE_PRECOS no banco de dados...
2026-09-02T01:47:00.113-03:00  INFO 22468 --- [ecommerce] [scheduling-1] c.d.e.service.SincronizacaoService       : Ciclo finalizado. Total de atualizações enviadas: 0
2026-09-02T01:47:00.113-03:00  INFO 22468 --- [ecommerce] [scheduling-1] c.d.e.s.SincronizacaoEstoqueService      : [ESTOQUE] Lendo VW_ECOMMERCE_ESTOQUE no banco de dados...
2026-09-02T01:47:00.134-03:00  INFO 22468 --- [ecommerce] [scheduling-1] c.d.e.s.SincronizacaoEstoqueService      : [ESTOQUE] Ciclo finalizado. Total de atualizações enviadas: 0
2026-09-02T01:48:00.000-03:00  INFO 22468 --- [ecommerce] [scheduling-1] c.d.e.s.SincronizacaoEstoqueService      : [ESTOQUE] Lendo VW_ECOMMERCE_ESTOQUE no banco de dados...
2026-09-02T01:48:00.045-03:00  INFO 22468 --- [ecommerce] [scheduling-1] c.d.e.s.SincronizacaoEstoqueService      : [ESTOQUE] Ciclo finalizado. Total de atualizações enviadas: 0
2026-09-02T01:48:00.045-03:00  INFO 22468 --- [ecommerce] [scheduling-1] c.d.e.service.SincronizacaoService       : Lendo VW_ECOMMERCE_PRECOS no banco de dados...
2026-09-02T01:48:00.096-03:00  INFO 22468 --- [ecommerce] [scheduling-1] c.d.e.service.SincronizacaoService       : Ciclo finalizado. Total de atualizações enviadas: 0
2026-09-02T01:49:00.000-03:00  INFO 22468 --- [ecommerce] [scheduling-1] c.d.e.service.SincronizacaoService       : Lendo VW_ECOMMERCE_PRECOS no banco de dados...
2026-09-02T01:49:00.146-03:00  INFO 22468 --- [ecommerce] [scheduling-1] c.d.e.service.SincronizacaoService       : Ciclo finalizado. Total de atualizações enviadas: 0
2026-09-02T01:49:00.147-03:00  INFO 22468 --- [ecommerce] [scheduling-1] c.d.e.s.SincronizacaoEstoqueService      : [ESTOQUE] Lendo VW_ECOMMERCE_ESTOQUE no banco de dados...
2026-09-02T01:49:00.170-03:00  INFO 22468 --- [ecommerce] [scheduling-1] c.d.e.s.SincronizacaoEstoqueService      : [ESTOQUE] Ciclo finalizado. Total de atualizações enviadas: 0
2026-09-02T01:50:00.001-03:00  INFO 22468 --- [ecommerce] [scheduling-1] c.d.e.service.SincronizacaoService       : Lendo VW_ECOMMERCE_PRECOS no banco de dados...
2026-09-02T01:50:00.057-03:00  INFO 22468 --- [ecommerce] [scheduling-1] c.d.e.service.SincronizacaoService       : Ciclo finalizado. Total de atualizações enviadas: 0
2026-09-02T01:50:00.057-03:00  INFO 22468 --- [ecommerce] [scheduling-1] c.d.e.s.SincronizacaoEstoqueService      : [ESTOQUE] Lendo VW_ECOMMERCE_ESTOQUE no banco de dados...
2026-09-02T01:50:00.088-03:00  INFO 22468 --- [ecommerce] [scheduling-1] c.d.e.s.SincronizacaoEstoqueService      : [ESTOQUE] Ciclo finalizado. Total de atualizações enviadas: 0
2026-09-02T01:51:00.000-03:00  INFO 22468 --- [ecommerce] [scheduling-1] c.d.e.s.SincronizacaoEstoqueService      : [ESTOQUE] Lendo VW_ECOMMERCE_ESTOQUE no banco de dados...
2026-09-02T01:51:00.049-03:00  INFO 22468 --- [ecommerce] [scheduling-1] c.d.e.s.SincronizacaoEstoqueService      : [ESTOQUE] Ciclo finalizado. Total de atualizações enviadas: 0
2026-09-02T01:51:00.050-03:00  INFO 22468 --- [ecommerce] [scheduling-1] c.d.e.service.SincronizacaoService       : Lendo VW_ECOMMERCE_PRECOS no banco de dados...
2026-09-02T01:51:00.165-03:00  INFO 22468 --- [ecommerce] [scheduling-1] c.d.e.service.SincronizacaoService       : Ciclo finalizado. Total de atualizações enviadas: 0
2026-09-02T01:52:00.000-03:00  INFO 22468 --- [ecommerce] [scheduling-1] c.d.e.service.SincronizacaoService       : Lendo VW_ECOMMERCE_PRECOS no banco de dados...
2026-09-02T01:52:00.078-03:00  INFO 22468 --- [ecommerce] [scheduling-1] c.d.e.service.SincronizacaoService       : Ciclo finalizado. Total de atualizações enviadas: 0
2026-09-02T01:52:00.079-03:00  INFO 22468 --- [ecommerce] [scheduling-1] c.d.e.s.SincronizacaoEstoqueService      : [ESTOQUE] Lendo VW_ECOMMERCE_ESTOQUE no banco de dados...
2026-09-02T01:52:00.107-03:00  INFO 22468 --- [ecommerce] [scheduling-1] c.d.e.s.SincronizacaoEstoqueService      : [ESTOQUE] Ciclo finalizado. Total de atualizações enviadas: 0
2026-09-02T01:53:00.000-03:00  INFO 22468 --- [ecommerce] [scheduling-1] c.d.e.s.SincronizacaoEstoqueService      : [ESTOQUE] Lendo VW_ECOMMERCE_ESTOQUE no banco de dados...
2026-09-02T01:53:00.066-03:00  INFO 22468 --- [ecommerce] [scheduling-1] c.d.e.s.SincronizacaoEstoqueService      : [ESTOQUE] Ciclo finalizado. Total de atualizações enviadas: 0
2026-09-02T01:53:00.066-03:00  INFO 22468 --- [ecommerce] [scheduling-1] c.d.e.service.SincronizacaoService       : Lendo VW_ECOMMERCE_PRECOS no banco de dados...
2026-09-02T01:53:00.114-03:00  INFO 22468 --- [ecommerce] [scheduling-1] c.d.e.service.SincronizacaoService       : Ciclo finalizado. Total de atualizações enviadas: 0
2026-09-02T01:54:00.000-03:00  INFO 22468 --- [ecommerce] [scheduling-1] c.d.e.service.SincronizacaoService       : Lendo VW_ECOMMERCE_PRECOS no banco de dados...
2026-09-02T01:54:00.273-03:00  INFO 22468 --- [ecommerce] [scheduling-1] c.d.e.service.SincronizacaoService       : Ciclo finalizado. Total de atualizações enviadas: 0
2026-09-02T01:54:00.274-03:00  INFO 22468 --- [ecommerce] [scheduling-1] c.d.e.s.SincronizacaoEstoqueService      : [ESTOQUE] Lendo VW_ECOMMERCE_ESTOQUE no banco de dados...
2026-09-02T01:54:00.299-03:00  INFO 22468 --- [ecommerce] [scheduling-1] c.d.e.s.SincronizacaoEstoqueService      : [ESTOQUE] Ciclo finalizado. Total de atualizações enviadas: 0
2026-09-02T01:55:00.000-03:00  INFO 22468 --- [ecommerce] [scheduling-1] c.d.e.s.SincronizacaoEstoqueService      : [ESTOQUE] Lendo VW_ECOMMERCE_ESTOQUE no banco de dados...
2026-09-02T01:55:00.092-03:00  INFO 22468 --- [ecommerce] [scheduling-1] c.d.e.s.SincronizacaoEstoqueService      : [ESTOQUE] Ciclo finalizado. Total de atualizações enviadas: 0
2026-09-02T01:55:00.093-03:00  INFO 22468 --- [ecommerce] [scheduling-1] c.d.e.service.SincronizacaoService       : Lendo VW_ECOMMERCE_PRECOS no banco de dados...
2026-09-02T01:55:00.142-03:00  INFO 22468 --- [ecommerce] [scheduling-1] c.d.e.service.SincronizacaoService       : Ciclo finalizado. Total de atualizações enviadas: 0
2026-09-02T01:56:00.000-03:00  INFO 22468 --- [ecommerce] [scheduling-1] c.d.e.s.SincronizacaoEstoqueService      : [ESTOQUE] Lendo VW_ECOMMERCE_ESTOQUE no banco de dados...
2026-09-02T01:56:00.085-03:00  INFO 22468 --- [ecommerce] [scheduling-1] c.d.e.s.SincronizacaoEstoqueService      : [ESTOQUE] Ciclo finalizado. Total de atualizações enviadas: 0
2026-09-02T01:56:00.085-03:00  INFO 22468 --- [ecommerce] [scheduling-1] c.d.e.service.SincronizacaoService       : Lendo VW_ECOMMERCE_PRECOS no banco de dados...
2026-09-02T01:56:00.425-03:00  INFO 22468 --- [ecommerce] [scheduling-1] c.d.e.service.SincronizacaoService       : Ciclo finalizado. Total de atualizações enviadas: 0
2026-09-02T01:57:00.001-03:00  INFO 22468 --- [ecommerce] [scheduling-1] c.d.e.s.SincronizacaoEstoqueService      : [ESTOQUE] Lendo VW_ECOMMERCE_ESTOQUE no banco de dados...
2026-09-02T01:57:00.052-03:00  INFO 22468 --- [ecommerce] [scheduling-1] c.d.e.s.SincronizacaoEstoqueService      : [ESTOQUE] Ciclo finalizado. Total de atualizações enviadas: 0
2026-09-02T01:57:00.052-03:00  INFO 22468 --- [ecommerce] [scheduling-1] c.d.e.service.SincronizacaoService       : Lendo VW_ECOMMERCE_PRECOS no banco de dados...
2026-09-02T01:57:00.103-03:00  INFO 22468 --- [ecommerce] [scheduling-1] c.d.e.service.SincronizacaoService       : Ciclo finalizado. Total de atualizações enviadas: 0
2026-09-02T01:58:00.000-03:00  INFO 22468 --- [ecommerce] [scheduling-1] c.d.e.service.SincronizacaoService       : Lendo VW_ECOMMERCE_PRECOS no banco de dados...
2026-09-02T01:58:00.161-03:00  INFO 22468 --- [ecommerce] [scheduling-1] c.d.e.service.SincronizacaoService       : Ciclo finalizado. Total de atualizações enviadas: 0
2026-09-02T01:58:00.161-03:00  INFO 22468 --- [ecommerce] [scheduling-1] c.d.e.s.SincronizacaoEstoqueService      : [ESTOQUE] Lendo VW_ECOMMERCE_ESTOQUE no banco de dados...
2026-09-02T01:58:00.195-03:00  INFO 22468 --- [ecommerce] [scheduling-1] c.d.e.s.SincronizacaoEstoqueService      : [ESTOQUE] Ciclo finalizado. Total de atualizações enviadas: 0
2026-09-02T01:59:00.001-03:00  INFO 22468 --- [ecommerce] [scheduling-1] c.d.e.service.SincronizacaoService       : Lendo VW_ECOMMERCE_PRECOS no banco de dados...
2026-09-02T01:59:00.059-03:00  INFO 22468 --- [ecommerce] [scheduling-1] c.d.e.service.SincronizacaoService       : Ciclo finalizado. Total de atualizações enviadas: 0
2026-09-02T01:59:00.059-03:00  INFO 22468 --- [ecommerce] [scheduling-1] c.d.e.s.SincronizacaoEstoqueService      : [ESTOQUE] Lendo VW_ECOMMERCE_ESTOQUE no banco de dados...
2026-09-02T01:59:00.092-03:00  INFO 22468 --- [ecommerce] [scheduling-1] c.d.e.s.SincronizacaoEstoqueService      : [ESTOQUE] Ciclo finalizado. Total de atualizações enviadas: 0
2026-09-02T02:00:00.000-03:00  INFO 22468 --- [ecommerce] [scheduling-1] c.d.e.s.SincronizacaoEstoqueService      : [ESTOQUE] Lendo VW_ECOMMERCE_ESTOQUE no banco de dados...
2026-09-02T02:00:00.101-03:00  INFO 22468 --- [ecommerce] [scheduling-1] c.d.e.s.SincronizacaoEstoqueService      : [ESTOQUE] Ciclo finalizado. Total de atualizações enviadas: 0
2026-09-02T02:00:00.101-03:00  INFO 22468 --- [ecommerce] [scheduling-1] c.d.e.service.SincronizacaoService       : Lendo VW_ECOMMERCE_PRECOS no banco de dados...
2026-09-02T02:00:00.190-03:00  INFO 22468 --- [ecommerce] [scheduling-1] c.d.e.service.SincronizacaoService       : Ciclo finalizado. Total de atualizações enviadas: 0
2026-09-02T02:01:00.001-03:00  INFO 22468 --- [ecommerce] [scheduling-1] c.d.e.s.SincronizacaoEstoqueService      : [ESTOQUE] Lendo VW_ECOMMERCE_ESTOQUE no banco de dados...
2026-09-02T02:01:00.064-03:00  INFO 22468 --- [ecommerce] [scheduling-1] c.d.e.s.SincronizacaoEstoqueService      : [ESTOQUE] Ciclo finalizado. Total de atualizações enviadas: 0
2026-09-02T02:01:00.064-03:00  INFO 22468 --- [ecommerce] [scheduling-1] c.d.e.service.SincronizacaoService       : Lendo VW_ECOMMERCE_PRECOS no banco de dados...
2026-09-02T02:01:00.129-03:00  INFO 22468 --- [ecommerce] [scheduling-1] c.d.e.service.SincronizacaoService       : Ciclo finalizado. Total de atualizações enviadas: 0
2026-09-02T02:01:59.999-03:00  INFO 22468 --- [ecommerce] [scheduling-1] c.d.e.s.SincronizacaoEstoqueService      : [ESTOQUE] Lendo VW_ECOMMERCE_ESTOQUE no banco de dados...
2026-09-02T02:02:00.033-03:00  INFO 22468 --- [ecommerce] [scheduling-1] c.d.e.s.SincronizacaoEstoqueService      : [ESTOQUE] Ciclo finalizado. Total de atualizações enviadas: 0
2026-09-02T02:02:00.034-03:00  INFO 22468 --- [ecommerce] [scheduling-1] c.d.e.service.SincronizacaoService       : Lendo VW_ECOMMERCE_PRECOS no banco de dados...
2026-09-02T02:02:00.093-03:00  INFO 22468 --- [ecommerce] [scheduling-1] c.d.e.service.SincronizacaoService       : Ciclo finalizado. Total de atualizações enviadas: 0
2026-09-02T02:03:00.000-03:00  INFO 22468 --- [ecommerce] [scheduling-1] c.d.e.s.SincronizacaoEstoqueService      : [ESTOQUE] Lendo VW_ECOMMERCE_ESTOQUE no banco de dados...
2026-09-02T02:03:00.080-03:00  INFO 22468 --- [ecommerce] [scheduling-1] c.d.e.s.SincronizacaoEstoqueService      : [ESTOQUE] Ciclo finalizado. Total de atualizações enviadas: 0
2026-09-02T02:03:00.080-03:00  INFO 22468 --- [ecommerce] [scheduling-1] c.d.e.service.SincronizacaoService       : Lendo VW_ECOMMERCE_PRECOS no banco de dados...
2026-09-02T02:03:00.133-03:00  INFO 22468 --- [ecommerce] [scheduling-1] c.d.e.service.SincronizacaoService       : Ciclo finalizado. Total de atualizações enviadas: 0
2026-09-02T02:04:00.000-03:00  INFO 22468 --- [ecommerce] [scheduling-1] c.d.e.service.SincronizacaoService       : Lendo VW_ECOMMERCE_PRECOS no banco de dados...
2026-09-02T02:04:00.056-03:00  INFO 22468 --- [ecommerce] [scheduling-1] c.d.e.service.SincronizacaoService       : Ciclo finalizado. Total de atualizações enviadas: 0
2026-09-02T02:04:00.056-03:00  INFO 22468 --- [ecommerce] [scheduling-1] c.d.e.s.SincronizacaoEstoqueService      : [ESTOQUE] Lendo VW_ECOMMERCE_ESTOQUE no banco de dados...
2026-09-02T02:04:00.087-03:00  INFO 22468 --- [ecommerce] [scheduling-1] c.d.e.s.SincronizacaoEstoqueService      : [ESTOQUE] Ciclo finalizado. Total de atualizações enviadas: 0
2026-09-02T02:05:00.000-03:00  INFO 22468 --- [ecommerce] [scheduling-1] c.d.e.s.SincronizacaoEstoqueService      : [ESTOQUE] Lendo VW_ECOMMERCE_ESTOQUE no banco de dados...
2026-09-02T02:05:00.024-03:00  INFO 22468 --- [ecommerce] [scheduling-1] c.d.e.s.SincronizacaoEstoqueService      : [ESTOQUE] Ciclo finalizado. Total de atualizações enviadas: 0
2026-09-02T02:05:00.024-03:00  INFO 22468 --- [ecommerce] [scheduling-1] c.d.e.service.SincronizacaoService       : Lendo VW_ECOMMERCE_PRECOS no banco de dados...
2026-09-02T02:05:00.116-03:00  INFO 22468 --- [ecommerce] [scheduling-1] c.d.e.service.SincronizacaoService       : Ciclo finalizado. Total de atualizações enviadas: 0
2026-09-02T02:06:00.000-03:00  INFO 22468 --- [ecommerce] [scheduling-1] c.d.e.service.SincronizacaoService       : Lendo VW_ECOMMERCE_PRECOS no banco de dados...
2026-09-02T02:06:00.082-03:00  INFO 22468 --- [ecommerce] [scheduling-1] c.d.e.service.SincronizacaoService       : Ciclo finalizado. Total de atualizações enviadas: 0
2026-09-02T02:06:00.082-03:00  INFO 22468 --- [ecommerce] [scheduling-1] c.d.e.s.SincronizacaoEstoqueService      : [ESTOQUE] Lendo VW_ECOMMERCE_ESTOQUE no banco de dados...
2026-09-02T02:06:00.110-03:00  INFO 22468 --- [ecommerce] [scheduling-1] c.d.e.s.SincronizacaoEstoqueService      : [ESTOQUE] Ciclo finalizado. Total de atualizações enviadas: 0
2026-09-02T02:07:00.001-03:00  INFO 22468 --- [ecommerce] [scheduling-1] c.d.e.service.SincronizacaoService       : Lendo VW_ECOMMERCE_PRECOS no banco de dados...
2026-09-02T02:07:00.097-03:00  INFO 22468 --- [ecommerce] [scheduling-1] c.d.e.service.SincronizacaoService       : Ciclo finalizado. Total de atualizações enviadas: 0
2026-09-02T02:07:00.098-03:00  INFO 22468 --- [ecommerce] [scheduling-1] c.d.e.s.SincronizacaoEstoqueService      : [ESTOQUE] Lendo VW_ECOMMERCE_ESTOQUE no banco de dados...
2026-09-02T02:07:00.121-03:00  INFO 22468 --- [ecommerce] [scheduling-1] c.d.e.s.SincronizacaoEstoqueService      : [ESTOQUE] Ciclo finalizado. Total de atualizações enviadas: 0
2026-09-02T02:08:00.000-03:00  INFO 22468 --- [ecommerce] [scheduling-1] c.d.e.service.SincronizacaoService       : Lendo VW_ECOMMERCE_PRECOS no banco de dados...
2026-09-02T02:08:00.077-03:00  INFO 22468 --- [ecommerce] [scheduling-1] c.d.e.service.SincronizacaoService       : Ciclo finalizado. Total de atualizações enviadas: 0
2026-09-02T02:08:00.078-03:00  INFO 22468 --- [ecommerce] [scheduling-1] c.d.e.s.SincronizacaoEstoqueService      : [ESTOQUE] Lendo VW_ECOMMERCE_ESTOQUE no banco de dados...
2026-09-02T02:08:00.109-03:00  INFO 22468 --- [ecommerce] [scheduling-1] c.d.e.s.SincronizacaoEstoqueService      : [ESTOQUE] Ciclo finalizado. Total de atualizações enviadas: 0
2026-09-02T02:09:00.000-03:00  INFO 22468 --- [ecommerce] [scheduling-1] c.d.e.s.SincronizacaoEstoqueService      : [ESTOQUE] Lendo VW_ECOMMERCE_ESTOQUE no banco de dados...
2026-09-02T02:09:00.091-03:00  INFO 22468 --- [ecommerce] [scheduling-1] c.d.e.s.SincronizacaoEstoqueService      : [ESTOQUE] Ciclo finalizado. Total de atualizações enviadas: 0
2026-09-02T02:09:00.091-03:00  INFO 22468 --- [ecommerce] [scheduling-1] c.d.e.service.SincronizacaoService       : Lendo VW_ECOMMERCE_PRECOS no banco de dados...
2026-09-02T02:09:00.155-03:00  INFO 22468 --- [ecommerce] [scheduling-1] c.d.e.service.SincronizacaoService       : Ciclo finalizado. Total de atualizações enviadas: 0
2026-09-02T02:10:00.000-03:00  INFO 22468 --- [ecommerce] [scheduling-1] c.d.e.s.SincronizacaoEstoqueService      : [ESTOQUE] Lendo VW_ECOMMERCE_ESTOQUE no banco de dados...
2026-09-02T02:10:00.087-03:00  INFO 22468 --- [ecommerce] [scheduling-1] c.d.e.s.SincronizacaoEstoqueService      : [ESTOQUE] Ciclo finalizado. Total de atualizações enviadas: 0
2026-09-02T02:10:00.088-03:00  INFO 22468 --- [ecommerce] [scheduling-1] c.d.e.service.SincronizacaoService       : Lendo VW_ECOMMERCE_PRECOS no banco de dados...
2026-09-02T02:10:00.138-03:00  INFO 22468 --- [ecommerce] [scheduling-1] c.d.e.service.SincronizacaoService       : Ciclo finalizado. Total de atualizações enviadas: 0
2026-09-02T02:10:59.999-03:00  INFO 22468 --- [ecommerce] [scheduling-1] c.d.e.service.SincronizacaoService       : Lendo VW_ECOMMERCE_PRECOS no banco de dados...
2026-09-02T02:11:00.090-03:00  INFO 22468 --- [ecommerce] [scheduling-1] c.d.e.service.SincronizacaoService       : Ciclo finalizado. Total de atualizações enviadas: 0
2026-09-02T02:11:00.091-03:00  INFO 22468 --- [ecommerce] [scheduling-1] c.d.e.s.SincronizacaoEstoqueService      : [ESTOQUE] Lendo VW_ECOMMERCE_ESTOQUE no banco de dados...
2026-09-02T02:11:00.111-03:00  INFO 22468 --- [ecommerce] [scheduling-1] c.d.e.s.SincronizacaoEstoqueService      : [ESTOQUE] Ciclo finalizado. Total de atualizações enviadas: 0
2026-09-02T02:12:00.000-03:00  INFO 22468 --- [ecommerce] [scheduling-1] c.d.e.service.SincronizacaoService       : Lendo VW_ECOMMERCE_PRECOS no banco de dados...
2026-09-02T02:12:00.061-03:00  INFO 22468 --- [ecommerce] [scheduling-1] c.d.e.service.SincronizacaoService       : Ciclo finalizado. Total de atualizações enviadas: 0
2026-09-02T02:12:00.061-03:00  INFO 22468 --- [ecommerce] [scheduling-1] c.d.e.s.SincronizacaoEstoqueService      : [ESTOQUE] Lendo VW_ECOMMERCE_ESTOQUE no banco de dados...
2026-09-02T02:12:00.089-03:00  INFO 22468 --- [ecommerce] [scheduling-1] c.d.e.s.SincronizacaoEstoqueService      : [ESTOQUE] Ciclo finalizado. Total de atualizações enviadas: 0
2026-09-02T02:13:00.000-03:00  INFO 22468 --- [ecommerce] [scheduling-1] c.d.e.s.SincronizacaoEstoqueService      : [ESTOQUE] Lendo VW_ECOMMERCE_ESTOQUE no banco de dados...
2026-09-02T02:13:00.091-03:00  INFO 22468 --- [ecommerce] [scheduling-1] c.d.e.s.SincronizacaoEstoqueService      : [ESTOQUE] Ciclo finalizado. Total de atualizações enviadas: 0
2026-09-02T02:13:00.091-03:00  INFO 22468 --- [ecommerce] [scheduling-1] c.d.e.service.SincronizacaoService       : Lendo VW_ECOMMERCE_PRECOS no banco de dados...
2026-09-02T02:13:00.143-03:00  INFO 22468 --- [ecommerce] [scheduling-1] c.d.e.service.SincronizacaoService       : Ciclo finalizado. Total de atualizações enviadas: 0
2026-09-02T02:14:00.000-03:00  INFO 22468 --- [ecommerce] [scheduling-1] c.d.e.service.SincronizacaoService       : Lendo VW_ECOMMERCE_PRECOS no banco de dados...
2026-09-02T02:14:00.068-03:00  INFO 22468 --- [ecommerce] [scheduling-1] c.d.e.service.SincronizacaoService       : Ciclo finalizado. Total de atualizações enviadas: 0
2026-09-02T02:14:00.068-03:00  INFO 22468 --- [ecommerce] [scheduling-1] c.d.e.s.SincronizacaoEstoqueService      : [ESTOQUE] Lendo VW_ECOMMERCE_ESTOQUE no banco de dados...
2026-09-02T02:14:00.098-03:00  INFO 22468 --- [ecommerce] [scheduling-1] c.d.e.s.SincronizacaoEstoqueService      : [ESTOQUE] Ciclo finalizado. Total de atualizações enviadas: 0
2026-09-02T02:14:31.616-03:00  WARN 22468 --- [ecommerce] [HikariPool-1:housekeeper] com.zaxxer.hikari.pool.PoolBase          : HikariPool-1 - Failed to validate connection ConnectionID:242 ClientConnectionId: 747c830d-9ba6-43f9-b287-459613a34077 (A conexão está fechada.). Possibly consider using a shorter maxLifetime value.
2026-09-02T02:15:00.000-03:00  INFO 22468 --- [ecommerce] [scheduling-1] c.d.e.s.SincronizacaoEstoqueService      : [ESTOQUE] Lendo VW_ECOMMERCE_ESTOQUE no banco de dados...
2026-09-02T02:15:01.885-03:00  INFO 22468 --- [ecommerce] [scheduling-1] c.d.e.s.SincronizacaoEstoqueService      : [ESTOQUE] Ciclo finalizado. Total de atualizações enviadas: 0
2026-09-02T02:15:01.886-03:00  INFO 22468 --- [ecommerce] [scheduling-1] c.d.e.service.SincronizacaoService       : Lendo VW_ECOMMERCE_PRECOS no banco de dados...
2026-09-02T02:15:02.001-03:00 ERROR 22468 --- [ecommerce] [scheduling-1] c.d.e.service.SincronizacaoService       : Erro ao acessar o banco de dados: StatementCallback; uncategorized SQLException for SQL [SELECT RefId, basePrice, costPrice FROM VW_ECOMMERCE_PRECOS]; SQL state [S0002]; error code [6005]; SHUTDOWN is in progress.
2026-09-02T02:15:17.257-03:00  WARN 22468 --- [ecommerce] [HikariPool-1:housekeeper] com.zaxxer.hikari.pool.PoolBase          : HikariPool-1 - Failed to validate connection ConnectionID:243 (A conexão está fechada.). Possibly consider using a shorter maxLifetime value.
2026-09-02T02:15:17.260-03:00  WARN 22468 --- [ecommerce] [HikariPool-1:housekeeper] com.zaxxer.hikari.pool.PoolBase          : HikariPool-1 - Failed to validate connection ConnectionID:237 ClientConnectionId: acf3f121-b602-43ab-b3ec-c2245a87849d (A conexão está fechada.). Possibly consider using a shorter maxLifetime value.
2026-09-02T02:15:22.065-03:00  WARN 22468 --- [ecommerce] [HikariPool-1:housekeeper] com.zaxxer.hikari.pool.PoolBase          : HikariPool-1 - Failed to validate connection ConnectionID:245 (A conexão está fechada.). Possibly consider using a shorter maxLifetime value.
2026-09-02T02:16:00.000-03:00  INFO 22468 --- [ecommerce] [scheduling-1] c.d.e.service.SincronizacaoService       : Lendo VW_ECOMMERCE_PRECOS no banco de dados...
2026-09-02T02:16:05.846-03:00  INFO 22468 --- [ecommerce] [scheduling-1] c.d.e.service.SincronizacaoService       : Ciclo finalizado. Total de atualizações enviadas: 0
2026-09-02T02:16:05.848-03:00  INFO 22468 --- [ecommerce] [scheduling-1] c.d.e.s.SincronizacaoEstoqueService      : [ESTOQUE] Lendo VW_ECOMMERCE_ESTOQUE no banco de dados...
2026-09-02T02:16:06.210-03:00  INFO 22468 --- [ecommerce] [scheduling-1] c.d.e.s.SincronizacaoEstoqueService      : [ESTOQUE] Ciclo finalizado. Total de atualizações enviadas: 0
2026-09-02T02:17:00.000-03:00  INFO 22468 --- [ecommerce] [scheduling-1] c.d.e.service.SincronizacaoService       : Lendo VW_ECOMMERCE_PRECOS no banco de dados...
2026-09-02T02:17:00.193-03:00  INFO 22468 --- [ecommerce] [scheduling-1] c.d.e.service.SincronizacaoService       : Ciclo finalizado. Total de atualizações enviadas: 0
2026-09-02T02:17:00.193-03:00  INFO 22468 --- [ecommerce] [scheduling-1] c.d.e.s.SincronizacaoEstoqueService      : [ESTOQUE] Lendo VW_ECOMMERCE_ESTOQUE no banco de dados...
2026-09-02T02:17:00.240-03:00  INFO 22468 --- [ecommerce] [scheduling-1] c.d.e.s.SincronizacaoEstoqueService      : [ESTOQUE] Ciclo finalizado. Total de atualizações enviadas: 0
2026-09-02T02:18:00.001-03:00  INFO 22468 --- [ecommerce] [scheduling-1] c.d.e.service.SincronizacaoService       : Lendo VW_ECOMMERCE_PRECOS no banco de dados...
2026-09-02T02:18:00.074-03:00  INFO 22468 --- [ecommerce] [scheduling-1] c.d.e.service.SincronizacaoService       : Ciclo finalizado. Total de atualizações enviadas: 0
2026-09-02T02:18:00.075-03:00  INFO 22468 --- [ecommerce] [scheduling-1] c.d.e.s.SincronizacaoEstoqueService      : [ESTOQUE] Lendo VW_ECOMMERCE_ESTOQUE no banco de dados...
2026-09-02T02:18:00.103-03:00  INFO 22468 --- [ecommerce] [scheduling-1] c.d.e.s.SincronizacaoEstoqueService      : [ESTOQUE] Ciclo finalizado. Total de atualizações enviadas: 0
2026-09-02T02:19:00.000-03:00  INFO 22468 --- [ecommerce] [scheduling-1] c.d.e.s.SincronizacaoEstoqueService      : [ESTOQUE] Lendo VW_ECOMMERCE_ESTOQUE no banco de dados...
2026-09-02T02:19:00.038-03:00  INFO 22468 --- [ecommerce] [scheduling-1] c.d.e.s.SincronizacaoEstoqueService      : [ESTOQUE] Ciclo finalizado. Total de atualizações enviadas: 0
2026-09-02T02:19:00.038-03:00  INFO 22468 --- [ecommerce] [scheduling-1] c.d.e.service.SincronizacaoService       : Lendo VW_ECOMMERCE_PRECOS no banco de dados...
2026-09-02T02:19:00.086-03:00  INFO 22468 --- [ecommerce] [scheduling-1] c.d.e.service.SincronizacaoService       : Ciclo finalizado. Total de atualizações enviadas: 0
2026-09-02T02:20:00.000-03:00  INFO 22468 --- [ecommerce] [scheduling-1] c.d.e.s.SincronizacaoEstoqueService      : [ESTOQUE] Lendo VW_ECOMMERCE_ESTOQUE no banco de dados...
2026-09-02T02:20:00.075-03:00  INFO 22468 --- [ecommerce] [scheduling-1] c.d.e.s.SincronizacaoEstoqueService      : [ESTOQUE] Ciclo finalizado. Total de atualizações enviadas: 0
2026-09-02T02:20:00.075-03:00  INFO 22468 --- [ecommerce] [scheduling-1] c.d.e.service.SincronizacaoService       : Lendo VW_ECOMMERCE_PRECOS no banco de dados...
2026-09-02T02:20:00.125-03:00  INFO 22468 --- [ecommerce] [scheduling-1] c.d.e.service.SincronizacaoService       : Ciclo finalizado. Total de atualizações enviadas: 0
2026-09-02T02:21:00.000-03:00  INFO 22468 --- [ecommerce] [scheduling-1] c.d.e.service.SincronizacaoService       : Lendo VW_ECOMMERCE_PRECOS no banco de dados...
2026-09-02T02:21:00.076-03:00  INFO 22468 --- [ecommerce] [scheduling-1] c.d.e.service.SincronizacaoService       : Ciclo finalizado. Total de atualizações enviadas: 0
2026-09-02T02:21:00.076-03:00  INFO 22468 --- [ecommerce] [scheduling-1] c.d.e.s.SincronizacaoEstoqueService      : [ESTOQUE] Lendo VW_ECOMMERCE_ESTOQUE no banco de dados...
2026-09-02T02:21:00.109-03:00  INFO 22468 --- [ecommerce] [scheduling-1] c.d.e.s.SincronizacaoEstoqueService      : [ESTOQUE] Ciclo finalizado. Total de atualizações enviadas: 0
2026-09-02T02:22:00.000-03:00  INFO 22468 --- [ecommerce] [scheduling-1] c.d.e.service.SincronizacaoService       : Lendo VW_ECOMMERCE_PRECOS no banco de dados...
2026-09-02T02:22:00.053-03:00  INFO 22468 --- [ecommerce] [scheduling-1] c.d.e.service.SincronizacaoService       : Ciclo finalizado. Total de atualizações enviadas: 0
2026-09-02T02:22:00.053-03:00  INFO 22468 --- [ecommerce] [scheduling-1] c.d.e.s.SincronizacaoEstoqueService      : [ESTOQUE] Lendo VW_ECOMMERCE_ESTOQUE no banco de dados...
2026-09-02T02:22:00.085-03:00  INFO 22468 --- [ecommerce] [scheduling-1] c.d.e.s.SincronizacaoEstoqueService      : [ESTOQUE] Ciclo finalizado. Total de atualizações enviadas: 0
2026-09-02T02:23:00.001-03:00  INFO 22468 --- [ecommerce] [scheduling-1] c.d.e.s.SincronizacaoEstoqueService      : [ESTOQUE] Lendo VW_ECOMMERCE_ESTOQUE no banco de dados...
2026-09-02T02:23:00.084-03:00  INFO 22468 --- [ecommerce] [scheduling-1] c.d.e.s.SincronizacaoEstoqueService      : [ESTOQUE] Ciclo finalizado. Total de atualizações enviadas: 0
2026-09-02T02:23:00.084-03:00  INFO 22468 --- [ecommerce] [scheduling-1] c.d.e.service.SincronizacaoService       : Lendo VW_ECOMMERCE_PRECOS no banco de dados...
2026-09-02T02:23:00.126-03:00  INFO 22468 --- [ecommerce] [scheduling-1] c.d.e.service.SincronizacaoService       : Ciclo finalizado. Total de atualizações enviadas: 0
2026-09-02T02:24:00.000-03:00  INFO 22468 --- [ecommerce] [scheduling-1] c.d.e.s.SincronizacaoEstoqueService      : [ESTOQUE] Lendo VW_ECOMMERCE_ESTOQUE no banco de dados...
2026-09-02T02:24:00.080-03:00  INFO 22468 --- [ecommerce] [scheduling-1] c.d.e.s.SincronizacaoEstoqueService      : [ESTOQUE] Ciclo finalizado. Total de atualizações enviadas: 0
2026-09-02T02:24:00.080-03:00  INFO 22468 --- [ecommerce] [scheduling-1] c.d.e.service.SincronizacaoService       : Lendo VW_ECOMMERCE_PRECOS no banco de dados...
2026-09-02T02:24:00.129-03:00  INFO 22468 --- [ecommerce] [scheduling-1] c.d.e.service.SincronizacaoService       : Ciclo finalizado. Total de atualizações enviadas: 0
2026-09-02T02:25:00.001-03:00  INFO 22468 --- [ecommerce] [scheduling-1] c.d.e.s.SincronizacaoEstoqueService      : [ESTOQUE] Lendo VW_ECOMMERCE_ESTOQUE no banco de dados...
2026-09-02T02:25:00.034-03:00  INFO 22468 --- [ecommerce] [scheduling-1] c.d.e.s.SincronizacaoEstoqueService      : [ESTOQUE] Ciclo finalizado. Total de atualizações enviadas: 0
2026-09-02T02:25:00.034-03:00  INFO 22468 --- [ecommerce] [scheduling-1] c.d.e.service.SincronizacaoService       : Lendo VW_ECOMMERCE_PRECOS no banco de dados...
2026-09-02T02:25:00.085-03:00  INFO 22468 --- [ecommerce] [scheduling-1] c.d.e.service.SincronizacaoService       : Ciclo finalizado. Total de atualizações enviadas: 0
2026-09-02T02:26:00.001-03:00  INFO 22468 --- [ecommerce] [scheduling-1] c.d.e.service.SincronizacaoService       : Lendo VW_ECOMMERCE_PRECOS no banco de dados...
2026-09-02T02:26:00.096-03:00  INFO 22468 --- [ecommerce] [scheduling-1] c.d.e.service.SincronizacaoService       : Ciclo finalizado. Total de atualizações enviadas: 0
2026-09-02T02:26:00.096-03:00  INFO 22468 --- [ecommerce] [scheduling-1] c.d.e.s.SincronizacaoEstoqueService      : [ESTOQUE] Lendo VW_ECOMMERCE_ESTOQUE no banco de dados...
2026-09-02T02:26:00.119-03:00  INFO 22468 --- [ecommerce] [scheduling-1] c.d.e.s.SincronizacaoEstoqueService      : [ESTOQUE] Ciclo finalizado. Total de atualizações enviadas: 0
2026-09-02T02:27:00.001-03:00  INFO 22468 --- [ecommerce] [scheduling-1] c.d.e.s.SincronizacaoEstoqueService      : [ESTOQUE] Lendo VW_ECOMMERCE_ESTOQUE no banco de dados...
2026-09-02T02:27:00.100-03:00  INFO 22468 --- [ecommerce] [scheduling-1] c.d.e.s.SincronizacaoEstoqueService      : [ESTOQUE] Ciclo finalizado. Total de atualizações enviadas: 0
2026-09-02T02:27:00.101-03:00  INFO 22468 --- [ecommerce] [scheduling-1] c.d.e.service.SincronizacaoService       : Lendo VW_ECOMMERCE_PRECOS no banco de dados...
2026-09-02T02:27:00.144-03:00  INFO 22468 --- [ecommerce] [scheduling-1] c.d.e.service.SincronizacaoService       : Ciclo finalizado. Total de atualizações enviadas: 0
2026-09-02T02:28:00.000-03:00  INFO 22468 --- [ecommerce] [scheduling-1] c.d.e.service.SincronizacaoService       : Lendo VW_ECOMMERCE_PRECOS no banco de dados...
2026-09-02T02:28:00.053-03:00  INFO 22468 --- [ecommerce] [scheduling-1] c.d.e.service.SincronizacaoService       : Ciclo finalizado. Total de atualizações enviadas: 0
2026-09-02T02:28:00.053-03:00  INFO 22468 --- [ecommerce] [scheduling-1] c.d.e.s.SincronizacaoEstoqueService      : [ESTOQUE] Lendo VW_ECOMMERCE_ESTOQUE no banco de dados...
2026-09-02T02:28:00.086-03:00  INFO 22468 --- [ecommerce] [scheduling-1] c.d.e.s.SincronizacaoEstoqueService      : [ESTOQUE] Ciclo finalizado. Total de atualizações enviadas: 0
2026-09-02T02:29:00.000-03:00  INFO 22468 --- [ecommerce] [scheduling-1] c.d.e.service.SincronizacaoService       : Lendo VW_ECOMMERCE_PRECOS no banco de dados...
2026-09-02T02:29:00.085-03:00  INFO 22468 --- [ecommerce] [scheduling-1] c.d.e.service.SincronizacaoService       : Ciclo finalizado. Total de atualizações enviadas: 0
2026-09-02T02:29:00.087-03:00  INFO 22468 --- [ecommerce] [scheduling-1] c.d.e.s.SincronizacaoEstoqueService      : [ESTOQUE] Lendo VW_ECOMMERCE_ESTOQUE no banco de dados...
2026-09-02T02:29:00.111-03:00  INFO 22468 --- [ecommerce] [scheduling-1] c.d.e.s.SincronizacaoEstoqueService      : [ESTOQUE] Ciclo finalizado. Total de atualizações enviadas: 0
2026-09-02T02:30:00.001-03:00  INFO 22468 --- [ecommerce] [scheduling-1] c.d.e.s.SincronizacaoEstoqueService      : [ESTOQUE] Lendo VW_ECOMMERCE_ESTOQUE no banco de dados...
2026-09-02T02:30:00.030-03:00  INFO 22468 --- [ecommerce] [scheduling-1] c.d.e.s.SincronizacaoEstoqueService      : [ESTOQUE] Ciclo finalizado. Total de atualizações enviadas: 0
2026-09-02T02:30:00.030-03:00  INFO 22468 --- [ecommerce] [scheduling-1] c.d.e.service.SincronizacaoService       : Lendo VW_ECOMMERCE_PRECOS no banco de dados...
2026-09-02T02:30:00.073-03:00  INFO 22468 --- [ecommerce] [scheduling-1] c.d.e.service.SincronizacaoService       : Ciclo finalizado. Total de atualizações enviadas: 0
2026-09-02T02:31:00.000-03:00  INFO 22468 --- [ecommerce] [scheduling-1] c.d.e.s.SincronizacaoEstoqueService      : [ESTOQUE] Lendo VW_ECOMMERCE_ESTOQUE no banco de dados...
2026-09-02T02:31:00.091-03:00  INFO 22468 --- [ecommerce] [scheduling-1] c.d.e.s.SincronizacaoEstoqueService      : [ESTOQUE] Ciclo finalizado. Total de atualizações enviadas: 0
2026-09-02T02:31:00.091-03:00  INFO 22468 --- [ecommerce] [scheduling-1] c.d.e.service.SincronizacaoService       : Lendo VW_ECOMMERCE_PRECOS no banco de dados...
2026-09-02T02:31:00.136-03:00  INFO 22468 --- [ecommerce] [scheduling-1] c.d.e.service.SincronizacaoService       : Ciclo finalizado. Total de atualizações enviadas: 0
2026-09-02T02:32:00.000-03:00  INFO 22468 --- [ecommerce] [scheduling-1] c.d.e.service.SincronizacaoService       : Lendo VW_ECOMMERCE_PRECOS no banco de dados...
2026-09-02T02:32:00.087-03:00  INFO 22468 --- [ecommerce] [scheduling-1] c.d.e.service.SincronizacaoService       : Ciclo finalizado. Total de atualizações enviadas: 0
2026-09-02T02:32:00.087-03:00  INFO 22468 --- [ecommerce] [scheduling-1] c.d.e.s.SincronizacaoEstoqueService      : [ESTOQUE] Lendo VW_ECOMMERCE_ESTOQUE no banco de dados...
2026-09-02T02:32:00.111-03:00  INFO 22468 --- [ecommerce] [scheduling-1] c.d.e.s.SincronizacaoEstoqueService      : [ESTOQUE] Ciclo finalizado. Total de atualizações enviadas: 0
2026-09-02T02:33:00.000-03:00  INFO 22468 --- [ecommerce] [scheduling-1] c.d.e.service.SincronizacaoService       : Lendo VW_ECOMMERCE_PRECOS no banco de dados...
2026-09-02T02:33:00.052-03:00  INFO 22468 --- [ecommerce] [scheduling-1] c.d.e.service.SincronizacaoService       : Ciclo finalizado. Total de atualizações enviadas: 0
2026-09-02T02:33:00.052-03:00  INFO 22468 --- [ecommerce] [scheduling-1] c.d.e.s.SincronizacaoEstoqueService      : [ESTOQUE] Lendo VW_ECOMMERCE_ESTOQUE no banco de dados...
2026-09-02T02:33:00.073-03:00  INFO 22468 --- [ecommerce] [scheduling-1] c.d.e.s.SincronizacaoEstoqueService      : [ESTOQUE] Ciclo finalizado. Total de atualizações enviadas: 0
2026-09-02T02:34:00.000-03:00  INFO 22468 --- [ecommerce] [scheduling-1] c.d.e.s.SincronizacaoEstoqueService      : [ESTOQUE] Lendo VW_ECOMMERCE_ESTOQUE no banco de dados...
2026-09-02T02:34:00.026-03:00  INFO 22468 --- [ecommerce] [scheduling-1] c.d.e.s.SincronizacaoEstoqueService      : [ESTOQUE] Ciclo finalizado. Total de atualizações enviadas: 0
2026-09-02T02:34:00.027-03:00  INFO 22468 --- [ecommerce] [scheduling-1] c.d.e.service.SincronizacaoService       : Lendo VW_ECOMMERCE_PRECOS no banco de dados...
2026-09-02T02:34:00.071-03:00  INFO 22468 --- [ecommerce] [scheduling-1] c.d.e.service.SincronizacaoService       : Ciclo finalizado. Total de atualizações enviadas: 0
2026-09-02T02:35:00.000-03:00  INFO 22468 --- [ecommerce] [scheduling-1] c.d.e.s.SincronizacaoEstoqueService      : [ESTOQUE] Lendo VW_ECOMMERCE_ESTOQUE no banco de dados...
2026-09-02T02:35:00.035-03:00  INFO 22468 --- [ecommerce] [scheduling-1] c.d.e.s.SincronizacaoEstoqueService      : [ESTOQUE] Ciclo finalizado. Total de atualizações enviadas: 0
2026-09-02T02:35:00.035-03:00  INFO 22468 --- [ecommerce] [scheduling-1] c.d.e.service.SincronizacaoService       : Lendo VW_ECOMMERCE_PRECOS no banco de dados...
2026-09-02T02:35:00.078-03:00  INFO 22468 --- [ecommerce] [scheduling-1] c.d.e.service.SincronizacaoService       : Ciclo finalizado. Total de atualizações enviadas: 0
2026-09-02T02:36:00.000-03:00  INFO 22468 --- [ecommerce] [scheduling-1] c.d.e.service.SincronizacaoService       : Lendo VW_ECOMMERCE_PRECOS no banco de dados...
2026-09-02T02:36:00.087-03:00  INFO 22468 --- [ecommerce] [scheduling-1] c.d.e.service.SincronizacaoService       : Ciclo finalizado. Total de atualizações enviadas: 0
2026-09-02T02:36:00.087-03:00  INFO 22468 --- [ecommerce] [scheduling-1] c.d.e.s.SincronizacaoEstoqueService      : [ESTOQUE] Lendo VW_ECOMMERCE_ESTOQUE no banco de dados...
2026-09-02T02:36:00.112-03:00  INFO 22468 --- [ecommerce] [scheduling-1] c.d.e.s.SincronizacaoEstoqueService      : [ESTOQUE] Ciclo finalizado. Total de atualizações enviadas: 0
2026-09-02T02:37:00.000-03:00  INFO 22468 --- [ecommerce] [scheduling-1] c.d.e.service.SincronizacaoService       : Lendo VW_ECOMMERCE_PRECOS no banco de dados...
2026-09-02T02:37:00.088-03:00  INFO 22468 --- [ecommerce] [scheduling-1] c.d.e.service.SincronizacaoService       : Ciclo finalizado. Total de atualizações enviadas: 0
2026-09-02T02:37:00.088-03:00  INFO 22468 --- [ecommerce] [scheduling-1] c.d.e.s.SincronizacaoEstoqueService      : [ESTOQUE] Lendo VW_ECOMMERCE_ESTOQUE no banco de dados...
2026-09-02T02:37:00.108-03:00  INFO 22468 --- [ecommerce] [scheduling-1] c.d.e.s.SincronizacaoEstoqueService      : [ESTOQUE] Ciclo finalizado. Total de atualizações enviadas: 0
2026-09-02T02:38:00.000-03:00  INFO 22468 --- [ecommerce] [scheduling-1] c.d.e.service.SincronizacaoService       : Lendo VW_ECOMMERCE_PRECOS no banco de dados...
2026-09-02T02:38:00.086-03:00  INFO 22468 --- [ecommerce] [scheduling-1] c.d.e.service.SincronizacaoService       : Ciclo finalizado. Total de atualizações enviadas: 0
2026-09-02T02:38:00.086-03:00  INFO 22468 --- [ecommerce] [scheduling-1] c.d.e.s.SincronizacaoEstoqueService      : [ESTOQUE] Lendo VW_ECOMMERCE_ESTOQUE no banco de dados...
2026-09-02T02:38:00.113-03:00  INFO 22468 --- [ecommerce] [scheduling-1] c.d.e.s.SincronizacaoEstoqueService      : [ESTOQUE] Ciclo finalizado. Total de atualizações enviadas: 0
2026-09-02T02:39:00.000-03:00  INFO 22468 --- [ecommerce] [scheduling-1] c.d.e.service.SincronizacaoService       : Lendo VW_ECOMMERCE_PRECOS no banco de dados...
2026-09-02T02:39:00.054-03:00  INFO 22468 --- [ecommerce] [scheduling-1] c.d.e.service.SincronizacaoService       : Ciclo finalizado. Total de atualizações enviadas: 0
2026-09-02T02:39:00.055-03:00  INFO 22468 --- [ecommerce] [scheduling-1] c.d.e.s.SincronizacaoEstoqueService      : [ESTOQUE] Lendo VW_ECOMMERCE_ESTOQUE no banco de dados...
2026-09-02T02:39:00.075-03:00  INFO 22468 --- [ecommerce] [scheduling-1] c.d.e.s.SincronizacaoEstoqueService      : [ESTOQUE] Ciclo finalizado. Total de atualizações enviadas: 0
2026-09-02T02:40:00.001-03:00  INFO 22468 --- [ecommerce] [scheduling-1] c.d.e.service.SincronizacaoService       : Lendo VW_ECOMMERCE_PRECOS no banco de dados...
2026-09-02T02:40:00.098-03:00  INFO 22468 --- [ecommerce] [scheduling-1] c.d.e.service.SincronizacaoService       : Ciclo finalizado. Total de atualizações enviadas: 0
2026-09-02T02:40:00.099-03:00  INFO 22468 --- [ecommerce] [scheduling-1] c.d.e.s.SincronizacaoEstoqueService      : [ESTOQUE] Lendo VW_ECOMMERCE_ESTOQUE no banco de dados...
2026-09-02T02:40:00.124-03:00  INFO 22468 --- [ecommerce] [scheduling-1] c.d.e.s.SincronizacaoEstoqueService      : [ESTOQUE] Ciclo finalizado. Total de atualizações enviadas: 0
2026-09-02T02:41:00.000-03:00  INFO 22468 --- [ecommerce] [scheduling-1] c.d.e.service.SincronizacaoService       : Lendo VW_ECOMMERCE_PRECOS no banco de dados...
2026-09-02T02:41:00.082-03:00  INFO 22468 --- [ecommerce] [scheduling-1] c.d.e.service.SincronizacaoService       : Ciclo finalizado. Total de atualizações enviadas: 0
2026-09-02T02:41:00.082-03:00  INFO 22468 --- [ecommerce] [scheduling-1] c.d.e.s.SincronizacaoEstoqueService      : [ESTOQUE] Lendo VW_ECOMMERCE_ESTOQUE no banco de dados...
2026-09-02T02:41:00.111-03:00  INFO 22468 --- [ecommerce] [scheduling-1] c.d.e.s.SincronizacaoEstoqueService      : [ESTOQUE] Ciclo finalizado. Total de atualizações enviadas: 0
2026-09-02T02:42:00.000-03:00  INFO 22468 --- [ecommerce] [scheduling-1] c.d.e.s.SincronizacaoEstoqueService      : [ESTOQUE] Lendo VW_ECOMMERCE_ESTOQUE no banco de dados...
2026-09-02T02:42:00.039-03:00  INFO 22468 --- [ecommerce] [scheduling-1] c.d.e.s.SincronizacaoEstoqueService      : [ESTOQUE] Ciclo finalizado. Total de atualizações enviadas: 0
2026-09-02T02:42:00.039-03:00  INFO 22468 --- [ecommerce] [scheduling-1] c.d.e.service.SincronizacaoService       : Lendo VW_ECOMMERCE_PRECOS no banco de dados...
2026-09-02T02:42:00.090-03:00  INFO 22468 --- [ecommerce] [scheduling-1] c.d.e.service.SincronizacaoService       : Ciclo finalizado. Total de atualizações enviadas: 0
2026-09-02T02:43:00.000-03:00  INFO 22468 --- [ecommerce] [scheduling-1] c.d.e.s.SincronizacaoEstoqueService      : [ESTOQUE] Lendo VW_ECOMMERCE_ESTOQUE no banco de dados...
2026-09-02T02:43:00.079-03:00  INFO 22468 --- [ecommerce] [scheduling-1] c.d.e.s.SincronizacaoEstoqueService      : [ESTOQUE] Ciclo finalizado. Total de atualizações enviadas: 0
2026-09-02T02:43:00.079-03:00  INFO 22468 --- [ecommerce] [scheduling-1] c.d.e.service.SincronizacaoService       : Lendo VW_ECOMMERCE_PRECOS no banco de dados...
2026-09-02T02:43:00.120-03:00  INFO 22468 --- [ecommerce] [scheduling-1] c.d.e.service.SincronizacaoService       : Ciclo finalizado. Total de atualizações enviadas: 0
2026-09-02T02:44:00.000-03:00  INFO 22468 --- [ecommerce] [scheduling-1] c.d.e.s.SincronizacaoEstoqueService      : [ESTOQUE] Lendo VW_ECOMMERCE_ESTOQUE no banco de dados...
2026-09-02T02:44:00.028-03:00  INFO 22468 --- [ecommerce] [scheduling-1] c.d.e.s.SincronizacaoEstoqueService      : [ESTOQUE] Ciclo finalizado. Total de atualizações enviadas: 0
2026-09-02T02:44:00.028-03:00  INFO 22468 --- [ecommerce] [scheduling-1] c.d.e.service.SincronizacaoService       : Lendo VW_ECOMMERCE_PRECOS no banco de dados...
2026-09-02T02:44:00.073-03:00  INFO 22468 --- [ecommerce] [scheduling-1] c.d.e.service.SincronizacaoService       : Ciclo finalizado. Total de atualizações enviadas: 0
2026-09-02T02:45:00.000-03:00  INFO 22468 --- [ecommerce] [scheduling-1] c.d.e.service.SincronizacaoService       : Lendo VW_ECOMMERCE_PRECOS no banco de dados...
2026-09-02T02:45:00.093-03:00  INFO 22468 --- [ecommerce] [scheduling-1] c.d.e.service.SincronizacaoService       : Ciclo finalizado. Total de atualizações enviadas: 0
2026-09-02T02:45:00.093-03:00  INFO 22468 --- [ecommerce] [scheduling-1] c.d.e.s.SincronizacaoEstoqueService      : [ESTOQUE] Lendo VW_ECOMMERCE_ESTOQUE no banco de dados...
2026-09-02T02:45:00.114-03:00  INFO 22468 --- [ecommerce] [scheduling-1] c.d.e.s.SincronizacaoEstoqueService      : [ESTOQUE] Ciclo finalizado. Total de atualizações enviadas: 0
2026-09-02T02:46:00.000-03:00  INFO 22468 --- [ecommerce] [scheduling-1] c.d.e.service.SincronizacaoService       : Lendo VW_ECOMMERCE_PRECOS no banco de dados...
2026-09-02T02:46:00.097-03:00  INFO 22468 --- [ecommerce] [scheduling-1] c.d.e.service.SincronizacaoService       : Ciclo finalizado. Total de atualizações enviadas: 0
2026-09-02T02:46:00.097-03:00  INFO 22468 --- [ecommerce] [scheduling-1] c.d.e.s.SincronizacaoEstoqueService      : [ESTOQUE] Lendo VW_ECOMMERCE_ESTOQUE no banco de dados...
2026-09-02T02:46:00.127-03:00  INFO 22468 --- [ecommerce] [scheduling-1] c.d.e.s.SincronizacaoEstoqueService      : [ESTOQUE] Ciclo finalizado. Total de atualizações enviadas: 0
2026-09-02T02:47:00.000-03:00  INFO 22468 --- [ecommerce] [scheduling-1] c.d.e.s.SincronizacaoEstoqueService      : [ESTOQUE] Lendo VW_ECOMMERCE_ESTOQUE no banco de dados...
2026-09-02T02:47:00.035-03:00  INFO 22468 --- [ecommerce] [scheduling-1] c.d.e.s.SincronizacaoEstoqueService      : [ESTOQUE] Ciclo finalizado. Total de atualizações enviadas: 0
2026-09-02T02:47:00.036-03:00  INFO 22468 --- [ecommerce] [scheduling-1] c.d.e.service.SincronizacaoService       : Lendo VW_ECOMMERCE_PRECOS no banco de dados...
2026-09-02T02:47:00.086-03:00  INFO 22468 --- [ecommerce] [scheduling-1] c.d.e.service.SincronizacaoService       : Ciclo finalizado. Total de atualizações enviadas: 0
2026-09-02T02:47:59.999-03:00  INFO 22468 --- [ecommerce] [scheduling-1] c.d.e.s.SincronizacaoEstoqueService      : [ESTOQUE] Lendo VW_ECOMMERCE_ESTOQUE no banco de dados...
2026-09-02T02:48:00.082-03:00  INFO 22468 --- [ecommerce] [scheduling-1] c.d.e.s.SincronizacaoEstoqueService      : [ESTOQUE] Ciclo finalizado. Total de atualizações enviadas: 0
2026-09-02T02:48:00.083-03:00  INFO 22468 --- [ecommerce] [scheduling-1] c.d.e.service.SincronizacaoService       : Lendo VW_ECOMMERCE_PRECOS no banco de dados...
2026-09-02T02:48:00.127-03:00  INFO 22468 --- [ecommerce] [scheduling-1] c.d.e.service.SincronizacaoService       : Ciclo finalizado. Total de atualizações enviadas: 0
2026-09-02T02:49:00.000-03:00  INFO 22468 --- [ecommerce] [scheduling-1] c.d.e.s.SincronizacaoEstoqueService      : [ESTOQUE] Lendo VW_ECOMMERCE_ESTOQUE no banco de dados...
2026-09-02T02:49:00.071-03:00  INFO 22468 --- [ecommerce] [scheduling-1] c.d.e.s.SincronizacaoEstoqueService      : [ESTOQUE] Ciclo finalizado. Total de atualizações enviadas: 0
2026-09-02T02:49:00.071-03:00  INFO 22468 --- [ecommerce] [scheduling-1] c.d.e.service.SincronizacaoService       : Lendo VW_ECOMMERCE_PRECOS no banco de dados...
2026-09-02T02:49:00.117-03:00  INFO 22468 --- [ecommerce] [scheduling-1] c.d.e.service.SincronizacaoService       : Ciclo finalizado. Total de atualizações enviadas: 0
2026-09-02T02:50:00.000-03:00  INFO 22468 --- [ecommerce] [scheduling-1] c.d.e.service.SincronizacaoService       : Lendo VW_ECOMMERCE_PRECOS no banco de dados...
2026-09-02T02:50:00.057-03:00  INFO 22468 --- [ecommerce] [scheduling-1] c.d.e.service.SincronizacaoService       : Ciclo finalizado. Total de atualizações enviadas: 0
2026-09-02T02:50:00.057-03:00  INFO 22468 --- [ecommerce] [scheduling-1] c.d.e.s.SincronizacaoEstoqueService      : [ESTOQUE] Lendo VW_ECOMMERCE_ESTOQUE no banco de dados...
2026-09-02T02:50:00.088-03:00  INFO 22468 --- [ecommerce] [scheduling-1] c.d.e.s.SincronizacaoEstoqueService      : [ESTOQUE] Ciclo finalizado. Total de atualizações enviadas: 0
2026-09-02T02:51:00.000-03:00  INFO 22468 --- [ecommerce] [scheduling-1] c.d.e.s.SincronizacaoEstoqueService      : [ESTOQUE] Lendo VW_ECOMMERCE_ESTOQUE no banco de dados...
2026-09-02T02:51:00.036-03:00  INFO 22468 --- [ecommerce] [scheduling-1] c.d.e.s.SincronizacaoEstoqueService      : [ESTOQUE] Ciclo finalizado. Total de atualizações enviadas: 0
2026-09-02T02:51:00.036-03:00  INFO 22468 --- [ecommerce] [scheduling-1] c.d.e.service.SincronizacaoService       : Lendo VW_ECOMMERCE_PRECOS no banco de dados...
2026-09-02T02:51:00.083-03:00  INFO 22468 --- [ecommerce] [scheduling-1] c.d.e.service.SincronizacaoService       : Ciclo finalizado. Total de atualizações enviadas: 0
2026-09-02T02:52:00.000-03:00  INFO 22468 --- [ecommerce] [scheduling-1] c.d.e.service.SincronizacaoService       : Lendo VW_ECOMMERCE_PRECOS no banco de dados...
2026-09-02T02:52:00.103-03:00  INFO 22468 --- [ecommerce] [scheduling-1] c.d.e.service.SincronizacaoService       : Ciclo finalizado. Total de atualizações enviadas: 0
2026-09-02T02:52:00.103-03:00  INFO 22468 --- [ecommerce] [scheduling-1] c.d.e.s.SincronizacaoEstoqueService      : [ESTOQUE] Lendo VW_ECOMMERCE_ESTOQUE no banco de dados...
2026-09-02T02:52:00.125-03:00  INFO 22468 --- [ecommerce] [scheduling-1] c.d.e.s.SincronizacaoEstoqueService      : [ESTOQUE] Ciclo finalizado. Total de atualizações enviadas: 0
2026-09-02T02:52:59.999-03:00  INFO 22468 --- [ecommerce] [scheduling-1] c.d.e.s.SincronizacaoEstoqueService      : [ESTOQUE] Lendo VW_ECOMMERCE_ESTOQUE no banco de dados...
2026-09-02T02:53:00.070-03:00  INFO 22468 --- [ecommerce] [scheduling-1] c.d.e.s.SincronizacaoEstoqueService      : [ESTOQUE] Ciclo finalizado. Total de atualizações enviadas: 0
2026-09-02T02:53:00.071-03:00  INFO 22468 --- [ecommerce] [scheduling-1] c.d.e.service.SincronizacaoService       : Lendo VW_ECOMMERCE_PRECOS no banco de dados...
2026-09-02T02:53:00.115-03:00  INFO 22468 --- [ecommerce] [scheduling-1] c.d.e.service.SincronizacaoService       : Ciclo finalizado. Total de atualizações enviadas: 0
2026-09-02T02:54:00.000-03:00  INFO 22468 --- [ecommerce] [scheduling-1] c.d.e.service.SincronizacaoService       : Lendo VW_ECOMMERCE_PRECOS no banco de dados...
2026-09-02T02:54:00.105-03:00  INFO 22468 --- [ecommerce] [scheduling-1] c.d.e.service.SincronizacaoService       : Ciclo finalizado. Total de atualizações enviadas: 0
2026-09-02T02:54:00.105-03:00  INFO 22468 --- [ecommerce] [scheduling-1] c.d.e.s.SincronizacaoEstoqueService      : [ESTOQUE] Lendo VW_ECOMMERCE_ESTOQUE no banco de dados...
2026-09-02T02:54:00.129-03:00  INFO 22468 --- [ecommerce] [scheduling-1] c.d.e.s.SincronizacaoEstoqueService      : [ESTOQUE] Ciclo finalizado. Total de atualizações enviadas: 0
2026-09-02T02:55:00.000-03:00  INFO 22468 --- [ecommerce] [scheduling-1] c.d.e.service.SincronizacaoService       : Lendo VW_ECOMMERCE_PRECOS no banco de dados...
2026-09-02T02:55:00.100-03:00  INFO 22468 --- [ecommerce] [scheduling-1] c.d.e.service.SincronizacaoService       : Ciclo finalizado. Total de atualizações enviadas: 0
2026-09-02T02:55:00.100-03:00  INFO 22468 --- [ecommerce] [scheduling-1] c.d.e.s.SincronizacaoEstoqueService      : [ESTOQUE] Lendo VW_ECOMMERCE_ESTOQUE no banco de dados...
2026-09-02T02:55:00.126-03:00  INFO 22468 --- [ecommerce] [scheduling-1] c.d.e.s.SincronizacaoEstoqueService      : [ESTOQUE] Ciclo finalizado. Total de atualizações enviadas: 0
2026-09-02T02:56:00.001-03:00  INFO 22468 --- [ecommerce] [scheduling-1] c.d.e.service.SincronizacaoService       : Lendo VW_ECOMMERCE_PRECOS no banco de dados...
2026-09-02T02:56:00.055-03:00  INFO 22468 --- [ecommerce] [scheduling-1] c.d.e.service.SincronizacaoService       : Ciclo finalizado. Total de atualizações enviadas: 0
2026-09-02T02:56:00.056-03:00  INFO 22468 --- [ecommerce] [scheduling-1] c.d.e.s.SincronizacaoEstoqueService      : [ESTOQUE] Lendo VW_ECOMMERCE_ESTOQUE no banco de dados...
2026-09-02T02:56:00.088-03:00  INFO 22468 --- [ecommerce] [scheduling-1] c.d.e.s.SincronizacaoEstoqueService      : [ESTOQUE] Ciclo finalizado. Total de atualizações enviadas: 0
2026-09-02T02:57:00.000-03:00  INFO 22468 --- [ecommerce] [scheduling-1] c.d.e.service.SincronizacaoService       : Lendo VW_ECOMMERCE_PRECOS no banco de dados...
2026-09-02T02:57:00.102-03:00  INFO 22468 --- [ecommerce] [scheduling-1] c.d.e.service.SincronizacaoService       : Ciclo finalizado. Total de atualizações enviadas: 0
2026-09-02T02:57:00.102-03:00  INFO 22468 --- [ecommerce] [scheduling-1] c.d.e.s.SincronizacaoEstoqueService      : [ESTOQUE] Lendo VW_ECOMMERCE_ESTOQUE no banco de dados...
2026-09-02T02:57:00.122-03:00  INFO 22468 --- [ecommerce] [scheduling-1] c.d.e.s.SincronizacaoEstoqueService      : [ESTOQUE] Ciclo finalizado. Total de atualizações enviadas: 0
2026-09-02T02:58:00.000-03:00  INFO 22468 --- [ecommerce] [scheduling-1] c.d.e.service.SincronizacaoService       : Lendo VW_ECOMMERCE_PRECOS no banco de dados...
2026-09-02T02:58:00.054-03:00  INFO 22468 --- [ecommerce] [scheduling-1] c.d.e.service.SincronizacaoService       : Ciclo finalizado. Total de atualizações enviadas: 0
2026-09-02T02:58:00.054-03:00  INFO 22468 --- [ecommerce] [scheduling-1] c.d.e.s.SincronizacaoEstoqueService      : [ESTOQUE] Lendo VW_ECOMMERCE_ESTOQUE no banco de dados...
2026-09-02T02:58:00.080-03:00  INFO 22468 --- [ecommerce] [scheduling-1] c.d.e.s.SincronizacaoEstoqueService      : [ESTOQUE] Ciclo finalizado. Total de atualizações enviadas: 0
2026-09-02T02:59:00.000-03:00  INFO 22468 --- [ecommerce] [scheduling-1] c.d.e.s.SincronizacaoEstoqueService      : [ESTOQUE] Lendo VW_ECOMMERCE_ESTOQUE no banco de dados...
2026-09-02T02:59:00.064-03:00  INFO 22468 --- [ecommerce] [scheduling-1] c.d.e.s.SincronizacaoEstoqueService      : [ESTOQUE] Ciclo finalizado. Total de atualizações enviadas: 0
2026-09-02T02:59:00.065-03:00  INFO 22468 --- [ecommerce] [scheduling-1] c.d.e.service.SincronizacaoService       : Lendo VW_ECOMMERCE_PRECOS no banco de dados...
2026-09-02T02:59:00.118-03:00  INFO 22468 --- [ecommerce] [scheduling-1] c.d.e.service.SincronizacaoService       : Ciclo finalizado. Total de atualizações enviadas: 0
2026-09-02T03:00:00.001-03:00  INFO 22468 --- [ecommerce] [scheduling-1] c.d.e.service.SincronizacaoService       : Lendo VW_ECOMMERCE_PRECOS no banco de dados...
2026-09-02T03:00:00.080-03:00  INFO 22468 --- [ecommerce] [scheduling-1] c.d.e.service.SincronizacaoService       : Ciclo finalizado. Total de atualizações enviadas: 0
2026-09-02T03:00:00.080-03:00  INFO 22468 --- [ecommerce] [scheduling-1] c.d.e.s.SincronizacaoEstoqueService      : [ESTOQUE] Lendo VW_ECOMMERCE_ESTOQUE no banco de dados...
2026-09-02T03:00:00.113-03:00  INFO 22468 --- [ecommerce] [scheduling-1] c.d.e.s.SincronizacaoEstoqueService      : [ESTOQUE] Ciclo finalizado. Total de atualizações enviadas: 0
2026-09-02T03:01:00.000-03:00  INFO 22468 --- [ecommerce] [scheduling-1] c.d.e.s.SincronizacaoEstoqueService      : [ESTOQUE] Lendo VW_ECOMMERCE_ESTOQUE no banco de dados...
2026-09-02T03:01:00.092-03:00  INFO 22468 --- [ecommerce] [scheduling-1] c.d.e.s.SincronizacaoEstoqueService      : [ESTOQUE] Ciclo finalizado. Total de atualizações enviadas: 0
2026-09-02T03:01:00.093-03:00  INFO 22468 --- [ecommerce] [scheduling-1] c.d.e.service.SincronizacaoService       : Lendo VW_ECOMMERCE_PRECOS no banco de dados...
2026-09-02T03:01:00.138-03:00  INFO 22468 --- [ecommerce] [scheduling-1] c.d.e.service.SincronizacaoService       : Ciclo finalizado. Total de atualizações enviadas: 0
2026-09-02T03:01:59.999-03:00  INFO 22468 --- [ecommerce] [scheduling-1] c.d.e.s.SincronizacaoEstoqueService      : [ESTOQUE] Lendo VW_ECOMMERCE_ESTOQUE no banco de dados...
2026-09-02T03:02:00.044-03:00  INFO 22468 --- [ecommerce] [scheduling-1] c.d.e.s.SincronizacaoEstoqueService      : [ESTOQUE] Ciclo finalizado. Total de atualizações enviadas: 0
2026-09-02T03:02:00.044-03:00  INFO 22468 --- [ecommerce] [scheduling-1] c.d.e.service.SincronizacaoService       : Lendo VW_ECOMMERCE_PRECOS no banco de dados...
2026-09-02T03:02:00.085-03:00  INFO 22468 --- [ecommerce] [scheduling-1] c.d.e.service.SincronizacaoService       : Ciclo finalizado. Total de atualizações enviadas: 0
2026-09-02T03:03:00.000-03:00  INFO 22468 --- [ecommerce] [scheduling-1] c.d.e.s.SincronizacaoEstoqueService      : [ESTOQUE] Lendo VW_ECOMMERCE_ESTOQUE no banco de dados...
2026-09-02T03:03:00.084-03:00  INFO 22468 --- [ecommerce] [scheduling-1] c.d.e.s.SincronizacaoEstoqueService      : [ESTOQUE] Ciclo finalizado. Total de atualizações enviadas: 0
2026-09-02T03:03:00.084-03:00  INFO 22468 --- [ecommerce] [scheduling-1] c.d.e.service.SincronizacaoService       : Lendo VW_ECOMMERCE_PRECOS no banco de dados...
2026-09-02T03:03:00.131-03:00  INFO 22468 --- [ecommerce] [scheduling-1] c.d.e.service.SincronizacaoService       : Ciclo finalizado. Total de atualizações enviadas: 0
2026-09-02T03:04:00.000-03:00  INFO 22468 --- [ecommerce] [scheduling-1] c.d.e.service.SincronizacaoService       : Lendo VW_ECOMMERCE_PRECOS no banco de dados...
2026-09-02T03:04:00.051-03:00  INFO 22468 --- [ecommerce] [scheduling-1] c.d.e.service.SincronizacaoService       : Ciclo finalizado. Total de atualizações enviadas: 0
2026-09-02T03:04:00.051-03:00  INFO 22468 --- [ecommerce] [scheduling-1] c.d.e.s.SincronizacaoEstoqueService      : [ESTOQUE] Lendo VW_ECOMMERCE_ESTOQUE no banco de dados...
2026-09-02T03:04:00.084-03:00  INFO 22468 --- [ecommerce] [scheduling-1] c.d.e.s.SincronizacaoEstoqueService      : [ESTOQUE] Ciclo finalizado. Total de atualizações enviadas: 0
2026-09-02T03:05:00.000-03:00  INFO 22468 --- [ecommerce] [scheduling-1] c.d.e.service.SincronizacaoService       : Lendo VW_ECOMMERCE_PRECOS no banco de dados...
2026-09-02T03:05:00.100-03:00  INFO 22468 --- [ecommerce] [scheduling-1] c.d.e.service.SincronizacaoService       : Ciclo finalizado. Total de atualizações enviadas: 0
2026-09-02T03:05:00.100-03:00  INFO 22468 --- [ecommerce] [scheduling-1] c.d.e.s.SincronizacaoEstoqueService      : [ESTOQUE] Lendo VW_ECOMMERCE_ESTOQUE no banco de dados...
2026-09-02T03:05:00.120-03:00  INFO 22468 --- [ecommerce] [scheduling-1] c.d.e.s.SincronizacaoEstoqueService      : [ESTOQUE] Ciclo finalizado. Total de atualizações enviadas: 0
2026-09-02T03:06:00.000-03:00  INFO 22468 --- [ecommerce] [scheduling-1] c.d.e.service.SincronizacaoService       : Lendo VW_ECOMMERCE_PRECOS no banco de dados...
2026-09-02T03:06:00.092-03:00  INFO 22468 --- [ecommerce] [scheduling-1] c.d.e.service.SincronizacaoService       : Ciclo finalizado. Total de atualizações enviadas: 0
2026-09-02T03:06:00.093-03:00  INFO 22468 --- [ecommerce] [scheduling-1] c.d.e.s.SincronizacaoEstoqueService      : [ESTOQUE] Lendo VW_ECOMMERCE_ESTOQUE no banco de dados...
2026-09-02T03:06:00.115-03:00  INFO 22468 --- [ecommerce] [scheduling-1] c.d.e.s.SincronizacaoEstoqueService      : [ESTOQUE] Ciclo finalizado. Total de atualizações enviadas: 0
2026-09-02T03:06:59.999-03:00  INFO 22468 --- [ecommerce] [scheduling-1] c.d.e.service.SincronizacaoService       : Lendo VW_ECOMMERCE_PRECOS no banco de dados...
2026-09-02T03:07:00.051-03:00  INFO 22468 --- [ecommerce] [scheduling-1] c.d.e.service.SincronizacaoService       : Ciclo finalizado. Total de atualizações enviadas: 0
2026-09-02T03:07:00.051-03:00  INFO 22468 --- [ecommerce] [scheduling-1] c.d.e.s.SincronizacaoEstoqueService      : [ESTOQUE] Lendo VW_ECOMMERCE_ESTOQUE no banco de dados...
2026-09-02T03:07:00.081-03:00  INFO 22468 --- [ecommerce] [scheduling-1] c.d.e.s.SincronizacaoEstoqueService      : [ESTOQUE] Ciclo finalizado. Total de atualizações enviadas: 0
2026-09-02T03:08:00.000-03:00  INFO 22468 --- [ecommerce] [scheduling-1] c.d.e.service.SincronizacaoService       : Lendo VW_ECOMMERCE_PRECOS no banco de dados...
2026-09-02T03:08:00.056-03:00  INFO 22468 --- [ecommerce] [scheduling-1] c.d.e.service.SincronizacaoService       : Ciclo finalizado. Total de atualizações enviadas: 0
2026-09-02T03:08:00.056-03:00  INFO 22468 --- [ecommerce] [scheduling-1] c.d.e.s.SincronizacaoEstoqueService      : [ESTOQUE] Lendo VW_ECOMMERCE_ESTOQUE no banco de dados...
2026-09-02T03:08:00.087-03:00  INFO 22468 --- [ecommerce] [scheduling-1] c.d.e.s.SincronizacaoEstoqueService      : [ESTOQUE] Ciclo finalizado. Total de atualizações enviadas: 0
2026-09-02T03:09:00.001-03:00  INFO 22468 --- [ecommerce] [scheduling-1] c.d.e.service.SincronizacaoService       : Lendo VW_ECOMMERCE_PRECOS no banco de dados...
2026-09-02T03:09:00.058-03:00  INFO 22468 --- [ecommerce] [scheduling-1] c.d.e.service.SincronizacaoService       : Ciclo finalizado. Total de atualizações enviadas: 0
2026-09-02T03:09:00.058-03:00  INFO 22468 --- [ecommerce] [scheduling-1] c.d.e.s.SincronizacaoEstoqueService      : [ESTOQUE] Lendo VW_ECOMMERCE_ESTOQUE no banco de dados...
2026-09-02T03:09:00.090-03:00  INFO 22468 --- [ecommerce] [scheduling-1] c.d.e.s.SincronizacaoEstoqueService      : [ESTOQUE] Ciclo finalizado. Total de atualizações enviadas: 0
2026-09-02T03:10:00.001-03:00  INFO 22468 --- [ecommerce] [scheduling-1] c.d.e.service.SincronizacaoService       : Lendo VW_ECOMMERCE_PRECOS no banco de dados...
2026-09-02T03:10:00.059-03:00  INFO 22468 --- [ecommerce] [scheduling-1] c.d.e.service.SincronizacaoService       : Ciclo finalizado. Total de atualizações enviadas: 0
2026-09-02T03:10:00.059-03:00  INFO 22468 --- [ecommerce] [scheduling-1] c.d.e.s.SincronizacaoEstoqueService      : [ESTOQUE] Lendo VW_ECOMMERCE_ESTOQUE no banco de dados...
2026-09-02T03:10:00.091-03:00  INFO 22468 --- [ecommerce] [scheduling-1] c.d.e.s.SincronizacaoEstoqueService      : [ESTOQUE] Ciclo finalizado. Total de atualizações enviadas: 0
2026-09-02T03:11:00.000-03:00  INFO 22468 --- [ecommerce] [scheduling-1] c.d.e.s.SincronizacaoEstoqueService      : [ESTOQUE] Lendo VW_ECOMMERCE_ESTOQUE no banco de dados...
2026-09-02T03:11:00.050-03:00  INFO 22468 --- [ecommerce] [scheduling-1] c.d.e.s.SincronizacaoEstoqueService      : [ESTOQUE] Ciclo finalizado. Total de atualizações enviadas: 0
2026-09-02T03:11:00.051-03:00  INFO 22468 --- [ecommerce] [scheduling-1] c.d.e.service.SincronizacaoService       : Lendo VW_ECOMMERCE_PRECOS no banco de dados...
2026-09-02T03:11:00.098-03:00  INFO 22468 --- [ecommerce] [scheduling-1] c.d.e.service.SincronizacaoService       : Ciclo finalizado. Total de atualizações enviadas: 0
2026-09-02T03:12:00.000-03:00  INFO 22468 --- [ecommerce] [scheduling-1] c.d.e.service.SincronizacaoService       : Lendo VW_ECOMMERCE_PRECOS no banco de dados...
2026-09-02T03:12:00.059-03:00  INFO 22468 --- [ecommerce] [scheduling-1] c.d.e.service.SincronizacaoService       : Ciclo finalizado. Total de atualizações enviadas: 0
2026-09-02T03:12:00.059-03:00  INFO 22468 --- [ecommerce] [scheduling-1] c.d.e.s.SincronizacaoEstoqueService      : [ESTOQUE] Lendo VW_ECOMMERCE_ESTOQUE no banco de dados...
2026-09-02T03:12:00.091-03:00  INFO 22468 --- [ecommerce] [scheduling-1] c.d.e.s.SincronizacaoEstoqueService      : [ESTOQUE] Ciclo finalizado. Total de atualizações enviadas: 0
2026-09-02T03:13:00.000-03:00  INFO 22468 --- [ecommerce] [scheduling-1] c.d.e.s.SincronizacaoEstoqueService      : [ESTOQUE] Lendo VW_ECOMMERCE_ESTOQUE no banco de dados...
2026-09-02T03:13:00.081-03:00  INFO 22468 --- [ecommerce] [scheduling-1] c.d.e.s.SincronizacaoEstoqueService      : [ESTOQUE] Ciclo finalizado. Total de atualizações enviadas: 0
2026-09-02T03:13:00.081-03:00  INFO 22468 --- [ecommerce] [scheduling-1] c.d.e.service.SincronizacaoService       : Lendo VW_ECOMMERCE_PRECOS no banco de dados...
2026-09-02T03:13:00.128-03:00  INFO 22468 --- [ecommerce] [scheduling-1] c.d.e.service.SincronizacaoService       : Ciclo finalizado. Total de atualizações enviadas: 0
2026-09-02T03:14:00.000-03:00  INFO 22468 --- [ecommerce] [scheduling-1] c.d.e.s.SincronizacaoEstoqueService      : [ESTOQUE] Lendo VW_ECOMMERCE_ESTOQUE no banco de dados...
2026-09-02T03:14:00.101-03:00  INFO 22468 --- [ecommerce] [scheduling-1] c.d.e.s.SincronizacaoEstoqueService      : [ESTOQUE] Ciclo finalizado. Total de atualizações enviadas: 0
2026-09-02T03:14:00.102-03:00  INFO 22468 --- [ecommerce] [scheduling-1] c.d.e.service.SincronizacaoService       : Lendo VW_ECOMMERCE_PRECOS no banco de dados...
2026-09-02T03:14:00.149-03:00  INFO 22468 --- [ecommerce] [scheduling-1] c.d.e.service.SincronizacaoService       : Ciclo finalizado. Total de atualizações enviadas: 0
2026-09-02T03:15:00.000-03:00  INFO 22468 --- [ecommerce] [scheduling-1] c.d.e.s.SincronizacaoEstoqueService      : [ESTOQUE] Lendo VW_ECOMMERCE_ESTOQUE no banco de dados...
2026-09-02T03:15:00.025-03:00  INFO 22468 --- [ecommerce] [scheduling-1] c.d.e.s.SincronizacaoEstoqueService      : [ESTOQUE] Ciclo finalizado. Total de atualizações enviadas: 0
2026-09-02T03:15:00.025-03:00  INFO 22468 --- [ecommerce] [scheduling-1] c.d.e.service.SincronizacaoService       : Lendo VW_ECOMMERCE_PRECOS no banco de dados...
2026-09-02T03:15:00.072-03:00  INFO 22468 --- [ecommerce] [scheduling-1] c.d.e.service.SincronizacaoService       : Ciclo finalizado. Total de atualizações enviadas: 0
2026-09-02T03:16:00.000-03:00  INFO 22468 --- [ecommerce] [scheduling-1] c.d.e.service.SincronizacaoService       : Lendo VW_ECOMMERCE_PRECOS no banco de dados...
2026-09-02T03:16:00.098-03:00  INFO 22468 --- [ecommerce] [scheduling-1] c.d.e.service.SincronizacaoService       : Ciclo finalizado. Total de atualizações enviadas: 0
2026-09-02T03:16:00.098-03:00  INFO 22468 --- [ecommerce] [scheduling-1] c.d.e.s.SincronizacaoEstoqueService      : [ESTOQUE] Lendo VW_ECOMMERCE_ESTOQUE no banco de dados...
2026-09-02T03:16:00.117-03:00  INFO 22468 --- [ecommerce] [scheduling-1] c.d.e.s.SincronizacaoEstoqueService      : [ESTOQUE] Ciclo finalizado. Total de atualizações enviadas: 0
2026-09-02T03:17:00.000-03:00  INFO 22468 --- [ecommerce] [scheduling-1] c.d.e.s.SincronizacaoEstoqueService      : [ESTOQUE] Lendo VW_ECOMMERCE_ESTOQUE no banco de dados...
2026-09-02T03:17:00.089-03:00  INFO 22468 --- [ecommerce] [scheduling-1] c.d.e.s.SincronizacaoEstoqueService      : [ESTOQUE] Ciclo finalizado. Total de atualizações enviadas: 0
2026-09-02T03:17:00.089-03:00  INFO 22468 --- [ecommerce] [scheduling-1] c.d.e.service.SincronizacaoService       : Lendo VW_ECOMMERCE_PRECOS no banco de dados...
2026-09-02T03:17:00.138-03:00  INFO 22468 --- [ecommerce] [scheduling-1] c.d.e.service.SincronizacaoService       : Ciclo finalizado. Total de atualizações enviadas: 0
2026-09-02T03:18:00.001-03:00  INFO 22468 --- [ecommerce] [scheduling-1] c.d.e.service.SincronizacaoService       : Lendo VW_ECOMMERCE_PRECOS no banco de dados...
2026-09-02T03:18:00.056-03:00  INFO 22468 --- [ecommerce] [scheduling-1] c.d.e.service.SincronizacaoService       : Ciclo finalizado. Total de atualizações enviadas: 0
2026-09-02T03:18:00.056-03:00  INFO 22468 --- [ecommerce] [scheduling-1] c.d.e.s.SincronizacaoEstoqueService      : [ESTOQUE] Lendo VW_ECOMMERCE_ESTOQUE no banco de dados...
2026-09-02T03:18:00.088-03:00  INFO 22468 --- [ecommerce] [scheduling-1] c.d.e.s.SincronizacaoEstoqueService      : [ESTOQUE] Ciclo finalizado. Total de atualizações enviadas: 0
2026-09-02T03:19:00.000-03:00  INFO 22468 --- [ecommerce] [scheduling-1] c.d.e.service.SincronizacaoService       : Lendo VW_ECOMMERCE_PRECOS no banco de dados...
2026-09-02T03:19:00.052-03:00  INFO 22468 --- [ecommerce] [scheduling-1] c.d.e.service.SincronizacaoService       : Ciclo finalizado. Total de atualizações enviadas: 0
2026-09-02T03:19:00.052-03:00  INFO 22468 --- [ecommerce] [scheduling-1] c.d.e.s.SincronizacaoEstoqueService      : [ESTOQUE] Lendo VW_ECOMMERCE_ESTOQUE no banco de dados...
2026-09-02T03:19:00.083-03:00  INFO 22468 --- [ecommerce] [scheduling-1] c.d.e.s.SincronizacaoEstoqueService      : [ESTOQUE] Ciclo finalizado. Total de atualizações enviadas: 0
2026-09-02T03:20:00.000-03:00  INFO 22468 --- [ecommerce] [scheduling-1] c.d.e.service.SincronizacaoService       : Lendo VW_ECOMMERCE_PRECOS no banco de dados...
2026-09-02T03:20:00.117-03:00  INFO 22468 --- [ecommerce] [scheduling-1] c.d.e.service.SincronizacaoService       : Ciclo finalizado. Total de atualizações enviadas: 0
2026-09-02T03:20:00.117-03:00  INFO 22468 --- [ecommerce] [scheduling-1] c.d.e.s.SincronizacaoEstoqueService      : [ESTOQUE] Lendo VW_ECOMMERCE_ESTOQUE no banco de dados...
2026-09-02T03:20:00.145-03:00  INFO 22468 --- [ecommerce] [scheduling-1] c.d.e.s.SincronizacaoEstoqueService      : [ESTOQUE] Ciclo finalizado. Total de atualizações enviadas: 0
2026-09-02T03:21:00.000-03:00  INFO 22468 --- [ecommerce] [scheduling-1] c.d.e.service.SincronizacaoService       : Lendo VW_ECOMMERCE_PRECOS no banco de dados...
2026-09-02T03:21:00.051-03:00  INFO 22468 --- [ecommerce] [scheduling-1] c.d.e.service.SincronizacaoService       : Ciclo finalizado. Total de atualizações enviadas: 0
2026-09-02T03:21:00.051-03:00  INFO 22468 --- [ecommerce] [scheduling-1] c.d.e.s.SincronizacaoEstoqueService      : [ESTOQUE] Lendo VW_ECOMMERCE_ESTOQUE no banco de dados...
2026-09-02T03:21:00.074-03:00  INFO 22468 --- [ecommerce] [scheduling-1] c.d.e.s.SincronizacaoEstoqueService      : [ESTOQUE] Ciclo finalizado. Total de atualizações enviadas: 0
2026-09-02T03:22:00.002-03:00  INFO 22468 --- [ecommerce] [scheduling-1] c.d.e.s.SincronizacaoEstoqueService      : [ESTOQUE] Lendo VW_ECOMMERCE_ESTOQUE no banco de dados...
2026-09-02T03:22:00.039-03:00  INFO 22468 --- [ecommerce] [scheduling-1] c.d.e.s.SincronizacaoEstoqueService      : [ESTOQUE] Ciclo finalizado. Total de atualizações enviadas: 0
2026-09-02T03:22:00.040-03:00  INFO 22468 --- [ecommerce] [scheduling-1] c.d.e.service.SincronizacaoService       : Lendo VW_ECOMMERCE_PRECOS no banco de dados...
2026-09-02T03:22:00.082-03:00  INFO 22468 --- [ecommerce] [scheduling-1] c.d.e.service.SincronizacaoService       : Ciclo finalizado. Total de atualizações enviadas: 0
2026-09-02T03:23:00.000-03:00  INFO 22468 --- [ecommerce] [scheduling-1] c.d.e.service.SincronizacaoService       : Lendo VW_ECOMMERCE_PRECOS no banco de dados...
2026-09-02T03:23:00.090-03:00  INFO 22468 --- [ecommerce] [scheduling-1] c.d.e.service.SincronizacaoService       : Ciclo finalizado. Total de atualizações enviadas: 0
2026-09-02T03:23:00.090-03:00  INFO 22468 --- [ecommerce] [scheduling-1] c.d.e.s.SincronizacaoEstoqueService      : [ESTOQUE] Lendo VW_ECOMMERCE_ESTOQUE no banco de dados...
2026-09-02T03:23:00.115-03:00  INFO 22468 --- [ecommerce] [scheduling-1] c.d.e.s.SincronizacaoEstoqueService      : [ESTOQUE] Ciclo finalizado. Total de atualizações enviadas: 0
2026-09-02T03:24:00.001-03:00  INFO 22468 --- [ecommerce] [scheduling-1] c.d.e.s.SincronizacaoEstoqueService      : [ESTOQUE] Lendo VW_ECOMMERCE_ESTOQUE no banco de dados...
2026-09-02T03:24:00.044-03:00  INFO 22468 --- [ecommerce] [scheduling-1] c.d.e.s.SincronizacaoEstoqueService      : [ESTOQUE] Ciclo finalizado. Total de atualizações enviadas: 0
2026-09-02T03:24:00.044-03:00  INFO 22468 --- [ecommerce] [scheduling-1] c.d.e.service.SincronizacaoService       : Lendo VW_ECOMMERCE_PRECOS no banco de dados...
2026-09-02T03:24:00.092-03:00  INFO 22468 --- [ecommerce] [scheduling-1] c.d.e.service.SincronizacaoService       : Ciclo finalizado. Total de atualizações enviadas: 0
2026-09-02T03:25:00.001-03:00  INFO 22468 --- [ecommerce] [scheduling-1] c.d.e.service.SincronizacaoService       : Lendo VW_ECOMMERCE_PRECOS no banco de dados...
2026-09-02T03:25:00.112-03:00  INFO 22468 --- [ecommerce] [scheduling-1] c.d.e.service.SincronizacaoService       : Ciclo finalizado. Total de atualizações enviadas: 0
2026-09-02T03:25:00.112-03:00  INFO 22468 --- [ecommerce] [scheduling-1] c.d.e.s.SincronizacaoEstoqueService      : [ESTOQUE] Lendo VW_ECOMMERCE_ESTOQUE no banco de dados...
2026-09-02T03:25:00.133-03:00  INFO 22468 --- [ecommerce] [scheduling-1] c.d.e.s.SincronizacaoEstoqueService      : [ESTOQUE] Ciclo finalizado. Total de atualizações enviadas: 0
2026-09-02T03:26:00.001-03:00  INFO 22468 --- [ecommerce] [scheduling-1] c.d.e.s.SincronizacaoEstoqueService      : [ESTOQUE] Lendo VW_ECOMMERCE_ESTOQUE no banco de dados...
2026-09-02T03:26:00.079-03:00  INFO 22468 --- [ecommerce] [scheduling-1] c.d.e.s.SincronizacaoEstoqueService      : [ESTOQUE] Ciclo finalizado. Total de atualizações enviadas: 0
2026-09-02T03:26:00.079-03:00  INFO 22468 --- [ecommerce] [scheduling-1] c.d.e.service.SincronizacaoService       : Lendo VW_ECOMMERCE_PRECOS no banco de dados...
2026-09-02T03:26:00.124-03:00  INFO 22468 --- [ecommerce] [scheduling-1] c.d.e.service.SincronizacaoService       : Ciclo finalizado. Total de atualizações enviadas: 0
2026-09-02T03:27:00.000-03:00  INFO 22468 --- [ecommerce] [scheduling-1] c.d.e.s.SincronizacaoEstoqueService      : [ESTOQUE] Lendo VW_ECOMMERCE_ESTOQUE no banco de dados...
2026-09-02T03:27:00.081-03:00  INFO 22468 --- [ecommerce] [scheduling-1] c.d.e.s.SincronizacaoEstoqueService      : [ESTOQUE] Ciclo finalizado. Total de atualizações enviadas: 0
2026-09-02T03:27:00.081-03:00  INFO 22468 --- [ecommerce] [scheduling-1] c.d.e.service.SincronizacaoService       : Lendo VW_ECOMMERCE_PRECOS no banco de dados...
2026-09-02T03:27:00.127-03:00  INFO 22468 --- [ecommerce] [scheduling-1] c.d.e.service.SincronizacaoService       : Ciclo finalizado. Total de atualizações enviadas: 0
2026-09-02T03:27:59.999-03:00  INFO 22468 --- [ecommerce] [scheduling-1] c.d.e.service.SincronizacaoService       : Lendo VW_ECOMMERCE_PRECOS no banco de dados...
2026-09-02T03:28:00.103-03:00  INFO 22468 --- [ecommerce] [scheduling-1] c.d.e.service.SincronizacaoService       : Ciclo finalizado. Total de atualizações enviadas: 0
2026-09-02T03:28:00.103-03:00  INFO 22468 --- [ecommerce] [scheduling-1] c.d.e.s.SincronizacaoEstoqueService      : [ESTOQUE] Lendo VW_ECOMMERCE_ESTOQUE no banco de dados...
2026-09-02T03:28:00.125-03:00  INFO 22468 --- [ecommerce] [scheduling-1] c.d.e.s.SincronizacaoEstoqueService      : [ESTOQUE] Ciclo finalizado. Total de atualizações enviadas: 0
2026-09-02T03:29:00.001-03:00  INFO 22468 --- [ecommerce] [scheduling-1] c.d.e.s.SincronizacaoEstoqueService      : [ESTOQUE] Lendo VW_ECOMMERCE_ESTOQUE no banco de dados...
2026-09-02T03:29:00.036-03:00  INFO 22468 --- [ecommerce] [scheduling-1] c.d.e.s.SincronizacaoEstoqueService      : [ESTOQUE] Ciclo finalizado. Total de atualizações enviadas: 0
2026-09-02T03:29:00.036-03:00  INFO 22468 --- [ecommerce] [scheduling-1] c.d.e.service.SincronizacaoService       : Lendo VW_ECOMMERCE_PRECOS no banco de dados...
2026-09-02T03:29:00.083-03:00  INFO 22468 --- [ecommerce] [scheduling-1] c.d.e.service.SincronizacaoService       : Ciclo finalizado. Total de atualizações enviadas: 0
2026-09-02T03:30:00.001-03:00  INFO 22468 --- [ecommerce] [scheduling-1] c.d.e.s.SincronizacaoEstoqueService      : [ESTOQUE] Lendo VW_ECOMMERCE_ESTOQUE no banco de dados...
2026-09-02T03:30:00.085-03:00  INFO 22468 --- [ecommerce] [scheduling-1] c.d.e.s.SincronizacaoEstoqueService      : [ESTOQUE] Ciclo finalizado. Total de atualizações enviadas: 0
2026-09-02T03:30:00.085-03:00  INFO 22468 --- [ecommerce] [scheduling-1] c.d.e.service.SincronizacaoService       : Lendo VW_ECOMMERCE_PRECOS no banco de dados...
2026-09-02T03:30:00.133-03:00  INFO 22468 --- [ecommerce] [scheduling-1] c.d.e.service.SincronizacaoService       : Ciclo finalizado. Total de atualizações enviadas: 0
2026-09-02T03:31:00.001-03:00  INFO 22468 --- [ecommerce] [scheduling-1] c.d.e.service.SincronizacaoService       : Lendo VW_ECOMMERCE_PRECOS no banco de dados...
2026-09-02T03:31:00.090-03:00  INFO 22468 --- [ecommerce] [scheduling-1] c.d.e.service.SincronizacaoService       : Ciclo finalizado. Total de atualizações enviadas: 0
2026-09-02T03:31:00.090-03:00  INFO 22468 --- [ecommerce] [scheduling-1] c.d.e.s.SincronizacaoEstoqueService      : [ESTOQUE] Lendo VW_ECOMMERCE_ESTOQUE no banco de dados...
2026-09-02T03:31:00.115-03:00  INFO 22468 --- [ecommerce] [scheduling-1] c.d.e.s.SincronizacaoEstoqueService      : [ESTOQUE] Ciclo finalizado. Total de atualizações enviadas: 0
2026-09-02T03:32:00.000-03:00  INFO 22468 --- [ecommerce] [scheduling-1] c.d.e.s.SincronizacaoEstoqueService      : [ESTOQUE] Lendo VW_ECOMMERCE_ESTOQUE no banco de dados...
2026-09-02T03:32:00.097-03:00  INFO 22468 --- [ecommerce] [scheduling-1] c.d.e.s.SincronizacaoEstoqueService      : [ESTOQUE] Ciclo finalizado. Total de atualizações enviadas: 0
2026-09-02T03:32:00.097-03:00  INFO 22468 --- [ecommerce] [scheduling-1] c.d.e.service.SincronizacaoService       : Lendo VW_ECOMMERCE_PRECOS no banco de dados...
2026-09-02T03:32:00.141-03:00  INFO 22468 --- [ecommerce] [scheduling-1] c.d.e.service.SincronizacaoService       : Ciclo finalizado. Total de atualizações enviadas: 0
2026-09-02T03:33:00.000-03:00  INFO 22468 --- [ecommerce] [scheduling-1] c.d.e.service.SincronizacaoService       : Lendo VW_ECOMMERCE_PRECOS no banco de dados...
2026-09-02T03:33:00.055-03:00  INFO 22468 --- [ecommerce] [scheduling-1] c.d.e.service.SincronizacaoService       : Ciclo finalizado. Total de atualizações enviadas: 0
2026-09-02T03:33:00.055-03:00  INFO 22468 --- [ecommerce] [scheduling-1] c.d.e.s.SincronizacaoEstoqueService      : [ESTOQUE] Lendo VW_ECOMMERCE_ESTOQUE no banco de dados...
2026-09-02T03:33:00.090-03:00  INFO 22468 --- [ecommerce] [scheduling-1] c.d.e.s.SincronizacaoEstoqueService      : [ESTOQUE] Ciclo finalizado. Total de atualizações enviadas: 0
2026-09-02T03:34:00.000-03:00  INFO 22468 --- [ecommerce] [scheduling-1] c.d.e.s.SincronizacaoEstoqueService      : [ESTOQUE] Lendo VW_ECOMMERCE_ESTOQUE no banco de dados...
2026-09-02T03:34:00.081-03:00  INFO 22468 --- [ecommerce] [scheduling-1] c.d.e.s.SincronizacaoEstoqueService      : [ESTOQUE] Ciclo finalizado. Total de atualizações enviadas: 0
2026-09-02T03:34:00.081-03:00  INFO 22468 --- [ecommerce] [scheduling-1] c.d.e.service.SincronizacaoService       : Lendo VW_ECOMMERCE_PRECOS no banco de dados...
2026-09-02T03:34:00.150-03:00  INFO 22468 --- [ecommerce] [scheduling-1] c.d.e.service.SincronizacaoService       : Ciclo finalizado. Total de atualizações enviadas: 0
2026-09-02T03:35:00.000-03:00  INFO 22468 --- [ecommerce] [scheduling-1] c.d.e.s.SincronizacaoEstoqueService      : [ESTOQUE] Lendo VW_ECOMMERCE_ESTOQUE no banco de dados...
2026-09-02T03:35:00.095-03:00  INFO 22468 --- [ecommerce] [scheduling-1] c.d.e.s.SincronizacaoEstoqueService      : [ESTOQUE] Ciclo finalizado. Total de atualizações enviadas: 0
2026-09-02T03:35:00.095-03:00  INFO 22468 --- [ecommerce] [scheduling-1] c.d.e.service.SincronizacaoService       : Lendo VW_ECOMMERCE_PRECOS no banco de dados...
2026-09-02T03:35:00.224-03:00  INFO 22468 --- [ecommerce] [scheduling-1] c.d.e.service.SincronizacaoService       : Ciclo finalizado. Total de atualizações enviadas: 0
2026-09-02T03:36:00.000-03:00  INFO 22468 --- [ecommerce] [scheduling-1] c.d.e.s.SincronizacaoEstoqueService      : [ESTOQUE] Lendo VW_ECOMMERCE_ESTOQUE no banco de dados...
2026-09-02T03:36:00.087-03:00  INFO 22468 --- [ecommerce] [scheduling-1] c.d.e.s.SincronizacaoEstoqueService      : [ESTOQUE] Ciclo finalizado. Total de atualizações enviadas: 0
2026-09-02T03:36:00.087-03:00  INFO 22468 --- [ecommerce] [scheduling-1] c.d.e.service.SincronizacaoService       : Lendo VW_ECOMMERCE_PRECOS no banco de dados...
2026-09-02T03:36:00.131-03:00  INFO 22468 --- [ecommerce] [scheduling-1] c.d.e.service.SincronizacaoService       : Ciclo finalizado. Total de atualizações enviadas: 0
2026-09-02T03:37:00.000-03:00  INFO 22468 --- [ecommerce] [scheduling-1] c.d.e.s.SincronizacaoEstoqueService      : [ESTOQUE] Lendo VW_ECOMMERCE_ESTOQUE no banco de dados...
2026-09-02T03:37:00.037-03:00  INFO 22468 --- [ecommerce] [scheduling-1] c.d.e.s.SincronizacaoEstoqueService      : [ESTOQUE] Ciclo finalizado. Total de atualizações enviadas: 0
2026-09-02T03:37:00.037-03:00  INFO 22468 --- [ecommerce] [scheduling-1] c.d.e.service.SincronizacaoService       : Lendo VW_ECOMMERCE_PRECOS no banco de dados...
2026-09-02T03:37:00.079-03:00  INFO 22468 --- [ecommerce] [scheduling-1] c.d.e.service.SincronizacaoService       : Ciclo finalizado. Total de atualizações enviadas: 0
2026-09-02T03:38:00.000-03:00  INFO 22468 --- [ecommerce] [scheduling-1] c.d.e.service.SincronizacaoService       : Lendo VW_ECOMMERCE_PRECOS no banco de dados...
2026-09-02T03:38:00.089-03:00  INFO 22468 --- [ecommerce] [scheduling-1] c.d.e.service.SincronizacaoService       : Ciclo finalizado. Total de atualizações enviadas: 0
2026-09-02T03:38:00.089-03:00  INFO 22468 --- [ecommerce] [scheduling-1] c.d.e.s.SincronizacaoEstoqueService      : [ESTOQUE] Lendo VW_ECOMMERCE_ESTOQUE no banco de dados...
2026-09-02T03:38:00.112-03:00  INFO 22468 --- [ecommerce] [scheduling-1] c.d.e.s.SincronizacaoEstoqueService      : [ESTOQUE] Ciclo finalizado. Total de atualizações enviadas: 0
2026-09-02T03:39:00.000-03:00  INFO 22468 --- [ecommerce] [scheduling-1] c.d.e.service.SincronizacaoService       : Lendo VW_ECOMMERCE_PRECOS no banco de dados...
2026-09-02T03:39:00.055-03:00  INFO 22468 --- [ecommerce] [scheduling-1] c.d.e.service.SincronizacaoService       : Ciclo finalizado. Total de atualizações enviadas: 0
2026-09-02T03:39:00.055-03:00  INFO 22468 --- [ecommerce] [scheduling-1] c.d.e.s.SincronizacaoEstoqueService      : [ESTOQUE] Lendo VW_ECOMMERCE_ESTOQUE no banco de dados...
2026-09-02T03:39:00.085-03:00  INFO 22468 --- [ecommerce] [scheduling-1] c.d.e.s.SincronizacaoEstoqueService      : [ESTOQUE] Ciclo finalizado. Total de atualizações enviadas: 0
2026-09-02T03:40:00.000-03:00  INFO 22468 --- [ecommerce] [scheduling-1] c.d.e.s.SincronizacaoEstoqueService      : [ESTOQUE] Lendo VW_ECOMMERCE_ESTOQUE no banco de dados...
2026-09-02T03:40:00.069-03:00  INFO 22468 --- [ecommerce] [scheduling-1] c.d.e.s.SincronizacaoEstoqueService      : [ESTOQUE] Ciclo finalizado. Total de atualizações enviadas: 0
2026-09-02T03:40:00.070-03:00  INFO 22468 --- [ecommerce] [scheduling-1] c.d.e.service.SincronizacaoService       : Lendo VW_ECOMMERCE_PRECOS no banco de dados...
2026-09-02T03:40:00.123-03:00  INFO 22468 --- [ecommerce] [scheduling-1] c.d.e.service.SincronizacaoService       : Ciclo finalizado. Total de atualizações enviadas: 0
2026-09-02T03:41:00.001-03:00  INFO 22468 --- [ecommerce] [scheduling-1] c.d.e.s.SincronizacaoEstoqueService      : [ESTOQUE] Lendo VW_ECOMMERCE_ESTOQUE no banco de dados...
2026-09-02T03:41:00.064-03:00  INFO 22468 --- [ecommerce] [scheduling-1] c.d.e.s.SincronizacaoEstoqueService      : [ESTOQUE] Ciclo finalizado. Total de atualizações enviadas: 0
2026-09-02T03:41:00.065-03:00  INFO 22468 --- [ecommerce] [scheduling-1] c.d.e.service.SincronizacaoService       : Lendo VW_ECOMMERCE_PRECOS no banco de dados...
2026-09-02T03:41:00.109-03:00  INFO 22468 --- [ecommerce] [scheduling-1] c.d.e.service.SincronizacaoService       : Ciclo finalizado. Total de atualizações enviadas: 0
2026-09-02T03:41:59.999-03:00  INFO 22468 --- [ecommerce] [scheduling-1] c.d.e.s.SincronizacaoEstoqueService      : [ESTOQUE] Lendo VW_ECOMMERCE_ESTOQUE no banco de dados...
2026-09-02T03:42:00.049-03:00  INFO 22468 --- [ecommerce] [scheduling-1] c.d.e.s.SincronizacaoEstoqueService      : [ESTOQUE] Ciclo finalizado. Total de atualizações enviadas: 0
2026-09-02T03:42:00.050-03:00  INFO 22468 --- [ecommerce] [scheduling-1] c.d.e.service.SincronizacaoService       : Lendo VW_ECOMMERCE_PRECOS no banco de dados...
2026-09-02T03:42:00.102-03:00  INFO 22468 --- [ecommerce] [scheduling-1] c.d.e.service.SincronizacaoService       : Ciclo finalizado. Total de atualizações enviadas: 0
2026-09-02T03:43:00.000-03:00  INFO 22468 --- [ecommerce] [scheduling-1] c.d.e.s.SincronizacaoEstoqueService      : [ESTOQUE] Lendo VW_ECOMMERCE_ESTOQUE no banco de dados...
2026-09-02T03:43:00.092-03:00  INFO 22468 --- [ecommerce] [scheduling-1] c.d.e.s.SincronizacaoEstoqueService      : [ESTOQUE] Ciclo finalizado. Total de atualizações enviadas: 0
2026-09-02T03:43:00.092-03:00  INFO 22468 --- [ecommerce] [scheduling-1] c.d.e.service.SincronizacaoService       : Lendo VW_ECOMMERCE_PRECOS no banco de dados...
2026-09-02T03:43:00.148-03:00  INFO 22468 --- [ecommerce] [scheduling-1] c.d.e.service.SincronizacaoService       : Ciclo finalizado. Total de atualizações enviadas: 0
2026-09-02T03:44:00.000-03:00  INFO 22468 --- [ecommerce] [scheduling-1] c.d.e.s.SincronizacaoEstoqueService      : [ESTOQUE] Lendo VW_ECOMMERCE_ESTOQUE no banco de dados...
2026-09-02T03:44:00.099-03:00  INFO 22468 --- [ecommerce] [scheduling-1] c.d.e.s.SincronizacaoEstoqueService      : [ESTOQUE] Ciclo finalizado. Total de atualizações enviadas: 0
2026-09-02T03:44:00.100-03:00  INFO 22468 --- [ecommerce] [scheduling-1] c.d.e.service.SincronizacaoService       : Lendo VW_ECOMMERCE_PRECOS no banco de dados...
2026-09-02T03:44:00.145-03:00  INFO 22468 --- [ecommerce] [scheduling-1] c.d.e.service.SincronizacaoService       : Ciclo finalizado. Total de atualizações enviadas: 0
2026-09-02T03:45:00.000-03:00  INFO 22468 --- [ecommerce] [scheduling-1] c.d.e.service.SincronizacaoService       : Lendo VW_ECOMMERCE_PRECOS no banco de dados...
2026-09-02T03:45:00.052-03:00  INFO 22468 --- [ecommerce] [scheduling-1] c.d.e.service.SincronizacaoService       : Ciclo finalizado. Total de atualizações enviadas: 0
2026-09-02T03:45:00.053-03:00  INFO 22468 --- [ecommerce] [scheduling-1] c.d.e.s.SincronizacaoEstoqueService      : [ESTOQUE] Lendo VW_ECOMMERCE_ESTOQUE no banco de dados...
2026-09-02T03:45:00.087-03:00  INFO 22468 --- [ecommerce] [scheduling-1] c.d.e.s.SincronizacaoEstoqueService      : [ESTOQUE] Ciclo finalizado. Total de atualizações enviadas: 0
2026-09-02T03:46:00.000-03:00  INFO 22468 --- [ecommerce] [scheduling-1] c.d.e.service.SincronizacaoService       : Lendo VW_ECOMMERCE_PRECOS no banco de dados...
2026-09-02T03:46:00.087-03:00  INFO 22468 --- [ecommerce] [scheduling-1] c.d.e.service.SincronizacaoService       : Ciclo finalizado. Total de atualizações enviadas: 0
2026-09-02T03:46:00.087-03:00  INFO 22468 --- [ecommerce] [scheduling-1] c.d.e.s.SincronizacaoEstoqueService      : [ESTOQUE] Lendo VW_ECOMMERCE_ESTOQUE no banco de dados...
2026-09-02T03:46:00.106-03:00  INFO 22468 --- [ecommerce] [scheduling-1] c.d.e.s.SincronizacaoEstoqueService      : [ESTOQUE] Ciclo finalizado. Total de atualizações enviadas: 0
2026-09-02T03:47:00.000-03:00  INFO 22468 --- [ecommerce] [scheduling-1] c.d.e.s.SincronizacaoEstoqueService      : [ESTOQUE] Lendo VW_ECOMMERCE_ESTOQUE no banco de dados...
2026-09-02T03:47:00.037-03:00  INFO 22468 --- [ecommerce] [scheduling-1] c.d.e.s.SincronizacaoEstoqueService      : [ESTOQUE] Ciclo finalizado. Total de atualizações enviadas: 0
2026-09-02T03:47:00.037-03:00  INFO 22468 --- [ecommerce] [scheduling-1] c.d.e.service.SincronizacaoService       : Lendo VW_ECOMMERCE_PRECOS no banco de dados...
2026-09-02T03:47:00.080-03:00  INFO 22468 --- [ecommerce] [scheduling-1] c.d.e.service.SincronizacaoService       : Ciclo finalizado. Total de atualizações enviadas: 0
2026-09-02T03:48:00.000-03:00  INFO 22468 --- [ecommerce] [scheduling-1] c.d.e.service.SincronizacaoService       : Lendo VW_ECOMMERCE_PRECOS no banco de dados...
2026-09-02T03:48:00.125-03:00  INFO 22468 --- [ecommerce] [scheduling-1] c.d.e.service.SincronizacaoService       : Ciclo finalizado. Total de atualizações enviadas: 0
2026-09-02T03:48:00.125-03:00  INFO 22468 --- [ecommerce] [scheduling-1] c.d.e.s.SincronizacaoEstoqueService      : [ESTOQUE] Lendo VW_ECOMMERCE_ESTOQUE no banco de dados...
2026-09-02T03:48:00.148-03:00  INFO 22468 --- [ecommerce] [scheduling-1] c.d.e.s.SincronizacaoEstoqueService      : [ESTOQUE] Ciclo finalizado. Total de atualizações enviadas: 0
2026-09-02T03:49:00.000-03:00  INFO 22468 --- [ecommerce] [scheduling-1] c.d.e.s.SincronizacaoEstoqueService      : [ESTOQUE] Lendo VW_ECOMMERCE_ESTOQUE no banco de dados...
2026-09-02T03:49:00.077-03:00  INFO 22468 --- [ecommerce] [scheduling-1] c.d.e.s.SincronizacaoEstoqueService      : [ESTOQUE] Ciclo finalizado. Total de atualizações enviadas: 0
2026-09-02T03:49:00.077-03:00  INFO 22468 --- [ecommerce] [scheduling-1] c.d.e.service.SincronizacaoService       : Lendo VW_ECOMMERCE_PRECOS no banco de dados...
2026-09-02T03:49:00.121-03:00  INFO 22468 --- [ecommerce] [scheduling-1] c.d.e.service.SincronizacaoService       : Ciclo finalizado. Total de atualizações enviadas: 0
2026-09-02T03:50:00.000-03:00  INFO 22468 --- [ecommerce] [scheduling-1] c.d.e.service.SincronizacaoService       : Lendo VW_ECOMMERCE_PRECOS no banco de dados...
2026-09-02T03:50:00.072-03:00  INFO 22468 --- [ecommerce] [scheduling-1] c.d.e.service.SincronizacaoService       : Ciclo finalizado. Total de atualizações enviadas: 0
2026-09-02T03:50:00.072-03:00  INFO 22468 --- [ecommerce] [scheduling-1] c.d.e.s.SincronizacaoEstoqueService      : [ESTOQUE] Lendo VW_ECOMMERCE_ESTOQUE no banco de dados...
2026-09-02T03:50:00.096-03:00  INFO 22468 --- [ecommerce] [scheduling-1] c.d.e.s.SincronizacaoEstoqueService      : [ESTOQUE] Ciclo finalizado. Total de atualizações enviadas: 0
2026-09-02T03:51:00.001-03:00  INFO 22468 --- [ecommerce] [scheduling-1] c.d.e.service.SincronizacaoService       : Lendo VW_ECOMMERCE_PRECOS no banco de dados...
2026-09-02T03:51:00.055-03:00  INFO 22468 --- [ecommerce] [scheduling-1] c.d.e.service.SincronizacaoService       : Ciclo finalizado. Total de atualizações enviadas: 0
2026-09-02T03:51:00.055-03:00  INFO 22468 --- [ecommerce] [scheduling-1] c.d.e.s.SincronizacaoEstoqueService      : [ESTOQUE] Lendo VW_ECOMMERCE_ESTOQUE no banco de dados...
2026-09-02T03:51:00.088-03:00  INFO 22468 --- [ecommerce] [scheduling-1] c.d.e.s.SincronizacaoEstoqueService      : [ESTOQUE] Ciclo finalizado. Total de atualizações enviadas: 0
2026-09-02T03:52:00.000-03:00  INFO 22468 --- [ecommerce] [scheduling-1] c.d.e.service.SincronizacaoService       : Lendo VW_ECOMMERCE_PRECOS no banco de dados...
2026-09-02T03:52:00.054-03:00  INFO 22468 --- [ecommerce] [scheduling-1] c.d.e.service.SincronizacaoService       : Ciclo finalizado. Total de atualizações enviadas: 0
2026-09-02T03:52:00.054-03:00  INFO 22468 --- [ecommerce] [scheduling-1] c.d.e.s.SincronizacaoEstoqueService      : [ESTOQUE] Lendo VW_ECOMMERCE_ESTOQUE no banco de dados...
2026-09-02T03:52:00.074-03:00  INFO 22468 --- [ecommerce] [scheduling-1] c.d.e.s.SincronizacaoEstoqueService      : [ESTOQUE] Ciclo finalizado. Total de atualizações enviadas: 0
2026-09-02T03:53:00.001-03:00  INFO 22468 --- [ecommerce] [scheduling-1] c.d.e.s.SincronizacaoEstoqueService      : [ESTOQUE] Lendo VW_ECOMMERCE_ESTOQUE no banco de dados...
2026-09-02T03:53:00.056-03:00  INFO 22468 --- [ecommerce] [scheduling-1] c.d.e.s.SincronizacaoEstoqueService      : [ESTOQUE] Ciclo finalizado. Total de atualizações enviadas: 0
2026-09-02T03:53:00.056-03:00  INFO 22468 --- [ecommerce] [scheduling-1] c.d.e.service.SincronizacaoService       : Lendo VW_ECOMMERCE_PRECOS no banco de dados...
2026-09-02T03:53:00.142-03:00  INFO 22468 --- [ecommerce] [scheduling-1] c.d.e.service.SincronizacaoService       : Ciclo finalizado. Total de atualizações enviadas: 0
2026-09-02T03:54:00.001-03:00  INFO 22468 --- [ecommerce] [scheduling-1] c.d.e.s.SincronizacaoEstoqueService      : [ESTOQUE] Lendo VW_ECOMMERCE_ESTOQUE no banco de dados...
2026-09-02T03:54:00.081-03:00  INFO 22468 --- [ecommerce] [scheduling-1] c.d.e.s.SincronizacaoEstoqueService      : [ESTOQUE] Ciclo finalizado. Total de atualizações enviadas: 0
2026-09-02T03:54:00.082-03:00  INFO 22468 --- [ecommerce] [scheduling-1] c.d.e.service.SincronizacaoService       : Lendo VW_ECOMMERCE_PRECOS no banco de dados...
2026-09-02T03:54:00.170-03:00  INFO 22468 --- [ecommerce] [scheduling-1] c.d.e.service.SincronizacaoService       : Ciclo finalizado. Total de atualizações enviadas: 0
2026-09-02T03:55:00.001-03:00  INFO 22468 --- [ecommerce] [scheduling-1] c.d.e.service.SincronizacaoService       : Lendo VW_ECOMMERCE_PRECOS no banco de dados...
2026-09-02T03:55:00.104-03:00  INFO 22468 --- [ecommerce] [scheduling-1] c.d.e.service.SincronizacaoService       : Ciclo finalizado. Total de atualizações enviadas: 0
2026-09-02T03:55:00.104-03:00  INFO 22468 --- [ecommerce] [scheduling-1] c.d.e.s.SincronizacaoEstoqueService      : [ESTOQUE] Lendo VW_ECOMMERCE_ESTOQUE no banco de dados...
2026-09-02T03:55:00.123-03:00  INFO 22468 --- [ecommerce] [scheduling-1] c.d.e.s.SincronizacaoEstoqueService      : [ESTOQUE] Ciclo finalizado. Total de atualizações enviadas: 0
2026-09-02T03:56:00.000-03:00  INFO 22468 --- [ecommerce] [scheduling-1] c.d.e.service.SincronizacaoService       : Lendo VW_ECOMMERCE_PRECOS no banco de dados...
2026-09-02T03:56:00.098-03:00  INFO 22468 --- [ecommerce] [scheduling-1] c.d.e.service.SincronizacaoService       : Ciclo finalizado. Total de atualizações enviadas: 0
2026-09-02T03:56:00.098-03:00  INFO 22468 --- [ecommerce] [scheduling-1] c.d.e.s.SincronizacaoEstoqueService      : [ESTOQUE] Lendo VW_ECOMMERCE_ESTOQUE no banco de dados...
2026-09-02T03:56:00.122-03:00  INFO 22468 --- [ecommerce] [scheduling-1] c.d.e.s.SincronizacaoEstoqueService      : [ESTOQUE] Ciclo finalizado. Total de atualizações enviadas: 0
2026-09-02T03:57:00.000-03:00  INFO 22468 --- [ecommerce] [scheduling-1] c.d.e.s.SincronizacaoEstoqueService      : [ESTOQUE] Lendo VW_ECOMMERCE_ESTOQUE no banco de dados...
2026-09-02T03:57:00.082-03:00  INFO 22468 --- [ecommerce] [scheduling-1] c.d.e.s.SincronizacaoEstoqueService      : [ESTOQUE] Ciclo finalizado. Total de atualizações enviadas: 0
2026-09-02T03:57:00.082-03:00  INFO 22468 --- [ecommerce] [scheduling-1] c.d.e.service.SincronizacaoService       : Lendo VW_ECOMMERCE_PRECOS no banco de dados...
2026-09-02T03:57:00.132-03:00  INFO 22468 --- [ecommerce] [scheduling-1] c.d.e.service.SincronizacaoService       : Ciclo finalizado. Total de atualizações enviadas: 0
2026-09-02T03:58:00.001-03:00  INFO 22468 --- [ecommerce] [scheduling-1] c.d.e.service.SincronizacaoService       : Lendo VW_ECOMMERCE_PRECOS no banco de dados...
2026-09-02T03:58:00.234-03:00  INFO 22468 --- [ecommerce] [scheduling-1] c.d.e.service.SincronizacaoService       : Ciclo finalizado. Total de atualizações enviadas: 0
2026-09-02T03:58:00.234-03:00  INFO 22468 --- [ecommerce] [scheduling-1] c.d.e.s.SincronizacaoEstoqueService      : [ESTOQUE] Lendo VW_ECOMMERCE_ESTOQUE no banco de dados...
2026-09-02T03:58:00.257-03:00  INFO 22468 --- [ecommerce] [scheduling-1] c.d.e.s.SincronizacaoEstoqueService      : [ESTOQUE] Ciclo finalizado. Total de atualizações enviadas: 0
2026-09-02T03:59:00.000-03:00  INFO 22468 --- [ecommerce] [scheduling-1] c.d.e.service.SincronizacaoService       : Lendo VW_ECOMMERCE_PRECOS no banco de dados...
2026-09-02T03:59:00.057-03:00  INFO 22468 --- [ecommerce] [scheduling-1] c.d.e.service.SincronizacaoService       : Ciclo finalizado. Total de atualizações enviadas: 0
2026-09-02T03:59:00.057-03:00  INFO 22468 --- [ecommerce] [scheduling-1] c.d.e.s.SincronizacaoEstoqueService      : [ESTOQUE] Lendo VW_ECOMMERCE_ESTOQUE no banco de dados...
2026-09-02T03:59:00.089-03:00  INFO 22468 --- [ecommerce] [scheduling-1] c.d.e.s.SincronizacaoEstoqueService      : [ESTOQUE] Ciclo finalizado. Total de atualizações enviadas: 0
2026-09-02T03:59:59.999-03:00  INFO 22468 --- [ecommerce] [scheduling-1] c.d.e.s.SincronizacaoEstoqueService      : [ESTOQUE] Lendo VW_ECOMMERCE_ESTOQUE no banco de dados...
2026-09-02T04:00:00.089-03:00  INFO 22468 --- [ecommerce] [scheduling-1] c.d.e.s.SincronizacaoEstoqueService      : [ESTOQUE] Ciclo finalizado. Total de atualizações enviadas: 0
2026-09-02T04:00:00.089-03:00  INFO 22468 --- [ecommerce] [scheduling-1] c.d.e.service.SincronizacaoService       : Lendo VW_ECOMMERCE_PRECOS no banco de dados...
2026-09-02T04:00:00.138-03:00  INFO 22468 --- [ecommerce] [scheduling-1] c.d.e.service.SincronizacaoService       : Ciclo finalizado. Total de atualizações enviadas: 0
2026-09-02T04:01:00.000-03:00  INFO 22468 --- [ecommerce] [scheduling-1] c.d.e.service.SincronizacaoService       : Lendo VW_ECOMMERCE_PRECOS no banco de dados...
2026-09-02T04:01:00.236-03:00  INFO 22468 --- [ecommerce] [scheduling-1] c.d.e.service.SincronizacaoService       : Ciclo finalizado. Total de atualizações enviadas: 0
2026-09-02T04:01:00.237-03:00  INFO 22468 --- [ecommerce] [scheduling-1] c.d.e.s.SincronizacaoEstoqueService      : [ESTOQUE] Lendo VW_ECOMMERCE_ESTOQUE no banco de dados...
2026-09-02T04:01:00.358-03:00  INFO 22468 --- [ecommerce] [scheduling-1] c.d.e.s.SincronizacaoEstoqueService      : [ESTOQUE] Ciclo finalizado. Total de atualizações enviadas: 0
2026-09-02T04:02:00.000-03:00  INFO 22468 --- [ecommerce] [scheduling-1] c.d.e.service.SincronizacaoService       : Lendo VW_ECOMMERCE_PRECOS no banco de dados...
2026-09-02T04:02:00.133-03:00  INFO 22468 --- [ecommerce] [scheduling-1] c.d.e.service.SincronizacaoService       : Ciclo finalizado. Total de atualizações enviadas: 0
2026-09-02T04:02:00.134-03:00  INFO 22468 --- [ecommerce] [scheduling-1] c.d.e.s.SincronizacaoEstoqueService      : [ESTOQUE] Lendo VW_ECOMMERCE_ESTOQUE no banco de dados...
2026-09-02T04:02:00.167-03:00  INFO 22468 --- [ecommerce] [scheduling-1] c.d.e.s.SincronizacaoEstoqueService      : [ESTOQUE] Ciclo finalizado. Total de atualizações enviadas: 0
2026-09-02T04:03:00.000-03:00  INFO 22468 --- [ecommerce] [scheduling-1] c.d.e.service.SincronizacaoService       : Lendo VW_ECOMMERCE_PRECOS no banco de dados...
2026-09-02T04:03:00.104-03:00  INFO 22468 --- [ecommerce] [scheduling-1] c.d.e.service.SincronizacaoService       : Ciclo finalizado. Total de atualizações enviadas: 0
2026-09-02T04:03:00.104-03:00  INFO 22468 --- [ecommerce] [scheduling-1] c.d.e.s.SincronizacaoEstoqueService      : [ESTOQUE] Lendo VW_ECOMMERCE_ESTOQUE no banco de dados...
2026-09-02T04:03:00.126-03:00  INFO 22468 --- [ecommerce] [scheduling-1] c.d.e.s.SincronizacaoEstoqueService      : [ESTOQUE] Ciclo finalizado. Total de atualizações enviadas: 0
2026-09-02T04:04:00.000-03:00  INFO 22468 --- [ecommerce] [scheduling-1] c.d.e.s.SincronizacaoEstoqueService      : [ESTOQUE] Lendo VW_ECOMMERCE_ESTOQUE no banco de dados...
2026-09-02T04:04:00.218-03:00  INFO 22468 --- [ecommerce] [scheduling-1] c.d.e.s.SincronizacaoEstoqueService      : [ESTOQUE] Ciclo finalizado. Total de atualizações enviadas: 0
2026-09-02T04:04:00.218-03:00  INFO 22468 --- [ecommerce] [scheduling-1] c.d.e.service.SincronizacaoService       : Lendo VW_ECOMMERCE_PRECOS no banco de dados...
2026-09-02T04:04:00.282-03:00  INFO 22468 --- [ecommerce] [scheduling-1] c.d.e.service.SincronizacaoService       : Ciclo finalizado. Total de atualizações enviadas: 0
2026-09-02T04:05:00.000-03:00  INFO 22468 --- [ecommerce] [scheduling-1] c.d.e.s.SincronizacaoEstoqueService      : [ESTOQUE] Lendo VW_ECOMMERCE_ESTOQUE no banco de dados...
2026-09-02T04:05:00.045-03:00  INFO 22468 --- [ecommerce] [scheduling-1] c.d.e.s.SincronizacaoEstoqueService      : [ESTOQUE] Ciclo finalizado. Total de atualizações enviadas: 0
2026-09-02T04:05:00.045-03:00  INFO 22468 --- [ecommerce] [scheduling-1] c.d.e.service.SincronizacaoService       : Lendo VW_ECOMMERCE_PRECOS no banco de dados...
2026-09-02T04:05:00.109-03:00  INFO 22468 --- [ecommerce] [scheduling-1] c.d.e.service.SincronizacaoService       : Ciclo finalizado. Total de atualizações enviadas: 0
2026-09-02T04:06:00.000-03:00  INFO 22468 --- [ecommerce] [scheduling-1] c.d.e.s.SincronizacaoEstoqueService      : [ESTOQUE] Lendo VW_ECOMMERCE_ESTOQUE no banco de dados...
2026-09-02T04:06:00.076-03:00  INFO 22468 --- [ecommerce] [scheduling-1] c.d.e.s.SincronizacaoEstoqueService      : [ESTOQUE] Ciclo finalizado. Total de atualizações enviadas: 0
2026-09-02T04:06:00.077-03:00  INFO 22468 --- [ecommerce] [scheduling-1] c.d.e.service.SincronizacaoService       : Lendo VW_ECOMMERCE_PRECOS no banco de dados...
2026-09-02T04:06:00.129-03:00  INFO 22468 --- [ecommerce] [scheduling-1] c.d.e.service.SincronizacaoService       : Ciclo finalizado. Total de atualizações enviadas: 0
2026-09-02T04:06:59.999-03:00  INFO 22468 --- [ecommerce] [scheduling-1] c.d.e.service.SincronizacaoService       : Lendo VW_ECOMMERCE_PRECOS no banco de dados...
2026-09-02T04:07:00.123-03:00  INFO 22468 --- [ecommerce] [scheduling-1] c.d.e.service.SincronizacaoService       : Ciclo finalizado. Total de atualizações enviadas: 0
2026-09-02T04:07:00.124-03:00  INFO 22468 --- [ecommerce] [scheduling-1] c.d.e.s.SincronizacaoEstoqueService      : [ESTOQUE] Lendo VW_ECOMMERCE_ESTOQUE no banco de dados...
2026-09-02T04:07:00.166-03:00  INFO 22468 --- [ecommerce] [scheduling-1] c.d.e.s.SincronizacaoEstoqueService      : [ESTOQUE] Ciclo finalizado. Total de atualizações enviadas: 0
2026-09-02T04:08:00.000-03:00  INFO 22468 --- [ecommerce] [scheduling-1] c.d.e.s.SincronizacaoEstoqueService      : [ESTOQUE] Lendo VW_ECOMMERCE_ESTOQUE no banco de dados...
2026-09-02T04:08:00.112-03:00  INFO 22468 --- [ecommerce] [scheduling-1] c.d.e.s.SincronizacaoEstoqueService      : [ESTOQUE] Ciclo finalizado. Total de atualizações enviadas: 0
2026-09-02T04:08:00.113-03:00  INFO 22468 --- [ecommerce] [scheduling-1] c.d.e.service.SincronizacaoService       : Lendo VW_ECOMMERCE_PRECOS no banco de dados...
2026-09-02T04:08:00.157-03:00  INFO 22468 --- [ecommerce] [scheduling-1] c.d.e.service.SincronizacaoService       : Ciclo finalizado. Total de atualizações enviadas: 0
2026-09-02T04:09:00.000-03:00  INFO 22468 --- [ecommerce] [scheduling-1] c.d.e.s.SincronizacaoEstoqueService      : [ESTOQUE] Lendo VW_ECOMMERCE_ESTOQUE no banco de dados...
2026-09-02T04:09:00.094-03:00  INFO 22468 --- [ecommerce] [scheduling-1] c.d.e.s.SincronizacaoEstoqueService      : [ESTOQUE] Ciclo finalizado. Total de atualizações enviadas: 0
2026-09-02T04:09:00.094-03:00  INFO 22468 --- [ecommerce] [scheduling-1] c.d.e.service.SincronizacaoService       : Lendo VW_ECOMMERCE_PRECOS no banco de dados...
2026-09-02T04:09:00.139-03:00  INFO 22468 --- [ecommerce] [scheduling-1] c.d.e.service.SincronizacaoService       : Ciclo finalizado. Total de atualizações enviadas: 0
2026-09-02T04:10:00.000-03:00  INFO 22468 --- [ecommerce] [scheduling-1] c.d.e.service.SincronizacaoService       : Lendo VW_ECOMMERCE_PRECOS no banco de dados...
2026-09-02T04:10:00.233-03:00  INFO 22468 --- [ecommerce] [scheduling-1] c.d.e.service.SincronizacaoService       : Ciclo finalizado. Total de atualizações enviadas: 0
2026-09-02T04:10:00.234-03:00  INFO 22468 --- [ecommerce] [scheduling-1] c.d.e.s.SincronizacaoEstoqueService      : [ESTOQUE] Lendo VW_ECOMMERCE_ESTOQUE no banco de dados...
2026-09-02T04:10:00.282-03:00  INFO 22468 --- [ecommerce] [scheduling-1] c.d.e.s.SincronizacaoEstoqueService      : [ESTOQUE] Ciclo finalizado. Total de atualizações enviadas: 0
2026-09-02T04:11:00.001-03:00  INFO 22468 --- [ecommerce] [scheduling-1] c.d.e.service.SincronizacaoService       : Lendo VW_ECOMMERCE_PRECOS no banco de dados...
2026-09-02T04:11:00.137-03:00  INFO 22468 --- [ecommerce] [scheduling-1] c.d.e.service.SincronizacaoService       : Ciclo finalizado. Total de atualizações enviadas: 0
2026-09-02T04:11:00.138-03:00  INFO 22468 --- [ecommerce] [scheduling-1] c.d.e.s.SincronizacaoEstoqueService      : [ESTOQUE] Lendo VW_ECOMMERCE_ESTOQUE no banco de dados...
2026-09-02T04:11:00.182-03:00  INFO 22468 --- [ecommerce] [scheduling-1] c.d.e.s.SincronizacaoEstoqueService      : [ESTOQUE] Ciclo finalizado. Total de atualizações enviadas: 0
2026-09-02T04:12:00.001-03:00  INFO 22468 --- [ecommerce] [scheduling-1] c.d.e.s.SincronizacaoEstoqueService      : [ESTOQUE] Lendo VW_ECOMMERCE_ESTOQUE no banco de dados...
2026-09-02T04:12:00.081-03:00  INFO 22468 --- [ecommerce] [scheduling-1] c.d.e.s.SincronizacaoEstoqueService      : [ESTOQUE] Ciclo finalizado. Total de atualizações enviadas: 0
2026-09-02T04:12:00.081-03:00  INFO 22468 --- [ecommerce] [scheduling-1] c.d.e.service.SincronizacaoService       : Lendo VW_ECOMMERCE_PRECOS no banco de dados...
2026-09-02T04:12:00.151-03:00  INFO 22468 --- [ecommerce] [scheduling-1] c.d.e.service.SincronizacaoService       : Ciclo finalizado. Total de atualizações enviadas: 0
2026-09-02T04:13:00.000-03:00  INFO 22468 --- [ecommerce] [scheduling-1] c.d.e.service.SincronizacaoService       : Lendo VW_ECOMMERCE_PRECOS no banco de dados...
2026-09-02T04:13:00.104-03:00  INFO 22468 --- [ecommerce] [scheduling-1] c.d.e.service.SincronizacaoService       : Ciclo finalizado. Total de atualizações enviadas: 0
2026-09-02T04:13:00.104-03:00  INFO 22468 --- [ecommerce] [scheduling-1] c.d.e.s.SincronizacaoEstoqueService      : [ESTOQUE] Lendo VW_ECOMMERCE_ESTOQUE no banco de dados...
2026-09-02T04:13:00.127-03:00  INFO 22468 --- [ecommerce] [scheduling-1] c.d.e.s.SincronizacaoEstoqueService      : [ESTOQUE] Ciclo finalizado. Total de atualizações enviadas: 0
2026-09-02T04:14:00.000-03:00  INFO 22468 --- [ecommerce] [scheduling-1] c.d.e.s.SincronizacaoEstoqueService      : [ESTOQUE] Lendo VW_ECOMMERCE_ESTOQUE no banco de dados...
2026-09-02T04:14:00.038-03:00  INFO 22468 --- [ecommerce] [scheduling-1] c.d.e.s.SincronizacaoEstoqueService      : [ESTOQUE] Ciclo finalizado. Total de atualizações enviadas: 0
2026-09-02T04:14:00.038-03:00  INFO 22468 --- [ecommerce] [scheduling-1] c.d.e.service.SincronizacaoService       : Lendo VW_ECOMMERCE_PRECOS no banco de dados...
2026-09-02T04:14:00.091-03:00  INFO 22468 --- [ecommerce] [scheduling-1] c.d.e.service.SincronizacaoService       : Ciclo finalizado. Total de atualizações enviadas: 0
2026-09-02T04:15:00.001-03:00  INFO 22468 --- [ecommerce] [scheduling-1] c.d.e.s.SincronizacaoEstoqueService      : [ESTOQUE] Lendo VW_ECOMMERCE_ESTOQUE no banco de dados...
2026-09-02T04:15:00.092-03:00  INFO 22468 --- [ecommerce] [scheduling-1] c.d.e.s.SincronizacaoEstoqueService      : [ESTOQUE] Ciclo finalizado. Total de atualizações enviadas: 0
2026-09-02T04:15:00.092-03:00  INFO 22468 --- [ecommerce] [scheduling-1] c.d.e.service.SincronizacaoService       : Lendo VW_ECOMMERCE_PRECOS no banco de dados...
2026-09-02T04:15:00.138-03:00  INFO 22468 --- [ecommerce] [scheduling-1] c.d.e.service.SincronizacaoService       : Ciclo finalizado. Total de atualizações enviadas: 0
2026-09-02T04:16:00.000-03:00  INFO 22468 --- [ecommerce] [scheduling-1] c.d.e.s.SincronizacaoEstoqueService      : [ESTOQUE] Lendo VW_ECOMMERCE_ESTOQUE no banco de dados...
2026-09-02T04:16:00.170-03:00  INFO 22468 --- [ecommerce] [scheduling-1] c.d.e.s.SincronizacaoEstoqueService      : [ESTOQUE] Ciclo finalizado. Total de atualizações enviadas: 0
2026-09-02T04:16:00.170-03:00  INFO 22468 --- [ecommerce] [scheduling-1] c.d.e.service.SincronizacaoService       : Lendo VW_ECOMMERCE_PRECOS no banco de dados...
2026-09-02T04:16:00.244-03:00  INFO 22468 --- [ecommerce] [scheduling-1] c.d.e.service.SincronizacaoService       : Ciclo finalizado. Total de atualizações enviadas: 0
2026-09-02T04:17:00.000-03:00  INFO 22468 --- [ecommerce] [scheduling-1] c.d.e.service.SincronizacaoService       : Lendo VW_ECOMMERCE_PRECOS no banco de dados...
2026-09-02T04:17:00.056-03:00  INFO 22468 --- [ecommerce] [scheduling-1] c.d.e.service.SincronizacaoService       : Ciclo finalizado. Total de atualizações enviadas: 0
2026-09-02T04:17:00.056-03:00  INFO 22468 --- [ecommerce] [scheduling-1] c.d.e.s.SincronizacaoEstoqueService      : [ESTOQUE] Lendo VW_ECOMMERCE_ESTOQUE no banco de dados...
2026-09-02T04:17:00.087-03:00  INFO 22468 --- [ecommerce] [scheduling-1] c.d.e.s.SincronizacaoEstoqueService      : [ESTOQUE] Ciclo finalizado. Total de atualizações enviadas: 0
2026-09-02T04:18:00.000-03:00  INFO 22468 --- [ecommerce] [scheduling-1] c.d.e.s.SincronizacaoEstoqueService      : [ESTOQUE] Lendo VW_ECOMMERCE_ESTOQUE no banco de dados...
2026-09-02T04:18:00.074-03:00  INFO 22468 --- [ecommerce] [scheduling-1] c.d.e.s.SincronizacaoEstoqueService      : [ESTOQUE] Ciclo finalizado. Total de atualizações enviadas: 0
2026-09-02T04:18:00.074-03:00  INFO 22468 --- [ecommerce] [scheduling-1] c.d.e.service.SincronizacaoService       : Lendo VW_ECOMMERCE_PRECOS no banco de dados...
2026-09-02T04:18:00.115-03:00  INFO 22468 --- [ecommerce] [scheduling-1] c.d.e.service.SincronizacaoService       : Ciclo finalizado. Total de atualizações enviadas: 0
2026-09-02T04:19:00.000-03:00  INFO 22468 --- [ecommerce] [scheduling-1] c.d.e.s.SincronizacaoEstoqueService      : [ESTOQUE] Lendo VW_ECOMMERCE_ESTOQUE no banco de dados...
2026-09-02T04:19:00.046-03:00  INFO 22468 --- [ecommerce] [scheduling-1] c.d.e.s.SincronizacaoEstoqueService      : [ESTOQUE] Ciclo finalizado. Total de atualizações enviadas: 0
2026-09-02T04:19:00.046-03:00  INFO 22468 --- [ecommerce] [scheduling-1] c.d.e.service.SincronizacaoService       : Lendo VW_ECOMMERCE_PRECOS no banco de dados...
2026-09-02T04:19:00.223-03:00  INFO 22468 --- [ecommerce] [scheduling-1] c.d.e.service.SincronizacaoService       : Ciclo finalizado. Total de atualizações enviadas: 0
2026-09-02T04:20:00.001-03:00  INFO 22468 --- [ecommerce] [scheduling-1] c.d.e.s.SincronizacaoEstoqueService      : [ESTOQUE] Lendo VW_ECOMMERCE_ESTOQUE no banco de dados...
2026-09-02T04:20:00.083-03:00  INFO 22468 --- [ecommerce] [scheduling-1] c.d.e.s.SincronizacaoEstoqueService      : [ESTOQUE] Ciclo finalizado. Total de atualizações enviadas: 0
2026-09-02T04:20:00.083-03:00  INFO 22468 --- [ecommerce] [scheduling-1] c.d.e.service.SincronizacaoService       : Lendo VW_ECOMMERCE_PRECOS no banco de dados...
2026-09-02T04:20:00.128-03:00  INFO 22468 --- [ecommerce] [scheduling-1] c.d.e.service.SincronizacaoService       : Ciclo finalizado. Total de atualizações enviadas: 0
2026-09-02T04:21:00.000-03:00  INFO 22468 --- [ecommerce] [scheduling-1] c.d.e.service.SincronizacaoService       : Lendo VW_ECOMMERCE_PRECOS no banco de dados...
2026-09-02T04:21:00.051-03:00  INFO 22468 --- [ecommerce] [scheduling-1] c.d.e.service.SincronizacaoService       : Ciclo finalizado. Total de atualizações enviadas: 0
2026-09-02T04:21:00.051-03:00  INFO 22468 --- [ecommerce] [scheduling-1] c.d.e.s.SincronizacaoEstoqueService      : [ESTOQUE] Lendo VW_ECOMMERCE_ESTOQUE no banco de dados...
2026-09-02T04:21:00.077-03:00  INFO 22468 --- [ecommerce] [scheduling-1] c.d.e.s.SincronizacaoEstoqueService      : [ESTOQUE] Ciclo finalizado. Total de atualizações enviadas: 0
2026-09-02T04:22:00.000-03:00  INFO 22468 --- [ecommerce] [scheduling-1] c.d.e.s.SincronizacaoEstoqueService      : [ESTOQUE] Lendo VW_ECOMMERCE_ESTOQUE no banco de dados...
2026-09-02T04:22:00.072-03:00  INFO 22468 --- [ecommerce] [scheduling-1] c.d.e.s.SincronizacaoEstoqueService      : [ESTOQUE] Ciclo finalizado. Total de atualizações enviadas: 0
2026-09-02T04:22:00.072-03:00  INFO 22468 --- [ecommerce] [scheduling-1] c.d.e.service.SincronizacaoService       : Lendo VW_ECOMMERCE_PRECOS no banco de dados...
2026-09-02T04:22:00.115-03:00  INFO 22468 --- [ecommerce] [scheduling-1] c.d.e.service.SincronizacaoService       : Ciclo finalizado. Total de atualizações enviadas: 0
2026-09-02T04:23:00.000-03:00  INFO 22468 --- [ecommerce] [scheduling-1] c.d.e.service.SincronizacaoService       : Lendo VW_ECOMMERCE_PRECOS no banco de dados...
2026-09-02T04:23:00.055-03:00  INFO 22468 --- [ecommerce] [scheduling-1] c.d.e.service.SincronizacaoService       : Ciclo finalizado. Total de atualizações enviadas: 0
2026-09-02T04:23:00.056-03:00  INFO 22468 --- [ecommerce] [scheduling-1] c.d.e.s.SincronizacaoEstoqueService      : [ESTOQUE] Lendo VW_ECOMMERCE_ESTOQUE no banco de dados...
2026-09-02T04:23:00.089-03:00  INFO 22468 --- [ecommerce] [scheduling-1] c.d.e.s.SincronizacaoEstoqueService      : [ESTOQUE] Ciclo finalizado. Total de atualizações enviadas: 0
2026-09-02T04:24:00.000-03:00  INFO 22468 --- [ecommerce] [scheduling-1] c.d.e.service.SincronizacaoService       : Lendo VW_ECOMMERCE_PRECOS no banco de dados...
2026-09-02T04:24:00.096-03:00  INFO 22468 --- [ecommerce] [scheduling-1] c.d.e.service.SincronizacaoService       : Ciclo finalizado. Total de atualizações enviadas: 0
2026-09-02T04:24:00.097-03:00  INFO 22468 --- [ecommerce] [scheduling-1] c.d.e.s.SincronizacaoEstoqueService      : [ESTOQUE] Lendo VW_ECOMMERCE_ESTOQUE no banco de dados...
2026-09-02T04:24:00.121-03:00  INFO 22468 --- [ecommerce] [scheduling-1] c.d.e.s.SincronizacaoEstoqueService      : [ESTOQUE] Ciclo finalizado. Total de atualizações enviadas: 0
2026-09-02T04:24:59.999-03:00  INFO 22468 --- [ecommerce] [scheduling-1] c.d.e.service.SincronizacaoService       : Lendo VW_ECOMMERCE_PRECOS no banco de dados...
2026-09-02T04:25:00.166-03:00  INFO 22468 --- [ecommerce] [scheduling-1] c.d.e.service.SincronizacaoService       : Ciclo finalizado. Total de atualizações enviadas: 0
2026-09-02T04:25:00.166-03:00  INFO 22468 --- [ecommerce] [scheduling-1] c.d.e.s.SincronizacaoEstoqueService      : [ESTOQUE] Lendo VW_ECOMMERCE_ESTOQUE no banco de dados...
2026-09-02T04:25:00.338-03:00  INFO 22468 --- [ecommerce] [scheduling-1] c.d.e.s.SincronizacaoEstoqueService      : [ESTOQUE] Ciclo finalizado. Total de atualizações enviadas: 0
2026-09-02T04:26:00.000-03:00  INFO 22468 --- [ecommerce] [scheduling-1] c.d.e.s.SincronizacaoEstoqueService      : [ESTOQUE] Lendo VW_ECOMMERCE_ESTOQUE no banco de dados...
2026-09-02T04:26:00.050-03:00  INFO 22468 --- [ecommerce] [scheduling-1] c.d.e.s.SincronizacaoEstoqueService      : [ESTOQUE] Ciclo finalizado. Total de atualizações enviadas: 0
2026-09-02T04:26:00.050-03:00  INFO 22468 --- [ecommerce] [scheduling-1] c.d.e.service.SincronizacaoService       : Lendo VW_ECOMMERCE_PRECOS no banco de dados...
2026-09-02T04:26:00.094-03:00  INFO 22468 --- [ecommerce] [scheduling-1] c.d.e.service.SincronizacaoService       : Ciclo finalizado. Total de atualizações enviadas: 0
2026-09-02T04:27:00.000-03:00  INFO 22468 --- [ecommerce] [scheduling-1] c.d.e.service.SincronizacaoService       : Lendo VW_ECOMMERCE_PRECOS no banco de dados...
2026-09-02T04:27:00.085-03:00  INFO 22468 --- [ecommerce] [scheduling-1] c.d.e.service.SincronizacaoService       : Ciclo finalizado. Total de atualizações enviadas: 0
2026-09-02T04:27:00.085-03:00  INFO 22468 --- [ecommerce] [scheduling-1] c.d.e.s.SincronizacaoEstoqueService      : [ESTOQUE] Lendo VW_ECOMMERCE_ESTOQUE no banco de dados...
2026-09-02T04:27:00.109-03:00  INFO 22468 --- [ecommerce] [scheduling-1] c.d.e.s.SincronizacaoEstoqueService      : [ESTOQUE] Ciclo finalizado. Total de atualizações enviadas: 0
2026-09-02T04:28:00.000-03:00  INFO 22468 --- [ecommerce] [scheduling-1] c.d.e.service.SincronizacaoService       : Lendo VW_ECOMMERCE_PRECOS no banco de dados...
2026-09-02T04:28:00.058-03:00  INFO 22468 --- [ecommerce] [scheduling-1] c.d.e.service.SincronizacaoService       : Ciclo finalizado. Total de atualizações enviadas: 0
2026-09-02T04:28:00.059-03:00  INFO 22468 --- [ecommerce] [scheduling-1] c.d.e.s.SincronizacaoEstoqueService      : [ESTOQUE] Lendo VW_ECOMMERCE_ESTOQUE no banco de dados...
2026-09-02T04:28:00.090-03:00  INFO 22468 --- [ecommerce] [scheduling-1] c.d.e.s.SincronizacaoEstoqueService      : [ESTOQUE] Ciclo finalizado. Total de atualizações enviadas: 0
2026-09-02T04:28:59.999-03:00  INFO 22468 --- [ecommerce] [scheduling-1] c.d.e.service.SincronizacaoService       : Lendo VW_ECOMMERCE_PRECOS no banco de dados...
2026-09-02T04:29:00.083-03:00  INFO 22468 --- [ecommerce] [scheduling-1] c.d.e.service.SincronizacaoService       : Ciclo finalizado. Total de atualizações enviadas: 0
2026-09-02T04:29:00.083-03:00  INFO 22468 --- [ecommerce] [scheduling-1] c.d.e.s.SincronizacaoEstoqueService      : [ESTOQUE] Lendo VW_ECOMMERCE_ESTOQUE no banco de dados...
2026-09-02T04:29:00.107-03:00  INFO 22468 --- [ecommerce] [scheduling-1] c.d.e.s.SincronizacaoEstoqueService      : [ESTOQUE] Ciclo finalizado. Total de atualizações enviadas: 0
2026-09-02T04:30:00.000-03:00  INFO 22468 --- [ecommerce] [scheduling-1] c.d.e.s.SincronizacaoEstoqueService      : [ESTOQUE] Lendo VW_ECOMMERCE_ESTOQUE no banco de dados...
2026-09-02T04:30:00.040-03:00  INFO 22468 --- [ecommerce] [scheduling-1] c.d.e.s.SincronizacaoEstoqueService      : [ESTOQUE] Ciclo finalizado. Total de atualizações enviadas: 0
2026-09-02T04:30:00.040-03:00  INFO 22468 --- [ecommerce] [scheduling-1] c.d.e.service.SincronizacaoService       : Lendo VW_ECOMMERCE_PRECOS no banco de dados...
2026-09-02T04:30:00.086-03:00  INFO 22468 --- [ecommerce] [scheduling-1] c.d.e.service.SincronizacaoService       : Ciclo finalizado. Total de atualizações enviadas: 0
2026-09-02T04:31:00.000-03:00  INFO 22468 --- [ecommerce] [scheduling-1] c.d.e.service.SincronizacaoService       : Lendo VW_ECOMMERCE_PRECOS no banco de dados...
2026-09-02T04:31:00.096-03:00  INFO 22468 --- [ecommerce] [scheduling-1] c.d.e.service.SincronizacaoService       : Ciclo finalizado. Total de atualizações enviadas: 0
2026-09-02T04:31:00.096-03:00  INFO 22468 --- [ecommerce] [scheduling-1] c.d.e.s.SincronizacaoEstoqueService      : [ESTOQUE] Lendo VW_ECOMMERCE_ESTOQUE no banco de dados...
2026-09-02T04:31:00.119-03:00  INFO 22468 --- [ecommerce] [scheduling-1] c.d.e.s.SincronizacaoEstoqueService      : [ESTOQUE] Ciclo finalizado. Total de atualizações enviadas: 0
2026-09-02T04:32:00.000-03:00  INFO 22468 --- [ecommerce] [scheduling-1] c.d.e.service.SincronizacaoService       : Lendo VW_ECOMMERCE_PRECOS no banco de dados...
2026-09-02T04:32:00.056-03:00  INFO 22468 --- [ecommerce] [scheduling-1] c.d.e.service.SincronizacaoService       : Ciclo finalizado. Total de atualizações enviadas: 0
2026-09-02T04:32:00.056-03:00  INFO 22468 --- [ecommerce] [scheduling-1] c.d.e.s.SincronizacaoEstoqueService      : [ESTOQUE] Lendo VW_ECOMMERCE_ESTOQUE no banco de dados...
2026-09-02T04:32:00.086-03:00  INFO 22468 --- [ecommerce] [scheduling-1] c.d.e.s.SincronizacaoEstoqueService      : [ESTOQUE] Ciclo finalizado. Total de atualizações enviadas: 0
2026-09-02T04:33:00.001-03:00  INFO 22468 --- [ecommerce] [scheduling-1] c.d.e.service.SincronizacaoService       : Lendo VW_ECOMMERCE_PRECOS no banco de dados...
2026-09-02T04:33:00.085-03:00  INFO 22468 --- [ecommerce] [scheduling-1] c.d.e.service.SincronizacaoService       : Ciclo finalizado. Total de atualizações enviadas: 0
2026-09-02T04:33:00.085-03:00  INFO 22468 --- [ecommerce] [scheduling-1] c.d.e.s.SincronizacaoEstoqueService      : [ESTOQUE] Lendo VW_ECOMMERCE_ESTOQUE no banco de dados...
2026-09-02T04:33:00.104-03:00  INFO 22468 --- [ecommerce] [scheduling-1] c.d.e.s.SincronizacaoEstoqueService      : [ESTOQUE] Ciclo finalizado. Total de atualizações enviadas: 0
2026-09-02T04:33:59.999-03:00  INFO 22468 --- [ecommerce] [scheduling-1] c.d.e.s.SincronizacaoEstoqueService      : [ESTOQUE] Lendo VW_ECOMMERCE_ESTOQUE no banco de dados...
2026-09-02T04:34:00.050-03:00  INFO 22468 --- [ecommerce] [scheduling-1] c.d.e.s.SincronizacaoEstoqueService      : [ESTOQUE] Ciclo finalizado. Total de atualizações enviadas: 0
2026-09-02T04:34:00.051-03:00  INFO 22468 --- [ecommerce] [scheduling-1] c.d.e.service.SincronizacaoService       : Lendo VW_ECOMMERCE_PRECOS no banco de dados...
2026-09-02T04:34:00.096-03:00  INFO 22468 --- [ecommerce] [scheduling-1] c.d.e.service.SincronizacaoService       : Ciclo finalizado. Total de atualizações enviadas: 0
2026-09-02T04:34:59.999-03:00  INFO 22468 --- [ecommerce] [scheduling-1] c.d.e.s.SincronizacaoEstoqueService      : [ESTOQUE] Lendo VW_ECOMMERCE_ESTOQUE no banco de dados...
2026-09-02T04:35:00.103-03:00  INFO 22468 --- [ecommerce] [scheduling-1] c.d.e.s.SincronizacaoEstoqueService      : [ESTOQUE] Ciclo finalizado. Total de atualizações enviadas: 0
2026-09-02T04:35:00.104-03:00  INFO 22468 --- [ecommerce] [scheduling-1] c.d.e.service.SincronizacaoService       : Lendo VW_ECOMMERCE_PRECOS no banco de dados...
2026-09-02T04:35:00.151-03:00  INFO 22468 --- [ecommerce] [scheduling-1] c.d.e.service.SincronizacaoService       : Ciclo finalizado. Total de atualizações enviadas: 0
2026-09-02T04:36:00.000-03:00  INFO 22468 --- [ecommerce] [scheduling-1] c.d.e.s.SincronizacaoEstoqueService      : [ESTOQUE] Lendo VW_ECOMMERCE_ESTOQUE no banco de dados...
2026-09-02T04:36:00.076-03:00  INFO 22468 --- [ecommerce] [scheduling-1] c.d.e.s.SincronizacaoEstoqueService      : [ESTOQUE] Ciclo finalizado. Total de atualizações enviadas: 0
2026-09-02T04:36:00.076-03:00  INFO 22468 --- [ecommerce] [scheduling-1] c.d.e.service.SincronizacaoService       : Lendo VW_ECOMMERCE_PRECOS no banco de dados...
2026-09-02T04:36:00.121-03:00  INFO 22468 --- [ecommerce] [scheduling-1] c.d.e.service.SincronizacaoService       : Ciclo finalizado. Total de atualizações enviadas: 0
2026-09-02T04:37:00.000-03:00  INFO 22468 --- [ecommerce] [scheduling-1] c.d.e.service.SincronizacaoService       : Lendo VW_ECOMMERCE_PRECOS no banco de dados...
2026-09-02T04:37:00.065-03:00  INFO 22468 --- [ecommerce] [scheduling-1] c.d.e.service.SincronizacaoService       : Ciclo finalizado. Total de atualizações enviadas: 0
2026-09-02T04:37:00.066-03:00  INFO 22468 --- [ecommerce] [scheduling-1] c.d.e.s.SincronizacaoEstoqueService      : [ESTOQUE] Lendo VW_ECOMMERCE_ESTOQUE no banco de dados...
2026-09-02T04:37:00.102-03:00  INFO 22468 --- [ecommerce] [scheduling-1] c.d.e.s.SincronizacaoEstoqueService      : [ESTOQUE] Ciclo finalizado. Total de atualizações enviadas: 0
2026-09-02T04:38:00.000-03:00  INFO 22468 --- [ecommerce] [scheduling-1] c.d.e.service.SincronizacaoService       : Lendo VW_ECOMMERCE_PRECOS no banco de dados...
2026-09-02T04:38:00.097-03:00  INFO 22468 --- [ecommerce] [scheduling-1] c.d.e.service.SincronizacaoService       : Ciclo finalizado. Total de atualizações enviadas: 0
2026-09-02T04:38:00.097-03:00  INFO 22468 --- [ecommerce] [scheduling-1] c.d.e.s.SincronizacaoEstoqueService      : [ESTOQUE] Lendo VW_ECOMMERCE_ESTOQUE no banco de dados...
2026-09-02T04:38:00.119-03:00  INFO 22468 --- [ecommerce] [scheduling-1] c.d.e.s.SincronizacaoEstoqueService      : [ESTOQUE] Ciclo finalizado. Total de atualizações enviadas: 0
2026-09-02T04:39:00.001-03:00  INFO 22468 --- [ecommerce] [scheduling-1] c.d.e.service.SincronizacaoService       : Lendo VW_ECOMMERCE_PRECOS no banco de dados...
2026-09-02T04:39:00.053-03:00  INFO 22468 --- [ecommerce] [scheduling-1] c.d.e.service.SincronizacaoService       : Ciclo finalizado. Total de atualizações enviadas: 0
2026-09-02T04:39:00.053-03:00  INFO 22468 --- [ecommerce] [scheduling-1] c.d.e.s.SincronizacaoEstoqueService      : [ESTOQUE] Lendo VW_ECOMMERCE_ESTOQUE no banco de dados...
2026-09-02T04:39:00.086-03:00  INFO 22468 --- [ecommerce] [scheduling-1] c.d.e.s.SincronizacaoEstoqueService      : [ESTOQUE] Ciclo finalizado. Total de atualizações enviadas: 0
2026-09-02T04:40:00.001-03:00  INFO 22468 --- [ecommerce] [scheduling-1] c.d.e.service.SincronizacaoService       : Lendo VW_ECOMMERCE_PRECOS no banco de dados...
2026-09-02T04:40:00.090-03:00  INFO 22468 --- [ecommerce] [scheduling-1] c.d.e.service.SincronizacaoService       : Ciclo finalizado. Total de atualizações enviadas: 0
2026-09-02T04:40:00.090-03:00  INFO 22468 --- [ecommerce] [scheduling-1] c.d.e.s.SincronizacaoEstoqueService      : [ESTOQUE] Lendo VW_ECOMMERCE_ESTOQUE no banco de dados...
2026-09-02T04:40:00.108-03:00  INFO 22468 --- [ecommerce] [scheduling-1] c.d.e.s.SincronizacaoEstoqueService      : [ESTOQUE] Ciclo finalizado. Total de atualizações enviadas: 0
2026-09-02T04:40:59.999-03:00  INFO 22468 --- [ecommerce] [scheduling-1] c.d.e.s.SincronizacaoEstoqueService      : [ESTOQUE] Lendo VW_ECOMMERCE_ESTOQUE no banco de dados...
2026-09-02T04:41:00.059-03:00  INFO 22468 --- [ecommerce] [scheduling-1] c.d.e.s.SincronizacaoEstoqueService      : [ESTOQUE] Ciclo finalizado. Total de atualizações enviadas: 0
2026-09-02T04:41:00.060-03:00  INFO 22468 --- [ecommerce] [scheduling-1] c.d.e.service.SincronizacaoService       : Lendo VW_ECOMMERCE_PRECOS no banco de dados...
2026-09-02T04:41:00.104-03:00  INFO 22468 --- [ecommerce] [scheduling-1] c.d.e.service.SincronizacaoService       : Ciclo finalizado. Total de atualizações enviadas: 0
2026-09-02T04:42:00.001-03:00  INFO 22468 --- [ecommerce] [scheduling-1] c.d.e.s.SincronizacaoEstoqueService      : [ESTOQUE] Lendo VW_ECOMMERCE_ESTOQUE no banco de dados...
2026-09-02T04:42:00.080-03:00  INFO 22468 --- [ecommerce] [scheduling-1] c.d.e.s.SincronizacaoEstoqueService      : [ESTOQUE] Ciclo finalizado. Total de atualizações enviadas: 0
2026-09-02T04:42:00.080-03:00  INFO 22468 --- [ecommerce] [scheduling-1] c.d.e.service.SincronizacaoService       : Lendo VW_ECOMMERCE_PRECOS no banco de dados...
2026-09-02T04:42:00.126-03:00  INFO 22468 --- [ecommerce] [scheduling-1] c.d.e.service.SincronizacaoService       : Ciclo finalizado. Total de atualizações enviadas: 0
2026-09-02T04:43:00.000-03:00  INFO 22468 --- [ecommerce] [scheduling-1] c.d.e.service.SincronizacaoService       : Lendo VW_ECOMMERCE_PRECOS no banco de dados...
2026-09-02T04:43:00.053-03:00  INFO 22468 --- [ecommerce] [scheduling-1] c.d.e.service.SincronizacaoService       : Ciclo finalizado. Total de atualizações enviadas: 0
2026-09-02T04:43:00.053-03:00  INFO 22468 --- [ecommerce] [scheduling-1] c.d.e.s.SincronizacaoEstoqueService      : [ESTOQUE] Lendo VW_ECOMMERCE_ESTOQUE no banco de dados...
2026-09-02T04:43:00.084-03:00  INFO 22468 --- [ecommerce] [scheduling-1] c.d.e.s.SincronizacaoEstoqueService      : [ESTOQUE] Ciclo finalizado. Total de atualizações enviadas: 0
2026-09-02T04:44:00.000-03:00  INFO 22468 --- [ecommerce] [scheduling-1] c.d.e.service.SincronizacaoService       : Lendo VW_ECOMMERCE_PRECOS no banco de dados...
2026-09-02T04:44:00.055-03:00  INFO 22468 --- [ecommerce] [scheduling-1] c.d.e.service.SincronizacaoService       : Ciclo finalizado. Total de atualizações enviadas: 0
2026-09-02T04:44:00.056-03:00  INFO 22468 --- [ecommerce] [scheduling-1] c.d.e.s.SincronizacaoEstoqueService      : [ESTOQUE] Lendo VW_ECOMMERCE_ESTOQUE no banco de dados...
2026-09-02T04:44:00.088-03:00  INFO 22468 --- [ecommerce] [scheduling-1] c.d.e.s.SincronizacaoEstoqueService      : [ESTOQUE] Ciclo finalizado. Total de atualizações enviadas: 0
2026-09-02T04:45:00.000-03:00  INFO 22468 --- [ecommerce] [scheduling-1] c.d.e.service.SincronizacaoService       : Lendo VW_ECOMMERCE_PRECOS no banco de dados...
2026-09-02T04:45:00.055-03:00  INFO 22468 --- [ecommerce] [scheduling-1] c.d.e.service.SincronizacaoService       : Ciclo finalizado. Total de atualizações enviadas: 0
2026-09-02T04:45:00.055-03:00  INFO 22468 --- [ecommerce] [scheduling-1] c.d.e.s.SincronizacaoEstoqueService      : [ESTOQUE] Lendo VW_ECOMMERCE_ESTOQUE no banco de dados...
2026-09-02T04:45:00.087-03:00  INFO 22468 --- [ecommerce] [scheduling-1] c.d.e.s.SincronizacaoEstoqueService      : [ESTOQUE] Ciclo finalizado. Total de atualizações enviadas: 0
2026-09-02T04:46:00.000-03:00  INFO 22468 --- [ecommerce] [scheduling-1] c.d.e.s.SincronizacaoEstoqueService      : [ESTOQUE] Lendo VW_ECOMMERCE_ESTOQUE no banco de dados...
2026-09-02T04:46:00.046-03:00  INFO 22468 --- [ecommerce] [scheduling-1] c.d.e.s.SincronizacaoEstoqueService      : [ESTOQUE] Ciclo finalizado. Total de atualizações enviadas: 0
2026-09-02T04:46:00.046-03:00  INFO 22468 --- [ecommerce] [scheduling-1] c.d.e.service.SincronizacaoService       : Lendo VW_ECOMMERCE_PRECOS no banco de dados...
2026-09-02T04:46:00.091-03:00  INFO 22468 --- [ecommerce] [scheduling-1] c.d.e.service.SincronizacaoService       : Ciclo finalizado. Total de atualizações enviadas: 0
2026-09-02T04:47:00.000-03:00  INFO 22468 --- [ecommerce] [scheduling-1] c.d.e.s.SincronizacaoEstoqueService      : [ESTOQUE] Lendo VW_ECOMMERCE_ESTOQUE no banco de dados...
2026-09-02T04:47:00.081-03:00  INFO 22468 --- [ecommerce] [scheduling-1] c.d.e.s.SincronizacaoEstoqueService      : [ESTOQUE] Ciclo finalizado. Total de atualizações enviadas: 0
2026-09-02T04:47:00.081-03:00  INFO 22468 --- [ecommerce] [scheduling-1] c.d.e.service.SincronizacaoService       : Lendo VW_ECOMMERCE_PRECOS no banco de dados...
2026-09-02T04:47:00.124-03:00  INFO 22468 --- [ecommerce] [scheduling-1] c.d.e.service.SincronizacaoService       : Ciclo finalizado. Total de atualizações enviadas: 0
2026-09-02T04:48:00.000-03:00  INFO 22468 --- [ecommerce] [scheduling-1] c.d.e.s.SincronizacaoEstoqueService      : [ESTOQUE] Lendo VW_ECOMMERCE_ESTOQUE no banco de dados...
2026-09-02T04:48:00.045-03:00  INFO 22468 --- [ecommerce] [scheduling-1] c.d.e.s.SincronizacaoEstoqueService      : [ESTOQUE] Ciclo finalizado. Total de atualizações enviadas: 0
2026-09-02T04:48:00.045-03:00  INFO 22468 --- [ecommerce] [scheduling-1] c.d.e.service.SincronizacaoService       : Lendo VW_ECOMMERCE_PRECOS no banco de dados...
2026-09-02T04:48:00.090-03:00  INFO 22468 --- [ecommerce] [scheduling-1] c.d.e.service.SincronizacaoService       : Ciclo finalizado. Total de atualizações enviadas: 0
2026-09-02T04:49:00.000-03:00  INFO 22468 --- [ecommerce] [scheduling-1] c.d.e.service.SincronizacaoService       : Lendo VW_ECOMMERCE_PRECOS no banco de dados...
2026-09-02T04:49:00.090-03:00  INFO 22468 --- [ecommerce] [scheduling-1] c.d.e.service.SincronizacaoService       : Ciclo finalizado. Total de atualizações enviadas: 0
2026-09-02T04:49:00.090-03:00  INFO 22468 --- [ecommerce] [scheduling-1] c.d.e.s.SincronizacaoEstoqueService      : [ESTOQUE] Lendo VW_ECOMMERCE_ESTOQUE no banco de dados...
2026-09-02T04:49:00.114-03:00  INFO 22468 --- [ecommerce] [scheduling-1] c.d.e.s.SincronizacaoEstoqueService      : [ESTOQUE] Ciclo finalizado. Total de atualizações enviadas: 0
2026-09-02T04:50:00.000-03:00  INFO 22468 --- [ecommerce] [scheduling-1] c.d.e.service.SincronizacaoService       : Lendo VW_ECOMMERCE_PRECOS no banco de dados...
2026-09-02T04:50:00.053-03:00  INFO 22468 --- [ecommerce] [scheduling-1] c.d.e.service.SincronizacaoService       : Ciclo finalizado. Total de atualizações enviadas: 0
2026-09-02T04:50:00.053-03:00  INFO 22468 --- [ecommerce] [scheduling-1] c.d.e.s.SincronizacaoEstoqueService      : [ESTOQUE] Lendo VW_ECOMMERCE_ESTOQUE no banco de dados...
2026-09-02T04:50:00.084-03:00  INFO 22468 --- [ecommerce] [scheduling-1] c.d.e.s.SincronizacaoEstoqueService      : [ESTOQUE] Ciclo finalizado. Total de atualizações enviadas: 0
2026-09-02T04:51:00.001-03:00  INFO 22468 --- [ecommerce] [scheduling-1] c.d.e.service.SincronizacaoService       : Lendo VW_ECOMMERCE_PRECOS no banco de dados...
2026-09-02T04:51:00.101-03:00  INFO 22468 --- [ecommerce] [scheduling-1] c.d.e.service.SincronizacaoService       : Ciclo finalizado. Total de atualizações enviadas: 0
2026-09-02T04:51:00.101-03:00  INFO 22468 --- [ecommerce] [scheduling-1] c.d.e.s.SincronizacaoEstoqueService      : [ESTOQUE] Lendo VW_ECOMMERCE_ESTOQUE no banco de dados...
2026-09-02T04:51:00.121-03:00  INFO 22468 --- [ecommerce] [scheduling-1] c.d.e.s.SincronizacaoEstoqueService      : [ESTOQUE] Ciclo finalizado. Total de atualizações enviadas: 0
2026-09-02T04:52:00.000-03:00  INFO 22468 --- [ecommerce] [scheduling-1] c.d.e.s.SincronizacaoEstoqueService      : [ESTOQUE] Lendo VW_ECOMMERCE_ESTOQUE no banco de dados...
2026-09-02T04:52:00.055-03:00  INFO 22468 --- [ecommerce] [scheduling-1] c.d.e.s.SincronizacaoEstoqueService      : [ESTOQUE] Ciclo finalizado. Total de atualizações enviadas: 0
2026-09-02T04:52:00.055-03:00  INFO 22468 --- [ecommerce] [scheduling-1] c.d.e.service.SincronizacaoService       : Lendo VW_ECOMMERCE_PRECOS no banco de dados...
2026-09-02T04:52:00.100-03:00  INFO 22468 --- [ecommerce] [scheduling-1] c.d.e.service.SincronizacaoService       : Ciclo finalizado. Total de atualizações enviadas: 0
2026-09-02T04:53:00.000-03:00  INFO 22468 --- [ecommerce] [scheduling-1] c.d.e.s.SincronizacaoEstoqueService      : [ESTOQUE] Lendo VW_ECOMMERCE_ESTOQUE no banco de dados...
2026-09-02T04:53:00.091-03:00  INFO 22468 --- [ecommerce] [scheduling-1] c.d.e.s.SincronizacaoEstoqueService      : [ESTOQUE] Ciclo finalizado. Total de atualizações enviadas: 0
2026-09-02T04:53:00.091-03:00  INFO 22468 --- [ecommerce] [scheduling-1] c.d.e.service.SincronizacaoService       : Lendo VW_ECOMMERCE_PRECOS no banco de dados...
2026-09-02T04:53:00.132-03:00  INFO 22468 --- [ecommerce] [scheduling-1] c.d.e.service.SincronizacaoService       : Ciclo finalizado. Total de atualizações enviadas: 0
2026-09-02T04:54:00.000-03:00  INFO 22468 --- [ecommerce] [scheduling-1] c.d.e.service.SincronizacaoService       : Lendo VW_ECOMMERCE_PRECOS no banco de dados...
2026-09-02T04:54:00.048-03:00  INFO 22468 --- [ecommerce] [scheduling-1] c.d.e.service.SincronizacaoService       : Ciclo finalizado. Total de atualizações enviadas: 0
2026-09-02T04:54:00.048-03:00  INFO 22468 --- [ecommerce] [scheduling-1] c.d.e.s.SincronizacaoEstoqueService      : [ESTOQUE] Lendo VW_ECOMMERCE_ESTOQUE no banco de dados...
2026-09-02T04:54:00.074-03:00  INFO 22468 --- [ecommerce] [scheduling-1] c.d.e.s.SincronizacaoEstoqueService      : [ESTOQUE] Ciclo finalizado. Total de atualizações enviadas: 0
2026-09-02T04:55:00.000-03:00  INFO 22468 --- [ecommerce] [scheduling-1] c.d.e.service.SincronizacaoService       : Lendo VW_ECOMMERCE_PRECOS no banco de dados...
2026-09-02T04:55:00.051-03:00  INFO 22468 --- [ecommerce] [scheduling-1] c.d.e.service.SincronizacaoService       : Ciclo finalizado. Total de atualizações enviadas: 0
2026-09-02T04:55:00.051-03:00  INFO 22468 --- [ecommerce] [scheduling-1] c.d.e.s.SincronizacaoEstoqueService      : [ESTOQUE] Lendo VW_ECOMMERCE_ESTOQUE no banco de dados...
2026-09-02T04:55:00.085-03:00  INFO 22468 --- [ecommerce] [scheduling-1] c.d.e.s.SincronizacaoEstoqueService      : [ESTOQUE] Ciclo finalizado. Total de atualizações enviadas: 0
2026-09-02T04:55:59.999-03:00  INFO 22468 --- [ecommerce] [scheduling-1] c.d.e.s.SincronizacaoEstoqueService      : [ESTOQUE] Lendo VW_ECOMMERCE_ESTOQUE no banco de dados...
2026-09-02T04:56:00.082-03:00  INFO 22468 --- [ecommerce] [scheduling-1] c.d.e.s.SincronizacaoEstoqueService      : [ESTOQUE] Ciclo finalizado. Total de atualizações enviadas: 0
2026-09-02T04:56:00.082-03:00  INFO 22468 --- [ecommerce] [scheduling-1] c.d.e.service.SincronizacaoService       : Lendo VW_ECOMMERCE_PRECOS no banco de dados...
2026-09-02T04:56:00.126-03:00  INFO 22468 --- [ecommerce] [scheduling-1] c.d.e.service.SincronizacaoService       : Ciclo finalizado. Total de atualizações enviadas: 0
2026-09-02T04:57:00.000-03:00  INFO 22468 --- [ecommerce] [scheduling-1] c.d.e.s.SincronizacaoEstoqueService      : [ESTOQUE] Lendo VW_ECOMMERCE_ESTOQUE no banco de dados...
2026-09-02T04:57:00.064-03:00  INFO 22468 --- [ecommerce] [scheduling-1] c.d.e.s.SincronizacaoEstoqueService      : [ESTOQUE] Ciclo finalizado. Total de atualizações enviadas: 0
2026-09-02T04:57:00.064-03:00  INFO 22468 --- [ecommerce] [scheduling-1] c.d.e.service.SincronizacaoService       : Lendo VW_ECOMMERCE_PRECOS no banco de dados...
2026-09-02T04:57:00.105-03:00  INFO 22468 --- [ecommerce] [scheduling-1] c.d.e.service.SincronizacaoService       : Ciclo finalizado. Total de atualizações enviadas: 0
2026-09-02T04:58:00.000-03:00  INFO 22468 --- [ecommerce] [scheduling-1] c.d.e.s.SincronizacaoEstoqueService      : [ESTOQUE] Lendo VW_ECOMMERCE_ESTOQUE no banco de dados...
2026-09-02T04:58:00.082-03:00  INFO 22468 --- [ecommerce] [scheduling-1] c.d.e.s.SincronizacaoEstoqueService      : [ESTOQUE] Ciclo finalizado. Total de atualizações enviadas: 0
2026-09-02T04:58:00.083-03:00  INFO 22468 --- [ecommerce] [scheduling-1] c.d.e.service.SincronizacaoService       : Lendo VW_ECOMMERCE_PRECOS no banco de dados...
2026-09-02T04:58:00.125-03:00  INFO 22468 --- [ecommerce] [scheduling-1] c.d.e.service.SincronizacaoService       : Ciclo finalizado. Total de atualizações enviadas: 0
2026-09-02T04:59:00.000-03:00  INFO 22468 --- [ecommerce] [scheduling-1] c.d.e.s.SincronizacaoEstoqueService      : [ESTOQUE] Lendo VW_ECOMMERCE_ESTOQUE no banco de dados...
2026-09-02T04:59:00.088-03:00  INFO 22468 --- [ecommerce] [scheduling-1] c.d.e.s.SincronizacaoEstoqueService      : [ESTOQUE] Ciclo finalizado. Total de atualizações enviadas: 0
2026-09-02T04:59:00.088-03:00  INFO 22468 --- [ecommerce] [scheduling-1] c.d.e.service.SincronizacaoService       : Lendo VW_ECOMMERCE_PRECOS no banco de dados...
2026-09-02T04:59:00.132-03:00  INFO 22468 --- [ecommerce] [scheduling-1] c.d.e.service.SincronizacaoService       : Ciclo finalizado. Total de atualizações enviadas: 0
2026-09-02T05:00:00.001-03:00  INFO 22468 --- [ecommerce] [scheduling-1] c.d.e.s.SincronizacaoEstoqueService      : [ESTOQUE] Lendo VW_ECOMMERCE_ESTOQUE no banco de dados...
2026-09-02T05:00:00.096-03:00  INFO 22468 --- [ecommerce] [scheduling-1] c.d.e.s.SincronizacaoEstoqueService      : [ESTOQUE] Ciclo finalizado. Total de atualizações enviadas: 0
2026-09-02T05:00:00.097-03:00  INFO 22468 --- [ecommerce] [scheduling-1] c.d.e.service.SincronizacaoService       : Lendo VW_ECOMMERCE_PRECOS no banco de dados...
2026-09-02T05:00:00.143-03:00  INFO 22468 --- [ecommerce] [scheduling-1] c.d.e.service.SincronizacaoService       : Ciclo finalizado. Total de atualizações enviadas: 0
2026-09-02T05:01:00.001-03:00  INFO 22468 --- [ecommerce] [scheduling-1] c.d.e.service.SincronizacaoService       : Lendo VW_ECOMMERCE_PRECOS no banco de dados...
2026-09-02T05:01:00.116-03:00  INFO 22468 --- [ecommerce] [scheduling-1] c.d.e.service.SincronizacaoService       : Ciclo finalizado. Total de atualizações enviadas: 0
2026-09-02T05:01:00.116-03:00  INFO 22468 --- [ecommerce] [scheduling-1] c.d.e.s.SincronizacaoEstoqueService      : [ESTOQUE] Lendo VW_ECOMMERCE_ESTOQUE no banco de dados...
2026-09-02T05:01:00.134-03:00  INFO 22468 --- [ecommerce] [scheduling-1] c.d.e.s.SincronizacaoEstoqueService      : [ESTOQUE] Ciclo finalizado. Total de atualizações enviadas: 0
2026-09-02T05:02:00.000-03:00  INFO 22468 --- [ecommerce] [scheduling-1] c.d.e.s.SincronizacaoEstoqueService      : [ESTOQUE] Lendo VW_ECOMMERCE_ESTOQUE no banco de dados...
2026-09-02T05:02:00.054-03:00  INFO 22468 --- [ecommerce] [scheduling-1] c.d.e.s.SincronizacaoEstoqueService      : [ESTOQUE] Ciclo finalizado. Total de atualizações enviadas: 0
2026-09-02T05:02:00.055-03:00  INFO 22468 --- [ecommerce] [scheduling-1] c.d.e.service.SincronizacaoService       : Lendo VW_ECOMMERCE_PRECOS no banco de dados...
2026-09-02T05:02:00.104-03:00  INFO 22468 --- [ecommerce] [scheduling-1] c.d.e.service.SincronizacaoService       : Ciclo finalizado. Total de atualizações enviadas: 0
2026-09-02T05:03:00.001-03:00  INFO 22468 --- [ecommerce] [scheduling-1] c.d.e.s.SincronizacaoEstoqueService      : [ESTOQUE] Lendo VW_ECOMMERCE_ESTOQUE no banco de dados...
2026-09-02T05:03:00.078-03:00  INFO 22468 --- [ecommerce] [scheduling-1] c.d.e.s.SincronizacaoEstoqueService      : [ESTOQUE] Ciclo finalizado. Total de atualizações enviadas: 0
2026-09-02T05:03:00.078-03:00  INFO 22468 --- [ecommerce] [scheduling-1] c.d.e.service.SincronizacaoService       : Lendo VW_ECOMMERCE_PRECOS no banco de dados...
2026-09-02T05:03:00.132-03:00  INFO 22468 --- [ecommerce] [scheduling-1] c.d.e.service.SincronizacaoService       : Ciclo finalizado. Total de atualizações enviadas: 0
2026-09-02T05:03:59.999-03:00  INFO 22468 --- [ecommerce] [scheduling-1] c.d.e.service.SincronizacaoService       : Lendo VW_ECOMMERCE_PRECOS no banco de dados...
2026-09-02T05:04:00.115-03:00  INFO 22468 --- [ecommerce] [scheduling-1] c.d.e.service.SincronizacaoService       : Ciclo finalizado. Total de atualizações enviadas: 0
2026-09-02T05:04:00.116-03:00  INFO 22468 --- [ecommerce] [scheduling-1] c.d.e.s.SincronizacaoEstoqueService      : [ESTOQUE] Lendo VW_ECOMMERCE_ESTOQUE no banco de dados...
2026-09-02T05:04:00.145-03:00  INFO 22468 --- [ecommerce] [scheduling-1] c.d.e.s.SincronizacaoEstoqueService      : [ESTOQUE] Ciclo finalizado. Total de atualizações enviadas: 0
2026-09-02T05:05:00.000-03:00  INFO 22468 --- [ecommerce] [scheduling-1] c.d.e.service.SincronizacaoService       : Lendo VW_ECOMMERCE_PRECOS no banco de dados...
2026-09-02T05:05:00.207-03:00  INFO 22468 --- [ecommerce] [scheduling-1] c.d.e.service.SincronizacaoService       : Ciclo finalizado. Total de atualizações enviadas: 0
2026-09-02T05:05:00.207-03:00  INFO 22468 --- [ecommerce] [scheduling-1] c.d.e.s.SincronizacaoEstoqueService      : [ESTOQUE] Lendo VW_ECOMMERCE_ESTOQUE no banco de dados...
2026-09-02T05:05:00.245-03:00  INFO 22468 --- [ecommerce] [scheduling-1] c.d.e.s.SincronizacaoEstoqueService      : [ESTOQUE] Ciclo finalizado. Total de atualizações enviadas: 0
2026-09-02T05:06:00.000-03:00  INFO 22468 --- [ecommerce] [scheduling-1] c.d.e.s.SincronizacaoEstoqueService      : [ESTOQUE] Lendo VW_ECOMMERCE_ESTOQUE no banco de dados...
2026-09-02T05:06:00.055-03:00  INFO 22468 --- [ecommerce] [scheduling-1] c.d.e.s.SincronizacaoEstoqueService      : [ESTOQUE] Ciclo finalizado. Total de atualizações enviadas: 0
2026-09-02T05:06:00.055-03:00  INFO 22468 --- [ecommerce] [scheduling-1] c.d.e.service.SincronizacaoService       : Lendo VW_ECOMMERCE_PRECOS no banco de dados...
2026-09-02T05:06:00.135-03:00  INFO 22468 --- [ecommerce] [scheduling-1] c.d.e.service.SincronizacaoService       : Ciclo finalizado. Total de atualizações enviadas: 0
2026-09-02T05:07:00.001-03:00  INFO 22468 --- [ecommerce] [scheduling-1] c.d.e.service.SincronizacaoService       : Lendo VW_ECOMMERCE_PRECOS no banco de dados...
2026-09-02T05:07:00.091-03:00  INFO 22468 --- [ecommerce] [scheduling-1] c.d.e.service.SincronizacaoService       : Ciclo finalizado. Total de atualizações enviadas: 0
2026-09-02T05:07:00.091-03:00  INFO 22468 --- [ecommerce] [scheduling-1] c.d.e.s.SincronizacaoEstoqueService      : [ESTOQUE] Lendo VW_ECOMMERCE_ESTOQUE no banco de dados...
2026-09-02T05:07:00.111-03:00  INFO 22468 --- [ecommerce] [scheduling-1] c.d.e.s.SincronizacaoEstoqueService      : [ESTOQUE] Ciclo finalizado. Total de atualizações enviadas: 0
2026-09-02T05:08:00.001-03:00  INFO 22468 --- [ecommerce] [scheduling-1] c.d.e.service.SincronizacaoService       : Lendo VW_ECOMMERCE_PRECOS no banco de dados...
2026-09-02T05:08:00.099-03:00  INFO 22468 --- [ecommerce] [scheduling-1] c.d.e.service.SincronizacaoService       : Ciclo finalizado. Total de atualizações enviadas: 0
2026-09-02T05:08:00.099-03:00  INFO 22468 --- [ecommerce] [scheduling-1] c.d.e.s.SincronizacaoEstoqueService      : [ESTOQUE] Lendo VW_ECOMMERCE_ESTOQUE no banco de dados...
2026-09-02T05:08:00.123-03:00  INFO 22468 --- [ecommerce] [scheduling-1] c.d.e.s.SincronizacaoEstoqueService      : [ESTOQUE] Ciclo finalizado. Total de atualizações enviadas: 0
2026-09-02T05:09:00.001-03:00  INFO 22468 --- [ecommerce] [scheduling-1] c.d.e.s.SincronizacaoEstoqueService      : [ESTOQUE] Lendo VW_ECOMMERCE_ESTOQUE no banco de dados...
2026-09-02T05:09:00.091-03:00  INFO 22468 --- [ecommerce] [scheduling-1] c.d.e.s.SincronizacaoEstoqueService      : [ESTOQUE] Ciclo finalizado. Total de atualizações enviadas: 0
2026-09-02T05:09:00.091-03:00  INFO 22468 --- [ecommerce] [scheduling-1] c.d.e.service.SincronizacaoService       : Lendo VW_ECOMMERCE_PRECOS no banco de dados...
2026-09-02T05:09:00.136-03:00  INFO 22468 --- [ecommerce] [scheduling-1] c.d.e.service.SincronizacaoService       : Ciclo finalizado. Total de atualizações enviadas: 0
2026-09-02T05:10:00.000-03:00  INFO 22468 --- [ecommerce] [scheduling-1] c.d.e.s.SincronizacaoEstoqueService      : [ESTOQUE] Lendo VW_ECOMMERCE_ESTOQUE no banco de dados...
2026-09-02T05:10:00.089-03:00  INFO 22468 --- [ecommerce] [scheduling-1] c.d.e.s.SincronizacaoEstoqueService      : [ESTOQUE] Ciclo finalizado. Total de atualizações enviadas: 0
2026-09-02T05:10:00.090-03:00  INFO 22468 --- [ecommerce] [scheduling-1] c.d.e.service.SincronizacaoService       : Lendo VW_ECOMMERCE_PRECOS no banco de dados...
2026-09-02T05:10:00.181-03:00  INFO 22468 --- [ecommerce] [scheduling-1] c.d.e.service.SincronizacaoService       : Ciclo finalizado. Total de atualizações enviadas: 0
2026-09-02T05:11:00.000-03:00  INFO 22468 --- [ecommerce] [scheduling-1] c.d.e.s.SincronizacaoEstoqueService      : [ESTOQUE] Lendo VW_ECOMMERCE_ESTOQUE no banco de dados...
2026-09-02T05:11:00.082-03:00  INFO 22468 --- [ecommerce] [scheduling-1] c.d.e.s.SincronizacaoEstoqueService      : [ESTOQUE] Ciclo finalizado. Total de atualizações enviadas: 0
2026-09-02T05:11:00.082-03:00  INFO 22468 --- [ecommerce] [scheduling-1] c.d.e.service.SincronizacaoService       : Lendo VW_ECOMMERCE_PRECOS no banco de dados...
2026-09-02T05:11:00.132-03:00  INFO 22468 --- [ecommerce] [scheduling-1] c.d.e.service.SincronizacaoService       : Ciclo finalizado. Total de atualizações enviadas: 0
2026-09-02T05:12:00.000-03:00  INFO 22468 --- [ecommerce] [scheduling-1] c.d.e.s.SincronizacaoEstoqueService      : [ESTOQUE] Lendo VW_ECOMMERCE_ESTOQUE no banco de dados...
2026-09-02T05:12:00.032-03:00  INFO 22468 --- [ecommerce] [scheduling-1] c.d.e.s.SincronizacaoEstoqueService      : [ESTOQUE] Ciclo finalizado. Total de atualizações enviadas: 0
2026-09-02T05:12:00.032-03:00  INFO 22468 --- [ecommerce] [scheduling-1] c.d.e.service.SincronizacaoService       : Lendo VW_ECOMMERCE_PRECOS no banco de dados...
2026-09-02T05:12:00.091-03:00  INFO 22468 --- [ecommerce] [scheduling-1] c.d.e.service.SincronizacaoService       : Ciclo finalizado. Total de atualizações enviadas: 0
2026-09-02T05:13:00.001-03:00  INFO 22468 --- [ecommerce] [scheduling-1] c.d.e.s.SincronizacaoEstoqueService      : [ESTOQUE] Lendo VW_ECOMMERCE_ESTOQUE no banco de dados...
2026-09-02T05:13:00.087-03:00  INFO 22468 --- [ecommerce] [scheduling-1] c.d.e.s.SincronizacaoEstoqueService      : [ESTOQUE] Ciclo finalizado. Total de atualizações enviadas: 0
2026-09-02T05:13:00.087-03:00  INFO 22468 --- [ecommerce] [scheduling-1] c.d.e.service.SincronizacaoService       : Lendo VW_ECOMMERCE_PRECOS no banco de dados...
2026-09-02T05:13:00.131-03:00  INFO 22468 --- [ecommerce] [scheduling-1] c.d.e.service.SincronizacaoService       : Ciclo finalizado. Total de atualizações enviadas: 0
2026-09-02T05:14:00.000-03:00  INFO 22468 --- [ecommerce] [scheduling-1] c.d.e.service.SincronizacaoService       : Lendo VW_ECOMMERCE_PRECOS no banco de dados...
2026-09-02T05:14:00.104-03:00  INFO 22468 --- [ecommerce] [scheduling-1] c.d.e.service.SincronizacaoService       : Ciclo finalizado. Total de atualizações enviadas: 0
2026-09-02T05:14:00.104-03:00  INFO 22468 --- [ecommerce] [scheduling-1] c.d.e.s.SincronizacaoEstoqueService      : [ESTOQUE] Lendo VW_ECOMMERCE_ESTOQUE no banco de dados...
2026-09-02T05:14:00.126-03:00  INFO 22468 --- [ecommerce] [scheduling-1] c.d.e.s.SincronizacaoEstoqueService      : [ESTOQUE] Ciclo finalizado. Total de atualizações enviadas: 0
2026-09-02T05:15:00.000-03:00  INFO 22468 --- [ecommerce] [scheduling-1] c.d.e.s.SincronizacaoEstoqueService      : [ESTOQUE] Lendo VW_ECOMMERCE_ESTOQUE no banco de dados...
2026-09-02T05:15:00.059-03:00  INFO 22468 --- [ecommerce] [scheduling-1] c.d.e.s.SincronizacaoEstoqueService      : [ESTOQUE] Ciclo finalizado. Total de atualizações enviadas: 0
2026-09-02T05:15:00.060-03:00  INFO 22468 --- [ecommerce] [scheduling-1] c.d.e.service.SincronizacaoService       : Lendo VW_ECOMMERCE_PRECOS no banco de dados...
2026-09-02T05:15:00.106-03:00  INFO 22468 --- [ecommerce] [scheduling-1] c.d.e.service.SincronizacaoService       : Ciclo finalizado. Total de atualizações enviadas: 0
2026-09-02T05:16:00.000-03:00  INFO 22468 --- [ecommerce] [scheduling-1] c.d.e.s.SincronizacaoEstoqueService      : [ESTOQUE] Lendo VW_ECOMMERCE_ESTOQUE no banco de dados...
2026-09-02T05:16:00.061-03:00  INFO 22468 --- [ecommerce] [scheduling-1] c.d.e.s.SincronizacaoEstoqueService      : [ESTOQUE] Ciclo finalizado. Total de atualizações enviadas: 0
2026-09-02T05:16:00.062-03:00  INFO 22468 --- [ecommerce] [scheduling-1] c.d.e.service.SincronizacaoService       : Lendo VW_ECOMMERCE_PRECOS no banco de dados...
2026-09-02T05:16:00.178-03:00  INFO 22468 --- [ecommerce] [scheduling-1] c.d.e.service.SincronizacaoService       : Ciclo finalizado. Total de atualizações enviadas: 0
2026-09-02T05:17:00.001-03:00  INFO 22468 --- [ecommerce] [scheduling-1] c.d.e.s.SincronizacaoEstoqueService      : [ESTOQUE] Lendo VW_ECOMMERCE_ESTOQUE no banco de dados...
2026-09-02T05:17:00.064-03:00  INFO 22468 --- [ecommerce] [scheduling-1] c.d.e.s.SincronizacaoEstoqueService      : [ESTOQUE] Ciclo finalizado. Total de atualizações enviadas: 0
2026-09-02T05:17:00.065-03:00  INFO 22468 --- [ecommerce] [scheduling-1] c.d.e.service.SincronizacaoService       : Lendo VW_ECOMMERCE_PRECOS no banco de dados...
2026-09-02T05:17:00.112-03:00  INFO 22468 --- [ecommerce] [scheduling-1] c.d.e.service.SincronizacaoService       : Ciclo finalizado. Total de atualizações enviadas: 0
2026-09-02T05:18:00.001-03:00  INFO 22468 --- [ecommerce] [scheduling-1] c.d.e.s.SincronizacaoEstoqueService      : [ESTOQUE] Lendo VW_ECOMMERCE_ESTOQUE no banco de dados...
2026-09-02T05:18:00.092-03:00  INFO 22468 --- [ecommerce] [scheduling-1] c.d.e.s.SincronizacaoEstoqueService      : [ESTOQUE] Ciclo finalizado. Total de atualizações enviadas: 0
2026-09-02T05:18:00.092-03:00  INFO 22468 --- [ecommerce] [scheduling-1] c.d.e.service.SincronizacaoService       : Lendo VW_ECOMMERCE_PRECOS no banco de dados...
2026-09-02T05:18:00.138-03:00  INFO 22468 --- [ecommerce] [scheduling-1] c.d.e.service.SincronizacaoService       : Ciclo finalizado. Total de atualizações enviadas: 0
2026-09-02T05:19:00.001-03:00  INFO 22468 --- [ecommerce] [scheduling-1] c.d.e.s.SincronizacaoEstoqueService      : [ESTOQUE] Lendo VW_ECOMMERCE_ESTOQUE no banco de dados...
2026-09-02T05:19:00.043-03:00  INFO 22468 --- [ecommerce] [scheduling-1] c.d.e.s.SincronizacaoEstoqueService      : [ESTOQUE] Ciclo finalizado. Total de atualizações enviadas: 0
2026-09-02T05:19:00.044-03:00  INFO 22468 --- [ecommerce] [scheduling-1] c.d.e.service.SincronizacaoService       : Lendo VW_ECOMMERCE_PRECOS no banco de dados...
2026-09-02T05:19:00.107-03:00  INFO 22468 --- [ecommerce] [scheduling-1] c.d.e.service.SincronizacaoService       : Ciclo finalizado. Total de atualizações enviadas: 0
2026-09-02T05:20:00.000-03:00  INFO 22468 --- [ecommerce] [scheduling-1] c.d.e.s.SincronizacaoEstoqueService      : [ESTOQUE] Lendo VW_ECOMMERCE_ESTOQUE no banco de dados...
2026-09-02T05:20:00.089-03:00  INFO 22468 --- [ecommerce] [scheduling-1] c.d.e.s.SincronizacaoEstoqueService      : [ESTOQUE] Ciclo finalizado. Total de atualizações enviadas: 0
2026-09-02T05:20:00.090-03:00  INFO 22468 --- [ecommerce] [scheduling-1] c.d.e.service.SincronizacaoService       : Lendo VW_ECOMMERCE_PRECOS no banco de dados...
2026-09-02T05:20:00.142-03:00  INFO 22468 --- [ecommerce] [scheduling-1] c.d.e.service.SincronizacaoService       : Ciclo finalizado. Total de atualizações enviadas: 0
2026-09-02T05:21:00.000-03:00  INFO 22468 --- [ecommerce] [scheduling-1] c.d.e.s.SincronizacaoEstoqueService      : [ESTOQUE] Lendo VW_ECOMMERCE_ESTOQUE no banco de dados...
2026-09-02T05:21:00.052-03:00  INFO 22468 --- [ecommerce] [scheduling-1] c.d.e.s.SincronizacaoEstoqueService      : [ESTOQUE] Ciclo finalizado. Total de atualizações enviadas: 0
2026-09-02T05:21:00.052-03:00  INFO 22468 --- [ecommerce] [scheduling-1] c.d.e.service.SincronizacaoService       : Lendo VW_ECOMMERCE_PRECOS no banco de dados...
2026-09-02T05:21:00.103-03:00  INFO 22468 --- [ecommerce] [scheduling-1] c.d.e.service.SincronizacaoService       : Ciclo finalizado. Total de atualizações enviadas: 0
2026-09-02T05:22:00.000-03:00  INFO 22468 --- [ecommerce] [scheduling-1] c.d.e.service.SincronizacaoService       : Lendo VW_ECOMMERCE_PRECOS no banco de dados...
2026-09-02T05:22:00.102-03:00  INFO 22468 --- [ecommerce] [scheduling-1] c.d.e.service.SincronizacaoService       : Ciclo finalizado. Total de atualizações enviadas: 0
2026-09-02T05:22:00.103-03:00  INFO 22468 --- [ecommerce] [scheduling-1] c.d.e.s.SincronizacaoEstoqueService      : [ESTOQUE] Lendo VW_ECOMMERCE_ESTOQUE no banco de dados...
2026-09-02T05:22:00.128-03:00  INFO 22468 --- [ecommerce] [scheduling-1] c.d.e.s.SincronizacaoEstoqueService      : [ESTOQUE] Ciclo finalizado. Total de atualizações enviadas: 0
2026-09-02T05:22:59.999-03:00  INFO 22468 --- [ecommerce] [scheduling-1] c.d.e.service.SincronizacaoService       : Lendo VW_ECOMMERCE_PRECOS no banco de dados...
2026-09-02T05:23:00.051-03:00  INFO 22468 --- [ecommerce] [scheduling-1] c.d.e.service.SincronizacaoService       : Ciclo finalizado. Total de atualizações enviadas: 0
2026-09-02T05:23:00.051-03:00  INFO 22468 --- [ecommerce] [scheduling-1] c.d.e.s.SincronizacaoEstoqueService      : [ESTOQUE] Lendo VW_ECOMMERCE_ESTOQUE no banco de dados...
2026-09-02T05:23:00.071-03:00  INFO 22468 --- [ecommerce] [scheduling-1] c.d.e.s.SincronizacaoEstoqueService      : [ESTOQUE] Ciclo finalizado. Total de atualizações enviadas: 0
2026-09-02T05:24:00.000-03:00  INFO 22468 --- [ecommerce] [scheduling-1] c.d.e.s.SincronizacaoEstoqueService      : [ESTOQUE] Lendo VW_ECOMMERCE_ESTOQUE no banco de dados...
2026-09-02T05:24:00.078-03:00  INFO 22468 --- [ecommerce] [scheduling-1] c.d.e.s.SincronizacaoEstoqueService      : [ESTOQUE] Ciclo finalizado. Total de atualizações enviadas: 0
2026-09-02T05:24:00.078-03:00  INFO 22468 --- [ecommerce] [scheduling-1] c.d.e.service.SincronizacaoService       : Lendo VW_ECOMMERCE_PRECOS no banco de dados...
2026-09-02T05:24:00.128-03:00  INFO 22468 --- [ecommerce] [scheduling-1] c.d.e.service.SincronizacaoService       : Ciclo finalizado. Total de atualizações enviadas: 0
2026-09-02T05:25:00.000-03:00  INFO 22468 --- [ecommerce] [scheduling-1] c.d.e.s.SincronizacaoEstoqueService      : [ESTOQUE] Lendo VW_ECOMMERCE_ESTOQUE no banco de dados...
2026-09-02T05:25:00.082-03:00  INFO 22468 --- [ecommerce] [scheduling-1] c.d.e.s.SincronizacaoEstoqueService      : [ESTOQUE] Ciclo finalizado. Total de atualizações enviadas: 0
2026-09-02T05:25:00.082-03:00  INFO 22468 --- [ecommerce] [scheduling-1] c.d.e.service.SincronizacaoService       : Lendo VW_ECOMMERCE_PRECOS no banco de dados...
2026-09-02T05:25:00.136-03:00  INFO 22468 --- [ecommerce] [scheduling-1] c.d.e.service.SincronizacaoService       : Ciclo finalizado. Total de atualizações enviadas: 0
2026-09-02T05:26:00.001-03:00  INFO 22468 --- [ecommerce] [scheduling-1] c.d.e.s.SincronizacaoEstoqueService      : [ESTOQUE] Lendo VW_ECOMMERCE_ESTOQUE no banco de dados...
2026-09-02T05:26:00.049-03:00  INFO 22468 --- [ecommerce] [scheduling-1] c.d.e.s.SincronizacaoEstoqueService      : [ESTOQUE] Ciclo finalizado. Total de atualizações enviadas: 0
2026-09-02T05:26:00.050-03:00  INFO 22468 --- [ecommerce] [scheduling-1] c.d.e.service.SincronizacaoService       : Lendo VW_ECOMMERCE_PRECOS no banco de dados...
2026-09-02T05:26:00.114-03:00  INFO 22468 --- [ecommerce] [scheduling-1] c.d.e.service.SincronizacaoService       : Ciclo finalizado. Total de atualizações enviadas: 0
2026-09-02T05:27:00.000-03:00  INFO 22468 --- [ecommerce] [scheduling-1] c.d.e.s.SincronizacaoEstoqueService      : [ESTOQUE] Lendo VW_ECOMMERCE_ESTOQUE no banco de dados...
2026-09-02T05:27:00.088-03:00  INFO 22468 --- [ecommerce] [scheduling-1] c.d.e.s.SincronizacaoEstoqueService      : [ESTOQUE] Ciclo finalizado. Total de atualizações enviadas: 0
2026-09-02T05:27:00.089-03:00  INFO 22468 --- [ecommerce] [scheduling-1] c.d.e.service.SincronizacaoService       : Lendo VW_ECOMMERCE_PRECOS no banco de dados...
2026-09-02T05:27:00.157-03:00  INFO 22468 --- [ecommerce] [scheduling-1] c.d.e.service.SincronizacaoService       : Ciclo finalizado. Total de atualizações enviadas: 0
2026-09-02T05:27:59.999-03:00  INFO 22468 --- [ecommerce] [scheduling-1] c.d.e.s.SincronizacaoEstoqueService      : [ESTOQUE] Lendo VW_ECOMMERCE_ESTOQUE no banco de dados...
2026-09-02T05:28:00.098-03:00  INFO 22468 --- [ecommerce] [scheduling-1] c.d.e.s.SincronizacaoEstoqueService      : [ESTOQUE] Ciclo finalizado. Total de atualizações enviadas: 0
2026-09-02T05:28:00.098-03:00  INFO 22468 --- [ecommerce] [scheduling-1] c.d.e.service.SincronizacaoService       : Lendo VW_ECOMMERCE_PRECOS no banco de dados...
2026-09-02T05:28:00.151-03:00  INFO 22468 --- [ecommerce] [scheduling-1] c.d.e.service.SincronizacaoService       : Ciclo finalizado. Total de atualizações enviadas: 0
2026-09-02T05:28:59.999-03:00  INFO 22468 --- [ecommerce] [scheduling-1] c.d.e.service.SincronizacaoService       : Lendo VW_ECOMMERCE_PRECOS no banco de dados...
2026-09-02T05:29:00.187-03:00  INFO 22468 --- [ecommerce] [scheduling-1] c.d.e.service.SincronizacaoService       : Ciclo finalizado. Total de atualizações enviadas: 0
2026-09-02T05:29:00.187-03:00  INFO 22468 --- [ecommerce] [scheduling-1] c.d.e.s.SincronizacaoEstoqueService      : [ESTOQUE] Lendo VW_ECOMMERCE_ESTOQUE no banco de dados...
2026-09-02T05:29:00.225-03:00  INFO 22468 --- [ecommerce] [scheduling-1] c.d.e.s.SincronizacaoEstoqueService      : [ESTOQUE] Ciclo finalizado. Total de atualizações enviadas: 0
2026-09-02T05:30:00.000-03:00  INFO 22468 --- [ecommerce] [scheduling-1] c.d.e.service.SincronizacaoService       : Lendo VW_ECOMMERCE_PRECOS no banco de dados...
2026-09-02T05:30:00.050-03:00  INFO 22468 --- [ecommerce] [scheduling-1] c.d.e.service.SincronizacaoService       : Ciclo finalizado. Total de atualizações enviadas: 0
2026-09-02T05:30:00.052-03:00  INFO 22468 --- [ecommerce] [scheduling-1] c.d.e.s.SincronizacaoEstoqueService      : [ESTOQUE] Lendo VW_ECOMMERCE_ESTOQUE no banco de dados...
2026-09-02T05:30:00.076-03:00  INFO 22468 --- [ecommerce] [scheduling-1] c.d.e.s.SincronizacaoEstoqueService      : [ESTOQUE] Ciclo finalizado. Total de atualizações enviadas: 0
2026-09-02T05:30:59.999-03:00  INFO 22468 --- [ecommerce] [scheduling-1] c.d.e.service.SincronizacaoService       : Lendo VW_ECOMMERCE_PRECOS no banco de dados...
2026-09-02T05:31:00.181-03:00  INFO 22468 --- [ecommerce] [scheduling-1] c.d.e.service.SincronizacaoService       : Ciclo finalizado. Total de atualizações enviadas: 0
2026-09-02T05:31:00.181-03:00  INFO 22468 --- [ecommerce] [scheduling-1] c.d.e.s.SincronizacaoEstoqueService      : [ESTOQUE] Lendo VW_ECOMMERCE_ESTOQUE no banco de dados...
2026-09-02T05:31:00.218-03:00  INFO 22468 --- [ecommerce] [scheduling-1] c.d.e.s.SincronizacaoEstoqueService      : [ESTOQUE] Ciclo finalizado. Total de atualizações enviadas: 0
2026-09-02T05:32:00.000-03:00  INFO 22468 --- [ecommerce] [scheduling-1] c.d.e.service.SincronizacaoService       : Lendo VW_ECOMMERCE_PRECOS no banco de dados...
2026-09-02T05:32:00.149-03:00  INFO 22468 --- [ecommerce] [scheduling-1] c.d.e.service.SincronizacaoService       : Ciclo finalizado. Total de atualizações enviadas: 0
2026-09-02T05:32:00.149-03:00  INFO 22468 --- [ecommerce] [scheduling-1] c.d.e.s.SincronizacaoEstoqueService      : [ESTOQUE] Lendo VW_ECOMMERCE_ESTOQUE no banco de dados...
2026-09-02T05:32:00.181-03:00  INFO 22468 --- [ecommerce] [scheduling-1] c.d.e.s.SincronizacaoEstoqueService      : [ESTOQUE] Ciclo finalizado. Total de atualizações enviadas: 0
2026-09-02T05:33:00.000-03:00  INFO 22468 --- [ecommerce] [scheduling-1] c.d.e.s.SincronizacaoEstoqueService      : [ESTOQUE] Lendo VW_ECOMMERCE_ESTOQUE no banco de dados...
2026-09-02T05:33:00.026-03:00  INFO 22468 --- [ecommerce] [scheduling-1] c.d.e.s.SincronizacaoEstoqueService      : [ESTOQUE] Ciclo finalizado. Total de atualizações enviadas: 0
2026-09-02T05:33:00.026-03:00  INFO 22468 --- [ecommerce] [scheduling-1] c.d.e.service.SincronizacaoService       : Lendo VW_ECOMMERCE_PRECOS no banco de dados...
2026-09-02T05:33:00.102-03:00  INFO 22468 --- [ecommerce] [scheduling-1] c.d.e.service.SincronizacaoService       : Ciclo finalizado. Total de atualizações enviadas: 0
2026-09-02T05:34:00.001-03:00  INFO 22468 --- [ecommerce] [scheduling-1] c.d.e.service.SincronizacaoService       : Lendo VW_ECOMMERCE_PRECOS no banco de dados...
2026-09-02T05:34:00.080-03:00  INFO 22468 --- [ecommerce] [scheduling-1] c.d.e.service.SincronizacaoService       : Ciclo finalizado. Total de atualizações enviadas: 0
2026-09-02T05:34:00.081-03:00  INFO 22468 --- [ecommerce] [scheduling-1] c.d.e.s.SincronizacaoEstoqueService      : [ESTOQUE] Lendo VW_ECOMMERCE_ESTOQUE no banco de dados...
2026-09-02T05:34:00.102-03:00  INFO 22468 --- [ecommerce] [scheduling-1] c.d.e.s.SincronizacaoEstoqueService      : [ESTOQUE] Ciclo finalizado. Total de atualizações enviadas: 0
2026-09-02T05:35:00.001-03:00  INFO 22468 --- [ecommerce] [scheduling-1] c.d.e.service.SincronizacaoService       : Lendo VW_ECOMMERCE_PRECOS no banco de dados...
2026-09-02T05:35:00.121-03:00  INFO 22468 --- [ecommerce] [scheduling-1] c.d.e.service.SincronizacaoService       : Ciclo finalizado. Total de atualizações enviadas: 0
2026-09-02T05:35:00.121-03:00  INFO 22468 --- [ecommerce] [scheduling-1] c.d.e.s.SincronizacaoEstoqueService      : [ESTOQUE] Lendo VW_ECOMMERCE_ESTOQUE no banco de dados...
2026-09-02T05:35:00.142-03:00  INFO 22468 --- [ecommerce] [scheduling-1] c.d.e.s.SincronizacaoEstoqueService      : [ESTOQUE] Ciclo finalizado. Total de atualizações enviadas: 0
2026-09-02T05:36:00.000-03:00  INFO 22468 --- [ecommerce] [scheduling-1] c.d.e.s.SincronizacaoEstoqueService      : [ESTOQUE] Lendo VW_ECOMMERCE_ESTOQUE no banco de dados...
2026-09-02T05:36:00.083-03:00  INFO 22468 --- [ecommerce] [scheduling-1] c.d.e.s.SincronizacaoEstoqueService      : [ESTOQUE] Ciclo finalizado. Total de atualizações enviadas: 0
2026-09-02T05:36:00.083-03:00  INFO 22468 --- [ecommerce] [scheduling-1] c.d.e.service.SincronizacaoService       : Lendo VW_ECOMMERCE_PRECOS no banco de dados...
2026-09-02T05:36:00.217-03:00  INFO 22468 --- [ecommerce] [scheduling-1] c.d.e.service.SincronizacaoService       : Ciclo finalizado. Total de atualizações enviadas: 0
2026-09-02T05:37:00.001-03:00  INFO 22468 --- [ecommerce] [scheduling-1] c.d.e.s.SincronizacaoEstoqueService      : [ESTOQUE] Lendo VW_ECOMMERCE_ESTOQUE no banco de dados...
2026-09-02T05:37:00.090-03:00  INFO 22468 --- [ecommerce] [scheduling-1] c.d.e.s.SincronizacaoEstoqueService      : [ESTOQUE] Ciclo finalizado. Total de atualizações enviadas: 0
2026-09-02T05:37:00.090-03:00  INFO 22468 --- [ecommerce] [scheduling-1] c.d.e.service.SincronizacaoService       : Lendo VW_ECOMMERCE_PRECOS no banco de dados...
2026-09-02T05:37:00.205-03:00  INFO 22468 --- [ecommerce] [scheduling-1] c.d.e.service.SincronizacaoService       : Ciclo finalizado. Total de atualizações enviadas: 0
2026-09-02T05:38:00.000-03:00  INFO 22468 --- [ecommerce] [scheduling-1] c.d.e.service.SincronizacaoService       : Lendo VW_ECOMMERCE_PRECOS no banco de dados...
2026-09-02T05:38:00.158-03:00  INFO 22468 --- [ecommerce] [scheduling-1] c.d.e.service.SincronizacaoService       : Ciclo finalizado. Total de atualizações enviadas: 0
2026-09-02T05:38:00.159-03:00  INFO 22468 --- [ecommerce] [scheduling-1] c.d.e.s.SincronizacaoEstoqueService      : [ESTOQUE] Lendo VW_ECOMMERCE_ESTOQUE no banco de dados...
2026-09-02T05:38:00.178-03:00  INFO 22468 --- [ecommerce] [scheduling-1] c.d.e.s.SincronizacaoEstoqueService      : [ESTOQUE] Ciclo finalizado. Total de atualizações enviadas: 0
2026-09-02T05:39:00.000-03:00  INFO 22468 --- [ecommerce] [scheduling-1] c.d.e.s.SincronizacaoEstoqueService      : [ESTOQUE] Lendo VW_ECOMMERCE_ESTOQUE no banco de dados...
2026-09-02T05:39:00.073-03:00  INFO 22468 --- [ecommerce] [scheduling-1] c.d.e.s.SincronizacaoEstoqueService      : [ESTOQUE] Ciclo finalizado. Total de atualizações enviadas: 0
2026-09-02T05:39:00.074-03:00  INFO 22468 --- [ecommerce] [scheduling-1] c.d.e.service.SincronizacaoService       : Lendo VW_ECOMMERCE_PRECOS no banco de dados...
2026-09-02T05:39:00.130-03:00  INFO 22468 --- [ecommerce] [scheduling-1] c.d.e.service.SincronizacaoService       : Ciclo finalizado. Total de atualizações enviadas: 0
2026-09-02T05:40:00.000-03:00  INFO 22468 --- [ecommerce] [scheduling-1] c.d.e.s.SincronizacaoEstoqueService      : [ESTOQUE] Lendo VW_ECOMMERCE_ESTOQUE no banco de dados...
2026-09-02T05:40:00.094-03:00  INFO 22468 --- [ecommerce] [scheduling-1] c.d.e.s.SincronizacaoEstoqueService      : [ESTOQUE] Ciclo finalizado. Total de atualizações enviadas: 0
2026-09-02T05:40:00.094-03:00  INFO 22468 --- [ecommerce] [scheduling-1] c.d.e.service.SincronizacaoService       : Lendo VW_ECOMMERCE_PRECOS no banco de dados...
2026-09-02T05:40:00.182-03:00  INFO 22468 --- [ecommerce] [scheduling-1] c.d.e.service.SincronizacaoService       : Ciclo finalizado. Total de atualizações enviadas: 0
2026-09-02T05:41:00.000-03:00  INFO 22468 --- [ecommerce] [scheduling-1] c.d.e.s.SincronizacaoEstoqueService      : [ESTOQUE] Lendo VW_ECOMMERCE_ESTOQUE no banco de dados...
2026-09-02T05:41:00.090-03:00  INFO 22468 --- [ecommerce] [scheduling-1] c.d.e.s.SincronizacaoEstoqueService      : [ESTOQUE] Ciclo finalizado. Total de atualizações enviadas: 0
2026-09-02T05:41:00.090-03:00  INFO 22468 --- [ecommerce] [scheduling-1] c.d.e.service.SincronizacaoService       : Lendo VW_ECOMMERCE_PRECOS no banco de dados...
2026-09-02T05:41:00.140-03:00  INFO 22468 --- [ecommerce] [scheduling-1] c.d.e.service.SincronizacaoService       : Ciclo finalizado. Total de atualizações enviadas: 0
2026-09-02T05:42:00.000-03:00  INFO 22468 --- [ecommerce] [scheduling-1] c.d.e.s.SincronizacaoEstoqueService      : [ESTOQUE] Lendo VW_ECOMMERCE_ESTOQUE no banco de dados...
2026-09-02T05:42:00.043-03:00  INFO 22468 --- [ecommerce] [scheduling-1] c.d.e.s.SincronizacaoEstoqueService      : [ESTOQUE] Ciclo finalizado. Total de atualizações enviadas: 0
2026-09-02T05:42:00.043-03:00  INFO 22468 --- [ecommerce] [scheduling-1] c.d.e.service.SincronizacaoService       : Lendo VW_ECOMMERCE_PRECOS no banco de dados...
2026-09-02T05:42:00.110-03:00  INFO 22468 --- [ecommerce] [scheduling-1] c.d.e.service.SincronizacaoService       : Ciclo finalizado. Total de atualizações enviadas: 0
2026-09-02T05:43:00.000-03:00  INFO 22468 --- [ecommerce] [scheduling-1] c.d.e.s.SincronizacaoEstoqueService      : [ESTOQUE] Lendo VW_ECOMMERCE_ESTOQUE no banco de dados...
2026-09-02T05:43:00.083-03:00  INFO 22468 --- [ecommerce] [scheduling-1] c.d.e.s.SincronizacaoEstoqueService      : [ESTOQUE] Ciclo finalizado. Total de atualizações enviadas: 0
2026-09-02T05:43:00.084-03:00  INFO 22468 --- [ecommerce] [scheduling-1] c.d.e.service.SincronizacaoService       : Lendo VW_ECOMMERCE_PRECOS no banco de dados...
2026-09-02T05:43:00.134-03:00  INFO 22468 --- [ecommerce] [scheduling-1] c.d.e.service.SincronizacaoService       : Ciclo finalizado. Total de atualizações enviadas: 0
2026-09-02T05:44:00.001-03:00  INFO 22468 --- [ecommerce] [scheduling-1] c.d.e.s.SincronizacaoEstoqueService      : [ESTOQUE] Lendo VW_ECOMMERCE_ESTOQUE no banco de dados...
2026-09-02T05:44:00.030-03:00  INFO 22468 --- [ecommerce] [scheduling-1] c.d.e.s.SincronizacaoEstoqueService      : [ESTOQUE] Ciclo finalizado. Total de atualizações enviadas: 0
2026-09-02T05:44:00.030-03:00  INFO 22468 --- [ecommerce] [scheduling-1] c.d.e.service.SincronizacaoService       : Lendo VW_ECOMMERCE_PRECOS no banco de dados...
2026-09-02T05:44:00.083-03:00  INFO 22468 --- [ecommerce] [scheduling-1] c.d.e.service.SincronizacaoService       : Ciclo finalizado. Total de atualizações enviadas: 0
2026-09-02T05:45:00.001-03:00  INFO 22468 --- [ecommerce] [scheduling-1] c.d.e.service.SincronizacaoService       : Lendo VW_ECOMMERCE_PRECOS no banco de dados...
2026-09-02T05:45:00.136-03:00  INFO 22468 --- [ecommerce] [scheduling-1] c.d.e.service.SincronizacaoService       : Ciclo finalizado. Total de atualizações enviadas: 0
2026-09-02T05:45:00.136-03:00  INFO 22468 --- [ecommerce] [scheduling-1] c.d.e.s.SincronizacaoEstoqueService      : [ESTOQUE] Lendo VW_ECOMMERCE_ESTOQUE no banco de dados...
2026-09-02T05:45:00.218-03:00  INFO 22468 --- [ecommerce] [scheduling-1] c.d.e.s.SincronizacaoEstoqueService      : [ESTOQUE] Ciclo finalizado. Total de atualizações enviadas: 0
2026-09-02T05:45:59.999-03:00  INFO 22468 --- [ecommerce] [scheduling-1] c.d.e.s.SincronizacaoEstoqueService      : [ESTOQUE] Lendo VW_ECOMMERCE_ESTOQUE no banco de dados...
2026-09-02T05:46:00.046-03:00  INFO 22468 --- [ecommerce] [scheduling-1] c.d.e.s.SincronizacaoEstoqueService      : [ESTOQUE] Ciclo finalizado. Total de atualizações enviadas: 0
2026-09-02T05:46:00.046-03:00  INFO 22468 --- [ecommerce] [scheduling-1] c.d.e.service.SincronizacaoService       : Lendo VW_ECOMMERCE_PRECOS no banco de dados...
2026-09-02T05:46:00.092-03:00  INFO 22468 --- [ecommerce] [scheduling-1] c.d.e.service.SincronizacaoService       : Ciclo finalizado. Total de atualizações enviadas: 0
2026-09-02T05:47:00.001-03:00  INFO 22468 --- [ecommerce] [scheduling-1] c.d.e.service.SincronizacaoService       : Lendo VW_ECOMMERCE_PRECOS no banco de dados...
2026-09-02T05:47:00.105-03:00  INFO 22468 --- [ecommerce] [scheduling-1] c.d.e.service.SincronizacaoService       : Ciclo finalizado. Total de atualizações enviadas: 0
2026-09-02T05:47:00.105-03:00  INFO 22468 --- [ecommerce] [scheduling-1] c.d.e.s.SincronizacaoEstoqueService      : [ESTOQUE] Lendo VW_ECOMMERCE_ESTOQUE no banco de dados...
2026-09-02T05:47:00.126-03:00  INFO 22468 --- [ecommerce] [scheduling-1] c.d.e.s.SincronizacaoEstoqueService      : [ESTOQUE] Ciclo finalizado. Total de atualizações enviadas: 0
2026-09-02T05:48:00.000-03:00  INFO 22468 --- [ecommerce] [scheduling-1] c.d.e.s.SincronizacaoEstoqueService      : [ESTOQUE] Lendo VW_ECOMMERCE_ESTOQUE no banco de dados...
2026-09-02T05:48:00.042-03:00  INFO 22468 --- [ecommerce] [scheduling-1] c.d.e.s.SincronizacaoEstoqueService      : [ESTOQUE] Ciclo finalizado. Total de atualizações enviadas: 0
2026-09-02T05:48:00.043-03:00  INFO 22468 --- [ecommerce] [scheduling-1] c.d.e.service.SincronizacaoService       : Lendo VW_ECOMMERCE_PRECOS no banco de dados...
2026-09-02T05:48:00.108-03:00  INFO 22468 --- [ecommerce] [scheduling-1] c.d.e.service.SincronizacaoService       : Ciclo finalizado. Total de atualizações enviadas: 0
2026-09-02T05:48:59.999-03:00  INFO 22468 --- [ecommerce] [scheduling-1] c.d.e.s.SincronizacaoEstoqueService      : [ESTOQUE] Lendo VW_ECOMMERCE_ESTOQUE no banco de dados...
2026-09-02T05:49:00.078-03:00  INFO 22468 --- [ecommerce] [scheduling-1] c.d.e.s.SincronizacaoEstoqueService      : [ESTOQUE] Ciclo finalizado. Total de atualizações enviadas: 0
2026-09-02T05:49:00.079-03:00  INFO 22468 --- [ecommerce] [scheduling-1] c.d.e.service.SincronizacaoService       : Lendo VW_ECOMMERCE_PRECOS no banco de dados...
2026-09-02T05:49:00.128-03:00  INFO 22468 --- [ecommerce] [scheduling-1] c.d.e.service.SincronizacaoService       : Ciclo finalizado. Total de atualizações enviadas: 0
2026-09-02T05:50:00.000-03:00  INFO 22468 --- [ecommerce] [scheduling-1] c.d.e.service.SincronizacaoService       : Lendo VW_ECOMMERCE_PRECOS no banco de dados...
2026-09-02T05:50:00.104-03:00  INFO 22468 --- [ecommerce] [scheduling-1] c.d.e.service.SincronizacaoService       : Ciclo finalizado. Total de atualizações enviadas: 0
2026-09-02T05:50:00.104-03:00  INFO 22468 --- [ecommerce] [scheduling-1] c.d.e.s.SincronizacaoEstoqueService      : [ESTOQUE] Lendo VW_ECOMMERCE_ESTOQUE no banco de dados...
2026-09-02T05:50:00.130-03:00  INFO 22468 --- [ecommerce] [scheduling-1] c.d.e.s.SincronizacaoEstoqueService      : [ESTOQUE] Ciclo finalizado. Total de atualizações enviadas: 0
2026-09-02T05:51:00.002-03:00  INFO 22468 --- [ecommerce] [scheduling-1] c.d.e.service.SincronizacaoService       : Lendo VW_ECOMMERCE_PRECOS no banco de dados...
2026-09-02T05:51:00.122-03:00  INFO 22468 --- [ecommerce] [scheduling-1] c.d.e.service.SincronizacaoService       : Ciclo finalizado. Total de atualizações enviadas: 0
2026-09-02T05:51:00.123-03:00  INFO 22468 --- [ecommerce] [scheduling-1] c.d.e.s.SincronizacaoEstoqueService      : [ESTOQUE] Lendo VW_ECOMMERCE_ESTOQUE no banco de dados...
2026-09-02T05:51:00.145-03:00  INFO 22468 --- [ecommerce] [scheduling-1] c.d.e.s.SincronizacaoEstoqueService      : [ESTOQUE] Ciclo finalizado. Total de atualizações enviadas: 0
2026-09-02T05:51:59.999-03:00  INFO 22468 --- [ecommerce] [scheduling-1] c.d.e.service.SincronizacaoService       : Lendo VW_ECOMMERCE_PRECOS no banco de dados...
2026-09-02T05:52:00.049-03:00  INFO 22468 --- [ecommerce] [scheduling-1] c.d.e.service.SincronizacaoService       : Ciclo finalizado. Total de atualizações enviadas: 0
2026-09-02T05:52:00.049-03:00  INFO 22468 --- [ecommerce] [scheduling-1] c.d.e.s.SincronizacaoEstoqueService      : [ESTOQUE] Lendo VW_ECOMMERCE_ESTOQUE no banco de dados...
2026-09-02T05:52:00.082-03:00  INFO 22468 --- [ecommerce] [scheduling-1] c.d.e.s.SincronizacaoEstoqueService      : [ESTOQUE] Ciclo finalizado. Total de atualizações enviadas: 0
2026-09-02T05:53:00.001-03:00  INFO 22468 --- [ecommerce] [scheduling-1] c.d.e.s.SincronizacaoEstoqueService      : [ESTOQUE] Lendo VW_ECOMMERCE_ESTOQUE no banco de dados...
2026-09-02T05:53:00.099-03:00  INFO 22468 --- [ecommerce] [scheduling-1] c.d.e.s.SincronizacaoEstoqueService      : [ESTOQUE] Ciclo finalizado. Total de atualizações enviadas: 0
2026-09-02T05:53:00.099-03:00  INFO 22468 --- [ecommerce] [scheduling-1] c.d.e.service.SincronizacaoService       : Lendo VW_ECOMMERCE_PRECOS no banco de dados...
2026-09-02T05:53:00.142-03:00  INFO 22468 --- [ecommerce] [scheduling-1] c.d.e.service.SincronizacaoService       : Ciclo finalizado. Total de atualizações enviadas: 0
2026-09-02T05:54:00.000-03:00  INFO 22468 --- [ecommerce] [scheduling-1] c.d.e.s.SincronizacaoEstoqueService      : [ESTOQUE] Lendo VW_ECOMMERCE_ESTOQUE no banco de dados...
2026-09-02T05:54:00.026-03:00  INFO 22468 --- [ecommerce] [scheduling-1] c.d.e.s.SincronizacaoEstoqueService      : [ESTOQUE] Ciclo finalizado. Total de atualizações enviadas: 0
2026-09-02T05:54:00.026-03:00  INFO 22468 --- [ecommerce] [scheduling-1] c.d.e.service.SincronizacaoService       : Lendo VW_ECOMMERCE_PRECOS no banco de dados...
2026-09-02T05:54:00.071-03:00  INFO 22468 --- [ecommerce] [scheduling-1] c.d.e.service.SincronizacaoService       : Ciclo finalizado. Total de atualizações enviadas: 0
2026-09-02T05:55:00.000-03:00  INFO 22468 --- [ecommerce] [scheduling-1] c.d.e.s.SincronizacaoEstoqueService      : [ESTOQUE] Lendo VW_ECOMMERCE_ESTOQUE no banco de dados...
2026-09-02T05:55:00.079-03:00  INFO 22468 --- [ecommerce] [scheduling-1] c.d.e.s.SincronizacaoEstoqueService      : [ESTOQUE] Ciclo finalizado. Total de atualizações enviadas: 0
2026-09-02T05:55:00.079-03:00  INFO 22468 --- [ecommerce] [scheduling-1] c.d.e.service.SincronizacaoService       : Lendo VW_ECOMMERCE_PRECOS no banco de dados...
2026-09-02T05:55:00.165-03:00  INFO 22468 --- [ecommerce] [scheduling-1] c.d.e.service.SincronizacaoService       : Ciclo finalizado. Total de atualizações enviadas: 0
2026-09-02T05:56:00.000-03:00  INFO 22468 --- [ecommerce] [scheduling-1] c.d.e.service.SincronizacaoService       : Lendo VW_ECOMMERCE_PRECOS no banco de dados...
2026-09-02T05:56:00.095-03:00  INFO 22468 --- [ecommerce] [scheduling-1] c.d.e.service.SincronizacaoService       : Ciclo finalizado. Total de atualizações enviadas: 0
2026-09-02T05:56:00.096-03:00  INFO 22468 --- [ecommerce] [scheduling-1] c.d.e.s.SincronizacaoEstoqueService      : [ESTOQUE] Lendo VW_ECOMMERCE_ESTOQUE no banco de dados...
2026-09-02T05:56:00.116-03:00  INFO 22468 --- [ecommerce] [scheduling-1] c.d.e.s.SincronizacaoEstoqueService      : [ESTOQUE] Ciclo finalizado. Total de atualizações enviadas: 0
2026-09-02T05:56:59.999-03:00  INFO 22468 --- [ecommerce] [scheduling-1] c.d.e.service.SincronizacaoService       : Lendo VW_ECOMMERCE_PRECOS no banco de dados...
2026-09-02T05:57:00.049-03:00  INFO 22468 --- [ecommerce] [scheduling-1] c.d.e.service.SincronizacaoService       : Ciclo finalizado. Total de atualizações enviadas: 0
2026-09-02T05:57:00.050-03:00  INFO 22468 --- [ecommerce] [scheduling-1] c.d.e.s.SincronizacaoEstoqueService      : [ESTOQUE] Lendo VW_ECOMMERCE_ESTOQUE no banco de dados...
2026-09-02T05:57:00.082-03:00  INFO 22468 --- [ecommerce] [scheduling-1] c.d.e.s.SincronizacaoEstoqueService      : [ESTOQUE] Ciclo finalizado. Total de atualizações enviadas: 0
2026-09-02T05:57:59.999-03:00  INFO 22468 --- [ecommerce] [scheduling-1] c.d.e.service.SincronizacaoService       : Lendo VW_ECOMMERCE_PRECOS no banco de dados...
2026-09-02T05:58:00.099-03:00  INFO 22468 --- [ecommerce] [scheduling-1] c.d.e.service.SincronizacaoService       : Ciclo finalizado. Total de atualizações enviadas: 0
2026-09-02T05:58:00.099-03:00  INFO 22468 --- [ecommerce] [scheduling-1] c.d.e.s.SincronizacaoEstoqueService      : [ESTOQUE] Lendo VW_ECOMMERCE_ESTOQUE no banco de dados...
2026-09-02T05:58:00.122-03:00  INFO 22468 --- [ecommerce] [scheduling-1] c.d.e.s.SincronizacaoEstoqueService      : [ESTOQUE] Ciclo finalizado. Total de atualizações enviadas: 0
2026-09-02T05:58:59.999-03:00  INFO 22468 --- [ecommerce] [scheduling-1] c.d.e.s.SincronizacaoEstoqueService      : [ESTOQUE] Lendo VW_ECOMMERCE_ESTOQUE no banco de dados...
2026-09-02T05:59:00.051-03:00  INFO 22468 --- [ecommerce] [scheduling-1] c.d.e.s.SincronizacaoEstoqueService      : [ESTOQUE] Ciclo finalizado. Total de atualizações enviadas: 0
2026-09-02T05:59:00.052-03:00  INFO 22468 --- [ecommerce] [scheduling-1] c.d.e.service.SincronizacaoService       : Lendo VW_ECOMMERCE_PRECOS no banco de dados...
2026-09-02T05:59:00.103-03:00  INFO 22468 --- [ecommerce] [scheduling-1] c.d.e.service.SincronizacaoService       : Ciclo finalizado. Total de atualizações enviadas: 0
2026-09-02T06:00:00.000-03:00  INFO 22468 --- [ecommerce] [scheduling-1] c.d.e.s.SincronizacaoEstoqueService      : [ESTOQUE] Lendo VW_ECOMMERCE_ESTOQUE no banco de dados...
2026-09-02T06:00:00.081-03:00  INFO 22468 --- [ecommerce] [scheduling-1] c.d.e.s.SincronizacaoEstoqueService      : [ESTOQUE] Ciclo finalizado. Total de atualizações enviadas: 0
2026-09-02T06:00:00.082-03:00  INFO 22468 --- [ecommerce] [scheduling-1] c.d.e.service.SincronizacaoService       : Lendo VW_ECOMMERCE_PRECOS no banco de dados...
2026-09-02T06:00:00.127-03:00  INFO 22468 --- [ecommerce] [scheduling-1] c.d.e.service.SincronizacaoService       : Ciclo finalizado. Total de atualizações enviadas: 0
2026-09-02T06:01:00.000-03:00  INFO 22468 --- [ecommerce] [scheduling-1] c.d.e.s.SincronizacaoEstoqueService      : [ESTOQUE] Lendo VW_ECOMMERCE_ESTOQUE no banco de dados...
2026-09-02T06:01:00.037-03:00  INFO 22468 --- [ecommerce] [scheduling-1] c.d.e.s.SincronizacaoEstoqueService      : [ESTOQUE] Ciclo finalizado. Total de atualizações enviadas: 0
2026-09-02T06:01:00.037-03:00  INFO 22468 --- [ecommerce] [scheduling-1] c.d.e.service.SincronizacaoService       : Lendo VW_ECOMMERCE_PRECOS no banco de dados...
2026-09-02T06:01:00.085-03:00  INFO 22468 --- [ecommerce] [scheduling-1] c.d.e.service.SincronizacaoService       : Ciclo finalizado. Total de atualizações enviadas: 0
2026-09-02T06:01:59.999-03:00  INFO 22468 --- [ecommerce] [scheduling-1] c.d.e.service.SincronizacaoService       : Lendo VW_ECOMMERCE_PRECOS no banco de dados...
2026-09-02T06:02:00.114-03:00  INFO 22468 --- [ecommerce] [scheduling-1] c.d.e.service.SincronizacaoService       : Ciclo finalizado. Total de atualizações enviadas: 0
2026-09-02T06:02:00.114-03:00  INFO 22468 --- [ecommerce] [scheduling-1] c.d.e.s.SincronizacaoEstoqueService      : [ESTOQUE] Lendo VW_ECOMMERCE_ESTOQUE no banco de dados...
2026-09-02T06:02:00.146-03:00  INFO 22468 --- [ecommerce] [scheduling-1] c.d.e.s.SincronizacaoEstoqueService      : [ESTOQUE] Ciclo finalizado. Total de atualizações enviadas: 0
2026-09-02T06:02:59.999-03:00  INFO 22468 --- [ecommerce] [scheduling-1] c.d.e.s.SincronizacaoEstoqueService      : [ESTOQUE] Lendo VW_ECOMMERCE_ESTOQUE no banco de dados...
2026-09-02T06:03:00.048-03:00  INFO 22468 --- [ecommerce] [scheduling-1] c.d.e.s.SincronizacaoEstoqueService      : [ESTOQUE] Ciclo finalizado. Total de atualizações enviadas: 0
2026-09-02T06:03:00.048-03:00  INFO 22468 --- [ecommerce] [scheduling-1] c.d.e.service.SincronizacaoService       : Lendo VW_ECOMMERCE_PRECOS no banco de dados...
2026-09-02T06:03:00.088-03:00  INFO 22468 --- [ecommerce] [scheduling-1] c.d.e.service.SincronizacaoService       : Ciclo finalizado. Total de atualizações enviadas: 0
2026-09-02T06:04:00.000-03:00  INFO 22468 --- [ecommerce] [scheduling-1] c.d.e.s.SincronizacaoEstoqueService      : [ESTOQUE] Lendo VW_ECOMMERCE_ESTOQUE no banco de dados...
2026-09-02T06:04:00.073-03:00  INFO 22468 --- [ecommerce] [scheduling-1] c.d.e.s.SincronizacaoEstoqueService      : [ESTOQUE] Ciclo finalizado. Total de atualizações enviadas: 0
2026-09-02T06:04:00.073-03:00  INFO 22468 --- [ecommerce] [scheduling-1] c.d.e.service.SincronizacaoService       : Lendo VW_ECOMMERCE_PRECOS no banco de dados...
2026-09-02T06:04:00.120-03:00  INFO 22468 --- [ecommerce] [scheduling-1] c.d.e.service.SincronizacaoService       : Ciclo finalizado. Total de atualizações enviadas: 0
2026-09-02T06:04:59.999-03:00  INFO 22468 --- [ecommerce] [scheduling-1] c.d.e.service.SincronizacaoService       : Lendo VW_ECOMMERCE_PRECOS no banco de dados...
2026-09-02T06:05:00.058-03:00  INFO 22468 --- [ecommerce] [scheduling-1] c.d.e.service.SincronizacaoService       : Ciclo finalizado. Total de atualizações enviadas: 0
2026-09-02T06:05:00.058-03:00  INFO 22468 --- [ecommerce] [scheduling-1] c.d.e.s.SincronizacaoEstoqueService      : [ESTOQUE] Lendo VW_ECOMMERCE_ESTOQUE no banco de dados...
2026-09-02T06:05:00.090-03:00  INFO 22468 --- [ecommerce] [scheduling-1] c.d.e.s.SincronizacaoEstoqueService      : [ESTOQUE] Ciclo finalizado. Total de atualizações enviadas: 0
2026-09-02T06:06:00.000-03:00  INFO 22468 --- [ecommerce] [scheduling-1] c.d.e.service.SincronizacaoService       : Lendo VW_ECOMMERCE_PRECOS no banco de dados...
2026-09-02T06:06:00.243-03:00  INFO 22468 --- [ecommerce] [scheduling-1] c.d.e.service.SincronizacaoService       : Ciclo finalizado. Total de atualizações enviadas: 0
2026-09-02T06:06:00.243-03:00  INFO 22468 --- [ecommerce] [scheduling-1] c.d.e.s.SincronizacaoEstoqueService      : [ESTOQUE] Lendo VW_ECOMMERCE_ESTOQUE no banco de dados...
2026-09-02T06:06:00.280-03:00  INFO 22468 --- [ecommerce] [scheduling-1] c.d.e.s.SincronizacaoEstoqueService      : [ESTOQUE] Ciclo finalizado. Total de atualizações enviadas: 0
2026-09-02T06:07:00.001-03:00  INFO 22468 --- [ecommerce] [scheduling-1] c.d.e.s.SincronizacaoEstoqueService      : [ESTOQUE] Lendo VW_ECOMMERCE_ESTOQUE no banco de dados...
2026-09-02T06:07:00.114-03:00  INFO 22468 --- [ecommerce] [scheduling-1] c.d.e.s.SincronizacaoEstoqueService      : [ESTOQUE] Ciclo finalizado. Total de atualizações enviadas: 0
2026-09-02T06:07:00.114-03:00  INFO 22468 --- [ecommerce] [scheduling-1] c.d.e.service.SincronizacaoService       : Lendo VW_ECOMMERCE_PRECOS no banco de dados...
2026-09-02T06:07:00.369-03:00  INFO 22468 --- [ecommerce] [scheduling-1] c.d.e.service.SincronizacaoService       : Ciclo finalizado. Total de atualizações enviadas: 0
2026-09-02T06:08:00.001-03:00  INFO 22468 --- [ecommerce] [scheduling-1] c.d.e.service.SincronizacaoService       : Lendo VW_ECOMMERCE_PRECOS no banco de dados...
2026-09-02T06:08:00.084-03:00  INFO 22468 --- [ecommerce] [scheduling-1] c.d.e.service.SincronizacaoService       : Ciclo finalizado. Total de atualizações enviadas: 0
2026-09-02T06:08:00.085-03:00  INFO 22468 --- [ecommerce] [scheduling-1] c.d.e.s.SincronizacaoEstoqueService      : [ESTOQUE] Lendo VW_ECOMMERCE_ESTOQUE no banco de dados...
2026-09-02T06:08:00.115-03:00  INFO 22468 --- [ecommerce] [scheduling-1] c.d.e.s.SincronizacaoEstoqueService      : [ESTOQUE] Ciclo finalizado. Total de atualizações enviadas: 0
2026-09-02T06:08:59.999-03:00  INFO 22468 --- [ecommerce] [scheduling-1] c.d.e.s.SincronizacaoEstoqueService      : [ESTOQUE] Lendo VW_ECOMMERCE_ESTOQUE no banco de dados...
2026-09-02T06:09:00.030-03:00  INFO 22468 --- [ecommerce] [scheduling-1] c.d.e.s.SincronizacaoEstoqueService      : [ESTOQUE] Ciclo finalizado. Total de atualizações enviadas: 0
2026-09-02T06:09:00.030-03:00  INFO 22468 --- [ecommerce] [scheduling-1] c.d.e.service.SincronizacaoService       : Lendo VW_ECOMMERCE_PRECOS no banco de dados...
2026-09-02T06:09:00.086-03:00  INFO 22468 --- [ecommerce] [scheduling-1] c.d.e.service.SincronizacaoService       : Ciclo finalizado. Total de atualizações enviadas: 0
2026-09-02T06:09:59.999-03:00  INFO 22468 --- [ecommerce] [scheduling-1] c.d.e.s.SincronizacaoEstoqueService      : [ESTOQUE] Lendo VW_ECOMMERCE_ESTOQUE no banco de dados...
2026-09-02T06:10:00.045-03:00  INFO 22468 --- [ecommerce] [scheduling-1] c.d.e.s.SincronizacaoEstoqueService      : [ESTOQUE] Ciclo finalizado. Total de atualizações enviadas: 0
2026-09-02T06:10:00.045-03:00  INFO 22468 --- [ecommerce] [scheduling-1] c.d.e.service.SincronizacaoService       : Lendo VW_ECOMMERCE_PRECOS no banco de dados...
2026-09-02T06:10:00.101-03:00  INFO 22468 --- [ecommerce] [scheduling-1] c.d.e.service.SincronizacaoService       : Ciclo finalizado. Total de atualizações enviadas: 0
2026-09-02T06:11:00.001-03:00  INFO 22468 --- [ecommerce] [scheduling-1] c.d.e.s.SincronizacaoEstoqueService      : [ESTOQUE] Lendo VW_ECOMMERCE_ESTOQUE no banco de dados...
2026-09-02T06:11:00.102-03:00  INFO 22468 --- [ecommerce] [scheduling-1] c.d.e.s.SincronizacaoEstoqueService      : [ESTOQUE] Ciclo finalizado. Total de atualizações enviadas: 0
2026-09-02T06:11:00.102-03:00  INFO 22468 --- [ecommerce] [scheduling-1] c.d.e.service.SincronizacaoService       : Lendo VW_ECOMMERCE_PRECOS no banco de dados...
2026-09-02T06:11:00.164-03:00  INFO 22468 --- [ecommerce] [scheduling-1] c.d.e.service.SincronizacaoService       : Ciclo finalizado. Total de atualizações enviadas: 0
2026-09-02T06:11:59.999-03:00  INFO 22468 --- [ecommerce] [scheduling-1] c.d.e.service.SincronizacaoService       : Lendo VW_ECOMMERCE_PRECOS no banco de dados...
2026-09-02T06:12:00.051-03:00  INFO 22468 --- [ecommerce] [scheduling-1] c.d.e.service.SincronizacaoService       : Ciclo finalizado. Total de atualizações enviadas: 0
2026-09-02T06:12:00.051-03:00  INFO 22468 --- [ecommerce] [scheduling-1] c.d.e.s.SincronizacaoEstoqueService      : [ESTOQUE] Lendo VW_ECOMMERCE_ESTOQUE no banco de dados...
2026-09-02T06:12:00.077-03:00  INFO 22468 --- [ecommerce] [scheduling-1] c.d.e.s.SincronizacaoEstoqueService      : [ESTOQUE] Ciclo finalizado. Total de atualizações enviadas: 0
2026-09-02T06:13:00.001-03:00  INFO 22468 --- [ecommerce] [scheduling-1] c.d.e.s.SincronizacaoEstoqueService      : [ESTOQUE] Lendo VW_ECOMMERCE_ESTOQUE no banco de dados...
2026-09-02T06:13:00.098-03:00  INFO 22468 --- [ecommerce] [scheduling-1] c.d.e.s.SincronizacaoEstoqueService      : [ESTOQUE] Ciclo finalizado. Total de atualizações enviadas: 0
2026-09-02T06:13:00.099-03:00  INFO 22468 --- [ecommerce] [scheduling-1] c.d.e.service.SincronizacaoService       : Lendo VW_ECOMMERCE_PRECOS no banco de dados...
2026-09-02T06:13:00.201-03:00  INFO 22468 --- [ecommerce] [scheduling-1] c.d.e.service.SincronizacaoService       : Ciclo finalizado. Total de atualizações enviadas: 0
2026-09-02T06:14:00.000-03:00  INFO 22468 --- [ecommerce] [scheduling-1] c.d.e.s.SincronizacaoEstoqueService      : [ESTOQUE] Lendo VW_ECOMMERCE_ESTOQUE no banco de dados...
2026-09-02T06:14:00.094-03:00  INFO 22468 --- [ecommerce] [scheduling-1] c.d.e.s.SincronizacaoEstoqueService      : [ESTOQUE] Ciclo finalizado. Total de atualizações enviadas: 0
2026-09-02T06:14:00.094-03:00  INFO 22468 --- [ecommerce] [scheduling-1] c.d.e.service.SincronizacaoService       : Lendo VW_ECOMMERCE_PRECOS no banco de dados...
2026-09-02T06:14:00.361-03:00  INFO 22468 --- [ecommerce] [scheduling-1] c.d.e.service.SincronizacaoService       : Ciclo finalizado. Total de atualizações enviadas: 0
2026-09-02T06:14:59.999-03:00  INFO 22468 --- [ecommerce] [scheduling-1] c.d.e.s.SincronizacaoEstoqueService      : [ESTOQUE] Lendo VW_ECOMMERCE_ESTOQUE no banco de dados...
2026-09-02T06:15:00.052-03:00  INFO 22468 --- [ecommerce] [scheduling-1] c.d.e.s.SincronizacaoEstoqueService      : [ESTOQUE] Ciclo finalizado. Total de atualizações enviadas: 0
2026-09-02T06:15:00.052-03:00  INFO 22468 --- [ecommerce] [scheduling-1] c.d.e.service.SincronizacaoService       : Lendo VW_ECOMMERCE_PRECOS no banco de dados...
2026-09-02T06:15:00.110-03:00  INFO 22468 --- [ecommerce] [scheduling-1] c.d.e.service.SincronizacaoService       : Ciclo finalizado. Total de atualizações enviadas: 0
2026-09-02T06:15:59.999-03:00  INFO 22468 --- [ecommerce] [scheduling-1] c.d.e.s.SincronizacaoEstoqueService      : [ESTOQUE] Lendo VW_ECOMMERCE_ESTOQUE no banco de dados...
2026-09-02T06:16:00.044-03:00  INFO 22468 --- [ecommerce] [scheduling-1] c.d.e.s.SincronizacaoEstoqueService      : [ESTOQUE] Ciclo finalizado. Total de atualizações enviadas: 0
2026-09-02T06:16:00.045-03:00  INFO 22468 --- [ecommerce] [scheduling-1] c.d.e.service.SincronizacaoService       : Lendo VW_ECOMMERCE_PRECOS no banco de dados...
2026-09-02T06:16:00.230-03:00  INFO 22468 --- [ecommerce] [scheduling-1] c.d.e.service.SincronizacaoService       : Ciclo finalizado. Total de atualizações enviadas: 0
2026-09-02T06:17:00.000-03:00  INFO 22468 --- [ecommerce] [scheduling-1] c.d.e.service.SincronizacaoService       : Lendo VW_ECOMMERCE_PRECOS no banco de dados...
2026-09-02T06:17:00.059-03:00  INFO 22468 --- [ecommerce] [scheduling-1] c.d.e.service.SincronizacaoService       : Ciclo finalizado. Total de atualizações enviadas: 0
2026-09-02T06:17:00.059-03:00  INFO 22468 --- [ecommerce] [scheduling-1] c.d.e.s.SincronizacaoEstoqueService      : [ESTOQUE] Lendo VW_ECOMMERCE_ESTOQUE no banco de dados...
2026-09-02T06:17:00.092-03:00  INFO 22468 --- [ecommerce] [scheduling-1] c.d.e.s.SincronizacaoEstoqueService      : [ESTOQUE] Ciclo finalizado. Total de atualizações enviadas: 0
2026-09-02T06:17:59.999-03:00  INFO 22468 --- [ecommerce] [scheduling-1] c.d.e.s.SincronizacaoEstoqueService      : [ESTOQUE] Lendo VW_ECOMMERCE_ESTOQUE no banco de dados...
2026-09-02T06:18:00.056-03:00  INFO 22468 --- [ecommerce] [scheduling-1] c.d.e.s.SincronizacaoEstoqueService      : [ESTOQUE] Ciclo finalizado. Total de atualizações enviadas: 0
2026-09-02T06:18:00.056-03:00  INFO 22468 --- [ecommerce] [scheduling-1] c.d.e.service.SincronizacaoService       : Lendo VW_ECOMMERCE_PRECOS no banco de dados...
2026-09-02T06:18:00.247-03:00  INFO 22468 --- [ecommerce] [scheduling-1] c.d.e.service.SincronizacaoService       : Ciclo finalizado. Total de atualizações enviadas: 0
2026-09-02T06:19:00.000-03:00  INFO 22468 --- [ecommerce] [scheduling-1] c.d.e.service.SincronizacaoService       : Lendo VW_ECOMMERCE_PRECOS no banco de dados...
2026-09-02T06:19:00.067-03:00  INFO 22468 --- [ecommerce] [scheduling-1] c.d.e.service.SincronizacaoService       : Ciclo finalizado. Total de atualizações enviadas: 0
2026-09-02T06:19:00.067-03:00  INFO 22468 --- [ecommerce] [scheduling-1] c.d.e.s.SincronizacaoEstoqueService      : [ESTOQUE] Lendo VW_ECOMMERCE_ESTOQUE no banco de dados...
2026-09-02T06:19:00.110-03:00  INFO 22468 --- [ecommerce] [scheduling-1] c.d.e.s.SincronizacaoEstoqueService      : [ESTOQUE] Ciclo finalizado. Total de atualizações enviadas: 0
2026-09-02T06:19:59.999-03:00  INFO 22468 --- [ecommerce] [scheduling-1] c.d.e.s.SincronizacaoEstoqueService      : [ESTOQUE] Lendo VW_ECOMMERCE_ESTOQUE no banco de dados...
2026-09-02T06:20:00.083-03:00  INFO 22468 --- [ecommerce] [scheduling-1] c.d.e.s.SincronizacaoEstoqueService      : [ESTOQUE] Ciclo finalizado. Total de atualizações enviadas: 0
2026-09-02T06:20:00.083-03:00  INFO 22468 --- [ecommerce] [scheduling-1] c.d.e.service.SincronizacaoService       : Lendo VW_ECOMMERCE_PRECOS no banco de dados...
2026-09-02T06:20:00.157-03:00  INFO 22468 --- [ecommerce] [scheduling-1] c.d.e.service.SincronizacaoService       : Ciclo finalizado. Total de atualizações enviadas: 0
2026-09-02T06:21:00.000-03:00  INFO 22468 --- [ecommerce] [scheduling-1] c.d.e.s.SincronizacaoEstoqueService      : [ESTOQUE] Lendo VW_ECOMMERCE_ESTOQUE no banco de dados...
2026-09-02T06:21:00.062-03:00  INFO 22468 --- [ecommerce] [scheduling-1] c.d.e.s.SincronizacaoEstoqueService      : [ESTOQUE] Ciclo finalizado. Total de atualizações enviadas: 0
2026-09-02T06:21:00.063-03:00  INFO 22468 --- [ecommerce] [scheduling-1] c.d.e.service.SincronizacaoService       : Lendo VW_ECOMMERCE_PRECOS no banco de dados...
2026-09-02T06:21:00.241-03:00  INFO 22468 --- [ecommerce] [scheduling-1] c.d.e.service.SincronizacaoService       : Ciclo finalizado. Total de atualizações enviadas: 0
2026-09-02T06:21:59.999-03:00  INFO 22468 --- [ecommerce] [scheduling-1] c.d.e.s.SincronizacaoEstoqueService      : [ESTOQUE] Lendo VW_ECOMMERCE_ESTOQUE no banco de dados...
2026-09-02T06:22:00.102-03:00  INFO 22468 --- [ecommerce] [scheduling-1] c.d.e.s.SincronizacaoEstoqueService      : [ESTOQUE] Ciclo finalizado. Total de atualizações enviadas: 0
2026-09-02T06:22:00.102-03:00  INFO 22468 --- [ecommerce] [scheduling-1] c.d.e.service.SincronizacaoService       : Lendo VW_ECOMMERCE_PRECOS no banco de dados...
2026-09-02T06:22:00.254-03:00  INFO 22468 --- [ecommerce] [scheduling-1] c.d.e.service.SincronizacaoService       : Ciclo finalizado. Total de atualizações enviadas: 0
2026-09-02T06:22:59.999-03:00  INFO 22468 --- [ecommerce] [scheduling-1] c.d.e.s.SincronizacaoEstoqueService      : [ESTOQUE] Lendo VW_ECOMMERCE_ESTOQUE no banco de dados...
2026-09-02T06:23:00.038-03:00  INFO 22468 --- [ecommerce] [scheduling-1] c.d.e.s.SincronizacaoEstoqueService      : [ESTOQUE] Ciclo finalizado. Total de atualizações enviadas: 0
2026-09-02T06:23:00.039-03:00  INFO 22468 --- [ecommerce] [scheduling-1] c.d.e.service.SincronizacaoService       : Lendo VW_ECOMMERCE_PRECOS no banco de dados...
2026-09-02T06:23:00.115-03:00  INFO 22468 --- [ecommerce] [scheduling-1] c.d.e.service.SincronizacaoService       : Ciclo finalizado. Total de atualizações enviadas: 0
2026-09-02T06:24:00.001-03:00  INFO 22468 --- [ecommerce] [scheduling-1] c.d.e.s.SincronizacaoEstoqueService      : [ESTOQUE] Lendo VW_ECOMMERCE_ESTOQUE no banco de dados...
2026-09-02T06:24:00.078-03:00  INFO 22468 --- [ecommerce] [scheduling-1] c.d.e.s.SincronizacaoEstoqueService      : [ESTOQUE] Ciclo finalizado. Total de atualizações enviadas: 0
2026-09-02T06:24:00.078-03:00  INFO 22468 --- [ecommerce] [scheduling-1] c.d.e.service.SincronizacaoService       : Lendo VW_ECOMMERCE_PRECOS no banco de dados...
2026-09-02T06:24:00.124-03:00  INFO 22468 --- [ecommerce] [scheduling-1] c.d.e.service.SincronizacaoService       : Ciclo finalizado. Total de atualizações enviadas: 0
2026-09-02T06:25:00.000-03:00  INFO 22468 --- [ecommerce] [scheduling-1] c.d.e.s.SincronizacaoEstoqueService      : [ESTOQUE] Lendo VW_ECOMMERCE_ESTOQUE no banco de dados...
2026-09-02T06:25:00.041-03:00  INFO 22468 --- [ecommerce] [scheduling-1] c.d.e.s.SincronizacaoEstoqueService      : [ESTOQUE] Ciclo finalizado. Total de atualizações enviadas: 0
2026-09-02T06:25:00.041-03:00  INFO 22468 --- [ecommerce] [scheduling-1] c.d.e.service.SincronizacaoService       : Lendo VW_ECOMMERCE_PRECOS no banco de dados...
2026-09-02T06:25:00.087-03:00  INFO 22468 --- [ecommerce] [scheduling-1] c.d.e.service.SincronizacaoService       : Ciclo finalizado. Total de atualizações enviadas: 0
2026-09-02T06:25:59.999-03:00  INFO 22468 --- [ecommerce] [scheduling-1] c.d.e.service.SincronizacaoService       : Lendo VW_ECOMMERCE_PRECOS no banco de dados...
2026-09-02T06:26:00.059-03:00  INFO 22468 --- [ecommerce] [scheduling-1] c.d.e.service.SincronizacaoService       : Ciclo finalizado. Total de atualizações enviadas: 0
2026-09-02T06:26:00.059-03:00  INFO 22468 --- [ecommerce] [scheduling-1] c.d.e.s.SincronizacaoEstoqueService      : [ESTOQUE] Lendo VW_ECOMMERCE_ESTOQUE no banco de dados...
2026-09-02T06:26:00.090-03:00  INFO 22468 --- [ecommerce] [scheduling-1] c.d.e.s.SincronizacaoEstoqueService      : [ESTOQUE] Ciclo finalizado. Total de atualizações enviadas: 0
2026-09-02T06:26:59.999-03:00  INFO 22468 --- [ecommerce] [scheduling-1] c.d.e.s.SincronizacaoEstoqueService      : [ESTOQUE] Lendo VW_ECOMMERCE_ESTOQUE no banco de dados...
2026-09-02T06:27:00.046-03:00  INFO 22468 --- [ecommerce] [scheduling-1] c.d.e.s.SincronizacaoEstoqueService      : [ESTOQUE] Ciclo finalizado. Total de atualizações enviadas: 0
2026-09-02T06:27:00.046-03:00  INFO 22468 --- [ecommerce] [scheduling-1] c.d.e.service.SincronizacaoService       : Lendo VW_ECOMMERCE_PRECOS no banco de dados...
2026-09-02T06:27:00.142-03:00  INFO 22468 --- [ecommerce] [scheduling-1] c.d.e.service.SincronizacaoService       : Ciclo finalizado. Total de atualizações enviadas: 0
2026-09-02T06:28:00.000-03:00  INFO 22468 --- [ecommerce] [scheduling-1] c.d.e.service.SincronizacaoService       : Lendo VW_ECOMMERCE_PRECOS no banco de dados...
2026-09-02T06:28:00.089-03:00  INFO 22468 --- [ecommerce] [scheduling-1] c.d.e.service.SincronizacaoService       : Ciclo finalizado. Total de atualizações enviadas: 0
2026-09-02T06:28:00.089-03:00  INFO 22468 --- [ecommerce] [scheduling-1] c.d.e.s.SincronizacaoEstoqueService      : [ESTOQUE] Lendo VW_ECOMMERCE_ESTOQUE no banco de dados...
2026-09-02T06:28:00.126-03:00  INFO 22468 --- [ecommerce] [scheduling-1] c.d.e.s.SincronizacaoEstoqueService      : [ESTOQUE] Ciclo finalizado. Total de atualizações enviadas: 0
2026-09-02T06:29:00.000-03:00  INFO 22468 --- [ecommerce] [scheduling-1] c.d.e.service.SincronizacaoService       : Lendo VW_ECOMMERCE_PRECOS no banco de dados...
2026-09-02T06:29:00.104-03:00  INFO 22468 --- [ecommerce] [scheduling-1] c.d.e.service.SincronizacaoService       : Ciclo finalizado. Total de atualizações enviadas: 0
2026-09-02T06:29:00.105-03:00  INFO 22468 --- [ecommerce] [scheduling-1] c.d.e.s.SincronizacaoEstoqueService      : [ESTOQUE] Lendo VW_ECOMMERCE_ESTOQUE no banco de dados...
2026-09-02T06:29:00.130-03:00  INFO 22468 --- [ecommerce] [scheduling-1] c.d.e.s.SincronizacaoEstoqueService      : [ESTOQUE] Ciclo finalizado. Total de atualizações enviadas: 0
2026-09-02T06:30:00.000-03:00  INFO 22468 --- [ecommerce] [scheduling-1] c.d.e.service.SincronizacaoService       : Lendo VW_ECOMMERCE_PRECOS no banco de dados...
2026-09-02T06:30:00.224-03:00  INFO 22468 --- [ecommerce] [scheduling-1] c.d.e.service.SincronizacaoService       : Ciclo finalizado. Total de atualizações enviadas: 0
2026-09-02T06:30:00.224-03:00  INFO 22468 --- [ecommerce] [scheduling-1] c.d.e.s.SincronizacaoEstoqueService      : [ESTOQUE] Lendo VW_ECOMMERCE_ESTOQUE no banco de dados...
2026-09-02T06:30:00.250-03:00  INFO 22468 --- [ecommerce] [scheduling-1] c.d.e.s.SincronizacaoEstoqueService      : [ESTOQUE] Ciclo finalizado. Total de atualizações enviadas: 0
2026-09-02T06:31:00.000-03:00  INFO 22468 --- [ecommerce] [scheduling-1] c.d.e.s.SincronizacaoEstoqueService      : [ESTOQUE] Lendo VW_ECOMMERCE_ESTOQUE no banco de dados...
2026-09-02T06:31:00.042-03:00  INFO 22468 --- [ecommerce] [scheduling-1] c.d.e.s.SincronizacaoEstoqueService      : [ESTOQUE] Ciclo finalizado. Total de atualizações enviadas: 0
2026-09-02T06:31:00.042-03:00  INFO 22468 --- [ecommerce] [scheduling-1] c.d.e.service.SincronizacaoService       : Lendo VW_ECOMMERCE_PRECOS no banco de dados...
2026-09-02T06:31:00.144-03:00  INFO 22468 --- [ecommerce] [scheduling-1] c.d.e.service.SincronizacaoService       : Ciclo finalizado. Total de atualizações enviadas: 0
2026-09-02T06:32:00.000-03:00  INFO 22468 --- [ecommerce] [scheduling-1] c.d.e.service.SincronizacaoService       : Lendo VW_ECOMMERCE_PRECOS no banco de dados...
2026-09-02T06:32:00.179-03:00  INFO 22468 --- [ecommerce] [scheduling-1] c.d.e.service.SincronizacaoService       : Ciclo finalizado. Total de atualizações enviadas: 0
2026-09-02T06:32:00.179-03:00  INFO 22468 --- [ecommerce] [scheduling-1] c.d.e.s.SincronizacaoEstoqueService      : [ESTOQUE] Lendo VW_ECOMMERCE_ESTOQUE no banco de dados...
2026-09-02T06:32:00.230-03:00  INFO 22468 --- [ecommerce] [scheduling-1] c.d.e.s.SincronizacaoEstoqueService      : [ESTOQUE] Ciclo finalizado. Total de atualizações enviadas: 0
2026-09-02T06:33:00.000-03:00  INFO 22468 --- [ecommerce] [scheduling-1] c.d.e.service.SincronizacaoService       : Lendo VW_ECOMMERCE_PRECOS no banco de dados...
2026-09-02T06:33:00.413-03:00  INFO 22468 --- [ecommerce] [scheduling-1] c.d.e.service.SincronizacaoService       : Ciclo finalizado. Total de atualizações enviadas: 0
2026-09-02T06:33:00.413-03:00  INFO 22468 --- [ecommerce] [scheduling-1] c.d.e.s.SincronizacaoEstoqueService      : [ESTOQUE] Lendo VW_ECOMMERCE_ESTOQUE no banco de dados...
2026-09-02T06:33:00.467-03:00  INFO 22468 --- [ecommerce] [scheduling-1] c.d.e.s.SincronizacaoEstoqueService      : [ESTOQUE] Ciclo finalizado. Total de atualizações enviadas: 0
2026-09-02T06:34:00.000-03:00  INFO 22468 --- [ecommerce] [scheduling-1] c.d.e.s.SincronizacaoEstoqueService      : [ESTOQUE] Lendo VW_ECOMMERCE_ESTOQUE no banco de dados...
2026-09-02T06:34:00.106-03:00  INFO 22468 --- [ecommerce] [scheduling-1] c.d.e.s.SincronizacaoEstoqueService      : [ESTOQUE] Ciclo finalizado. Total de atualizações enviadas: 0
2026-09-02T06:34:00.106-03:00  INFO 22468 --- [ecommerce] [scheduling-1] c.d.e.service.SincronizacaoService       : Lendo VW_ECOMMERCE_PRECOS no banco de dados...
2026-09-02T06:34:00.236-03:00  INFO 22468 --- [ecommerce] [scheduling-1] c.d.e.service.SincronizacaoService       : Ciclo finalizado. Total de atualizações enviadas: 0
2026-09-02T06:35:00.000-03:00  INFO 22468 --- [ecommerce] [scheduling-1] c.d.e.service.SincronizacaoService       : Lendo VW_ECOMMERCE_PRECOS no banco de dados...
2026-09-02T06:35:00.103-03:00  INFO 22468 --- [ecommerce] [scheduling-1] c.d.e.service.SincronizacaoService       : Ciclo finalizado. Total de atualizações enviadas: 0
2026-09-02T06:35:00.103-03:00  INFO 22468 --- [ecommerce] [scheduling-1] c.d.e.s.SincronizacaoEstoqueService      : [ESTOQUE] Lendo VW_ECOMMERCE_ESTOQUE no banco de dados...
2026-09-02T06:35:00.124-03:00  INFO 22468 --- [ecommerce] [scheduling-1] c.d.e.s.SincronizacaoEstoqueService      : [ESTOQUE] Ciclo finalizado. Total de atualizações enviadas: 0
2026-09-02T06:36:00.000-03:00  INFO 22468 --- [ecommerce] [scheduling-1] c.d.e.s.SincronizacaoEstoqueService      : [ESTOQUE] Lendo VW_ECOMMERCE_ESTOQUE no banco de dados...
2026-09-02T06:36:00.079-03:00  INFO 22468 --- [ecommerce] [scheduling-1] c.d.e.s.SincronizacaoEstoqueService      : [ESTOQUE] Ciclo finalizado. Total de atualizações enviadas: 0
2026-09-02T06:36:00.079-03:00  INFO 22468 --- [ecommerce] [scheduling-1] c.d.e.service.SincronizacaoService       : Lendo VW_ECOMMERCE_PRECOS no banco de dados...
2026-09-02T06:36:00.152-03:00  INFO 22468 --- [ecommerce] [scheduling-1] c.d.e.service.SincronizacaoService       : Ciclo finalizado. Total de atualizações enviadas: 0
2026-09-02T06:37:00.001-03:00  INFO 22468 --- [ecommerce] [scheduling-1] c.d.e.service.SincronizacaoService       : Lendo VW_ECOMMERCE_PRECOS no banco de dados...
2026-09-02T06:37:00.306-03:00  INFO 22468 --- [ecommerce] [scheduling-1] c.d.e.service.SincronizacaoService       : Ciclo finalizado. Total de atualizações enviadas: 0
2026-09-02T06:37:00.306-03:00  INFO 22468 --- [ecommerce] [scheduling-1] c.d.e.s.SincronizacaoEstoqueService      : [ESTOQUE] Lendo VW_ECOMMERCE_ESTOQUE no banco de dados...
2026-09-02T06:37:00.376-03:00  INFO 22468 --- [ecommerce] [scheduling-1] c.d.e.s.SincronizacaoEstoqueService      : [ESTOQUE] Ciclo finalizado. Total de atualizações enviadas: 0
2026-09-02T06:38:00.001-03:00  INFO 22468 --- [ecommerce] [scheduling-1] c.d.e.s.SincronizacaoEstoqueService      : [ESTOQUE] Lendo VW_ECOMMERCE_ESTOQUE no banco de dados...
2026-09-02T06:38:00.052-03:00  INFO 22468 --- [ecommerce] [scheduling-1] c.d.e.s.SincronizacaoEstoqueService      : [ESTOQUE] Ciclo finalizado. Total de atualizações enviadas: 0
2026-09-02T06:38:00.052-03:00  INFO 22468 --- [ecommerce] [scheduling-1] c.d.e.service.SincronizacaoService       : Lendo VW_ECOMMERCE_PRECOS no banco de dados...
2026-09-02T06:38:00.101-03:00  INFO 22468 --- [ecommerce] [scheduling-1] c.d.e.service.SincronizacaoService       : Ciclo finalizado. Total de atualizações enviadas: 0
2026-09-02T06:38:59.999-03:00  INFO 22468 --- [ecommerce] [scheduling-1] c.d.e.service.SincronizacaoService       : Lendo VW_ECOMMERCE_PRECOS no banco de dados...
2026-09-02T06:39:00.151-03:00  INFO 22468 --- [ecommerce] [scheduling-1] c.d.e.service.SincronizacaoService       : Ciclo finalizado. Total de atualizações enviadas: 0
2026-09-02T06:39:00.151-03:00  INFO 22468 --- [ecommerce] [scheduling-1] c.d.e.s.SincronizacaoEstoqueService      : [ESTOQUE] Lendo VW_ECOMMERCE_ESTOQUE no banco de dados...
2026-09-02T06:39:00.192-03:00  INFO 22468 --- [ecommerce] [scheduling-1] c.d.e.s.SincronizacaoEstoqueService      : [ESTOQUE] Ciclo finalizado. Total de atualizações enviadas: 0
2026-09-02T06:40:00.000-03:00  INFO 22468 --- [ecommerce] [scheduling-1] c.d.e.s.SincronizacaoEstoqueService      : [ESTOQUE] Lendo VW_ECOMMERCE_ESTOQUE no banco de dados...
2026-09-02T06:40:00.073-03:00  INFO 22468 --- [ecommerce] [scheduling-1] c.d.e.s.SincronizacaoEstoqueService      : [ESTOQUE] Ciclo finalizado. Total de atualizações enviadas: 0
2026-09-02T06:40:00.074-03:00  INFO 22468 --- [ecommerce] [scheduling-1] c.d.e.service.SincronizacaoService       : Lendo VW_ECOMMERCE_PRECOS no banco de dados...
2026-09-02T06:40:00.265-03:00  INFO 22468 --- [ecommerce] [scheduling-1] c.d.e.service.SincronizacaoService       : Ciclo finalizado. Total de atualizações enviadas: 0
2026-09-02T06:41:00.000-03:00  INFO 22468 --- [ecommerce] [scheduling-1] c.d.e.s.SincronizacaoEstoqueService      : [ESTOQUE] Lendo VW_ECOMMERCE_ESTOQUE no banco de dados...
2026-09-02T06:41:00.080-03:00  INFO 22468 --- [ecommerce] [scheduling-1] c.d.e.s.SincronizacaoEstoqueService      : [ESTOQUE] Ciclo finalizado. Total de atualizações enviadas: 0
2026-09-02T06:41:00.081-03:00  INFO 22468 --- [ecommerce] [scheduling-1] c.d.e.service.SincronizacaoService       : Lendo VW_ECOMMERCE_PRECOS no banco de dados...
2026-09-02T06:41:00.232-03:00  INFO 22468 --- [ecommerce] [scheduling-1] c.d.e.service.SincronizacaoService       : Ciclo finalizado. Total de atualizações enviadas: 0
2026-09-02T06:41:59.999-03:00  INFO 22468 --- [ecommerce] [scheduling-1] c.d.e.s.SincronizacaoEstoqueService      : [ESTOQUE] Lendo VW_ECOMMERCE_ESTOQUE no banco de dados...
2026-09-02T06:42:00.068-03:00  INFO 22468 --- [ecommerce] [scheduling-1] c.d.e.s.SincronizacaoEstoqueService      : [ESTOQUE] Ciclo finalizado. Total de atualizações enviadas: 0
2026-09-02T06:42:00.068-03:00  INFO 22468 --- [ecommerce] [scheduling-1] c.d.e.service.SincronizacaoService       : Lendo VW_ECOMMERCE_PRECOS no banco de dados...
2026-09-02T06:42:00.247-03:00  INFO 22468 --- [ecommerce] [scheduling-1] c.d.e.service.SincronizacaoService       : Ciclo finalizado. Total de atualizações enviadas: 0
2026-09-02T06:42:59.999-03:00  INFO 22468 --- [ecommerce] [scheduling-1] c.d.e.service.SincronizacaoService       : Lendo VW_ECOMMERCE_PRECOS no banco de dados...
2026-09-02T06:43:00.129-03:00  INFO 22468 --- [ecommerce] [scheduling-1] c.d.e.service.SincronizacaoService       : Ciclo finalizado. Total de atualizações enviadas: 0
2026-09-02T06:43:00.129-03:00  INFO 22468 --- [ecommerce] [scheduling-1] c.d.e.s.SincronizacaoEstoqueService      : [ESTOQUE] Lendo VW_ECOMMERCE_ESTOQUE no banco de dados...
2026-09-02T06:43:00.148-03:00  INFO 22468 --- [ecommerce] [scheduling-1] c.d.e.s.SincronizacaoEstoqueService      : [ESTOQUE] Ciclo finalizado. Total de atualizações enviadas: 0
2026-09-02T06:44:00.000-03:00  INFO 22468 --- [ecommerce] [scheduling-1] c.d.e.s.SincronizacaoEstoqueService      : [ESTOQUE] Lendo VW_ECOMMERCE_ESTOQUE no banco de dados...
2026-09-02T06:44:00.097-03:00  INFO 22468 --- [ecommerce] [scheduling-1] c.d.e.s.SincronizacaoEstoqueService      : [ESTOQUE] Ciclo finalizado. Total de atualizações enviadas: 0
2026-09-02T06:44:00.097-03:00  INFO 22468 --- [ecommerce] [scheduling-1] c.d.e.service.SincronizacaoService       : Lendo VW_ECOMMERCE_PRECOS no banco de dados...
2026-09-02T06:44:00.178-03:00  INFO 22468 --- [ecommerce] [scheduling-1] c.d.e.service.SincronizacaoService       : Ciclo finalizado. Total de atualizações enviadas: 0
2026-09-02T06:45:00.000-03:00  INFO 22468 --- [ecommerce] [scheduling-1] c.d.e.service.SincronizacaoService       : Lendo VW_ECOMMERCE_PRECOS no banco de dados...
2026-09-02T06:45:00.102-03:00  INFO 22468 --- [ecommerce] [scheduling-1] c.d.e.service.SincronizacaoService       : Ciclo finalizado. Total de atualizações enviadas: 0
2026-09-02T06:45:00.103-03:00  INFO 22468 --- [ecommerce] [scheduling-1] c.d.e.s.SincronizacaoEstoqueService      : [ESTOQUE] Lendo VW_ECOMMERCE_ESTOQUE no banco de dados...
2026-09-02T06:45:00.123-03:00  INFO 22468 --- [ecommerce] [scheduling-1] c.d.e.s.SincronizacaoEstoqueService      : [ESTOQUE] Ciclo finalizado. Total de atualizações enviadas: 0
2026-09-02T06:45:59.999-03:00  INFO 22468 --- [ecommerce] [scheduling-1] c.d.e.s.SincronizacaoEstoqueService      : [ESTOQUE] Lendo VW_ECOMMERCE_ESTOQUE no banco de dados...
2026-09-02T06:46:00.103-03:00  INFO 22468 --- [ecommerce] [scheduling-1] c.d.e.s.SincronizacaoEstoqueService      : [ESTOQUE] Ciclo finalizado. Total de atualizações enviadas: 0
2026-09-02T06:46:00.103-03:00  INFO 22468 --- [ecommerce] [scheduling-1] c.d.e.service.SincronizacaoService       : Lendo VW_ECOMMERCE_PRECOS no banco de dados...
2026-09-02T06:46:00.364-03:00  INFO 22468 --- [ecommerce] [scheduling-1] c.d.e.service.SincronizacaoService       : Ciclo finalizado. Total de atualizações enviadas: 0
2026-09-02T06:47:00.000-03:00  INFO 22468 --- [ecommerce] [scheduling-1] c.d.e.service.SincronizacaoService       : Lendo VW_ECOMMERCE_PRECOS no banco de dados...
2026-09-02T06:47:00.096-03:00  INFO 22468 --- [ecommerce] [scheduling-1] c.d.e.service.SincronizacaoService       : Ciclo finalizado. Total de atualizações enviadas: 0
2026-09-02T06:47:00.096-03:00  INFO 22468 --- [ecommerce] [scheduling-1] c.d.e.s.SincronizacaoEstoqueService      : [ESTOQUE] Lendo VW_ECOMMERCE_ESTOQUE no banco de dados...
2026-09-02T06:47:00.119-03:00  INFO 22468 --- [ecommerce] [scheduling-1] c.d.e.s.SincronizacaoEstoqueService      : [ESTOQUE] Ciclo finalizado. Total de atualizações enviadas: 0
2026-09-02T06:47:59.999-03:00  INFO 22468 --- [ecommerce] [scheduling-1] c.d.e.s.SincronizacaoEstoqueService      : [ESTOQUE] Lendo VW_ECOMMERCE_ESTOQUE no banco de dados...
2026-09-02T06:48:00.047-03:00  INFO 22468 --- [ecommerce] [scheduling-1] c.d.e.s.SincronizacaoEstoqueService      : [ESTOQUE] Ciclo finalizado. Total de atualizações enviadas: 0
2026-09-02T06:48:00.047-03:00  INFO 22468 --- [ecommerce] [scheduling-1] c.d.e.service.SincronizacaoService       : Lendo VW_ECOMMERCE_PRECOS no banco de dados...
2026-09-02T06:48:00.144-03:00  INFO 22468 --- [ecommerce] [scheduling-1] c.d.e.service.SincronizacaoService       : Ciclo finalizado. Total de atualizações enviadas: 0
2026-09-02T06:49:00.000-03:00  INFO 22468 --- [ecommerce] [scheduling-1] c.d.e.service.SincronizacaoService       : Lendo VW_ECOMMERCE_PRECOS no banco de dados...
2026-09-02T06:49:00.072-03:00  INFO 22468 --- [ecommerce] [scheduling-1] c.d.e.service.SincronizacaoService       : Ciclo finalizado. Total de atualizações enviadas: 0
2026-09-02T06:49:00.072-03:00  INFO 22468 --- [ecommerce] [scheduling-1] c.d.e.s.SincronizacaoEstoqueService      : [ESTOQUE] Lendo VW_ECOMMERCE_ESTOQUE no banco de dados...
2026-09-02T06:49:00.106-03:00  INFO 22468 --- [ecommerce] [scheduling-1] c.d.e.s.SincronizacaoEstoqueService      : [ESTOQUE] Ciclo finalizado. Total de atualizações enviadas: 0
2026-09-02T06:50:00.000-03:00  INFO 22468 --- [ecommerce] [scheduling-1] c.d.e.s.SincronizacaoEstoqueService      : [ESTOQUE] Lendo VW_ECOMMERCE_ESTOQUE no banco de dados...
2026-09-02T06:50:00.049-03:00  INFO 22468 --- [ecommerce] [scheduling-1] c.d.e.s.SincronizacaoEstoqueService      : [ESTOQUE] Ciclo finalizado. Total de atualizações enviadas: 0
2026-09-02T06:50:00.050-03:00  INFO 22468 --- [ecommerce] [scheduling-1] c.d.e.service.SincronizacaoService       : Lendo VW_ECOMMERCE_PRECOS no banco de dados...
2026-09-02T06:50:00.097-03:00  INFO 22468 --- [ecommerce] [scheduling-1] c.d.e.service.SincronizacaoService       : Ciclo finalizado. Total de atualizações enviadas: 0
2026-09-02T06:51:00.000-03:00  INFO 22468 --- [ecommerce] [scheduling-1] c.d.e.s.SincronizacaoEstoqueService      : [ESTOQUE] Lendo VW_ECOMMERCE_ESTOQUE no banco de dados...
2026-09-02T06:51:00.125-03:00  INFO 22468 --- [ecommerce] [scheduling-1] c.d.e.s.SincronizacaoEstoqueService      : [ESTOQUE] Ciclo finalizado. Total de atualizações enviadas: 0
2026-09-02T06:51:00.125-03:00  INFO 22468 --- [ecommerce] [scheduling-1] c.d.e.service.SincronizacaoService       : Lendo VW_ECOMMERCE_PRECOS no banco de dados...
2026-09-02T06:51:00.308-03:00  INFO 22468 --- [ecommerce] [scheduling-1] c.d.e.service.SincronizacaoService       : Ciclo finalizado. Total de atualizações enviadas: 0
2026-09-02T06:52:00.000-03:00  INFO 22468 --- [ecommerce] [scheduling-1] c.d.e.service.SincronizacaoService       : Lendo VW_ECOMMERCE_PRECOS no banco de dados...
2026-09-02T06:52:00.174-03:00  INFO 22468 --- [ecommerce] [scheduling-1] c.d.e.service.SincronizacaoService       : Ciclo finalizado. Total de atualizações enviadas: 0
2026-09-02T06:52:00.174-03:00  INFO 22468 --- [ecommerce] [scheduling-1] c.d.e.s.SincronizacaoEstoqueService      : [ESTOQUE] Lendo VW_ECOMMERCE_ESTOQUE no banco de dados...
2026-09-02T06:52:00.198-03:00  INFO 22468 --- [ecommerce] [scheduling-1] c.d.e.s.SincronizacaoEstoqueService      : [ESTOQUE] Ciclo finalizado. Total de atualizações enviadas: 0
2026-09-02T06:53:00.000-03:00  INFO 22468 --- [ecommerce] [scheduling-1] c.d.e.s.SincronizacaoEstoqueService      : [ESTOQUE] Lendo VW_ECOMMERCE_ESTOQUE no banco de dados...
2026-09-02T06:53:00.040-03:00  INFO 22468 --- [ecommerce] [scheduling-1] c.d.e.s.SincronizacaoEstoqueService      : [ESTOQUE] Ciclo finalizado. Total de atualizações enviadas: 0
2026-09-02T06:53:00.041-03:00  INFO 22468 --- [ecommerce] [scheduling-1] c.d.e.service.SincronizacaoService       : Lendo VW_ECOMMERCE_PRECOS no banco de dados...
2026-09-02T06:53:00.110-03:00  INFO 22468 --- [ecommerce] [scheduling-1] c.d.e.service.SincronizacaoService       : Ciclo finalizado. Total de atualizações enviadas: 0
2026-09-02T06:54:00.000-03:00  INFO 22468 --- [ecommerce] [scheduling-1] c.d.e.service.SincronizacaoService       : Lendo VW_ECOMMERCE_PRECOS no banco de dados...
2026-09-02T06:54:00.096-03:00  INFO 22468 --- [ecommerce] [scheduling-1] c.d.e.service.SincronizacaoService       : Ciclo finalizado. Total de atualizações enviadas: 0
2026-09-02T06:54:00.096-03:00  INFO 22468 --- [ecommerce] [scheduling-1] c.d.e.s.SincronizacaoEstoqueService      : [ESTOQUE] Lendo VW_ECOMMERCE_ESTOQUE no banco de dados...
2026-09-02T06:54:00.115-03:00  INFO 22468 --- [ecommerce] [scheduling-1] c.d.e.s.SincronizacaoEstoqueService      : [ESTOQUE] Ciclo finalizado. Total de atualizações enviadas: 0
2026-09-02T06:55:00.001-03:00  INFO 22468 --- [ecommerce] [scheduling-1] c.d.e.service.SincronizacaoService       : Lendo VW_ECOMMERCE_PRECOS no banco de dados...
2026-09-02T06:55:00.096-03:00  INFO 22468 --- [ecommerce] [scheduling-1] c.d.e.service.SincronizacaoService       : Ciclo finalizado. Total de atualizações enviadas: 0
2026-09-02T06:55:00.096-03:00  INFO 22468 --- [ecommerce] [scheduling-1] c.d.e.s.SincronizacaoEstoqueService      : [ESTOQUE] Lendo VW_ECOMMERCE_ESTOQUE no banco de dados...
2026-09-02T06:55:00.118-03:00  INFO 22468 --- [ecommerce] [scheduling-1] c.d.e.s.SincronizacaoEstoqueService      : [ESTOQUE] Ciclo finalizado. Total de atualizações enviadas: 0
2026-09-02T06:56:00.000-03:00  INFO 22468 --- [ecommerce] [scheduling-1] c.d.e.s.SincronizacaoEstoqueService      : [ESTOQUE] Lendo VW_ECOMMERCE_ESTOQUE no banco de dados...
2026-09-02T06:56:00.093-03:00  INFO 22468 --- [ecommerce] [scheduling-1] c.d.e.s.SincronizacaoEstoqueService      : [ESTOQUE] Ciclo finalizado. Total de atualizações enviadas: 0
2026-09-02T06:56:00.093-03:00  INFO 22468 --- [ecommerce] [scheduling-1] c.d.e.service.SincronizacaoService       : Lendo VW_ECOMMERCE_PRECOS no banco de dados...
2026-09-02T06:56:00.144-03:00  INFO 22468 --- [ecommerce] [scheduling-1] c.d.e.service.SincronizacaoService       : Ciclo finalizado. Total de atualizações enviadas: 0
2026-09-02T06:57:00.000-03:00  INFO 22468 --- [ecommerce] [scheduling-1] c.d.e.service.SincronizacaoService       : Lendo VW_ECOMMERCE_PRECOS no banco de dados...
2026-09-02T06:57:00.293-03:00  INFO 22468 --- [ecommerce] [scheduling-1] c.d.e.service.SincronizacaoService       : Ciclo finalizado. Total de atualizações enviadas: 0
2026-09-02T06:57:00.293-03:00  INFO 22468 --- [ecommerce] [scheduling-1] c.d.e.s.SincronizacaoEstoqueService      : [ESTOQUE] Lendo VW_ECOMMERCE_ESTOQUE no banco de dados...
2026-09-02T06:57:00.344-03:00  INFO 22468 --- [ecommerce] [scheduling-1] c.d.e.s.SincronizacaoEstoqueService      : [ESTOQUE] Ciclo finalizado. Total de atualizações enviadas: 0
2026-09-02T06:57:59.999-03:00  INFO 22468 --- [ecommerce] [scheduling-1] c.d.e.s.SincronizacaoEstoqueService      : [ESTOQUE] Lendo VW_ECOMMERCE_ESTOQUE no banco de dados...
2026-09-02T06:58:00.061-03:00  INFO 22468 --- [ecommerce] [scheduling-1] c.d.e.s.SincronizacaoEstoqueService      : [ESTOQUE] Ciclo finalizado. Total de atualizações enviadas: 0
2026-09-02T06:58:00.061-03:00  INFO 22468 --- [ecommerce] [scheduling-1] c.d.e.service.SincronizacaoService       : Lendo VW_ECOMMERCE_PRECOS no banco de dados...
2026-09-02T06:58:00.116-03:00  INFO 22468 --- [ecommerce] [scheduling-1] c.d.e.service.SincronizacaoService       : Ciclo finalizado. Total de atualizações enviadas: 0
2026-09-02T06:59:00.000-03:00  INFO 22468 --- [ecommerce] [scheduling-1] c.d.e.s.SincronizacaoEstoqueService      : [ESTOQUE] Lendo VW_ECOMMERCE_ESTOQUE no banco de dados...
2026-09-02T06:59:00.048-03:00  INFO 22468 --- [ecommerce] [scheduling-1] c.d.e.s.SincronizacaoEstoqueService      : [ESTOQUE] Ciclo finalizado. Total de atualizações enviadas: 0
2026-09-02T06:59:00.048-03:00  INFO 22468 --- [ecommerce] [scheduling-1] c.d.e.service.SincronizacaoService       : Lendo VW_ECOMMERCE_PRECOS no banco de dados...
2026-09-02T06:59:00.170-03:00  INFO 22468 --- [ecommerce] [scheduling-1] c.d.e.service.SincronizacaoService       : Ciclo finalizado. Total de atualizações enviadas: 0
2026-09-02T07:00:00.000-03:00  INFO 22468 --- [ecommerce] [scheduling-1] c.d.e.service.SincronizacaoService       : Lendo VW_ECOMMERCE_PRECOS no banco de dados...
2026-09-02T07:00:00.058-03:00  INFO 22468 --- [ecommerce] [scheduling-1] c.d.e.service.SincronizacaoService       : Ciclo finalizado. Total de atualizações enviadas: 0
2026-09-02T07:00:00.058-03:00  INFO 22468 --- [ecommerce] [scheduling-1] c.d.e.s.SincronizacaoEstoqueService      : [ESTOQUE] Lendo VW_ECOMMERCE_ESTOQUE no banco de dados...
2026-09-02T07:00:00.087-03:00  INFO 22468 --- [ecommerce] [scheduling-1] c.d.e.s.SincronizacaoEstoqueService      : [ESTOQUE] Ciclo finalizado. Total de atualizações enviadas: 0
2026-09-02T07:01:00.000-03:00  INFO 22468 --- [ecommerce] [scheduling-1] c.d.e.service.SincronizacaoService       : Lendo VW_ECOMMERCE_PRECOS no banco de dados...
2026-09-02T07:01:00.214-03:00  INFO 22468 --- [ecommerce] [scheduling-1] c.d.e.service.SincronizacaoService       : Ciclo finalizado. Total de atualizações enviadas: 0
2026-09-02T07:01:00.215-03:00  INFO 22468 --- [ecommerce] [scheduling-1] c.d.e.s.SincronizacaoEstoqueService      : [ESTOQUE] Lendo VW_ECOMMERCE_ESTOQUE no banco de dados...
2026-09-02T07:01:00.253-03:00  INFO 22468 --- [ecommerce] [scheduling-1] c.d.e.s.SincronizacaoEstoqueService      : [ESTOQUE] Ciclo finalizado. Total de atualizações enviadas: 0
2026-09-02T07:01:59.999-03:00  INFO 22468 --- [ecommerce] [scheduling-1] c.d.e.service.SincronizacaoService       : Lendo VW_ECOMMERCE_PRECOS no banco de dados...
2026-09-02T07:02:00.104-03:00  INFO 22468 --- [ecommerce] [scheduling-1] c.d.e.service.SincronizacaoService       : Ciclo finalizado. Total de atualizações enviadas: 0
2026-09-02T07:02:00.104-03:00  INFO 22468 --- [ecommerce] [scheduling-1] c.d.e.s.SincronizacaoEstoqueService      : [ESTOQUE] Lendo VW_ECOMMERCE_ESTOQUE no banco de dados...
2026-09-02T07:02:00.137-03:00  INFO 22468 --- [ecommerce] [scheduling-1] c.d.e.s.SincronizacaoEstoqueService      : [ESTOQUE] Ciclo finalizado. Total de atualizações enviadas: 0
2026-09-02T07:03:00.000-03:00  INFO 22468 --- [ecommerce] [scheduling-1] c.d.e.service.SincronizacaoService       : Lendo VW_ECOMMERCE_PRECOS no banco de dados...
2026-09-02T07:03:00.087-03:00  INFO 22468 --- [ecommerce] [scheduling-1] c.d.e.service.SincronizacaoService       : Ciclo finalizado. Total de atualizações enviadas: 0
2026-09-02T07:03:00.087-03:00  INFO 22468 --- [ecommerce] [scheduling-1] c.d.e.s.SincronizacaoEstoqueService      : [ESTOQUE] Lendo VW_ECOMMERCE_ESTOQUE no banco de dados...
2026-09-02T07:03:00.114-03:00  INFO 22468 --- [ecommerce] [scheduling-1] c.d.e.s.SincronizacaoEstoqueService      : [ESTOQUE] Ciclo finalizado. Total de atualizações enviadas: 0
2026-09-02T07:04:00.000-03:00  INFO 22468 --- [ecommerce] [scheduling-1] c.d.e.s.SincronizacaoEstoqueService      : [ESTOQUE] Lendo VW_ECOMMERCE_ESTOQUE no banco de dados...
2026-09-02T07:04:00.088-03:00  INFO 22468 --- [ecommerce] [scheduling-1] c.d.e.s.SincronizacaoEstoqueService      : [ESTOQUE] Ciclo finalizado. Total de atualizações enviadas: 0
2026-09-02T07:04:00.088-03:00  INFO 22468 --- [ecommerce] [scheduling-1] c.d.e.service.SincronizacaoService       : Lendo VW_ECOMMERCE_PRECOS no banco de dados...
2026-09-02T07:04:00.137-03:00  INFO 22468 --- [ecommerce] [scheduling-1] c.d.e.service.SincronizacaoService       : Ciclo finalizado. Total de atualizações enviadas: 0
2026-09-02T07:04:59.999-03:00  INFO 22468 --- [ecommerce] [scheduling-1] c.d.e.s.SincronizacaoEstoqueService      : [ESTOQUE] Lendo VW_ECOMMERCE_ESTOQUE no banco de dados...
2026-09-02T07:05:00.058-03:00  INFO 22468 --- [ecommerce] [scheduling-1] c.d.e.s.SincronizacaoEstoqueService      : [ESTOQUE] Ciclo finalizado. Total de atualizações enviadas: 0
2026-09-02T07:05:00.058-03:00  INFO 22468 --- [ecommerce] [scheduling-1] c.d.e.service.SincronizacaoService       : Lendo VW_ECOMMERCE_PRECOS no banco de dados...
2026-09-02T07:05:00.237-03:00  INFO 22468 --- [ecommerce] [scheduling-1] c.d.e.service.SincronizacaoService       : Ciclo finalizado. Total de atualizações enviadas: 0
2026-09-02T07:06:00.001-03:00  INFO 22468 --- [ecommerce] [scheduling-1] c.d.e.service.SincronizacaoService       : Lendo VW_ECOMMERCE_PRECOS no banco de dados...
2026-09-02T07:06:00.263-03:00  INFO 22468 --- [ecommerce] [scheduling-1] c.d.e.service.SincronizacaoService       : Ciclo finalizado. Total de atualizações enviadas: 0
2026-09-02T07:06:00.263-03:00  INFO 22468 --- [ecommerce] [scheduling-1] c.d.e.s.SincronizacaoEstoqueService      : [ESTOQUE] Lendo VW_ECOMMERCE_ESTOQUE no banco de dados...
2026-09-02T07:06:00.301-03:00  INFO 22468 --- [ecommerce] [scheduling-1] c.d.e.s.SincronizacaoEstoqueService      : [ESTOQUE] Ciclo finalizado. Total de atualizações enviadas: 0
2026-09-02T07:07:00.000-03:00  INFO 22468 --- [ecommerce] [scheduling-1] c.d.e.s.SincronizacaoEstoqueService      : [ESTOQUE] Lendo VW_ECOMMERCE_ESTOQUE no banco de dados...
2026-09-02T07:07:00.070-03:00  INFO 22468 --- [ecommerce] [scheduling-1] c.d.e.s.SincronizacaoEstoqueService      : [ESTOQUE] Ciclo finalizado. Total de atualizações enviadas: 0
2026-09-02T07:07:00.071-03:00  INFO 22468 --- [ecommerce] [scheduling-1] c.d.e.service.SincronizacaoService       : Lendo VW_ECOMMERCE_PRECOS no banco de dados...
2026-09-02T07:07:00.223-03:00  INFO 22468 --- [ecommerce] [scheduling-1] c.d.e.service.SincronizacaoService       : Ciclo finalizado. Total de atualizações enviadas: 0
2026-09-02T07:07:59.999-03:00  INFO 22468 --- [ecommerce] [scheduling-1] c.d.e.s.SincronizacaoEstoqueService      : [ESTOQUE] Lendo VW_ECOMMERCE_ESTOQUE no banco de dados...
2026-09-02T07:08:00.077-03:00  INFO 22468 --- [ecommerce] [scheduling-1] c.d.e.s.SincronizacaoEstoqueService      : [ESTOQUE] Ciclo finalizado. Total de atualizações enviadas: 0
2026-09-02T07:08:00.078-03:00  INFO 22468 --- [ecommerce] [scheduling-1] c.d.e.service.SincronizacaoService       : Lendo VW_ECOMMERCE_PRECOS no banco de dados...
2026-09-02T07:08:00.124-03:00  INFO 22468 --- [ecommerce] [scheduling-1] c.d.e.service.SincronizacaoService       : Ciclo finalizado. Total de atualizações enviadas: 0
2026-09-02T07:08:59.999-03:00  INFO 22468 --- [ecommerce] [scheduling-1] c.d.e.service.SincronizacaoService       : Lendo VW_ECOMMERCE_PRECOS no banco de dados...
2026-09-02T07:09:00.106-03:00  INFO 22468 --- [ecommerce] [scheduling-1] c.d.e.service.SincronizacaoService       : Ciclo finalizado. Total de atualizações enviadas: 0
2026-09-02T07:09:00.106-03:00  INFO 22468 --- [ecommerce] [scheduling-1] c.d.e.s.SincronizacaoEstoqueService      : [ESTOQUE] Lendo VW_ECOMMERCE_ESTOQUE no banco de dados...
2026-09-02T07:09:00.128-03:00  INFO 22468 --- [ecommerce] [scheduling-1] c.d.e.s.SincronizacaoEstoqueService      : [ESTOQUE] Ciclo finalizado. Total de atualizações enviadas: 0
2026-09-02T07:10:00.001-03:00  INFO 22468 --- [ecommerce] [scheduling-1] c.d.e.service.SincronizacaoService       : Lendo VW_ECOMMERCE_PRECOS no banco de dados...
2026-09-02T07:10:00.116-03:00  INFO 22468 --- [ecommerce] [scheduling-1] c.d.e.service.SincronizacaoService       : Ciclo finalizado. Total de atualizações enviadas: 0
2026-09-02T07:10:00.116-03:00  INFO 22468 --- [ecommerce] [scheduling-1] c.d.e.s.SincronizacaoEstoqueService      : [ESTOQUE] Lendo VW_ECOMMERCE_ESTOQUE no banco de dados...
2026-09-02T07:10:00.136-03:00  INFO 22468 --- [ecommerce] [scheduling-1] c.d.e.s.SincronizacaoEstoqueService      : [ESTOQUE] Ciclo finalizado. Total de atualizações enviadas: 0
2026-09-02T07:10:59.999-03:00  INFO 22468 --- [ecommerce] [scheduling-1] c.d.e.s.SincronizacaoEstoqueService      : [ESTOQUE] Lendo VW_ECOMMERCE_ESTOQUE no banco de dados...
2026-09-02T07:11:00.116-03:00  INFO 22468 --- [ecommerce] [scheduling-1] c.d.e.s.SincronizacaoEstoqueService      : [ESTOQUE] Ciclo finalizado. Total de atualizações enviadas: 0
2026-09-02T07:11:00.116-03:00  INFO 22468 --- [ecommerce] [scheduling-1] c.d.e.service.SincronizacaoService       : Lendo VW_ECOMMERCE_PRECOS no banco de dados...
2026-09-02T07:11:00.271-03:00  INFO 22468 --- [ecommerce] [scheduling-1] c.d.e.service.SincronizacaoService       : Ciclo finalizado. Total de atualizações enviadas: 0
2026-09-02T07:12:00.000-03:00  INFO 22468 --- [ecommerce] [scheduling-1] c.d.e.service.SincronizacaoService       : Lendo VW_ECOMMERCE_PRECOS no banco de dados...
2026-09-02T07:12:00.170-03:00  INFO 22468 --- [ecommerce] [scheduling-1] c.d.e.service.SincronizacaoService       : Ciclo finalizado. Total de atualizações enviadas: 0
2026-09-02T07:12:00.170-03:00  INFO 22468 --- [ecommerce] [scheduling-1] c.d.e.s.SincronizacaoEstoqueService      : [ESTOQUE] Lendo VW_ECOMMERCE_ESTOQUE no banco de dados...
2026-09-02T07:12:00.196-03:00  INFO 22468 --- [ecommerce] [scheduling-1] c.d.e.s.SincronizacaoEstoqueService      : [ESTOQUE] Ciclo finalizado. Total de atualizações enviadas: 0
2026-09-02T07:13:00.000-03:00  INFO 22468 --- [ecommerce] [scheduling-1] c.d.e.s.SincronizacaoEstoqueService      : [ESTOQUE] Lendo VW_ECOMMERCE_ESTOQUE no banco de dados...
2026-09-02T07:13:00.084-03:00  INFO 22468 --- [ecommerce] [scheduling-1] c.d.e.s.SincronizacaoEstoqueService      : [ESTOQUE] Ciclo finalizado. Total de atualizações enviadas: 0
2026-09-02T07:13:00.084-03:00  INFO 22468 --- [ecommerce] [scheduling-1] c.d.e.service.SincronizacaoService       : Lendo VW_ECOMMERCE_PRECOS no banco de dados...
2026-09-02T07:13:00.196-03:00  INFO 22468 --- [ecommerce] [scheduling-1] c.d.e.service.SincronizacaoService       : Ciclo finalizado. Total de atualizações enviadas: 0
2026-09-02T07:14:00.000-03:00  INFO 22468 --- [ecommerce] [scheduling-1] c.d.e.s.SincronizacaoEstoqueService      : [ESTOQUE] Lendo VW_ECOMMERCE_ESTOQUE no banco de dados...
2026-09-02T07:14:00.092-03:00  INFO 22468 --- [ecommerce] [scheduling-1] c.d.e.s.SincronizacaoEstoqueService      : [ESTOQUE] Ciclo finalizado. Total de atualizações enviadas: 0
2026-09-02T07:14:00.092-03:00  INFO 22468 --- [ecommerce] [scheduling-1] c.d.e.service.SincronizacaoService       : Lendo VW_ECOMMERCE_PRECOS no banco de dados...
2026-09-02T07:14:00.181-03:00  INFO 22468 --- [ecommerce] [scheduling-1] c.d.e.service.SincronizacaoService       : Ciclo finalizado. Total de atualizações enviadas: 0
2026-09-02T07:15:00.000-03:00  INFO 22468 --- [ecommerce] [scheduling-1] c.d.e.service.SincronizacaoService       : Lendo VW_ECOMMERCE_PRECOS no banco de dados...
2026-09-02T07:15:00.072-03:00  INFO 22468 --- [ecommerce] [scheduling-1] c.d.e.service.SincronizacaoService       : Ciclo finalizado. Total de atualizações enviadas: 0
2026-09-02T07:15:00.073-03:00  INFO 22468 --- [ecommerce] [scheduling-1] c.d.e.s.SincronizacaoEstoqueService      : [ESTOQUE] Lendo VW_ECOMMERCE_ESTOQUE no banco de dados...
2026-09-02T07:15:00.103-03:00  INFO 22468 --- [ecommerce] [scheduling-1] c.d.e.s.SincronizacaoEstoqueService      : [ESTOQUE] Ciclo finalizado. Total de atualizações enviadas: 0
2026-09-02T07:16:00.001-03:00  INFO 22468 --- [ecommerce] [scheduling-1] c.d.e.s.SincronizacaoEstoqueService      : [ESTOQUE] Lendo VW_ECOMMERCE_ESTOQUE no banco de dados...
2026-09-02T07:16:00.097-03:00  INFO 22468 --- [ecommerce] [scheduling-1] c.d.e.s.SincronizacaoEstoqueService      : [ESTOQUE] Ciclo finalizado. Total de atualizações enviadas: 0
2026-09-02T07:16:00.097-03:00  INFO 22468 --- [ecommerce] [scheduling-1] c.d.e.service.SincronizacaoService       : Lendo VW_ECOMMERCE_PRECOS no banco de dados...
2026-09-02T07:16:00.148-03:00  INFO 22468 --- [ecommerce] [scheduling-1] c.d.e.service.SincronizacaoService       : Ciclo finalizado. Total de atualizações enviadas: 0
2026-09-02T07:17:00.001-03:00  INFO 22468 --- [ecommerce] [scheduling-1] c.d.e.s.SincronizacaoEstoqueService      : [ESTOQUE] Lendo VW_ECOMMERCE_ESTOQUE no banco de dados...
2026-09-02T07:17:00.175-03:00  INFO 22468 --- [ecommerce] [scheduling-1] c.d.e.s.SincronizacaoEstoqueService      : [ESTOQUE] Ciclo finalizado. Total de atualizações enviadas: 0
2026-09-02T07:17:00.175-03:00  INFO 22468 --- [ecommerce] [scheduling-1] c.d.e.service.SincronizacaoService       : Lendo VW_ECOMMERCE_PRECOS no banco de dados...
2026-09-02T07:17:00.627-03:00  INFO 22468 --- [ecommerce] [scheduling-1] c.d.e.service.SincronizacaoService       : Ciclo finalizado. Total de atualizações enviadas: 0
2026-09-02T07:18:00.000-03:00  INFO 22468 --- [ecommerce] [scheduling-1] c.d.e.service.SincronizacaoService       : Lendo VW_ECOMMERCE_PRECOS no banco de dados...
2026-09-02T07:18:00.311-03:00  INFO 22468 --- [ecommerce] [scheduling-1] c.d.e.service.SincronizacaoService       : Ciclo finalizado. Total de atualizações enviadas: 0
2026-09-02T07:18:00.311-03:00  INFO 22468 --- [ecommerce] [scheduling-1] c.d.e.s.SincronizacaoEstoqueService      : [ESTOQUE] Lendo VW_ECOMMERCE_ESTOQUE no banco de dados...
2026-09-02T07:18:00.367-03:00  INFO 22468 --- [ecommerce] [scheduling-1] c.d.e.s.SincronizacaoEstoqueService      : [ESTOQUE] Ciclo finalizado. Total de atualizações enviadas: 0
2026-09-02T07:19:00.000-03:00  INFO 22468 --- [ecommerce] [scheduling-1] c.d.e.s.SincronizacaoEstoqueService      : [ESTOQUE] Lendo VW_ECOMMERCE_ESTOQUE no banco de dados...
2026-09-02T07:19:00.058-03:00  INFO 22468 --- [ecommerce] [scheduling-1] c.d.e.s.SincronizacaoEstoqueService      : [ESTOQUE] Ciclo finalizado. Total de atualizações enviadas: 0
2026-09-02T07:19:00.058-03:00  INFO 22468 --- [ecommerce] [scheduling-1] c.d.e.service.SincronizacaoService       : Lendo VW_ECOMMERCE_PRECOS no banco de dados...
2026-09-02T07:19:00.104-03:00  INFO 22468 --- [ecommerce] [scheduling-1] c.d.e.service.SincronizacaoService       : Ciclo finalizado. Total de atualizações enviadas: 0
2026-09-02T07:20:00.000-03:00  INFO 22468 --- [ecommerce] [scheduling-1] c.d.e.s.SincronizacaoEstoqueService      : [ESTOQUE] Lendo VW_ECOMMERCE_ESTOQUE no banco de dados...
2026-09-02T07:20:00.091-03:00  INFO 22468 --- [ecommerce] [scheduling-1] c.d.e.s.SincronizacaoEstoqueService      : [ESTOQUE] Ciclo finalizado. Total de atualizações enviadas: 0
2026-09-02T07:20:00.091-03:00  INFO 22468 --- [ecommerce] [scheduling-1] c.d.e.service.SincronizacaoService       : Lendo VW_ECOMMERCE_PRECOS no banco de dados...
2026-09-02T07:20:00.136-03:00  INFO 22468 --- [ecommerce] [scheduling-1] c.d.e.service.SincronizacaoService       : Ciclo finalizado. Total de atualizações enviadas: 0
2026-09-02T07:20:59.999-03:00  INFO 22468 --- [ecommerce] [scheduling-1] c.d.e.s.SincronizacaoEstoqueService      : [ESTOQUE] Lendo VW_ECOMMERCE_ESTOQUE no banco de dados...
2026-09-02T07:21:00.061-03:00  INFO 22468 --- [ecommerce] [scheduling-1] c.d.e.s.SincronizacaoEstoqueService      : [ESTOQUE] Ciclo finalizado. Total de atualizações enviadas: 0
2026-09-02T07:21:00.061-03:00  INFO 22468 --- [ecommerce] [scheduling-1] c.d.e.service.SincronizacaoService       : Lendo VW_ECOMMERCE_PRECOS no banco de dados...
2026-09-02T07:21:00.143-03:00  INFO 22468 --- [ecommerce] [scheduling-1] c.d.e.service.SincronizacaoService       : Ciclo finalizado. Total de atualizações enviadas: 0
2026-09-02T07:22:00.000-03:00  INFO 22468 --- [ecommerce] [scheduling-1] c.d.e.s.SincronizacaoEstoqueService      : [ESTOQUE] Lendo VW_ECOMMERCE_ESTOQUE no banco de dados...
2026-09-02T07:22:00.100-03:00  INFO 22468 --- [ecommerce] [scheduling-1] c.d.e.s.SincronizacaoEstoqueService      : [ESTOQUE] Ciclo finalizado. Total de atualizações enviadas: 0
2026-09-02T07:22:00.100-03:00  INFO 22468 --- [ecommerce] [scheduling-1] c.d.e.service.SincronizacaoService       : Lendo VW_ECOMMERCE_PRECOS no banco de dados...
2026-09-02T07:22:00.327-03:00  INFO 22468 --- [ecommerce] [scheduling-1] c.d.e.service.SincronizacaoService       : Ciclo finalizado. Total de atualizações enviadas: 0
2026-09-02T07:22:59.999-03:00  INFO 22468 --- [ecommerce] [scheduling-1] c.d.e.service.SincronizacaoService       : Lendo VW_ECOMMERCE_PRECOS no banco de dados...
2026-09-02T07:23:00.166-03:00  INFO 22468 --- [ecommerce] [scheduling-1] c.d.e.service.SincronizacaoService       : Ciclo finalizado. Total de atualizações enviadas: 0
2026-09-02T07:23:00.166-03:00  INFO 22468 --- [ecommerce] [scheduling-1] c.d.e.s.SincronizacaoEstoqueService      : [ESTOQUE] Lendo VW_ECOMMERCE_ESTOQUE no banco de dados...
2026-09-02T07:23:00.189-03:00  INFO 22468 --- [ecommerce] [scheduling-1] c.d.e.s.SincronizacaoEstoqueService      : [ESTOQUE] Ciclo finalizado. Total de atualizações enviadas: 0
2026-09-02T07:24:00.001-03:00  INFO 22468 --- [ecommerce] [scheduling-1] c.d.e.s.SincronizacaoEstoqueService      : [ESTOQUE] Lendo VW_ECOMMERCE_ESTOQUE no banco de dados...
2026-09-02T07:24:00.098-03:00  INFO 22468 --- [ecommerce] [scheduling-1] c.d.e.s.SincronizacaoEstoqueService      : [ESTOQUE] Ciclo finalizado. Total de atualizações enviadas: 0
2026-09-02T07:24:00.098-03:00  INFO 22468 --- [ecommerce] [scheduling-1] c.d.e.service.SincronizacaoService       : Lendo VW_ECOMMERCE_PRECOS no banco de dados...
2026-09-02T07:24:00.255-03:00  INFO 22468 --- [ecommerce] [scheduling-1] c.d.e.service.SincronizacaoService       : Ciclo finalizado. Total de atualizações enviadas: 0
2026-09-02T07:25:00.000-03:00  INFO 22468 --- [ecommerce] [scheduling-1] c.d.e.s.SincronizacaoEstoqueService      : [ESTOQUE] Lendo VW_ECOMMERCE_ESTOQUE no banco de dados...
2026-09-02T07:25:00.056-03:00  INFO 22468 --- [ecommerce] [scheduling-1] c.d.e.s.SincronizacaoEstoqueService      : [ESTOQUE] Ciclo finalizado. Total de atualizações enviadas: 0
2026-09-02T07:25:00.056-03:00  INFO 22468 --- [ecommerce] [scheduling-1] c.d.e.service.SincronizacaoService       : Lendo VW_ECOMMERCE_PRECOS no banco de dados...
2026-09-02T07:25:00.432-03:00  INFO 22468 --- [ecommerce] [scheduling-1] c.d.e.service.SincronizacaoService       : Ciclo finalizado. Total de atualizações enviadas: 0
2026-09-02T07:26:00.001-03:00  INFO 22468 --- [ecommerce] [scheduling-1] c.d.e.service.SincronizacaoService       : Lendo VW_ECOMMERCE_PRECOS no banco de dados...
2026-09-02T07:26:00.059-03:00  INFO 22468 --- [ecommerce] [scheduling-1] c.d.e.service.SincronizacaoService       : Ciclo finalizado. Total de atualizações enviadas: 0
2026-09-02T07:26:00.059-03:00  INFO 22468 --- [ecommerce] [scheduling-1] c.d.e.s.SincronizacaoEstoqueService      : [ESTOQUE] Lendo VW_ECOMMERCE_ESTOQUE no banco de dados...
2026-09-02T07:26:00.090-03:00  INFO 22468 --- [ecommerce] [scheduling-1] c.d.e.s.SincronizacaoEstoqueService      : [ESTOQUE] Ciclo finalizado. Total de atualizações enviadas: 0
2026-09-02T07:27:00.000-03:00  INFO 22468 --- [ecommerce] [scheduling-1] c.d.e.service.SincronizacaoService       : Lendo VW_ECOMMERCE_PRECOS no banco de dados...
2026-09-02T07:27:00.269-03:00  INFO 22468 --- [ecommerce] [scheduling-1] c.d.e.service.SincronizacaoService       : Ciclo finalizado. Total de atualizações enviadas: 0
2026-09-02T07:27:00.270-03:00  INFO 22468 --- [ecommerce] [scheduling-1] c.d.e.s.SincronizacaoEstoqueService      : [ESTOQUE] Lendo VW_ECOMMERCE_ESTOQUE no banco de dados...
2026-09-02T07:27:00.314-03:00  INFO 22468 --- [ecommerce] [scheduling-1] c.d.e.s.SincronizacaoEstoqueService      : [ESTOQUE] Ciclo finalizado. Total de atualizações enviadas: 0
2026-09-02T07:27:59.999-03:00  INFO 22468 --- [ecommerce] [scheduling-1] c.d.e.service.SincronizacaoService       : Lendo VW_ECOMMERCE_PRECOS no banco de dados...
2026-09-02T07:28:00.274-03:00  INFO 22468 --- [ecommerce] [scheduling-1] c.d.e.service.SincronizacaoService       : Ciclo finalizado. Total de atualizações enviadas: 0
2026-09-02T07:28:00.275-03:00  INFO 22468 --- [ecommerce] [scheduling-1] c.d.e.s.SincronizacaoEstoqueService      : [ESTOQUE] Lendo VW_ECOMMERCE_ESTOQUE no banco de dados...
2026-09-02T07:28:00.329-03:00  INFO 22468 --- [ecommerce] [scheduling-1] c.d.e.s.SincronizacaoEstoqueService      : [ESTOQUE] Ciclo finalizado. Total de atualizações enviadas: 0
2026-09-02T07:28:59.999-03:00  INFO 22468 --- [ecommerce] [scheduling-1] c.d.e.service.SincronizacaoService       : Lendo VW_ECOMMERCE_PRECOS no banco de dados...
2026-09-02T07:29:00.052-03:00  INFO 22468 --- [ecommerce] [scheduling-1] c.d.e.service.SincronizacaoService       : Ciclo finalizado. Total de atualizações enviadas: 0
2026-09-02T07:29:00.052-03:00  INFO 22468 --- [ecommerce] [scheduling-1] c.d.e.s.SincronizacaoEstoqueService      : [ESTOQUE] Lendo VW_ECOMMERCE_ESTOQUE no banco de dados...
2026-09-02T07:29:00.072-03:00  INFO 22468 --- [ecommerce] [scheduling-1] c.d.e.s.SincronizacaoEstoqueService      : [ESTOQUE] Ciclo finalizado. Total de atualizações enviadas: 0
2026-09-02T07:30:00.000-03:00  INFO 22468 --- [ecommerce] [scheduling-1] c.d.e.s.SincronizacaoEstoqueService      : [ESTOQUE] Lendo VW_ECOMMERCE_ESTOQUE no banco de dados...
2026-09-02T07:30:00.106-03:00  INFO 22468 --- [ecommerce] [scheduling-1] c.d.e.s.SincronizacaoEstoqueService      : [ESTOQUE] Ciclo finalizado. Total de atualizações enviadas: 0
2026-09-02T07:30:00.106-03:00  INFO 22468 --- [ecommerce] [scheduling-1] c.d.e.service.SincronizacaoService       : Lendo VW_ECOMMERCE_PRECOS no banco de dados...
2026-09-02T07:30:00.270-03:00  INFO 22468 --- [ecommerce] [scheduling-1] c.d.e.service.SincronizacaoService       : Ciclo finalizado. Total de atualizações enviadas: 0
2026-09-02T07:31:00.000-03:00  INFO 22468 --- [ecommerce] [scheduling-1] c.d.e.service.SincronizacaoService       : Lendo VW_ECOMMERCE_PRECOS no banco de dados...
2026-09-02T07:31:00.152-03:00  INFO 22468 --- [ecommerce] [scheduling-1] c.d.e.service.SincronizacaoService       : Ciclo finalizado. Total de atualizações enviadas: 0
2026-09-02T07:31:00.152-03:00  INFO 22468 --- [ecommerce] [scheduling-1] c.d.e.s.SincronizacaoEstoqueService      : [ESTOQUE] Lendo VW_ECOMMERCE_ESTOQUE no banco de dados...
2026-09-02T07:31:00.173-03:00  INFO 22468 --- [ecommerce] [scheduling-1] c.d.e.s.SincronizacaoEstoqueService      : [ESTOQUE] Ciclo finalizado. Total de atualizações enviadas: 0
2026-09-02T07:32:00.001-03:00  INFO 22468 --- [ecommerce] [scheduling-1] c.d.e.service.SincronizacaoService       : Lendo VW_ECOMMERCE_PRECOS no banco de dados...
2026-09-02T07:32:00.128-03:00  INFO 22468 --- [ecommerce] [scheduling-1] c.d.e.service.SincronizacaoService       : Ciclo finalizado. Total de atualizações enviadas: 0
2026-09-02T07:32:00.128-03:00  INFO 22468 --- [ecommerce] [scheduling-1] c.d.e.s.SincronizacaoEstoqueService      : [ESTOQUE] Lendo VW_ECOMMERCE_ESTOQUE no banco de dados...
2026-09-02T07:32:00.157-03:00  INFO 22468 --- [ecommerce] [scheduling-1] c.d.e.s.SincronizacaoEstoqueService      : [ESTOQUE] Ciclo finalizado. Total de atualizações enviadas: 0
2026-09-02T07:33:00.000-03:00  INFO 22468 --- [ecommerce] [scheduling-1] c.d.e.s.SincronizacaoEstoqueService      : [ESTOQUE] Lendo VW_ECOMMERCE_ESTOQUE no banco de dados...
2026-09-02T07:33:00.079-03:00  INFO 22468 --- [ecommerce] [scheduling-1] c.d.e.s.SincronizacaoEstoqueService      : [ESTOQUE] Ciclo finalizado. Total de atualizações enviadas: 0
2026-09-02T07:33:00.080-03:00  INFO 22468 --- [ecommerce] [scheduling-1] c.d.e.service.SincronizacaoService       : Lendo VW_ECOMMERCE_PRECOS no banco de dados...
2026-09-02T07:33:00.219-03:00  INFO 22468 --- [ecommerce] [scheduling-1] c.d.e.service.SincronizacaoService       : Ciclo finalizado. Total de atualizações enviadas: 0
2026-09-02T07:33:59.999-03:00  INFO 22468 --- [ecommerce] [scheduling-1] c.d.e.s.SincronizacaoEstoqueService      : [ESTOQUE] Lendo VW_ECOMMERCE_ESTOQUE no banco de dados...
2026-09-02T07:34:00.041-03:00  INFO 22468 --- [ecommerce] [scheduling-1] c.d.e.s.SincronizacaoEstoqueService      : [ESTOQUE] Ciclo finalizado. Total de atualizações enviadas: 0
2026-09-02T07:34:00.041-03:00  INFO 22468 --- [ecommerce] [scheduling-1] c.d.e.service.SincronizacaoService       : Lendo VW_ECOMMERCE_PRECOS no banco de dados...
2026-09-02T07:34:00.155-03:00  INFO 22468 --- [ecommerce] [scheduling-1] c.d.e.service.SincronizacaoService       : Ciclo finalizado. Total de atualizações enviadas: 0
2026-09-02T07:35:00.000-03:00  INFO 22468 --- [ecommerce] [scheduling-1] c.d.e.service.SincronizacaoService       : Lendo VW_ECOMMERCE_PRECOS no banco de dados...
2026-09-02T07:35:00.117-03:00  INFO 22468 --- [ecommerce] [scheduling-1] c.d.e.service.SincronizacaoService       : Ciclo finalizado. Total de atualizações enviadas: 0
2026-09-02T07:35:00.117-03:00  INFO 22468 --- [ecommerce] [scheduling-1] c.d.e.s.SincronizacaoEstoqueService      : [ESTOQUE] Lendo VW_ECOMMERCE_ESTOQUE no banco de dados...
2026-09-02T07:35:00.136-03:00  INFO 22468 --- [ecommerce] [scheduling-1] c.d.e.s.SincronizacaoEstoqueService      : [ESTOQUE] Ciclo finalizado. Total de atualizações enviadas: 0
2026-09-02T07:36:00.000-03:00  INFO 22468 --- [ecommerce] [scheduling-1] c.d.e.s.SincronizacaoEstoqueService      : [ESTOQUE] Lendo VW_ECOMMERCE_ESTOQUE no banco de dados...
2026-09-02T07:36:00.066-03:00  INFO 22468 --- [ecommerce] [scheduling-1] c.d.e.s.SincronizacaoEstoqueService      : [ESTOQUE] Ciclo finalizado. Total de atualizações enviadas: 0
2026-09-02T07:36:00.066-03:00  INFO 22468 --- [ecommerce] [scheduling-1] c.d.e.service.SincronizacaoService       : Lendo VW_ECOMMERCE_PRECOS no banco de dados...
2026-09-02T07:36:00.119-03:00  INFO 22468 --- [ecommerce] [scheduling-1] c.d.e.service.SincronizacaoService       : Ciclo finalizado. Total de atualizações enviadas: 0
2026-09-02T07:37:00.000-03:00  INFO 22468 --- [ecommerce] [scheduling-1] c.d.e.s.SincronizacaoEstoqueService      : [ESTOQUE] Lendo VW_ECOMMERCE_ESTOQUE no banco de dados...
2026-09-02T07:37:00.119-03:00  INFO 22468 --- [ecommerce] [scheduling-1] c.d.e.s.SincronizacaoEstoqueService      : [ESTOQUE] Ciclo finalizado. Total de atualizações enviadas: 0
2026-09-02T07:37:00.120-03:00  INFO 22468 --- [ecommerce] [scheduling-1] c.d.e.service.SincronizacaoService       : Lendo VW_ECOMMERCE_PRECOS no banco de dados...
2026-09-02T07:37:00.608-03:00  INFO 22468 --- [ecommerce] [scheduling-1] c.d.e.service.SincronizacaoService       : Ciclo finalizado. Total de atualizações enviadas: 0
2026-09-02T07:38:00.000-03:00  INFO 22468 --- [ecommerce] [scheduling-1] c.d.e.s.SincronizacaoEstoqueService      : [ESTOQUE] Lendo VW_ECOMMERCE_ESTOQUE no banco de dados...
2026-09-02T07:38:00.041-03:00  INFO 22468 --- [ecommerce] [scheduling-1] c.d.e.s.SincronizacaoEstoqueService      : [ESTOQUE] Ciclo finalizado. Total de atualizações enviadas: 0
2026-09-02T07:38:00.041-03:00  INFO 22468 --- [ecommerce] [scheduling-1] c.d.e.service.SincronizacaoService       : Lendo VW_ECOMMERCE_PRECOS no banco de dados...
2026-09-02T07:38:00.102-03:00  INFO 22468 --- [ecommerce] [scheduling-1] c.d.e.service.SincronizacaoService       : Ciclo finalizado. Total de atualizações enviadas: 0
2026-09-02T07:39:00.001-03:00  INFO 22468 --- [ecommerce] [scheduling-1] c.d.e.s.SincronizacaoEstoqueService      : [ESTOQUE] Lendo VW_ECOMMERCE_ESTOQUE no banco de dados...
2026-09-02T07:39:00.071-03:00  INFO 22468 --- [ecommerce] [scheduling-1] c.d.e.s.SincronizacaoEstoqueService      : [ESTOQUE] Ciclo finalizado. Total de atualizações enviadas: 0
2026-09-02T07:39:00.071-03:00  INFO 22468 --- [ecommerce] [scheduling-1] c.d.e.service.SincronizacaoService       : Lendo VW_ECOMMERCE_PRECOS no banco de dados...
2026-09-02T07:39:00.124-03:00  INFO 22468 --- [ecommerce] [scheduling-1] c.d.e.service.SincronizacaoService       : Ciclo finalizado. Total de atualizações enviadas: 0
2026-09-02T07:40:00.000-03:00  INFO 22468 --- [ecommerce] [scheduling-1] c.d.e.s.SincronizacaoEstoqueService      : [ESTOQUE] Lendo VW_ECOMMERCE_ESTOQUE no banco de dados...
2026-09-02T07:40:00.096-03:00  INFO 22468 --- [ecommerce] [scheduling-1] c.d.e.s.SincronizacaoEstoqueService      : [ESTOQUE] Ciclo finalizado. Total de atualizações enviadas: 0
2026-09-02T07:40:00.096-03:00  INFO 22468 --- [ecommerce] [scheduling-1] c.d.e.service.SincronizacaoService       : Lendo VW_ECOMMERCE_PRECOS no banco de dados...
2026-09-02T07:40:00.147-03:00  INFO 22468 --- [ecommerce] [scheduling-1] c.d.e.service.SincronizacaoService       : Ciclo finalizado. Total de atualizações enviadas: 0
2026-09-02T07:41:00.000-03:00  INFO 22468 --- [ecommerce] [scheduling-1] c.d.e.service.SincronizacaoService       : Lendo VW_ECOMMERCE_PRECOS no banco de dados...
2026-09-02T07:41:00.093-03:00  INFO 22468 --- [ecommerce] [scheduling-1] c.d.e.service.SincronizacaoService       : Ciclo finalizado. Total de atualizações enviadas: 0
2026-09-02T07:41:00.094-03:00  INFO 22468 --- [ecommerce] [scheduling-1] c.d.e.s.SincronizacaoEstoqueService      : [ESTOQUE] Lendo VW_ECOMMERCE_ESTOQUE no banco de dados...
2026-09-02T07:41:00.114-03:00  INFO 22468 --- [ecommerce] [scheduling-1] c.d.e.s.SincronizacaoEstoqueService      : [ESTOQUE] Ciclo finalizado. Total de atualizações enviadas: 0
2026-09-02T07:41:59.999-03:00  INFO 22468 --- [ecommerce] [scheduling-1] c.d.e.service.SincronizacaoService       : Lendo VW_ECOMMERCE_PRECOS no banco de dados...
2026-09-02T07:42:00.112-03:00  INFO 22468 --- [ecommerce] [scheduling-1] c.d.e.service.SincronizacaoService       : Ciclo finalizado. Total de atualizações enviadas: 0
2026-09-02T07:42:00.113-03:00  INFO 22468 --- [ecommerce] [scheduling-1] c.d.e.s.SincronizacaoEstoqueService      : [ESTOQUE] Lendo VW_ECOMMERCE_ESTOQUE no banco de dados...
2026-09-02T07:42:00.144-03:00  INFO 22468 --- [ecommerce] [scheduling-1] c.d.e.s.SincronizacaoEstoqueService      : [ESTOQUE] Ciclo finalizado. Total de atualizações enviadas: 0
2026-09-02T07:43:00.000-03:00  INFO 22468 --- [ecommerce] [scheduling-1] c.d.e.service.SincronizacaoService       : Lendo VW_ECOMMERCE_PRECOS no banco de dados...
2026-09-02T07:43:00.057-03:00  INFO 22468 --- [ecommerce] [scheduling-1] c.d.e.service.SincronizacaoService       : Ciclo finalizado. Total de atualizações enviadas: 0
2026-09-02T07:43:00.057-03:00  INFO 22468 --- [ecommerce] [scheduling-1] c.d.e.s.SincronizacaoEstoqueService      : [ESTOQUE] Lendo VW_ECOMMERCE_ESTOQUE no banco de dados...
2026-09-02T07:43:00.090-03:00  INFO 22468 --- [ecommerce] [scheduling-1] c.d.e.s.SincronizacaoEstoqueService      : [ESTOQUE] Ciclo finalizado. Total de atualizações enviadas: 0
2026-09-02T07:44:00.000-03:00  INFO 22468 --- [ecommerce] [scheduling-1] c.d.e.service.SincronizacaoService       : Lendo VW_ECOMMERCE_PRECOS no banco de dados...
2026-09-02T07:44:00.107-03:00  INFO 22468 --- [ecommerce] [scheduling-1] c.d.e.service.SincronizacaoService       : Ciclo finalizado. Total de atualizações enviadas: 0
2026-09-02T07:44:00.107-03:00  INFO 22468 --- [ecommerce] [scheduling-1] c.d.e.s.SincronizacaoEstoqueService      : [ESTOQUE] Lendo VW_ECOMMERCE_ESTOQUE no banco de dados...
2026-09-02T07:44:00.127-03:00  INFO 22468 --- [ecommerce] [scheduling-1] c.d.e.s.SincronizacaoEstoqueService      : [ESTOQUE] Ciclo finalizado. Total de atualizações enviadas: 0
2026-09-02T07:45:00.000-03:00  INFO 22468 --- [ecommerce] [scheduling-1] c.d.e.s.SincronizacaoEstoqueService      : [ESTOQUE] Lendo VW_ECOMMERCE_ESTOQUE no banco de dados...
2026-09-02T07:45:00.061-03:00  INFO 22468 --- [ecommerce] [scheduling-1] c.d.e.s.SincronizacaoEstoqueService      : [ESTOQUE] Ciclo finalizado. Total de atualizações enviadas: 0
2026-09-02T07:45:00.061-03:00  INFO 22468 --- [ecommerce] [scheduling-1] c.d.e.service.SincronizacaoService       : Lendo VW_ECOMMERCE_PRECOS no banco de dados...
2026-09-02T07:45:00.249-03:00  INFO 22468 --- [ecommerce] [scheduling-1] c.d.e.service.SincronizacaoService       : Ciclo finalizado. Total de atualizações enviadas: 0
2026-09-02T07:45:59.999-03:00  INFO 22468 --- [ecommerce] [scheduling-1] c.d.e.service.SincronizacaoService       : Lendo VW_ECOMMERCE_PRECOS no banco de dados...
2026-09-02T07:46:00.452-03:00  INFO 22468 --- [ecommerce] [scheduling-1] c.d.e.service.SincronizacaoService       : Ciclo finalizado. Total de atualizações enviadas: 0
2026-09-02T07:46:00.453-03:00  INFO 22468 --- [ecommerce] [scheduling-1] c.d.e.s.SincronizacaoEstoqueService      : [ESTOQUE] Lendo VW_ECOMMERCE_ESTOQUE no banco de dados...
2026-09-02T07:46:00.532-03:00  INFO 22468 --- [ecommerce] [scheduling-1] c.d.e.s.SincronizacaoEstoqueService      : [ESTOQUE] Ciclo finalizado. Total de atualizações enviadas: 0
2026-09-02T07:47:00.000-03:00  INFO 22468 --- [ecommerce] [scheduling-1] c.d.e.service.SincronizacaoService       : Lendo VW_ECOMMERCE_PRECOS no banco de dados...
2026-09-02T07:47:00.253-03:00  INFO 22468 --- [ecommerce] [scheduling-1] c.d.e.service.SincronizacaoService       : Ciclo finalizado. Total de atualizações enviadas: 0
2026-09-02T07:47:00.253-03:00  INFO 22468 --- [ecommerce] [scheduling-1] c.d.e.s.SincronizacaoEstoqueService      : [ESTOQUE] Lendo VW_ECOMMERCE_ESTOQUE no banco de dados...
2026-09-02T07:47:00.294-03:00  INFO 22468 --- [ecommerce] [scheduling-1] c.d.e.s.SincronizacaoEstoqueService      : [ESTOQUE] Ciclo finalizado. Total de atualizações enviadas: 0
2026-09-02T07:48:00.000-03:00  INFO 22468 --- [ecommerce] [scheduling-1] c.d.e.s.SincronizacaoEstoqueService      : [ESTOQUE] Lendo VW_ECOMMERCE_ESTOQUE no banco de dados...
2026-09-02T07:48:00.095-03:00  INFO 22468 --- [ecommerce] [scheduling-1] c.d.e.s.SincronizacaoEstoqueService      : [ESTOQUE] Ciclo finalizado. Total de atualizações enviadas: 0
2026-09-02T07:48:00.095-03:00  INFO 22468 --- [ecommerce] [scheduling-1] c.d.e.service.SincronizacaoService       : Lendo VW_ECOMMERCE_PRECOS no banco de dados...
2026-09-02T07:48:00.254-03:00  INFO 22468 --- [ecommerce] [scheduling-1] c.d.e.service.SincronizacaoService       : Ciclo finalizado. Total de atualizações enviadas: 0
2026-09-02T07:49:00.001-03:00  INFO 22468 --- [ecommerce] [scheduling-1] c.d.e.s.SincronizacaoEstoqueService      : [ESTOQUE] Lendo VW_ECOMMERCE_ESTOQUE no banco de dados...
2026-09-02T07:49:00.069-03:00  INFO 22468 --- [ecommerce] [scheduling-1] c.d.e.s.SincronizacaoEstoqueService      : [ESTOQUE] Ciclo finalizado. Total de atualizações enviadas: 0
2026-09-02T07:49:00.071-03:00  INFO 22468 --- [ecommerce] [scheduling-1] c.d.e.service.SincronizacaoService       : Lendo VW_ECOMMERCE_PRECOS no banco de dados...
2026-09-02T07:49:00.120-03:00  INFO 22468 --- [ecommerce] [scheduling-1] c.d.e.service.SincronizacaoService       : Ciclo finalizado. Total de atualizações enviadas: 0
2026-09-02T07:50:00.000-03:00  INFO 22468 --- [ecommerce] [scheduling-1] c.d.e.s.SincronizacaoEstoqueService      : [ESTOQUE] Lendo VW_ECOMMERCE_ESTOQUE no banco de dados...
2026-09-02T07:50:00.040-03:00  INFO 22468 --- [ecommerce] [scheduling-1] c.d.e.s.SincronizacaoEstoqueService      : [ESTOQUE] Ciclo finalizado. Total de atualizações enviadas: 0
2026-09-02T07:50:00.040-03:00  INFO 22468 --- [ecommerce] [scheduling-1] c.d.e.service.SincronizacaoService       : Lendo VW_ECOMMERCE_PRECOS no banco de dados...
2026-09-02T07:50:00.185-03:00  INFO 22468 --- [ecommerce] [scheduling-1] c.d.e.service.SincronizacaoService       : Ciclo finalizado. Total de atualizações enviadas: 0
2026-09-02T07:51:00.000-03:00  INFO 22468 --- [ecommerce] [scheduling-1] c.d.e.s.SincronizacaoEstoqueService      : [ESTOQUE] Lendo VW_ECOMMERCE_ESTOQUE no banco de dados...
2026-09-02T07:51:00.055-03:00  INFO 22468 --- [ecommerce] [scheduling-1] c.d.e.s.SincronizacaoEstoqueService      : [ESTOQUE] Ciclo finalizado. Total de atualizações enviadas: 0
2026-09-02T07:51:00.055-03:00  INFO 22468 --- [ecommerce] [scheduling-1] c.d.e.service.SincronizacaoService       : Lendo VW_ECOMMERCE_PRECOS no banco de dados...
2026-09-02T07:51:00.164-03:00  INFO 22468 --- [ecommerce] [scheduling-1] c.d.e.service.SincronizacaoService       : Ciclo finalizado. Total de atualizações enviadas: 0
2026-09-02T07:52:00.002-03:00  INFO 22468 --- [ecommerce] [scheduling-1] c.d.e.service.SincronizacaoService       : Lendo VW_ECOMMERCE_PRECOS no banco de dados...
2026-09-02T07:52:00.234-03:00  INFO 22468 --- [ecommerce] [scheduling-1] c.d.e.service.SincronizacaoService       : Ciclo finalizado. Total de atualizações enviadas: 0
2026-09-02T07:52:00.234-03:00  INFO 22468 --- [ecommerce] [scheduling-1] c.d.e.s.SincronizacaoEstoqueService      : [ESTOQUE] Lendo VW_ECOMMERCE_ESTOQUE no banco de dados...
2026-09-02T07:52:00.276-03:00  INFO 22468 --- [ecommerce] [scheduling-1] c.d.e.s.SincronizacaoEstoqueService      : [ESTOQUE] Ciclo finalizado. Total de atualizações enviadas: 0
2026-09-02T07:53:00.000-03:00  INFO 22468 --- [ecommerce] [scheduling-1] c.d.e.service.SincronizacaoService       : Lendo VW_ECOMMERCE_PRECOS no banco de dados...
2026-09-02T07:53:00.055-03:00  INFO 22468 --- [ecommerce] [scheduling-1] c.d.e.service.SincronizacaoService       : Ciclo finalizado. Total de atualizações enviadas: 0
2026-09-02T07:53:00.055-03:00  INFO 22468 --- [ecommerce] [scheduling-1] c.d.e.s.SincronizacaoEstoqueService      : [ESTOQUE] Lendo VW_ECOMMERCE_ESTOQUE no banco de dados...
2026-09-02T07:53:00.086-03:00  INFO 22468 --- [ecommerce] [scheduling-1] c.d.e.s.SincronizacaoEstoqueService      : [ESTOQUE] Ciclo finalizado. Total de atualizações enviadas: 0
2026-09-02T07:53:59.999-03:00  INFO 22468 --- [ecommerce] [scheduling-1] c.d.e.service.SincronizacaoService       : Lendo VW_ECOMMERCE_PRECOS no banco de dados...
2026-09-02T07:54:00.056-03:00  INFO 22468 --- [ecommerce] [scheduling-1] c.d.e.service.SincronizacaoService       : Ciclo finalizado. Total de atualizações enviadas: 0
2026-09-02T07:54:00.056-03:00  INFO 22468 --- [ecommerce] [scheduling-1] c.d.e.s.SincronizacaoEstoqueService      : [ESTOQUE] Lendo VW_ECOMMERCE_ESTOQUE no banco de dados...
2026-09-02T07:54:00.087-03:00  INFO 22468 --- [ecommerce] [scheduling-1] c.d.e.s.SincronizacaoEstoqueService      : [ESTOQUE] Ciclo finalizado. Total de atualizações enviadas: 0
2026-09-02T07:55:00.000-03:00  INFO 22468 --- [ecommerce] [scheduling-1] c.d.e.service.SincronizacaoService       : Lendo VW_ECOMMERCE_PRECOS no banco de dados...
2026-09-02T07:55:00.091-03:00  INFO 22468 --- [ecommerce] [scheduling-1] c.d.e.service.SincronizacaoService       : Ciclo finalizado. Total de atualizações enviadas: 0
2026-09-02T07:55:00.091-03:00  INFO 22468 --- [ecommerce] [scheduling-1] c.d.e.s.SincronizacaoEstoqueService      : [ESTOQUE] Lendo VW_ECOMMERCE_ESTOQUE no banco de dados...
2026-09-02T07:55:00.122-03:00  INFO 22468 --- [ecommerce] [scheduling-1] c.d.e.s.SincronizacaoEstoqueService      : [ESTOQUE] Ciclo finalizado. Total de atualizações enviadas: 0
2026-09-02T07:56:00.000-03:00  INFO 22468 --- [ecommerce] [scheduling-1] c.d.e.s.SincronizacaoEstoqueService      : [ESTOQUE] Lendo VW_ECOMMERCE_ESTOQUE no banco de dados...
2026-09-02T07:56:00.049-03:00  INFO 22468 --- [ecommerce] [scheduling-1] c.d.e.s.SincronizacaoEstoqueService      : [ESTOQUE] Ciclo finalizado. Total de atualizações enviadas: 0
2026-09-02T07:56:00.049-03:00  INFO 22468 --- [ecommerce] [scheduling-1] c.d.e.service.SincronizacaoService       : Lendo VW_ECOMMERCE_PRECOS no banco de dados...
2026-09-02T07:56:00.101-03:00  INFO 22468 --- [ecommerce] [scheduling-1] c.d.e.service.SincronizacaoService       : Ciclo finalizado. Total de atualizações enviadas: 0
2026-09-02T07:57:00.000-03:00  INFO 22468 --- [ecommerce] [scheduling-1] c.d.e.service.SincronizacaoService       : Lendo VW_ECOMMERCE_PRECOS no banco de dados...
2026-09-02T07:57:00.155-03:00  INFO 22468 --- [ecommerce] [scheduling-1] c.d.e.service.SincronizacaoService       : Ciclo finalizado. Total de atualizações enviadas: 0
2026-09-02T07:57:00.155-03:00  INFO 22468 --- [ecommerce] [scheduling-1] c.d.e.s.SincronizacaoEstoqueService      : [ESTOQUE] Lendo VW_ECOMMERCE_ESTOQUE no banco de dados...
2026-09-02T07:57:00.176-03:00  INFO 22468 --- [ecommerce] [scheduling-1] c.d.e.s.SincronizacaoEstoqueService      : [ESTOQUE] Ciclo finalizado. Total de atualizações enviadas: 0
2026-09-02T07:58:00.001-03:00  INFO 22468 --- [ecommerce] [scheduling-1] c.d.e.s.SincronizacaoEstoqueService      : [ESTOQUE] Lendo VW_ECOMMERCE_ESTOQUE no banco de dados...
2026-09-02T07:58:00.029-03:00  INFO 22468 --- [ecommerce] [scheduling-1] c.d.e.s.SincronizacaoEstoqueService      : [ESTOQUE] Ciclo finalizado. Total de atualizações enviadas: 0
2026-09-02T07:58:00.029-03:00  INFO 22468 --- [ecommerce] [scheduling-1] c.d.e.service.SincronizacaoService       : Lendo VW_ECOMMERCE_PRECOS no banco de dados...
2026-09-02T07:58:00.084-03:00  INFO 22468 --- [ecommerce] [scheduling-1] c.d.e.service.SincronizacaoService       : Ciclo finalizado. Total de atualizações enviadas: 0
2026-09-02T07:59:00.000-03:00  INFO 22468 --- [ecommerce] [scheduling-1] c.d.e.service.SincronizacaoService       : Lendo VW_ECOMMERCE_PRECOS no banco de dados...
2026-09-02T07:59:00.313-03:00  INFO 22468 --- [ecommerce] [scheduling-1] c.d.e.service.SincronizacaoService       : Ciclo finalizado. Total de atualizações enviadas: 0
2026-09-02T07:59:00.314-03:00  INFO 22468 --- [ecommerce] [scheduling-1] c.d.e.s.SincronizacaoEstoqueService      : [ESTOQUE] Lendo VW_ECOMMERCE_ESTOQUE no banco de dados...
2026-09-02T07:59:00.359-03:00  INFO 22468 --- [ecommerce] [scheduling-1] c.d.e.s.SincronizacaoEstoqueService      : [ESTOQUE] Ciclo finalizado. Total de atualizações enviadas: 0
2026-09-02T08:00:00.001-03:00  INFO 22468 --- [ecommerce] [scheduling-1] c.d.e.service.SincronizacaoService       : Lendo VW_ECOMMERCE_PRECOS no banco de dados...
2026-09-02T08:00:00.094-03:00  INFO 22468 --- [ecommerce] [scheduling-1] c.d.e.service.SincronizacaoService       : Ciclo finalizado. Total de atualizações enviadas: 0
2026-09-02T08:00:00.094-03:00  INFO 22468 --- [ecommerce] [scheduling-1] c.d.e.s.SincronizacaoEstoqueService      : [ESTOQUE] Lendo VW_ECOMMERCE_ESTOQUE no banco de dados...
2026-09-02T08:00:00.118-03:00  INFO 22468 --- [ecommerce] [scheduling-1] c.d.e.s.SincronizacaoEstoqueService      : [ESTOQUE] Ciclo finalizado. Total de atualizações enviadas: 0
2026-09-02T08:01:00.001-03:00  INFO 22468 --- [ecommerce] [scheduling-1] c.d.e.service.SincronizacaoService       : Lendo VW_ECOMMERCE_PRECOS no banco de dados...
2026-09-02T08:01:00.232-03:00  INFO 22468 --- [ecommerce] [scheduling-1] c.d.e.service.SincronizacaoService       : Ciclo finalizado. Total de atualizações enviadas: 0
2026-09-02T08:01:00.233-03:00  INFO 22468 --- [ecommerce] [scheduling-1] c.d.e.s.SincronizacaoEstoqueService      : [ESTOQUE] Lendo VW_ECOMMERCE_ESTOQUE no banco de dados...
2026-09-02T08:01:00.266-03:00  INFO 22468 --- [ecommerce] [scheduling-1] c.d.e.s.SincronizacaoEstoqueService      : [ESTOQUE] Ciclo finalizado. Total de atualizações enviadas: 0
2026-09-02T08:02:00.001-03:00  INFO 22468 --- [ecommerce] [scheduling-1] c.d.e.service.SincronizacaoService       : Lendo VW_ECOMMERCE_PRECOS no banco de dados...
2026-09-02T08:02:00.170-03:00  INFO 22468 --- [ecommerce] [scheduling-1] c.d.e.service.SincronizacaoService       : Ciclo finalizado. Total de atualizações enviadas: 0
2026-09-02T08:02:00.170-03:00  INFO 22468 --- [ecommerce] [scheduling-1] c.d.e.s.SincronizacaoEstoqueService      : [ESTOQUE] Lendo VW_ECOMMERCE_ESTOQUE no banco de dados...
2026-09-02T08:02:00.221-03:00  INFO 22468 --- [ecommerce] [scheduling-1] c.d.e.s.SincronizacaoEstoqueService      : [ESTOQUE] Ciclo finalizado. Total de atualizações enviadas: 0
2026-09-02T08:02:59.999-03:00  INFO 22468 --- [ecommerce] [scheduling-1] c.d.e.s.SincronizacaoEstoqueService      : [ESTOQUE] Lendo VW_ECOMMERCE_ESTOQUE no banco de dados...
2026-09-02T08:03:00.037-03:00  INFO 22468 --- [ecommerce] [scheduling-1] c.d.e.s.SincronizacaoEstoqueService      : [ESTOQUE] Ciclo finalizado. Total de atualizações enviadas: 0
2026-09-02T08:03:00.038-03:00  INFO 22468 --- [ecommerce] [scheduling-1] c.d.e.service.SincronizacaoService       : Lendo VW_ECOMMERCE_PRECOS no banco de dados...
2026-09-02T08:03:00.202-03:00  INFO 22468 --- [ecommerce] [scheduling-1] c.d.e.service.SincronizacaoService       : Ciclo finalizado. Total de atualizações enviadas: 0
2026-09-02T08:04:00.000-03:00  INFO 22468 --- [ecommerce] [scheduling-1] c.d.e.s.SincronizacaoEstoqueService      : [ESTOQUE] Lendo VW_ECOMMERCE_ESTOQUE no banco de dados...
2026-09-02T08:04:00.027-03:00  INFO 22468 --- [ecommerce] [scheduling-1] c.d.e.s.SincronizacaoEstoqueService      : [ESTOQUE] Ciclo finalizado. Total de atualizações enviadas: 0
2026-09-02T08:04:00.027-03:00  INFO 22468 --- [ecommerce] [scheduling-1] c.d.e.service.SincronizacaoService       : Lendo VW_ECOMMERCE_PRECOS no banco de dados...
2026-09-02T08:04:00.077-03:00  INFO 22468 --- [ecommerce] [scheduling-1] c.d.e.service.SincronizacaoService       : Ciclo finalizado. Total de atualizações enviadas: 0
2026-09-02T08:05:00.000-03:00  INFO 22468 --- [ecommerce] [scheduling-1] c.d.e.service.SincronizacaoService       : Lendo VW_ECOMMERCE_PRECOS no banco de dados...
2026-09-02T08:05:00.100-03:00  INFO 22468 --- [ecommerce] [scheduling-1] c.d.e.service.SincronizacaoService       : Ciclo finalizado. Total de atualizações enviadas: 0
2026-09-02T08:05:00.102-03:00  INFO 22468 --- [ecommerce] [scheduling-1] c.d.e.s.SincronizacaoEstoqueService      : [ESTOQUE] Lendo VW_ECOMMERCE_ESTOQUE no banco de dados...
2026-09-02T08:05:00.124-03:00  INFO 22468 --- [ecommerce] [scheduling-1] c.d.e.s.SincronizacaoEstoqueService      : [ESTOQUE] Ciclo finalizado. Total de atualizações enviadas: 0
2026-09-02T08:05:59.999-03:00  INFO 22468 --- [ecommerce] [scheduling-1] c.d.e.service.SincronizacaoService       : Lendo VW_ECOMMERCE_PRECOS no banco de dados...
2026-09-02T08:06:00.049-03:00  INFO 22468 --- [ecommerce] [scheduling-1] c.d.e.service.SincronizacaoService       : Ciclo finalizado. Total de atualizações enviadas: 0
2026-09-02T08:06:00.050-03:00  INFO 22468 --- [ecommerce] [scheduling-1] c.d.e.s.SincronizacaoEstoqueService      : [ESTOQUE] Lendo VW_ECOMMERCE_ESTOQUE no banco de dados...
2026-09-02T08:06:00.075-03:00  INFO 22468 --- [ecommerce] [scheduling-1] c.d.e.s.SincronizacaoEstoqueService      : [ESTOQUE] Ciclo finalizado. Total de atualizações enviadas: 0
2026-09-02T08:07:00.000-03:00  INFO 22468 --- [ecommerce] [scheduling-1] c.d.e.service.SincronizacaoService       : Lendo VW_ECOMMERCE_PRECOS no banco de dados...
2026-09-02T08:07:00.077-03:00  INFO 22468 --- [ecommerce] [scheduling-1] c.d.e.service.SincronizacaoService       : Ciclo finalizado. Total de atualizações enviadas: 0
2026-09-02T08:07:00.077-03:00  INFO 22468 --- [ecommerce] [scheduling-1] c.d.e.s.SincronizacaoEstoqueService      : [ESTOQUE] Lendo VW_ECOMMERCE_ESTOQUE no banco de dados...
2026-09-02T08:07:00.107-03:00  INFO 22468 --- [ecommerce] [scheduling-1] c.d.e.s.SincronizacaoEstoqueService      : [ESTOQUE] Ciclo finalizado. Total de atualizações enviadas: 0
2026-09-02T08:08:00.001-03:00  INFO 22468 --- [ecommerce] [scheduling-1] c.d.e.s.SincronizacaoEstoqueService      : [ESTOQUE] Lendo VW_ECOMMERCE_ESTOQUE no banco de dados...
2026-09-02T08:08:00.035-03:00  INFO 22468 --- [ecommerce] [scheduling-1] c.d.e.s.SincronizacaoEstoqueService      : [ESTOQUE] Ciclo finalizado. Total de atualizações enviadas: 0
2026-09-02T08:08:00.045-03:00  INFO 22468 --- [ecommerce] [scheduling-1] c.d.e.service.SincronizacaoService       : Lendo VW_ECOMMERCE_PRECOS no banco de dados...
2026-09-02T08:08:00.131-03:00  INFO 22468 --- [ecommerce] [scheduling-1] c.d.e.service.SincronizacaoService       : Ciclo finalizado. Total de atualizações enviadas: 0
2026-09-02T08:09:00.000-03:00  INFO 22468 --- [ecommerce] [scheduling-1] c.d.e.s.SincronizacaoEstoqueService      : [ESTOQUE] Lendo VW_ECOMMERCE_ESTOQUE no banco de dados...
2026-09-02T08:09:00.034-03:00  INFO 22468 --- [ecommerce] [scheduling-1] c.d.e.s.SincronizacaoEstoqueService      : [ESTOQUE] Ciclo finalizado. Total de atualizações enviadas: 0
2026-09-02T08:09:00.034-03:00  INFO 22468 --- [ecommerce] [scheduling-1] c.d.e.service.SincronizacaoService       : Lendo VW_ECOMMERCE_PRECOS no banco de dados...
2026-09-02T08:09:00.085-03:00  INFO 22468 --- [ecommerce] [scheduling-1] c.d.e.service.SincronizacaoService       : Ciclo finalizado. Total de atualizações enviadas: 0
2026-09-02T08:10:00.000-03:00  INFO 22468 --- [ecommerce] [scheduling-1] c.d.e.s.SincronizacaoEstoqueService      : [ESTOQUE] Lendo VW_ECOMMERCE_ESTOQUE no banco de dados...
2026-09-02T08:10:00.091-03:00  INFO 22468 --- [ecommerce] [scheduling-1] c.d.e.s.SincronizacaoEstoqueService      : [ESTOQUE] Ciclo finalizado. Total de atualizações enviadas: 0
2026-09-02T08:10:00.091-03:00  INFO 22468 --- [ecommerce] [scheduling-1] c.d.e.service.SincronizacaoService       : Lendo VW_ECOMMERCE_PRECOS no banco de dados...
2026-09-02T08:10:00.132-03:00  INFO 22468 --- [ecommerce] [scheduling-1] c.d.e.service.SincronizacaoService       : Ciclo finalizado. Total de atualizações enviadas: 0
2026-09-02T08:11:00.000-03:00  INFO 22468 --- [ecommerce] [scheduling-1] c.d.e.s.SincronizacaoEstoqueService      : [ESTOQUE] Lendo VW_ECOMMERCE_ESTOQUE no banco de dados...
2026-09-02T08:11:00.047-03:00  INFO 22468 --- [ecommerce] [scheduling-1] c.d.e.s.SincronizacaoEstoqueService      : [ESTOQUE] Ciclo finalizado. Total de atualizações enviadas: 0
2026-09-02T08:11:00.048-03:00  INFO 22468 --- [ecommerce] [scheduling-1] c.d.e.service.SincronizacaoService       : Lendo VW_ECOMMERCE_PRECOS no banco de dados...
2026-09-02T08:11:00.136-03:00  INFO 22468 --- [ecommerce] [scheduling-1] c.d.e.service.SincronizacaoService       : Ciclo finalizado. Total de atualizações enviadas: 0
2026-09-02T08:12:00.001-03:00  INFO 22468 --- [ecommerce] [scheduling-1] c.d.e.service.SincronizacaoService       : Lendo VW_ECOMMERCE_PRECOS no banco de dados...
2026-09-02T08:12:00.096-03:00  INFO 22468 --- [ecommerce] [scheduling-1] c.d.e.service.SincronizacaoService       : Ciclo finalizado. Total de atualizações enviadas: 0
2026-09-02T08:12:00.096-03:00  INFO 22468 --- [ecommerce] [scheduling-1] c.d.e.s.SincronizacaoEstoqueService      : [ESTOQUE] Lendo VW_ECOMMERCE_ESTOQUE no banco de dados...
2026-09-02T08:12:00.122-03:00  INFO 22468 --- [ecommerce] [scheduling-1] c.d.e.s.SincronizacaoEstoqueService      : [ESTOQUE] Ciclo finalizado. Total de atualizações enviadas: 0
2026-09-02T08:13:00.001-03:00  INFO 22468 --- [ecommerce] [scheduling-1] c.d.e.service.SincronizacaoService       : Lendo VW_ECOMMERCE_PRECOS no banco de dados...
2026-09-02T08:13:00.087-03:00  INFO 22468 --- [ecommerce] [scheduling-1] c.d.e.service.SincronizacaoService       : Ciclo finalizado. Total de atualizações enviadas: 0
2026-09-02T08:13:00.087-03:00  INFO 22468 --- [ecommerce] [scheduling-1] c.d.e.s.SincronizacaoEstoqueService      : [ESTOQUE] Lendo VW_ECOMMERCE_ESTOQUE no banco de dados...
2026-09-02T08:13:00.120-03:00  INFO 22468 --- [ecommerce] [scheduling-1] c.d.e.s.SincronizacaoEstoqueService      : [ESTOQUE] Ciclo finalizado. Total de atualizações enviadas: 0
2026-09-02T08:14:00.001-03:00  INFO 22468 --- [ecommerce] [scheduling-1] c.d.e.s.SincronizacaoEstoqueService      : [ESTOQUE] Lendo VW_ECOMMERCE_ESTOQUE no banco de dados...
2026-09-02T08:14:00.073-03:00  INFO 22468 --- [ecommerce] [scheduling-1] c.d.e.s.SincronizacaoEstoqueService      : [ESTOQUE] Ciclo finalizado. Total de atualizações enviadas: 0
2026-09-02T08:14:00.074-03:00  INFO 22468 --- [ecommerce] [scheduling-1] c.d.e.service.SincronizacaoService       : Lendo VW_ECOMMERCE_PRECOS no banco de dados...
2026-09-02T08:14:00.127-03:00  INFO 22468 --- [ecommerce] [scheduling-1] c.d.e.service.SincronizacaoService       : Ciclo finalizado. Total de atualizações enviadas: 0
2026-09-02T08:15:00.000-03:00  INFO 22468 --- [ecommerce] [scheduling-1] c.d.e.s.SincronizacaoEstoqueService      : [ESTOQUE] Lendo VW_ECOMMERCE_ESTOQUE no banco de dados...
2026-09-02T08:15:00.062-03:00  INFO 22468 --- [ecommerce] [scheduling-1] c.d.e.s.SincronizacaoEstoqueService      : [ESTOQUE] Ciclo finalizado. Total de atualizações enviadas: 0
2026-09-02T08:15:00.062-03:00  INFO 22468 --- [ecommerce] [scheduling-1] c.d.e.service.SincronizacaoService       : Lendo VW_ECOMMERCE_PRECOS no banco de dados...
2026-09-02T08:15:00.219-03:00  INFO 22468 --- [ecommerce] [scheduling-1] c.d.e.service.SincronizacaoService       : Ciclo finalizado. Total de atualizações enviadas: 0
2026-09-02T08:16:00.000-03:00  INFO 22468 --- [ecommerce] [scheduling-1] c.d.e.s.SincronizacaoEstoqueService      : [ESTOQUE] Lendo VW_ECOMMERCE_ESTOQUE no banco de dados...
2026-09-02T08:16:00.053-03:00  INFO 22468 --- [ecommerce] [scheduling-1] c.d.e.s.SincronizacaoEstoqueService      : [ESTOQUE] Ciclo finalizado. Total de atualizações enviadas: 0
2026-09-02T08:16:00.053-03:00  INFO 22468 --- [ecommerce] [scheduling-1] c.d.e.service.SincronizacaoService       : Lendo VW_ECOMMERCE_PRECOS no banco de dados...
2026-09-02T08:16:00.102-03:00  INFO 22468 --- [ecommerce] [scheduling-1] c.d.e.service.SincronizacaoService       : Ciclo finalizado. Total de atualizações enviadas: 0
2026-09-02T08:17:00.000-03:00  INFO 22468 --- [ecommerce] [scheduling-1] c.d.e.service.SincronizacaoService       : Lendo VW_ECOMMERCE_PRECOS no banco de dados...
2026-09-02T08:17:00.135-03:00  INFO 22468 --- [ecommerce] [scheduling-1] c.d.e.service.SincronizacaoService       : Ciclo finalizado. Total de atualizações enviadas: 0
2026-09-02T08:17:00.135-03:00  INFO 22468 --- [ecommerce] [scheduling-1] c.d.e.s.SincronizacaoEstoqueService      : [ESTOQUE] Lendo VW_ECOMMERCE_ESTOQUE no banco de dados...
2026-09-02T08:17:00.363-03:00  INFO 22468 --- [ecommerce] [scheduling-1] c.d.e.s.SincronizacaoEstoqueService      : [ESTOQUE] Ciclo finalizado. Total de atualizações enviadas: 0
2026-09-02T08:18:00.001-03:00  INFO 22468 --- [ecommerce] [scheduling-1] c.d.e.service.SincronizacaoService       : Lendo VW_ECOMMERCE_PRECOS no banco de dados...
2026-09-02T08:18:00.162-03:00  INFO 22468 --- [ecommerce] [scheduling-1] c.d.e.service.SincronizacaoService       : Ciclo finalizado. Total de atualizações enviadas: 0
2026-09-02T08:18:00.163-03:00  INFO 22468 --- [ecommerce] [scheduling-1] c.d.e.s.SincronizacaoEstoqueService      : [ESTOQUE] Lendo VW_ECOMMERCE_ESTOQUE no banco de dados...
2026-09-02T08:18:00.199-03:00  INFO 22468 --- [ecommerce] [scheduling-1] c.d.e.s.SincronizacaoEstoqueService      : [ESTOQUE] Ciclo finalizado. Total de atualizações enviadas: 0
2026-09-02T08:19:00.000-03:00  INFO 22468 --- [ecommerce] [scheduling-1] c.d.e.service.SincronizacaoService       : Lendo VW_ECOMMERCE_PRECOS no banco de dados...
2026-09-02T08:19:00.048-03:00  INFO 22468 --- [ecommerce] [scheduling-1] c.d.e.service.SincronizacaoService       : Ciclo finalizado. Total de atualizações enviadas: 0
2026-09-02T08:19:00.048-03:00  INFO 22468 --- [ecommerce] [scheduling-1] c.d.e.s.SincronizacaoEstoqueService      : [ESTOQUE] Lendo VW_ECOMMERCE_ESTOQUE no banco de dados...
2026-09-02T08:19:00.081-03:00  INFO 22468 --- [ecommerce] [scheduling-1] c.d.e.s.SincronizacaoEstoqueService      : [ESTOQUE] Ciclo finalizado. Total de atualizações enviadas: 0
2026-09-02T08:20:00.000-03:00  INFO 22468 --- [ecommerce] [scheduling-1] c.d.e.service.SincronizacaoService       : Lendo VW_ECOMMERCE_PRECOS no banco de dados...
2026-09-02T08:20:00.086-03:00  INFO 22468 --- [ecommerce] [scheduling-1] c.d.e.service.SincronizacaoService       : Ciclo finalizado. Total de atualizações enviadas: 0
2026-09-02T08:20:00.086-03:00  INFO 22468 --- [ecommerce] [scheduling-1] c.d.e.s.SincronizacaoEstoqueService      : [ESTOQUE] Lendo VW_ECOMMERCE_ESTOQUE no banco de dados...
2026-09-02T08:20:00.115-03:00  INFO 22468 --- [ecommerce] [scheduling-1] c.d.e.s.SincronizacaoEstoqueService      : [ESTOQUE] Ciclo finalizado. Total de atualizações enviadas: 0
2026-09-02T08:21:00.001-03:00  INFO 22468 --- [ecommerce] [scheduling-1] c.d.e.service.SincronizacaoService       : Lendo VW_ECOMMERCE_PRECOS no banco de dados...
2026-09-02T08:21:00.515-03:00  INFO 22468 --- [ecommerce] [scheduling-1] c.d.e.service.SincronizacaoService       : Ciclo finalizado. Total de atualizações enviadas: 0
2026-09-02T08:21:00.515-03:00  INFO 22468 --- [ecommerce] [scheduling-1] c.d.e.s.SincronizacaoEstoqueService      : [ESTOQUE] Lendo VW_ECOMMERCE_ESTOQUE no banco de dados...
2026-09-02T08:21:00.576-03:00  INFO 22468 --- [ecommerce] [scheduling-1] c.d.e.s.SincronizacaoEstoqueService      : [ESTOQUE] Ciclo finalizado. Total de atualizações enviadas: 0
2026-09-02T08:22:00.000-03:00  INFO 22468 --- [ecommerce] [scheduling-1] c.d.e.s.SincronizacaoEstoqueService      : [ESTOQUE] Lendo VW_ECOMMERCE_ESTOQUE no banco de dados...
2026-09-02T08:22:00.050-03:00  INFO 22468 --- [ecommerce] [scheduling-1] c.d.e.s.SincronizacaoEstoqueService      : [ESTOQUE] Ciclo finalizado. Total de atualizações enviadas: 0
2026-09-02T08:22:00.050-03:00  INFO 22468 --- [ecommerce] [scheduling-1] c.d.e.service.SincronizacaoService       : Lendo VW_ECOMMERCE_PRECOS no banco de dados...
2026-09-02T08:22:00.256-03:00  INFO 22468 --- [ecommerce] [scheduling-1] c.d.e.service.SincronizacaoService       : Ciclo finalizado. Total de atualizações enviadas: 0
2026-09-02T08:23:00.000-03:00  INFO 22468 --- [ecommerce] [scheduling-1] c.d.e.service.SincronizacaoService       : Lendo VW_ECOMMERCE_PRECOS no banco de dados...
2026-09-02T08:23:00.109-03:00  INFO 22468 --- [ecommerce] [scheduling-1] c.d.e.service.SincronizacaoService       : Ciclo finalizado. Total de atualizações enviadas: 0
2026-09-02T08:23:00.109-03:00  INFO 22468 --- [ecommerce] [scheduling-1] c.d.e.s.SincronizacaoEstoqueService      : [ESTOQUE] Lendo VW_ECOMMERCE_ESTOQUE no banco de dados...
2026-09-02T08:23:00.137-03:00  INFO 22468 --- [ecommerce] [scheduling-1] c.d.e.s.SincronizacaoEstoqueService      : [ESTOQUE] Ciclo finalizado. Total de atualizações enviadas: 0
2026-09-02T08:24:00.001-03:00  INFO 22468 --- [ecommerce] [scheduling-1] c.d.e.service.SincronizacaoService       : Lendo VW_ECOMMERCE_PRECOS no banco de dados...
2026-09-02T08:24:00.050-03:00  INFO 22468 --- [ecommerce] [scheduling-1] c.d.e.service.SincronizacaoService       : Ciclo finalizado. Total de atualizações enviadas: 0
2026-09-02T08:24:00.050-03:00  INFO 22468 --- [ecommerce] [scheduling-1] c.d.e.s.SincronizacaoEstoqueService      : [ESTOQUE] Lendo VW_ECOMMERCE_ESTOQUE no banco de dados...
2026-09-02T08:24:00.082-03:00  INFO 22468 --- [ecommerce] [scheduling-1] c.d.e.s.SincronizacaoEstoqueService      : [ESTOQUE] Ciclo finalizado. Total de atualizações enviadas: 0
2026-09-02T08:25:00.001-03:00  INFO 22468 --- [ecommerce] [scheduling-1] c.d.e.service.SincronizacaoService       : Lendo VW_ECOMMERCE_PRECOS no banco de dados...
2026-09-02T08:25:00.055-03:00  INFO 22468 --- [ecommerce] [scheduling-1] c.d.e.service.SincronizacaoService       : Ciclo finalizado. Total de atualizações enviadas: 0
2026-09-02T08:25:00.055-03:00  INFO 22468 --- [ecommerce] [scheduling-1] c.d.e.s.SincronizacaoEstoqueService      : [ESTOQUE] Lendo VW_ECOMMERCE_ESTOQUE no banco de dados...
2026-09-02T08:25:00.083-03:00  INFO 22468 --- [ecommerce] [scheduling-1] c.d.e.s.SincronizacaoEstoqueService      : [ESTOQUE] Ciclo finalizado. Total de atualizações enviadas: 0
2026-09-02T08:25:59.999-03:00  INFO 22468 --- [ecommerce] [scheduling-1] c.d.e.s.SincronizacaoEstoqueService      : [ESTOQUE] Lendo VW_ECOMMERCE_ESTOQUE no banco de dados...
2026-09-02T08:26:00.056-03:00  INFO 22468 --- [ecommerce] [scheduling-1] c.d.e.s.SincronizacaoEstoqueService      : [ESTOQUE] Ciclo finalizado. Total de atualizações enviadas: 0
2026-09-02T08:26:00.057-03:00  INFO 22468 --- [ecommerce] [scheduling-1] c.d.e.service.SincronizacaoService       : Lendo VW_ECOMMERCE_PRECOS no banco de dados...
2026-09-02T08:26:00.106-03:00  INFO 22468 --- [ecommerce] [scheduling-1] c.d.e.service.SincronizacaoService       : Ciclo finalizado. Total de atualizações enviadas: 0
2026-09-02T08:27:00.000-03:00  INFO 22468 --- [ecommerce] [scheduling-1] c.d.e.s.SincronizacaoEstoqueService      : [ESTOQUE] Lendo VW_ECOMMERCE_ESTOQUE no banco de dados...
2026-09-02T08:27:00.035-03:00  INFO 22468 --- [ecommerce] [scheduling-1] c.d.e.s.SincronizacaoEstoqueService      : [ESTOQUE] Ciclo finalizado. Total de atualizações enviadas: 0
2026-09-02T08:27:00.035-03:00  INFO 22468 --- [ecommerce] [scheduling-1] c.d.e.service.SincronizacaoService       : Lendo VW_ECOMMERCE_PRECOS no banco de dados...
2026-09-02T08:27:00.109-03:00  INFO 22468 --- [ecommerce] [scheduling-1] c.d.e.service.SincronizacaoService       : Ciclo finalizado. Total de atualizações enviadas: 0
2026-09-02T08:27:59.999-03:00  INFO 22468 --- [ecommerce] [scheduling-1] c.d.e.service.SincronizacaoService       : Lendo VW_ECOMMERCE_PRECOS no banco de dados...
2026-09-02T08:28:00.098-03:00  INFO 22468 --- [ecommerce] [scheduling-1] c.d.e.service.SincronizacaoService       : Ciclo finalizado. Total de atualizações enviadas: 0
2026-09-02T08:28:00.098-03:00  INFO 22468 --- [ecommerce] [scheduling-1] c.d.e.s.SincronizacaoEstoqueService      : [ESTOQUE] Lendo VW_ECOMMERCE_ESTOQUE no banco de dados...
2026-09-02T08:28:00.121-03:00  INFO 22468 --- [ecommerce] [scheduling-1] c.d.e.s.SincronizacaoEstoqueService      : [ESTOQUE] Ciclo finalizado. Total de atualizações enviadas: 0
2026-09-02T08:29:00.000-03:00  INFO 22468 --- [ecommerce] [scheduling-1] c.d.e.s.SincronizacaoEstoqueService      : [ESTOQUE] Lendo VW_ECOMMERCE_ESTOQUE no banco de dados...
2026-09-02T08:29:00.059-03:00  INFO 22468 --- [ecommerce] [scheduling-1] c.d.e.s.SincronizacaoEstoqueService      : [ESTOQUE] Ciclo finalizado. Total de atualizações enviadas: 0
2026-09-02T08:29:00.059-03:00  INFO 22468 --- [ecommerce] [scheduling-1] c.d.e.service.SincronizacaoService       : Lendo VW_ECOMMERCE_PRECOS no banco de dados...
2026-09-02T08:29:00.245-03:00  INFO 22468 --- [ecommerce] [scheduling-1] c.d.e.service.SincronizacaoService       : Ciclo finalizado. Total de atualizações enviadas: 0
2026-09-02T08:30:00.001-03:00  INFO 22468 --- [ecommerce] [scheduling-1] c.d.e.s.SincronizacaoEstoqueService      : [ESTOQUE] Lendo VW_ECOMMERCE_ESTOQUE no banco de dados...
2026-09-02T08:30:00.085-03:00  INFO 22468 --- [ecommerce] [scheduling-1] c.d.e.s.SincronizacaoEstoqueService      : [ESTOQUE] Ciclo finalizado. Total de atualizações enviadas: 0
2026-09-02T08:30:00.086-03:00  INFO 22468 --- [ecommerce] [scheduling-1] c.d.e.service.SincronizacaoService       : Lendo VW_ECOMMERCE_PRECOS no banco de dados...
2026-09-02T08:30:00.161-03:00  INFO 22468 --- [ecommerce] [scheduling-1] c.d.e.service.SincronizacaoService       : Ciclo finalizado. Total de atualizações enviadas: 0
2026-09-02T08:30:59.999-03:00  INFO 22468 --- [ecommerce] [scheduling-1] c.d.e.s.SincronizacaoEstoqueService      : [ESTOQUE] Lendo VW_ECOMMERCE_ESTOQUE no banco de dados...
2026-09-02T08:31:00.056-03:00  INFO 22468 --- [ecommerce] [scheduling-1] c.d.e.s.SincronizacaoEstoqueService      : [ESTOQUE] Ciclo finalizado. Total de atualizações enviadas: 0
2026-09-02T08:31:00.058-03:00  INFO 22468 --- [ecommerce] [scheduling-1] c.d.e.service.SincronizacaoService       : Lendo VW_ECOMMERCE_PRECOS no banco de dados...
2026-09-02T08:31:00.437-03:00  INFO 22468 --- [ecommerce] [scheduling-1] c.d.e.service.SincronizacaoService       : Ciclo finalizado. Total de atualizações enviadas: 0
2026-09-02T08:32:00.001-03:00  INFO 22468 --- [ecommerce] [scheduling-1] c.d.e.service.SincronizacaoService       : Lendo VW_ECOMMERCE_PRECOS no banco de dados...
2026-09-02T08:32:00.212-03:00  INFO 22468 --- [ecommerce] [scheduling-1] c.d.e.service.SincronizacaoService       : Ciclo finalizado. Total de atualizações enviadas: 0
2026-09-02T08:32:00.212-03:00  INFO 22468 --- [ecommerce] [scheduling-1] c.d.e.s.SincronizacaoEstoqueService      : [ESTOQUE] Lendo VW_ECOMMERCE_ESTOQUE no banco de dados...
2026-09-02T08:32:00.245-03:00  INFO 22468 --- [ecommerce] [scheduling-1] c.d.e.s.SincronizacaoEstoqueService      : [ESTOQUE] Ciclo finalizado. Total de atualizações enviadas: 0
2026-09-02T08:33:00.000-03:00  INFO 22468 --- [ecommerce] [scheduling-1] c.d.e.s.SincronizacaoEstoqueService      : [ESTOQUE] Lendo VW_ECOMMERCE_ESTOQUE no banco de dados...
2026-09-02T08:33:00.034-03:00  INFO 22468 --- [ecommerce] [scheduling-1] c.d.e.s.SincronizacaoEstoqueService      : [ESTOQUE] Ciclo finalizado. Total de atualizações enviadas: 0
2026-09-02T08:33:00.035-03:00  INFO 22468 --- [ecommerce] [scheduling-1] c.d.e.service.SincronizacaoService       : Lendo VW_ECOMMERCE_PRECOS no banco de dados...
2026-09-02T08:33:00.083-03:00  INFO 22468 --- [ecommerce] [scheduling-1] c.d.e.service.SincronizacaoService       : Ciclo finalizado. Total de atualizações enviadas: 0
2026-09-02T08:34:00.000-03:00  INFO 22468 --- [ecommerce] [scheduling-1] c.d.e.s.SincronizacaoEstoqueService      : [ESTOQUE] Lendo VW_ECOMMERCE_ESTOQUE no banco de dados...
2026-09-02T08:34:00.103-03:00  INFO 22468 --- [ecommerce] [scheduling-1] c.d.e.s.SincronizacaoEstoqueService      : [ESTOQUE] Ciclo finalizado. Total de atualizações enviadas: 0
2026-09-02T08:34:00.103-03:00  INFO 22468 --- [ecommerce] [scheduling-1] c.d.e.service.SincronizacaoService       : Lendo VW_ECOMMERCE_PRECOS no banco de dados...
2026-09-02T08:34:00.489-03:00  INFO 22468 --- [ecommerce] [scheduling-1] c.d.e.service.SincronizacaoService       : Ciclo finalizado. Total de atualizações enviadas: 0
2026-09-02T08:35:00.000-03:00  INFO 22468 --- [ecommerce] [scheduling-1] c.d.e.service.SincronizacaoService       : Lendo VW_ECOMMERCE_PRECOS no banco de dados...
2026-09-02T08:35:00.106-03:00  INFO 22468 --- [ecommerce] [scheduling-1] c.d.e.service.SincronizacaoService       : Ciclo finalizado. Total de atualizações enviadas: 0
2026-09-02T08:35:00.106-03:00  INFO 22468 --- [ecommerce] [scheduling-1] c.d.e.s.SincronizacaoEstoqueService      : [ESTOQUE] Lendo VW_ECOMMERCE_ESTOQUE no banco de dados...
2026-09-02T08:35:00.130-03:00  INFO 22468 --- [ecommerce] [scheduling-1] c.d.e.s.SincronizacaoEstoqueService      : [ESTOQUE] Ciclo finalizado. Total de atualizações enviadas: 0
2026-09-02T08:36:00.000-03:00  INFO 22468 --- [ecommerce] [scheduling-1] c.d.e.s.SincronizacaoEstoqueService      : [ESTOQUE] Lendo VW_ECOMMERCE_ESTOQUE no banco de dados...
2026-09-02T08:36:00.106-03:00  INFO 22468 --- [ecommerce] [scheduling-1] c.d.e.s.SincronizacaoEstoqueService      : [ESTOQUE] Ciclo finalizado. Total de atualizações enviadas: 0
2026-09-02T08:36:00.106-03:00  INFO 22468 --- [ecommerce] [scheduling-1] c.d.e.service.SincronizacaoService       : Lendo VW_ECOMMERCE_PRECOS no banco de dados...
2026-09-02T08:36:00.294-03:00  INFO 22468 --- [ecommerce] [scheduling-1] c.d.e.service.SincronizacaoService       : Ciclo finalizado. Total de atualizações enviadas: 0
2026-09-02T08:37:00.000-03:00  INFO 22468 --- [ecommerce] [scheduling-1] c.d.e.service.SincronizacaoService       : Lendo VW_ECOMMERCE_PRECOS no banco de dados...
2026-09-02T08:37:00.186-03:00  INFO 22468 --- [ecommerce] [scheduling-1] c.d.e.service.SincronizacaoService       : Ciclo finalizado. Total de atualizações enviadas: 0
2026-09-02T08:37:00.186-03:00  INFO 22468 --- [ecommerce] [scheduling-1] c.d.e.s.SincronizacaoEstoqueService      : [ESTOQUE] Lendo VW_ECOMMERCE_ESTOQUE no banco de dados...
2026-09-02T08:37:00.220-03:00  INFO 22468 --- [ecommerce] [scheduling-1] c.d.e.s.SincronizacaoEstoqueService      : [ESTOQUE] Ciclo finalizado. Total de atualizações enviadas: 0
2026-09-02T08:38:00.000-03:00  INFO 22468 --- [ecommerce] [scheduling-1] c.d.e.s.SincronizacaoEstoqueService      : [ESTOQUE] Lendo VW_ECOMMERCE_ESTOQUE no banco de dados...
2026-09-02T08:38:00.075-03:00  INFO 22468 --- [ecommerce] [scheduling-1] c.d.e.s.SincronizacaoEstoqueService      : [ESTOQUE] Ciclo finalizado. Total de atualizações enviadas: 0
2026-09-02T08:38:00.076-03:00  INFO 22468 --- [ecommerce] [scheduling-1] c.d.e.service.SincronizacaoService       : Lendo VW_ECOMMERCE_PRECOS no banco de dados...
2026-09-02T08:38:00.219-03:00  INFO 22468 --- [ecommerce] [scheduling-1] c.d.e.service.SincronizacaoService       : Ciclo finalizado. Total de atualizações enviadas: 0
2026-09-02T08:38:59.999-03:00  INFO 22468 --- [ecommerce] [scheduling-1] c.d.e.s.SincronizacaoEstoqueService      : [ESTOQUE] Lendo VW_ECOMMERCE_ESTOQUE no banco de dados...
2026-09-02T08:39:00.101-03:00  INFO 22468 --- [ecommerce] [scheduling-1] c.d.e.s.SincronizacaoEstoqueService      : [ESTOQUE] Ciclo finalizado. Total de atualizações enviadas: 0
2026-09-02T08:39:00.101-03:00  INFO 22468 --- [ecommerce] [scheduling-1] c.d.e.service.SincronizacaoService       : Lendo VW_ECOMMERCE_PRECOS no banco de dados...
2026-09-02T08:39:00.693-03:00  INFO 22468 --- [ecommerce] [scheduling-1] c.d.e.service.SincronizacaoService       : Ciclo finalizado. Total de atualizações enviadas: 0
2026-09-02T08:40:00.000-03:00  INFO 22468 --- [ecommerce] [scheduling-1] c.d.e.service.SincronizacaoService       : Lendo VW_ECOMMERCE_PRECOS no banco de dados...
2026-09-02T08:40:00.105-03:00  INFO 22468 --- [ecommerce] [scheduling-1] c.d.e.service.SincronizacaoService       : Ciclo finalizado. Total de atualizações enviadas: 0
2026-09-02T08:40:00.105-03:00  INFO 22468 --- [ecommerce] [scheduling-1] c.d.e.s.SincronizacaoEstoqueService      : [ESTOQUE] Lendo VW_ECOMMERCE_ESTOQUE no banco de dados...
2026-09-02T08:40:00.134-03:00  INFO 22468 --- [ecommerce] [scheduling-1] c.d.e.s.SincronizacaoEstoqueService      : [ESTOQUE] Ciclo finalizado. Total de atualizações enviadas: 0
2026-09-02T08:41:00.000-03:00  INFO 22468 --- [ecommerce] [scheduling-1] c.d.e.s.SincronizacaoEstoqueService      : [ESTOQUE] Lendo VW_ECOMMERCE_ESTOQUE no banco de dados...
2026-09-02T08:41:00.044-03:00  INFO 22468 --- [ecommerce] [scheduling-1] c.d.e.s.SincronizacaoEstoqueService      : [ESTOQUE] Ciclo finalizado. Total de atualizações enviadas: 0
2026-09-02T08:41:00.044-03:00  INFO 22468 --- [ecommerce] [scheduling-1] c.d.e.service.SincronizacaoService       : Lendo VW_ECOMMERCE_PRECOS no banco de dados...
2026-09-02T08:41:00.152-03:00  INFO 22468 --- [ecommerce] [scheduling-1] c.d.e.service.SincronizacaoService       : Ciclo finalizado. Total de atualizações enviadas: 0
2026-09-02T08:42:00.000-03:00  INFO 22468 --- [ecommerce] [scheduling-1] c.d.e.service.SincronizacaoService       : Lendo VW_ECOMMERCE_PRECOS no banco de dados...
2026-09-02T08:42:00.145-03:00  INFO 22468 --- [ecommerce] [scheduling-1] c.d.e.service.SincronizacaoService       : Ciclo finalizado. Total de atualizações enviadas: 0
2026-09-02T08:42:00.145-03:00  INFO 22468 --- [ecommerce] [scheduling-1] c.d.e.s.SincronizacaoEstoqueService      : [ESTOQUE] Lendo VW_ECOMMERCE_ESTOQUE no banco de dados...
2026-09-02T08:42:00.164-03:00  INFO 22468 --- [ecommerce] [scheduling-1] c.d.e.s.SincronizacaoEstoqueService      : [ESTOQUE] Ciclo finalizado. Total de atualizações enviadas: 0
2026-09-02T08:43:00.000-03:00  INFO 22468 --- [ecommerce] [scheduling-1] c.d.e.s.SincronizacaoEstoqueService      : [ESTOQUE] Lendo VW_ECOMMERCE_ESTOQUE no banco de dados...
2026-09-02T08:43:00.051-03:00  INFO 22468 --- [ecommerce] [scheduling-1] c.d.e.s.SincronizacaoEstoqueService      : [ESTOQUE] Ciclo finalizado. Total de atualizações enviadas: 0
2026-09-02T08:43:00.051-03:00  INFO 22468 --- [ecommerce] [scheduling-1] c.d.e.service.SincronizacaoService       : Lendo VW_ECOMMERCE_PRECOS no banco de dados...
2026-09-02T08:43:00.200-03:00  INFO 22468 --- [ecommerce] [scheduling-1] c.d.e.service.SincronizacaoService       : Ciclo finalizado. Total de atualizações enviadas: 0
2026-09-02T08:44:00.000-03:00  INFO 22468 --- [ecommerce] [scheduling-1] c.d.e.service.SincronizacaoService       : Lendo VW_ECOMMERCE_PRECOS no banco de dados...
2026-09-02T08:44:00.215-03:00  INFO 22468 --- [ecommerce] [scheduling-1] c.d.e.service.SincronizacaoService       : Ciclo finalizado. Total de atualizações enviadas: 0
2026-09-02T08:44:00.216-03:00  INFO 22468 --- [ecommerce] [scheduling-1] c.d.e.s.SincronizacaoEstoqueService      : [ESTOQUE] Lendo VW_ECOMMERCE_ESTOQUE no banco de dados...
2026-09-02T08:44:00.261-03:00  INFO 22468 --- [ecommerce] [scheduling-1] c.d.e.s.SincronizacaoEstoqueService      : [ESTOQUE] Ciclo finalizado. Total de atualizações enviadas: 0
2026-09-02T08:45:00.000-03:00  INFO 22468 --- [ecommerce] [scheduling-1] c.d.e.service.SincronizacaoService       : Lendo VW_ECOMMERCE_PRECOS no banco de dados...
2026-09-02T08:45:00.190-03:00  INFO 22468 --- [ecommerce] [scheduling-1] c.d.e.service.SincronizacaoService       : Ciclo finalizado. Total de atualizações enviadas: 0
2026-09-02T08:45:00.190-03:00  INFO 22468 --- [ecommerce] [scheduling-1] c.d.e.s.SincronizacaoEstoqueService      : [ESTOQUE] Lendo VW_ECOMMERCE_ESTOQUE no banco de dados...
2026-09-02T08:45:00.234-03:00  INFO 22468 --- [ecommerce] [scheduling-1] c.d.e.s.SincronizacaoEstoqueService      : [ESTOQUE] Ciclo finalizado. Total de atualizações enviadas: 0
2026-09-02T08:46:00.001-03:00  INFO 22468 --- [ecommerce] [scheduling-1] c.d.e.service.SincronizacaoService       : Lendo VW_ECOMMERCE_PRECOS no banco de dados...
2026-09-02T08:46:00.369-03:00  INFO 22468 --- [ecommerce] [scheduling-1] c.d.e.service.SincronizacaoService       : Ciclo finalizado. Total de atualizações enviadas: 0
2026-09-02T08:46:00.370-03:00  INFO 22468 --- [ecommerce] [scheduling-1] c.d.e.s.SincronizacaoEstoqueService      : [ESTOQUE] Lendo VW_ECOMMERCE_ESTOQUE no banco de dados...
2026-09-02T08:46:00.445-03:00  INFO 22468 --- [ecommerce] [scheduling-1] c.d.e.s.SincronizacaoEstoqueService      : [ESTOQUE] Ciclo finalizado. Total de atualizações enviadas: 0
2026-09-02T08:46:59.999-03:00  INFO 22468 --- [ecommerce] [scheduling-1] c.d.e.service.SincronizacaoService       : Lendo VW_ECOMMERCE_PRECOS no banco de dados...
2026-09-02T08:47:00.247-03:00  INFO 22468 --- [ecommerce] [scheduling-1] c.d.e.service.SincronizacaoService       : Ciclo finalizado. Total de atualizações enviadas: 0
2026-09-02T08:47:00.247-03:00  INFO 22468 --- [ecommerce] [scheduling-1] c.d.e.s.SincronizacaoEstoqueService      : [ESTOQUE] Lendo VW_ECOMMERCE_ESTOQUE no banco de dados...
2026-09-02T08:47:00.311-03:00  INFO 22468 --- [ecommerce] [scheduling-1] c.d.e.s.SincronizacaoEstoqueService      : [ESTOQUE] Ciclo finalizado. Total de atualizações enviadas: 0
2026-09-02T08:48:00.000-03:00  INFO 22468 --- [ecommerce] [scheduling-1] c.d.e.s.SincronizacaoEstoqueService      : [ESTOQUE] Lendo VW_ECOMMERCE_ESTOQUE no banco de dados...
2026-09-02T08:48:00.143-03:00  INFO 22468 --- [ecommerce] [scheduling-1] c.d.e.s.SincronizacaoEstoqueService      : [ESTOQUE] Ciclo finalizado. Total de atualizações enviadas: 0
2026-09-02T08:48:00.144-03:00  INFO 22468 --- [ecommerce] [scheduling-1] c.d.e.service.SincronizacaoService       : Lendo VW_ECOMMERCE_PRECOS no banco de dados...
2026-09-02T08:48:00.672-03:00  INFO 22468 --- [ecommerce] [scheduling-1] c.d.e.service.SincronizacaoService       : Ciclo finalizado. Total de atualizações enviadas: 0
2026-09-02T08:48:59.999-03:00  INFO 22468 --- [ecommerce] [scheduling-1] c.d.e.s.SincronizacaoEstoqueService      : [ESTOQUE] Lendo VW_ECOMMERCE_ESTOQUE no banco de dados...
2026-09-02T08:49:00.102-03:00  INFO 22468 --- [ecommerce] [scheduling-1] c.d.e.s.SincronizacaoEstoqueService      : [ESTOQUE] Ciclo finalizado. Total de atualizações enviadas: 0
2026-09-02T08:49:00.102-03:00  INFO 22468 --- [ecommerce] [scheduling-1] c.d.e.service.SincronizacaoService       : Lendo VW_ECOMMERCE_PRECOS no banco de dados...
2026-09-02T08:49:00.344-03:00  INFO 22468 --- [ecommerce] [scheduling-1] c.d.e.service.SincronizacaoService       : Ciclo finalizado. Total de atualizações enviadas: 0
2026-09-02T08:50:00.001-03:00  INFO 22468 --- [ecommerce] [scheduling-1] c.d.e.s.SincronizacaoEstoqueService      : [ESTOQUE] Lendo VW_ECOMMERCE_ESTOQUE no banco de dados...
2026-09-02T08:50:00.110-03:00  INFO 22468 --- [ecommerce] [scheduling-1] c.d.e.s.SincronizacaoEstoqueService      : [ESTOQUE] Ciclo finalizado. Total de atualizações enviadas: 0
2026-09-02T08:50:00.110-03:00  INFO 22468 --- [ecommerce] [scheduling-1] c.d.e.service.SincronizacaoService       : Lendo VW_ECOMMERCE_PRECOS no banco de dados...
2026-09-02T08:50:00.212-03:00  INFO 22468 --- [ecommerce] [scheduling-1] c.d.e.service.SincronizacaoService       : Ciclo finalizado. Total de atualizações enviadas: 0
2026-09-02T08:51:00.001-03:00  INFO 22468 --- [ecommerce] [scheduling-1] c.d.e.s.SincronizacaoEstoqueService      : [ESTOQUE] Lendo VW_ECOMMERCE_ESTOQUE no banco de dados...
2026-09-02T08:51:00.221-03:00  INFO 22468 --- [ecommerce] [scheduling-1] c.d.e.s.SincronizacaoEstoqueService      : [ESTOQUE] Ciclo finalizado. Total de atualizações enviadas: 0
2026-09-02T08:51:00.221-03:00  INFO 22468 --- [ecommerce] [scheduling-1] c.d.e.service.SincronizacaoService       : Lendo VW_ECOMMERCE_PRECOS no banco de dados...
2026-09-02T08:51:00.757-03:00  INFO 22468 --- [ecommerce] [scheduling-1] c.d.e.service.SincronizacaoService       : Ciclo finalizado. Total de atualizações enviadas: 0
2026-09-02T08:52:00.000-03:00  INFO 22468 --- [ecommerce] [scheduling-1] c.d.e.s.SincronizacaoEstoqueService      : [ESTOQUE] Lendo VW_ECOMMERCE_ESTOQUE no banco de dados...
2026-09-02T08:52:00.070-03:00  INFO 22468 --- [ecommerce] [scheduling-1] c.d.e.s.SincronizacaoEstoqueService      : [ESTOQUE] Ciclo finalizado. Total de atualizações enviadas: 0
2026-09-02T08:52:00.070-03:00  INFO 22468 --- [ecommerce] [scheduling-1] c.d.e.service.SincronizacaoService       : Lendo VW_ECOMMERCE_PRECOS no banco de dados...
2026-09-02T08:52:00.341-03:00  INFO 22468 --- [ecommerce] [scheduling-1] c.d.e.service.SincronizacaoService       : Ciclo finalizado. Total de atualizações enviadas: 0
2026-09-02T08:53:00.000-03:00  INFO 22468 --- [ecommerce] [scheduling-1] c.d.e.service.SincronizacaoService       : Lendo VW_ECOMMERCE_PRECOS no banco de dados...
2026-09-02T08:53:00.293-03:00  INFO 22468 --- [ecommerce] [scheduling-1] c.d.e.service.SincronizacaoService       : Ciclo finalizado. Total de atualizações enviadas: 0
2026-09-02T08:53:00.293-03:00  INFO 22468 --- [ecommerce] [scheduling-1] c.d.e.s.SincronizacaoEstoqueService      : [ESTOQUE] Lendo VW_ECOMMERCE_ESTOQUE no banco de dados...
2026-09-02T08:53:00.374-03:00  INFO 22468 --- [ecommerce] [scheduling-1] c.d.e.s.SincronizacaoEstoqueService      : [ESTOQUE] Ciclo finalizado. Total de atualizações enviadas: 0
2026-09-02T08:54:00.001-03:00  INFO 22468 --- [ecommerce] [scheduling-1] c.d.e.service.SincronizacaoService       : Lendo VW_ECOMMERCE_PRECOS no banco de dados...
2026-09-02T08:54:00.163-03:00  INFO 22468 --- [ecommerce] [scheduling-1] c.d.e.service.SincronizacaoService       : Ciclo finalizado. Total de atualizações enviadas: 0
2026-09-02T08:54:00.163-03:00  INFO 22468 --- [ecommerce] [scheduling-1] c.d.e.s.SincronizacaoEstoqueService      : [ESTOQUE] Lendo VW_ECOMMERCE_ESTOQUE no banco de dados...
2026-09-02T08:54:00.187-03:00  INFO 22468 --- [ecommerce] [scheduling-1] c.d.e.s.SincronizacaoEstoqueService      : [ESTOQUE] Ciclo finalizado. Total de atualizações enviadas: 0
2026-09-02T08:55:00.000-03:00  INFO 22468 --- [ecommerce] [scheduling-1] c.d.e.service.SincronizacaoService       : Lendo VW_ECOMMERCE_PRECOS no banco de dados...
2026-09-02T08:55:00.130-03:00  INFO 22468 --- [ecommerce] [scheduling-1] c.d.e.service.SincronizacaoService       : Ciclo finalizado. Total de atualizações enviadas: 0
2026-09-02T08:55:00.131-03:00  INFO 22468 --- [ecommerce] [scheduling-1] c.d.e.s.SincronizacaoEstoqueService      : [ESTOQUE] Lendo VW_ECOMMERCE_ESTOQUE no banco de dados...
2026-09-02T08:55:00.154-03:00  INFO 22468 --- [ecommerce] [scheduling-1] c.d.e.s.SincronizacaoEstoqueService      : [ESTOQUE] Ciclo finalizado. Total de atualizações enviadas: 0
2026-09-02T08:55:59.999-03:00  INFO 22468 --- [ecommerce] [scheduling-1] c.d.e.service.SincronizacaoService       : Lendo VW_ECOMMERCE_PRECOS no banco de dados...
2026-09-02T08:56:00.440-03:00  INFO 22468 --- [ecommerce] [scheduling-1] c.d.e.service.SincronizacaoService       : Ciclo finalizado. Total de atualizações enviadas: 0
2026-09-02T08:56:00.440-03:00  INFO 22468 --- [ecommerce] [scheduling-1] c.d.e.s.SincronizacaoEstoqueService      : [ESTOQUE] Lendo VW_ECOMMERCE_ESTOQUE no banco de dados...
2026-09-02T08:56:00.517-03:00  INFO 22468 --- [ecommerce] [scheduling-1] c.d.e.s.SincronizacaoEstoqueService      : [ESTOQUE] Ciclo finalizado. Total de atualizações enviadas: 0
2026-09-02T08:57:00.001-03:00  INFO 22468 --- [ecommerce] [scheduling-1] c.d.e.service.SincronizacaoService       : Lendo VW_ECOMMERCE_PRECOS no banco de dados...
2026-09-02T08:57:00.225-03:00  INFO 22468 --- [ecommerce] [scheduling-1] c.d.e.service.SincronizacaoService       : Ciclo finalizado. Total de atualizações enviadas: 0
2026-09-02T08:57:00.225-03:00  INFO 22468 --- [ecommerce] [scheduling-1] c.d.e.s.SincronizacaoEstoqueService      : [ESTOQUE] Lendo VW_ECOMMERCE_ESTOQUE no banco de dados...
2026-09-02T08:57:00.257-03:00  INFO 22468 --- [ecommerce] [scheduling-1] c.d.e.s.SincronizacaoEstoqueService      : [ESTOQUE] Ciclo finalizado. Total de atualizações enviadas: 0
2026-09-02T08:58:00.000-03:00  INFO 22468 --- [ecommerce] [scheduling-1] c.d.e.s.SincronizacaoEstoqueService      : [ESTOQUE] Lendo VW_ECOMMERCE_ESTOQUE no banco de dados...
2026-09-02T08:58:00.215-03:00  INFO 22468 --- [ecommerce] [scheduling-1] c.d.e.s.SincronizacaoEstoqueService      : [ESTOQUE] Ciclo finalizado. Total de atualizações enviadas: 0
2026-09-02T08:58:00.216-03:00  INFO 22468 --- [ecommerce] [scheduling-1] c.d.e.service.SincronizacaoService       : Lendo VW_ECOMMERCE_PRECOS no banco de dados...
2026-09-02T08:58:01.011-03:00  INFO 22468 --- [ecommerce] [scheduling-1] c.d.e.service.SincronizacaoService       : Ciclo finalizado. Total de atualizações enviadas: 0
2026-09-02T08:59:00.000-03:00  INFO 22468 --- [ecommerce] [scheduling-1] c.d.e.service.SincronizacaoService       : Lendo VW_ECOMMERCE_PRECOS no banco de dados...
2026-09-02T08:59:00.101-03:00  INFO 22468 --- [ecommerce] [scheduling-1] c.d.e.service.SincronizacaoService       : Ciclo finalizado. Total de atualizações enviadas: 0
2026-09-02T08:59:00.101-03:00  INFO 22468 --- [ecommerce] [scheduling-1] c.d.e.s.SincronizacaoEstoqueService      : [ESTOQUE] Lendo VW_ECOMMERCE_ESTOQUE no banco de dados...
2026-09-02T08:59:00.131-03:00  INFO 22468 --- [ecommerce] [scheduling-1] c.d.e.s.SincronizacaoEstoqueService      : [ESTOQUE] Ciclo finalizado. Total de atualizações enviadas: 0
2026-09-02T08:59:59.999-03:00  INFO 22468 --- [ecommerce] [scheduling-1] c.d.e.s.SincronizacaoEstoqueService      : [ESTOQUE] Lendo VW_ECOMMERCE_ESTOQUE no banco de dados...
2026-09-02T09:00:00.034-03:00  INFO 22468 --- [ecommerce] [scheduling-1] c.d.e.s.SincronizacaoEstoqueService      : [ESTOQUE] Ciclo finalizado. Total de atualizações enviadas: 0
2026-09-02T09:00:00.034-03:00  INFO 22468 --- [ecommerce] [scheduling-1] c.d.e.service.SincronizacaoService       : Lendo VW_ECOMMERCE_PRECOS no banco de dados...
2026-09-02T09:00:00.160-03:00  INFO 22468 --- [ecommerce] [scheduling-1] c.d.e.service.SincronizacaoService       : Ciclo finalizado. Total de atualizações enviadas: 0
2026-09-02T09:01:00.000-03:00  INFO 22468 --- [ecommerce] [scheduling-1] c.d.e.s.SincronizacaoEstoqueService      : [ESTOQUE] Lendo VW_ECOMMERCE_ESTOQUE no banco de dados...
2026-09-02T09:01:00.062-03:00  INFO 22468 --- [ecommerce] [scheduling-1] c.d.e.s.SincronizacaoEstoqueService      : [ESTOQUE] Ciclo finalizado. Total de atualizações enviadas: 0
2026-09-02T09:01:00.063-03:00  INFO 22468 --- [ecommerce] [scheduling-1] c.d.e.service.SincronizacaoService       : Lendo VW_ECOMMERCE_PRECOS no banco de dados...
2026-09-02T09:01:00.351-03:00  INFO 22468 --- [ecommerce] [scheduling-1] c.d.e.service.SincronizacaoService       : Ciclo finalizado. Total de atualizações enviadas: 0
2026-09-02T09:02:00.000-03:00  INFO 22468 --- [ecommerce] [scheduling-1] c.d.e.s.SincronizacaoEstoqueService      : [ESTOQUE] Lendo VW_ECOMMERCE_ESTOQUE no banco de dados...
2026-09-02T09:02:00.097-03:00  INFO 22468 --- [ecommerce] [scheduling-1] c.d.e.s.SincronizacaoEstoqueService      : [ESTOQUE] Ciclo finalizado. Total de atualizações enviadas: 0
2026-09-02T09:02:00.097-03:00  INFO 22468 --- [ecommerce] [scheduling-1] c.d.e.service.SincronizacaoService       : Lendo VW_ECOMMERCE_PRECOS no banco de dados...
2026-09-02T09:02:00.189-03:00  INFO 22468 --- [ecommerce] [scheduling-1] c.d.e.service.SincronizacaoService       : Ciclo finalizado. Total de atualizações enviadas: 0
2026-09-02T09:02:59.999-03:00  INFO 22468 --- [ecommerce] [scheduling-1] c.d.e.service.SincronizacaoService       : Lendo VW_ECOMMERCE_PRECOS no banco de dados...
2026-09-02T09:03:00.225-03:00  INFO 22468 --- [ecommerce] [scheduling-1] c.d.e.service.SincronizacaoService       : Ciclo finalizado. Total de atualizações enviadas: 0
2026-09-02T09:03:00.225-03:00  INFO 22468 --- [ecommerce] [scheduling-1] c.d.e.s.SincronizacaoEstoqueService      : [ESTOQUE] Lendo VW_ECOMMERCE_ESTOQUE no banco de dados...
2026-09-02T09:03:00.267-03:00  INFO 22468 --- [ecommerce] [scheduling-1] c.d.e.s.SincronizacaoEstoqueService      : [ESTOQUE] Ciclo finalizado. Total de atualizações enviadas: 0
2026-09-02T09:03:59.999-03:00  INFO 22468 --- [ecommerce] [scheduling-1] c.d.e.s.SincronizacaoEstoqueService      : [ESTOQUE] Lendo VW_ECOMMERCE_ESTOQUE no banco de dados...
2026-09-02T09:04:00.116-03:00  INFO 22468 --- [ecommerce] [scheduling-1] c.d.e.s.SincronizacaoEstoqueService      : [ESTOQUE] Ciclo finalizado. Total de atualizações enviadas: 0
2026-09-02T09:04:00.117-03:00  INFO 22468 --- [ecommerce] [scheduling-1] c.d.e.service.SincronizacaoService       : Lendo VW_ECOMMERCE_PRECOS no banco de dados...
2026-09-02T09:04:00.467-03:00  INFO 22468 --- [ecommerce] [scheduling-1] c.d.e.service.SincronizacaoService       : Ciclo finalizado. Total de atualizações enviadas: 0
2026-09-02T09:05:00.000-03:00  INFO 22468 --- [ecommerce] [scheduling-1] c.d.e.service.SincronizacaoService       : Lendo VW_ECOMMERCE_PRECOS no banco de dados...
2026-09-02T09:05:00.091-03:00  INFO 22468 --- [ecommerce] [scheduling-1] c.d.e.service.SincronizacaoService       : Ciclo finalizado. Total de atualizações enviadas: 0
2026-09-02T09:05:00.092-03:00  INFO 22468 --- [ecommerce] [scheduling-1] c.d.e.s.SincronizacaoEstoqueService      : [ESTOQUE] Lendo VW_ECOMMERCE_ESTOQUE no banco de dados...
2026-09-02T09:05:00.115-03:00  INFO 22468 --- [ecommerce] [scheduling-1] c.d.e.s.SincronizacaoEstoqueService      : [ESTOQUE] Ciclo finalizado. Total de atualizações enviadas: 0
2026-09-02T09:06:00.000-03:00  INFO 22468 --- [ecommerce] [scheduling-1] c.d.e.s.SincronizacaoEstoqueService      : [ESTOQUE] Lendo VW_ECOMMERCE_ESTOQUE no banco de dados...
2026-09-02T09:06:00.093-03:00  INFO 22468 --- [ecommerce] [scheduling-1] c.d.e.s.SincronizacaoEstoqueService      : [ESTOQUE] Ciclo finalizado. Total de atualizações enviadas: 0
2026-09-02T09:06:00.094-03:00  INFO 22468 --- [ecommerce] [scheduling-1] c.d.e.service.SincronizacaoService       : Lendo VW_ECOMMERCE_PRECOS no banco de dados...
2026-09-02T09:06:00.388-03:00  INFO 22468 --- [ecommerce] [scheduling-1] c.d.e.service.SincronizacaoService       : Ciclo finalizado. Total de atualizações enviadas: 0
2026-09-02T09:07:00.000-03:00  INFO 22468 --- [ecommerce] [scheduling-1] c.d.e.s.SincronizacaoEstoqueService      : [ESTOQUE] Lendo VW_ECOMMERCE_ESTOQUE no banco de dados...
2026-09-02T09:07:00.062-03:00  INFO 22468 --- [ecommerce] [scheduling-1] c.d.e.s.SincronizacaoEstoqueService      : [ESTOQUE] Ciclo finalizado. Total de atualizações enviadas: 0
2026-09-02T09:07:00.062-03:00  INFO 22468 --- [ecommerce] [scheduling-1] c.d.e.service.SincronizacaoService       : Lendo VW_ECOMMERCE_PRECOS no banco de dados...
2026-09-02T09:07:00.452-03:00  INFO 22468 --- [ecommerce] [scheduling-1] c.d.e.service.SincronizacaoService       : Ciclo finalizado. Total de atualizações enviadas: 0
2026-09-02T09:08:00.000-03:00  INFO 22468 --- [ecommerce] [scheduling-1] c.d.e.service.SincronizacaoService       : Lendo VW_ECOMMERCE_PRECOS no banco de dados...
2026-09-02T09:08:00.054-03:00  INFO 22468 --- [ecommerce] [scheduling-1] c.d.e.service.SincronizacaoService       : Ciclo finalizado. Total de atualizações enviadas: 0
2026-09-02T09:08:00.055-03:00  INFO 22468 --- [ecommerce] [scheduling-1] c.d.e.s.SincronizacaoEstoqueService      : [ESTOQUE] Lendo VW_ECOMMERCE_ESTOQUE no banco de dados...
2026-09-02T09:08:00.078-03:00  INFO 22468 --- [ecommerce] [scheduling-1] c.d.e.s.SincronizacaoEstoqueService      : [ESTOQUE] Ciclo finalizado. Total de atualizações enviadas: 0
2026-09-02T09:09:00.000-03:00  INFO 22468 --- [ecommerce] [scheduling-1] c.d.e.service.SincronizacaoService       : Lendo VW_ECOMMERCE_PRECOS no banco de dados...
2026-09-02T09:09:00.247-03:00  INFO 22468 --- [ecommerce] [scheduling-1] c.d.e.service.SincronizacaoService       : Ciclo finalizado. Total de atualizações enviadas: 0
2026-09-02T09:09:00.248-03:00  INFO 22468 --- [ecommerce] [scheduling-1] c.d.e.s.SincronizacaoEstoqueService      : [ESTOQUE] Lendo VW_ECOMMERCE_ESTOQUE no banco de dados...
2026-09-02T09:09:00.275-03:00  INFO 22468 --- [ecommerce] [scheduling-1] c.d.e.s.SincronizacaoEstoqueService      : [ESTOQUE] Ciclo finalizado. Total de atualizações enviadas: 0
2026-09-02T09:10:00.000-03:00  INFO 22468 --- [ecommerce] [scheduling-1] c.d.e.service.SincronizacaoService       : Lendo VW_ECOMMERCE_PRECOS no banco de dados...
2026-09-02T09:10:00.238-03:00  INFO 22468 --- [ecommerce] [scheduling-1] c.d.e.service.SincronizacaoService       : Ciclo finalizado. Total de atualizações enviadas: 0
2026-09-02T09:10:00.238-03:00  INFO 22468 --- [ecommerce] [scheduling-1] c.d.e.s.SincronizacaoEstoqueService      : [ESTOQUE] Lendo VW_ECOMMERCE_ESTOQUE no banco de dados...
2026-09-02T09:10:00.282-03:00  INFO 22468 --- [ecommerce] [scheduling-1] c.d.e.s.SincronizacaoEstoqueService      : [ESTOQUE] Ciclo finalizado. Total de atualizações enviadas: 0
2026-09-02T09:11:00.000-03:00  INFO 22468 --- [ecommerce] [scheduling-1] c.d.e.s.SincronizacaoEstoqueService      : [ESTOQUE] Lendo VW_ECOMMERCE_ESTOQUE no banco de dados...
2026-09-02T09:11:00.114-03:00  INFO 22468 --- [ecommerce] [scheduling-1] c.d.e.s.SincronizacaoEstoqueService      : [ESTOQUE] Ciclo finalizado. Total de atualizações enviadas: 0
2026-09-02T09:11:00.114-03:00  INFO 22468 --- [ecommerce] [scheduling-1] c.d.e.service.SincronizacaoService       : Lendo VW_ECOMMERCE_PRECOS no banco de dados...
2026-09-02T09:11:00.407-03:00  INFO 22468 --- [ecommerce] [scheduling-1] c.d.e.service.SincronizacaoService       : Ciclo finalizado. Total de atualizações enviadas: 0
2026-09-02T09:12:00.001-03:00  INFO 22468 --- [ecommerce] [scheduling-1] c.d.e.s.SincronizacaoEstoqueService      : [ESTOQUE] Lendo VW_ECOMMERCE_ESTOQUE no banco de dados...
2026-09-02T09:12:00.049-03:00  INFO 22468 --- [ecommerce] [scheduling-1] c.d.e.s.SincronizacaoEstoqueService      : [ESTOQUE] Ciclo finalizado. Total de atualizações enviadas: 0
2026-09-02T09:12:00.050-03:00  INFO 22468 --- [ecommerce] [scheduling-1] c.d.e.service.SincronizacaoService       : Lendo VW_ECOMMERCE_PRECOS no banco de dados...
2026-09-02T09:12:00.098-03:00  INFO 22468 --- [ecommerce] [scheduling-1] c.d.e.service.SincronizacaoService       : Ciclo finalizado. Total de atualizações enviadas: 0
2026-09-02T09:12:59.999-03:00  INFO 22468 --- [ecommerce] [scheduling-1] c.d.e.s.SincronizacaoEstoqueService      : [ESTOQUE] Lendo VW_ECOMMERCE_ESTOQUE no banco de dados...
2026-09-02T09:13:00.103-03:00  INFO 22468 --- [ecommerce] [scheduling-1] c.d.e.s.SincronizacaoEstoqueService      : [ESTOQUE] Ciclo finalizado. Total de atualizações enviadas: 0
2026-09-02T09:13:00.103-03:00  INFO 22468 --- [ecommerce] [scheduling-1] c.d.e.service.SincronizacaoService       : Lendo VW_ECOMMERCE_PRECOS no banco de dados...
2026-09-02T09:13:00.442-03:00  INFO 22468 --- [ecommerce] [scheduling-1] c.d.e.service.SincronizacaoService       : Ciclo finalizado. Total de atualizações enviadas: 0
2026-09-02T09:14:00.000-03:00  INFO 22468 --- [ecommerce] [scheduling-1] c.d.e.service.SincronizacaoService       : Lendo VW_ECOMMERCE_PRECOS no banco de dados...
2026-09-02T09:14:00.050-03:00  INFO 22468 --- [ecommerce] [scheduling-1] c.d.e.service.SincronizacaoService       : Ciclo finalizado. Total de atualizações enviadas: 0
2026-09-02T09:14:00.050-03:00  INFO 22468 --- [ecommerce] [scheduling-1] c.d.e.s.SincronizacaoEstoqueService      : [ESTOQUE] Lendo VW_ECOMMERCE_ESTOQUE no banco de dados...
2026-09-02T09:14:00.082-03:00  INFO 22468 --- [ecommerce] [scheduling-1] c.d.e.s.SincronizacaoEstoqueService      : [ESTOQUE] Ciclo finalizado. Total de atualizações enviadas: 0
2026-09-02T09:15:00.000-03:00  INFO 22468 --- [ecommerce] [scheduling-1] c.d.e.service.SincronizacaoService       : Lendo VW_ECOMMERCE_PRECOS no banco de dados...
2026-09-02T09:15:00.521-03:00  INFO 22468 --- [ecommerce] [scheduling-1] c.d.e.service.SincronizacaoService       : Ciclo finalizado. Total de atualizações enviadas: 0
2026-09-02T09:15:00.531-03:00  INFO 22468 --- [ecommerce] [scheduling-1] c.d.e.s.SincronizacaoEstoqueService      : [ESTOQUE] Lendo VW_ECOMMERCE_ESTOQUE no banco de dados...
2026-09-02T09:15:00.595-03:00  INFO 22468 --- [ecommerce] [scheduling-1] c.d.e.s.SincronizacaoEstoqueService      : [ESTOQUE] Ciclo finalizado. Total de atualizações enviadas: 0
2026-09-02T09:16:00.000-03:00  INFO 22468 --- [ecommerce] [scheduling-1] c.d.e.s.SincronizacaoEstoqueService      : [ESTOQUE] Lendo VW_ECOMMERCE_ESTOQUE no banco de dados...
2026-09-02T09:16:00.251-03:00  INFO 22468 --- [ecommerce] [scheduling-1] c.d.e.s.SincronizacaoEstoqueService      : [ESTOQUE] Ciclo finalizado. Total de atualizações enviadas: 0
2026-09-02T09:16:00.251-03:00  INFO 22468 --- [ecommerce] [scheduling-1] c.d.e.service.SincronizacaoService       : Lendo VW_ECOMMERCE_PRECOS no banco de dados...
2026-09-02T09:16:01.147-03:00  INFO 22468 --- [ecommerce] [scheduling-1] c.d.e.service.SincronizacaoService       : Ciclo finalizado. Total de atualizações enviadas: 0
2026-09-02T09:17:00.000-03:00  INFO 22468 --- [ecommerce] [scheduling-1] c.d.e.service.SincronizacaoService       : Lendo VW_ECOMMERCE_PRECOS no banco de dados...
2026-09-02T09:17:00.071-03:00  INFO 22468 --- [ecommerce] [scheduling-1] c.d.e.service.SincronizacaoService       : Ciclo finalizado. Total de atualizações enviadas: 0
2026-09-02T09:17:00.071-03:00  INFO 22468 --- [ecommerce] [scheduling-1] c.d.e.s.SincronizacaoEstoqueService      : [ESTOQUE] Lendo VW_ECOMMERCE_ESTOQUE no banco de dados...
2026-09-02T09:17:00.102-03:00  INFO 22468 --- [ecommerce] [scheduling-1] c.d.e.s.SincronizacaoEstoqueService      : [ESTOQUE] Ciclo finalizado. Total de atualizações enviadas: 0
2026-09-02T09:18:00.001-03:00  INFO 22468 --- [ecommerce] [scheduling-1] c.d.e.service.SincronizacaoService       : Lendo VW_ECOMMERCE_PRECOS no banco de dados...
2026-09-02T09:18:00.116-03:00  INFO 22468 --- [ecommerce] [scheduling-1] c.d.e.service.SincronizacaoService       : Ciclo finalizado. Total de atualizações enviadas: 0
2026-09-02T09:18:00.116-03:00  INFO 22468 --- [ecommerce] [scheduling-1] c.d.e.s.SincronizacaoEstoqueService      : [ESTOQUE] Lendo VW_ECOMMERCE_ESTOQUE no banco de dados...
2026-09-02T09:18:00.142-03:00  INFO 22468 --- [ecommerce] [scheduling-1] c.d.e.s.SincronizacaoEstoqueService      : [ESTOQUE] Ciclo finalizado. Total de atualizações enviadas: 0
2026-09-02T09:19:00.000-03:00  INFO 22468 --- [ecommerce] [scheduling-1] c.d.e.s.SincronizacaoEstoqueService      : [ESTOQUE] Lendo VW_ECOMMERCE_ESTOQUE no banco de dados...
2026-09-02T09:19:00.088-03:00  INFO 22468 --- [ecommerce] [scheduling-1] c.d.e.s.SincronizacaoEstoqueService      : [ESTOQUE] Ciclo finalizado. Total de atualizações enviadas: 0
2026-09-02T09:19:00.088-03:00  INFO 22468 --- [ecommerce] [scheduling-1] c.d.e.service.SincronizacaoService       : Lendo VW_ECOMMERCE_PRECOS no banco de dados...
2026-09-02T09:19:00.256-03:00  INFO 22468 --- [ecommerce] [scheduling-1] c.d.e.service.SincronizacaoService       : Ciclo finalizado. Total de atualizações enviadas: 0
2026-09-02T09:19:59.999-03:00  INFO 22468 --- [ecommerce] [scheduling-1] c.d.e.service.SincronizacaoService       : Lendo VW_ECOMMERCE_PRECOS no banco de dados...
2026-09-02T09:20:00.114-03:00  INFO 22468 --- [ecommerce] [scheduling-1] c.d.e.service.SincronizacaoService       : Ciclo finalizado. Total de atualizações enviadas: 0
2026-09-02T09:20:00.114-03:00  INFO 22468 --- [ecommerce] [scheduling-1] c.d.e.s.SincronizacaoEstoqueService      : [ESTOQUE] Lendo VW_ECOMMERCE_ESTOQUE no banco de dados...
2026-09-02T09:20:00.133-03:00  INFO 22468 --- [ecommerce] [scheduling-1] c.d.e.s.SincronizacaoEstoqueService      : [ESTOQUE] Ciclo finalizado. Total de atualizações enviadas: 0
2026-09-02T09:21:00.000-03:00  INFO 22468 --- [ecommerce] [scheduling-1] c.d.e.s.SincronizacaoEstoqueService      : [ESTOQUE] Lendo VW_ECOMMERCE_ESTOQUE no banco de dados...
2026-09-02T09:21:00.065-03:00  INFO 22468 --- [ecommerce] [scheduling-1] c.d.e.s.SincronizacaoEstoqueService      : [ESTOQUE] Ciclo finalizado. Total de atualizações enviadas: 0
2026-09-02T09:21:00.065-03:00  INFO 22468 --- [ecommerce] [scheduling-1] c.d.e.service.SincronizacaoService       : Lendo VW_ECOMMERCE_PRECOS no banco de dados...
2026-09-02T09:21:00.223-03:00  INFO 22468 --- [ecommerce] [scheduling-1] c.d.e.service.SincronizacaoService       : Ciclo finalizado. Total de atualizações enviadas: 0
2026-09-02T09:21:59.999-03:00  INFO 22468 --- [ecommerce] [scheduling-1] c.d.e.service.SincronizacaoService       : Lendo VW_ECOMMERCE_PRECOS no banco de dados...
2026-09-02T09:22:00.146-03:00  INFO 22468 --- [ecommerce] [scheduling-1] c.d.e.service.SincronizacaoService       : Ciclo finalizado. Total de atualizações enviadas: 0
2026-09-02T09:22:00.146-03:00  INFO 22468 --- [ecommerce] [scheduling-1] c.d.e.s.SincronizacaoEstoqueService      : [ESTOQUE] Lendo VW_ECOMMERCE_ESTOQUE no banco de dados...
2026-09-02T09:22:00.179-03:00  INFO 22468 --- [ecommerce] [scheduling-1] c.d.e.s.SincronizacaoEstoqueService      : [ESTOQUE] Ciclo finalizado. Total de atualizações enviadas: 0
2026-09-02T09:23:00.000-03:00  INFO 22468 --- [ecommerce] [scheduling-1] c.d.e.service.SincronizacaoService       : Lendo VW_ECOMMERCE_PRECOS no banco de dados...
2026-09-02T09:23:00.228-03:00  INFO 22468 --- [ecommerce] [scheduling-1] c.d.e.service.SincronizacaoService       : Ciclo finalizado. Total de atualizações enviadas: 0
2026-09-02T09:23:00.229-03:00  INFO 22468 --- [ecommerce] [scheduling-1] c.d.e.s.SincronizacaoEstoqueService      : [ESTOQUE] Lendo VW_ECOMMERCE_ESTOQUE no banco de dados...
2026-09-02T09:23:00.281-03:00  INFO 22468 --- [ecommerce] [scheduling-1] c.d.e.s.SincronizacaoEstoqueService      : [ESTOQUE] Ciclo finalizado. Total de atualizações enviadas: 0
2026-09-02T09:24:00.000-03:00  INFO 22468 --- [ecommerce] [scheduling-1] c.d.e.service.SincronizacaoService       : Lendo VW_ECOMMERCE_PRECOS no banco de dados...
2026-09-02T09:24:00.208-03:00  INFO 22468 --- [ecommerce] [scheduling-1] c.d.e.service.SincronizacaoService       : Ciclo finalizado. Total de atualizações enviadas: 0
2026-09-02T09:24:00.209-03:00  INFO 22468 --- [ecommerce] [scheduling-1] c.d.e.s.SincronizacaoEstoqueService      : [ESTOQUE] Lendo VW_ECOMMERCE_ESTOQUE no banco de dados...
2026-09-02T09:24:00.239-03:00  INFO 22468 --- [ecommerce] [scheduling-1] c.d.e.s.SincronizacaoEstoqueService      : [ESTOQUE] Ciclo finalizado. Total de atualizações enviadas: 0
2026-09-02T09:25:00.000-03:00  INFO 22468 --- [ecommerce] [scheduling-1] c.d.e.service.SincronizacaoService       : Lendo VW_ECOMMERCE_PRECOS no banco de dados...
2026-09-02T09:25:00.094-03:00  INFO 22468 --- [ecommerce] [scheduling-1] c.d.e.service.SincronizacaoService       : Ciclo finalizado. Total de atualizações enviadas: 0
2026-09-02T09:25:00.094-03:00  INFO 22468 --- [ecommerce] [scheduling-1] c.d.e.s.SincronizacaoEstoqueService      : [ESTOQUE] Lendo VW_ECOMMERCE_ESTOQUE no banco de dados...
2026-09-02T09:25:00.116-03:00  INFO 22468 --- [ecommerce] [scheduling-1] c.d.e.s.SincronizacaoEstoqueService      : [ESTOQUE] Ciclo finalizado. Total de atualizações enviadas: 0
2026-09-02T09:26:00.001-03:00  INFO 22468 --- [ecommerce] [scheduling-1] c.d.e.service.SincronizacaoService       : Lendo VW_ECOMMERCE_PRECOS no banco de dados...
2026-09-02T09:26:00.083-03:00  INFO 22468 --- [ecommerce] [scheduling-1] c.d.e.service.SincronizacaoService       : Ciclo finalizado. Total de atualizações enviadas: 0
2026-09-02T09:26:00.083-03:00  INFO 22468 --- [ecommerce] [scheduling-1] c.d.e.s.SincronizacaoEstoqueService      : [ESTOQUE] Lendo VW_ECOMMERCE_ESTOQUE no banco de dados...
2026-09-02T09:26:00.105-03:00  INFO 22468 --- [ecommerce] [scheduling-1] c.d.e.s.SincronizacaoEstoqueService      : [ESTOQUE] Ciclo finalizado. Total de atualizações enviadas: 0
2026-09-02T09:27:00.001-03:00  INFO 22468 --- [ecommerce] [scheduling-1] c.d.e.service.SincronizacaoService       : Lendo VW_ECOMMERCE_PRECOS no banco de dados...
2026-09-02T09:27:00.100-03:00  INFO 22468 --- [ecommerce] [scheduling-1] c.d.e.service.SincronizacaoService       : Ciclo finalizado. Total de atualizações enviadas: 0
2026-09-02T09:27:00.100-03:00  INFO 22468 --- [ecommerce] [scheduling-1] c.d.e.s.SincronizacaoEstoqueService      : [ESTOQUE] Lendo VW_ECOMMERCE_ESTOQUE no banco de dados...
2026-09-02T09:27:00.127-03:00  INFO 22468 --- [ecommerce] [scheduling-1] c.d.e.s.SincronizacaoEstoqueService      : [ESTOQUE] Ciclo finalizado. Total de atualizações enviadas: 0
2026-09-02T09:28:00.000-03:00  INFO 22468 --- [ecommerce] [scheduling-1] c.d.e.s.SincronizacaoEstoqueService      : [ESTOQUE] Lendo VW_ECOMMERCE_ESTOQUE no banco de dados...
2026-09-02T09:28:00.052-03:00  INFO 22468 --- [ecommerce] [scheduling-1] c.d.e.s.SincronizacaoEstoqueService      : [ESTOQUE] Ciclo finalizado. Total de atualizações enviadas: 0
2026-09-02T09:28:00.052-03:00  INFO 22468 --- [ecommerce] [scheduling-1] c.d.e.service.SincronizacaoService       : Lendo VW_ECOMMERCE_PRECOS no banco de dados...
2026-09-02T09:28:00.096-03:00  INFO 22468 --- [ecommerce] [scheduling-1] c.d.e.service.SincronizacaoService       : Ciclo finalizado. Total de atualizações enviadas: 0
2026-09-02T09:29:00.001-03:00  INFO 22468 --- [ecommerce] [scheduling-1] c.d.e.s.SincronizacaoEstoqueService      : [ESTOQUE] Lendo VW_ECOMMERCE_ESTOQUE no banco de dados...
2026-09-02T09:29:00.084-03:00  INFO 22468 --- [ecommerce] [scheduling-1] c.d.e.s.SincronizacaoEstoqueService      : [ESTOQUE] Ciclo finalizado. Total de atualizações enviadas: 0
2026-09-02T09:29:00.084-03:00  INFO 22468 --- [ecommerce] [scheduling-1] c.d.e.service.SincronizacaoService       : Lendo VW_ECOMMERCE_PRECOS no banco de dados...
2026-09-02T09:29:00.143-03:00  INFO 22468 --- [ecommerce] [scheduling-1] c.d.e.service.SincronizacaoService       : Ciclo finalizado. Total de atualizações enviadas: 0
2026-09-02T09:30:00.001-03:00  INFO 22468 --- [ecommerce] [scheduling-1] c.d.e.service.SincronizacaoService       : Lendo VW_ECOMMERCE_PRECOS no banco de dados...
2026-09-02T09:30:00.273-03:00  INFO 22468 --- [ecommerce] [scheduling-1] c.d.e.service.SincronizacaoService       : Ciclo finalizado. Total de atualizações enviadas: 0
2026-09-02T09:30:00.273-03:00  INFO 22468 --- [ecommerce] [scheduling-1] c.d.e.s.SincronizacaoEstoqueService      : [ESTOQUE] Lendo VW_ECOMMERCE_ESTOQUE no banco de dados...
2026-09-02T09:30:00.308-03:00  INFO 22468 --- [ecommerce] [scheduling-1] c.d.e.s.SincronizacaoEstoqueService      : [ESTOQUE] Ciclo finalizado. Total de atualizações enviadas: 0
2026-09-02T09:31:00.001-03:00  INFO 22468 --- [ecommerce] [scheduling-1] c.d.e.service.SincronizacaoService       : Lendo VW_ECOMMERCE_PRECOS no banco de dados...
2026-09-02T09:31:00.389-03:00  INFO 22468 --- [ecommerce] [scheduling-1] c.d.e.service.SincronizacaoService       : Ciclo finalizado. Total de atualizações enviadas: 0
2026-09-02T09:31:00.389-03:00  INFO 22468 --- [ecommerce] [scheduling-1] c.d.e.s.SincronizacaoEstoqueService      : [ESTOQUE] Lendo VW_ECOMMERCE_ESTOQUE no banco de dados...
2026-09-02T09:31:00.443-03:00  INFO 22468 --- [ecommerce] [scheduling-1] c.d.e.s.SincronizacaoEstoqueService      : [ESTOQUE] Ciclo finalizado. Total de atualizações enviadas: 0
2026-09-02T09:32:00.001-03:00  INFO 22468 --- [ecommerce] [scheduling-1] c.d.e.s.SincronizacaoEstoqueService      : [ESTOQUE] Lendo VW_ECOMMERCE_ESTOQUE no banco de dados...
2026-09-02T09:32:00.071-03:00  INFO 22468 --- [ecommerce] [scheduling-1] c.d.e.s.SincronizacaoEstoqueService      : [ESTOQUE] Ciclo finalizado. Total de atualizações enviadas: 0
2026-09-02T09:32:00.071-03:00  INFO 22468 --- [ecommerce] [scheduling-1] c.d.e.service.SincronizacaoService       : Lendo VW_ECOMMERCE_PRECOS no banco de dados...
2026-09-02T09:32:00.213-03:00  INFO 22468 --- [ecommerce] [scheduling-1] c.d.e.service.SincronizacaoService       : Ciclo finalizado. Total de atualizações enviadas: 0
2026-09-02T09:33:00.000-03:00  INFO 22468 --- [ecommerce] [scheduling-1] c.d.e.service.SincronizacaoService       : Lendo VW_ECOMMERCE_PRECOS no banco de dados...
2026-09-02T09:33:00.816-03:00  INFO 22468 --- [ecommerce] [scheduling-1] c.d.e.service.SincronizacaoService       : Traduzido RefId 8725529 para VTEX ID 1306. Enviando preço...
2026-09-02T09:33:01.383-03:00  INFO 22468 --- [ecommerce] [scheduling-1] c.d.e.service.SincronizacaoService       : Sucesso! Preço do RefId 8725529 atualizado na VTEX.
2026-09-02T09:33:01.384-03:00  INFO 22468 --- [ecommerce] [scheduling-1] c.d.e.service.SincronizacaoService       : Ciclo finalizado. Total de atualizações enviadas: 1
2026-09-02T09:33:01.384-03:00  INFO 22468 --- [ecommerce] [scheduling-1] c.d.e.s.SincronizacaoEstoqueService      : [ESTOQUE] Lendo VW_ECOMMERCE_ESTOQUE no banco de dados...
2026-09-02T09:33:01.408-03:00  INFO 22468 --- [ecommerce] [scheduling-1] c.d.e.s.SincronizacaoEstoqueService      : [ESTOQUE] Ciclo finalizado. Total de atualizações enviadas: 0
2026-09-02T09:34:00.000-03:00  INFO 22468 --- [ecommerce] [scheduling-1] c.d.e.s.SincronizacaoEstoqueService      : [ESTOQUE] Lendo VW_ECOMMERCE_ESTOQUE no banco de dados...
2026-09-02T09:34:00.049-03:00  INFO 22468 --- [ecommerce] [scheduling-1] c.d.e.s.SincronizacaoEstoqueService      : [ESTOQUE] Ciclo finalizado. Total de atualizações enviadas: 0
2026-09-02T09:34:00.050-03:00  INFO 22468 --- [ecommerce] [scheduling-1] c.d.e.service.SincronizacaoService       : Lendo VW_ECOMMERCE_PRECOS no banco de dados...
2026-09-02T09:34:00.218-03:00  INFO 22468 --- [ecommerce] [scheduling-1] c.d.e.service.SincronizacaoService       : Ciclo finalizado. Total de atualizações enviadas: 0
2026-09-02T09:34:59.999-03:00  INFO 22468 --- [ecommerce] [scheduling-1] c.d.e.s.SincronizacaoEstoqueService      : [ESTOQUE] Lendo VW_ECOMMERCE_ESTOQUE no banco de dados...
2026-09-02T09:35:00.095-03:00  INFO 22468 --- [ecommerce] [scheduling-1] c.d.e.s.SincronizacaoEstoqueService      : [ESTOQUE] Ciclo finalizado. Total de atualizações enviadas: 0
2026-09-02T09:35:00.096-03:00  INFO 22468 --- [ecommerce] [scheduling-1] c.d.e.service.SincronizacaoService       : Lendo VW_ECOMMERCE_PRECOS no banco de dados...
2026-09-02T09:35:00.143-03:00  INFO 22468 --- [ecommerce] [scheduling-1] c.d.e.service.SincronizacaoService       : Ciclo finalizado. Total de atualizações enviadas: 0
2026-09-02T09:35:59.999-03:00  INFO 22468 --- [ecommerce] [scheduling-1] c.d.e.s.SincronizacaoEstoqueService      : [ESTOQUE] Lendo VW_ECOMMERCE_ESTOQUE no banco de dados...
2026-09-02T09:36:00.052-03:00  INFO 22468 --- [ecommerce] [scheduling-1] c.d.e.s.SincronizacaoEstoqueService      : [ESTOQUE] Ciclo finalizado. Total de atualizações enviadas: 0
2026-09-02T09:36:00.053-03:00  INFO 22468 --- [ecommerce] [scheduling-1] c.d.e.service.SincronizacaoService       : Lendo VW_ECOMMERCE_PRECOS no banco de dados...
2026-09-02T09:36:00.099-03:00  INFO 22468 --- [ecommerce] [scheduling-1] c.d.e.service.SincronizacaoService       : Ciclo finalizado. Total de atualizações enviadas: 0
2026-09-02T09:37:00.000-03:00  INFO 22468 --- [ecommerce] [scheduling-1] c.d.e.service.SincronizacaoService       : Lendo VW_ECOMMERCE_PRECOS no banco de dados...
2026-09-02T09:37:00.162-03:00  INFO 22468 --- [ecommerce] [scheduling-1] c.d.e.service.SincronizacaoService       : Ciclo finalizado. Total de atualizações enviadas: 0
2026-09-02T09:37:00.162-03:00  INFO 22468 --- [ecommerce] [scheduling-1] c.d.e.s.SincronizacaoEstoqueService      : [ESTOQUE] Lendo VW_ECOMMERCE_ESTOQUE no banco de dados...
2026-09-02T09:37:00.191-03:00  INFO 22468 --- [ecommerce] [scheduling-1] c.d.e.s.SincronizacaoEstoqueService      : [ESTOQUE] Ciclo finalizado. Total de atualizações enviadas: 0
2026-09-02T09:38:00.000-03:00  INFO 22468 --- [ecommerce] [scheduling-1] c.d.e.service.SincronizacaoService       : Lendo VW_ECOMMERCE_PRECOS no banco de dados...
2026-09-02T09:38:00.414-03:00  INFO 22468 --- [ecommerce] [scheduling-1] c.d.e.service.SincronizacaoService       : Ciclo finalizado. Total de atualizações enviadas: 0
2026-09-02T09:38:00.414-03:00  INFO 22468 --- [ecommerce] [scheduling-1] c.d.e.s.SincronizacaoEstoqueService      : [ESTOQUE] Lendo VW_ECOMMERCE_ESTOQUE no banco de dados...
2026-09-02T09:38:00.454-03:00  INFO 22468 --- [ecommerce] [scheduling-1] c.d.e.s.SincronizacaoEstoqueService      : [ESTOQUE] Ciclo finalizado. Total de atualizações enviadas: 0
2026-09-02T09:39:00.000-03:00  INFO 22468 --- [ecommerce] [scheduling-1] c.d.e.s.SincronizacaoEstoqueService      : [ESTOQUE] Lendo VW_ECOMMERCE_ESTOQUE no banco de dados...
2026-09-02T09:39:00.082-03:00  INFO 22468 --- [ecommerce] [scheduling-1] c.d.e.s.SincronizacaoEstoqueService      : [ESTOQUE] Ciclo finalizado. Total de atualizações enviadas: 0
2026-09-02T09:39:00.082-03:00  INFO 22468 --- [ecommerce] [scheduling-1] c.d.e.service.SincronizacaoService       : Lendo VW_ECOMMERCE_PRECOS no banco de dados...
2026-09-02T09:39:00.173-03:00  INFO 22468 --- [ecommerce] [scheduling-1] c.d.e.service.SincronizacaoService       : Ciclo finalizado. Total de atualizações enviadas: 0
2026-09-02T09:40:00.000-03:00  INFO 22468 --- [ecommerce] [scheduling-1] c.d.e.service.SincronizacaoService       : Lendo VW_ECOMMERCE_PRECOS no banco de dados...
2026-09-02T09:40:00.392-03:00  INFO 22468 --- [ecommerce] [scheduling-1] c.d.e.service.SincronizacaoService       : Ciclo finalizado. Total de atualizações enviadas: 0
2026-09-02T09:40:00.392-03:00  INFO 22468 --- [ecommerce] [scheduling-1] c.d.e.s.SincronizacaoEstoqueService      : [ESTOQUE] Lendo VW_ECOMMERCE_ESTOQUE no banco de dados...
2026-09-02T09:40:00.501-03:00  INFO 22468 --- [ecommerce] [scheduling-1] c.d.e.s.SincronizacaoEstoqueService      : [ESTOQUE] Ciclo finalizado. Total de atualizações enviadas: 0
2026-09-02T09:41:00.000-03:00  INFO 22468 --- [ecommerce] [scheduling-1] c.d.e.service.SincronizacaoService       : Lendo VW_ECOMMERCE_PRECOS no banco de dados...
2026-09-02T09:41:00.051-03:00  INFO 22468 --- [ecommerce] [scheduling-1] c.d.e.service.SincronizacaoService       : Ciclo finalizado. Total de atualizações enviadas: 0
2026-09-02T09:41:00.051-03:00  INFO 22468 --- [ecommerce] [scheduling-1] c.d.e.s.SincronizacaoEstoqueService      : [ESTOQUE] Lendo VW_ECOMMERCE_ESTOQUE no banco de dados...
2026-09-02T09:41:00.070-03:00  INFO 22468 --- [ecommerce] [scheduling-1] c.d.e.s.SincronizacaoEstoqueService      : [ESTOQUE] Ciclo finalizado. Total de atualizações enviadas: 0
2026-09-02T09:42:00.000-03:00  INFO 22468 --- [ecommerce] [scheduling-1] c.d.e.s.SincronizacaoEstoqueService      : [ESTOQUE] Lendo VW_ECOMMERCE_ESTOQUE no banco de dados...
2026-09-02T09:42:00.031-03:00  INFO 22468 --- [ecommerce] [scheduling-1] c.d.e.s.SincronizacaoEstoqueService      : [ESTOQUE] Ciclo finalizado. Total de atualizações enviadas: 0
2026-09-02T09:42:00.031-03:00  INFO 22468 --- [ecommerce] [scheduling-1] c.d.e.service.SincronizacaoService       : Lendo VW_ECOMMERCE_PRECOS no banco de dados...
2026-09-02T09:42:00.082-03:00  INFO 22468 --- [ecommerce] [scheduling-1] c.d.e.service.SincronizacaoService       : Ciclo finalizado. Total de atualizações enviadas: 0
2026-09-02T09:43:00.000-03:00  INFO 22468 --- [ecommerce] [scheduling-1] c.d.e.s.SincronizacaoEstoqueService      : [ESTOQUE] Lendo VW_ECOMMERCE_ESTOQUE no banco de dados...
2026-09-02T09:43:00.083-03:00  INFO 22468 --- [ecommerce] [scheduling-1] c.d.e.s.SincronizacaoEstoqueService      : [ESTOQUE] Ciclo finalizado. Total de atualizações enviadas: 0
2026-09-02T09:43:00.083-03:00  INFO 22468 --- [ecommerce] [scheduling-1] c.d.e.service.SincronizacaoService       : Lendo VW_ECOMMERCE_PRECOS no banco de dados...
2026-09-02T09:43:00.154-03:00  INFO 22468 --- [ecommerce] [scheduling-1] c.d.e.service.SincronizacaoService       : Ciclo finalizado. Total de atualizações enviadas: 0
2026-09-02T09:44:00.000-03:00  INFO 22468 --- [ecommerce] [scheduling-1] c.d.e.service.SincronizacaoService       : Lendo VW_ECOMMERCE_PRECOS no banco de dados...
2026-09-02T09:44:00.099-03:00  INFO 22468 --- [ecommerce] [scheduling-1] c.d.e.service.SincronizacaoService       : Ciclo finalizado. Total de atualizações enviadas: 0
2026-09-02T09:44:00.100-03:00  INFO 22468 --- [ecommerce] [scheduling-1] c.d.e.s.SincronizacaoEstoqueService      : [ESTOQUE] Lendo VW_ECOMMERCE_ESTOQUE no banco de dados...
2026-09-02T09:44:00.120-03:00  INFO 22468 --- [ecommerce] [scheduling-1] c.d.e.s.SincronizacaoEstoqueService      : [ESTOQUE] Ciclo finalizado. Total de atualizações enviadas: 0
2026-09-02T09:44:59.999-03:00  INFO 22468 --- [ecommerce] [scheduling-1] c.d.e.service.SincronizacaoService       : Lendo VW_ECOMMERCE_PRECOS no banco de dados...
2026-09-02T09:45:00.055-03:00  INFO 22468 --- [ecommerce] [scheduling-1] c.d.e.service.SincronizacaoService       : Ciclo finalizado. Total de atualizações enviadas: 0
2026-09-02T09:45:00.055-03:00  INFO 22468 --- [ecommerce] [scheduling-1] c.d.e.s.SincronizacaoEstoqueService      : [ESTOQUE] Lendo VW_ECOMMERCE_ESTOQUE no banco de dados...
2026-09-02T09:45:00.087-03:00  INFO 22468 --- [ecommerce] [scheduling-1] c.d.e.s.SincronizacaoEstoqueService      : [ESTOQUE] Ciclo finalizado. Total de atualizações enviadas: 0
2026-09-02T09:46:00.000-03:00  INFO 22468 --- [ecommerce] [scheduling-1] c.d.e.s.SincronizacaoEstoqueService      : [ESTOQUE] Lendo VW_ECOMMERCE_ESTOQUE no banco de dados...
2026-09-02T09:46:00.098-03:00  INFO 22468 --- [ecommerce] [scheduling-1] c.d.e.s.SincronizacaoEstoqueService      : [ESTOQUE] Ciclo finalizado. Total de atualizações enviadas: 0
2026-09-02T09:46:00.098-03:00  INFO 22468 --- [ecommerce] [scheduling-1] c.d.e.service.SincronizacaoService       : Lendo VW_ECOMMERCE_PRECOS no banco de dados...
2026-09-02T09:46:00.190-03:00  INFO 22468 --- [ecommerce] [scheduling-1] c.d.e.service.SincronizacaoService       : Ciclo finalizado. Total de atualizações enviadas: 0
2026-09-02T09:47:00.000-03:00  INFO 22468 --- [ecommerce] [scheduling-1] c.d.e.s.SincronizacaoEstoqueService      : [ESTOQUE] Lendo VW_ECOMMERCE_ESTOQUE no banco de dados...
2026-09-02T09:47:00.052-03:00  INFO 22468 --- [ecommerce] [scheduling-1] c.d.e.s.SincronizacaoEstoqueService      : [ESTOQUE] Ciclo finalizado. Total de atualizações enviadas: 0
2026-09-02T09:47:00.052-03:00  INFO 22468 --- [ecommerce] [scheduling-1] c.d.e.service.SincronizacaoService       : Lendo VW_ECOMMERCE_PRECOS no banco de dados...
2026-09-02T09:47:00.120-03:00  INFO 22468 --- [ecommerce] [scheduling-1] c.d.e.service.SincronizacaoService       : Ciclo finalizado. Total de atualizações enviadas: 0
2026-09-02T09:48:00.000-03:00  INFO 22468 --- [ecommerce] [scheduling-1] c.d.e.service.SincronizacaoService       : Lendo VW_ECOMMERCE_PRECOS no banco de dados...
2026-09-02T09:48:00.250-03:00  INFO 22468 --- [ecommerce] [scheduling-1] c.d.e.service.SincronizacaoService       : Ciclo finalizado. Total de atualizações enviadas: 0
2026-09-02T09:48:00.250-03:00  INFO 22468 --- [ecommerce] [scheduling-1] c.d.e.s.SincronizacaoEstoqueService      : [ESTOQUE] Lendo VW_ECOMMERCE_ESTOQUE no banco de dados...
2026-09-02T09:48:00.305-03:00  INFO 22468 --- [ecommerce] [scheduling-1] c.d.e.s.SincronizacaoEstoqueService      : [ESTOQUE] Ciclo finalizado. Total de atualizações enviadas: 0
2026-09-02T09:49:00.000-03:00  INFO 22468 --- [ecommerce] [scheduling-1] c.d.e.s.SincronizacaoEstoqueService      : [ESTOQUE] Lendo VW_ECOMMERCE_ESTOQUE no banco de dados...
2026-09-02T09:49:00.053-03:00  INFO 22468 --- [ecommerce] [scheduling-1] c.d.e.s.SincronizacaoEstoqueService      : [ESTOQUE] Ciclo finalizado. Total de atualizações enviadas: 0
2026-09-02T09:49:00.053-03:00  INFO 22468 --- [ecommerce] [scheduling-1] c.d.e.service.SincronizacaoService       : Lendo VW_ECOMMERCE_PRECOS no banco de dados...
2026-09-02T09:49:00.156-03:00  INFO 22468 --- [ecommerce] [scheduling-1] c.d.e.service.SincronizacaoService       : Ciclo finalizado. Total de atualizações enviadas: 0
2026-09-02T09:50:00.001-03:00  INFO 22468 --- [ecommerce] [scheduling-1] c.d.e.s.SincronizacaoEstoqueService      : [ESTOQUE] Lendo VW_ECOMMERCE_ESTOQUE no banco de dados...
2026-09-02T09:50:00.053-03:00  INFO 22468 --- [ecommerce] [scheduling-1] c.d.e.s.SincronizacaoEstoqueService      : [ESTOQUE] Ciclo finalizado. Total de atualizações enviadas: 0
2026-09-02T09:50:00.053-03:00  INFO 22468 --- [ecommerce] [scheduling-1] c.d.e.service.SincronizacaoService       : Lendo VW_ECOMMERCE_PRECOS no banco de dados...
2026-09-02T09:50:00.185-03:00  INFO 22468 --- [ecommerce] [scheduling-1] c.d.e.service.SincronizacaoService       : Ciclo finalizado. Total de atualizações enviadas: 0
2026-09-02T09:51:00.000-03:00  INFO 22468 --- [ecommerce] [scheduling-1] c.d.e.service.SincronizacaoService       : Lendo VW_ECOMMERCE_PRECOS no banco de dados...
2026-09-02T09:51:00.168-03:00  INFO 22468 --- [ecommerce] [scheduling-1] c.d.e.service.SincronizacaoService       : Ciclo finalizado. Total de atualizações enviadas: 0
2026-09-02T09:51:00.168-03:00  INFO 22468 --- [ecommerce] [scheduling-1] c.d.e.s.SincronizacaoEstoqueService      : [ESTOQUE] Lendo VW_ECOMMERCE_ESTOQUE no banco de dados...
2026-09-02T09:51:00.200-03:00  INFO 22468 --- [ecommerce] [scheduling-1] c.d.e.s.SincronizacaoEstoqueService      : [ESTOQUE] Ciclo finalizado. Total de atualizações enviadas: 0
2026-09-02T09:52:00.000-03:00  INFO 22468 --- [ecommerce] [scheduling-1] c.d.e.s.SincronizacaoEstoqueService      : [ESTOQUE] Lendo VW_ECOMMERCE_ESTOQUE no banco de dados...
2026-09-02T09:52:00.040-03:00  INFO 22468 --- [ecommerce] [scheduling-1] c.d.e.s.SincronizacaoEstoqueService      : [ESTOQUE] Ciclo finalizado. Total de atualizações enviadas: 0
2026-09-02T09:52:00.041-03:00  INFO 22468 --- [ecommerce] [scheduling-1] c.d.e.service.SincronizacaoService       : Lendo VW_ECOMMERCE_PRECOS no banco de dados...
2026-09-02T09:52:00.087-03:00  INFO 22468 --- [ecommerce] [scheduling-1] c.d.e.service.SincronizacaoService       : Ciclo finalizado. Total de atualizações enviadas: 0
2026-09-02T09:53:00.000-03:00  INFO 22468 --- [ecommerce] [scheduling-1] c.d.e.s.SincronizacaoEstoqueService      : [ESTOQUE] Lendo VW_ECOMMERCE_ESTOQUE no banco de dados...
2026-09-02T09:53:00.028-03:00  INFO 22468 --- [ecommerce] [scheduling-1] c.d.e.s.SincronizacaoEstoqueService      : [ESTOQUE] Ciclo finalizado. Total de atualizações enviadas: 0
2026-09-02T09:53:00.028-03:00  INFO 22468 --- [ecommerce] [scheduling-1] c.d.e.service.SincronizacaoService       : Lendo VW_ECOMMERCE_PRECOS no banco de dados...
2026-09-02T09:53:00.073-03:00  INFO 22468 --- [ecommerce] [scheduling-1] c.d.e.service.SincronizacaoService       : Ciclo finalizado. Total de atualizações enviadas: 0
2026-09-02T09:53:59.999-03:00  INFO 22468 --- [ecommerce] [scheduling-1] c.d.e.s.SincronizacaoEstoqueService      : [ESTOQUE] Lendo VW_ECOMMERCE_ESTOQUE no banco de dados...
2026-09-02T09:54:00.076-03:00  INFO 22468 --- [ecommerce] [scheduling-1] c.d.e.s.SincronizacaoEstoqueService      : [ESTOQUE] Ciclo finalizado. Total de atualizações enviadas: 0
2026-09-02T09:54:00.076-03:00  INFO 22468 --- [ecommerce] [scheduling-1] c.d.e.service.SincronizacaoService       : Lendo VW_ECOMMERCE_PRECOS no banco de dados...
2026-09-02T09:54:00.123-03:00  INFO 22468 --- [ecommerce] [scheduling-1] c.d.e.service.SincronizacaoService       : Ciclo finalizado. Total de atualizações enviadas: 0
2026-09-02T09:55:00.000-03:00  INFO 22468 --- [ecommerce] [scheduling-1] c.d.e.s.SincronizacaoEstoqueService      : [ESTOQUE] Lendo VW_ECOMMERCE_ESTOQUE no banco de dados...
2026-09-02T09:55:00.040-03:00  INFO 22468 --- [ecommerce] [scheduling-1] c.d.e.s.SincronizacaoEstoqueService      : [ESTOQUE] Ciclo finalizado. Total de atualizações enviadas: 0
2026-09-02T09:55:00.057-03:00  INFO 22468 --- [ecommerce] [scheduling-1] c.d.e.service.SincronizacaoService       : Lendo VW_ECOMMERCE_PRECOS no banco de dados...
2026-09-02T09:55:00.101-03:00  INFO 22468 --- [ecommerce] [scheduling-1] c.d.e.service.SincronizacaoService       : Ciclo finalizado. Total de atualizações enviadas: 0
2026-09-02T09:56:00.000-03:00  INFO 22468 --- [ecommerce] [scheduling-1] c.d.e.s.SincronizacaoEstoqueService      : [ESTOQUE] Lendo VW_ECOMMERCE_ESTOQUE no banco de dados...
2026-09-02T09:56:00.048-03:00  INFO 22468 --- [ecommerce] [scheduling-1] c.d.e.s.SincronizacaoEstoqueService      : [ESTOQUE] Ciclo finalizado. Total de atualizações enviadas: 0
2026-09-02T09:56:00.048-03:00  INFO 22468 --- [ecommerce] [scheduling-1] c.d.e.service.SincronizacaoService       : Lendo VW_ECOMMERCE_PRECOS no banco de dados...
2026-09-02T09:56:00.129-03:00  INFO 22468 --- [ecommerce] [scheduling-1] c.d.e.service.SincronizacaoService       : Ciclo finalizado. Total de atualizações enviadas: 0
2026-09-02T09:57:00.000-03:00  INFO 22468 --- [ecommerce] [scheduling-1] c.d.e.s.SincronizacaoEstoqueService      : [ESTOQUE] Lendo VW_ECOMMERCE_ESTOQUE no banco de dados...
2026-09-02T09:57:00.080-03:00  INFO 22468 --- [ecommerce] [scheduling-1] c.d.e.s.SincronizacaoEstoqueService      : [ESTOQUE] Ciclo finalizado. Total de atualizações enviadas: 0
2026-09-02T09:57:00.080-03:00  INFO 22468 --- [ecommerce] [scheduling-1] c.d.e.service.SincronizacaoService       : Lendo VW_ECOMMERCE_PRECOS no banco de dados...
2026-09-02T09:57:00.156-03:00  INFO 22468 --- [ecommerce] [scheduling-1] c.d.e.service.SincronizacaoService       : Ciclo finalizado. Total de atualizações enviadas: 0
2026-09-02T09:58:00.000-03:00  INFO 22468 --- [ecommerce] [scheduling-1] c.d.e.service.SincronizacaoService       : Lendo VW_ECOMMERCE_PRECOS no banco de dados...
2026-09-02T09:58:00.439-03:00  INFO 22468 --- [ecommerce] [scheduling-1] c.d.e.service.SincronizacaoService       : Ciclo finalizado. Total de atualizações enviadas: 0
2026-09-02T09:58:00.439-03:00  INFO 22468 --- [ecommerce] [scheduling-1] c.d.e.s.SincronizacaoEstoqueService      : [ESTOQUE] Lendo VW_ECOMMERCE_ESTOQUE no banco de dados...
2026-09-02T09:58:00.538-03:00  INFO 22468 --- [ecommerce] [scheduling-1] c.d.e.s.SincronizacaoEstoqueService      : [ESTOQUE] Ciclo finalizado. Total de atualizações enviadas: 0
2026-09-02T09:58:59.999-03:00  INFO 22468 --- [ecommerce] [scheduling-1] c.d.e.s.SincronizacaoEstoqueService      : [ESTOQUE] Lendo VW_ECOMMERCE_ESTOQUE no banco de dados...
2026-09-02T09:59:00.121-03:00  INFO 22468 --- [ecommerce] [scheduling-1] c.d.e.s.SincronizacaoEstoqueService      : [ESTOQUE] Ciclo finalizado. Total de atualizações enviadas: 0
2026-09-02T09:59:00.121-03:00  INFO 22468 --- [ecommerce] [scheduling-1] c.d.e.service.SincronizacaoService       : Lendo VW_ECOMMERCE_PRECOS no banco de dados...
2026-09-02T09:59:00.360-03:00  INFO 22468 --- [ecommerce] [scheduling-1] c.d.e.service.SincronizacaoService       : Ciclo finalizado. Total de atualizações enviadas: 0
2026-09-02T09:59:59.999-03:00  INFO 22468 --- [ecommerce] [scheduling-1] c.d.e.s.SincronizacaoEstoqueService      : [ESTOQUE] Lendo VW_ECOMMERCE_ESTOQUE no banco de dados...
2026-09-02T10:00:00.075-03:00  INFO 22468 --- [ecommerce] [scheduling-1] c.d.e.s.SincronizacaoEstoqueService      : [ESTOQUE] Ciclo finalizado. Total de atualizações enviadas: 0
2026-09-02T10:00:00.075-03:00  INFO 22468 --- [ecommerce] [scheduling-1] c.d.e.service.SincronizacaoService       : Lendo VW_ECOMMERCE_PRECOS no banco de dados...
2026-09-02T10:00:00.300-03:00  INFO 22468 --- [ecommerce] [scheduling-1] c.d.e.service.SincronizacaoService       : Ciclo finalizado. Total de atualizações enviadas: 0
2026-09-02T10:01:00.000-03:00  INFO 22468 --- [ecommerce] [scheduling-1] c.d.e.service.SincronizacaoService       : Lendo VW_ECOMMERCE_PRECOS no banco de dados...
2026-09-02T10:01:00.496-03:00  INFO 22468 --- [ecommerce] [scheduling-1] c.d.e.service.SincronizacaoService       : Ciclo finalizado. Total de atualizações enviadas: 0
2026-09-02T10:01:00.497-03:00  INFO 22468 --- [ecommerce] [scheduling-1] c.d.e.s.SincronizacaoEstoqueService      : [ESTOQUE] Lendo VW_ECOMMERCE_ESTOQUE no banco de dados...
2026-09-02T10:01:00.596-03:00  INFO 22468 --- [ecommerce] [scheduling-1] c.d.e.s.SincronizacaoEstoqueService      : [ESTOQUE] Ciclo finalizado. Total de atualizações enviadas: 0
2026-09-02T10:02:00.001-03:00  INFO 22468 --- [ecommerce] [scheduling-1] c.d.e.service.SincronizacaoService       : Lendo VW_ECOMMERCE_PRECOS no banco de dados...
2026-09-02T10:02:00.066-03:00  INFO 22468 --- [ecommerce] [scheduling-1] c.d.e.service.SincronizacaoService       : Ciclo finalizado. Total de atualizações enviadas: 0
2026-09-02T10:02:00.066-03:00  INFO 22468 --- [ecommerce] [scheduling-1] c.d.e.s.SincronizacaoEstoqueService      : [ESTOQUE] Lendo VW_ECOMMERCE_ESTOQUE no banco de dados...
2026-09-02T10:02:00.097-03:00  INFO 22468 --- [ecommerce] [scheduling-1] c.d.e.s.SincronizacaoEstoqueService      : [ESTOQUE] Ciclo finalizado. Total de atualizações enviadas: 0
2026-09-02T10:03:00.000-03:00  INFO 22468 --- [ecommerce] [scheduling-1] c.d.e.s.SincronizacaoEstoqueService      : [ESTOQUE] Lendo VW_ECOMMERCE_ESTOQUE no banco de dados...
2026-09-02T10:03:00.103-03:00  INFO 22468 --- [ecommerce] [scheduling-1] c.d.e.s.SincronizacaoEstoqueService      : [ESTOQUE] Ciclo finalizado. Total de atualizações enviadas: 0
2026-09-02T10:03:00.103-03:00  INFO 22468 --- [ecommerce] [scheduling-1] c.d.e.service.SincronizacaoService       : Lendo VW_ECOMMERCE_PRECOS no banco de dados...
2026-09-02T10:03:00.390-03:00  INFO 22468 --- [ecommerce] [scheduling-1] c.d.e.service.SincronizacaoService       : Ciclo finalizado. Total de atualizações enviadas: 0
2026-09-02T10:04:00.000-03:00  INFO 22468 --- [ecommerce] [scheduling-1] c.d.e.service.SincronizacaoService       : Lendo VW_ECOMMERCE_PRECOS no banco de dados...
2026-09-02T10:04:00.361-03:00  INFO 22468 --- [ecommerce] [scheduling-1] c.d.e.service.SincronizacaoService       : Ciclo finalizado. Total de atualizações enviadas: 0
2026-09-02T10:04:00.361-03:00  INFO 22468 --- [ecommerce] [scheduling-1] c.d.e.s.SincronizacaoEstoqueService      : [ESTOQUE] Lendo VW_ECOMMERCE_ESTOQUE no banco de dados...
2026-09-02T10:04:00.425-03:00  INFO 22468 --- [ecommerce] [scheduling-1] c.d.e.s.SincronizacaoEstoqueService      : [ESTOQUE] Ciclo finalizado. Total de atualizações enviadas: 0
2026-09-02T10:05:00.000-03:00  INFO 22468 --- [ecommerce] [scheduling-1] c.d.e.s.SincronizacaoEstoqueService      : [ESTOQUE] Lendo VW_ECOMMERCE_ESTOQUE no banco de dados...
2026-09-02T10:05:00.055-03:00  INFO 22468 --- [ecommerce] [scheduling-1] c.d.e.s.SincronizacaoEstoqueService      : [ESTOQUE] Ciclo finalizado. Total de atualizações enviadas: 0
2026-09-02T10:05:00.056-03:00  INFO 22468 --- [ecommerce] [scheduling-1] c.d.e.service.SincronizacaoService       : Lendo VW_ECOMMERCE_PRECOS no banco de dados...
2026-09-02T10:05:00.205-03:00  INFO 22468 --- [ecommerce] [scheduling-1] c.d.e.service.SincronizacaoService       : Ciclo finalizado. Total de atualizações enviadas: 0
2026-09-02T10:06:00.001-03:00  INFO 22468 --- [ecommerce] [scheduling-1] c.d.e.s.SincronizacaoEstoqueService      : [ESTOQUE] Lendo VW_ECOMMERCE_ESTOQUE no banco de dados...
2026-09-02T10:06:00.092-03:00  INFO 22468 --- [ecommerce] [scheduling-1] c.d.e.s.SincronizacaoEstoqueService      : [ESTOQUE] Ciclo finalizado. Total de atualizações enviadas: 0
2026-09-02T10:06:00.092-03:00  INFO 22468 --- [ecommerce] [scheduling-1] c.d.e.service.SincronizacaoService       : Lendo VW_ECOMMERCE_PRECOS no banco de dados...
2026-09-02T10:06:00.328-03:00  INFO 22468 --- [ecommerce] [scheduling-1] c.d.e.service.SincronizacaoService       : Ciclo finalizado. Total de atualizações enviadas: 0
2026-09-02T10:07:00.000-03:00  INFO 22468 --- [ecommerce] [scheduling-1] c.d.e.service.SincronizacaoService       : Lendo VW_ECOMMERCE_PRECOS no banco de dados...
2026-09-02T10:07:00.057-03:00  INFO 22468 --- [ecommerce] [scheduling-1] c.d.e.service.SincronizacaoService       : Ciclo finalizado. Total de atualizações enviadas: 0
2026-09-02T10:07:00.058-03:00  INFO 22468 --- [ecommerce] [scheduling-1] c.d.e.s.SincronizacaoEstoqueService      : [ESTOQUE] Lendo VW_ECOMMERCE_ESTOQUE no banco de dados...
2026-09-02T10:07:00.089-03:00  INFO 22468 --- [ecommerce] [scheduling-1] c.d.e.s.SincronizacaoEstoqueService      : [ESTOQUE] Ciclo finalizado. Total de atualizações enviadas: 0
2026-09-02T10:07:59.999-03:00  INFO 22468 --- [ecommerce] [scheduling-1] c.d.e.s.SincronizacaoEstoqueService      : [ESTOQUE] Lendo VW_ECOMMERCE_ESTOQUE no banco de dados...
2026-09-02T10:08:00.090-03:00  INFO 22468 --- [ecommerce] [scheduling-1] c.d.e.s.SincronizacaoEstoqueService      : [ESTOQUE] Ciclo finalizado. Total de atualizações enviadas: 0
2026-09-02T10:08:00.091-03:00  INFO 22468 --- [ecommerce] [scheduling-1] c.d.e.service.SincronizacaoService       : Lendo VW_ECOMMERCE_PRECOS no banco de dados...
2026-09-02T10:08:00.169-03:00  INFO 22468 --- [ecommerce] [scheduling-1] c.d.e.service.SincronizacaoService       : Ciclo finalizado. Total de atualizações enviadas: 0
2026-09-02T10:09:00.000-03:00  INFO 22468 --- [ecommerce] [scheduling-1] c.d.e.service.SincronizacaoService       : Lendo VW_ECOMMERCE_PRECOS no banco de dados...
2026-09-02T10:09:00.675-03:00  INFO 22468 --- [ecommerce] [scheduling-1] c.d.e.service.SincronizacaoService       : Ciclo finalizado. Total de atualizações enviadas: 0
2026-09-02T10:09:00.676-03:00  INFO 22468 --- [ecommerce] [scheduling-1] c.d.e.s.SincronizacaoEstoqueService      : [ESTOQUE] Lendo VW_ECOMMERCE_ESTOQUE no banco de dados...
2026-09-02T10:09:00.775-03:00  INFO 22468 --- [ecommerce] [scheduling-1] c.d.e.s.SincronizacaoEstoqueService      : [ESTOQUE] Ciclo finalizado. Total de atualizações enviadas: 0
2026-09-02T10:10:00.000-03:00  INFO 22468 --- [ecommerce] [scheduling-1] c.d.e.service.SincronizacaoService       : Lendo VW_ECOMMERCE_PRECOS no banco de dados...
2026-09-02T10:10:00.127-03:00  INFO 22468 --- [ecommerce] [scheduling-1] c.d.e.service.SincronizacaoService       : Ciclo finalizado. Total de atualizações enviadas: 0
2026-09-02T10:10:00.127-03:00  INFO 22468 --- [ecommerce] [scheduling-1] c.d.e.s.SincronizacaoEstoqueService      : [ESTOQUE] Lendo VW_ECOMMERCE_ESTOQUE no banco de dados...
2026-09-02T10:10:00.147-03:00  INFO 22468 --- [ecommerce] [scheduling-1] c.d.e.s.SincronizacaoEstoqueService      : [ESTOQUE] Ciclo finalizado. Total de atualizações enviadas: 0
2026-09-02T10:11:00.000-03:00  INFO 22468 --- [ecommerce] [scheduling-1] c.d.e.s.SincronizacaoEstoqueService      : [ESTOQUE] Lendo VW_ECOMMERCE_ESTOQUE no banco de dados...
2026-09-02T10:11:00.081-03:00  INFO 22468 --- [ecommerce] [scheduling-1] c.d.e.s.SincronizacaoEstoqueService      : [ESTOQUE] Ciclo finalizado. Total de atualizações enviadas: 0
2026-09-02T10:11:00.081-03:00  INFO 22468 --- [ecommerce] [scheduling-1] c.d.e.service.SincronizacaoService       : Lendo VW_ECOMMERCE_PRECOS no banco de dados...
2026-09-02T10:11:00.235-03:00  INFO 22468 --- [ecommerce] [scheduling-1] c.d.e.service.SincronizacaoService       : Ciclo finalizado. Total de atualizações enviadas: 0
2026-09-02T10:12:00.000-03:00  INFO 22468 --- [ecommerce] [scheduling-1] c.d.e.service.SincronizacaoService       : Lendo VW_ECOMMERCE_PRECOS no banco de dados...
2026-09-02T10:12:00.099-03:00  INFO 22468 --- [ecommerce] [scheduling-1] c.d.e.service.SincronizacaoService       : Ciclo finalizado. Total de atualizações enviadas: 0
2026-09-02T10:12:00.100-03:00  INFO 22468 --- [ecommerce] [scheduling-1] c.d.e.s.SincronizacaoEstoqueService      : [ESTOQUE] Lendo VW_ECOMMERCE_ESTOQUE no banco de dados...
2026-09-02T10:12:00.120-03:00  INFO 22468 --- [ecommerce] [scheduling-1] c.d.e.s.SincronizacaoEstoqueService      : [ESTOQUE] Ciclo finalizado. Total de atualizações enviadas: 0
2026-09-02T10:13:00.000-03:00  INFO 22468 --- [ecommerce] [scheduling-1] c.d.e.service.SincronizacaoService       : Lendo VW_ECOMMERCE_PRECOS no banco de dados...
2026-09-02T10:13:00.366-03:00  INFO 22468 --- [ecommerce] [scheduling-1] c.d.e.service.SincronizacaoService       : Ciclo finalizado. Total de atualizações enviadas: 0
2026-09-02T10:13:00.367-03:00  INFO 22468 --- [ecommerce] [scheduling-1] c.d.e.s.SincronizacaoEstoqueService      : [ESTOQUE] Lendo VW_ECOMMERCE_ESTOQUE no banco de dados...
2026-09-02T10:13:00.441-03:00  INFO 22468 --- [ecommerce] [scheduling-1] c.d.e.s.SincronizacaoEstoqueService      : [ESTOQUE] Ciclo finalizado. Total de atualizações enviadas: 0
2026-09-02T10:14:00.000-03:00  INFO 22468 --- [ecommerce] [scheduling-1] c.d.e.s.SincronizacaoEstoqueService      : [ESTOQUE] Lendo VW_ECOMMERCE_ESTOQUE no banco de dados...
2026-09-02T10:14:00.073-03:00  INFO 22468 --- [ecommerce] [scheduling-1] c.d.e.s.SincronizacaoEstoqueService      : [ESTOQUE] Ciclo finalizado. Total de atualizações enviadas: 0
2026-09-02T10:14:00.073-03:00  INFO 22468 --- [ecommerce] [scheduling-1] c.d.e.service.SincronizacaoService       : Lendo VW_ECOMMERCE_PRECOS no banco de dados...
2026-09-02T10:14:00.144-03:00  INFO 22468 --- [ecommerce] [scheduling-1] c.d.e.service.SincronizacaoService       : Ciclo finalizado. Total de atualizações enviadas: 0
2026-09-02T10:15:00.000-03:00  INFO 22468 --- [ecommerce] [scheduling-1] c.d.e.service.SincronizacaoService       : Lendo VW_ECOMMERCE_PRECOS no banco de dados...
2026-09-02T10:15:00.150-03:00  INFO 22468 --- [ecommerce] [scheduling-1] c.d.e.service.SincronizacaoService       : Ciclo finalizado. Total de atualizações enviadas: 0
2026-09-02T10:15:00.150-03:00  INFO 22468 --- [ecommerce] [scheduling-1] c.d.e.s.SincronizacaoEstoqueService      : [ESTOQUE] Lendo VW_ECOMMERCE_ESTOQUE no banco de dados...
2026-09-02T10:15:00.196-03:00  INFO 22468 --- [ecommerce] [scheduling-1] c.d.e.s.SincronizacaoEstoqueService      : [ESTOQUE] Ciclo finalizado. Total de atualizações enviadas: 0
2026-09-02T10:16:00.001-03:00  INFO 22468 --- [ecommerce] [scheduling-1] c.d.e.service.SincronizacaoService       : Lendo VW_ECOMMERCE_PRECOS no banco de dados...
2026-09-02T10:16:00.178-03:00  INFO 22468 --- [ecommerce] [scheduling-1] c.d.e.service.SincronizacaoService       : Ciclo finalizado. Total de atualizações enviadas: 0
2026-09-02T10:16:00.178-03:00  INFO 22468 --- [ecommerce] [scheduling-1] c.d.e.s.SincronizacaoEstoqueService      : [ESTOQUE] Lendo VW_ECOMMERCE_ESTOQUE no banco de dados...
2026-09-02T10:16:00.205-03:00  INFO 22468 --- [ecommerce] [scheduling-1] c.d.e.s.SincronizacaoEstoqueService      : [ESTOQUE] Ciclo finalizado. Total de atualizações enviadas: 0
2026-09-02T10:17:00.000-03:00  INFO 22468 --- [ecommerce] [scheduling-1] c.d.e.s.SincronizacaoEstoqueService      : [ESTOQUE] Lendo VW_ECOMMERCE_ESTOQUE no banco de dados...
2026-09-02T10:17:00.042-03:00  INFO 22468 --- [ecommerce] [scheduling-1] c.d.e.s.SincronizacaoEstoqueService      : [ESTOQUE] Ciclo finalizado. Total de atualizações enviadas: 0
2026-09-02T10:17:00.042-03:00  INFO 22468 --- [ecommerce] [scheduling-1] c.d.e.service.SincronizacaoService       : Lendo VW_ECOMMERCE_PRECOS no banco de dados...
2026-09-02T10:17:00.120-03:00  INFO 22468 --- [ecommerce] [scheduling-1] c.d.e.service.SincronizacaoService       : Ciclo finalizado. Total de atualizações enviadas: 0
2026-09-02T10:18:00.000-03:00  INFO 22468 --- [ecommerce] [scheduling-1] c.d.e.s.SincronizacaoEstoqueService      : [ESTOQUE] Lendo VW_ECOMMERCE_ESTOQUE no banco de dados...
2026-09-02T10:18:00.049-03:00  INFO 22468 --- [ecommerce] [scheduling-1] c.d.e.s.SincronizacaoEstoqueService      : [ESTOQUE] Ciclo finalizado. Total de atualizações enviadas: 0
2026-09-02T10:18:00.049-03:00  INFO 22468 --- [ecommerce] [scheduling-1] c.d.e.service.SincronizacaoService       : Lendo VW_ECOMMERCE_PRECOS no banco de dados...
2026-09-02T10:18:00.182-03:00  INFO 22468 --- [ecommerce] [scheduling-1] c.d.e.service.SincronizacaoService       : Ciclo finalizado. Total de atualizações enviadas: 0
2026-09-02T10:18:59.999-03:00  INFO 22468 --- [ecommerce] [scheduling-1] c.d.e.service.SincronizacaoService       : Lendo VW_ECOMMERCE_PRECOS no banco de dados...
2026-09-02T10:19:00.206-03:00  INFO 22468 --- [ecommerce] [scheduling-1] c.d.e.service.SincronizacaoService       : Ciclo finalizado. Total de atualizações enviadas: 0
2026-09-02T10:19:00.206-03:00  INFO 22468 --- [ecommerce] [scheduling-1] c.d.e.s.SincronizacaoEstoqueService      : [ESTOQUE] Lendo VW_ECOMMERCE_ESTOQUE no banco de dados...
2026-09-02T10:19:00.237-03:00  INFO 22468 --- [ecommerce] [scheduling-1] c.d.e.s.SincronizacaoEstoqueService      : [ESTOQUE] Ciclo finalizado. Total de atualizações enviadas: 0
2026-09-02T10:20:00.000-03:00  INFO 22468 --- [ecommerce] [scheduling-1] c.d.e.s.SincronizacaoEstoqueService      : [ESTOQUE] Lendo VW_ECOMMERCE_ESTOQUE no banco de dados...
2026-09-02T10:20:00.095-03:00  INFO 22468 --- [ecommerce] [scheduling-1] c.d.e.s.SincronizacaoEstoqueService      : [ESTOQUE] Ciclo finalizado. Total de atualizações enviadas: 0
2026-09-02T10:20:00.096-03:00  INFO 22468 --- [ecommerce] [scheduling-1] c.d.e.service.SincronizacaoService       : Lendo VW_ECOMMERCE_PRECOS no banco de dados...
2026-09-02T10:20:00.388-03:00  INFO 22468 --- [ecommerce] [scheduling-1] c.d.e.service.SincronizacaoService       : Ciclo finalizado. Total de atualizações enviadas: 0
2026-09-02T10:21:00.000-03:00  INFO 22468 --- [ecommerce] [scheduling-1] c.d.e.s.SincronizacaoEstoqueService      : [ESTOQUE] Lendo VW_ECOMMERCE_ESTOQUE no banco de dados...
2026-09-02T10:21:00.052-03:00  INFO 22468 --- [ecommerce] [scheduling-1] c.d.e.s.SincronizacaoEstoqueService      : [ESTOQUE] Ciclo finalizado. Total de atualizações enviadas: 0
2026-09-02T10:21:00.053-03:00  INFO 22468 --- [ecommerce] [scheduling-1] c.d.e.service.SincronizacaoService       : Lendo VW_ECOMMERCE_PRECOS no banco de dados...
2026-09-02T10:21:00.110-03:00  INFO 22468 --- [ecommerce] [scheduling-1] c.d.e.service.SincronizacaoService       : Ciclo finalizado. Total de atualizações enviadas: 0
2026-09-02T10:22:00.000-03:00  INFO 22468 --- [ecommerce] [scheduling-1] c.d.e.service.SincronizacaoService       : Lendo VW_ECOMMERCE_PRECOS no banco de dados...
2026-09-02T10:22:00.324-03:00  INFO 22468 --- [ecommerce] [scheduling-1] c.d.e.service.SincronizacaoService       : Ciclo finalizado. Total de atualizações enviadas: 0
2026-09-02T10:22:00.324-03:00  INFO 22468 --- [ecommerce] [scheduling-1] c.d.e.s.SincronizacaoEstoqueService      : [ESTOQUE] Lendo VW_ECOMMERCE_ESTOQUE no banco de dados...
2026-09-02T10:22:00.376-03:00  INFO 22468 --- [ecommerce] [scheduling-1] c.d.e.s.SincronizacaoEstoqueService      : [ESTOQUE] Ciclo finalizado. Total de atualizações enviadas: 0
2026-09-02T10:23:00.000-03:00  INFO 22468 --- [ecommerce] [scheduling-1] c.d.e.service.SincronizacaoService       : Lendo VW_ECOMMERCE_PRECOS no banco de dados...
2026-09-02T10:23:00.153-03:00  INFO 22468 --- [ecommerce] [scheduling-1] c.d.e.service.SincronizacaoService       : Ciclo finalizado. Total de atualizações enviadas: 0
2026-09-02T10:23:00.153-03:00  INFO 22468 --- [ecommerce] [scheduling-1] c.d.e.s.SincronizacaoEstoqueService      : [ESTOQUE] Lendo VW_ECOMMERCE_ESTOQUE no banco de dados...
2026-09-02T10:23:00.193-03:00  INFO 22468 --- [ecommerce] [scheduling-1] c.d.e.s.SincronizacaoEstoqueService      : [ESTOQUE] Ciclo finalizado. Total de atualizações enviadas: 0
2026-09-02T10:23:59.999-03:00  INFO 22468 --- [ecommerce] [scheduling-1] c.d.e.s.SincronizacaoEstoqueService      : [ESTOQUE] Lendo VW_ECOMMERCE_ESTOQUE no banco de dados...
2026-09-02T10:24:00.049-03:00  INFO 22468 --- [ecommerce] [scheduling-1] c.d.e.s.SincronizacaoEstoqueService      : [ESTOQUE] Ciclo finalizado. Total de atualizações enviadas: 0
2026-09-02T10:24:00.049-03:00  INFO 22468 --- [ecommerce] [scheduling-1] c.d.e.service.SincronizacaoService       : Lendo VW_ECOMMERCE_PRECOS no banco de dados...
2026-09-02T10:24:00.118-03:00  INFO 22468 --- [ecommerce] [scheduling-1] c.d.e.service.SincronizacaoService       : Ciclo finalizado. Total de atualizações enviadas: 0
2026-09-02T10:25:00.000-03:00  INFO 22468 --- [ecommerce] [scheduling-1] c.d.e.s.SincronizacaoEstoqueService      : [ESTOQUE] Lendo VW_ECOMMERCE_ESTOQUE no banco de dados...
2026-09-02T10:25:00.051-03:00  INFO 22468 --- [ecommerce] [scheduling-1] c.d.e.s.SincronizacaoEstoqueService      : [ESTOQUE] Ciclo finalizado. Total de atualizações enviadas: 0
2026-09-02T10:25:00.051-03:00  INFO 22468 --- [ecommerce] [scheduling-1] c.d.e.service.SincronizacaoService       : Lendo VW_ECOMMERCE_PRECOS no banco de dados...
2026-09-02T10:25:00.148-03:00  INFO 22468 --- [ecommerce] [scheduling-1] c.d.e.service.SincronizacaoService       : Ciclo finalizado. Total de atualizações enviadas: 0
2026-09-02T10:26:00.001-03:00  INFO 22468 --- [ecommerce] [scheduling-1] c.d.e.service.SincronizacaoService       : Lendo VW_ECOMMERCE_PRECOS no banco de dados...
2026-09-02T10:26:00.238-03:00  INFO 22468 --- [ecommerce] [scheduling-1] c.d.e.service.SincronizacaoService       : Ciclo finalizado. Total de atualizações enviadas: 0
2026-09-02T10:26:00.238-03:00  INFO 22468 --- [ecommerce] [scheduling-1] c.d.e.s.SincronizacaoEstoqueService      : [ESTOQUE] Lendo VW_ECOMMERCE_ESTOQUE no banco de dados...
2026-09-02T10:26:00.276-03:00  INFO 22468 --- [ecommerce] [scheduling-1] c.d.e.s.SincronizacaoEstoqueService      : [ESTOQUE] Ciclo finalizado. Total de atualizações enviadas: 0
2026-09-02T10:27:00.001-03:00  INFO 22468 --- [ecommerce] [scheduling-1] c.d.e.service.SincronizacaoService       : Lendo VW_ECOMMERCE_PRECOS no banco de dados...
2026-09-02T10:27:00.058-03:00  INFO 22468 --- [ecommerce] [scheduling-1] c.d.e.service.SincronizacaoService       : Ciclo finalizado. Total de atualizações enviadas: 0
2026-09-02T10:27:00.058-03:00  INFO 22468 --- [ecommerce] [scheduling-1] c.d.e.s.SincronizacaoEstoqueService      : [ESTOQUE] Lendo VW_ECOMMERCE_ESTOQUE no banco de dados...
2026-09-02T10:27:00.090-03:00  INFO 22468 --- [ecommerce] [scheduling-1] c.d.e.s.SincronizacaoEstoqueService      : [ESTOQUE] Ciclo finalizado. Total de atualizações enviadas: 0
2026-09-02T10:28:00.000-03:00  INFO 22468 --- [ecommerce] [scheduling-1] c.d.e.service.SincronizacaoService       : Lendo VW_ECOMMERCE_PRECOS no banco de dados...
2026-09-02T10:28:00.100-03:00  INFO 22468 --- [ecommerce] [scheduling-1] c.d.e.service.SincronizacaoService       : Ciclo finalizado. Total de atualizações enviadas: 0
2026-09-02T10:28:00.101-03:00  INFO 22468 --- [ecommerce] [scheduling-1] c.d.e.s.SincronizacaoEstoqueService      : [ESTOQUE] Lendo VW_ECOMMERCE_ESTOQUE no banco de dados...
2026-09-02T10:28:00.122-03:00  INFO 22468 --- [ecommerce] [scheduling-1] c.d.e.s.SincronizacaoEstoqueService      : [ESTOQUE] Ciclo finalizado. Total de atualizações enviadas: 0
2026-09-02T10:29:00.000-03:00  INFO 22468 --- [ecommerce] [scheduling-1] c.d.e.s.SincronizacaoEstoqueService      : [ESTOQUE] Lendo VW_ECOMMERCE_ESTOQUE no banco de dados...
2026-09-02T10:29:00.062-03:00  INFO 22468 --- [ecommerce] [scheduling-1] c.d.e.s.SincronizacaoEstoqueService      : [ESTOQUE] Ciclo finalizado. Total de atualizações enviadas: 0
2026-09-02T10:29:00.063-03:00  INFO 22468 --- [ecommerce] [scheduling-1] c.d.e.service.SincronizacaoService       : Lendo VW_ECOMMERCE_PRECOS no banco de dados...
2026-09-02T10:29:00.206-03:00  INFO 22468 --- [ecommerce] [scheduling-1] c.d.e.service.SincronizacaoService       : Ciclo finalizado. Total de atualizações enviadas: 0
2026-09-02T10:30:00.000-03:00  INFO 22468 --- [ecommerce] [scheduling-1] c.d.e.s.SincronizacaoEstoqueService      : [ESTOQUE] Lendo VW_ECOMMERCE_ESTOQUE no banco de dados...
2026-09-02T10:30:00.053-03:00  INFO 22468 --- [ecommerce] [scheduling-1] c.d.e.s.SincronizacaoEstoqueService      : [ESTOQUE] Ciclo finalizado. Total de atualizações enviadas: 0
2026-09-02T10:30:00.053-03:00  INFO 22468 --- [ecommerce] [scheduling-1] c.d.e.service.SincronizacaoService       : Lendo VW_ECOMMERCE_PRECOS no banco de dados...
2026-09-02T10:30:00.116-03:00  INFO 22468 --- [ecommerce] [scheduling-1] c.d.e.service.SincronizacaoService       : Ciclo finalizado. Total de atualizações enviadas: 0
2026-09-02T10:31:00.000-03:00  INFO 22468 --- [ecommerce] [scheduling-1] c.d.e.service.SincronizacaoService       : Lendo VW_ECOMMERCE_PRECOS no banco de dados...
2026-09-02T10:31:00.055-03:00  INFO 22468 --- [ecommerce] [scheduling-1] c.d.e.service.SincronizacaoService       : Ciclo finalizado. Total de atualizações enviadas: 0
2026-09-02T10:31:00.056-03:00  INFO 22468 --- [ecommerce] [scheduling-1] c.d.e.s.SincronizacaoEstoqueService      : [ESTOQUE] Lendo VW_ECOMMERCE_ESTOQUE no banco de dados...
2026-09-02T10:31:00.088-03:00  INFO 22468 --- [ecommerce] [scheduling-1] c.d.e.s.SincronizacaoEstoqueService      : [ESTOQUE] Ciclo finalizado. Total de atualizações enviadas: 0
2026-09-02T10:32:00.000-03:00  INFO 22468 --- [ecommerce] [scheduling-1] c.d.e.service.SincronizacaoService       : Lendo VW_ECOMMERCE_PRECOS no banco de dados...
2026-09-02T10:32:00.181-03:00  INFO 22468 --- [ecommerce] [scheduling-1] c.d.e.service.SincronizacaoService       : Ciclo finalizado. Total de atualizações enviadas: 0
2026-09-02T10:32:00.181-03:00  INFO 22468 --- [ecommerce] [scheduling-1] c.d.e.s.SincronizacaoEstoqueService      : [ESTOQUE] Lendo VW_ECOMMERCE_ESTOQUE no banco de dados...
2026-09-02T10:32:00.234-03:00  INFO 22468 --- [ecommerce] [scheduling-1] c.d.e.s.SincronizacaoEstoqueService      : [ESTOQUE] Ciclo finalizado. Total de atualizações enviadas: 0
2026-09-02T10:33:00.000-03:00  INFO 22468 --- [ecommerce] [scheduling-1] c.d.e.service.SincronizacaoService       : Lendo VW_ECOMMERCE_PRECOS no banco de dados...
2026-09-02T10:33:00.413-03:00  INFO 22468 --- [ecommerce] [scheduling-1] c.d.e.service.SincronizacaoService       : Ciclo finalizado. Total de atualizações enviadas: 0
2026-09-02T10:33:00.414-03:00  INFO 22468 --- [ecommerce] [scheduling-1] c.d.e.s.SincronizacaoEstoqueService      : [ESTOQUE] Lendo VW_ECOMMERCE_ESTOQUE no banco de dados...
2026-09-02T10:33:00.505-03:00  INFO 22468 --- [ecommerce] [scheduling-1] c.d.e.s.SincronizacaoEstoqueService      : [ESTOQUE] Ciclo finalizado. Total de atualizações enviadas: 0
2026-09-02T10:34:00.002-03:00  INFO 22468 --- [ecommerce] [scheduling-1] c.d.e.service.SincronizacaoService       : Lendo VW_ECOMMERCE_PRECOS no banco de dados...
2026-09-02T10:34:00.206-03:00  INFO 22468 --- [ecommerce] [scheduling-1] c.d.e.service.SincronizacaoService       : Ciclo finalizado. Total de atualizações enviadas: 0
2026-09-02T10:34:00.206-03:00  INFO 22468 --- [ecommerce] [scheduling-1] c.d.e.s.SincronizacaoEstoqueService      : [ESTOQUE] Lendo VW_ECOMMERCE_ESTOQUE no banco de dados...
2026-09-02T10:34:00.245-03:00  INFO 22468 --- [ecommerce] [scheduling-1] c.d.e.s.SincronizacaoEstoqueService      : [ESTOQUE] Ciclo finalizado. Total de atualizações enviadas: 0
2026-09-02T10:35:00.000-03:00  INFO 22468 --- [ecommerce] [scheduling-1] c.d.e.s.SincronizacaoEstoqueService      : [ESTOQUE] Lendo VW_ECOMMERCE_ESTOQUE no banco de dados...
2026-09-02T10:35:00.049-03:00  INFO 22468 --- [ecommerce] [scheduling-1] c.d.e.s.SincronizacaoEstoqueService      : [ESTOQUE] Ciclo finalizado. Total de atualizações enviadas: 0
2026-09-02T10:35:00.049-03:00  INFO 22468 --- [ecommerce] [scheduling-1] c.d.e.service.SincronizacaoService       : Lendo VW_ECOMMERCE_PRECOS no banco de dados...
2026-09-02T10:35:00.118-03:00  INFO 22468 --- [ecommerce] [scheduling-1] c.d.e.service.SincronizacaoService       : Ciclo finalizado. Total de atualizações enviadas: 0
2026-09-02T10:36:00.000-03:00  INFO 22468 --- [ecommerce] [scheduling-1] c.d.e.s.SincronizacaoEstoqueService      : [ESTOQUE] Lendo VW_ECOMMERCE_ESTOQUE no banco de dados...
2026-09-02T10:36:00.052-03:00  INFO 22468 --- [ecommerce] [scheduling-1] c.d.e.s.SincronizacaoEstoqueService      : [ESTOQUE] Ciclo finalizado. Total de atualizações enviadas: 0
2026-09-02T10:36:00.053-03:00  INFO 22468 --- [ecommerce] [scheduling-1] c.d.e.service.SincronizacaoService       : Lendo VW_ECOMMERCE_PRECOS no banco de dados...
2026-09-02T10:36:00.143-03:00  INFO 22468 --- [ecommerce] [scheduling-1] c.d.e.service.SincronizacaoService       : Ciclo finalizado. Total de atualizações enviadas: 0
2026-09-02T10:36:59.999-03:00  INFO 22468 --- [ecommerce] [scheduling-1] c.d.e.s.SincronizacaoEstoqueService      : [ESTOQUE] Lendo VW_ECOMMERCE_ESTOQUE no banco de dados...
2026-09-02T10:37:00.049-03:00  INFO 22468 --- [ecommerce] [scheduling-1] c.d.e.s.SincronizacaoEstoqueService      : [ESTOQUE] Ciclo finalizado. Total de atualizações enviadas: 0
2026-09-02T10:37:00.049-03:00  INFO 22468 --- [ecommerce] [scheduling-1] c.d.e.service.SincronizacaoService       : Lendo VW_ECOMMERCE_PRECOS no banco de dados...
2026-09-02T10:37:00.140-03:00  INFO 22468 --- [ecommerce] [scheduling-1] c.d.e.service.SincronizacaoService       : Ciclo finalizado. Total de atualizações enviadas: 0
2026-09-02T10:38:00.001-03:00  INFO 22468 --- [ecommerce] [scheduling-1] c.d.e.s.SincronizacaoEstoqueService      : [ESTOQUE] Lendo VW_ECOMMERCE_ESTOQUE no banco de dados...
2026-09-02T10:38:00.055-03:00  INFO 22468 --- [ecommerce] [scheduling-1] c.d.e.s.SincronizacaoEstoqueService      : [ESTOQUE] Ciclo finalizado. Total de atualizações enviadas: 0
2026-09-02T10:38:00.055-03:00  INFO 22468 --- [ecommerce] [scheduling-1] c.d.e.service.SincronizacaoService       : Lendo VW_ECOMMERCE_PRECOS no banco de dados...
2026-09-02T10:38:00.234-03:00  INFO 22468 --- [ecommerce] [scheduling-1] c.d.e.service.SincronizacaoService       : Ciclo finalizado. Total de atualizações enviadas: 0
2026-09-02T10:39:00.000-03:00  INFO 22468 --- [ecommerce] [scheduling-1] c.d.e.service.SincronizacaoService       : Lendo VW_ECOMMERCE_PRECOS no banco de dados...
2026-09-02T10:39:00.354-03:00  INFO 22468 --- [ecommerce] [scheduling-1] c.d.e.service.SincronizacaoService       : Ciclo finalizado. Total de atualizações enviadas: 0
2026-09-02T10:39:00.355-03:00  INFO 22468 --- [ecommerce] [scheduling-1] c.d.e.s.SincronizacaoEstoqueService      : [ESTOQUE] Lendo VW_ECOMMERCE_ESTOQUE no banco de dados...
2026-09-02T10:39:00.411-03:00  INFO 22468 --- [ecommerce] [scheduling-1] c.d.e.s.SincronizacaoEstoqueService      : [ESTOQUE] Ciclo finalizado. Total de atualizações enviadas: 0
2026-09-02T10:40:00.000-03:00  INFO 22468 --- [ecommerce] [scheduling-1] c.d.e.service.SincronizacaoService       : Lendo VW_ECOMMERCE_PRECOS no banco de dados...
2026-09-02T10:40:00.133-03:00  INFO 22468 --- [ecommerce] [scheduling-1] c.d.e.service.SincronizacaoService       : Ciclo finalizado. Total de atualizações enviadas: 0
2026-09-02T10:40:00.134-03:00  INFO 22468 --- [ecommerce] [scheduling-1] c.d.e.s.SincronizacaoEstoqueService      : [ESTOQUE] Lendo VW_ECOMMERCE_ESTOQUE no banco de dados...
2026-09-02T10:40:00.164-03:00  INFO 22468 --- [ecommerce] [scheduling-1] c.d.e.s.SincronizacaoEstoqueService      : [ESTOQUE] Ciclo finalizado. Total de atualizações enviadas: 0
2026-09-02T10:41:00.000-03:00  INFO 22468 --- [ecommerce] [scheduling-1] c.d.e.service.SincronizacaoService       : Lendo VW_ECOMMERCE_PRECOS no banco de dados...
2026-09-02T10:41:00.608-03:00  INFO 22468 --- [ecommerce] [scheduling-1] c.d.e.service.SincronizacaoService       : Ciclo finalizado. Total de atualizações enviadas: 0
2026-09-02T10:41:00.608-03:00  INFO 22468 --- [ecommerce] [scheduling-1] c.d.e.s.SincronizacaoEstoqueService      : [ESTOQUE] Lendo VW_ECOMMERCE_ESTOQUE no banco de dados...
2026-09-02T10:41:00.685-03:00  INFO 22468 --- [ecommerce] [scheduling-1] c.d.e.s.SincronizacaoEstoqueService      : [ESTOQUE] Ciclo finalizado. Total de atualizações enviadas: 0
2026-09-02T10:42:00.000-03:00  INFO 22468 --- [ecommerce] [scheduling-1] c.d.e.s.SincronizacaoEstoqueService      : [ESTOQUE] Lendo VW_ECOMMERCE_ESTOQUE no banco de dados...
2026-09-02T10:42:00.063-03:00  INFO 22468 --- [ecommerce] [scheduling-1] c.d.e.s.SincronizacaoEstoqueService      : [ESTOQUE] Ciclo finalizado. Total de atualizações enviadas: 0
2026-09-02T10:42:00.063-03:00  INFO 22468 --- [ecommerce] [scheduling-1] c.d.e.service.SincronizacaoService       : Lendo VW_ECOMMERCE_PRECOS no banco de dados...
2026-09-02T10:42:00.162-03:00  INFO 22468 --- [ecommerce] [scheduling-1] c.d.e.service.SincronizacaoService       : Ciclo finalizado. Total de atualizações enviadas: 0
2026-09-02T10:43:00.000-03:00  INFO 22468 --- [ecommerce] [scheduling-1] c.d.e.s.SincronizacaoEstoqueService      : [ESTOQUE] Lendo VW_ECOMMERCE_ESTOQUE no banco de dados...
2026-09-02T10:43:00.098-03:00  INFO 22468 --- [ecommerce] [scheduling-1] c.d.e.s.SincronizacaoEstoqueService      : [ESTOQUE] Ciclo finalizado. Total de atualizações enviadas: 0
2026-09-02T10:43:00.098-03:00  INFO 22468 --- [ecommerce] [scheduling-1] c.d.e.service.SincronizacaoService       : Lendo VW_ECOMMERCE_PRECOS no banco de dados...
2026-09-02T10:43:00.162-03:00  INFO 22468 --- [ecommerce] [scheduling-1] c.d.e.service.SincronizacaoService       : Ciclo finalizado. Total de atualizações enviadas: 0
2026-09-02T10:44:00.001-03:00  INFO 22468 --- [ecommerce] [scheduling-1] c.d.e.service.SincronizacaoService       : Lendo VW_ECOMMERCE_PRECOS no banco de dados...
2026-09-02T10:44:00.254-03:00  INFO 22468 --- [ecommerce] [scheduling-1] c.d.e.service.SincronizacaoService       : Ciclo finalizado. Total de atualizações enviadas: 0
2026-09-02T10:44:00.254-03:00  INFO 22468 --- [ecommerce] [scheduling-1] c.d.e.s.SincronizacaoEstoqueService      : [ESTOQUE] Lendo VW_ECOMMERCE_ESTOQUE no banco de dados...
2026-09-02T10:44:00.275-03:00  INFO 22468 --- [ecommerce] [scheduling-1] c.d.e.s.SincronizacaoEstoqueService      : [ESTOQUE] Ciclo finalizado. Total de atualizações enviadas: 0
2026-09-02T10:45:00.000-03:00  INFO 22468 --- [ecommerce] [scheduling-1] c.d.e.s.SincronizacaoEstoqueService      : [ESTOQUE] Lendo VW_ECOMMERCE_ESTOQUE no banco de dados...
2026-09-02T10:45:00.080-03:00  INFO 22468 --- [ecommerce] [scheduling-1] c.d.e.s.SincronizacaoEstoqueService      : [ESTOQUE] Ciclo finalizado. Total de atualizações enviadas: 0
2026-09-02T10:45:00.080-03:00  INFO 22468 --- [ecommerce] [scheduling-1] c.d.e.service.SincronizacaoService       : Lendo VW_ECOMMERCE_PRECOS no banco de dados...
2026-09-02T10:45:00.206-03:00  INFO 22468 --- [ecommerce] [scheduling-1] c.d.e.service.SincronizacaoService       : Ciclo finalizado. Total de atualizações enviadas: 0
2026-09-02T10:46:00.000-03:00  INFO 22468 --- [ecommerce] [scheduling-1] c.d.e.s.SincronizacaoEstoqueService      : [ESTOQUE] Lendo VW_ECOMMERCE_ESTOQUE no banco de dados...
2026-09-02T10:46:00.043-03:00  INFO 22468 --- [ecommerce] [scheduling-1] c.d.e.s.SincronizacaoEstoqueService      : [ESTOQUE] Ciclo finalizado. Total de atualizações enviadas: 0
2026-09-02T10:46:00.043-03:00  INFO 22468 --- [ecommerce] [scheduling-1] c.d.e.service.SincronizacaoService       : Lendo VW_ECOMMERCE_PRECOS no banco de dados...
2026-09-02T10:46:00.211-03:00  INFO 22468 --- [ecommerce] [scheduling-1] c.d.e.service.SincronizacaoService       : Ciclo finalizado. Total de atualizações enviadas: 0
2026-09-02T10:47:00.000-03:00  INFO 22468 --- [ecommerce] [scheduling-1] c.d.e.service.SincronizacaoService       : Lendo VW_ECOMMERCE_PRECOS no banco de dados...
2026-09-02T10:47:00.125-03:00  INFO 22468 --- [ecommerce] [scheduling-1] c.d.e.service.SincronizacaoService       : Ciclo finalizado. Total de atualizações enviadas: 0
2026-09-02T10:47:00.125-03:00  INFO 22468 --- [ecommerce] [scheduling-1] c.d.e.s.SincronizacaoEstoqueService      : [ESTOQUE] Lendo VW_ECOMMERCE_ESTOQUE no banco de dados...
2026-09-02T10:47:00.153-03:00  INFO 22468 --- [ecommerce] [scheduling-1] c.d.e.s.SincronizacaoEstoqueService      : [ESTOQUE] Ciclo finalizado. Total de atualizações enviadas: 0
2026-09-02T10:48:00.000-03:00  INFO 22468 --- [ecommerce] [scheduling-1] c.d.e.s.SincronizacaoEstoqueService      : [ESTOQUE] Lendo VW_ECOMMERCE_ESTOQUE no banco de dados...
2026-09-02T10:48:00.081-03:00  INFO 22468 --- [ecommerce] [scheduling-1] c.d.e.s.SincronizacaoEstoqueService      : [ESTOQUE] Ciclo finalizado. Total de atualizações enviadas: 0
2026-09-02T10:48:00.081-03:00  INFO 22468 --- [ecommerce] [scheduling-1] c.d.e.service.SincronizacaoService       : Lendo VW_ECOMMERCE_PRECOS no banco de dados...
2026-09-02T10:48:00.215-03:00  INFO 22468 --- [ecommerce] [scheduling-1] c.d.e.service.SincronizacaoService       : Ciclo finalizado. Total de atualizações enviadas: 0
2026-09-02T10:49:00.000-03:00  INFO 22468 --- [ecommerce] [scheduling-1] c.d.e.s.SincronizacaoEstoqueService      : [ESTOQUE] Lendo VW_ECOMMERCE_ESTOQUE no banco de dados...
2026-09-02T10:49:00.149-03:00  INFO 22468 --- [ecommerce] [scheduling-1] c.d.e.s.SincronizacaoEstoqueService      : [ESTOQUE] Ciclo finalizado. Total de atualizações enviadas: 0
2026-09-02T10:49:00.150-03:00  INFO 22468 --- [ecommerce] [scheduling-1] c.d.e.service.SincronizacaoService       : Lendo VW_ECOMMERCE_PRECOS no banco de dados...
2026-09-02T10:49:00.646-03:00  INFO 22468 --- [ecommerce] [scheduling-1] c.d.e.service.SincronizacaoService       : Ciclo finalizado. Total de atualizações enviadas: 0
2026-09-02T10:49:59.999-03:00  INFO 22468 --- [ecommerce] [scheduling-1] c.d.e.s.SincronizacaoEstoqueService      : [ESTOQUE] Lendo VW_ECOMMERCE_ESTOQUE no banco de dados...
2026-09-02T10:50:00.045-03:00  INFO 22468 --- [ecommerce] [scheduling-1] c.d.e.s.SincronizacaoEstoqueService      : [ESTOQUE] Ciclo finalizado. Total de atualizações enviadas: 0
2026-09-02T10:50:00.046-03:00  INFO 22468 --- [ecommerce] [scheduling-1] c.d.e.service.SincronizacaoService       : Lendo VW_ECOMMERCE_PRECOS no banco de dados...
2026-09-02T10:50:00.123-03:00  INFO 22468 --- [ecommerce] [scheduling-1] c.d.e.service.SincronizacaoService       : Ciclo finalizado. Total de atualizações enviadas: 0
2026-09-02T10:50:59.999-03:00  INFO 22468 --- [ecommerce] [scheduling-1] c.d.e.s.SincronizacaoEstoqueService      : [ESTOQUE] Lendo VW_ECOMMERCE_ESTOQUE no banco de dados...
2026-09-02T10:51:00.070-03:00  INFO 22468 --- [ecommerce] [scheduling-1] c.d.e.s.SincronizacaoEstoqueService      : [ESTOQUE] Ciclo finalizado. Total de atualizações enviadas: 0
2026-09-02T10:51:00.071-03:00  INFO 22468 --- [ecommerce] [scheduling-1] c.d.e.service.SincronizacaoService       : Lendo VW_ECOMMERCE_PRECOS no banco de dados...
2026-09-02T10:51:00.159-03:00  INFO 22468 --- [ecommerce] [scheduling-1] c.d.e.service.SincronizacaoService       : Ciclo finalizado. Total de atualizações enviadas: 0
2026-09-02T10:52:00.000-03:00  INFO 22468 --- [ecommerce] [scheduling-1] c.d.e.service.SincronizacaoService       : Lendo VW_ECOMMERCE_PRECOS no banco de dados...
2026-09-02T10:52:00.663-03:00  INFO 22468 --- [ecommerce] [scheduling-1] c.d.e.service.SincronizacaoService       : Ciclo finalizado. Total de atualizações enviadas: 0
2026-09-02T10:52:00.663-03:00  INFO 22468 --- [ecommerce] [scheduling-1] c.d.e.s.SincronizacaoEstoqueService      : [ESTOQUE] Lendo VW_ECOMMERCE_ESTOQUE no banco de dados...
2026-09-02T10:52:00.745-03:00  INFO 22468 --- [ecommerce] [scheduling-1] c.d.e.s.SincronizacaoEstoqueService      : [ESTOQUE] Ciclo finalizado. Total de atualizações enviadas: 0
2026-09-02T10:53:00.000-03:00  INFO 22468 --- [ecommerce] [scheduling-1] c.d.e.s.SincronizacaoEstoqueService      : [ESTOQUE] Lendo VW_ECOMMERCE_ESTOQUE no banco de dados...
2026-09-02T10:53:00.054-03:00  INFO 22468 --- [ecommerce] [scheduling-1] c.d.e.s.SincronizacaoEstoqueService      : [ESTOQUE] Ciclo finalizado. Total de atualizações enviadas: 0
2026-09-02T10:53:00.054-03:00  INFO 22468 --- [ecommerce] [scheduling-1] c.d.e.service.SincronizacaoService       : Lendo VW_ECOMMERCE_PRECOS no banco de dados...
2026-09-02T10:53:00.247-03:00  INFO 22468 --- [ecommerce] [scheduling-1] c.d.e.service.SincronizacaoService       : Ciclo finalizado. Total de atualizações enviadas: 0
2026-09-02T10:54:00.000-03:00  INFO 22468 --- [ecommerce] [scheduling-1] c.d.e.s.SincronizacaoEstoqueService      : [ESTOQUE] Lendo VW_ECOMMERCE_ESTOQUE no banco de dados...
2026-09-02T10:54:00.053-03:00  INFO 22468 --- [ecommerce] [scheduling-1] c.d.e.s.SincronizacaoEstoqueService      : [ESTOQUE] Ciclo finalizado. Total de atualizações enviadas: 0
2026-09-02T10:54:00.053-03:00  INFO 22468 --- [ecommerce] [scheduling-1] c.d.e.service.SincronizacaoService       : Lendo VW_ECOMMERCE_PRECOS no banco de dados...
2026-09-02T10:54:00.156-03:00  INFO 22468 --- [ecommerce] [scheduling-1] c.d.e.service.SincronizacaoService       : Ciclo finalizado. Total de atualizações enviadas: 0
2026-09-02T10:55:00.001-03:00  INFO 22468 --- [ecommerce] [scheduling-1] c.d.e.s.SincronizacaoEstoqueService      : [ESTOQUE] Lendo VW_ECOMMERCE_ESTOQUE no banco de dados...
2026-09-02T10:55:00.154-03:00  INFO 22468 --- [ecommerce] [scheduling-1] c.d.e.s.SincronizacaoEstoqueService      : [ESTOQUE] Ciclo finalizado. Total de atualizações enviadas: 0
2026-09-02T10:55:00.154-03:00  INFO 22468 --- [ecommerce] [scheduling-1] c.d.e.service.SincronizacaoService       : Lendo VW_ECOMMERCE_PRECOS no banco de dados...
2026-09-02T10:55:00.909-03:00  INFO 22468 --- [ecommerce] [scheduling-1] c.d.e.service.SincronizacaoService       : Ciclo finalizado. Total de atualizações enviadas: 0
2026-09-02T10:56:00.000-03:00  INFO 22468 --- [ecommerce] [scheduling-1] c.d.e.service.SincronizacaoService       : Lendo VW_ECOMMERCE_PRECOS no banco de dados...
2026-09-02T10:56:00.257-03:00  INFO 22468 --- [ecommerce] [scheduling-1] c.d.e.service.SincronizacaoService       : Ciclo finalizado. Total de atualizações enviadas: 0
2026-09-02T10:56:00.257-03:00  INFO 22468 --- [ecommerce] [scheduling-1] c.d.e.s.SincronizacaoEstoqueService      : [ESTOQUE] Lendo VW_ECOMMERCE_ESTOQUE no banco de dados...
2026-09-02T10:56:00.307-03:00  INFO 22468 --- [ecommerce] [scheduling-1] c.d.e.s.SincronizacaoEstoqueService      : [ESTOQUE] Ciclo finalizado. Total de atualizações enviadas: 0
2026-09-02T10:57:00.000-03:00  INFO 22468 --- [ecommerce] [scheduling-1] c.d.e.s.SincronizacaoEstoqueService      : [ESTOQUE] Lendo VW_ECOMMERCE_ESTOQUE no banco de dados...
2026-09-02T10:57:00.107-03:00  INFO 22468 --- [ecommerce] [scheduling-1] c.d.e.s.SincronizacaoEstoqueService      : [ESTOQUE] Ciclo finalizado. Total de atualizações enviadas: 0
2026-09-02T10:57:00.108-03:00  INFO 22468 --- [ecommerce] [scheduling-1] c.d.e.service.SincronizacaoService       : Lendo VW_ECOMMERCE_PRECOS no banco de dados...
2026-09-02T10:57:00.439-03:00  INFO 22468 --- [ecommerce] [scheduling-1] c.d.e.service.SincronizacaoService       : Ciclo finalizado. Total de atualizações enviadas: 0
2026-09-02T10:58:00.000-03:00  INFO 22468 --- [ecommerce] [scheduling-1] c.d.e.s.SincronizacaoEstoqueService      : [ESTOQUE] Lendo VW_ECOMMERCE_ESTOQUE no banco de dados...
2026-09-02T10:58:00.044-03:00  INFO 22468 --- [ecommerce] [scheduling-1] c.d.e.s.SincronizacaoEstoqueService      : [ESTOQUE] Ciclo finalizado. Total de atualizações enviadas: 0
2026-09-02T10:58:00.044-03:00  INFO 22468 --- [ecommerce] [scheduling-1] c.d.e.service.SincronizacaoService       : Lendo VW_ECOMMERCE_PRECOS no banco de dados...
2026-09-02T10:58:00.213-03:00  INFO 22468 --- [ecommerce] [scheduling-1] c.d.e.service.SincronizacaoService       : Ciclo finalizado. Total de atualizações enviadas: 0
2026-09-02T10:59:00.000-03:00  INFO 22468 --- [ecommerce] [scheduling-1] c.d.e.service.SincronizacaoService       : Lendo VW_ECOMMERCE_PRECOS no banco de dados...
2026-09-02T10:59:00.380-03:00  INFO 22468 --- [ecommerce] [scheduling-1] c.d.e.service.SincronizacaoService       : Ciclo finalizado. Total de atualizações enviadas: 0
2026-09-02T10:59:00.380-03:00  INFO 22468 --- [ecommerce] [scheduling-1] c.d.e.s.SincronizacaoEstoqueService      : [ESTOQUE] Lendo VW_ECOMMERCE_ESTOQUE no banco de dados...
2026-09-02T10:59:00.419-03:00  INFO 22468 --- [ecommerce] [scheduling-1] c.d.e.s.SincronizacaoEstoqueService      : [ESTOQUE] Ciclo finalizado. Total de atualizações enviadas: 0
2026-09-02T11:00:00.001-03:00  INFO 22468 --- [ecommerce] [scheduling-1] c.d.e.s.SincronizacaoEstoqueService      : [ESTOQUE] Lendo VW_ECOMMERCE_ESTOQUE no banco de dados...
2026-09-02T11:00:00.168-03:00  INFO 22468 --- [ecommerce] [scheduling-1] c.d.e.s.SincronizacaoEstoqueService      : [ESTOQUE] Ciclo finalizado. Total de atualizações enviadas: 0
2026-09-02T11:00:00.169-03:00  INFO 22468 --- [ecommerce] [scheduling-1] c.d.e.service.SincronizacaoService       : Lendo VW_ECOMMERCE_PRECOS no banco de dados...
2026-09-02T11:00:00.814-03:00  INFO 22468 --- [ecommerce] [scheduling-1] c.d.e.service.SincronizacaoService       : Ciclo finalizado. Total de atualizações enviadas: 0
2026-09-02T11:01:00.001-03:00  INFO 22468 --- [ecommerce] [scheduling-1] c.d.e.service.SincronizacaoService       : Lendo VW_ECOMMERCE_PRECOS no banco de dados...
2026-09-02T11:01:00.384-03:00  INFO 22468 --- [ecommerce] [scheduling-1] c.d.e.service.SincronizacaoService       : Ciclo finalizado. Total de atualizações enviadas: 0
2026-09-02T11:01:00.385-03:00  INFO 22468 --- [ecommerce] [scheduling-1] c.d.e.s.SincronizacaoEstoqueService      : [ESTOQUE] Lendo VW_ECOMMERCE_ESTOQUE no banco de dados...
2026-09-02T11:01:00.415-03:00  INFO 22468 --- [ecommerce] [scheduling-1] c.d.e.s.SincronizacaoEstoqueService      : [ESTOQUE] Ciclo finalizado. Total de atualizações enviadas: 0
2026-09-02T11:02:00.000-03:00  INFO 22468 --- [ecommerce] [scheduling-1] c.d.e.service.SincronizacaoService       : Lendo VW_ECOMMERCE_PRECOS no banco de dados...
2026-09-02T11:02:00.302-03:00  INFO 22468 --- [ecommerce] [scheduling-1] c.d.e.service.SincronizacaoService       : Ciclo finalizado. Total de atualizações enviadas: 0
2026-09-02T11:02:00.302-03:00  INFO 22468 --- [ecommerce] [scheduling-1] c.d.e.s.SincronizacaoEstoqueService      : [ESTOQUE] Lendo VW_ECOMMERCE_ESTOQUE no banco de dados...
2026-09-02T11:02:00.351-03:00  INFO 22468 --- [ecommerce] [scheduling-1] c.d.e.s.SincronizacaoEstoqueService      : [ESTOQUE] Ciclo finalizado. Total de atualizações enviadas: 0
2026-09-02T11:03:00.000-03:00  INFO 22468 --- [ecommerce] [scheduling-1] c.d.e.service.SincronizacaoService       : Lendo VW_ECOMMERCE_PRECOS no banco de dados...
2026-09-02T11:03:00.404-03:00  INFO 22468 --- [ecommerce] [scheduling-1] c.d.e.service.SincronizacaoService       : Ciclo finalizado. Total de atualizações enviadas: 0
2026-09-02T11:03:00.404-03:00  INFO 22468 --- [ecommerce] [scheduling-1] c.d.e.s.SincronizacaoEstoqueService      : [ESTOQUE] Lendo VW_ECOMMERCE_ESTOQUE no banco de dados...
2026-09-02T11:03:00.463-03:00  INFO 22468 --- [ecommerce] [scheduling-1] c.d.e.s.SincronizacaoEstoqueService      : [ESTOQUE] Ciclo finalizado. Total de atualizações enviadas: 0
2026-09-02T11:04:00.000-03:00  INFO 22468 --- [ecommerce] [scheduling-1] c.d.e.s.SincronizacaoEstoqueService      : [ESTOQUE] Lendo VW_ECOMMERCE_ESTOQUE no banco de dados...
2026-09-02T11:04:00.158-03:00  INFO 22468 --- [ecommerce] [scheduling-1] c.d.e.s.SincronizacaoEstoqueService      : [ESTOQUE] Ciclo finalizado. Total de atualizações enviadas: 0
2026-09-02T11:04:00.158-03:00  INFO 22468 --- [ecommerce] [scheduling-1] c.d.e.service.SincronizacaoService       : Lendo VW_ECOMMERCE_PRECOS no banco de dados...
2026-09-02T11:04:00.809-03:00  INFO 22468 --- [ecommerce] [scheduling-1] c.d.e.service.SincronizacaoService       : Ciclo finalizado. Total de atualizações enviadas: 0
2026-09-02T11:05:00.000-03:00  INFO 22468 --- [ecommerce] [scheduling-1] c.d.e.service.SincronizacaoService       : Lendo VW_ECOMMERCE_PRECOS no banco de dados...
2026-09-02T11:05:00.288-03:00  INFO 22468 --- [ecommerce] [scheduling-1] c.d.e.service.SincronizacaoService       : Ciclo finalizado. Total de atualizações enviadas: 0
2026-09-02T11:05:00.288-03:00  INFO 22468 --- [ecommerce] [scheduling-1] c.d.e.s.SincronizacaoEstoqueService      : [ESTOQUE] Lendo VW_ECOMMERCE_ESTOQUE no banco de dados...
2026-09-02T11:05:00.328-03:00  INFO 22468 --- [ecommerce] [scheduling-1] c.d.e.s.SincronizacaoEstoqueService      : [ESTOQUE] Ciclo finalizado. Total de atualizações enviadas: 0
2026-09-02T11:06:00.000-03:00  INFO 22468 --- [ecommerce] [scheduling-1] c.d.e.s.SincronizacaoEstoqueService      : [ESTOQUE] Lendo VW_ECOMMERCE_ESTOQUE no banco de dados...
2026-09-02T11:06:00.067-03:00  INFO 22468 --- [ecommerce] [scheduling-1] c.d.e.s.SincronizacaoEstoqueService      : [ESTOQUE] Ciclo finalizado. Total de atualizações enviadas: 0
2026-09-02T11:06:00.067-03:00  INFO 22468 --- [ecommerce] [scheduling-1] c.d.e.service.SincronizacaoService       : Lendo VW_ECOMMERCE_PRECOS no banco de dados...
2026-09-02T11:06:00.324-03:00  INFO 22468 --- [ecommerce] [scheduling-1] c.d.e.service.SincronizacaoService       : Ciclo finalizado. Total de atualizações enviadas: 0
2026-09-02T11:06:59.999-03:00  INFO 22468 --- [ecommerce] [scheduling-1] c.d.e.s.SincronizacaoEstoqueService      : [ESTOQUE] Lendo VW_ECOMMERCE_ESTOQUE no banco de dados...
2026-09-02T11:07:00.080-03:00  INFO 22468 --- [ecommerce] [scheduling-1] c.d.e.s.SincronizacaoEstoqueService      : [ESTOQUE] Ciclo finalizado. Total de atualizações enviadas: 0
2026-09-02T11:07:00.080-03:00  INFO 22468 --- [ecommerce] [scheduling-1] c.d.e.service.SincronizacaoService       : Lendo VW_ECOMMERCE_PRECOS no banco de dados...
2026-09-02T11:07:00.347-03:00  INFO 22468 --- [ecommerce] [scheduling-1] c.d.e.service.SincronizacaoService       : Ciclo finalizado. Total de atualizações enviadas: 0
2026-09-02T11:07:59.999-03:00  INFO 22468 --- [ecommerce] [scheduling-1] c.d.e.service.SincronizacaoService       : Lendo VW_ECOMMERCE_PRECOS no banco de dados...
2026-09-02T11:08:00.122-03:00  INFO 22468 --- [ecommerce] [scheduling-1] c.d.e.service.SincronizacaoService       : Ciclo finalizado. Total de atualizações enviadas: 0
2026-09-02T11:08:00.122-03:00  INFO 22468 --- [ecommerce] [scheduling-1] c.d.e.s.SincronizacaoEstoqueService      : [ESTOQUE] Lendo VW_ECOMMERCE_ESTOQUE no banco de dados...
2026-09-02T11:08:00.154-03:00  INFO 22468 --- [ecommerce] [scheduling-1] c.d.e.s.SincronizacaoEstoqueService      : [ESTOQUE] Ciclo finalizado. Total de atualizações enviadas: 0
2026-09-02T11:09:00.000-03:00  INFO 22468 --- [ecommerce] [scheduling-1] c.d.e.s.SincronizacaoEstoqueService      : [ESTOQUE] Lendo VW_ECOMMERCE_ESTOQUE no banco de dados...
2026-09-02T11:09:00.053-03:00  INFO 22468 --- [ecommerce] [scheduling-1] c.d.e.s.SincronizacaoEstoqueService      : [ESTOQUE] Ciclo finalizado. Total de atualizações enviadas: 0
2026-09-02T11:09:00.053-03:00  INFO 22468 --- [ecommerce] [scheduling-1] c.d.e.service.SincronizacaoService       : Lendo VW_ECOMMERCE_PRECOS no banco de dados...
2026-09-02T11:09:00.161-03:00  INFO 22468 --- [ecommerce] [scheduling-1] c.d.e.service.SincronizacaoService       : Ciclo finalizado. Total de atualizações enviadas: 0
2026-09-02T11:10:00.001-03:00  INFO 22468 --- [ecommerce] [scheduling-1] c.d.e.service.SincronizacaoService       : Lendo VW_ECOMMERCE_PRECOS no banco de dados...
2026-09-02T11:10:00.114-03:00  INFO 22468 --- [ecommerce] [scheduling-1] c.d.e.service.SincronizacaoService       : Ciclo finalizado. Total de atualizações enviadas: 0
2026-09-02T11:10:00.116-03:00  INFO 22468 --- [ecommerce] [scheduling-1] c.d.e.s.SincronizacaoEstoqueService      : [ESTOQUE] Lendo VW_ECOMMERCE_ESTOQUE no banco de dados...
2026-09-02T11:10:00.134-03:00  INFO 22468 --- [ecommerce] [scheduling-1] c.d.e.s.SincronizacaoEstoqueService      : [ESTOQUE] Ciclo finalizado. Total de atualizações enviadas: 0
2026-09-02T11:10:59.999-03:00  INFO 22468 --- [ecommerce] [scheduling-1] c.d.e.service.SincronizacaoService       : Lendo VW_ECOMMERCE_PRECOS no banco de dados...
2026-09-02T11:11:00.172-03:00  INFO 22468 --- [ecommerce] [scheduling-1] c.d.e.service.SincronizacaoService       : Ciclo finalizado. Total de atualizações enviadas: 0
2026-09-02T11:11:00.173-03:00  INFO 22468 --- [ecommerce] [scheduling-1] c.d.e.s.SincronizacaoEstoqueService      : [ESTOQUE] Lendo VW_ECOMMERCE_ESTOQUE no banco de dados...
2026-09-02T11:11:00.193-03:00  INFO 22468 --- [ecommerce] [scheduling-1] c.d.e.s.SincronizacaoEstoqueService      : [ESTOQUE] Ciclo finalizado. Total de atualizações enviadas: 0
2026-09-02T11:12:00.000-03:00  INFO 22468 --- [ecommerce] [scheduling-1] c.d.e.service.SincronizacaoService       : Lendo VW_ECOMMERCE_PRECOS no banco de dados...
2026-09-02T11:12:00.116-03:00  INFO 22468 --- [ecommerce] [scheduling-1] c.d.e.service.SincronizacaoService       : Ciclo finalizado. Total de atualizações enviadas: 0
2026-09-02T11:12:00.117-03:00  INFO 22468 --- [ecommerce] [scheduling-1] c.d.e.s.SincronizacaoEstoqueService      : [ESTOQUE] Lendo VW_ECOMMERCE_ESTOQUE no banco de dados...
2026-09-02T11:12:00.147-03:00  INFO 22468 --- [ecommerce] [scheduling-1] c.d.e.s.SincronizacaoEstoqueService      : [ESTOQUE] Ciclo finalizado. Total de atualizações enviadas: 0
2026-09-02T11:13:00.000-03:00  INFO 22468 --- [ecommerce] [scheduling-1] c.d.e.service.SincronizacaoService       : Lendo VW_ECOMMERCE_PRECOS no banco de dados...
2026-09-02T11:13:00.084-03:00  INFO 22468 --- [ecommerce] [scheduling-1] c.d.e.service.SincronizacaoService       : Ciclo finalizado. Total de atualizações enviadas: 0
2026-09-02T11:13:00.084-03:00  INFO 22468 --- [ecommerce] [scheduling-1] c.d.e.s.SincronizacaoEstoqueService      : [ESTOQUE] Lendo VW_ECOMMERCE_ESTOQUE no banco de dados...
2026-09-02T11:13:00.114-03:00  INFO 22468 --- [ecommerce] [scheduling-1] c.d.e.s.SincronizacaoEstoqueService      : [ESTOQUE] Ciclo finalizado. Total de atualizações enviadas: 0
2026-09-02T11:14:00.000-03:00  INFO 22468 --- [ecommerce] [scheduling-1] c.d.e.s.SincronizacaoEstoqueService      : [ESTOQUE] Lendo VW_ECOMMERCE_ESTOQUE no banco de dados...
2026-09-02T11:14:00.054-03:00  INFO 22468 --- [ecommerce] [scheduling-1] c.d.e.s.SincronizacaoEstoqueService      : [ESTOQUE] Ciclo finalizado. Total de atualizações enviadas: 0
2026-09-02T11:14:00.055-03:00  INFO 22468 --- [ecommerce] [scheduling-1] c.d.e.service.SincronizacaoService       : Lendo VW_ECOMMERCE_PRECOS no banco de dados...
2026-09-02T11:14:00.452-03:00  INFO 22468 --- [ecommerce] [scheduling-1] c.d.e.service.SincronizacaoService       : Ciclo finalizado. Total de atualizações enviadas: 0
2026-09-02T11:14:59.999-03:00  INFO 22468 --- [ecommerce] [scheduling-1] c.d.e.service.SincronizacaoService       : Lendo VW_ECOMMERCE_PRECOS no banco de dados...
2026-09-02T11:15:00.611-03:00  INFO 22468 --- [ecommerce] [scheduling-1] c.d.e.service.SincronizacaoService       : Ciclo finalizado. Total de atualizações enviadas: 0
2026-09-02T11:15:00.611-03:00  INFO 22468 --- [ecommerce] [scheduling-1] c.d.e.s.SincronizacaoEstoqueService      : [ESTOQUE] Lendo VW_ECOMMERCE_ESTOQUE no banco de dados...
2026-09-02T11:15:00.712-03:00  INFO 22468 --- [ecommerce] [scheduling-1] c.d.e.s.SincronizacaoEstoqueService      : [ESTOQUE] Ciclo finalizado. Total de atualizações enviadas: 0
2026-09-02T11:16:00.000-03:00  INFO 22468 --- [ecommerce] [scheduling-1] c.d.e.s.SincronizacaoEstoqueService      : [ESTOQUE] Lendo VW_ECOMMERCE_ESTOQUE no banco de dados...
2026-09-02T11:16:00.068-03:00  INFO 22468 --- [ecommerce] [scheduling-1] c.d.e.s.SincronizacaoEstoqueService      : [ESTOQUE] Ciclo finalizado. Total de atualizações enviadas: 0
2026-09-02T11:16:00.068-03:00  INFO 22468 --- [ecommerce] [scheduling-1] c.d.e.service.SincronizacaoService       : Lendo VW_ECOMMERCE_PRECOS no banco de dados...
2026-09-02T11:16:00.578-03:00  INFO 22468 --- [ecommerce] [scheduling-1] c.d.e.service.SincronizacaoService       : Ciclo finalizado. Total de atualizações enviadas: 0
2026-09-02T11:17:00.000-03:00  INFO 22468 --- [ecommerce] [scheduling-1] c.d.e.service.SincronizacaoService       : Lendo VW_ECOMMERCE_PRECOS no banco de dados...
2026-09-02T11:17:00.629-03:00  INFO 22468 --- [ecommerce] [scheduling-1] c.d.e.service.SincronizacaoService       : Ciclo finalizado. Total de atualizações enviadas: 0
2026-09-02T11:17:00.629-03:00  INFO 22468 --- [ecommerce] [scheduling-1] c.d.e.s.SincronizacaoEstoqueService      : [ESTOQUE] Lendo VW_ECOMMERCE_ESTOQUE no banco de dados...
2026-09-02T11:17:00.710-03:00  INFO 22468 --- [ecommerce] [scheduling-1] c.d.e.s.SincronizacaoEstoqueService      : [ESTOQUE] Ciclo finalizado. Total de atualizações enviadas: 0
2026-09-02T11:18:00.000-03:00  INFO 22468 --- [ecommerce] [scheduling-1] c.d.e.service.SincronizacaoService       : Lendo VW_ECOMMERCE_PRECOS no banco de dados...
2026-09-02T11:18:00.304-03:00  INFO 22468 --- [ecommerce] [scheduling-1] c.d.e.service.SincronizacaoService       : Ciclo finalizado. Total de atualizações enviadas: 0
2026-09-02T11:18:00.304-03:00  INFO 22468 --- [ecommerce] [scheduling-1] c.d.e.s.SincronizacaoEstoqueService      : [ESTOQUE] Lendo VW_ECOMMERCE_ESTOQUE no banco de dados...
2026-09-02T11:18:00.392-03:00  INFO 22468 --- [ecommerce] [scheduling-1] c.d.e.s.SincronizacaoEstoqueService      : [ESTOQUE] Ciclo finalizado. Total de atualizações enviadas: 0
2026-09-02T11:18:59.999-03:00  INFO 22468 --- [ecommerce] [scheduling-1] c.d.e.s.SincronizacaoEstoqueService      : [ESTOQUE] Lendo VW_ECOMMERCE_ESTOQUE no banco de dados...
2026-09-02T11:19:00.036-03:00  INFO 22468 --- [ecommerce] [scheduling-1] c.d.e.s.SincronizacaoEstoqueService      : [ESTOQUE] Ciclo finalizado. Total de atualizações enviadas: 0
2026-09-02T11:19:00.036-03:00  INFO 22468 --- [ecommerce] [scheduling-1] c.d.e.service.SincronizacaoService       : Lendo VW_ECOMMERCE_PRECOS no banco de dados...
2026-09-02T11:19:00.179-03:00  INFO 22468 --- [ecommerce] [scheduling-1] c.d.e.service.SincronizacaoService       : Ciclo finalizado. Total de atualizações enviadas: 0
2026-09-02T11:19:59.999-03:00  INFO 22468 --- [ecommerce] [scheduling-1] c.d.e.s.SincronizacaoEstoqueService      : [ESTOQUE] Lendo VW_ECOMMERCE_ESTOQUE no banco de dados...
2026-09-02T11:20:00.223-03:00  INFO 22468 --- [ecommerce] [scheduling-1] c.d.e.s.SincronizacaoEstoqueService      : [ESTOQUE] Ciclo finalizado. Total de atualizações enviadas: 0
2026-09-02T11:20:00.223-03:00  INFO 22468 --- [ecommerce] [scheduling-1] c.d.e.service.SincronizacaoService       : Lendo VW_ECOMMERCE_PRECOS no banco de dados...
2026-09-02T11:20:01.669-03:00  INFO 22468 --- [ecommerce] [scheduling-1] c.d.e.service.SincronizacaoService       : Ciclo finalizado. Total de atualizações enviadas: 0
2026-09-02T11:21:00.000-03:00  INFO 22468 --- [ecommerce] [scheduling-1] c.d.e.service.SincronizacaoService       : Lendo VW_ECOMMERCE_PRECOS no banco de dados...
2026-09-02T11:21:00.086-03:00  INFO 22468 --- [ecommerce] [scheduling-1] c.d.e.service.SincronizacaoService       : Ciclo finalizado. Total de atualizações enviadas: 0
2026-09-02T11:21:00.086-03:00  INFO 22468 --- [ecommerce] [scheduling-1] c.d.e.s.SincronizacaoEstoqueService      : [ESTOQUE] Lendo VW_ECOMMERCE_ESTOQUE no banco de dados...
2026-09-02T11:21:00.110-03:00  INFO 22468 --- [ecommerce] [scheduling-1] c.d.e.s.SincronizacaoEstoqueService      : [ESTOQUE] Ciclo finalizado. Total de atualizações enviadas: 0
2026-09-02T11:21:59.999-03:00  INFO 22468 --- [ecommerce] [scheduling-1] c.d.e.s.SincronizacaoEstoqueService      : [ESTOQUE] Lendo VW_ECOMMERCE_ESTOQUE no banco de dados...
2026-09-02T11:22:00.079-03:00  INFO 22468 --- [ecommerce] [scheduling-1] c.d.e.s.SincronizacaoEstoqueService      : [ESTOQUE] Ciclo finalizado. Total de atualizações enviadas: 0
2026-09-02T11:22:00.079-03:00  INFO 22468 --- [ecommerce] [scheduling-1] c.d.e.service.SincronizacaoService       : Lendo VW_ECOMMERCE_PRECOS no banco de dados...
2026-09-02T11:22:00.314-03:00  INFO 22468 --- [ecommerce] [scheduling-1] c.d.e.service.SincronizacaoService       : Ciclo finalizado. Total de atualizações enviadas: 0
2026-09-02T11:23:00.000-03:00  INFO 22468 --- [ecommerce] [scheduling-1] c.d.e.service.SincronizacaoService       : Lendo VW_ECOMMERCE_PRECOS no banco de dados...
2026-09-02T11:23:00.176-03:00  INFO 22468 --- [ecommerce] [scheduling-1] c.d.e.service.SincronizacaoService       : Ciclo finalizado. Total de atualizações enviadas: 0
2026-09-02T11:23:00.176-03:00  INFO 22468 --- [ecommerce] [scheduling-1] c.d.e.s.SincronizacaoEstoqueService      : [ESTOQUE] Lendo VW_ECOMMERCE_ESTOQUE no banco de dados...
2026-09-02T11:23:00.200-03:00  INFO 22468 --- [ecommerce] [scheduling-1] c.d.e.s.SincronizacaoEstoqueService      : [ESTOQUE] Ciclo finalizado. Total de atualizações enviadas: 0
2026-09-02T11:24:00.000-03:00  INFO 22468 --- [ecommerce] [scheduling-1] c.d.e.s.SincronizacaoEstoqueService      : [ESTOQUE] Lendo VW_ECOMMERCE_ESTOQUE no banco de dados...
2026-09-02T11:24:00.048-03:00  INFO 22468 --- [ecommerce] [scheduling-1] c.d.e.s.SincronizacaoEstoqueService      : [ESTOQUE] Ciclo finalizado. Total de atualizações enviadas: 0
2026-09-02T11:24:00.048-03:00  INFO 22468 --- [ecommerce] [scheduling-1] c.d.e.service.SincronizacaoService       : Lendo VW_ECOMMERCE_PRECOS no banco de dados...
2026-09-02T11:24:00.178-03:00  INFO 22468 --- [ecommerce] [scheduling-1] c.d.e.service.SincronizacaoService       : Ciclo finalizado. Total de atualizações enviadas: 0
2026-09-02T11:25:00.001-03:00  INFO 22468 --- [ecommerce] [scheduling-1] c.d.e.s.SincronizacaoEstoqueService      : [ESTOQUE] Lendo VW_ECOMMERCE_ESTOQUE no banco de dados...
2026-09-02T11:25:00.088-03:00  INFO 22468 --- [ecommerce] [scheduling-1] c.d.e.s.SincronizacaoEstoqueService      : [ESTOQUE] Ciclo finalizado. Total de atualizações enviadas: 0
2026-09-02T11:25:00.088-03:00  INFO 22468 --- [ecommerce] [scheduling-1] c.d.e.service.SincronizacaoService       : Lendo VW_ECOMMERCE_PRECOS no banco de dados...
2026-09-02T11:25:00.206-03:00  INFO 22468 --- [ecommerce] [scheduling-1] c.d.e.service.SincronizacaoService       : Ciclo finalizado. Total de atualizações enviadas: 0
2026-09-02T11:26:00.000-03:00  INFO 22468 --- [ecommerce] [scheduling-1] c.d.e.service.SincronizacaoService       : Lendo VW_ECOMMERCE_PRECOS no banco de dados...
2026-09-02T11:26:00.297-03:00  INFO 22468 --- [ecommerce] [scheduling-1] c.d.e.service.SincronizacaoService       : Ciclo finalizado. Total de atualizações enviadas: 0
2026-09-02T11:26:00.298-03:00  INFO 22468 --- [ecommerce] [scheduling-1] c.d.e.s.SincronizacaoEstoqueService      : [ESTOQUE] Lendo VW_ECOMMERCE_ESTOQUE no banco de dados...
2026-09-02T11:26:00.366-03:00  INFO 22468 --- [ecommerce] [scheduling-1] c.d.e.s.SincronizacaoEstoqueService      : [ESTOQUE] Ciclo finalizado. Total de atualizações enviadas: 0
2026-09-02T11:26:59.999-03:00  INFO 22468 --- [ecommerce] [scheduling-1] c.d.e.service.SincronizacaoService       : Lendo VW_ECOMMERCE_PRECOS no banco de dados...
2026-09-02T11:27:00.138-03:00  INFO 22468 --- [ecommerce] [scheduling-1] c.d.e.service.SincronizacaoService       : Ciclo finalizado. Total de atualizações enviadas: 0
2026-09-02T11:27:00.138-03:00  INFO 22468 --- [ecommerce] [scheduling-1] c.d.e.s.SincronizacaoEstoqueService      : [ESTOQUE] Lendo VW_ECOMMERCE_ESTOQUE no banco de dados...
2026-09-02T11:27:00.160-03:00  INFO 22468 --- [ecommerce] [scheduling-1] c.d.e.s.SincronizacaoEstoqueService      : [ESTOQUE] Ciclo finalizado. Total de atualizações enviadas: 0
2026-09-02T11:28:00.000-03:00  INFO 22468 --- [ecommerce] [scheduling-1] c.d.e.service.SincronizacaoService       : Lendo VW_ECOMMERCE_PRECOS no banco de dados...
2026-09-02T11:28:00.518-03:00  INFO 22468 --- [ecommerce] [scheduling-1] c.d.e.service.SincronizacaoService       : Ciclo finalizado. Total de atualizações enviadas: 0
2026-09-02T11:28:00.519-03:00  INFO 22468 --- [ecommerce] [scheduling-1] c.d.e.s.SincronizacaoEstoqueService      : [ESTOQUE] Lendo VW_ECOMMERCE_ESTOQUE no banco de dados...
2026-09-02T11:28:00.617-03:00  INFO 22468 --- [ecommerce] [scheduling-1] c.d.e.s.SincronizacaoEstoqueService      : [ESTOQUE] Ciclo finalizado. Total de atualizações enviadas: 0
2026-09-02T11:28:59.999-03:00  INFO 22468 --- [ecommerce] [scheduling-1] c.d.e.service.SincronizacaoService       : Lendo VW_ECOMMERCE_PRECOS no banco de dados...
2026-09-02T11:29:00.749-03:00  INFO 22468 --- [ecommerce] [scheduling-1] c.d.e.service.SincronizacaoService       : Ciclo finalizado. Total de atualizações enviadas: 0
2026-09-02T11:29:00.749-03:00  INFO 22468 --- [ecommerce] [scheduling-1] c.d.e.s.SincronizacaoEstoqueService      : [ESTOQUE] Lendo VW_ECOMMERCE_ESTOQUE no banco de dados...
2026-09-02T11:29:00.866-03:00  INFO 22468 --- [ecommerce] [scheduling-1] c.d.e.s.SincronizacaoEstoqueService      : [ESTOQUE] Ciclo finalizado. Total de atualizações enviadas: 0
2026-09-02T11:30:00.000-03:00  INFO 22468 --- [ecommerce] [scheduling-1] c.d.e.s.SincronizacaoEstoqueService      : [ESTOQUE] Lendo VW_ECOMMERCE_ESTOQUE no banco de dados...
2026-09-02T11:30:00.078-03:00  INFO 22468 --- [ecommerce] [scheduling-1] c.d.e.s.SincronizacaoEstoqueService      : [ESTOQUE] Ciclo finalizado. Total de atualizações enviadas: 0
2026-09-02T11:30:00.078-03:00  INFO 22468 --- [ecommerce] [scheduling-1] c.d.e.service.SincronizacaoService       : Lendo VW_ECOMMERCE_PRECOS no banco de dados...
2026-09-02T11:30:00.539-03:00  INFO 22468 --- [ecommerce] [scheduling-1] c.d.e.service.SincronizacaoService       : Ciclo finalizado. Total de atualizações enviadas: 0
2026-09-02T11:31:00.000-03:00  INFO 22468 --- [ecommerce] [scheduling-1] c.d.e.service.SincronizacaoService       : Lendo VW_ECOMMERCE_PRECOS no banco de dados...
2026-09-02T11:31:00.452-03:00  INFO 22468 --- [ecommerce] [scheduling-1] c.d.e.service.SincronizacaoService       : Ciclo finalizado. Total de atualizações enviadas: 0
2026-09-02T11:31:00.452-03:00  INFO 22468 --- [ecommerce] [scheduling-1] c.d.e.s.SincronizacaoEstoqueService      : [ESTOQUE] Lendo VW_ECOMMERCE_ESTOQUE no banco de dados...
2026-09-02T11:31:00.484-03:00  INFO 22468 --- [ecommerce] [scheduling-1] c.d.e.s.SincronizacaoEstoqueService      : [ESTOQUE] Ciclo finalizado. Total de atualizações enviadas: 0
2026-09-02T11:32:00.000-03:00  INFO 22468 --- [ecommerce] [scheduling-1] c.d.e.s.SincronizacaoEstoqueService      : [ESTOQUE] Lendo VW_ECOMMERCE_ESTOQUE no banco de dados...
2026-09-02T11:32:00.101-03:00  INFO 22468 --- [ecommerce] [scheduling-1] c.d.e.s.SincronizacaoEstoqueService      : [ESTOQUE] Ciclo finalizado. Total de atualizações enviadas: 0
2026-09-02T11:32:00.101-03:00  INFO 22468 --- [ecommerce] [scheduling-1] c.d.e.service.SincronizacaoService       : Lendo VW_ECOMMERCE_PRECOS no banco de dados...
2026-09-02T11:32:00.171-03:00  INFO 22468 --- [ecommerce] [scheduling-1] c.d.e.service.SincronizacaoService       : Ciclo finalizado. Total de atualizações enviadas: 0
2026-09-02T11:33:00.000-03:00  INFO 22468 --- [ecommerce] [scheduling-1] c.d.e.service.SincronizacaoService       : Lendo VW_ECOMMERCE_PRECOS no banco de dados...
2026-09-02T11:33:00.190-03:00  INFO 22468 --- [ecommerce] [scheduling-1] c.d.e.service.SincronizacaoService       : Ciclo finalizado. Total de atualizações enviadas: 0
2026-09-02T11:33:00.190-03:00  INFO 22468 --- [ecommerce] [scheduling-1] c.d.e.s.SincronizacaoEstoqueService      : [ESTOQUE] Lendo VW_ECOMMERCE_ESTOQUE no banco de dados...
2026-09-02T11:33:00.238-03:00  INFO 22468 --- [ecommerce] [scheduling-1] c.d.e.s.SincronizacaoEstoqueService      : [ESTOQUE] Ciclo finalizado. Total de atualizações enviadas: 0
2026-09-02T11:34:00.001-03:00  INFO 22468 --- [ecommerce] [scheduling-1] c.d.e.service.SincronizacaoService       : Lendo VW_ECOMMERCE_PRECOS no banco de dados...
2026-09-02T11:34:00.050-03:00  INFO 22468 --- [ecommerce] [scheduling-1] c.d.e.service.SincronizacaoService       : Ciclo finalizado. Total de atualizações enviadas: 0
2026-09-02T11:34:00.050-03:00  INFO 22468 --- [ecommerce] [scheduling-1] c.d.e.s.SincronizacaoEstoqueService      : [ESTOQUE] Lendo VW_ECOMMERCE_ESTOQUE no banco de dados...
2026-09-02T11:34:00.084-03:00  INFO 22468 --- [ecommerce] [scheduling-1] c.d.e.s.SincronizacaoEstoqueService      : [ESTOQUE] Ciclo finalizado. Total de atualizações enviadas: 0
2026-09-02T11:35:00.000-03:00  INFO 22468 --- [ecommerce] [scheduling-1] c.d.e.service.SincronizacaoService       : Lendo VW_ECOMMERCE_PRECOS no banco de dados...
2026-09-02T11:35:00.051-03:00  INFO 22468 --- [ecommerce] [scheduling-1] c.d.e.service.SincronizacaoService       : Ciclo finalizado. Total de atualizações enviadas: 0
2026-09-02T11:35:00.052-03:00  INFO 22468 --- [ecommerce] [scheduling-1] c.d.e.s.SincronizacaoEstoqueService      : [ESTOQUE] Lendo VW_ECOMMERCE_ESTOQUE no banco de dados...
2026-09-02T11:35:00.083-03:00  INFO 22468 --- [ecommerce] [scheduling-1] c.d.e.s.SincronizacaoEstoqueService      : [ESTOQUE] Ciclo finalizado. Total de atualizações enviadas: 0
2026-09-02T11:36:00.000-03:00  INFO 22468 --- [ecommerce] [scheduling-1] c.d.e.s.SincronizacaoEstoqueService      : [ESTOQUE] Lendo VW_ECOMMERCE_ESTOQUE no banco de dados...
2026-09-02T11:36:00.101-03:00  INFO 22468 --- [ecommerce] [scheduling-1] c.d.e.s.SincronizacaoEstoqueService      : [ESTOQUE] Ciclo finalizado. Total de atualizações enviadas: 0
2026-09-02T11:36:00.101-03:00  INFO 22468 --- [ecommerce] [scheduling-1] c.d.e.service.SincronizacaoService       : Lendo VW_ECOMMERCE_PRECOS no banco de dados...
2026-09-02T11:36:00.402-03:00  INFO 22468 --- [ecommerce] [scheduling-1] c.d.e.service.SincronizacaoService       : Ciclo finalizado. Total de atualizações enviadas: 0
2026-09-02T11:37:00.000-03:00  INFO 22468 --- [ecommerce] [scheduling-1] c.d.e.service.SincronizacaoService       : Lendo VW_ECOMMERCE_PRECOS no banco de dados...
2026-09-02T11:37:00.293-03:00  INFO 22468 --- [ecommerce] [scheduling-1] c.d.e.service.SincronizacaoService       : Ciclo finalizado. Total de atualizações enviadas: 0
2026-09-02T11:37:00.293-03:00  INFO 22468 --- [ecommerce] [scheduling-1] c.d.e.s.SincronizacaoEstoqueService      : [ESTOQUE] Lendo VW_ECOMMERCE_ESTOQUE no banco de dados...
2026-09-02T11:37:00.338-03:00  INFO 22468 --- [ecommerce] [scheduling-1] c.d.e.s.SincronizacaoEstoqueService      : [ESTOQUE] Ciclo finalizado. Total de atualizações enviadas: 0
2026-09-02T11:38:00.001-03:00  INFO 22468 --- [ecommerce] [scheduling-1] c.d.e.service.SincronizacaoService       : Lendo VW_ECOMMERCE_PRECOS no banco de dados...
2026-09-02T11:38:00.154-03:00  INFO 22468 --- [ecommerce] [scheduling-1] c.d.e.service.SincronizacaoService       : Ciclo finalizado. Total de atualizações enviadas: 0
2026-09-02T11:38:00.154-03:00  INFO 22468 --- [ecommerce] [scheduling-1] c.d.e.s.SincronizacaoEstoqueService      : [ESTOQUE] Lendo VW_ECOMMERCE_ESTOQUE no banco de dados...
2026-09-02T11:38:00.179-03:00  INFO 22468 --- [ecommerce] [scheduling-1] c.d.e.s.SincronizacaoEstoqueService      : [ESTOQUE] Ciclo finalizado. Total de atualizações enviadas: 0
2026-09-02T11:39:00.000-03:00  INFO 22468 --- [ecommerce] [scheduling-1] c.d.e.s.SincronizacaoEstoqueService      : [ESTOQUE] Lendo VW_ECOMMERCE_ESTOQUE no banco de dados...
2026-09-02T11:39:00.044-03:00  INFO 22468 --- [ecommerce] [scheduling-1] c.d.e.s.SincronizacaoEstoqueService      : [ESTOQUE] Ciclo finalizado. Total de atualizações enviadas: 0
2026-09-02T11:39:00.044-03:00  INFO 22468 --- [ecommerce] [scheduling-1] c.d.e.service.SincronizacaoService       : Lendo VW_ECOMMERCE_PRECOS no banco de dados...
2026-09-02T11:39:00.090-03:00  INFO 22468 --- [ecommerce] [scheduling-1] c.d.e.service.SincronizacaoService       : Ciclo finalizado. Total de atualizações enviadas: 0
2026-09-02T11:40:00.001-03:00  INFO 22468 --- [ecommerce] [scheduling-1] c.d.e.s.SincronizacaoEstoqueService      : [ESTOQUE] Lendo VW_ECOMMERCE_ESTOQUE no banco de dados...
2026-09-02T11:40:00.042-03:00  INFO 22468 --- [ecommerce] [scheduling-1] c.d.e.s.SincronizacaoEstoqueService      : [ESTOQUE] Ciclo finalizado. Total de atualizações enviadas: 0
2026-09-02T11:40:00.043-03:00  INFO 22468 --- [ecommerce] [scheduling-1] c.d.e.service.SincronizacaoService       : Lendo VW_ECOMMERCE_PRECOS no banco de dados...
2026-09-02T11:40:00.160-03:00  INFO 22468 --- [ecommerce] [scheduling-1] c.d.e.service.SincronizacaoService       : Ciclo finalizado. Total de atualizações enviadas: 0
2026-09-02T11:41:00.000-03:00  INFO 22468 --- [ecommerce] [scheduling-1] c.d.e.service.SincronizacaoService       : Lendo VW_ECOMMERCE_PRECOS no banco de dados...
2026-09-02T11:41:00.369-03:00  INFO 22468 --- [ecommerce] [scheduling-1] c.d.e.service.SincronizacaoService       : Ciclo finalizado. Total de atualizações enviadas: 0
2026-09-02T11:41:00.370-03:00  INFO 22468 --- [ecommerce] [scheduling-1] c.d.e.s.SincronizacaoEstoqueService      : [ESTOQUE] Lendo VW_ECOMMERCE_ESTOQUE no banco de dados...
2026-09-02T11:41:00.461-03:00  INFO 22468 --- [ecommerce] [scheduling-1] c.d.e.s.SincronizacaoEstoqueService      : [ESTOQUE] Ciclo finalizado. Total de atualizações enviadas: 0
2026-09-02T11:41:59.999-03:00  INFO 22468 --- [ecommerce] [scheduling-1] c.d.e.service.SincronizacaoService       : Lendo VW_ECOMMERCE_PRECOS no banco de dados...
2026-09-02T11:42:00.057-03:00  INFO 22468 --- [ecommerce] [scheduling-1] c.d.e.service.SincronizacaoService       : Ciclo finalizado. Total de atualizações enviadas: 0
2026-09-02T11:42:00.057-03:00  INFO 22468 --- [ecommerce] [scheduling-1] c.d.e.s.SincronizacaoEstoqueService      : [ESTOQUE] Lendo VW_ECOMMERCE_ESTOQUE no banco de dados...
2026-09-02T11:42:00.089-03:00  INFO 22468 --- [ecommerce] [scheduling-1] c.d.e.s.SincronizacaoEstoqueService      : [ESTOQUE] Ciclo finalizado. Total de atualizações enviadas: 0
2026-09-02T11:43:00.000-03:00  INFO 22468 --- [ecommerce] [scheduling-1] c.d.e.s.SincronizacaoEstoqueService      : [ESTOQUE] Lendo VW_ECOMMERCE_ESTOQUE no banco de dados...
2026-09-02T11:43:00.116-03:00  INFO 22468 --- [ecommerce] [scheduling-1] c.d.e.s.SincronizacaoEstoqueService      : [ESTOQUE] Ciclo finalizado. Total de atualizações enviadas: 0
2026-09-02T11:43:00.117-03:00  INFO 22468 --- [ecommerce] [scheduling-1] c.d.e.service.SincronizacaoService       : Lendo VW_ECOMMERCE_PRECOS no banco de dados...
2026-09-02T11:43:00.520-03:00  INFO 22468 --- [ecommerce] [scheduling-1] c.d.e.service.SincronizacaoService       : Ciclo finalizado. Total de atualizações enviadas: 0
2026-09-02T11:44:00.000-03:00  INFO 22468 --- [ecommerce] [scheduling-1] c.d.e.s.SincronizacaoEstoqueService      : [ESTOQUE] Lendo VW_ECOMMERCE_ESTOQUE no banco de dados...
2026-09-02T11:44:00.165-03:00  INFO 22468 --- [ecommerce] [scheduling-1] c.d.e.s.SincronizacaoEstoqueService      : [ESTOQUE] Ciclo finalizado. Total de atualizações enviadas: 0
2026-09-02T11:44:00.165-03:00  INFO 22468 --- [ecommerce] [scheduling-1] c.d.e.service.SincronizacaoService       : Lendo VW_ECOMMERCE_PRECOS no banco de dados...
2026-09-02T11:44:00.524-03:00  INFO 22468 --- [ecommerce] [scheduling-1] c.d.e.service.SincronizacaoService       : Ciclo finalizado. Total de atualizações enviadas: 0
2026-09-02T11:44:59.999-03:00  INFO 22468 --- [ecommerce] [scheduling-1] c.d.e.service.SincronizacaoService       : Lendo VW_ECOMMERCE_PRECOS no banco de dados...
2026-09-02T11:45:00.282-03:00  INFO 22468 --- [ecommerce] [scheduling-1] c.d.e.service.SincronizacaoService       : Ciclo finalizado. Total de atualizações enviadas: 0
2026-09-02T11:45:00.282-03:00  INFO 22468 --- [ecommerce] [scheduling-1] c.d.e.s.SincronizacaoEstoqueService      : [ESTOQUE] Lendo VW_ECOMMERCE_ESTOQUE no banco de dados...
2026-09-02T11:45:00.325-03:00  INFO 22468 --- [ecommerce] [scheduling-1] c.d.e.s.SincronizacaoEstoqueService      : [ESTOQUE] Ciclo finalizado. Total de atualizações enviadas: 0
2026-09-02T11:46:00.000-03:00  INFO 22468 --- [ecommerce] [scheduling-1] c.d.e.s.SincronizacaoEstoqueService      : [ESTOQUE] Lendo VW_ECOMMERCE_ESTOQUE no banco de dados...
2026-09-02T11:46:00.041-03:00  INFO 22468 --- [ecommerce] [scheduling-1] c.d.e.s.SincronizacaoEstoqueService      : [ESTOQUE] Ciclo finalizado. Total de atualizações enviadas: 0
2026-09-02T11:46:00.041-03:00  INFO 22468 --- [ecommerce] [scheduling-1] c.d.e.service.SincronizacaoService       : Lendo VW_ECOMMERCE_PRECOS no banco de dados...
2026-09-02T11:46:00.186-03:00  INFO 22468 --- [ecommerce] [scheduling-1] c.d.e.service.SincronizacaoService       : Ciclo finalizado. Total de atualizações enviadas: 0
2026-09-02T11:47:00.001-03:00  INFO 22468 --- [ecommerce] [scheduling-1] c.d.e.service.SincronizacaoService       : Lendo VW_ECOMMERCE_PRECOS no banco de dados...
2026-09-02T11:47:00.085-03:00  INFO 22468 --- [ecommerce] [scheduling-1] c.d.e.service.SincronizacaoService       : Ciclo finalizado. Total de atualizações enviadas: 0
2026-09-02T11:47:00.085-03:00  INFO 22468 --- [ecommerce] [scheduling-1] c.d.e.s.SincronizacaoEstoqueService      : [ESTOQUE] Lendo VW_ECOMMERCE_ESTOQUE no banco de dados...
2026-09-02T11:47:00.113-03:00  INFO 22468 --- [ecommerce] [scheduling-1] c.d.e.s.SincronizacaoEstoqueService      : [ESTOQUE] Ciclo finalizado. Total de atualizações enviadas: 0
2026-09-02T11:47:59.999-03:00  INFO 22468 --- [ecommerce] [scheduling-1] c.d.e.s.SincronizacaoEstoqueService      : [ESTOQUE] Lendo VW_ECOMMERCE_ESTOQUE no banco de dados...
2026-09-02T11:48:00.075-03:00  INFO 22468 --- [ecommerce] [scheduling-1] c.d.e.s.SincronizacaoEstoqueService      : [ESTOQUE] Ciclo finalizado. Total de atualizações enviadas: 0
2026-09-02T11:48:00.075-03:00  INFO 22468 --- [ecommerce] [scheduling-1] c.d.e.service.SincronizacaoService       : Lendo VW_ECOMMERCE_PRECOS no banco de dados...
2026-09-02T11:48:00.165-03:00  INFO 22468 --- [ecommerce] [scheduling-1] c.d.e.service.SincronizacaoService       : Ciclo finalizado. Total de atualizações enviadas: 0
2026-09-02T11:49:00.001-03:00  INFO 22468 --- [ecommerce] [scheduling-1] c.d.e.service.SincronizacaoService       : Lendo VW_ECOMMERCE_PRECOS no banco de dados...
2026-09-02T11:49:00.207-03:00  INFO 22468 --- [ecommerce] [scheduling-1] c.d.e.service.SincronizacaoService       : Ciclo finalizado. Total de atualizações enviadas: 0
2026-09-02T11:49:00.208-03:00  INFO 22468 --- [ecommerce] [scheduling-1] c.d.e.s.SincronizacaoEstoqueService      : [ESTOQUE] Lendo VW_ECOMMERCE_ESTOQUE no banco de dados...
2026-09-02T11:49:00.264-03:00  INFO 22468 --- [ecommerce] [scheduling-1] c.d.e.s.SincronizacaoEstoqueService      : [ESTOQUE] Ciclo finalizado. Total de atualizações enviadas: 0
2026-09-02T11:50:00.000-03:00  INFO 22468 --- [ecommerce] [scheduling-1] c.d.e.service.SincronizacaoService       : Lendo VW_ECOMMERCE_PRECOS no banco de dados...
2026-09-02T11:50:00.051-03:00  INFO 22468 --- [ecommerce] [scheduling-1] c.d.e.service.SincronizacaoService       : Ciclo finalizado. Total de atualizações enviadas: 0
2026-09-02T11:50:00.053-03:00  INFO 22468 --- [ecommerce] [scheduling-1] c.d.e.s.SincronizacaoEstoqueService      : [ESTOQUE] Lendo VW_ECOMMERCE_ESTOQUE no banco de dados...
2026-09-02T11:50:00.085-03:00  INFO 22468 --- [ecommerce] [scheduling-1] c.d.e.s.SincronizacaoEstoqueService      : [ESTOQUE] Ciclo finalizado. Total de atualizações enviadas: 0
2026-09-02T11:51:00.000-03:00  INFO 22468 --- [ecommerce] [scheduling-1] c.d.e.service.SincronizacaoService       : Lendo VW_ECOMMERCE_PRECOS no banco de dados...
2026-09-02T11:51:00.060-03:00  INFO 22468 --- [ecommerce] [scheduling-1] c.d.e.service.SincronizacaoService       : Ciclo finalizado. Total de atualizações enviadas: 0
2026-09-02T11:51:00.060-03:00  INFO 22468 --- [ecommerce] [scheduling-1] c.d.e.s.SincronizacaoEstoqueService      : [ESTOQUE] Lendo VW_ECOMMERCE_ESTOQUE no banco de dados...
2026-09-02T11:51:00.079-03:00  INFO 22468 --- [ecommerce] [scheduling-1] c.d.e.s.SincronizacaoEstoqueService      : [ESTOQUE] Ciclo finalizado. Total de atualizações enviadas: 0
2026-09-02T11:52:00.000-03:00  INFO 22468 --- [ecommerce] [scheduling-1] c.d.e.s.SincronizacaoEstoqueService      : [ESTOQUE] Lendo VW_ECOMMERCE_ESTOQUE no banco de dados...
2026-09-02T11:52:00.093-03:00  INFO 22468 --- [ecommerce] [scheduling-1] c.d.e.s.SincronizacaoEstoqueService      : [ESTOQUE] Ciclo finalizado. Total de atualizações enviadas: 0
2026-09-02T11:52:00.093-03:00  INFO 22468 --- [ecommerce] [scheduling-1] c.d.e.service.SincronizacaoService       : Lendo VW_ECOMMERCE_PRECOS no banco de dados...
2026-09-02T11:52:00.267-03:00  INFO 22468 --- [ecommerce] [scheduling-1] c.d.e.service.SincronizacaoService       : Ciclo finalizado. Total de atualizações enviadas: 0
2026-09-02T11:53:00.000-03:00  INFO 22468 --- [ecommerce] [scheduling-1] c.d.e.s.SincronizacaoEstoqueService      : [ESTOQUE] Lendo VW_ECOMMERCE_ESTOQUE no banco de dados...
2026-09-02T11:53:00.048-03:00  INFO 22468 --- [ecommerce] [scheduling-1] c.d.e.s.SincronizacaoEstoqueService      : [ESTOQUE] Ciclo finalizado. Total de atualizações enviadas: 0
2026-09-02T11:53:00.048-03:00  INFO 22468 --- [ecommerce] [scheduling-1] c.d.e.service.SincronizacaoService       : Lendo VW_ECOMMERCE_PRECOS no banco de dados...
2026-09-02T11:53:00.158-03:00  INFO 22468 --- [ecommerce] [scheduling-1] c.d.e.service.SincronizacaoService       : Ciclo finalizado. Total de atualizações enviadas: 0
2026-09-02T11:54:00.000-03:00  INFO 22468 --- [ecommerce] [scheduling-1] c.d.e.s.SincronizacaoEstoqueService      : [ESTOQUE] Lendo VW_ECOMMERCE_ESTOQUE no banco de dados...
2026-09-02T11:54:00.048-03:00  INFO 22468 --- [ecommerce] [scheduling-1] c.d.e.s.SincronizacaoEstoqueService      : [ESTOQUE] Ciclo finalizado. Total de atualizações enviadas: 0
2026-09-02T11:54:00.048-03:00  INFO 22468 --- [ecommerce] [scheduling-1] c.d.e.service.SincronizacaoService       : Lendo VW_ECOMMERCE_PRECOS no banco de dados...
2026-09-02T11:54:00.101-03:00  INFO 22468 --- [ecommerce] [scheduling-1] c.d.e.service.SincronizacaoService       : Ciclo finalizado. Total de atualizações enviadas: 0
2026-09-02T11:55:00.000-03:00  INFO 22468 --- [ecommerce] [scheduling-1] c.d.e.s.SincronizacaoEstoqueService      : [ESTOQUE] Lendo VW_ECOMMERCE_ESTOQUE no banco de dados...
2026-09-02T11:55:00.043-03:00  INFO 22468 --- [ecommerce] [scheduling-1] c.d.e.s.SincronizacaoEstoqueService      : [ESTOQUE] Ciclo finalizado. Total de atualizações enviadas: 0
2026-09-02T11:55:00.043-03:00  INFO 22468 --- [ecommerce] [scheduling-1] c.d.e.service.SincronizacaoService       : Lendo VW_ECOMMERCE_PRECOS no banco de dados...
2026-09-02T11:55:00.124-03:00  INFO 22468 --- [ecommerce] [scheduling-1] c.d.e.service.SincronizacaoService       : Ciclo finalizado. Total de atualizações enviadas: 0
2026-09-02T11:56:00.000-03:00  INFO 22468 --- [ecommerce] [scheduling-1] c.d.e.service.SincronizacaoService       : Lendo VW_ECOMMERCE_PRECOS no banco de dados...
2026-09-02T11:56:00.161-03:00  INFO 22468 --- [ecommerce] [scheduling-1] c.d.e.service.SincronizacaoService       : Ciclo finalizado. Total de atualizações enviadas: 0
2026-09-02T11:56:00.162-03:00  INFO 22468 --- [ecommerce] [scheduling-1] c.d.e.s.SincronizacaoEstoqueService      : [ESTOQUE] Lendo VW_ECOMMERCE_ESTOQUE no banco de dados...
2026-09-02T11:56:00.194-03:00  INFO 22468 --- [ecommerce] [scheduling-1] c.d.e.s.SincronizacaoEstoqueService      : [ESTOQUE] Ciclo finalizado. Total de atualizações enviadas: 0
2026-09-02T11:56:59.999-03:00  INFO 22468 --- [ecommerce] [scheduling-1] c.d.e.service.SincronizacaoService       : Lendo VW_ECOMMERCE_PRECOS no banco de dados...
2026-09-02T11:57:00.053-03:00  INFO 22468 --- [ecommerce] [scheduling-1] c.d.e.service.SincronizacaoService       : Ciclo finalizado. Total de atualizações enviadas: 0
2026-09-02T11:57:00.053-03:00  INFO 22468 --- [ecommerce] [scheduling-1] c.d.e.s.SincronizacaoEstoqueService      : [ESTOQUE] Lendo VW_ECOMMERCE_ESTOQUE no banco de dados...
2026-09-02T11:57:00.086-03:00  INFO 22468 --- [ecommerce] [scheduling-1] c.d.e.s.SincronizacaoEstoqueService      : [ESTOQUE] Ciclo finalizado. Total de atualizações enviadas: 0
2026-09-02T11:58:00.000-03:00  INFO 22468 --- [ecommerce] [scheduling-1] c.d.e.s.SincronizacaoEstoqueService      : [ESTOQUE] Lendo VW_ECOMMERCE_ESTOQUE no banco de dados...
2026-09-02T11:58:00.117-03:00  INFO 22468 --- [ecommerce] [scheduling-1] c.d.e.s.SincronizacaoEstoqueService      : [ESTOQUE] Ciclo finalizado. Total de atualizações enviadas: 0
2026-09-02T11:58:00.117-03:00  INFO 22468 --- [ecommerce] [scheduling-1] c.d.e.service.SincronizacaoService       : Lendo VW_ECOMMERCE_PRECOS no banco de dados...
2026-09-02T11:58:00.240-03:00  INFO 22468 --- [ecommerce] [scheduling-1] c.d.e.service.SincronizacaoService       : Ciclo finalizado. Total de atualizações enviadas: 0
2026-09-02T11:59:00.000-03:00  INFO 22468 --- [ecommerce] [scheduling-1] c.d.e.s.SincronizacaoEstoqueService      : [ESTOQUE] Lendo VW_ECOMMERCE_ESTOQUE no banco de dados...
2026-09-02T11:59:00.044-03:00  INFO 22468 --- [ecommerce] [scheduling-1] c.d.e.s.SincronizacaoEstoqueService      : [ESTOQUE] Ciclo finalizado. Total de atualizações enviadas: 0
2026-09-02T11:59:00.044-03:00  INFO 22468 --- [ecommerce] [scheduling-1] c.d.e.service.SincronizacaoService       : Lendo VW_ECOMMERCE_PRECOS no banco de dados...
2026-09-02T11:59:00.097-03:00  INFO 22468 --- [ecommerce] [scheduling-1] c.d.e.service.SincronizacaoService       : Ciclo finalizado. Total de atualizações enviadas: 0
2026-09-02T12:00:00.000-03:00  INFO 22468 --- [ecommerce] [scheduling-1] c.d.e.service.SincronizacaoService       : Lendo VW_ECOMMERCE_PRECOS no banco de dados...
2026-09-02T12:00:00.089-03:00  INFO 22468 --- [ecommerce] [scheduling-1] c.d.e.service.SincronizacaoService       : Ciclo finalizado. Total de atualizações enviadas: 0
2026-09-02T12:00:00.089-03:00  INFO 22468 --- [ecommerce] [scheduling-1] c.d.e.s.SincronizacaoEstoqueService      : [ESTOQUE] Lendo VW_ECOMMERCE_ESTOQUE no banco de dados...
2026-09-02T12:00:00.114-03:00  INFO 22468 --- [ecommerce] [scheduling-1] c.d.e.s.SincronizacaoEstoqueService      : [ESTOQUE] Ciclo finalizado. Total de atualizações enviadas: 0
2026-09-02T12:01:00.000-03:00  INFO 22468 --- [ecommerce] [scheduling-1] c.d.e.service.SincronizacaoService       : Lendo VW_ECOMMERCE_PRECOS no banco de dados...
2026-09-02T12:01:00.172-03:00  INFO 22468 --- [ecommerce] [scheduling-1] c.d.e.service.SincronizacaoService       : Ciclo finalizado. Total de atualizações enviadas: 0
2026-09-02T12:01:00.173-03:00  INFO 22468 --- [ecommerce] [scheduling-1] c.d.e.s.SincronizacaoEstoqueService      : [ESTOQUE] Lendo VW_ECOMMERCE_ESTOQUE no banco de dados...
2026-09-02T12:01:00.201-03:00  INFO 22468 --- [ecommerce] [scheduling-1] c.d.e.s.SincronizacaoEstoqueService      : [ESTOQUE] Ciclo finalizado. Total de atualizações enviadas: 0
2026-09-02T12:02:00.000-03:00  INFO 22468 --- [ecommerce] [scheduling-1] c.d.e.s.SincronizacaoEstoqueService      : [ESTOQUE] Lendo VW_ECOMMERCE_ESTOQUE no banco de dados...
2026-09-02T12:02:00.093-03:00  INFO 22468 --- [ecommerce] [scheduling-1] c.d.e.s.SincronizacaoEstoqueService      : [ESTOQUE] Ciclo finalizado. Total de atualizações enviadas: 0
2026-09-02T12:02:00.093-03:00  INFO 22468 --- [ecommerce] [scheduling-1] c.d.e.service.SincronizacaoService       : Lendo VW_ECOMMERCE_PRECOS no banco de dados...
2026-09-02T12:02:00.138-03:00  INFO 22468 --- [ecommerce] [scheduling-1] c.d.e.service.SincronizacaoService       : Ciclo finalizado. Total de atualizações enviadas: 0
2026-09-02T12:03:00.000-03:00  INFO 22468 --- [ecommerce] [scheduling-1] c.d.e.s.SincronizacaoEstoqueService      : [ESTOQUE] Lendo VW_ECOMMERCE_ESTOQUE no banco de dados...
2026-09-02T12:03:00.087-03:00  INFO 22468 --- [ecommerce] [scheduling-1] c.d.e.s.SincronizacaoEstoqueService      : [ESTOQUE] Ciclo finalizado. Total de atualizações enviadas: 0
2026-09-02T12:03:00.087-03:00  INFO 22468 --- [ecommerce] [scheduling-1] c.d.e.service.SincronizacaoService       : Lendo VW_ECOMMERCE_PRECOS no banco de dados...
2026-09-02T12:03:00.187-03:00  INFO 22468 --- [ecommerce] [scheduling-1] c.d.e.service.SincronizacaoService       : Ciclo finalizado. Total de atualizações enviadas: 0
2026-09-02T12:03:59.999-03:00  INFO 22468 --- [ecommerce] [scheduling-1] c.d.e.service.SincronizacaoService       : Lendo VW_ECOMMERCE_PRECOS no banco de dados...
2026-09-02T12:04:00.071-03:00  INFO 22468 --- [ecommerce] [scheduling-1] c.d.e.service.SincronizacaoService       : Ciclo finalizado. Total de atualizações enviadas: 0
2026-09-02T12:04:00.071-03:00  INFO 22468 --- [ecommerce] [scheduling-1] c.d.e.s.SincronizacaoEstoqueService      : [ESTOQUE] Lendo VW_ECOMMERCE_ESTOQUE no banco de dados...
2026-09-02T12:04:00.116-03:00  INFO 22468 --- [ecommerce] [scheduling-1] c.d.e.s.SincronizacaoEstoqueService      : [ESTOQUE] Ciclo finalizado. Total de atualizações enviadas: 0
2026-09-02T12:05:00.001-03:00  INFO 22468 --- [ecommerce] [scheduling-1] c.d.e.service.SincronizacaoService       : Lendo VW_ECOMMERCE_PRECOS no banco de dados...
2026-09-02T12:05:00.205-03:00  INFO 22468 --- [ecommerce] [scheduling-1] c.d.e.service.SincronizacaoService       : Ciclo finalizado. Total de atualizações enviadas: 0
2026-09-02T12:05:00.205-03:00  INFO 22468 --- [ecommerce] [scheduling-1] c.d.e.s.SincronizacaoEstoqueService      : [ESTOQUE] Lendo VW_ECOMMERCE_ESTOQUE no banco de dados...
2026-09-02T12:05:00.232-03:00  INFO 22468 --- [ecommerce] [scheduling-1] c.d.e.s.SincronizacaoEstoqueService      : [ESTOQUE] Ciclo finalizado. Total de atualizações enviadas: 0
2026-09-02T12:06:00.001-03:00  INFO 22468 --- [ecommerce] [scheduling-1] c.d.e.service.SincronizacaoService       : Lendo VW_ECOMMERCE_PRECOS no banco de dados...
2026-09-02T12:06:00.277-03:00  INFO 22468 --- [ecommerce] [scheduling-1] c.d.e.service.SincronizacaoService       : Ciclo finalizado. Total de atualizações enviadas: 0
2026-09-02T12:06:00.278-03:00  INFO 22468 --- [ecommerce] [scheduling-1] c.d.e.s.SincronizacaoEstoqueService      : [ESTOQUE] Lendo VW_ECOMMERCE_ESTOQUE no banco de dados...
2026-09-02T12:06:00.306-03:00  INFO 22468 --- [ecommerce] [scheduling-1] c.d.e.s.SincronizacaoEstoqueService      : [ESTOQUE] Ciclo finalizado. Total de atualizações enviadas: 0
2026-09-02T12:07:00.001-03:00  INFO 22468 --- [ecommerce] [scheduling-1] c.d.e.service.SincronizacaoService       : Lendo VW_ECOMMERCE_PRECOS no banco de dados...
2026-09-02T12:07:00.191-03:00  INFO 22468 --- [ecommerce] [scheduling-1] c.d.e.service.SincronizacaoService       : Ciclo finalizado. Total de atualizações enviadas: 0
2026-09-02T12:07:00.192-03:00  INFO 22468 --- [ecommerce] [scheduling-1] c.d.e.s.SincronizacaoEstoqueService      : [ESTOQUE] Lendo VW_ECOMMERCE_ESTOQUE no banco de dados...
2026-09-02T12:07:00.224-03:00  INFO 22468 --- [ecommerce] [scheduling-1] c.d.e.s.SincronizacaoEstoqueService      : [ESTOQUE] Ciclo finalizado. Total de atualizações enviadas: 0
2026-09-02T12:08:00.000-03:00  INFO 22468 --- [ecommerce] [scheduling-1] c.d.e.service.SincronizacaoService       : Lendo VW_ECOMMERCE_PRECOS no banco de dados...
2026-09-02T12:08:00.144-03:00  INFO 22468 --- [ecommerce] [scheduling-1] c.d.e.service.SincronizacaoService       : Ciclo finalizado. Total de atualizações enviadas: 0
2026-09-02T12:08:00.145-03:00  INFO 22468 --- [ecommerce] [scheduling-1] c.d.e.s.SincronizacaoEstoqueService      : [ESTOQUE] Lendo VW_ECOMMERCE_ESTOQUE no banco de dados...
2026-09-02T12:08:00.174-03:00  INFO 22468 --- [ecommerce] [scheduling-1] c.d.e.s.SincronizacaoEstoqueService      : [ESTOQUE] Ciclo finalizado. Total de atualizações enviadas: 0
2026-09-02T12:08:59.999-03:00  INFO 22468 --- [ecommerce] [scheduling-1] c.d.e.service.SincronizacaoService       : Lendo VW_ECOMMERCE_PRECOS no banco de dados...
2026-09-02T12:09:00.052-03:00  INFO 22468 --- [ecommerce] [scheduling-1] c.d.e.service.SincronizacaoService       : Ciclo finalizado. Total de atualizações enviadas: 0
2026-09-02T12:09:00.052-03:00  INFO 22468 --- [ecommerce] [scheduling-1] c.d.e.s.SincronizacaoEstoqueService      : [ESTOQUE] Lendo VW_ECOMMERCE_ESTOQUE no banco de dados...
2026-09-02T12:09:00.075-03:00  INFO 22468 --- [ecommerce] [scheduling-1] c.d.e.s.SincronizacaoEstoqueService      : [ESTOQUE] Ciclo finalizado. Total de atualizações enviadas: 0
2026-09-02T12:10:00.000-03:00  INFO 22468 --- [ecommerce] [scheduling-1] c.d.e.s.SincronizacaoEstoqueService      : [ESTOQUE] Lendo VW_ECOMMERCE_ESTOQUE no banco de dados...
2026-09-02T12:10:00.042-03:00  INFO 22468 --- [ecommerce] [scheduling-1] c.d.e.s.SincronizacaoEstoqueService      : [ESTOQUE] Ciclo finalizado. Total de atualizações enviadas: 0
2026-09-02T12:10:00.042-03:00  INFO 22468 --- [ecommerce] [scheduling-1] c.d.e.service.SincronizacaoService       : Lendo VW_ECOMMERCE_PRECOS no banco de dados...
2026-09-02T12:10:00.179-03:00  INFO 22468 --- [ecommerce] [scheduling-1] c.d.e.service.SincronizacaoService       : Ciclo finalizado. Total de atualizações enviadas: 0
2026-09-02T12:11:00.000-03:00  INFO 22468 --- [ecommerce] [scheduling-1] c.d.e.service.SincronizacaoService       : Lendo VW_ECOMMERCE_PRECOS no banco de dados...
2026-09-02T12:11:00.085-03:00  INFO 22468 --- [ecommerce] [scheduling-1] c.d.e.service.SincronizacaoService       : Ciclo finalizado. Total de atualizações enviadas: 0
2026-09-02T12:11:00.085-03:00  INFO 22468 --- [ecommerce] [scheduling-1] c.d.e.s.SincronizacaoEstoqueService      : [ESTOQUE] Lendo VW_ECOMMERCE_ESTOQUE no banco de dados...
2026-09-02T12:11:00.110-03:00  INFO 22468 --- [ecommerce] [scheduling-1] c.d.e.s.SincronizacaoEstoqueService      : [ESTOQUE] Ciclo finalizado. Total de atualizações enviadas: 0
2026-09-02T12:12:00.000-03:00  INFO 22468 --- [ecommerce] [scheduling-1] c.d.e.service.SincronizacaoService       : Lendo VW_ECOMMERCE_PRECOS no banco de dados...
2026-09-02T12:12:00.132-03:00  INFO 22468 --- [ecommerce] [scheduling-1] c.d.e.service.SincronizacaoService       : Ciclo finalizado. Total de atualizações enviadas: 0
2026-09-02T12:12:00.132-03:00  INFO 22468 --- [ecommerce] [scheduling-1] c.d.e.s.SincronizacaoEstoqueService      : [ESTOQUE] Lendo VW_ECOMMERCE_ESTOQUE no banco de dados...
2026-09-02T12:12:00.153-03:00  INFO 22468 --- [ecommerce] [scheduling-1] c.d.e.s.SincronizacaoEstoqueService      : [ESTOQUE] Ciclo finalizado. Total de atualizações enviadas: 0
2026-09-02T12:13:00.000-03:00  INFO 22468 --- [ecommerce] [scheduling-1] c.d.e.s.SincronizacaoEstoqueService      : [ESTOQUE] Lendo VW_ECOMMERCE_ESTOQUE no banco de dados...
2026-09-02T12:13:00.066-03:00  INFO 22468 --- [ecommerce] [scheduling-1] c.d.e.s.SincronizacaoEstoqueService      : [ESTOQUE] Ciclo finalizado. Total de atualizações enviadas: 0
2026-09-02T12:13:00.066-03:00  INFO 22468 --- [ecommerce] [scheduling-1] c.d.e.service.SincronizacaoService       : Lendo VW_ECOMMERCE_PRECOS no banco de dados...
2026-09-02T12:13:00.116-03:00  INFO 22468 --- [ecommerce] [scheduling-1] c.d.e.service.SincronizacaoService       : Ciclo finalizado. Total de atualizações enviadas: 0
2026-09-02T12:14:00.000-03:00  INFO 22468 --- [ecommerce] [scheduling-1] c.d.e.s.SincronizacaoEstoqueService      : [ESTOQUE] Lendo VW_ECOMMERCE_ESTOQUE no banco de dados...
2026-09-02T12:14:00.045-03:00  INFO 22468 --- [ecommerce] [scheduling-1] c.d.e.s.SincronizacaoEstoqueService      : [ESTOQUE] Ciclo finalizado. Total de atualizações enviadas: 0
2026-09-02T12:14:00.045-03:00  INFO 22468 --- [ecommerce] [scheduling-1] c.d.e.service.SincronizacaoService       : Lendo VW_ECOMMERCE_PRECOS no banco de dados...
2026-09-02T12:14:00.181-03:00  INFO 22468 --- [ecommerce] [scheduling-1] c.d.e.service.SincronizacaoService       : Ciclo finalizado. Total de atualizações enviadas: 0
2026-09-02T12:15:00.000-03:00  INFO 22468 --- [ecommerce] [scheduling-1] c.d.e.s.SincronizacaoEstoqueService      : [ESTOQUE] Lendo VW_ECOMMERCE_ESTOQUE no banco de dados...
2026-09-02T12:15:00.091-03:00  INFO 22468 --- [ecommerce] [scheduling-1] c.d.e.s.SincronizacaoEstoqueService      : [ESTOQUE] Ciclo finalizado. Total de atualizações enviadas: 0
2026-09-02T12:15:00.092-03:00  INFO 22468 --- [ecommerce] [scheduling-1] c.d.e.service.SincronizacaoService       : Lendo VW_ECOMMERCE_PRECOS no banco de dados...
2026-09-02T12:15:00.135-03:00  INFO 22468 --- [ecommerce] [scheduling-1] c.d.e.service.SincronizacaoService       : Ciclo finalizado. Total de atualizações enviadas: 0
2026-09-02T12:16:00.000-03:00  INFO 22468 --- [ecommerce] [scheduling-1] c.d.e.service.SincronizacaoService       : Lendo VW_ECOMMERCE_PRECOS no banco de dados...
2026-09-02T12:16:00.167-03:00  INFO 22468 --- [ecommerce] [scheduling-1] c.d.e.service.SincronizacaoService       : Ciclo finalizado. Total de atualizações enviadas: 0
2026-09-02T12:16:00.168-03:00  INFO 22468 --- [ecommerce] [scheduling-1] c.d.e.s.SincronizacaoEstoqueService      : [ESTOQUE] Lendo VW_ECOMMERCE_ESTOQUE no banco de dados...
2026-09-02T12:16:00.192-03:00  INFO 22468 --- [ecommerce] [scheduling-1] c.d.e.s.SincronizacaoEstoqueService      : [ESTOQUE] Ciclo finalizado. Total de atualizações enviadas: 0
2026-09-02T12:16:59.999-03:00  INFO 22468 --- [ecommerce] [scheduling-1] c.d.e.service.SincronizacaoService       : Lendo VW_ECOMMERCE_PRECOS no banco de dados...
2026-09-02T12:17:00.060-03:00  INFO 22468 --- [ecommerce] [scheduling-1] c.d.e.service.SincronizacaoService       : Ciclo finalizado. Total de atualizações enviadas: 0
2026-09-02T12:17:00.061-03:00  INFO 22468 --- [ecommerce] [scheduling-1] c.d.e.s.SincronizacaoEstoqueService      : [ESTOQUE] Lendo VW_ECOMMERCE_ESTOQUE no banco de dados...
2026-09-02T12:17:00.092-03:00  INFO 22468 --- [ecommerce] [scheduling-1] c.d.e.s.SincronizacaoEstoqueService      : [ESTOQUE] Ciclo finalizado. Total de atualizações enviadas: 0
2026-09-02T12:18:00.000-03:00  INFO 22468 --- [ecommerce] [scheduling-1] c.d.e.s.SincronizacaoEstoqueService      : [ESTOQUE] Lendo VW_ECOMMERCE_ESTOQUE no banco de dados...
2026-09-02T12:18:00.039-03:00  INFO 22468 --- [ecommerce] [scheduling-1] c.d.e.s.SincronizacaoEstoqueService      : [ESTOQUE] Ciclo finalizado. Total de atualizações enviadas: 0
2026-09-02T12:18:00.039-03:00  INFO 22468 --- [ecommerce] [scheduling-1] c.d.e.service.SincronizacaoService       : Lendo VW_ECOMMERCE_PRECOS no banco de dados...
2026-09-02T12:18:00.141-03:00  INFO 22468 --- [ecommerce] [scheduling-1] c.d.e.service.SincronizacaoService       : Ciclo finalizado. Total de atualizações enviadas: 0
2026-09-02T12:19:00.000-03:00  INFO 22468 --- [ecommerce] [scheduling-1] c.d.e.service.SincronizacaoService       : Lendo VW_ECOMMERCE_PRECOS no banco de dados...
2026-09-02T12:19:00.588-03:00  INFO 22468 --- [ecommerce] [scheduling-1] c.d.e.service.SincronizacaoService       : Ciclo finalizado. Total de atualizações enviadas: 0
2026-09-02T12:19:00.588-03:00  INFO 22468 --- [ecommerce] [scheduling-1] c.d.e.s.SincronizacaoEstoqueService      : [ESTOQUE] Lendo VW_ECOMMERCE_ESTOQUE no banco de dados...
2026-09-02T12:19:00.662-03:00  INFO 22468 --- [ecommerce] [scheduling-1] c.d.e.s.SincronizacaoEstoqueService      : [ESTOQUE] Ciclo finalizado. Total de atualizações enviadas: 0
2026-09-02T12:20:00.001-03:00  INFO 22468 --- [ecommerce] [scheduling-1] c.d.e.s.SincronizacaoEstoqueService      : [ESTOQUE] Lendo VW_ECOMMERCE_ESTOQUE no banco de dados...
2026-09-02T12:20:00.132-03:00  INFO 22468 --- [ecommerce] [scheduling-1] c.d.e.s.SincronizacaoEstoqueService      : [ESTOQUE] Ciclo finalizado. Total de atualizações enviadas: 0
2026-09-02T12:20:00.132-03:00  INFO 22468 --- [ecommerce] [scheduling-1] c.d.e.service.SincronizacaoService       : Lendo VW_ECOMMERCE_PRECOS no banco de dados...
2026-09-02T12:20:00.749-03:00  INFO 22468 --- [ecommerce] [scheduling-1] c.d.e.service.SincronizacaoService       : Ciclo finalizado. Total de atualizações enviadas: 0
2026-09-02T12:21:00.000-03:00  INFO 22468 --- [ecommerce] [scheduling-1] c.d.e.service.SincronizacaoService       : Lendo VW_ECOMMERCE_PRECOS no banco de dados...
2026-09-02T12:21:00.129-03:00  INFO 22468 --- [ecommerce] [scheduling-1] c.d.e.service.SincronizacaoService       : Ciclo finalizado. Total de atualizações enviadas: 0
2026-09-02T12:21:00.130-03:00  INFO 22468 --- [ecommerce] [scheduling-1] c.d.e.s.SincronizacaoEstoqueService      : [ESTOQUE] Lendo VW_ECOMMERCE_ESTOQUE no banco de dados...
2026-09-02T12:21:00.149-03:00  INFO 22468 --- [ecommerce] [scheduling-1] c.d.e.s.SincronizacaoEstoqueService      : [ESTOQUE] Ciclo finalizado. Total de atualizações enviadas: 0
2026-09-02T12:22:00.000-03:00  INFO 22468 --- [ecommerce] [scheduling-1] c.d.e.service.SincronizacaoService       : Lendo VW_ECOMMERCE_PRECOS no banco de dados...
2026-09-02T12:22:00.233-03:00  INFO 22468 --- [ecommerce] [scheduling-1] c.d.e.service.SincronizacaoService       : Ciclo finalizado. Total de atualizações enviadas: 0
2026-09-02T12:22:00.233-03:00  INFO 22468 --- [ecommerce] [scheduling-1] c.d.e.s.SincronizacaoEstoqueService      : [ESTOQUE] Lendo VW_ECOMMERCE_ESTOQUE no banco de dados...
2026-09-02T12:22:00.288-03:00  INFO 22468 --- [ecommerce] [scheduling-1] c.d.e.s.SincronizacaoEstoqueService      : [ESTOQUE] Ciclo finalizado. Total de atualizações enviadas: 0
2026-09-02T12:23:00.000-03:00  INFO 22468 --- [ecommerce] [scheduling-1] c.d.e.s.SincronizacaoEstoqueService      : [ESTOQUE] Lendo VW_ECOMMERCE_ESTOQUE no banco de dados...
2026-09-02T12:23:00.091-03:00  INFO 22468 --- [ecommerce] [scheduling-1] c.d.e.s.SincronizacaoEstoqueService      : [ESTOQUE] Ciclo finalizado. Total de atualizações enviadas: 0
2026-09-02T12:23:00.092-03:00  INFO 22468 --- [ecommerce] [scheduling-1] c.d.e.service.SincronizacaoService       : Lendo VW_ECOMMERCE_PRECOS no banco de dados...
2026-09-02T12:23:00.321-03:00  INFO 22468 --- [ecommerce] [scheduling-1] c.d.e.service.SincronizacaoService       : Ciclo finalizado. Total de atualizações enviadas: 0
2026-09-02T12:23:59.999-03:00  INFO 22468 --- [ecommerce] [scheduling-1] c.d.e.s.SincronizacaoEstoqueService      : [ESTOQUE] Lendo VW_ECOMMERCE_ESTOQUE no banco de dados...
2026-09-02T12:24:00.066-03:00  INFO 22468 --- [ecommerce] [scheduling-1] c.d.e.s.SincronizacaoEstoqueService      : [ESTOQUE] Ciclo finalizado. Total de atualizações enviadas: 0
2026-09-02T12:24:00.066-03:00  INFO 22468 --- [ecommerce] [scheduling-1] c.d.e.service.SincronizacaoService       : Lendo VW_ECOMMERCE_PRECOS no banco de dados...
2026-09-02T12:24:00.221-03:00  INFO 22468 --- [ecommerce] [scheduling-1] c.d.e.service.SincronizacaoService       : Ciclo finalizado. Total de atualizações enviadas: 0
2026-09-02T12:25:00.000-03:00  INFO 22468 --- [ecommerce] [scheduling-1] c.d.e.service.SincronizacaoService       : Lendo VW_ECOMMERCE_PRECOS no banco de dados...
2026-09-02T12:25:00.059-03:00  INFO 22468 --- [ecommerce] [scheduling-1] c.d.e.service.SincronizacaoService       : Ciclo finalizado. Total de atualizações enviadas: 0
2026-09-02T12:25:00.059-03:00  INFO 22468 --- [ecommerce] [scheduling-1] c.d.e.s.SincronizacaoEstoqueService      : [ESTOQUE] Lendo VW_ECOMMERCE_ESTOQUE no banco de dados...
2026-09-02T12:25:00.094-03:00  INFO 22468 --- [ecommerce] [scheduling-1] c.d.e.s.SincronizacaoEstoqueService      : [ESTOQUE] Ciclo finalizado. Total de atualizações enviadas: 0
2026-09-02T12:26:00.000-03:00  INFO 22468 --- [ecommerce] [scheduling-1] c.d.e.s.SincronizacaoEstoqueService      : [ESTOQUE] Lendo VW_ECOMMERCE_ESTOQUE no banco de dados...
2026-09-02T12:26:00.036-03:00  INFO 22468 --- [ecommerce] [scheduling-1] c.d.e.s.SincronizacaoEstoqueService      : [ESTOQUE] Ciclo finalizado. Total de atualizações enviadas: 0
2026-09-02T12:26:00.037-03:00  INFO 22468 --- [ecommerce] [scheduling-1] c.d.e.service.SincronizacaoService       : Lendo VW_ECOMMERCE_PRECOS no banco de dados...
2026-09-02T12:26:00.087-03:00  INFO 22468 --- [ecommerce] [scheduling-1] c.d.e.service.SincronizacaoService       : Ciclo finalizado. Total de atualizações enviadas: 0
2026-09-02T12:27:00.000-03:00  INFO 22468 --- [ecommerce] [scheduling-1] c.d.e.s.SincronizacaoEstoqueService      : [ESTOQUE] Lendo VW_ECOMMERCE_ESTOQUE no banco de dados...
2026-09-02T12:27:00.046-03:00  INFO 22468 --- [ecommerce] [scheduling-1] c.d.e.s.SincronizacaoEstoqueService      : [ESTOQUE] Ciclo finalizado. Total de atualizações enviadas: 0
2026-09-02T12:27:00.047-03:00  INFO 22468 --- [ecommerce] [scheduling-1] c.d.e.service.SincronizacaoService       : Lendo VW_ECOMMERCE_PRECOS no banco de dados...
2026-09-02T12:27:00.197-03:00  INFO 22468 --- [ecommerce] [scheduling-1] c.d.e.service.SincronizacaoService       : Ciclo finalizado. Total de atualizações enviadas: 0
2026-09-02T12:27:59.999-03:00  INFO 22468 --- [ecommerce] [scheduling-1] c.d.e.s.SincronizacaoEstoqueService      : [ESTOQUE] Lendo VW_ECOMMERCE_ESTOQUE no banco de dados...
2026-09-02T12:28:00.085-03:00  INFO 22468 --- [ecommerce] [scheduling-1] c.d.e.s.SincronizacaoEstoqueService      : [ESTOQUE] Ciclo finalizado. Total de atualizações enviadas: 0
2026-09-02T12:28:00.085-03:00  INFO 22468 --- [ecommerce] [scheduling-1] c.d.e.service.SincronizacaoService       : Lendo VW_ECOMMERCE_PRECOS no banco de dados...
2026-09-02T12:28:00.230-03:00  INFO 22468 --- [ecommerce] [scheduling-1] c.d.e.service.SincronizacaoService       : Ciclo finalizado. Total de atualizações enviadas: 0
2026-09-02T12:28:59.999-03:00  INFO 22468 --- [ecommerce] [scheduling-1] c.d.e.service.SincronizacaoService       : Lendo VW_ECOMMERCE_PRECOS no banco de dados...
2026-09-02T12:29:00.177-03:00  INFO 22468 --- [ecommerce] [scheduling-1] c.d.e.service.SincronizacaoService       : Ciclo finalizado. Total de atualizações enviadas: 0
2026-09-02T12:29:00.177-03:00  INFO 22468 --- [ecommerce] [scheduling-1] c.d.e.s.SincronizacaoEstoqueService      : [ESTOQUE] Lendo VW_ECOMMERCE_ESTOQUE no banco de dados...
2026-09-02T12:29:00.207-03:00  INFO 22468 --- [ecommerce] [scheduling-1] c.d.e.s.SincronizacaoEstoqueService      : [ESTOQUE] Ciclo finalizado. Total de atualizações enviadas: 0
2026-09-02T12:30:00.000-03:00  INFO 22468 --- [ecommerce] [scheduling-1] c.d.e.service.SincronizacaoService       : Lendo VW_ECOMMERCE_PRECOS no banco de dados...
2026-09-02T12:30:00.148-03:00  INFO 22468 --- [ecommerce] [scheduling-1] c.d.e.service.SincronizacaoService       : Ciclo finalizado. Total de atualizações enviadas: 0
2026-09-02T12:30:00.148-03:00  INFO 22468 --- [ecommerce] [scheduling-1] c.d.e.s.SincronizacaoEstoqueService      : [ESTOQUE] Lendo VW_ECOMMERCE_ESTOQUE no banco de dados...
2026-09-02T12:30:00.171-03:00  INFO 22468 --- [ecommerce] [scheduling-1] c.d.e.s.SincronizacaoEstoqueService      : [ESTOQUE] Ciclo finalizado. Total de atualizações enviadas: 0
2026-09-02T12:31:00.000-03:00  INFO 22468 --- [ecommerce] [scheduling-1] c.d.e.s.SincronizacaoEstoqueService      : [ESTOQUE] Lendo VW_ECOMMERCE_ESTOQUE no banco de dados...
2026-09-02T12:31:00.040-03:00  INFO 22468 --- [ecommerce] [scheduling-1] c.d.e.s.SincronizacaoEstoqueService      : [ESTOQUE] Ciclo finalizado. Total de atualizações enviadas: 0
2026-09-02T12:31:00.040-03:00  INFO 22468 --- [ecommerce] [scheduling-1] c.d.e.service.SincronizacaoService       : Lendo VW_ECOMMERCE_PRECOS no banco de dados...
2026-09-02T12:31:00.130-03:00  INFO 22468 --- [ecommerce] [scheduling-1] c.d.e.service.SincronizacaoService       : Ciclo finalizado. Total de atualizações enviadas: 0
2026-09-02T12:32:00.000-03:00  INFO 22468 --- [ecommerce] [scheduling-1] c.d.e.service.SincronizacaoService       : Lendo VW_ECOMMERCE_PRECOS no banco de dados...
2026-09-02T12:32:00.104-03:00  INFO 22468 --- [ecommerce] [scheduling-1] c.d.e.service.SincronizacaoService       : Ciclo finalizado. Total de atualizações enviadas: 0
2026-09-02T12:32:00.104-03:00  INFO 22468 --- [ecommerce] [scheduling-1] c.d.e.s.SincronizacaoEstoqueService      : [ESTOQUE] Lendo VW_ECOMMERCE_ESTOQUE no banco de dados...
2026-09-02T12:32:00.124-03:00  INFO 22468 --- [ecommerce] [scheduling-1] c.d.e.s.SincronizacaoEstoqueService      : [ESTOQUE] Ciclo finalizado. Total de atualizações enviadas: 0
2026-09-02T12:33:00.000-03:00  INFO 22468 --- [ecommerce] [scheduling-1] c.d.e.s.SincronizacaoEstoqueService      : [ESTOQUE] Lendo VW_ECOMMERCE_ESTOQUE no banco de dados...
2026-09-02T12:33:00.064-03:00  INFO 22468 --- [ecommerce] [scheduling-1] c.d.e.s.SincronizacaoEstoqueService      : [ESTOQUE] Ciclo finalizado. Total de atualizações enviadas: 0
2026-09-02T12:33:00.065-03:00  INFO 22468 --- [ecommerce] [scheduling-1] c.d.e.service.SincronizacaoService       : Lendo VW_ECOMMERCE_PRECOS no banco de dados...
2026-09-02T12:33:00.435-03:00  INFO 22468 --- [ecommerce] [scheduling-1] c.d.e.service.SincronizacaoService       : Ciclo finalizado. Total de atualizações enviadas: 0
2026-09-02T12:34:00.000-03:00  INFO 22468 --- [ecommerce] [scheduling-1] c.d.e.s.SincronizacaoEstoqueService      : [ESTOQUE] Lendo VW_ECOMMERCE_ESTOQUE no banco de dados...
2026-09-02T12:34:00.097-03:00  INFO 22468 --- [ecommerce] [scheduling-1] c.d.e.s.SincronizacaoEstoqueService      : [ESTOQUE] Ciclo finalizado. Total de atualizações enviadas: 0
2026-09-02T12:34:00.097-03:00  INFO 22468 --- [ecommerce] [scheduling-1] c.d.e.service.SincronizacaoService       : Lendo VW_ECOMMERCE_PRECOS no banco de dados...
2026-09-02T12:34:00.312-03:00  INFO 22468 --- [ecommerce] [scheduling-1] c.d.e.service.SincronizacaoService       : Ciclo finalizado. Total de atualizações enviadas: 0
2026-09-02T12:35:00.001-03:00  INFO 22468 --- [ecommerce] [scheduling-1] c.d.e.s.SincronizacaoEstoqueService      : [ESTOQUE] Lendo VW_ECOMMERCE_ESTOQUE no banco de dados...
2026-09-02T12:35:00.044-03:00  INFO 22468 --- [ecommerce] [scheduling-1] c.d.e.s.SincronizacaoEstoqueService      : [ESTOQUE] Ciclo finalizado. Total de atualizações enviadas: 0
2026-09-02T12:35:00.044-03:00  INFO 22468 --- [ecommerce] [scheduling-1] c.d.e.service.SincronizacaoService       : Lendo VW_ECOMMERCE_PRECOS no banco de dados...
2026-09-02T12:35:00.149-03:00  INFO 22468 --- [ecommerce] [scheduling-1] c.d.e.service.SincronizacaoService       : Ciclo finalizado. Total de atualizações enviadas: 0
2026-09-02T12:36:00.000-03:00  INFO 22468 --- [ecommerce] [scheduling-1] c.d.e.service.SincronizacaoService       : Lendo VW_ECOMMERCE_PRECOS no banco de dados...
2026-09-02T12:36:00.180-03:00  INFO 22468 --- [ecommerce] [scheduling-1] c.d.e.service.SincronizacaoService       : Ciclo finalizado. Total de atualizações enviadas: 0
2026-09-02T12:36:00.181-03:00  INFO 22468 --- [ecommerce] [scheduling-1] c.d.e.s.SincronizacaoEstoqueService      : [ESTOQUE] Lendo VW_ECOMMERCE_ESTOQUE no banco de dados...
2026-09-02T12:36:00.222-03:00  INFO 22468 --- [ecommerce] [scheduling-1] c.d.e.s.SincronizacaoEstoqueService      : [ESTOQUE] Ciclo finalizado. Total de atualizações enviadas: 0
2026-09-02T12:37:00.000-03:00  INFO 22468 --- [ecommerce] [scheduling-1] c.d.e.s.SincronizacaoEstoqueService      : [ESTOQUE] Lendo VW_ECOMMERCE_ESTOQUE no banco de dados...
2026-09-02T12:37:00.090-03:00  INFO 22468 --- [ecommerce] [scheduling-1] c.d.e.s.SincronizacaoEstoqueService      : [ESTOQUE] Ciclo finalizado. Total de atualizações enviadas: 0
2026-09-02T12:37:00.091-03:00  INFO 22468 --- [ecommerce] [scheduling-1] c.d.e.service.SincronizacaoService       : Lendo VW_ECOMMERCE_PRECOS no banco de dados...
2026-09-02T12:37:00.225-03:00  INFO 22468 --- [ecommerce] [scheduling-1] c.d.e.service.SincronizacaoService       : Ciclo finalizado. Total de atualizações enviadas: 0
2026-09-02T12:37:59.999-03:00  INFO 22468 --- [ecommerce] [scheduling-1] c.d.e.s.SincronizacaoEstoqueService      : [ESTOQUE] Lendo VW_ECOMMERCE_ESTOQUE no banco de dados...
2026-09-02T12:38:00.048-03:00  INFO 22468 --- [ecommerce] [scheduling-1] c.d.e.s.SincronizacaoEstoqueService      : [ESTOQUE] Ciclo finalizado. Total de atualizações enviadas: 0
2026-09-02T12:38:00.049-03:00  INFO 22468 --- [ecommerce] [scheduling-1] c.d.e.service.SincronizacaoService       : Lendo VW_ECOMMERCE_PRECOS no banco de dados...
2026-09-02T12:38:00.119-03:00  INFO 22468 --- [ecommerce] [scheduling-1] c.d.e.service.SincronizacaoService       : Ciclo finalizado. Total de atualizações enviadas: 0
2026-09-02T12:38:59.999-03:00  INFO 22468 --- [ecommerce] [scheduling-1] c.d.e.s.SincronizacaoEstoqueService      : [ESTOQUE] Lendo VW_ECOMMERCE_ESTOQUE no banco de dados...
2026-09-02T12:39:00.049-03:00  INFO 22468 --- [ecommerce] [scheduling-1] c.d.e.s.SincronizacaoEstoqueService      : [ESTOQUE] Ciclo finalizado. Total de atualizações enviadas: 0
2026-09-02T12:39:00.049-03:00  INFO 22468 --- [ecommerce] [scheduling-1] c.d.e.service.SincronizacaoService       : Lendo VW_ECOMMERCE_PRECOS no banco de dados...
2026-09-02T12:39:00.139-03:00  INFO 22468 --- [ecommerce] [scheduling-1] c.d.e.service.SincronizacaoService       : Ciclo finalizado. Total de atualizações enviadas: 0
2026-09-02T12:40:00.000-03:00  INFO 22468 --- [ecommerce] [scheduling-1] c.d.e.service.SincronizacaoService       : Lendo VW_ECOMMERCE_PRECOS no banco de dados...
2026-09-02T12:40:00.051-03:00  INFO 22468 --- [ecommerce] [scheduling-1] c.d.e.service.SincronizacaoService       : Ciclo finalizado. Total de atualizações enviadas: 0
2026-09-02T12:40:00.051-03:00  INFO 22468 --- [ecommerce] [scheduling-1] c.d.e.s.SincronizacaoEstoqueService      : [ESTOQUE] Lendo VW_ECOMMERCE_ESTOQUE no banco de dados...
2026-09-02T12:40:00.081-03:00  INFO 22468 --- [ecommerce] [scheduling-1] c.d.e.s.SincronizacaoEstoqueService      : [ESTOQUE] Ciclo finalizado. Total de atualizações enviadas: 0
2026-09-02T12:41:00.000-03:00  INFO 22468 --- [ecommerce] [scheduling-1] c.d.e.s.SincronizacaoEstoqueService      : [ESTOQUE] Lendo VW_ECOMMERCE_ESTOQUE no banco de dados...
2026-09-02T12:41:00.122-03:00  INFO 22468 --- [ecommerce] [scheduling-1] c.d.e.s.SincronizacaoEstoqueService      : [ESTOQUE] Ciclo finalizado. Total de atualizações enviadas: 0
2026-09-02T12:41:00.122-03:00  INFO 22468 --- [ecommerce] [scheduling-1] c.d.e.service.SincronizacaoService       : Lendo VW_ECOMMERCE_PRECOS no banco de dados...
2026-09-02T12:41:00.505-03:00  INFO 22468 --- [ecommerce] [scheduling-1] c.d.e.service.SincronizacaoService       : Ciclo finalizado. Total de atualizações enviadas: 0
2026-09-02T12:42:00.000-03:00  INFO 22468 --- [ecommerce] [scheduling-1] c.d.e.service.SincronizacaoService       : Lendo VW_ECOMMERCE_PRECOS no banco de dados...
2026-09-02T12:42:00.090-03:00  INFO 22468 --- [ecommerce] [scheduling-1] c.d.e.service.SincronizacaoService       : Ciclo finalizado. Total de atualizações enviadas: 0
2026-09-02T12:42:00.090-03:00  INFO 22468 --- [ecommerce] [scheduling-1] c.d.e.s.SincronizacaoEstoqueService      : [ESTOQUE] Lendo VW_ECOMMERCE_ESTOQUE no banco de dados...
2026-09-02T12:42:00.113-03:00  INFO 22468 --- [ecommerce] [scheduling-1] c.d.e.s.SincronizacaoEstoqueService      : [ESTOQUE] Ciclo finalizado. Total de atualizações enviadas: 0
2026-09-02T12:43:00.000-03:00  INFO 22468 --- [ecommerce] [scheduling-1] c.d.e.s.SincronizacaoEstoqueService      : [ESTOQUE] Lendo VW_ECOMMERCE_ESTOQUE no banco de dados...
2026-09-02T12:43:00.032-03:00  INFO 22468 --- [ecommerce] [scheduling-1] c.d.e.s.SincronizacaoEstoqueService      : [ESTOQUE] Ciclo finalizado. Total de atualizações enviadas: 0
2026-09-02T12:43:00.032-03:00  INFO 22468 --- [ecommerce] [scheduling-1] c.d.e.service.SincronizacaoService       : Lendo VW_ECOMMERCE_PRECOS no banco de dados...
2026-09-02T12:43:00.075-03:00  INFO 22468 --- [ecommerce] [scheduling-1] c.d.e.service.SincronizacaoService       : Ciclo finalizado. Total de atualizações enviadas: 0
2026-09-02T12:44:00.000-03:00  INFO 22468 --- [ecommerce] [scheduling-1] c.d.e.service.SincronizacaoService       : Lendo VW_ECOMMERCE_PRECOS no banco de dados...
2026-09-02T12:44:00.097-03:00  INFO 22468 --- [ecommerce] [scheduling-1] c.d.e.service.SincronizacaoService       : Ciclo finalizado. Total de atualizações enviadas: 0
2026-09-02T12:44:00.097-03:00  INFO 22468 --- [ecommerce] [scheduling-1] c.d.e.s.SincronizacaoEstoqueService      : [ESTOQUE] Lendo VW_ECOMMERCE_ESTOQUE no banco de dados...
2026-09-02T12:44:00.119-03:00  INFO 22468 --- [ecommerce] [scheduling-1] c.d.e.s.SincronizacaoEstoqueService      : [ESTOQUE] Ciclo finalizado. Total de atualizações enviadas: 0
2026-09-02T12:45:00.001-03:00  INFO 22468 --- [ecommerce] [scheduling-1] c.d.e.service.SincronizacaoService       : Lendo VW_ECOMMERCE_PRECOS no banco de dados...
2026-09-02T12:45:00.090-03:00  INFO 22468 --- [ecommerce] [scheduling-1] c.d.e.service.SincronizacaoService       : Ciclo finalizado. Total de atualizações enviadas: 0
2026-09-02T12:45:00.090-03:00  INFO 22468 --- [ecommerce] [scheduling-1] c.d.e.s.SincronizacaoEstoqueService      : [ESTOQUE] Lendo VW_ECOMMERCE_ESTOQUE no banco de dados...
2026-09-02T12:45:00.115-03:00  INFO 22468 --- [ecommerce] [scheduling-1] c.d.e.s.SincronizacaoEstoqueService      : [ESTOQUE] Ciclo finalizado. Total de atualizações enviadas: 0
2026-09-02T12:46:00.000-03:00  INFO 22468 --- [ecommerce] [scheduling-1] c.d.e.service.SincronizacaoService       : Lendo VW_ECOMMERCE_PRECOS no banco de dados...
2026-09-02T12:46:00.109-03:00  INFO 22468 --- [ecommerce] [scheduling-1] c.d.e.service.SincronizacaoService       : Ciclo finalizado. Total de atualizações enviadas: 0
2026-09-02T12:46:00.110-03:00  INFO 22468 --- [ecommerce] [scheduling-1] c.d.e.s.SincronizacaoEstoqueService      : [ESTOQUE] Lendo VW_ECOMMERCE_ESTOQUE no banco de dados...
2026-09-02T12:46:00.131-03:00  INFO 22468 --- [ecommerce] [scheduling-1] c.d.e.s.SincronizacaoEstoqueService      : [ESTOQUE] Ciclo finalizado. Total de atualizações enviadas: 0
2026-09-02T12:47:00.000-03:00  INFO 22468 --- [ecommerce] [scheduling-1] c.d.e.service.SincronizacaoService       : Lendo VW_ECOMMERCE_PRECOS no banco de dados...
2026-09-02T12:47:00.054-03:00  INFO 22468 --- [ecommerce] [scheduling-1] c.d.e.service.SincronizacaoService       : Ciclo finalizado. Total de atualizações enviadas: 0
2026-09-02T12:47:00.054-03:00  INFO 22468 --- [ecommerce] [scheduling-1] c.d.e.s.SincronizacaoEstoqueService      : [ESTOQUE] Lendo VW_ECOMMERCE_ESTOQUE no banco de dados...
2026-09-02T12:47:00.086-03:00  INFO 22468 --- [ecommerce] [scheduling-1] c.d.e.s.SincronizacaoEstoqueService      : [ESTOQUE] Ciclo finalizado. Total de atualizações enviadas: 0
2026-09-02T12:48:00.000-03:00  INFO 22468 --- [ecommerce] [scheduling-1] c.d.e.service.SincronizacaoService       : Lendo VW_ECOMMERCE_PRECOS no banco de dados...
2026-09-02T12:48:00.078-03:00  INFO 22468 --- [ecommerce] [scheduling-1] c.d.e.service.SincronizacaoService       : Ciclo finalizado. Total de atualizações enviadas: 0
2026-09-02T12:48:00.078-03:00  INFO 22468 --- [ecommerce] [scheduling-1] c.d.e.s.SincronizacaoEstoqueService      : [ESTOQUE] Lendo VW_ECOMMERCE_ESTOQUE no banco de dados...
2026-09-02T12:48:00.105-03:00  INFO 22468 --- [ecommerce] [scheduling-1] c.d.e.s.SincronizacaoEstoqueService      : [ESTOQUE] Ciclo finalizado. Total de atualizações enviadas: 0
2026-09-02T12:49:00.000-03:00  INFO 22468 --- [ecommerce] [scheduling-1] c.d.e.s.SincronizacaoEstoqueService      : [ESTOQUE] Lendo VW_ECOMMERCE_ESTOQUE no banco de dados...
2026-09-02T12:49:00.052-03:00  INFO 22468 --- [ecommerce] [scheduling-1] c.d.e.s.SincronizacaoEstoqueService      : [ESTOQUE] Ciclo finalizado. Total de atualizações enviadas: 0
2026-09-02T12:49:00.052-03:00  INFO 22468 --- [ecommerce] [scheduling-1] c.d.e.service.SincronizacaoService       : Lendo VW_ECOMMERCE_PRECOS no banco de dados...
2026-09-02T12:49:00.160-03:00  INFO 22468 --- [ecommerce] [scheduling-1] c.d.e.service.SincronizacaoService       : Ciclo finalizado. Total de atualizações enviadas: 0
2026-09-02T12:50:00.001-03:00  INFO 22468 --- [ecommerce] [scheduling-1] c.d.e.service.SincronizacaoService       : Lendo VW_ECOMMERCE_PRECOS no banco de dados...
2026-09-02T12:50:00.166-03:00  INFO 22468 --- [ecommerce] [scheduling-1] c.d.e.service.SincronizacaoService       : Ciclo finalizado. Total de atualizações enviadas: 0
2026-09-02T12:50:00.167-03:00  INFO 22468 --- [ecommerce] [scheduling-1] c.d.e.s.SincronizacaoEstoqueService      : [ESTOQUE] Lendo VW_ECOMMERCE_ESTOQUE no banco de dados...
2026-09-02T12:50:00.218-03:00  INFO 22468 --- [ecommerce] [scheduling-1] c.d.e.s.SincronizacaoEstoqueService      : [ESTOQUE] Ciclo finalizado. Total de atualizações enviadas: 0
2026-09-02T12:51:00.000-03:00  INFO 22468 --- [ecommerce] [scheduling-1] c.d.e.service.SincronizacaoService       : Lendo VW_ECOMMERCE_PRECOS no banco de dados...
2026-09-02T12:51:00.055-03:00  INFO 22468 --- [ecommerce] [scheduling-1] c.d.e.service.SincronizacaoService       : Ciclo finalizado. Total de atualizações enviadas: 0
2026-09-02T12:51:00.055-03:00  INFO 22468 --- [ecommerce] [scheduling-1] c.d.e.s.SincronizacaoEstoqueService      : [ESTOQUE] Lendo VW_ECOMMERCE_ESTOQUE no banco de dados...
2026-09-02T12:51:00.088-03:00  INFO 22468 --- [ecommerce] [scheduling-1] c.d.e.s.SincronizacaoEstoqueService      : [ESTOQUE] Ciclo finalizado. Total de atualizações enviadas: 0
2026-09-02T12:52:00.000-03:00  INFO 22468 --- [ecommerce] [scheduling-1] c.d.e.service.SincronizacaoService       : Lendo VW_ECOMMERCE_PRECOS no banco de dados...
2026-09-02T12:52:00.060-03:00  INFO 22468 --- [ecommerce] [scheduling-1] c.d.e.service.SincronizacaoService       : Ciclo finalizado. Total de atualizações enviadas: 0
2026-09-02T12:52:00.060-03:00  INFO 22468 --- [ecommerce] [scheduling-1] c.d.e.s.SincronizacaoEstoqueService      : [ESTOQUE] Lendo VW_ECOMMERCE_ESTOQUE no banco de dados...
2026-09-02T12:52:00.086-03:00  INFO 22468 --- [ecommerce] [scheduling-1] c.d.e.s.SincronizacaoEstoqueService      : [ESTOQUE] Ciclo finalizado. Total de atualizações enviadas: 0
2026-09-02T12:53:00.001-03:00  INFO 22468 --- [ecommerce] [scheduling-1] c.d.e.service.SincronizacaoService       : Lendo VW_ECOMMERCE_PRECOS no banco de dados...
2026-09-02T12:53:00.076-03:00  INFO 22468 --- [ecommerce] [scheduling-1] c.d.e.service.SincronizacaoService       : Ciclo finalizado. Total de atualizações enviadas: 0
2026-09-02T12:53:00.076-03:00  INFO 22468 --- [ecommerce] [scheduling-1] c.d.e.s.SincronizacaoEstoqueService      : [ESTOQUE] Lendo VW_ECOMMERCE_ESTOQUE no banco de dados...
2026-09-02T12:53:00.118-03:00  INFO 22468 --- [ecommerce] [scheduling-1] c.d.e.s.SincronizacaoEstoqueService      : [ESTOQUE] Ciclo finalizado. Total de atualizações enviadas: 0
2026-09-02T12:54:00.000-03:00  INFO 22468 --- [ecommerce] [scheduling-1] c.d.e.service.SincronizacaoService       : Lendo VW_ECOMMERCE_PRECOS no banco de dados...
2026-09-02T12:54:00.304-03:00  INFO 22468 --- [ecommerce] [scheduling-1] c.d.e.service.SincronizacaoService       : Ciclo finalizado. Total de atualizações enviadas: 0
2026-09-02T12:54:00.304-03:00  INFO 22468 --- [ecommerce] [scheduling-1] c.d.e.s.SincronizacaoEstoqueService      : [ESTOQUE] Lendo VW_ECOMMERCE_ESTOQUE no banco de dados...
2026-09-02T12:54:00.363-03:00  INFO 22468 --- [ecommerce] [scheduling-1] c.d.e.s.SincronizacaoEstoqueService      : [ESTOQUE] Ciclo finalizado. Total de atualizações enviadas: 0
2026-09-02T12:55:00.000-03:00  INFO 22468 --- [ecommerce] [scheduling-1] c.d.e.s.SincronizacaoEstoqueService      : [ESTOQUE] Lendo VW_ECOMMERCE_ESTOQUE no banco de dados...
2026-09-02T12:55:00.099-03:00  INFO 22468 --- [ecommerce] [scheduling-1] c.d.e.s.SincronizacaoEstoqueService      : [ESTOQUE] Ciclo finalizado. Total de atualizações enviadas: 0
2026-09-02T12:55:00.099-03:00  INFO 22468 --- [ecommerce] [scheduling-1] c.d.e.service.SincronizacaoService       : Lendo VW_ECOMMERCE_PRECOS no banco de dados...
2026-09-02T12:55:00.148-03:00  INFO 22468 --- [ecommerce] [scheduling-1] c.d.e.service.SincronizacaoService       : Ciclo finalizado. Total de atualizações enviadas: 0
2026-09-02T12:56:00.000-03:00  INFO 22468 --- [ecommerce] [scheduling-1] c.d.e.service.SincronizacaoService       : Lendo VW_ECOMMERCE_PRECOS no banco de dados...
2026-09-02T12:56:00.499-03:00  INFO 22468 --- [ecommerce] [scheduling-1] c.d.e.service.SincronizacaoService       : Ciclo finalizado. Total de atualizações enviadas: 0
2026-09-02T12:56:00.500-03:00  INFO 22468 --- [ecommerce] [scheduling-1] c.d.e.s.SincronizacaoEstoqueService      : [ESTOQUE] Lendo VW_ECOMMERCE_ESTOQUE no banco de dados...
2026-09-02T12:56:00.574-03:00  INFO 22468 --- [ecommerce] [scheduling-1] c.d.e.s.SincronizacaoEstoqueService      : [ESTOQUE] Ciclo finalizado. Total de atualizações enviadas: 0
2026-09-02T12:57:00.000-03:00  INFO 22468 --- [ecommerce] [scheduling-1] c.d.e.service.SincronizacaoService       : Lendo VW_ECOMMERCE_PRECOS no banco de dados...
2026-09-02T12:57:00.229-03:00  INFO 22468 --- [ecommerce] [scheduling-1] c.d.e.service.SincronizacaoService       : Ciclo finalizado. Total de atualizações enviadas: 0
2026-09-02T12:57:00.229-03:00  INFO 22468 --- [ecommerce] [scheduling-1] c.d.e.s.SincronizacaoEstoqueService      : [ESTOQUE] Lendo VW_ECOMMERCE_ESTOQUE no banco de dados...
2026-09-02T12:57:00.265-03:00  INFO 22468 --- [ecommerce] [scheduling-1] c.d.e.s.SincronizacaoEstoqueService      : [ESTOQUE] Ciclo finalizado. Total de atualizações enviadas: 0
2026-09-02T12:58:00.000-03:00  INFO 22468 --- [ecommerce] [scheduling-1] c.d.e.service.SincronizacaoService       : Lendo VW_ECOMMERCE_PRECOS no banco de dados...
2026-09-02T12:58:00.394-03:00  INFO 22468 --- [ecommerce] [scheduling-1] c.d.e.service.SincronizacaoService       : Ciclo finalizado. Total de atualizações enviadas: 0
2026-09-02T12:58:00.394-03:00  INFO 22468 --- [ecommerce] [scheduling-1] c.d.e.s.SincronizacaoEstoqueService      : [ESTOQUE] Lendo VW_ECOMMERCE_ESTOQUE no banco de dados...
2026-09-02T12:58:00.445-03:00  INFO 22468 --- [ecommerce] [scheduling-1] c.d.e.s.SincronizacaoEstoqueService      : [ESTOQUE] Ciclo finalizado. Total de atualizações enviadas: 0
2026-09-02T12:59:00.001-03:00  INFO 22468 --- [ecommerce] [scheduling-1] c.d.e.service.SincronizacaoService       : Lendo VW_ECOMMERCE_PRECOS no banco de dados...
2026-09-02T12:59:00.100-03:00  INFO 22468 --- [ecommerce] [scheduling-1] c.d.e.service.SincronizacaoService       : Ciclo finalizado. Total de atualizações enviadas: 0
2026-09-02T12:59:00.100-03:00  INFO 22468 --- [ecommerce] [scheduling-1] c.d.e.s.SincronizacaoEstoqueService      : [ESTOQUE] Lendo VW_ECOMMERCE_ESTOQUE no banco de dados...
2026-09-02T12:59:00.122-03:00  INFO 22468 --- [ecommerce] [scheduling-1] c.d.e.s.SincronizacaoEstoqueService      : [ESTOQUE] Ciclo finalizado. Total de atualizações enviadas: 0
2026-09-02T13:00:00.000-03:00  INFO 22468 --- [ecommerce] [scheduling-1] c.d.e.s.SincronizacaoEstoqueService      : [ESTOQUE] Lendo VW_ECOMMERCE_ESTOQUE no banco de dados...
2026-09-02T13:00:00.070-03:00  INFO 22468 --- [ecommerce] [scheduling-1] c.d.e.s.SincronizacaoEstoqueService      : [ESTOQUE] Ciclo finalizado. Total de atualizações enviadas: 0
2026-09-02T13:00:00.071-03:00  INFO 22468 --- [ecommerce] [scheduling-1] c.d.e.service.SincronizacaoService       : Lendo VW_ECOMMERCE_PRECOS no banco de dados...
2026-09-02T13:00:00.319-03:00  INFO 22468 --- [ecommerce] [scheduling-1] c.d.e.service.SincronizacaoService       : Ciclo finalizado. Total de atualizações enviadas: 0
2026-09-02T13:01:00.000-03:00  INFO 22468 --- [ecommerce] [scheduling-1] c.d.e.s.SincronizacaoEstoqueService      : [ESTOQUE] Lendo VW_ECOMMERCE_ESTOQUE no banco de dados...
2026-09-02T13:01:00.045-03:00  INFO 22468 --- [ecommerce] [scheduling-1] c.d.e.s.SincronizacaoEstoqueService      : [ESTOQUE] Ciclo finalizado. Total de atualizações enviadas: 0
2026-09-02T13:01:00.045-03:00  INFO 22468 --- [ecommerce] [scheduling-1] c.d.e.service.SincronizacaoService       : Lendo VW_ECOMMERCE_PRECOS no banco de dados...
2026-09-02T13:01:00.133-03:00  INFO 22468 --- [ecommerce] [scheduling-1] c.d.e.service.SincronizacaoService       : Ciclo finalizado. Total de atualizações enviadas: 0
2026-09-02T13:02:00.000-03:00  INFO 22468 --- [ecommerce] [scheduling-1] c.d.e.s.SincronizacaoEstoqueService      : [ESTOQUE] Lendo VW_ECOMMERCE_ESTOQUE no banco de dados...
2026-09-02T13:02:00.040-03:00  INFO 22468 --- [ecommerce] [scheduling-1] c.d.e.s.SincronizacaoEstoqueService      : [ESTOQUE] Ciclo finalizado. Total de atualizações enviadas: 0
2026-09-02T13:02:00.040-03:00  INFO 22468 --- [ecommerce] [scheduling-1] c.d.e.service.SincronizacaoService       : Lendo VW_ECOMMERCE_PRECOS no banco de dados...
2026-09-02T13:02:00.116-03:00  INFO 22468 --- [ecommerce] [scheduling-1] c.d.e.service.SincronizacaoService       : Ciclo finalizado. Total de atualizações enviadas: 0
2026-09-02T13:03:00.000-03:00  INFO 22468 --- [ecommerce] [scheduling-1] c.d.e.service.SincronizacaoService       : Lendo VW_ECOMMERCE_PRECOS no banco de dados...
2026-09-02T13:03:00.089-03:00  INFO 22468 --- [ecommerce] [scheduling-1] c.d.e.service.SincronizacaoService       : Ciclo finalizado. Total de atualizações enviadas: 0
2026-09-02T13:03:00.089-03:00  INFO 22468 --- [ecommerce] [scheduling-1] c.d.e.s.SincronizacaoEstoqueService      : [ESTOQUE] Lendo VW_ECOMMERCE_ESTOQUE no banco de dados...
2026-09-02T13:03:00.110-03:00  INFO 22468 --- [ecommerce] [scheduling-1] c.d.e.s.SincronizacaoEstoqueService      : [ESTOQUE] Ciclo finalizado. Total de atualizações enviadas: 0
2026-09-02T13:04:00.002-03:00  INFO 22468 --- [ecommerce] [scheduling-1] c.d.e.service.SincronizacaoService       : Lendo VW_ECOMMERCE_PRECOS no banco de dados...
2026-09-02T13:04:00.277-03:00  INFO 22468 --- [ecommerce] [scheduling-1] c.d.e.service.SincronizacaoService       : Ciclo finalizado. Total de atualizações enviadas: 0
2026-09-02T13:04:00.277-03:00  INFO 22468 --- [ecommerce] [scheduling-1] c.d.e.s.SincronizacaoEstoqueService      : [ESTOQUE] Lendo VW_ECOMMERCE_ESTOQUE no banco de dados...
2026-09-02T13:04:00.303-03:00  INFO 22468 --- [ecommerce] [scheduling-1] c.d.e.s.SincronizacaoEstoqueService      : [ESTOQUE] Ciclo finalizado. Total de atualizações enviadas: 0
2026-09-02T13:05:00.000-03:00  INFO 22468 --- [ecommerce] [scheduling-1] c.d.e.service.SincronizacaoService       : Lendo VW_ECOMMERCE_PRECOS no banco de dados...
2026-09-02T13:05:00.135-03:00  INFO 22468 --- [ecommerce] [scheduling-1] c.d.e.service.SincronizacaoService       : Ciclo finalizado. Total de atualizações enviadas: 0
2026-09-02T13:05:00.135-03:00  INFO 22468 --- [ecommerce] [scheduling-1] c.d.e.s.SincronizacaoEstoqueService      : [ESTOQUE] Lendo VW_ECOMMERCE_ESTOQUE no banco de dados...
2026-09-02T13:05:00.174-03:00  INFO 22468 --- [ecommerce] [scheduling-1] c.d.e.s.SincronizacaoEstoqueService      : [ESTOQUE] Ciclo finalizado. Total de atualizações enviadas: 0
2026-09-02T13:06:00.001-03:00  INFO 22468 --- [ecommerce] [scheduling-1] c.d.e.s.SincronizacaoEstoqueService      : [ESTOQUE] Lendo VW_ECOMMERCE_ESTOQUE no banco de dados...
2026-09-02T13:06:00.082-03:00  INFO 22468 --- [ecommerce] [scheduling-1] c.d.e.s.SincronizacaoEstoqueService      : [ESTOQUE] Ciclo finalizado. Total de atualizações enviadas: 0
2026-09-02T13:06:00.083-03:00  INFO 22468 --- [ecommerce] [scheduling-1] c.d.e.service.SincronizacaoService       : Lendo VW_ECOMMERCE_PRECOS no banco de dados...
2026-09-02T13:06:00.154-03:00  INFO 22468 --- [ecommerce] [scheduling-1] c.d.e.service.SincronizacaoService       : Ciclo finalizado. Total de atualizações enviadas: 0
2026-09-02T13:07:00.000-03:00  INFO 22468 --- [ecommerce] [scheduling-1] c.d.e.s.SincronizacaoEstoqueService      : [ESTOQUE] Lendo VW_ECOMMERCE_ESTOQUE no banco de dados...
2026-09-02T13:07:00.085-03:00  INFO 22468 --- [ecommerce] [scheduling-1] c.d.e.s.SincronizacaoEstoqueService      : [ESTOQUE] Ciclo finalizado. Total de atualizações enviadas: 0
2026-09-02T13:07:00.085-03:00  INFO 22468 --- [ecommerce] [scheduling-1] c.d.e.service.SincronizacaoService       : Lendo VW_ECOMMERCE_PRECOS no banco de dados...
2026-09-02T13:07:00.253-03:00  INFO 22468 --- [ecommerce] [scheduling-1] c.d.e.service.SincronizacaoService       : Ciclo finalizado. Total de atualizações enviadas: 0
2026-09-02T13:08:00.000-03:00  INFO 22468 --- [ecommerce] [scheduling-1] c.d.e.s.SincronizacaoEstoqueService      : [ESTOQUE] Lendo VW_ECOMMERCE_ESTOQUE no banco de dados...
2026-09-02T13:08:00.042-03:00  INFO 22468 --- [ecommerce] [scheduling-1] c.d.e.s.SincronizacaoEstoqueService      : [ESTOQUE] Ciclo finalizado. Total de atualizações enviadas: 0
2026-09-02T13:08:00.043-03:00  INFO 22468 --- [ecommerce] [scheduling-1] c.d.e.service.SincronizacaoService       : Lendo VW_ECOMMERCE_PRECOS no banco de dados...
2026-09-02T13:08:00.091-03:00  INFO 22468 --- [ecommerce] [scheduling-1] c.d.e.service.SincronizacaoService       : Ciclo finalizado. Total de atualizações enviadas: 0
2026-09-02T13:09:00.000-03:00  INFO 22468 --- [ecommerce] [scheduling-1] c.d.e.s.SincronizacaoEstoqueService      : [ESTOQUE] Lendo VW_ECOMMERCE_ESTOQUE no banco de dados...
2026-09-02T13:09:00.086-03:00  INFO 22468 --- [ecommerce] [scheduling-1] c.d.e.s.SincronizacaoEstoqueService      : [ESTOQUE] Ciclo finalizado. Total de atualizações enviadas: 0
2026-09-02T13:09:00.087-03:00  INFO 22468 --- [ecommerce] [scheduling-1] c.d.e.service.SincronizacaoService       : Lendo VW_ECOMMERCE_PRECOS no banco de dados...
2026-09-02T13:09:00.231-03:00  INFO 22468 --- [ecommerce] [scheduling-1] c.d.e.service.SincronizacaoService       : Ciclo finalizado. Total de atualizações enviadas: 0
2026-09-02T13:10:00.000-03:00  INFO 22468 --- [ecommerce] [scheduling-1] c.d.e.s.SincronizacaoEstoqueService      : [ESTOQUE] Lendo VW_ECOMMERCE_ESTOQUE no banco de dados...
2026-09-02T13:10:00.045-03:00  INFO 22468 --- [ecommerce] [scheduling-1] c.d.e.s.SincronizacaoEstoqueService      : [ESTOQUE] Ciclo finalizado. Total de atualizações enviadas: 0
2026-09-02T13:10:00.045-03:00  INFO 22468 --- [ecommerce] [scheduling-1] c.d.e.service.SincronizacaoService       : Lendo VW_ECOMMERCE_PRECOS no banco de dados...
2026-09-02T13:10:00.137-03:00  INFO 22468 --- [ecommerce] [scheduling-1] c.d.e.service.SincronizacaoService       : Ciclo finalizado. Total de atualizações enviadas: 0
2026-09-02T13:11:00.000-03:00  INFO 22468 --- [ecommerce] [scheduling-1] c.d.e.service.SincronizacaoService       : Lendo VW_ECOMMERCE_PRECOS no banco de dados...
2026-09-02T13:11:00.107-03:00  INFO 22468 --- [ecommerce] [scheduling-1] c.d.e.service.SincronizacaoService       : Ciclo finalizado. Total de atualizações enviadas: 0
2026-09-02T13:11:00.108-03:00  INFO 22468 --- [ecommerce] [scheduling-1] c.d.e.s.SincronizacaoEstoqueService      : [ESTOQUE] Lendo VW_ECOMMERCE_ESTOQUE no banco de dados...
2026-09-02T13:11:00.131-03:00  INFO 22468 --- [ecommerce] [scheduling-1] c.d.e.s.SincronizacaoEstoqueService      : [ESTOQUE] Ciclo finalizado. Total de atualizações enviadas: 0
2026-09-02T13:12:00.002-03:00  INFO 22468 --- [ecommerce] [scheduling-1] c.d.e.s.SincronizacaoEstoqueService      : [ESTOQUE] Lendo VW_ECOMMERCE_ESTOQUE no banco de dados...
2026-09-02T13:12:00.112-03:00  INFO 22468 --- [ecommerce] [scheduling-1] c.d.e.s.SincronizacaoEstoqueService      : [ESTOQUE] Ciclo finalizado. Total de atualizações enviadas: 0
2026-09-02T13:12:00.113-03:00  INFO 22468 --- [ecommerce] [scheduling-1] c.d.e.service.SincronizacaoService       : Lendo VW_ECOMMERCE_PRECOS no banco de dados...
2026-09-02T13:12:00.524-03:00  INFO 22468 --- [ecommerce] [scheduling-1] c.d.e.service.SincronizacaoService       : Ciclo finalizado. Total de atualizações enviadas: 0
2026-09-02T13:12:59.999-03:00  INFO 22468 --- [ecommerce] [scheduling-1] c.d.e.s.SincronizacaoEstoqueService      : [ESTOQUE] Lendo VW_ECOMMERCE_ESTOQUE no banco de dados...
2026-09-02T13:13:00.087-03:00  INFO 22468 --- [ecommerce] [scheduling-1] c.d.e.s.SincronizacaoEstoqueService      : [ESTOQUE] Ciclo finalizado. Total de atualizações enviadas: 0
2026-09-02T13:13:00.087-03:00  INFO 22468 --- [ecommerce] [scheduling-1] c.d.e.service.SincronizacaoService       : Lendo VW_ECOMMERCE_PRECOS no banco de dados...
2026-09-02T13:13:00.137-03:00  INFO 22468 --- [ecommerce] [scheduling-1] c.d.e.service.SincronizacaoService       : Ciclo finalizado. Total de atualizações enviadas: 0
2026-09-02T13:14:00.000-03:00  INFO 22468 --- [ecommerce] [scheduling-1] c.d.e.service.SincronizacaoService       : Lendo VW_ECOMMERCE_PRECOS no banco de dados...
2026-09-02T13:14:00.079-03:00  INFO 22468 --- [ecommerce] [scheduling-1] c.d.e.service.SincronizacaoService       : Ciclo finalizado. Total de atualizações enviadas: 0
2026-09-02T13:14:00.079-03:00  INFO 22468 --- [ecommerce] [scheduling-1] c.d.e.s.SincronizacaoEstoqueService      : [ESTOQUE] Lendo VW_ECOMMERCE_ESTOQUE no banco de dados...
2026-09-02T13:14:00.111-03:00  INFO 22468 --- [ecommerce] [scheduling-1] c.d.e.s.SincronizacaoEstoqueService      : [ESTOQUE] Ciclo finalizado. Total de atualizações enviadas: 0
2026-09-02T13:15:00.000-03:00  INFO 22468 --- [ecommerce] [scheduling-1] c.d.e.s.SincronizacaoEstoqueService      : [ESTOQUE] Lendo VW_ECOMMERCE_ESTOQUE no banco de dados...
2026-09-02T13:15:00.092-03:00  INFO 22468 --- [ecommerce] [scheduling-1] c.d.e.s.SincronizacaoEstoqueService      : [ESTOQUE] Ciclo finalizado. Total de atualizações enviadas: 0
2026-09-02T13:15:00.092-03:00  INFO 22468 --- [ecommerce] [scheduling-1] c.d.e.service.SincronizacaoService       : Lendo VW_ECOMMERCE_PRECOS no banco de dados...
2026-09-02T13:15:00.143-03:00  INFO 22468 --- [ecommerce] [scheduling-1] c.d.e.service.SincronizacaoService       : Ciclo finalizado. Total de atualizações enviadas: 0
2026-09-02T13:16:00.000-03:00  INFO 22468 --- [ecommerce] [scheduling-1] c.d.e.s.SincronizacaoEstoqueService      : [ESTOQUE] Lendo VW_ECOMMERCE_ESTOQUE no banco de dados...
2026-09-02T13:16:00.304-03:00  INFO 22468 --- [ecommerce] [scheduling-1] c.d.e.s.SincronizacaoEstoqueService      : [ESTOQUE] Ciclo finalizado. Total de atualizações enviadas: 0
2026-09-02T13:16:00.304-03:00  INFO 22468 --- [ecommerce] [scheduling-1] c.d.e.service.SincronizacaoService       : Lendo VW_ECOMMERCE_PRECOS no banco de dados...
2026-09-02T13:16:01.506-03:00  INFO 22468 --- [ecommerce] [scheduling-1] c.d.e.service.SincronizacaoService       : Ciclo finalizado. Total de atualizações enviadas: 0
2026-09-02T13:17:00.000-03:00  INFO 22468 --- [ecommerce] [scheduling-1] c.d.e.s.SincronizacaoEstoqueService      : [ESTOQUE] Lendo VW_ECOMMERCE_ESTOQUE no banco de dados...
2026-09-02T13:17:00.061-03:00  INFO 22468 --- [ecommerce] [scheduling-1] c.d.e.s.SincronizacaoEstoqueService      : [ESTOQUE] Ciclo finalizado. Total de atualizações enviadas: 0
2026-09-02T13:17:00.061-03:00  INFO 22468 --- [ecommerce] [scheduling-1] c.d.e.service.SincronizacaoService       : Lendo VW_ECOMMERCE_PRECOS no banco de dados...
2026-09-02T13:17:00.187-03:00  INFO 22468 --- [ecommerce] [scheduling-1] c.d.e.service.SincronizacaoService       : Ciclo finalizado. Total de atualizações enviadas: 0
2026-09-02T13:18:00.000-03:00  INFO 22468 --- [ecommerce] [scheduling-1] c.d.e.s.SincronizacaoEstoqueService      : [ESTOQUE] Lendo VW_ECOMMERCE_ESTOQUE no banco de dados...
2026-09-02T13:18:00.053-03:00  INFO 22468 --- [ecommerce] [scheduling-1] c.d.e.s.SincronizacaoEstoqueService      : [ESTOQUE] Ciclo finalizado. Total de atualizações enviadas: 0
2026-09-02T13:18:00.053-03:00  INFO 22468 --- [ecommerce] [scheduling-1] c.d.e.service.SincronizacaoService       : Lendo VW_ECOMMERCE_PRECOS no banco de dados...
2026-09-02T13:18:00.107-03:00  INFO 22468 --- [ecommerce] [scheduling-1] c.d.e.service.SincronizacaoService       : Ciclo finalizado. Total de atualizações enviadas: 0
2026-09-02T13:19:00.000-03:00  INFO 22468 --- [ecommerce] [scheduling-1] c.d.e.service.SincronizacaoService       : Lendo VW_ECOMMERCE_PRECOS no banco de dados...
2026-09-02T13:19:00.247-03:00  INFO 22468 --- [ecommerce] [scheduling-1] c.d.e.service.SincronizacaoService       : Ciclo finalizado. Total de atualizações enviadas: 0
2026-09-02T13:19:00.247-03:00  INFO 22468 --- [ecommerce] [scheduling-1] c.d.e.s.SincronizacaoEstoqueService      : [ESTOQUE] Lendo VW_ECOMMERCE_ESTOQUE no banco de dados...
2026-09-02T13:19:00.287-03:00  INFO 22468 --- [ecommerce] [scheduling-1] c.d.e.s.SincronizacaoEstoqueService      : [ESTOQUE] Ciclo finalizado. Total de atualizações enviadas: 0
2026-09-02T13:20:00.000-03:00  INFO 22468 --- [ecommerce] [scheduling-1] c.d.e.s.SincronizacaoEstoqueService      : [ESTOQUE] Lendo VW_ECOMMERCE_ESTOQUE no banco de dados...
2026-09-02T13:20:00.066-03:00  INFO 22468 --- [ecommerce] [scheduling-1] c.d.e.s.SincronizacaoEstoqueService      : [ESTOQUE] Ciclo finalizado. Total de atualizações enviadas: 0
2026-09-02T13:20:00.066-03:00  INFO 22468 --- [ecommerce] [scheduling-1] c.d.e.service.SincronizacaoService       : Lendo VW_ECOMMERCE_PRECOS no banco de dados...
2026-09-02T13:20:00.385-03:00  INFO 22468 --- [ecommerce] [scheduling-1] c.d.e.service.SincronizacaoService       : Ciclo finalizado. Total de atualizações enviadas: 0
2026-09-02T13:21:00.001-03:00  INFO 22468 --- [ecommerce] [scheduling-1] c.d.e.s.SincronizacaoEstoqueService      : [ESTOQUE] Lendo VW_ECOMMERCE_ESTOQUE no banco de dados...
2026-09-02T13:21:00.047-03:00  INFO 22468 --- [ecommerce] [scheduling-1] c.d.e.s.SincronizacaoEstoqueService      : [ESTOQUE] Ciclo finalizado. Total de atualizações enviadas: 0
2026-09-02T13:21:00.047-03:00  INFO 22468 --- [ecommerce] [scheduling-1] c.d.e.service.SincronizacaoService       : Lendo VW_ECOMMERCE_PRECOS no banco de dados...
2026-09-02T13:21:00.119-03:00  INFO 22468 --- [ecommerce] [scheduling-1] c.d.e.service.SincronizacaoService       : Ciclo finalizado. Total de atualizações enviadas: 0
2026-09-02T13:22:00.000-03:00  INFO 22468 --- [ecommerce] [scheduling-1] c.d.e.s.SincronizacaoEstoqueService      : [ESTOQUE] Lendo VW_ECOMMERCE_ESTOQUE no banco de dados...
2026-09-02T13:22:00.080-03:00  INFO 22468 --- [ecommerce] [scheduling-1] c.d.e.s.SincronizacaoEstoqueService      : [ESTOQUE] Ciclo finalizado. Total de atualizações enviadas: 0
2026-09-02T13:22:00.080-03:00  INFO 22468 --- [ecommerce] [scheduling-1] c.d.e.service.SincronizacaoService       : Lendo VW_ECOMMERCE_PRECOS no banco de dados...
2026-09-02T13:22:00.129-03:00  INFO 22468 --- [ecommerce] [scheduling-1] c.d.e.service.SincronizacaoService       : Ciclo finalizado. Total de atualizações enviadas: 0
2026-09-02T13:23:00.000-03:00  INFO 22468 --- [ecommerce] [scheduling-1] c.d.e.service.SincronizacaoService       : Lendo VW_ECOMMERCE_PRECOS no banco de dados...
2026-09-02T13:23:00.151-03:00  INFO 22468 --- [ecommerce] [scheduling-1] c.d.e.service.SincronizacaoService       : Ciclo finalizado. Total de atualizações enviadas: 0
2026-09-02T13:23:00.152-03:00  INFO 22468 --- [ecommerce] [scheduling-1] c.d.e.s.SincronizacaoEstoqueService      : [ESTOQUE] Lendo VW_ECOMMERCE_ESTOQUE no banco de dados...
2026-09-02T13:23:00.184-03:00  INFO 22468 --- [ecommerce] [scheduling-1] c.d.e.s.SincronizacaoEstoqueService      : [ESTOQUE] Ciclo finalizado. Total de atualizações enviadas: 0
2026-09-02T13:23:59.999-03:00  INFO 22468 --- [ecommerce] [scheduling-1] c.d.e.service.SincronizacaoService       : Lendo VW_ECOMMERCE_PRECOS no banco de dados...
2026-09-02T13:24:00.321-03:00  INFO 22468 --- [ecommerce] [scheduling-1] c.d.e.service.SincronizacaoService       : Ciclo finalizado. Total de atualizações enviadas: 0
2026-09-02T13:24:00.321-03:00  INFO 22468 --- [ecommerce] [scheduling-1] c.d.e.s.SincronizacaoEstoqueService      : [ESTOQUE] Lendo VW_ECOMMERCE_ESTOQUE no banco de dados...
2026-09-02T13:24:00.375-03:00  INFO 22468 --- [ecommerce] [scheduling-1] c.d.e.s.SincronizacaoEstoqueService      : [ESTOQUE] Ciclo finalizado. Total de atualizações enviadas: 0
2026-09-02T13:25:00.000-03:00  INFO 22468 --- [ecommerce] [scheduling-1] c.d.e.service.SincronizacaoService       : Lendo VW_ECOMMERCE_PRECOS no banco de dados...
2026-09-02T13:25:00.128-03:00  INFO 22468 --- [ecommerce] [scheduling-1] c.d.e.service.SincronizacaoService       : Ciclo finalizado. Total de atualizações enviadas: 0
2026-09-02T13:25:00.128-03:00  INFO 22468 --- [ecommerce] [scheduling-1] c.d.e.s.SincronizacaoEstoqueService      : [ESTOQUE] Lendo VW_ECOMMERCE_ESTOQUE no banco de dados...
2026-09-02T13:25:00.152-03:00  INFO 22468 --- [ecommerce] [scheduling-1] c.d.e.s.SincronizacaoEstoqueService      : [ESTOQUE] Ciclo finalizado. Total de atualizações enviadas: 0
2026-09-02T13:26:00.000-03:00  INFO 22468 --- [ecommerce] [scheduling-1] c.d.e.service.SincronizacaoService       : Lendo VW_ECOMMERCE_PRECOS no banco de dados...
2026-09-02T13:26:00.201-03:00  INFO 22468 --- [ecommerce] [scheduling-1] c.d.e.service.SincronizacaoService       : Ciclo finalizado. Total de atualizações enviadas: 0
2026-09-02T13:26:00.202-03:00  INFO 22468 --- [ecommerce] [scheduling-1] c.d.e.s.SincronizacaoEstoqueService      : [ESTOQUE] Lendo VW_ECOMMERCE_ESTOQUE no banco de dados...
2026-09-02T13:26:00.248-03:00  INFO 22468 --- [ecommerce] [scheduling-1] c.d.e.s.SincronizacaoEstoqueService      : [ESTOQUE] Ciclo finalizado. Total de atualizações enviadas: 0
2026-09-02T13:27:00.000-03:00  INFO 22468 --- [ecommerce] [scheduling-1] c.d.e.service.SincronizacaoService       : Lendo VW_ECOMMERCE_PRECOS no banco de dados...
2026-09-02T13:27:00.122-03:00  INFO 22468 --- [ecommerce] [scheduling-1] c.d.e.service.SincronizacaoService       : Ciclo finalizado. Total de atualizações enviadas: 0
2026-09-02T13:27:00.123-03:00  INFO 22468 --- [ecommerce] [scheduling-1] c.d.e.s.SincronizacaoEstoqueService      : [ESTOQUE] Lendo VW_ECOMMERCE_ESTOQUE no banco de dados...
2026-09-02T13:27:00.142-03:00  INFO 22468 --- [ecommerce] [scheduling-1] c.d.e.s.SincronizacaoEstoqueService      : [ESTOQUE] Ciclo finalizado. Total de atualizações enviadas: 0
2026-09-02T13:28:00.000-03:00  INFO 22468 --- [ecommerce] [scheduling-1] c.d.e.service.SincronizacaoService       : Lendo VW_ECOMMERCE_PRECOS no banco de dados...
2026-09-02T13:28:00.090-03:00  INFO 22468 --- [ecommerce] [scheduling-1] c.d.e.service.SincronizacaoService       : Ciclo finalizado. Total de atualizações enviadas: 0
2026-09-02T13:28:00.090-03:00  INFO 22468 --- [ecommerce] [scheduling-1] c.d.e.s.SincronizacaoEstoqueService      : [ESTOQUE] Lendo VW_ECOMMERCE_ESTOQUE no banco de dados...
2026-09-02T13:28:00.116-03:00  INFO 22468 --- [ecommerce] [scheduling-1] c.d.e.s.SincronizacaoEstoqueService      : [ESTOQUE] Ciclo finalizado. Total de atualizações enviadas: 0
2026-09-02T13:29:00.000-03:00  INFO 22468 --- [ecommerce] [scheduling-1] c.d.e.s.SincronizacaoEstoqueService      : [ESTOQUE] Lendo VW_ECOMMERCE_ESTOQUE no banco de dados...
2026-09-02T13:29:00.041-03:00  INFO 22468 --- [ecommerce] [scheduling-1] c.d.e.s.SincronizacaoEstoqueService      : [ESTOQUE] Ciclo finalizado. Total de atualizações enviadas: 0
2026-09-02T13:29:00.041-03:00  INFO 22468 --- [ecommerce] [scheduling-1] c.d.e.service.SincronizacaoService       : Lendo VW_ECOMMERCE_PRECOS no banco de dados...
2026-09-02T13:29:00.225-03:00  INFO 22468 --- [ecommerce] [scheduling-1] c.d.e.service.SincronizacaoService       : Ciclo finalizado. Total de atualizações enviadas: 0
2026-09-02T13:30:00.000-03:00  INFO 22468 --- [ecommerce] [scheduling-1] c.d.e.service.SincronizacaoService       : Lendo VW_ECOMMERCE_PRECOS no banco de dados...
2026-09-02T13:30:00.121-03:00  INFO 22468 --- [ecommerce] [scheduling-1] c.d.e.service.SincronizacaoService       : Ciclo finalizado. Total de atualizações enviadas: 0
2026-09-02T13:30:00.121-03:00  INFO 22468 --- [ecommerce] [scheduling-1] c.d.e.s.SincronizacaoEstoqueService      : [ESTOQUE] Lendo VW_ECOMMERCE_ESTOQUE no banco de dados...
2026-09-02T13:30:00.142-03:00  INFO 22468 --- [ecommerce] [scheduling-1] c.d.e.s.SincronizacaoEstoqueService      : [ESTOQUE] Ciclo finalizado. Total de atualizações enviadas: 0
2026-09-02T13:31:00.000-03:00  INFO 22468 --- [ecommerce] [scheduling-1] c.d.e.service.SincronizacaoService       : Lendo VW_ECOMMERCE_PRECOS no banco de dados...
2026-09-02T13:31:00.055-03:00  INFO 22468 --- [ecommerce] [scheduling-1] c.d.e.service.SincronizacaoService       : Ciclo finalizado. Total de atualizações enviadas: 0
2026-09-02T13:31:00.055-03:00  INFO 22468 --- [ecommerce] [scheduling-1] c.d.e.s.SincronizacaoEstoqueService      : [ESTOQUE] Lendo VW_ECOMMERCE_ESTOQUE no banco de dados...
2026-09-02T13:31:00.087-03:00  INFO 22468 --- [ecommerce] [scheduling-1] c.d.e.s.SincronizacaoEstoqueService      : [ESTOQUE] Ciclo finalizado. Total de atualizações enviadas: 0
2026-09-02T13:32:00.000-03:00  INFO 22468 --- [ecommerce] [scheduling-1] c.d.e.service.SincronizacaoService       : Lendo VW_ECOMMERCE_PRECOS no banco de dados...
2026-09-02T13:32:00.995-03:00  INFO 22468 --- [ecommerce] [scheduling-1] c.d.e.service.SincronizacaoService       : Ciclo finalizado. Total de atualizações enviadas: 0
2026-09-02T13:32:00.995-03:00  INFO 22468 --- [ecommerce] [scheduling-1] c.d.e.s.SincronizacaoEstoqueService      : [ESTOQUE] Lendo VW_ECOMMERCE_ESTOQUE no banco de dados...
2026-09-02T13:32:01.109-03:00  INFO 22468 --- [ecommerce] [scheduling-1] c.d.e.s.SincronizacaoEstoqueService      : [ESTOQUE] Ciclo finalizado. Total de atualizações enviadas: 0
2026-09-02T13:33:00.001-03:00  INFO 22468 --- [ecommerce] [scheduling-1] c.d.e.service.SincronizacaoService       : Lendo VW_ECOMMERCE_PRECOS no banco de dados...
2026-09-02T13:33:00.296-03:00  INFO 22468 --- [ecommerce] [scheduling-1] c.d.e.service.SincronizacaoService       : Ciclo finalizado. Total de atualizações enviadas: 0
2026-09-02T13:33:00.296-03:00  INFO 22468 --- [ecommerce] [scheduling-1] c.d.e.s.SincronizacaoEstoqueService      : [ESTOQUE] Lendo VW_ECOMMERCE_ESTOQUE no banco de dados...
2026-09-02T13:33:00.357-03:00  INFO 22468 --- [ecommerce] [scheduling-1] c.d.e.s.SincronizacaoEstoqueService      : [ESTOQUE] Ciclo finalizado. Total de atualizações enviadas: 0
2026-09-02T13:33:59.999-03:00  INFO 22468 --- [ecommerce] [scheduling-1] c.d.e.s.SincronizacaoEstoqueService      : [ESTOQUE] Lendo VW_ECOMMERCE_ESTOQUE no banco de dados...
2026-09-02T13:34:00.031-03:00  INFO 22468 --- [ecommerce] [scheduling-1] c.d.e.s.SincronizacaoEstoqueService      : [ESTOQUE] Ciclo finalizado. Total de atualizações enviadas: 0
2026-09-02T13:34:00.032-03:00  INFO 22468 --- [ecommerce] [scheduling-1] c.d.e.service.SincronizacaoService       : Lendo VW_ECOMMERCE_PRECOS no banco de dados...
2026-09-02T13:34:00.122-03:00  INFO 22468 --- [ecommerce] [scheduling-1] c.d.e.service.SincronizacaoService       : Ciclo finalizado. Total de atualizações enviadas: 0
2026-09-02T13:35:00.000-03:00  INFO 22468 --- [ecommerce] [scheduling-1] c.d.e.service.SincronizacaoService       : Lendo VW_ECOMMERCE_PRECOS no banco de dados...
2026-09-02T13:35:00.109-03:00  INFO 22468 --- [ecommerce] [scheduling-1] c.d.e.service.SincronizacaoService       : Ciclo finalizado. Total de atualizações enviadas: 0
2026-09-02T13:35:00.109-03:00  INFO 22468 --- [ecommerce] [scheduling-1] c.d.e.s.SincronizacaoEstoqueService      : [ESTOQUE] Lendo VW_ECOMMERCE_ESTOQUE no banco de dados...
2026-09-02T13:35:00.135-03:00  INFO 22468 --- [ecommerce] [scheduling-1] c.d.e.s.SincronizacaoEstoqueService      : [ESTOQUE] Ciclo finalizado. Total de atualizações enviadas: 0
2026-09-02T13:36:00.001-03:00  INFO 22468 --- [ecommerce] [scheduling-1] c.d.e.s.SincronizacaoEstoqueService      : [ESTOQUE] Lendo VW_ECOMMERCE_ESTOQUE no banco de dados...
2026-09-02T13:36:00.060-03:00  INFO 22468 --- [ecommerce] [scheduling-1] c.d.e.s.SincronizacaoEstoqueService      : [ESTOQUE] Ciclo finalizado. Total de atualizações enviadas: 0
2026-09-02T13:36:00.060-03:00  INFO 22468 --- [ecommerce] [scheduling-1] c.d.e.service.SincronizacaoService       : Lendo VW_ECOMMERCE_PRECOS no banco de dados...
2026-09-02T13:36:00.134-03:00  INFO 22468 --- [ecommerce] [scheduling-1] c.d.e.service.SincronizacaoService       : Ciclo finalizado. Total de atualizações enviadas: 0
2026-09-02T13:37:00.000-03:00  INFO 22468 --- [ecommerce] [scheduling-1] c.d.e.service.SincronizacaoService       : Lendo VW_ECOMMERCE_PRECOS no banco de dados...
2026-09-02T13:37:00.217-03:00  INFO 22468 --- [ecommerce] [scheduling-1] c.d.e.service.SincronizacaoService       : Ciclo finalizado. Total de atualizações enviadas: 0
2026-09-02T13:37:00.217-03:00  INFO 22468 --- [ecommerce] [scheduling-1] c.d.e.s.SincronizacaoEstoqueService      : [ESTOQUE] Lendo VW_ECOMMERCE_ESTOQUE no banco de dados...
2026-09-02T13:37:00.253-03:00  INFO 22468 --- [ecommerce] [scheduling-1] c.d.e.s.SincronizacaoEstoqueService      : [ESTOQUE] Ciclo finalizado. Total de atualizações enviadas: 0
2026-09-02T13:38:00.000-03:00  INFO 22468 --- [ecommerce] [scheduling-1] c.d.e.s.SincronizacaoEstoqueService      : [ESTOQUE] Lendo VW_ECOMMERCE_ESTOQUE no banco de dados...
2026-09-02T13:38:00.069-03:00  INFO 22468 --- [ecommerce] [scheduling-1] c.d.e.s.SincronizacaoEstoqueService      : [ESTOQUE] Ciclo finalizado. Total de atualizações enviadas: 0
2026-09-02T13:38:00.070-03:00  INFO 22468 --- [ecommerce] [scheduling-1] c.d.e.service.SincronizacaoService       : Lendo VW_ECOMMERCE_PRECOS no banco de dados...
2026-09-02T13:38:00.287-03:00  INFO 22468 --- [ecommerce] [scheduling-1] c.d.e.service.SincronizacaoService       : Ciclo finalizado. Total de atualizações enviadas: 0
2026-09-02T13:38:59.999-03:00  INFO 22468 --- [ecommerce] [scheduling-1] c.d.e.s.SincronizacaoEstoqueService      : [ESTOQUE] Lendo VW_ECOMMERCE_ESTOQUE no banco de dados...
2026-09-02T13:39:00.102-03:00  INFO 22468 --- [ecommerce] [scheduling-1] c.d.e.s.SincronizacaoEstoqueService      : [ESTOQUE] Ciclo finalizado. Total de atualizações enviadas: 0
2026-09-02T13:39:00.102-03:00  INFO 22468 --- [ecommerce] [scheduling-1] c.d.e.service.SincronizacaoService       : Lendo VW_ECOMMERCE_PRECOS no banco de dados...
2026-09-02T13:39:00.228-03:00  INFO 22468 --- [ecommerce] [scheduling-1] c.d.e.service.SincronizacaoService       : Ciclo finalizado. Total de atualizações enviadas: 0
2026-09-02T13:40:00.000-03:00  INFO 22468 --- [ecommerce] [scheduling-1] c.d.e.service.SincronizacaoService       : Lendo VW_ECOMMERCE_PRECOS no banco de dados...
2026-09-02T13:40:00.098-03:00  INFO 22468 --- [ecommerce] [scheduling-1] c.d.e.service.SincronizacaoService       : Ciclo finalizado. Total de atualizações enviadas: 0
2026-09-02T13:40:00.098-03:00  INFO 22468 --- [ecommerce] [scheduling-1] c.d.e.s.SincronizacaoEstoqueService      : [ESTOQUE] Lendo VW_ECOMMERCE_ESTOQUE no banco de dados...
2026-09-02T13:40:00.120-03:00  INFO 22468 --- [ecommerce] [scheduling-1] c.d.e.s.SincronizacaoEstoqueService      : [ESTOQUE] Ciclo finalizado. Total de atualizações enviadas: 0
2026-09-02T13:41:00.000-03:00  INFO 22468 --- [ecommerce] [scheduling-1] c.d.e.s.SincronizacaoEstoqueService      : [ESTOQUE] Lendo VW_ECOMMERCE_ESTOQUE no banco de dados...
2026-09-02T13:41:00.036-03:00  INFO 22468 --- [ecommerce] [scheduling-1] c.d.e.s.SincronizacaoEstoqueService      : [ESTOQUE] Ciclo finalizado. Total de atualizações enviadas: 0
2026-09-02T13:41:00.037-03:00  INFO 22468 --- [ecommerce] [scheduling-1] c.d.e.service.SincronizacaoService       : Lendo VW_ECOMMERCE_PRECOS no banco de dados...
2026-09-02T13:41:00.160-03:00  INFO 22468 --- [ecommerce] [scheduling-1] c.d.e.service.SincronizacaoService       : Ciclo finalizado. Total de atualizações enviadas: 0
2026-09-02T13:42:00.001-03:00  INFO 22468 --- [ecommerce] [scheduling-1] c.d.e.s.SincronizacaoEstoqueService      : [ESTOQUE] Lendo VW_ECOMMERCE_ESTOQUE no banco de dados...
2026-09-02T13:42:00.082-03:00  INFO 22468 --- [ecommerce] [scheduling-1] c.d.e.s.SincronizacaoEstoqueService      : [ESTOQUE] Ciclo finalizado. Total de atualizações enviadas: 0
2026-09-02T13:42:00.082-03:00  INFO 22468 --- [ecommerce] [scheduling-1] c.d.e.service.SincronizacaoService       : Lendo VW_ECOMMERCE_PRECOS no banco de dados...
2026-09-02T13:42:00.311-03:00  INFO 22468 --- [ecommerce] [scheduling-1] c.d.e.service.SincronizacaoService       : Ciclo finalizado. Total de atualizações enviadas: 0
2026-09-02T13:43:00.000-03:00  INFO 22468 --- [ecommerce] [scheduling-1] c.d.e.service.SincronizacaoService       : Lendo VW_ECOMMERCE_PRECOS no banco de dados...
2026-09-02T13:43:00.115-03:00  INFO 22468 --- [ecommerce] [scheduling-1] c.d.e.service.SincronizacaoService       : Ciclo finalizado. Total de atualizações enviadas: 0
2026-09-02T13:43:00.115-03:00  INFO 22468 --- [ecommerce] [scheduling-1] c.d.e.s.SincronizacaoEstoqueService      : [ESTOQUE] Lendo VW_ECOMMERCE_ESTOQUE no banco de dados...
2026-09-02T13:43:00.135-03:00  INFO 22468 --- [ecommerce] [scheduling-1] c.d.e.s.SincronizacaoEstoqueService      : [ESTOQUE] Ciclo finalizado. Total de atualizações enviadas: 0
2026-09-02T13:43:59.999-03:00  INFO 22468 --- [ecommerce] [scheduling-1] c.d.e.s.SincronizacaoEstoqueService      : [ESTOQUE] Lendo VW_ECOMMERCE_ESTOQUE no banco de dados...
2026-09-02T13:44:00.067-03:00  INFO 22468 --- [ecommerce] [scheduling-1] c.d.e.s.SincronizacaoEstoqueService      : [ESTOQUE] Ciclo finalizado. Total de atualizações enviadas: 0
2026-09-02T13:44:00.068-03:00  INFO 22468 --- [ecommerce] [scheduling-1] c.d.e.service.SincronizacaoService       : Lendo VW_ECOMMERCE_PRECOS no banco de dados...
2026-09-02T13:44:00.210-03:00  INFO 22468 --- [ecommerce] [scheduling-1] c.d.e.service.SincronizacaoService       : Ciclo finalizado. Total de atualizações enviadas: 0
2026-09-02T13:45:00.001-03:00  INFO 22468 --- [ecommerce] [scheduling-1] c.d.e.service.SincronizacaoService       : Lendo VW_ECOMMERCE_PRECOS no banco de dados...
2026-09-02T13:45:00.092-03:00  INFO 22468 --- [ecommerce] [scheduling-1] c.d.e.service.SincronizacaoService       : Ciclo finalizado. Total de atualizações enviadas: 0
2026-09-02T13:45:00.092-03:00  INFO 22468 --- [ecommerce] [scheduling-1] c.d.e.s.SincronizacaoEstoqueService      : [ESTOQUE] Lendo VW_ECOMMERCE_ESTOQUE no banco de dados...
2026-09-02T13:45:00.118-03:00  INFO 22468 --- [ecommerce] [scheduling-1] c.d.e.s.SincronizacaoEstoqueService      : [ESTOQUE] Ciclo finalizado. Total de atualizações enviadas: 0
2026-09-02T13:46:00.000-03:00  INFO 22468 --- [ecommerce] [scheduling-1] c.d.e.service.SincronizacaoService       : Lendo VW_ECOMMERCE_PRECOS no banco de dados...
2026-09-02T13:46:00.202-03:00  INFO 22468 --- [ecommerce] [scheduling-1] c.d.e.service.SincronizacaoService       : Ciclo finalizado. Total de atualizações enviadas: 0
2026-09-02T13:46:00.203-03:00  INFO 22468 --- [ecommerce] [scheduling-1] c.d.e.s.SincronizacaoEstoqueService      : [ESTOQUE] Lendo VW_ECOMMERCE_ESTOQUE no banco de dados...
2026-09-02T13:46:00.246-03:00  INFO 22468 --- [ecommerce] [scheduling-1] c.d.e.s.SincronizacaoEstoqueService      : [ESTOQUE] Ciclo finalizado. Total de atualizações enviadas: 0
2026-09-02T13:47:00.001-03:00  INFO 22468 --- [ecommerce] [scheduling-1] c.d.e.service.SincronizacaoService       : Lendo VW_ECOMMERCE_PRECOS no banco de dados...
2026-09-02T13:47:00.127-03:00  INFO 22468 --- [ecommerce] [scheduling-1] c.d.e.service.SincronizacaoService       : Ciclo finalizado. Total de atualizações enviadas: 0
2026-09-02T13:47:00.128-03:00  INFO 22468 --- [ecommerce] [scheduling-1] c.d.e.s.SincronizacaoEstoqueService      : [ESTOQUE] Lendo VW_ECOMMERCE_ESTOQUE no banco de dados...
2026-09-02T13:47:00.152-03:00  INFO 22468 --- [ecommerce] [scheduling-1] c.d.e.s.SincronizacaoEstoqueService      : [ESTOQUE] Ciclo finalizado. Total de atualizações enviadas: 0
2026-09-02T13:48:00.000-03:00  INFO 22468 --- [ecommerce] [scheduling-1] c.d.e.s.SincronizacaoEstoqueService      : [ESTOQUE] Lendo VW_ECOMMERCE_ESTOQUE no banco de dados...
2026-09-02T13:48:00.058-03:00  INFO 22468 --- [ecommerce] [scheduling-1] c.d.e.s.SincronizacaoEstoqueService      : [ESTOQUE] Ciclo finalizado. Total de atualizações enviadas: 0
2026-09-02T13:48:00.059-03:00  INFO 22468 --- [ecommerce] [scheduling-1] c.d.e.service.SincronizacaoService       : Lendo VW_ECOMMERCE_PRECOS no banco de dados...
2026-09-02T13:48:00.104-03:00  INFO 22468 --- [ecommerce] [scheduling-1] c.d.e.service.SincronizacaoService       : Ciclo finalizado. Total de atualizações enviadas: 0
2026-09-02T13:49:00.000-03:00  INFO 22468 --- [ecommerce] [scheduling-1] c.d.e.s.SincronizacaoEstoqueService      : [ESTOQUE] Lendo VW_ECOMMERCE_ESTOQUE no banco de dados...
2026-09-02T13:49:00.052-03:00  INFO 22468 --- [ecommerce] [scheduling-1] c.d.e.s.SincronizacaoEstoqueService      : [ESTOQUE] Ciclo finalizado. Total de atualizações enviadas: 0
2026-09-02T13:49:00.052-03:00  INFO 22468 --- [ecommerce] [scheduling-1] c.d.e.service.SincronizacaoService       : Lendo VW_ECOMMERCE_PRECOS no banco de dados...
2026-09-02T13:49:00.334-03:00  INFO 22468 --- [ecommerce] [scheduling-1] c.d.e.service.SincronizacaoService       : Ciclo finalizado. Total de atualizações enviadas: 0
2026-09-02T13:50:00.000-03:00  INFO 22468 --- [ecommerce] [scheduling-1] c.d.e.service.SincronizacaoService       : Lendo VW_ECOMMERCE_PRECOS no banco de dados...
2026-09-02T13:50:00.156-03:00  INFO 22468 --- [ecommerce] [scheduling-1] c.d.e.service.SincronizacaoService       : Ciclo finalizado. Total de atualizações enviadas: 0
2026-09-02T13:50:00.156-03:00  INFO 22468 --- [ecommerce] [scheduling-1] c.d.e.s.SincronizacaoEstoqueService      : [ESTOQUE] Lendo VW_ECOMMERCE_ESTOQUE no banco de dados...
2026-09-02T13:50:00.186-03:00  INFO 22468 --- [ecommerce] [scheduling-1] c.d.e.s.SincronizacaoEstoqueService      : [ESTOQUE] Ciclo finalizado. Total de atualizações enviadas: 0
2026-09-02T13:51:00.000-03:00  INFO 22468 --- [ecommerce] [scheduling-1] c.d.e.service.SincronizacaoService       : Lendo VW_ECOMMERCE_PRECOS no banco de dados...
2026-09-02T13:51:00.203-03:00  INFO 22468 --- [ecommerce] [scheduling-1] c.d.e.service.SincronizacaoService       : Ciclo finalizado. Total de atualizações enviadas: 0
2026-09-02T13:51:00.205-03:00  INFO 22468 --- [ecommerce] [scheduling-1] c.d.e.s.SincronizacaoEstoqueService      : [ESTOQUE] Lendo VW_ECOMMERCE_ESTOQUE no banco de dados...
2026-09-02T13:51:00.241-03:00  INFO 22468 --- [ecommerce] [scheduling-1] c.d.e.s.SincronizacaoEstoqueService      : [ESTOQUE] Ciclo finalizado. Total de atualizações enviadas: 0
2026-09-02T13:52:00.000-03:00  INFO 22468 --- [ecommerce] [scheduling-1] c.d.e.service.SincronizacaoService       : Lendo VW_ECOMMERCE_PRECOS no banco de dados...
2026-09-02T13:52:00.120-03:00  INFO 22468 --- [ecommerce] [scheduling-1] c.d.e.service.SincronizacaoService       : Ciclo finalizado. Total de atualizações enviadas: 0
2026-09-02T13:52:00.120-03:00  INFO 22468 --- [ecommerce] [scheduling-1] c.d.e.s.SincronizacaoEstoqueService      : [ESTOQUE] Lendo VW_ECOMMERCE_ESTOQUE no banco de dados...
2026-09-02T13:52:00.143-03:00  INFO 22468 --- [ecommerce] [scheduling-1] c.d.e.s.SincronizacaoEstoqueService      : [ESTOQUE] Ciclo finalizado. Total de atualizações enviadas: 0
2026-09-02T13:53:00.000-03:00  INFO 22468 --- [ecommerce] [scheduling-1] c.d.e.s.SincronizacaoEstoqueService      : [ESTOQUE] Lendo VW_ECOMMERCE_ESTOQUE no banco de dados...
2026-09-02T13:53:00.122-03:00  INFO 22468 --- [ecommerce] [scheduling-1] c.d.e.s.SincronizacaoEstoqueService      : [ESTOQUE] Ciclo finalizado. Total de atualizações enviadas: 0
2026-09-02T13:53:00.122-03:00  INFO 22468 --- [ecommerce] [scheduling-1] c.d.e.service.SincronizacaoService       : Lendo VW_ECOMMERCE_PRECOS no banco de dados...
2026-09-02T13:53:00.239-03:00  INFO 22468 --- [ecommerce] [scheduling-1] c.d.e.service.SincronizacaoService       : Ciclo finalizado. Total de atualizações enviadas: 0
2026-09-02T13:54:00.000-03:00  INFO 22468 --- [ecommerce] [scheduling-1] c.d.e.service.SincronizacaoService       : Lendo VW_ECOMMERCE_PRECOS no banco de dados...
2026-09-02T13:54:00.068-03:00  INFO 22468 --- [ecommerce] [scheduling-1] c.d.e.service.SincronizacaoService       : Ciclo finalizado. Total de atualizações enviadas: 0
2026-09-02T13:54:00.069-03:00  INFO 22468 --- [ecommerce] [scheduling-1] c.d.e.s.SincronizacaoEstoqueService      : [ESTOQUE] Lendo VW_ECOMMERCE_ESTOQUE no banco de dados...
2026-09-02T13:54:00.101-03:00  INFO 22468 --- [ecommerce] [scheduling-1] c.d.e.s.SincronizacaoEstoqueService      : [ESTOQUE] Ciclo finalizado. Total de atualizações enviadas: 0
2026-09-02T13:55:00.000-03:00  INFO 22468 --- [ecommerce] [scheduling-1] c.d.e.service.SincronizacaoService       : Lendo VW_ECOMMERCE_PRECOS no banco de dados...
2026-09-02T13:55:00.343-03:00  INFO 22468 --- [ecommerce] [scheduling-1] c.d.e.service.SincronizacaoService       : Ciclo finalizado. Total de atualizações enviadas: 0
2026-09-02T13:55:00.343-03:00  INFO 22468 --- [ecommerce] [scheduling-1] c.d.e.s.SincronizacaoEstoqueService      : [ESTOQUE] Lendo VW_ECOMMERCE_ESTOQUE no banco de dados...
2026-09-02T13:55:00.399-03:00  INFO 22468 --- [ecommerce] [scheduling-1] c.d.e.s.SincronizacaoEstoqueService      : [ESTOQUE] Ciclo finalizado. Total de atualizações enviadas: 0
2026-09-02T13:56:00.000-03:00  INFO 22468 --- [ecommerce] [scheduling-1] c.d.e.s.SincronizacaoEstoqueService      : [ESTOQUE] Lendo VW_ECOMMERCE_ESTOQUE no banco de dados...
2026-09-02T13:56:00.087-03:00  INFO 22468 --- [ecommerce] [scheduling-1] c.d.e.s.SincronizacaoEstoqueService      : [ESTOQUE] Ciclo finalizado. Total de atualizações enviadas: 0
2026-09-02T13:56:00.088-03:00  INFO 22468 --- [ecommerce] [scheduling-1] c.d.e.service.SincronizacaoService       : Lendo VW_ECOMMERCE_PRECOS no banco de dados...
2026-09-02T13:56:00.189-03:00  INFO 22468 --- [ecommerce] [scheduling-1] c.d.e.service.SincronizacaoService       : Ciclo finalizado. Total de atualizações enviadas: 0
2026-09-02T13:57:00.000-03:00  INFO 22468 --- [ecommerce] [scheduling-1] c.d.e.service.SincronizacaoService       : Lendo VW_ECOMMERCE_PRECOS no banco de dados...
2026-09-02T13:57:00.059-03:00  INFO 22468 --- [ecommerce] [scheduling-1] c.d.e.service.SincronizacaoService       : Ciclo finalizado. Total de atualizações enviadas: 0
2026-09-02T13:57:00.059-03:00  INFO 22468 --- [ecommerce] [scheduling-1] c.d.e.s.SincronizacaoEstoqueService      : [ESTOQUE] Lendo VW_ECOMMERCE_ESTOQUE no banco de dados...
2026-09-02T13:57:00.092-03:00  INFO 22468 --- [ecommerce] [scheduling-1] c.d.e.s.SincronizacaoEstoqueService      : [ESTOQUE] Ciclo finalizado. Total de atualizações enviadas: 0
2026-09-02T13:58:00.000-03:00  INFO 22468 --- [ecommerce] [scheduling-1] c.d.e.s.SincronizacaoEstoqueService      : [ESTOQUE] Lendo VW_ECOMMERCE_ESTOQUE no banco de dados...
2026-09-02T13:58:00.083-03:00  INFO 22468 --- [ecommerce] [scheduling-1] c.d.e.s.SincronizacaoEstoqueService      : [ESTOQUE] Ciclo finalizado. Total de atualizações enviadas: 0
2026-09-02T13:58:00.083-03:00  INFO 22468 --- [ecommerce] [scheduling-1] c.d.e.service.SincronizacaoService       : Lendo VW_ECOMMERCE_PRECOS no banco de dados...
2026-09-02T13:58:00.127-03:00  INFO 22468 --- [ecommerce] [scheduling-1] c.d.e.service.SincronizacaoService       : Ciclo finalizado. Total de atualizações enviadas: 0
2026-09-02T13:59:00.000-03:00  INFO 22468 --- [ecommerce] [scheduling-1] c.d.e.service.SincronizacaoService       : Lendo VW_ECOMMERCE_PRECOS no banco de dados...
2026-09-02T13:59:00.177-03:00  INFO 22468 --- [ecommerce] [scheduling-1] c.d.e.service.SincronizacaoService       : Ciclo finalizado. Total de atualizações enviadas: 0
2026-09-02T13:59:00.178-03:00  INFO 22468 --- [ecommerce] [scheduling-1] c.d.e.s.SincronizacaoEstoqueService      : [ESTOQUE] Lendo VW_ECOMMERCE_ESTOQUE no banco de dados...
2026-09-02T13:59:00.203-03:00  INFO 22468 --- [ecommerce] [scheduling-1] c.d.e.s.SincronizacaoEstoqueService      : [ESTOQUE] Ciclo finalizado. Total de atualizações enviadas: 0
2026-09-02T14:00:00.000-03:00  INFO 22468 --- [ecommerce] [scheduling-1] c.d.e.s.SincronizacaoEstoqueService      : [ESTOQUE] Lendo VW_ECOMMERCE_ESTOQUE no banco de dados...
2026-09-02T14:00:00.086-03:00  INFO 22468 --- [ecommerce] [scheduling-1] c.d.e.s.SincronizacaoEstoqueService      : [ESTOQUE] Ciclo finalizado. Total de atualizações enviadas: 0
2026-09-02T14:00:00.086-03:00  INFO 22468 --- [ecommerce] [scheduling-1] c.d.e.service.SincronizacaoService       : Lendo VW_ECOMMERCE_PRECOS no banco de dados...
2026-09-02T14:00:00.135-03:00  INFO 22468 --- [ecommerce] [scheduling-1] c.d.e.service.SincronizacaoService       : Ciclo finalizado. Total de atualizações enviadas: 0
2026-09-02T14:01:00.000-03:00  INFO 22468 --- [ecommerce] [scheduling-1] c.d.e.s.SincronizacaoEstoqueService      : [ESTOQUE] Lendo VW_ECOMMERCE_ESTOQUE no banco de dados...
2026-09-02T14:01:00.055-03:00  INFO 22468 --- [ecommerce] [scheduling-1] c.d.e.s.SincronizacaoEstoqueService      : [ESTOQUE] Ciclo finalizado. Total de atualizações enviadas: 0
2026-09-02T14:01:00.055-03:00  INFO 22468 --- [ecommerce] [scheduling-1] c.d.e.service.SincronizacaoService       : Lendo VW_ECOMMERCE_PRECOS no banco de dados...
2026-09-02T14:01:00.141-03:00  INFO 22468 --- [ecommerce] [scheduling-1] c.d.e.service.SincronizacaoService       : Ciclo finalizado. Total de atualizações enviadas: 0
2026-09-02T14:02:00.001-03:00  INFO 22468 --- [ecommerce] [scheduling-1] c.d.e.service.SincronizacaoService       : Lendo VW_ECOMMERCE_PRECOS no banco de dados...
2026-09-02T14:02:00.221-03:00  INFO 22468 --- [ecommerce] [scheduling-1] c.d.e.service.SincronizacaoService       : Ciclo finalizado. Total de atualizações enviadas: 0
2026-09-02T14:02:00.221-03:00  INFO 22468 --- [ecommerce] [scheduling-1] c.d.e.s.SincronizacaoEstoqueService      : [ESTOQUE] Lendo VW_ECOMMERCE_ESTOQUE no banco de dados...
2026-09-02T14:02:00.265-03:00  INFO 22468 --- [ecommerce] [scheduling-1] c.d.e.s.SincronizacaoEstoqueService      : [ESTOQUE] Ciclo finalizado. Total de atualizações enviadas: 0
2026-09-02T14:03:00.000-03:00  INFO 22468 --- [ecommerce] [scheduling-1] c.d.e.s.SincronizacaoEstoqueService      : [ESTOQUE] Lendo VW_ECOMMERCE_ESTOQUE no banco de dados...
2026-09-02T14:03:00.048-03:00  INFO 22468 --- [ecommerce] [scheduling-1] c.d.e.s.SincronizacaoEstoqueService      : [ESTOQUE] Ciclo finalizado. Total de atualizações enviadas: 0
2026-09-02T14:03:00.048-03:00  INFO 22468 --- [ecommerce] [scheduling-1] c.d.e.service.SincronizacaoService       : Lendo VW_ECOMMERCE_PRECOS no banco de dados...
2026-09-02T14:03:00.105-03:00  INFO 22468 --- [ecommerce] [scheduling-1] c.d.e.service.SincronizacaoService       : Ciclo finalizado. Total de atualizações enviadas: 0
2026-09-02T14:04:00.000-03:00  INFO 22468 --- [ecommerce] [scheduling-1] c.d.e.service.SincronizacaoService       : Lendo VW_ECOMMERCE_PRECOS no banco de dados...
2026-09-02T14:04:00.154-03:00  INFO 22468 --- [ecommerce] [scheduling-1] c.d.e.service.SincronizacaoService       : Ciclo finalizado. Total de atualizações enviadas: 0
2026-09-02T14:04:00.154-03:00  INFO 22468 --- [ecommerce] [scheduling-1] c.d.e.s.SincronizacaoEstoqueService      : [ESTOQUE] Lendo VW_ECOMMERCE_ESTOQUE no banco de dados...
2026-09-02T14:04:00.178-03:00  INFO 22468 --- [ecommerce] [scheduling-1] c.d.e.s.SincronizacaoEstoqueService      : [ESTOQUE] Ciclo finalizado. Total de atualizações enviadas: 0
2026-09-02T14:04:59.999-03:00  INFO 22468 --- [ecommerce] [scheduling-1] c.d.e.service.SincronizacaoService       : Lendo VW_ECOMMERCE_PRECOS no banco de dados...
2026-09-02T14:05:00.170-03:00  INFO 22468 --- [ecommerce] [scheduling-1] c.d.e.service.SincronizacaoService       : Ciclo finalizado. Total de atualizações enviadas: 0
2026-09-02T14:05:00.170-03:00  INFO 22468 --- [ecommerce] [scheduling-1] c.d.e.s.SincronizacaoEstoqueService      : [ESTOQUE] Lendo VW_ECOMMERCE_ESTOQUE no banco de dados...
2026-09-02T14:05:00.201-03:00  INFO 22468 --- [ecommerce] [scheduling-1] c.d.e.s.SincronizacaoEstoqueService      : [ESTOQUE] Ciclo finalizado. Total de atualizações enviadas: 0
2026-09-02T14:06:00.000-03:00  INFO 22468 --- [ecommerce] [scheduling-1] c.d.e.service.SincronizacaoService       : Lendo VW_ECOMMERCE_PRECOS no banco de dados...
2026-09-02T14:06:00.157-03:00  INFO 22468 --- [ecommerce] [scheduling-1] c.d.e.service.SincronizacaoService       : Ciclo finalizado. Total de atualizações enviadas: 0
2026-09-02T14:06:00.157-03:00  INFO 22468 --- [ecommerce] [scheduling-1] c.d.e.s.SincronizacaoEstoqueService      : [ESTOQUE] Lendo VW_ECOMMERCE_ESTOQUE no banco de dados...
2026-09-02T14:06:00.196-03:00  INFO 22468 --- [ecommerce] [scheduling-1] c.d.e.s.SincronizacaoEstoqueService      : [ESTOQUE] Ciclo finalizado. Total de atualizações enviadas: 0
2026-09-02T14:07:00.000-03:00  INFO 22468 --- [ecommerce] [scheduling-1] c.d.e.service.SincronizacaoService       : Lendo VW_ECOMMERCE_PRECOS no banco de dados...
2026-09-02T14:07:00.101-03:00  INFO 22468 --- [ecommerce] [scheduling-1] c.d.e.service.SincronizacaoService       : Ciclo finalizado. Total de atualizações enviadas: 0
2026-09-02T14:07:00.101-03:00  INFO 22468 --- [ecommerce] [scheduling-1] c.d.e.s.SincronizacaoEstoqueService      : [ESTOQUE] Lendo VW_ECOMMERCE_ESTOQUE no banco de dados...
2026-09-02T14:07:00.122-03:00  INFO 22468 --- [ecommerce] [scheduling-1] c.d.e.s.SincronizacaoEstoqueService      : [ESTOQUE] Ciclo finalizado. Total de atualizações enviadas: 0
2026-09-02T14:08:00.000-03:00  INFO 22468 --- [ecommerce] [scheduling-1] c.d.e.s.SincronizacaoEstoqueService      : [ESTOQUE] Lendo VW_ECOMMERCE_ESTOQUE no banco de dados...
2026-09-02T14:08:00.176-03:00  INFO 22468 --- [ecommerce] [scheduling-1] c.d.e.s.SincronizacaoEstoqueService      : [ESTOQUE] Ciclo finalizado. Total de atualizações enviadas: 0
2026-09-02T14:08:00.176-03:00  INFO 22468 --- [ecommerce] [scheduling-1] c.d.e.service.SincronizacaoService       : Lendo VW_ECOMMERCE_PRECOS no banco de dados...
2026-09-02T14:08:00.610-03:00  INFO 22468 --- [ecommerce] [scheduling-1] c.d.e.service.SincronizacaoService       : Ciclo finalizado. Total de atualizações enviadas: 0
2026-09-02T14:09:00.000-03:00  INFO 22468 --- [ecommerce] [scheduling-1] c.d.e.service.SincronizacaoService       : Lendo VW_ECOMMERCE_PRECOS no banco de dados...
2026-09-02T14:09:00.076-03:00  INFO 22468 --- [ecommerce] [scheduling-1] c.d.e.service.SincronizacaoService       : Ciclo finalizado. Total de atualizações enviadas: 0
2026-09-02T14:09:00.076-03:00  INFO 22468 --- [ecommerce] [scheduling-1] c.d.e.s.SincronizacaoEstoqueService      : [ESTOQUE] Lendo VW_ECOMMERCE_ESTOQUE no banco de dados...
2026-09-02T14:09:00.106-03:00  INFO 22468 --- [ecommerce] [scheduling-1] c.d.e.s.SincronizacaoEstoqueService      : [ESTOQUE] Ciclo finalizado. Total de atualizações enviadas: 0
2026-09-02T14:10:00.000-03:00  INFO 22468 --- [ecommerce] [scheduling-1] c.d.e.s.SincronizacaoEstoqueService      : [ESTOQUE] Lendo VW_ECOMMERCE_ESTOQUE no banco de dados...
2026-09-02T14:10:00.052-03:00  INFO 22468 --- [ecommerce] [scheduling-1] c.d.e.s.SincronizacaoEstoqueService      : [ESTOQUE] Ciclo finalizado. Total de atualizações enviadas: 0
2026-09-02T14:10:00.052-03:00  INFO 22468 --- [ecommerce] [scheduling-1] c.d.e.service.SincronizacaoService       : Lendo VW_ECOMMERCE_PRECOS no banco de dados...
2026-09-02T14:10:00.229-03:00  INFO 22468 --- [ecommerce] [scheduling-1] c.d.e.service.SincronizacaoService       : Ciclo finalizado. Total de atualizações enviadas: 0
2026-09-02T14:11:00.000-03:00  INFO 22468 --- [ecommerce] [scheduling-1] c.d.e.s.SincronizacaoEstoqueService      : [ESTOQUE] Lendo VW_ECOMMERCE_ESTOQUE no banco de dados...
2026-09-02T14:11:00.039-03:00  INFO 22468 --- [ecommerce] [scheduling-1] c.d.e.s.SincronizacaoEstoqueService      : [ESTOQUE] Ciclo finalizado. Total de atualizações enviadas: 0
2026-09-02T14:11:00.039-03:00  INFO 22468 --- [ecommerce] [scheduling-1] c.d.e.service.SincronizacaoService       : Lendo VW_ECOMMERCE_PRECOS no banco de dados...
2026-09-02T14:11:00.101-03:00  INFO 22468 --- [ecommerce] [scheduling-1] c.d.e.service.SincronizacaoService       : Ciclo finalizado. Total de atualizações enviadas: 0
2026-09-02T14:12:00.000-03:00  INFO 22468 --- [ecommerce] [scheduling-1] c.d.e.s.SincronizacaoEstoqueService      : [ESTOQUE] Lendo VW_ECOMMERCE_ESTOQUE no banco de dados...
2026-09-02T14:12:00.085-03:00  INFO 22468 --- [ecommerce] [scheduling-1] c.d.e.s.SincronizacaoEstoqueService      : [ESTOQUE] Ciclo finalizado. Total de atualizações enviadas: 0
2026-09-02T14:12:00.085-03:00  INFO 22468 --- [ecommerce] [scheduling-1] c.d.e.service.SincronizacaoService       : Lendo VW_ECOMMERCE_PRECOS no banco de dados...
2026-09-02T14:12:00.257-03:00  INFO 22468 --- [ecommerce] [scheduling-1] c.d.e.service.SincronizacaoService       : Ciclo finalizado. Total de atualizações enviadas: 0
2026-09-02T14:12:59.999-03:00  INFO 22468 --- [ecommerce] [scheduling-1] c.d.e.service.SincronizacaoService       : Lendo VW_ECOMMERCE_PRECOS no banco de dados...
2026-09-02T14:13:00.180-03:00  INFO 22468 --- [ecommerce] [scheduling-1] c.d.e.service.SincronizacaoService       : Ciclo finalizado. Total de atualizações enviadas: 0
2026-09-02T14:13:00.180-03:00  INFO 22468 --- [ecommerce] [scheduling-1] c.d.e.s.SincronizacaoEstoqueService      : [ESTOQUE] Lendo VW_ECOMMERCE_ESTOQUE no banco de dados...
2026-09-02T14:13:00.221-03:00  INFO 22468 --- [ecommerce] [scheduling-1] c.d.e.s.SincronizacaoEstoqueService      : [ESTOQUE] Ciclo finalizado. Total de atualizações enviadas: 0
2026-09-02T14:14:00.000-03:00  INFO 22468 --- [ecommerce] [scheduling-1] c.d.e.s.SincronizacaoEstoqueService      : [ESTOQUE] Lendo VW_ECOMMERCE_ESTOQUE no banco de dados...
2026-09-02T14:14:00.034-03:00  INFO 22468 --- [ecommerce] [scheduling-1] c.d.e.s.SincronizacaoEstoqueService      : [ESTOQUE] Ciclo finalizado. Total de atualizações enviadas: 0
2026-09-02T14:14:00.036-03:00  INFO 22468 --- [ecommerce] [scheduling-1] c.d.e.service.SincronizacaoService       : Lendo VW_ECOMMERCE_PRECOS no banco de dados...
2026-09-02T14:14:00.231-03:00  INFO 22468 --- [ecommerce] [scheduling-1] c.d.e.service.SincronizacaoService       : Ciclo finalizado. Total de atualizações enviadas: 0
2026-09-02T14:15:00.000-03:00  INFO 22468 --- [ecommerce] [scheduling-1] c.d.e.s.SincronizacaoEstoqueService      : [ESTOQUE] Lendo VW_ECOMMERCE_ESTOQUE no banco de dados...
2026-09-02T14:15:00.072-03:00  INFO 22468 --- [ecommerce] [scheduling-1] c.d.e.s.SincronizacaoEstoqueService      : [ESTOQUE] Ciclo finalizado. Total de atualizações enviadas: 0
2026-09-02T14:15:00.072-03:00  INFO 22468 --- [ecommerce] [scheduling-1] c.d.e.service.SincronizacaoService       : Lendo VW_ECOMMERCE_PRECOS no banco de dados...
2026-09-02T14:15:00.399-03:00  INFO 22468 --- [ecommerce] [scheduling-1] c.d.e.service.SincronizacaoService       : Ciclo finalizado. Total de atualizações enviadas: 0
2026-09-02T14:15:59.999-03:00  INFO 22468 --- [ecommerce] [scheduling-1] c.d.e.service.SincronizacaoService       : Lendo VW_ECOMMERCE_PRECOS no banco de dados...
2026-09-02T14:16:00.114-03:00  INFO 22468 --- [ecommerce] [scheduling-1] c.d.e.service.SincronizacaoService       : Ciclo finalizado. Total de atualizações enviadas: 0
2026-09-02T14:16:00.115-03:00  INFO 22468 --- [ecommerce] [scheduling-1] c.d.e.s.SincronizacaoEstoqueService      : [ESTOQUE] Lendo VW_ECOMMERCE_ESTOQUE no banco de dados...
2026-09-02T14:16:00.135-03:00  INFO 22468 --- [ecommerce] [scheduling-1] c.d.e.s.SincronizacaoEstoqueService      : [ESTOQUE] Ciclo finalizado. Total de atualizações enviadas: 0
2026-09-02T14:17:00.000-03:00  INFO 22468 --- [ecommerce] [scheduling-1] c.d.e.service.SincronizacaoService       : Lendo VW_ECOMMERCE_PRECOS no banco de dados...
2026-09-02T14:17:00.094-03:00  INFO 22468 --- [ecommerce] [scheduling-1] c.d.e.service.SincronizacaoService       : Ciclo finalizado. Total de atualizações enviadas: 0
2026-09-02T14:17:00.095-03:00  INFO 22468 --- [ecommerce] [scheduling-1] c.d.e.s.SincronizacaoEstoqueService      : [ESTOQUE] Lendo VW_ECOMMERCE_ESTOQUE no banco de dados...
2026-09-02T14:17:00.120-03:00  INFO 22468 --- [ecommerce] [scheduling-1] c.d.e.s.SincronizacaoEstoqueService      : [ESTOQUE] Ciclo finalizado. Total de atualizações enviadas: 0
2026-09-02T14:17:59.999-03:00  INFO 22468 --- [ecommerce] [scheduling-1] c.d.e.service.SincronizacaoService       : Lendo VW_ECOMMERCE_PRECOS no banco de dados...
2026-09-02T14:18:00.192-03:00  INFO 22468 --- [ecommerce] [scheduling-1] c.d.e.service.SincronizacaoService       : Ciclo finalizado. Total de atualizações enviadas: 0
2026-09-02T14:18:00.193-03:00  INFO 22468 --- [ecommerce] [scheduling-1] c.d.e.s.SincronizacaoEstoqueService      : [ESTOQUE] Lendo VW_ECOMMERCE_ESTOQUE no banco de dados...
2026-09-02T14:18:00.220-03:00  INFO 22468 --- [ecommerce] [scheduling-1] c.d.e.s.SincronizacaoEstoqueService      : [ESTOQUE] Ciclo finalizado. Total de atualizações enviadas: 0
2026-09-02T14:19:00.000-03:00  INFO 22468 --- [ecommerce] [scheduling-1] c.d.e.service.SincronizacaoService       : Lendo VW_ECOMMERCE_PRECOS no banco de dados...
2026-09-02T14:19:00.108-03:00  INFO 22468 --- [ecommerce] [scheduling-1] c.d.e.service.SincronizacaoService       : Ciclo finalizado. Total de atualizações enviadas: 0
2026-09-02T14:19:00.109-03:00  INFO 22468 --- [ecommerce] [scheduling-1] c.d.e.s.SincronizacaoEstoqueService      : [ESTOQUE] Lendo VW_ECOMMERCE_ESTOQUE no banco de dados...
2026-09-02T14:19:00.130-03:00  INFO 22468 --- [ecommerce] [scheduling-1] c.d.e.s.SincronizacaoEstoqueService      : [ESTOQUE] Ciclo finalizado. Total de atualizações enviadas: 0
2026-09-02T14:20:00.000-03:00  INFO 22468 --- [ecommerce] [scheduling-1] c.d.e.s.SincronizacaoEstoqueService      : [ESTOQUE] Lendo VW_ECOMMERCE_ESTOQUE no banco de dados...
2026-09-02T14:20:00.113-03:00  INFO 22468 --- [ecommerce] [scheduling-1] c.d.e.s.SincronizacaoEstoqueService      : [ESTOQUE] Ciclo finalizado. Total de atualizações enviadas: 0
2026-09-02T14:20:00.113-03:00  INFO 22468 --- [ecommerce] [scheduling-1] c.d.e.service.SincronizacaoService       : Lendo VW_ECOMMERCE_PRECOS no banco de dados...
2026-09-02T14:20:00.179-03:00  INFO 22468 --- [ecommerce] [scheduling-1] c.d.e.service.SincronizacaoService       : Ciclo finalizado. Total de atualizações enviadas: 0
2026-09-02T14:21:00.000-03:00  INFO 22468 --- [ecommerce] [scheduling-1] c.d.e.service.SincronizacaoService       : Lendo VW_ECOMMERCE_PRECOS no banco de dados...
2026-09-02T14:21:00.067-03:00  INFO 22468 --- [ecommerce] [scheduling-1] c.d.e.service.SincronizacaoService       : Ciclo finalizado. Total de atualizações enviadas: 0
2026-09-02T14:21:00.067-03:00  INFO 22468 --- [ecommerce] [scheduling-1] c.d.e.s.SincronizacaoEstoqueService      : [ESTOQUE] Lendo VW_ECOMMERCE_ESTOQUE no banco de dados...
2026-09-02T14:21:00.099-03:00  INFO 22468 --- [ecommerce] [scheduling-1] c.d.e.s.SincronizacaoEstoqueService      : [ESTOQUE] Ciclo finalizado. Total de atualizações enviadas: 0
2026-09-02T14:21:59.999-03:00  INFO 22468 --- [ecommerce] [scheduling-1] c.d.e.service.SincronizacaoService       : Lendo VW_ECOMMERCE_PRECOS no banco de dados...
2026-09-02T14:22:00.122-03:00  INFO 22468 --- [ecommerce] [scheduling-1] c.d.e.service.SincronizacaoService       : Ciclo finalizado. Total de atualizações enviadas: 0
2026-09-02T14:22:00.122-03:00  INFO 22468 --- [ecommerce] [scheduling-1] c.d.e.s.SincronizacaoEstoqueService      : [ESTOQUE] Lendo VW_ECOMMERCE_ESTOQUE no banco de dados...
2026-09-02T14:22:00.141-03:00  INFO 22468 --- [ecommerce] [scheduling-1] c.d.e.s.SincronizacaoEstoqueService      : [ESTOQUE] Ciclo finalizado. Total de atualizações enviadas: 0
2026-09-02T14:23:00.001-03:00  INFO 22468 --- [ecommerce] [scheduling-1] c.d.e.service.SincronizacaoService       : Lendo VW_ECOMMERCE_PRECOS no banco de dados...
2026-09-02T14:23:00.058-03:00  INFO 22468 --- [ecommerce] [scheduling-1] c.d.e.service.SincronizacaoService       : Ciclo finalizado. Total de atualizações enviadas: 0
2026-09-02T14:23:00.058-03:00  INFO 22468 --- [ecommerce] [scheduling-1] c.d.e.s.SincronizacaoEstoqueService      : [ESTOQUE] Lendo VW_ECOMMERCE_ESTOQUE no banco de dados...
2026-09-02T14:23:00.090-03:00  INFO 22468 --- [ecommerce] [scheduling-1] c.d.e.s.SincronizacaoEstoqueService      : [ESTOQUE] Ciclo finalizado. Total de atualizações enviadas: 0
2026-09-02T14:24:00.000-03:00  INFO 22468 --- [ecommerce] [scheduling-1] c.d.e.s.SincronizacaoEstoqueService      : [ESTOQUE] Lendo VW_ECOMMERCE_ESTOQUE no banco de dados...
2026-09-02T14:24:00.055-03:00  INFO 22468 --- [ecommerce] [scheduling-1] c.d.e.s.SincronizacaoEstoqueService      : [ESTOQUE] Ciclo finalizado. Total de atualizações enviadas: 0
2026-09-02T14:24:00.055-03:00  INFO 22468 --- [ecommerce] [scheduling-1] c.d.e.service.SincronizacaoService       : Lendo VW_ECOMMERCE_PRECOS no banco de dados...
2026-09-02T14:24:00.146-03:00  INFO 22468 --- [ecommerce] [scheduling-1] c.d.e.service.SincronizacaoService       : Ciclo finalizado. Total de atualizações enviadas: 0
2026-09-02T14:25:00.001-03:00  INFO 22468 --- [ecommerce] [scheduling-1] c.d.e.s.SincronizacaoEstoqueService      : [ESTOQUE] Lendo VW_ECOMMERCE_ESTOQUE no banco de dados...
2026-09-02T14:25:00.042-03:00  INFO 22468 --- [ecommerce] [scheduling-1] c.d.e.s.SincronizacaoEstoqueService      : [ESTOQUE] Ciclo finalizado. Total de atualizações enviadas: 0
2026-09-02T14:25:00.042-03:00  INFO 22468 --- [ecommerce] [scheduling-1] c.d.e.service.SincronizacaoService       : Lendo VW_ECOMMERCE_PRECOS no banco de dados...
2026-09-02T14:25:00.166-03:00  INFO 22468 --- [ecommerce] [scheduling-1] c.d.e.service.SincronizacaoService       : Ciclo finalizado. Total de atualizações enviadas: 0
2026-09-02T14:26:00.001-03:00  INFO 22468 --- [ecommerce] [scheduling-1] c.d.e.s.SincronizacaoEstoqueService      : [ESTOQUE] Lendo VW_ECOMMERCE_ESTOQUE no banco de dados...
2026-09-02T14:26:00.119-03:00  INFO 22468 --- [ecommerce] [scheduling-1] c.d.e.s.SincronizacaoEstoqueService      : [ESTOQUE] Ciclo finalizado. Total de atualizações enviadas: 0
2026-09-02T14:26:00.119-03:00  INFO 22468 --- [ecommerce] [scheduling-1] c.d.e.service.SincronizacaoService       : Lendo VW_ECOMMERCE_PRECOS no banco de dados...
2026-09-02T14:26:00.514-03:00  INFO 22468 --- [ecommerce] [scheduling-1] c.d.e.service.SincronizacaoService       : Ciclo finalizado. Total de atualizações enviadas: 0
2026-09-02T14:27:00.000-03:00  INFO 22468 --- [ecommerce] [scheduling-1] c.d.e.service.SincronizacaoService       : Lendo VW_ECOMMERCE_PRECOS no banco de dados...
2026-09-02T14:27:00.165-03:00  INFO 22468 --- [ecommerce] [scheduling-1] c.d.e.service.SincronizacaoService       : Ciclo finalizado. Total de atualizações enviadas: 0
2026-09-02T14:27:00.165-03:00  INFO 22468 --- [ecommerce] [scheduling-1] c.d.e.s.SincronizacaoEstoqueService      : [ESTOQUE] Lendo VW_ECOMMERCE_ESTOQUE no banco de dados...
2026-09-02T14:27:00.198-03:00  INFO 22468 --- [ecommerce] [scheduling-1] c.d.e.s.SincronizacaoEstoqueService      : [ESTOQUE] Ciclo finalizado. Total de atualizações enviadas: 0
2026-09-02T14:28:00.000-03:00  INFO 22468 --- [ecommerce] [scheduling-1] c.d.e.s.SincronizacaoEstoqueService      : [ESTOQUE] Lendo VW_ECOMMERCE_ESTOQUE no banco de dados...
2026-09-02T14:28:00.081-03:00  INFO 22468 --- [ecommerce] [scheduling-1] c.d.e.s.SincronizacaoEstoqueService      : [ESTOQUE] Ciclo finalizado. Total de atualizações enviadas: 0
2026-09-02T14:28:00.081-03:00  INFO 22468 --- [ecommerce] [scheduling-1] c.d.e.service.SincronizacaoService       : Lendo VW_ECOMMERCE_PRECOS no banco de dados...
2026-09-02T14:28:00.138-03:00  INFO 22468 --- [ecommerce] [scheduling-1] c.d.e.service.SincronizacaoService       : Ciclo finalizado. Total de atualizações enviadas: 0
2026-09-02T14:29:00.001-03:00  INFO 22468 --- [ecommerce] [scheduling-1] c.d.e.s.SincronizacaoEstoqueService      : [ESTOQUE] Lendo VW_ECOMMERCE_ESTOQUE no banco de dados...
2026-09-02T14:29:00.077-03:00  INFO 22468 --- [ecommerce] [scheduling-1] c.d.e.s.SincronizacaoEstoqueService      : [ESTOQUE] Ciclo finalizado. Total de atualizações enviadas: 0
2026-09-02T14:29:00.077-03:00  INFO 22468 --- [ecommerce] [scheduling-1] c.d.e.service.SincronizacaoService       : Lendo VW_ECOMMERCE_PRECOS no banco de dados...
2026-09-02T14:29:00.273-03:00  INFO 22468 --- [ecommerce] [scheduling-1] c.d.e.service.SincronizacaoService       : Ciclo finalizado. Total de atualizações enviadas: 0
2026-09-02T14:30:00.000-03:00  INFO 22468 --- [ecommerce] [scheduling-1] c.d.e.s.SincronizacaoEstoqueService      : [ESTOQUE] Lendo VW_ECOMMERCE_ESTOQUE no banco de dados...
2026-09-02T14:30:00.065-03:00  INFO 22468 --- [ecommerce] [scheduling-1] c.d.e.s.SincronizacaoEstoqueService      : [ESTOQUE] Ciclo finalizado. Total de atualizações enviadas: 0
2026-09-02T14:30:00.065-03:00  INFO 22468 --- [ecommerce] [scheduling-1] c.d.e.service.SincronizacaoService       : Lendo VW_ECOMMERCE_PRECOS no banco de dados...
2026-09-02T14:30:00.453-03:00  INFO 22468 --- [ecommerce] [scheduling-1] c.d.e.service.SincronizacaoService       : Ciclo finalizado. Total de atualizações enviadas: 0
2026-09-02T14:31:00.000-03:00  INFO 22468 --- [ecommerce] [scheduling-1] c.d.e.service.SincronizacaoService       : Lendo VW_ECOMMERCE_PRECOS no banco de dados...
2026-09-02T14:31:00.130-03:00  INFO 22468 --- [ecommerce] [scheduling-1] c.d.e.service.SincronizacaoService       : Ciclo finalizado. Total de atualizações enviadas: 0
2026-09-02T14:31:00.130-03:00  INFO 22468 --- [ecommerce] [scheduling-1] c.d.e.s.SincronizacaoEstoqueService      : [ESTOQUE] Lendo VW_ECOMMERCE_ESTOQUE no banco de dados...
2026-09-02T14:31:00.158-03:00  INFO 22468 --- [ecommerce] [scheduling-1] c.d.e.s.SincronizacaoEstoqueService      : [ESTOQUE] Ciclo finalizado. Total de atualizações enviadas: 0
2026-09-02T14:32:00.000-03:00  INFO 22468 --- [ecommerce] [scheduling-1] c.d.e.s.SincronizacaoEstoqueService      : [ESTOQUE] Lendo VW_ECOMMERCE_ESTOQUE no banco de dados...
2026-09-02T14:32:00.085-03:00  INFO 22468 --- [ecommerce] [scheduling-1] c.d.e.s.SincronizacaoEstoqueService      : [ESTOQUE] Ciclo finalizado. Total de atualizações enviadas: 0
2026-09-02T14:32:00.085-03:00  INFO 22468 --- [ecommerce] [scheduling-1] c.d.e.service.SincronizacaoService       : Lendo VW_ECOMMERCE_PRECOS no banco de dados...
2026-09-02T14:32:00.165-03:00  INFO 22468 --- [ecommerce] [scheduling-1] c.d.e.service.SincronizacaoService       : Ciclo finalizado. Total de atualizações enviadas: 0
2026-09-02T14:33:00.001-03:00  INFO 22468 --- [ecommerce] [scheduling-1] c.d.e.s.SincronizacaoEstoqueService      : [ESTOQUE] Lendo VW_ECOMMERCE_ESTOQUE no banco de dados...
2026-09-02T14:33:00.100-03:00  INFO 22468 --- [ecommerce] [scheduling-1] c.d.e.s.SincronizacaoEstoqueService      : [ESTOQUE] Ciclo finalizado. Total de atualizações enviadas: 0
2026-09-02T14:33:00.100-03:00  INFO 22468 --- [ecommerce] [scheduling-1] c.d.e.service.SincronizacaoService       : Lendo VW_ECOMMERCE_PRECOS no banco de dados...
2026-09-02T14:33:00.149-03:00  INFO 22468 --- [ecommerce] [scheduling-1] c.d.e.service.SincronizacaoService       : Ciclo finalizado. Total de atualizações enviadas: 0
2026-09-02T14:34:00.000-03:00  INFO 22468 --- [ecommerce] [scheduling-1] c.d.e.s.SincronizacaoEstoqueService      : [ESTOQUE] Lendo VW_ECOMMERCE_ESTOQUE no banco de dados...
2026-09-02T14:34:00.050-03:00  INFO 22468 --- [ecommerce] [scheduling-1] c.d.e.s.SincronizacaoEstoqueService      : [ESTOQUE] Ciclo finalizado. Total de atualizações enviadas: 0
2026-09-02T14:34:00.051-03:00  INFO 22468 --- [ecommerce] [scheduling-1] c.d.e.service.SincronizacaoService       : Lendo VW_ECOMMERCE_PRECOS no banco de dados...
2026-09-02T14:34:00.095-03:00  INFO 22468 --- [ecommerce] [scheduling-1] c.d.e.service.SincronizacaoService       : Ciclo finalizado. Total de atualizações enviadas: 0
2026-09-02T14:35:00.001-03:00  INFO 22468 --- [ecommerce] [scheduling-1] c.d.e.s.SincronizacaoEstoqueService      : [ESTOQUE] Lendo VW_ECOMMERCE_ESTOQUE no banco de dados...
2026-09-02T14:35:00.054-03:00  INFO 22468 --- [ecommerce] [scheduling-1] c.d.e.s.SincronizacaoEstoqueService      : [ESTOQUE] Ciclo finalizado. Total de atualizações enviadas: 0
2026-09-02T14:35:00.054-03:00  INFO 22468 --- [ecommerce] [scheduling-1] c.d.e.service.SincronizacaoService       : Lendo VW_ECOMMERCE_PRECOS no banco de dados...
2026-09-02T14:35:00.120-03:00  INFO 22468 --- [ecommerce] [scheduling-1] c.d.e.service.SincronizacaoService       : Ciclo finalizado. Total de atualizações enviadas: 0
2026-09-02T14:36:00.002-03:00  INFO 22468 --- [ecommerce] [scheduling-1] c.d.e.s.SincronizacaoEstoqueService      : [ESTOQUE] Lendo VW_ECOMMERCE_ESTOQUE no banco de dados...
2026-09-02T14:36:00.108-03:00  INFO 22468 --- [ecommerce] [scheduling-1] c.d.e.s.SincronizacaoEstoqueService      : [ESTOQUE] Ciclo finalizado. Total de atualizações enviadas: 0
2026-09-02T14:36:00.109-03:00  INFO 22468 --- [ecommerce] [scheduling-1] c.d.e.service.SincronizacaoService       : Lendo VW_ECOMMERCE_PRECOS no banco de dados...
2026-09-02T14:36:00.251-03:00  INFO 22468 --- [ecommerce] [scheduling-1] c.d.e.service.SincronizacaoService       : Ciclo finalizado. Total de atualizações enviadas: 0
2026-09-02T14:36:59.999-03:00  INFO 22468 --- [ecommerce] [scheduling-1] c.d.e.service.SincronizacaoService       : Lendo VW_ECOMMERCE_PRECOS no banco de dados...
2026-09-02T14:37:00.143-03:00  INFO 22468 --- [ecommerce] [scheduling-1] c.d.e.service.SincronizacaoService       : Ciclo finalizado. Total de atualizações enviadas: 0
2026-09-02T14:37:00.143-03:00  INFO 22468 --- [ecommerce] [scheduling-1] c.d.e.s.SincronizacaoEstoqueService      : [ESTOQUE] Lendo VW_ECOMMERCE_ESTOQUE no banco de dados...
2026-09-02T14:37:00.168-03:00  INFO 22468 --- [ecommerce] [scheduling-1] c.d.e.s.SincronizacaoEstoqueService      : [ESTOQUE] Ciclo finalizado. Total de atualizações enviadas: 0
2026-09-02T14:38:00.001-03:00  INFO 22468 --- [ecommerce] [scheduling-1] c.d.e.service.SincronizacaoService       : Lendo VW_ECOMMERCE_PRECOS no banco de dados...
2026-09-02T14:38:00.054-03:00  INFO 22468 --- [ecommerce] [scheduling-1] c.d.e.service.SincronizacaoService       : Ciclo finalizado. Total de atualizações enviadas: 0
2026-09-02T14:38:00.054-03:00  INFO 22468 --- [ecommerce] [scheduling-1] c.d.e.s.SincronizacaoEstoqueService      : [ESTOQUE] Lendo VW_ECOMMERCE_ESTOQUE no banco de dados...
2026-09-02T14:38:00.076-03:00  INFO 22468 --- [ecommerce] [scheduling-1] c.d.e.s.SincronizacaoEstoqueService      : [ESTOQUE] Ciclo finalizado. Total de atualizações enviadas: 0
2026-09-02T14:39:00.000-03:00  INFO 22468 --- [ecommerce] [scheduling-1] c.d.e.service.SincronizacaoService       : Lendo VW_ECOMMERCE_PRECOS no banco de dados...
2026-09-02T14:39:00.113-03:00  INFO 22468 --- [ecommerce] [scheduling-1] c.d.e.service.SincronizacaoService       : Ciclo finalizado. Total de atualizações enviadas: 0
2026-09-02T14:39:00.113-03:00  INFO 22468 --- [ecommerce] [scheduling-1] c.d.e.s.SincronizacaoEstoqueService      : [ESTOQUE] Lendo VW_ECOMMERCE_ESTOQUE no banco de dados...
2026-09-02T14:39:00.133-03:00  INFO 22468 --- [ecommerce] [scheduling-1] c.d.e.s.SincronizacaoEstoqueService      : [ESTOQUE] Ciclo finalizado. Total de atualizações enviadas: 0
2026-09-02T14:40:00.000-03:00  INFO 22468 --- [ecommerce] [scheduling-1] c.d.e.s.SincronizacaoEstoqueService      : [ESTOQUE] Lendo VW_ECOMMERCE_ESTOQUE no banco de dados...
2026-09-02T14:40:00.060-03:00  INFO 22468 --- [ecommerce] [scheduling-1] c.d.e.s.SincronizacaoEstoqueService      : [ESTOQUE] Ciclo finalizado. Total de atualizações enviadas: 0
2026-09-02T14:40:00.060-03:00  INFO 22468 --- [ecommerce] [scheduling-1] c.d.e.service.SincronizacaoService       : Lendo VW_ECOMMERCE_PRECOS no banco de dados...
2026-09-02T14:40:00.133-03:00  INFO 22468 --- [ecommerce] [scheduling-1] c.d.e.service.SincronizacaoService       : Ciclo finalizado. Total de atualizações enviadas: 0
2026-09-02T14:41:00.002-03:00  INFO 22468 --- [ecommerce] [scheduling-1] c.d.e.service.SincronizacaoService       : Lendo VW_ECOMMERCE_PRECOS no banco de dados...
2026-09-02T14:41:00.100-03:00  INFO 22468 --- [ecommerce] [scheduling-1] c.d.e.service.SincronizacaoService       : Ciclo finalizado. Total de atualizações enviadas: 0
2026-09-02T14:41:00.100-03:00  INFO 22468 --- [ecommerce] [scheduling-1] c.d.e.s.SincronizacaoEstoqueService      : [ESTOQUE] Lendo VW_ECOMMERCE_ESTOQUE no banco de dados...
2026-09-02T14:41:00.129-03:00  INFO 22468 --- [ecommerce] [scheduling-1] c.d.e.s.SincronizacaoEstoqueService      : [ESTOQUE] Ciclo finalizado. Total de atualizações enviadas: 0
2026-09-02T14:42:00.001-03:00  INFO 22468 --- [ecommerce] [scheduling-1] c.d.e.service.SincronizacaoService       : Lendo VW_ECOMMERCE_PRECOS no banco de dados...
2026-09-02T14:42:00.069-03:00  INFO 22468 --- [ecommerce] [scheduling-1] c.d.e.service.SincronizacaoService       : Ciclo finalizado. Total de atualizações enviadas: 0
2026-09-02T14:42:00.069-03:00  INFO 22468 --- [ecommerce] [scheduling-1] c.d.e.s.SincronizacaoEstoqueService      : [ESTOQUE] Lendo VW_ECOMMERCE_ESTOQUE no banco de dados...
2026-09-02T14:42:00.101-03:00  INFO 22468 --- [ecommerce] [scheduling-1] c.d.e.s.SincronizacaoEstoqueService      : [ESTOQUE] Ciclo finalizado. Total de atualizações enviadas: 0
2026-09-02T14:43:00.000-03:00  INFO 22468 --- [ecommerce] [scheduling-1] c.d.e.service.SincronizacaoService       : Lendo VW_ECOMMERCE_PRECOS no banco de dados...
2026-09-02T14:43:00.162-03:00  INFO 22468 --- [ecommerce] [scheduling-1] c.d.e.service.SincronizacaoService       : Ciclo finalizado. Total de atualizações enviadas: 0
2026-09-02T14:43:00.162-03:00  INFO 22468 --- [ecommerce] [scheduling-1] c.d.e.s.SincronizacaoEstoqueService      : [ESTOQUE] Lendo VW_ECOMMERCE_ESTOQUE no banco de dados...
2026-09-02T14:43:00.187-03:00  INFO 22468 --- [ecommerce] [scheduling-1] c.d.e.s.SincronizacaoEstoqueService      : [ESTOQUE] Ciclo finalizado. Total de atualizações enviadas: 0
2026-09-02T14:44:00.000-03:00  INFO 22468 --- [ecommerce] [scheduling-1] c.d.e.s.SincronizacaoEstoqueService      : [ESTOQUE] Lendo VW_ECOMMERCE_ESTOQUE no banco de dados...
2026-09-02T14:44:00.089-03:00  INFO 22468 --- [ecommerce] [scheduling-1] c.d.e.s.SincronizacaoEstoqueService      : [ESTOQUE] Ciclo finalizado. Total de atualizações enviadas: 0
2026-09-02T14:44:00.089-03:00  INFO 22468 --- [ecommerce] [scheduling-1] c.d.e.service.SincronizacaoService       : Lendo VW_ECOMMERCE_PRECOS no banco de dados...
2026-09-02T14:44:00.532-03:00  INFO 22468 --- [ecommerce] [scheduling-1] c.d.e.service.SincronizacaoService       : Ciclo finalizado. Total de atualizações enviadas: 0
2026-09-02T14:45:00.000-03:00  INFO 22468 --- [ecommerce] [scheduling-1] c.d.e.service.SincronizacaoService       : Lendo VW_ECOMMERCE_PRECOS no banco de dados...
2026-09-02T14:45:00.064-03:00  INFO 22468 --- [ecommerce] [scheduling-1] c.d.e.service.SincronizacaoService       : Ciclo finalizado. Total de atualizações enviadas: 0
2026-09-02T14:45:00.064-03:00  INFO 22468 --- [ecommerce] [scheduling-1] c.d.e.s.SincronizacaoEstoqueService      : [ESTOQUE] Lendo VW_ECOMMERCE_ESTOQUE no banco de dados...
2026-09-02T14:45:00.105-03:00  INFO 22468 --- [ecommerce] [scheduling-1] c.d.e.s.SincronizacaoEstoqueService      : [ESTOQUE] Ciclo finalizado. Total de atualizações enviadas: 0
2026-09-02T14:46:00.000-03:00  INFO 22468 --- [ecommerce] [scheduling-1] c.d.e.s.SincronizacaoEstoqueService      : [ESTOQUE] Lendo VW_ECOMMERCE_ESTOQUE no banco de dados...
2026-09-02T14:46:00.085-03:00  INFO 22468 --- [ecommerce] [scheduling-1] c.d.e.s.SincronizacaoEstoqueService      : [ESTOQUE] Ciclo finalizado. Total de atualizações enviadas: 0
2026-09-02T14:46:00.086-03:00  INFO 22468 --- [ecommerce] [scheduling-1] c.d.e.service.SincronizacaoService       : Lendo VW_ECOMMERCE_PRECOS no banco de dados...
2026-09-02T14:46:00.130-03:00  INFO 22468 --- [ecommerce] [scheduling-1] c.d.e.service.SincronizacaoService       : Ciclo finalizado. Total de atualizações enviadas: 0
2026-09-02T14:47:00.000-03:00  INFO 22468 --- [ecommerce] [scheduling-1] c.d.e.s.SincronizacaoEstoqueService      : [ESTOQUE] Lendo VW_ECOMMERCE_ESTOQUE no banco de dados...
2026-09-02T14:47:00.072-03:00  INFO 22468 --- [ecommerce] [scheduling-1] c.d.e.s.SincronizacaoEstoqueService      : [ESTOQUE] Ciclo finalizado. Total de atualizações enviadas: 0
2026-09-02T14:47:00.072-03:00  INFO 22468 --- [ecommerce] [scheduling-1] c.d.e.service.SincronizacaoService       : Lendo VW_ECOMMERCE_PRECOS no banco de dados...
2026-09-02T14:47:00.118-03:00  INFO 22468 --- [ecommerce] [scheduling-1] c.d.e.service.SincronizacaoService       : Ciclo finalizado. Total de atualizações enviadas: 0
2026-09-02T14:48:00.000-03:00  INFO 22468 --- [ecommerce] [scheduling-1] c.d.e.service.SincronizacaoService       : Lendo VW_ECOMMERCE_PRECOS no banco de dados...
2026-09-02T14:48:00.201-03:00  INFO 22468 --- [ecommerce] [scheduling-1] c.d.e.service.SincronizacaoService       : Ciclo finalizado. Total de atualizações enviadas: 0
2026-09-02T14:48:00.201-03:00  INFO 22468 --- [ecommerce] [scheduling-1] c.d.e.s.SincronizacaoEstoqueService      : [ESTOQUE] Lendo VW_ECOMMERCE_ESTOQUE no banco de dados...
2026-09-02T14:48:00.245-03:00  INFO 22468 --- [ecommerce] [scheduling-1] c.d.e.s.SincronizacaoEstoqueService      : [ESTOQUE] Ciclo finalizado. Total de atualizações enviadas: 0
2026-09-02T14:49:00.000-03:00  INFO 22468 --- [ecommerce] [scheduling-1] c.d.e.service.SincronizacaoService       : Lendo VW_ECOMMERCE_PRECOS no banco de dados...
2026-09-02T14:49:00.093-03:00  INFO 22468 --- [ecommerce] [scheduling-1] c.d.e.service.SincronizacaoService       : Ciclo finalizado. Total de atualizações enviadas: 0
2026-09-02T14:49:00.094-03:00  INFO 22468 --- [ecommerce] [scheduling-1] c.d.e.s.SincronizacaoEstoqueService      : [ESTOQUE] Lendo VW_ECOMMERCE_ESTOQUE no banco de dados...
2026-09-02T14:49:00.119-03:00  INFO 22468 --- [ecommerce] [scheduling-1] c.d.e.s.SincronizacaoEstoqueService      : [ESTOQUE] Ciclo finalizado. Total de atualizações enviadas: 0
2026-09-02T14:49:59.999-03:00  INFO 22468 --- [ecommerce] [scheduling-1] c.d.e.service.SincronizacaoService       : Lendo VW_ECOMMERCE_PRECOS no banco de dados...
2026-09-02T14:50:00.138-03:00  INFO 22468 --- [ecommerce] [scheduling-1] c.d.e.service.SincronizacaoService       : Ciclo finalizado. Total de atualizações enviadas: 0
2026-09-02T14:50:00.139-03:00  INFO 22468 --- [ecommerce] [scheduling-1] c.d.e.s.SincronizacaoEstoqueService      : [ESTOQUE] Lendo VW_ECOMMERCE_ESTOQUE no banco de dados...
2026-09-02T14:50:00.162-03:00  INFO 22468 --- [ecommerce] [scheduling-1] c.d.e.s.SincronizacaoEstoqueService      : [ESTOQUE] Ciclo finalizado. Total de atualizações enviadas: 0
2026-09-02T14:51:00.000-03:00  INFO 22468 --- [ecommerce] [scheduling-1] c.d.e.service.SincronizacaoService       : Lendo VW_ECOMMERCE_PRECOS no banco de dados...
2026-09-02T14:51:00.532-03:00  INFO 22468 --- [ecommerce] [scheduling-1] c.d.e.service.SincronizacaoService       : Ciclo finalizado. Total de atualizações enviadas: 0
2026-09-02T14:51:00.532-03:00  INFO 22468 --- [ecommerce] [scheduling-1] c.d.e.s.SincronizacaoEstoqueService      : [ESTOQUE] Lendo VW_ECOMMERCE_ESTOQUE no banco de dados...
2026-09-02T14:51:00.612-03:00  INFO 22468 --- [ecommerce] [scheduling-1] c.d.e.s.SincronizacaoEstoqueService      : [ESTOQUE] Ciclo finalizado. Total de atualizações enviadas: 0
2026-09-02T14:52:00.000-03:00  INFO 22468 --- [ecommerce] [scheduling-1] c.d.e.service.SincronizacaoService       : Lendo VW_ECOMMERCE_PRECOS no banco de dados...
2026-09-02T14:52:00.197-03:00  INFO 22468 --- [ecommerce] [scheduling-1] c.d.e.service.SincronizacaoService       : Ciclo finalizado. Total de atualizações enviadas: 0
2026-09-02T14:52:00.197-03:00  INFO 22468 --- [ecommerce] [scheduling-1] c.d.e.s.SincronizacaoEstoqueService      : [ESTOQUE] Lendo VW_ECOMMERCE_ESTOQUE no banco de dados...
2026-09-02T14:52:00.231-03:00  INFO 22468 --- [ecommerce] [scheduling-1] c.d.e.s.SincronizacaoEstoqueService      : [ESTOQUE] Ciclo finalizado. Total de atualizações enviadas: 0
2026-09-02T14:53:00.000-03:00  INFO 22468 --- [ecommerce] [scheduling-1] c.d.e.s.SincronizacaoEstoqueService      : [ESTOQUE] Lendo VW_ECOMMERCE_ESTOQUE no banco de dados...
2026-09-02T14:53:00.050-03:00  INFO 22468 --- [ecommerce] [scheduling-1] c.d.e.s.SincronizacaoEstoqueService      : [ESTOQUE] Ciclo finalizado. Total de atualizações enviadas: 0
2026-09-02T14:53:00.051-03:00  INFO 22468 --- [ecommerce] [scheduling-1] c.d.e.service.SincronizacaoService       : Lendo VW_ECOMMERCE_PRECOS no banco de dados...
2026-09-02T14:53:00.099-03:00  INFO 22468 --- [ecommerce] [scheduling-1] c.d.e.service.SincronizacaoService       : Ciclo finalizado. Total de atualizações enviadas: 0
2026-09-02T14:53:59.999-03:00  INFO 22468 --- [ecommerce] [scheduling-1] c.d.e.s.SincronizacaoEstoqueService      : [ESTOQUE] Lendo VW_ECOMMERCE_ESTOQUE no banco de dados...
2026-09-02T14:54:00.054-03:00  INFO 22468 --- [ecommerce] [scheduling-1] c.d.e.s.SincronizacaoEstoqueService      : [ESTOQUE] Ciclo finalizado. Total de atualizações enviadas: 0
2026-09-02T14:54:00.055-03:00  INFO 22468 --- [ecommerce] [scheduling-1] c.d.e.service.SincronizacaoService       : Lendo VW_ECOMMERCE_PRECOS no banco de dados...
2026-09-02T14:54:00.140-03:00  INFO 22468 --- [ecommerce] [scheduling-1] c.d.e.service.SincronizacaoService       : Ciclo finalizado. Total de atualizações enviadas: 0
2026-09-02T14:55:00.001-03:00  INFO 22468 --- [ecommerce] [scheduling-1] c.d.e.service.SincronizacaoService       : Lendo VW_ECOMMERCE_PRECOS no banco de dados...
2026-09-02T14:55:00.465-03:00  INFO 22468 --- [ecommerce] [scheduling-1] c.d.e.service.SincronizacaoService       : Ciclo finalizado. Total de atualizações enviadas: 0
2026-09-02T14:55:00.466-03:00  INFO 22468 --- [ecommerce] [scheduling-1] c.d.e.s.SincronizacaoEstoqueService      : [ESTOQUE] Lendo VW_ECOMMERCE_ESTOQUE no banco de dados...
2026-09-02T14:55:00.520-03:00  INFO 22468 --- [ecommerce] [scheduling-1] c.d.e.s.SincronizacaoEstoqueService      : [ESTOQUE] Ciclo finalizado. Total de atualizações enviadas: 0
2026-09-02T14:56:00.000-03:00  INFO 22468 --- [ecommerce] [scheduling-1] c.d.e.s.SincronizacaoEstoqueService      : [ESTOQUE] Lendo VW_ECOMMERCE_ESTOQUE no banco de dados...
2026-09-02T14:56:00.056-03:00  INFO 22468 --- [ecommerce] [scheduling-1] c.d.e.s.SincronizacaoEstoqueService      : [ESTOQUE] Ciclo finalizado. Total de atualizações enviadas: 0
2026-09-02T14:56:00.056-03:00  INFO 22468 --- [ecommerce] [scheduling-1] c.d.e.service.SincronizacaoService       : Lendo VW_ECOMMERCE_PRECOS no banco de dados...
2026-09-02T14:56:00.104-03:00  INFO 22468 --- [ecommerce] [scheduling-1] c.d.e.service.SincronizacaoService       : Ciclo finalizado. Total de atualizações enviadas: 0
2026-09-02T14:56:59.999-03:00  INFO 22468 --- [ecommerce] [scheduling-1] c.d.e.service.SincronizacaoService       : Lendo VW_ECOMMERCE_PRECOS no banco de dados...
2026-09-02T14:57:00.121-03:00  INFO 22468 --- [ecommerce] [scheduling-1] c.d.e.service.SincronizacaoService       : Ciclo finalizado. Total de atualizações enviadas: 0
2026-09-02T14:57:00.122-03:00  INFO 22468 --- [ecommerce] [scheduling-1] c.d.e.s.SincronizacaoEstoqueService      : [ESTOQUE] Lendo VW_ECOMMERCE_ESTOQUE no banco de dados...
2026-09-02T14:57:00.141-03:00  INFO 22468 --- [ecommerce] [scheduling-1] c.d.e.s.SincronizacaoEstoqueService      : [ESTOQUE] Ciclo finalizado. Total de atualizações enviadas: 0
2026-09-02T14:58:00.000-03:00  INFO 22468 --- [ecommerce] [scheduling-1] c.d.e.service.SincronizacaoService       : Lendo VW_ECOMMERCE_PRECOS no banco de dados...
2026-09-02T14:58:00.112-03:00  INFO 22468 --- [ecommerce] [scheduling-1] c.d.e.service.SincronizacaoService       : Ciclo finalizado. Total de atualizações enviadas: 0
2026-09-02T14:58:00.112-03:00  INFO 22468 --- [ecommerce] [scheduling-1] c.d.e.s.SincronizacaoEstoqueService      : [ESTOQUE] Lendo VW_ECOMMERCE_ESTOQUE no banco de dados...
2026-09-02T14:58:00.142-03:00  INFO 22468 --- [ecommerce] [scheduling-1] c.d.e.s.SincronizacaoEstoqueService      : [ESTOQUE] Ciclo finalizado. Total de atualizações enviadas: 0
2026-09-02T14:59:00.000-03:00  INFO 22468 --- [ecommerce] [scheduling-1] c.d.e.service.SincronizacaoService       : Lendo VW_ECOMMERCE_PRECOS no banco de dados...
2026-09-02T14:59:00.765-03:00  INFO 22468 --- [ecommerce] [scheduling-1] c.d.e.service.SincronizacaoService       : Ciclo finalizado. Total de atualizações enviadas: 0
2026-09-02T14:59:00.765-03:00  INFO 22468 --- [ecommerce] [scheduling-1] c.d.e.s.SincronizacaoEstoqueService      : [ESTOQUE] Lendo VW_ECOMMERCE_ESTOQUE no banco de dados...
2026-09-02T14:59:00.879-03:00  INFO 22468 --- [ecommerce] [scheduling-1] c.d.e.s.SincronizacaoEstoqueService      : [ESTOQUE] Ciclo finalizado. Total de atualizações enviadas: 0
2026-09-02T15:00:00.000-03:00  INFO 22468 --- [ecommerce] [scheduling-1] c.d.e.s.SincronizacaoEstoqueService      : [ESTOQUE] Lendo VW_ECOMMERCE_ESTOQUE no banco de dados...
2026-09-02T15:00:00.036-03:00  INFO 22468 --- [ecommerce] [scheduling-1] c.d.e.s.SincronizacaoEstoqueService      : [ESTOQUE] Ciclo finalizado. Total de atualizações enviadas: 0
2026-09-02T15:00:00.036-03:00  INFO 22468 --- [ecommerce] [scheduling-1] c.d.e.service.SincronizacaoService       : Lendo VW_ECOMMERCE_PRECOS no banco de dados...
2026-09-02T15:00:00.222-03:00  INFO 22468 --- [ecommerce] [scheduling-1] c.d.e.service.SincronizacaoService       : Ciclo finalizado. Total de atualizações enviadas: 0
2026-09-02T15:01:00.000-03:00  INFO 22468 --- [ecommerce] [scheduling-1] c.d.e.s.SincronizacaoEstoqueService      : [ESTOQUE] Lendo VW_ECOMMERCE_ESTOQUE no banco de dados...
2026-09-02T15:01:00.054-03:00  INFO 22468 --- [ecommerce] [scheduling-1] c.d.e.s.SincronizacaoEstoqueService      : [ESTOQUE] Ciclo finalizado. Total de atualizações enviadas: 0
2026-09-02T15:01:00.054-03:00  INFO 22468 --- [ecommerce] [scheduling-1] c.d.e.service.SincronizacaoService       : Lendo VW_ECOMMERCE_PRECOS no banco de dados...
2026-09-02T15:01:00.133-03:00  INFO 22468 --- [ecommerce] [scheduling-1] c.d.e.service.SincronizacaoService       : Ciclo finalizado. Total de atualizações enviadas: 0
2026-09-02T15:01:59.999-03:00  INFO 22468 --- [ecommerce] [scheduling-1] c.d.e.service.SincronizacaoService       : Lendo VW_ECOMMERCE_PRECOS no banco de dados...
2026-09-02T15:02:00.148-03:00  INFO 22468 --- [ecommerce] [scheduling-1] c.d.e.service.SincronizacaoService       : Ciclo finalizado. Total de atualizações enviadas: 0
2026-09-02T15:02:00.148-03:00  INFO 22468 --- [ecommerce] [scheduling-1] c.d.e.s.SincronizacaoEstoqueService      : [ESTOQUE] Lendo VW_ECOMMERCE_ESTOQUE no banco de dados...
2026-09-02T15:02:00.169-03:00  INFO 22468 --- [ecommerce] [scheduling-1] c.d.e.s.SincronizacaoEstoqueService      : [ESTOQUE] Ciclo finalizado. Total de atualizações enviadas: 0
2026-09-02T15:02:59.999-03:00  INFO 22468 --- [ecommerce] [scheduling-1] c.d.e.s.SincronizacaoEstoqueService      : [ESTOQUE] Lendo VW_ECOMMERCE_ESTOQUE no banco de dados...
2026-09-02T15:03:00.064-03:00  INFO 22468 --- [ecommerce] [scheduling-1] c.d.e.s.SincronizacaoEstoqueService      : [ESTOQUE] Ciclo finalizado. Total de atualizações enviadas: 0
2026-09-02T15:03:00.064-03:00  INFO 22468 --- [ecommerce] [scheduling-1] c.d.e.service.SincronizacaoService       : Lendo VW_ECOMMERCE_PRECOS no banco de dados...
2026-09-02T15:03:00.356-03:00  INFO 22468 --- [ecommerce] [scheduling-1] c.d.e.service.SincronizacaoService       : Ciclo finalizado. Total de atualizações enviadas: 0
2026-09-02T15:04:00.000-03:00  INFO 22468 --- [ecommerce] [scheduling-1] c.d.e.s.SincronizacaoEstoqueService      : [ESTOQUE] Lendo VW_ECOMMERCE_ESTOQUE no banco de dados...
2026-09-02T15:04:00.052-03:00  INFO 22468 --- [ecommerce] [scheduling-1] c.d.e.s.SincronizacaoEstoqueService      : [ESTOQUE] Ciclo finalizado. Total de atualizações enviadas: 0
2026-09-02T15:04:00.053-03:00  INFO 22468 --- [ecommerce] [scheduling-1] c.d.e.service.SincronizacaoService       : Lendo VW_ECOMMERCE_PRECOS no banco de dados...
2026-09-02T15:04:00.102-03:00  INFO 22468 --- [ecommerce] [scheduling-1] c.d.e.service.SincronizacaoService       : Ciclo finalizado. Total de atualizações enviadas: 0
2026-09-02T15:05:00.000-03:00  INFO 22468 --- [ecommerce] [scheduling-1] c.d.e.s.SincronizacaoEstoqueService      : [ESTOQUE] Lendo VW_ECOMMERCE_ESTOQUE no banco de dados...
2026-09-02T15:05:00.129-03:00  INFO 22468 --- [ecommerce] [scheduling-1] c.d.e.s.SincronizacaoEstoqueService      : [ESTOQUE] Ciclo finalizado. Total de atualizações enviadas: 0
2026-09-02T15:05:00.130-03:00  INFO 22468 --- [ecommerce] [scheduling-1] c.d.e.service.SincronizacaoService       : Lendo VW_ECOMMERCE_PRECOS no banco de dados...
2026-09-02T15:05:00.196-03:00  INFO 22468 --- [ecommerce] [scheduling-1] c.d.e.service.SincronizacaoService       : Ciclo finalizado. Total de atualizações enviadas: 0
2026-09-02T15:05:59.999-03:00  INFO 22468 --- [ecommerce] [scheduling-1] c.d.e.s.SincronizacaoEstoqueService      : [ESTOQUE] Lendo VW_ECOMMERCE_ESTOQUE no banco de dados...
2026-09-02T15:06:00.049-03:00  INFO 22468 --- [ecommerce] [scheduling-1] c.d.e.s.SincronizacaoEstoqueService      : [ESTOQUE] Ciclo finalizado. Total de atualizações enviadas: 0
2026-09-02T15:06:00.050-03:00  INFO 22468 --- [ecommerce] [scheduling-1] c.d.e.service.SincronizacaoService       : Lendo VW_ECOMMERCE_PRECOS no banco de dados...
2026-09-02T15:06:00.174-03:00  INFO 22468 --- [ecommerce] [scheduling-1] c.d.e.service.SincronizacaoService       : Ciclo finalizado. Total de atualizações enviadas: 0
2026-09-02T15:06:59.999-03:00  INFO 22468 --- [ecommerce] [scheduling-1] c.d.e.s.SincronizacaoEstoqueService      : [ESTOQUE] Lendo VW_ECOMMERCE_ESTOQUE no banco de dados...
2026-09-02T15:07:00.056-03:00  INFO 22468 --- [ecommerce] [scheduling-1] c.d.e.s.SincronizacaoEstoqueService      : [ESTOQUE] Ciclo finalizado. Total de atualizações enviadas: 0
2026-09-02T15:07:00.056-03:00  INFO 22468 --- [ecommerce] [scheduling-1] c.d.e.service.SincronizacaoService       : Lendo VW_ECOMMERCE_PRECOS no banco de dados...
2026-09-02T15:07:00.143-03:00  INFO 22468 --- [ecommerce] [scheduling-1] c.d.e.service.SincronizacaoService       : Ciclo finalizado. Total de atualizações enviadas: 0
2026-09-02T15:08:00.000-03:00  INFO 22468 --- [ecommerce] [scheduling-1] c.d.e.s.SincronizacaoEstoqueService      : [ESTOQUE] Lendo VW_ECOMMERCE_ESTOQUE no banco de dados...
2026-09-02T15:08:00.065-03:00  INFO 22468 --- [ecommerce] [scheduling-1] c.d.e.s.SincronizacaoEstoqueService      : [ESTOQUE] Ciclo finalizado. Total de atualizações enviadas: 0
2026-09-02T15:08:00.066-03:00  INFO 22468 --- [ecommerce] [scheduling-1] c.d.e.service.SincronizacaoService       : Lendo VW_ECOMMERCE_PRECOS no banco de dados...
2026-09-02T15:08:00.457-03:00  INFO 22468 --- [ecommerce] [scheduling-1] c.d.e.service.SincronizacaoService       : Ciclo finalizado. Total de atualizações enviadas: 0
2026-09-02T15:09:00.000-03:00  INFO 22468 --- [ecommerce] [scheduling-1] c.d.e.s.SincronizacaoEstoqueService      : [ESTOQUE] Lendo VW_ECOMMERCE_ESTOQUE no banco de dados...
2026-09-02T15:09:00.079-03:00  INFO 22468 --- [ecommerce] [scheduling-1] c.d.e.s.SincronizacaoEstoqueService      : [ESTOQUE] Ciclo finalizado. Total de atualizações enviadas: 0
2026-09-02T15:09:00.080-03:00  INFO 22468 --- [ecommerce] [scheduling-1] c.d.e.service.SincronizacaoService       : Lendo VW_ECOMMERCE_PRECOS no banco de dados...
2026-09-02T15:09:00.218-03:00  INFO 22468 --- [ecommerce] [scheduling-1] c.d.e.service.SincronizacaoService       : Ciclo finalizado. Total de atualizações enviadas: 0
2026-09-02T15:09:59.999-03:00  INFO 22468 --- [ecommerce] [scheduling-1] c.d.e.s.SincronizacaoEstoqueService      : [ESTOQUE] Lendo VW_ECOMMERCE_ESTOQUE no banco de dados...
2026-09-02T15:10:00.114-03:00  INFO 22468 --- [ecommerce] [scheduling-1] c.d.e.s.SincronizacaoEstoqueService      : [ESTOQUE] Ciclo finalizado. Total de atualizações enviadas: 0
2026-09-02T15:10:00.114-03:00  INFO 22468 --- [ecommerce] [scheduling-1] c.d.e.service.SincronizacaoService       : Lendo VW_ECOMMERCE_PRECOS no banco de dados...
2026-09-02T15:10:00.476-03:00  INFO 22468 --- [ecommerce] [scheduling-1] c.d.e.service.SincronizacaoService       : Ciclo finalizado. Total de atualizações enviadas: 0
2026-09-02T15:10:59.999-03:00  INFO 22468 --- [ecommerce] [scheduling-1] c.d.e.service.SincronizacaoService       : Lendo VW_ECOMMERCE_PRECOS no banco de dados...
2026-09-02T15:11:00.395-03:00  INFO 22468 --- [ecommerce] [scheduling-1] c.d.e.service.SincronizacaoService       : Ciclo finalizado. Total de atualizações enviadas: 0
2026-09-02T15:11:00.395-03:00  INFO 22468 --- [ecommerce] [scheduling-1] c.d.e.s.SincronizacaoEstoqueService      : [ESTOQUE] Lendo VW_ECOMMERCE_ESTOQUE no banco de dados...
2026-09-02T15:11:00.436-03:00  INFO 22468 --- [ecommerce] [scheduling-1] c.d.e.s.SincronizacaoEstoqueService      : [ESTOQUE] Ciclo finalizado. Total de atualizações enviadas: 0
2026-09-02T15:11:59.999-03:00  INFO 22468 --- [ecommerce] [scheduling-1] c.d.e.s.SincronizacaoEstoqueService      : [ESTOQUE] Lendo VW_ECOMMERCE_ESTOQUE no banco de dados...
2026-09-02T15:12:00.041-03:00  INFO 22468 --- [ecommerce] [scheduling-1] c.d.e.s.SincronizacaoEstoqueService      : [ESTOQUE] Ciclo finalizado. Total de atualizações enviadas: 0
2026-09-02T15:12:00.041-03:00  INFO 22468 --- [ecommerce] [scheduling-1] c.d.e.service.SincronizacaoService       : Lendo VW_ECOMMERCE_PRECOS no banco de dados...
2026-09-02T15:12:00.213-03:00  INFO 22468 --- [ecommerce] [scheduling-1] c.d.e.service.SincronizacaoService       : Ciclo finalizado. Total de atualizações enviadas: 0
2026-09-02T15:13:00.000-03:00  INFO 22468 --- [ecommerce] [scheduling-1] c.d.e.service.SincronizacaoService       : Lendo VW_ECOMMERCE_PRECOS no banco de dados...
2026-09-02T15:13:00.139-03:00  INFO 22468 --- [ecommerce] [scheduling-1] c.d.e.service.SincronizacaoService       : Ciclo finalizado. Total de atualizações enviadas: 0
2026-09-02T15:13:00.139-03:00  INFO 22468 --- [ecommerce] [scheduling-1] c.d.e.s.SincronizacaoEstoqueService      : [ESTOQUE] Lendo VW_ECOMMERCE_ESTOQUE no banco de dados...
2026-09-02T15:13:00.169-03:00  INFO 22468 --- [ecommerce] [scheduling-1] c.d.e.s.SincronizacaoEstoqueService      : [ESTOQUE] Ciclo finalizado. Total de atualizações enviadas: 0
2026-09-02T15:13:59.999-03:00  INFO 22468 --- [ecommerce] [scheduling-1] c.d.e.service.SincronizacaoService       : Lendo VW_ECOMMERCE_PRECOS no banco de dados...
2026-09-02T15:14:00.236-03:00  INFO 22468 --- [ecommerce] [scheduling-1] c.d.e.service.SincronizacaoService       : Ciclo finalizado. Total de atualizações enviadas: 0
2026-09-02T15:14:00.237-03:00  INFO 22468 --- [ecommerce] [scheduling-1] c.d.e.s.SincronizacaoEstoqueService      : [ESTOQUE] Lendo VW_ECOMMERCE_ESTOQUE no banco de dados...
2026-09-02T15:14:00.271-03:00  INFO 22468 --- [ecommerce] [scheduling-1] c.d.e.s.SincronizacaoEstoqueService      : [ESTOQUE] Ciclo finalizado. Total de atualizações enviadas: 0
2026-09-02T15:14:59.999-03:00  INFO 22468 --- [ecommerce] [scheduling-1] c.d.e.s.SincronizacaoEstoqueService      : [ESTOQUE] Lendo VW_ECOMMERCE_ESTOQUE no banco de dados...
2026-09-02T15:15:00.043-03:00  INFO 22468 --- [ecommerce] [scheduling-1] c.d.e.s.SincronizacaoEstoqueService      : [ESTOQUE] Ciclo finalizado. Total de atualizações enviadas: 0
2026-09-02T15:15:00.044-03:00  INFO 22468 --- [ecommerce] [scheduling-1] c.d.e.service.SincronizacaoService       : Lendo VW_ECOMMERCE_PRECOS no banco de dados...
2026-09-02T15:15:00.101-03:00  INFO 22468 --- [ecommerce] [scheduling-1] c.d.e.service.SincronizacaoService       : Ciclo finalizado. Total de atualizações enviadas: 0
2026-09-02T15:16:00.000-03:00  INFO 22468 --- [ecommerce] [scheduling-1] c.d.e.s.SincronizacaoEstoqueService      : [ESTOQUE] Lendo VW_ECOMMERCE_ESTOQUE no banco de dados...
2026-09-02T15:16:00.104-03:00  INFO 22468 --- [ecommerce] [scheduling-1] c.d.e.s.SincronizacaoEstoqueService      : [ESTOQUE] Ciclo finalizado. Total de atualizações enviadas: 0
2026-09-02T15:16:00.105-03:00  INFO 22468 --- [ecommerce] [scheduling-1] c.d.e.service.SincronizacaoService       : Lendo VW_ECOMMERCE_PRECOS no banco de dados...
2026-09-02T15:16:00.184-03:00  INFO 22468 --- [ecommerce] [scheduling-1] c.d.e.service.SincronizacaoService       : Ciclo finalizado. Total de atualizações enviadas: 0
2026-09-02T15:16:59.999-03:00  INFO 22468 --- [ecommerce] [scheduling-1] c.d.e.s.SincronizacaoEstoqueService      : [ESTOQUE] Lendo VW_ECOMMERCE_ESTOQUE no banco de dados...
2026-09-02T15:17:00.068-03:00  INFO 22468 --- [ecommerce] [scheduling-1] c.d.e.s.SincronizacaoEstoqueService      : [ESTOQUE] Ciclo finalizado. Total de atualizações enviadas: 0
2026-09-02T15:17:00.068-03:00  INFO 22468 --- [ecommerce] [scheduling-1] c.d.e.service.SincronizacaoService       : Lendo VW_ECOMMERCE_PRECOS no banco de dados...
2026-09-02T15:17:00.397-03:00  INFO 22468 --- [ecommerce] [scheduling-1] c.d.e.service.SincronizacaoService       : Ciclo finalizado. Total de atualizações enviadas: 0
2026-09-02T15:18:00.001-03:00  INFO 22468 --- [ecommerce] [scheduling-1] c.d.e.service.SincronizacaoService       : Lendo VW_ECOMMERCE_PRECOS no banco de dados...
2026-09-02T15:18:00.221-03:00  INFO 22468 --- [ecommerce] [scheduling-1] c.d.e.service.SincronizacaoService       : Ciclo finalizado. Total de atualizações enviadas: 0
2026-09-02T15:18:00.221-03:00  INFO 22468 --- [ecommerce] [scheduling-1] c.d.e.s.SincronizacaoEstoqueService      : [ESTOQUE] Lendo VW_ECOMMERCE_ESTOQUE no banco de dados...
2026-09-02T15:18:00.250-03:00  INFO 22468 --- [ecommerce] [scheduling-1] c.d.e.s.SincronizacaoEstoqueService      : [ESTOQUE] Ciclo finalizado. Total de atualizações enviadas: 0
2026-09-02T15:19:00.000-03:00  INFO 22468 --- [ecommerce] [scheduling-1] c.d.e.s.SincronizacaoEstoqueService      : [ESTOQUE] Lendo VW_ECOMMERCE_ESTOQUE no banco de dados...
2026-09-02T15:19:00.052-03:00  INFO 22468 --- [ecommerce] [scheduling-1] c.d.e.s.SincronizacaoEstoqueService      : [ESTOQUE] Ciclo finalizado. Total de atualizações enviadas: 0
2026-09-02T15:19:00.052-03:00  INFO 22468 --- [ecommerce] [scheduling-1] c.d.e.service.SincronizacaoService       : Lendo VW_ECOMMERCE_PRECOS no banco de dados...
2026-09-02T15:19:00.226-03:00  INFO 22468 --- [ecommerce] [scheduling-1] c.d.e.service.SincronizacaoService       : Ciclo finalizado. Total de atualizações enviadas: 0
2026-09-02T15:20:00.000-03:00  INFO 22468 --- [ecommerce] [scheduling-1] c.d.e.service.SincronizacaoService       : Lendo VW_ECOMMERCE_PRECOS no banco de dados...
2026-09-02T15:20:00.375-03:00  INFO 22468 --- [ecommerce] [scheduling-1] c.d.e.service.SincronizacaoService       : Ciclo finalizado. Total de atualizações enviadas: 0
2026-09-02T15:20:00.376-03:00  INFO 22468 --- [ecommerce] [scheduling-1] c.d.e.s.SincronizacaoEstoqueService      : [ESTOQUE] Lendo VW_ECOMMERCE_ESTOQUE no banco de dados...
2026-09-02T15:20:00.448-03:00  INFO 22468 --- [ecommerce] [scheduling-1] c.d.e.s.SincronizacaoEstoqueService      : [ESTOQUE] Ciclo finalizado. Total de atualizações enviadas: 0
2026-09-02T15:21:00.000-03:00  INFO 22468 --- [ecommerce] [scheduling-1] c.d.e.service.SincronizacaoService       : Lendo VW_ECOMMERCE_PRECOS no banco de dados...
2026-09-02T15:21:00.156-03:00  INFO 22468 --- [ecommerce] [scheduling-1] c.d.e.service.SincronizacaoService       : Ciclo finalizado. Total de atualizações enviadas: 0
2026-09-02T15:21:00.156-03:00  INFO 22468 --- [ecommerce] [scheduling-1] c.d.e.s.SincronizacaoEstoqueService      : [ESTOQUE] Lendo VW_ECOMMERCE_ESTOQUE no banco de dados...
2026-09-02T15:21:00.192-03:00  INFO 22468 --- [ecommerce] [scheduling-1] c.d.e.s.SincronizacaoEstoqueService      : [ESTOQUE] Ciclo finalizado. Total de atualizações enviadas: 0
2026-09-02T15:21:59.999-03:00  INFO 22468 --- [ecommerce] [scheduling-1] c.d.e.s.SincronizacaoEstoqueService      : [ESTOQUE] Lendo VW_ECOMMERCE_ESTOQUE no banco de dados...
2026-09-02T15:22:00.086-03:00  INFO 22468 --- [ecommerce] [scheduling-1] c.d.e.s.SincronizacaoEstoqueService      : [ESTOQUE] Ciclo finalizado. Total de atualizações enviadas: 0
2026-09-02T15:22:00.087-03:00  INFO 22468 --- [ecommerce] [scheduling-1] c.d.e.service.SincronizacaoService       : Lendo VW_ECOMMERCE_PRECOS no banco de dados...
2026-09-02T15:22:00.211-03:00  INFO 22468 --- [ecommerce] [scheduling-1] c.d.e.service.SincronizacaoService       : Ciclo finalizado. Total de atualizações enviadas: 0
2026-09-02T15:23:00.000-03:00  INFO 22468 --- [ecommerce] [scheduling-1] c.d.e.service.SincronizacaoService       : Lendo VW_ECOMMERCE_PRECOS no banco de dados...
2026-09-02T15:23:00.125-03:00  INFO 22468 --- [ecommerce] [scheduling-1] c.d.e.service.SincronizacaoService       : Ciclo finalizado. Total de atualizações enviadas: 0
2026-09-02T15:23:00.126-03:00  INFO 22468 --- [ecommerce] [scheduling-1] c.d.e.s.SincronizacaoEstoqueService      : [ESTOQUE] Lendo VW_ECOMMERCE_ESTOQUE no banco de dados...
2026-09-02T15:23:00.146-03:00  INFO 22468 --- [ecommerce] [scheduling-1] c.d.e.s.SincronizacaoEstoqueService      : [ESTOQUE] Ciclo finalizado. Total de atualizações enviadas: 0
2026-09-02T15:23:59.999-03:00  INFO 22468 --- [ecommerce] [scheduling-1] c.d.e.service.SincronizacaoService       : Lendo VW_ECOMMERCE_PRECOS no banco de dados...
2026-09-02T15:24:00.320-03:00  INFO 22468 --- [ecommerce] [scheduling-1] c.d.e.service.SincronizacaoService       : Ciclo finalizado. Total de atualizações enviadas: 0
2026-09-02T15:24:00.320-03:00  INFO 22468 --- [ecommerce] [scheduling-1] c.d.e.s.SincronizacaoEstoqueService      : [ESTOQUE] Lendo VW_ECOMMERCE_ESTOQUE no banco de dados...
2026-09-02T15:24:00.368-03:00  INFO 22468 --- [ecommerce] [scheduling-1] c.d.e.s.SincronizacaoEstoqueService      : [ESTOQUE] Ciclo finalizado. Total de atualizações enviadas: 0
2026-09-02T15:24:59.999-03:00  INFO 22468 --- [ecommerce] [scheduling-1] c.d.e.s.SincronizacaoEstoqueService      : [ESTOQUE] Lendo VW_ECOMMERCE_ESTOQUE no banco de dados...
2026-09-02T15:25:00.066-03:00  INFO 22468 --- [ecommerce] [scheduling-1] c.d.e.s.SincronizacaoEstoqueService      : [ESTOQUE] Ciclo finalizado. Total de atualizações enviadas: 0
2026-09-02T15:25:00.066-03:00  INFO 22468 --- [ecommerce] [scheduling-1] c.d.e.service.SincronizacaoService       : Lendo VW_ECOMMERCE_PRECOS no banco de dados...
2026-09-02T15:25:00.202-03:00  INFO 22468 --- [ecommerce] [scheduling-1] c.d.e.service.SincronizacaoService       : Ciclo finalizado. Total de atualizações enviadas: 0
2026-09-02T15:25:59.999-03:00  INFO 22468 --- [ecommerce] [scheduling-1] c.d.e.service.SincronizacaoService       : Lendo VW_ECOMMERCE_PRECOS no banco de dados...
2026-09-02T15:26:00.420-03:00  INFO 22468 --- [ecommerce] [scheduling-1] c.d.e.service.SincronizacaoService       : Ciclo finalizado. Total de atualizações enviadas: 0
2026-09-02T15:26:00.420-03:00  INFO 22468 --- [ecommerce] [scheduling-1] c.d.e.s.SincronizacaoEstoqueService      : [ESTOQUE] Lendo VW_ECOMMERCE_ESTOQUE no banco de dados...
2026-09-02T15:26:00.481-03:00  INFO 22468 --- [ecommerce] [scheduling-1] c.d.e.s.SincronizacaoEstoqueService      : [ESTOQUE] Ciclo finalizado. Total de atualizações enviadas: 0
2026-09-02T15:26:59.999-03:00  INFO 22468 --- [ecommerce] [scheduling-1] c.d.e.service.SincronizacaoService       : Lendo VW_ECOMMERCE_PRECOS no banco de dados...
2026-09-02T15:27:00.131-03:00  INFO 22468 --- [ecommerce] [scheduling-1] c.d.e.service.SincronizacaoService       : Ciclo finalizado. Total de atualizações enviadas: 0
2026-09-02T15:27:00.131-03:00  INFO 22468 --- [ecommerce] [scheduling-1] c.d.e.s.SincronizacaoEstoqueService      : [ESTOQUE] Lendo VW_ECOMMERCE_ESTOQUE no banco de dados...
2026-09-02T15:27:00.153-03:00  INFO 22468 --- [ecommerce] [scheduling-1] c.d.e.s.SincronizacaoEstoqueService      : [ESTOQUE] Ciclo finalizado. Total de atualizações enviadas: 0
2026-09-02T15:28:00.000-03:00  INFO 22468 --- [ecommerce] [scheduling-1] c.d.e.s.SincronizacaoEstoqueService      : [ESTOQUE] Lendo VW_ECOMMERCE_ESTOQUE no banco de dados...
2026-09-02T15:28:00.050-03:00  INFO 22468 --- [ecommerce] [scheduling-1] c.d.e.s.SincronizacaoEstoqueService      : [ESTOQUE] Ciclo finalizado. Total de atualizações enviadas: 0
2026-09-02T15:28:00.050-03:00  INFO 22468 --- [ecommerce] [scheduling-1] c.d.e.service.SincronizacaoService       : Lendo VW_ECOMMERCE_PRECOS no banco de dados...
2026-09-02T15:28:00.101-03:00  INFO 22468 --- [ecommerce] [scheduling-1] c.d.e.service.SincronizacaoService       : Ciclo finalizado. Total de atualizações enviadas: 0
2026-09-02T15:28:59.999-03:00  INFO 22468 --- [ecommerce] [scheduling-1] c.d.e.s.SincronizacaoEstoqueService      : [ESTOQUE] Lendo VW_ECOMMERCE_ESTOQUE no banco de dados...
2026-09-02T15:29:00.065-03:00  INFO 22468 --- [ecommerce] [scheduling-1] c.d.e.s.SincronizacaoEstoqueService      : [ESTOQUE] Ciclo finalizado. Total de atualizações enviadas: 0
2026-09-02T15:29:00.066-03:00  INFO 22468 --- [ecommerce] [scheduling-1] c.d.e.service.SincronizacaoService       : Lendo VW_ECOMMERCE_PRECOS no banco de dados...
2026-09-02T15:29:00.230-03:00  INFO 22468 --- [ecommerce] [scheduling-1] c.d.e.service.SincronizacaoService       : Ciclo finalizado. Total de atualizações enviadas: 0
2026-09-02T15:30:00.000-03:00  INFO 22468 --- [ecommerce] [scheduling-1] c.d.e.service.SincronizacaoService       : Lendo VW_ECOMMERCE_PRECOS no banco de dados...
2026-09-02T15:30:00.156-03:00  INFO 22468 --- [ecommerce] [scheduling-1] c.d.e.service.SincronizacaoService       : Ciclo finalizado. Total de atualizações enviadas: 0
2026-09-02T15:30:00.157-03:00  INFO 22468 --- [ecommerce] [scheduling-1] c.d.e.s.SincronizacaoEstoqueService      : [ESTOQUE] Lendo VW_ECOMMERCE_ESTOQUE no banco de dados...
2026-09-02T15:30:00.191-03:00  INFO 22468 --- [ecommerce] [scheduling-1] c.d.e.s.SincronizacaoEstoqueService      : [ESTOQUE] Ciclo finalizado. Total de atualizações enviadas: 0
2026-09-02T15:30:59.999-03:00  INFO 22468 --- [ecommerce] [scheduling-1] c.d.e.s.SincronizacaoEstoqueService      : [ESTOQUE] Lendo VW_ECOMMERCE_ESTOQUE no banco de dados...
2026-09-02T15:31:00.050-03:00  INFO 22468 --- [ecommerce] [scheduling-1] c.d.e.s.SincronizacaoEstoqueService      : [ESTOQUE] Ciclo finalizado. Total de atualizações enviadas: 0
2026-09-02T15:31:00.050-03:00  INFO 22468 --- [ecommerce] [scheduling-1] c.d.e.service.SincronizacaoService       : Lendo VW_ECOMMERCE_PRECOS no banco de dados...
2026-09-02T15:31:00.214-03:00  INFO 22468 --- [ecommerce] [scheduling-1] c.d.e.service.SincronizacaoService       : Ciclo finalizado. Total de atualizações enviadas: 0
2026-09-02T15:31:59.999-03:00  INFO 22468 --- [ecommerce] [scheduling-1] c.d.e.s.SincronizacaoEstoqueService      : [ESTOQUE] Lendo VW_ECOMMERCE_ESTOQUE no banco de dados...
2026-09-02T15:32:00.053-03:00  INFO 22468 --- [ecommerce] [scheduling-1] c.d.e.s.SincronizacaoEstoqueService      : [ESTOQUE] Ciclo finalizado. Total de atualizações enviadas: 0
2026-09-02T15:32:00.053-03:00  INFO 22468 --- [ecommerce] [scheduling-1] c.d.e.service.SincronizacaoService       : Lendo VW_ECOMMERCE_PRECOS no banco de dados...
2026-09-02T15:32:00.193-03:00  INFO 22468 --- [ecommerce] [scheduling-1] c.d.e.service.SincronizacaoService       : Ciclo finalizado. Total de atualizações enviadas: 0
2026-09-02T15:33:00.000-03:00  INFO 22468 --- [ecommerce] [scheduling-1] c.d.e.s.SincronizacaoEstoqueService      : [ESTOQUE] Lendo VW_ECOMMERCE_ESTOQUE no banco de dados...
2026-09-02T15:33:00.101-03:00  INFO 22468 --- [ecommerce] [scheduling-1] c.d.e.s.SincronizacaoEstoqueService      : [ESTOQUE] Ciclo finalizado. Total de atualizações enviadas: 0
2026-09-02T15:33:00.101-03:00  INFO 22468 --- [ecommerce] [scheduling-1] c.d.e.service.SincronizacaoService       : Lendo VW_ECOMMERCE_PRECOS no banco de dados...
2026-09-02T15:33:00.190-03:00  INFO 22468 --- [ecommerce] [scheduling-1] c.d.e.service.SincronizacaoService       : Ciclo finalizado. Total de atualizações enviadas: 0
2026-09-02T15:34:00.000-03:00  INFO 22468 --- [ecommerce] [scheduling-1] c.d.e.s.SincronizacaoEstoqueService      : [ESTOQUE] Lendo VW_ECOMMERCE_ESTOQUE no banco de dados...
2026-09-02T15:34:00.183-03:00  INFO 22468 --- [ecommerce] [scheduling-1] c.d.e.s.SincronizacaoEstoqueService      : [ESTOQUE] Ciclo finalizado. Total de atualizações enviadas: 0
2026-09-02T15:34:00.183-03:00  INFO 22468 --- [ecommerce] [scheduling-1] c.d.e.service.SincronizacaoService       : Lendo VW_ECOMMERCE_PRECOS no banco de dados...
2026-09-02T15:34:00.802-03:00  INFO 22468 --- [ecommerce] [scheduling-1] c.d.e.service.SincronizacaoService       : Ciclo finalizado. Total de atualizações enviadas: 0
2026-09-02T15:34:59.999-03:00  INFO 22468 --- [ecommerce] [scheduling-1] c.d.e.s.SincronizacaoEstoqueService      : [ESTOQUE] Lendo VW_ECOMMERCE_ESTOQUE no banco de dados...
2026-09-02T15:35:00.088-03:00  INFO 22468 --- [ecommerce] [scheduling-1] c.d.e.s.SincronizacaoEstoqueService      : [ESTOQUE] Ciclo finalizado. Total de atualizações enviadas: 0
2026-09-02T15:35:00.088-03:00  INFO 22468 --- [ecommerce] [scheduling-1] c.d.e.service.SincronizacaoService       : Lendo VW_ECOMMERCE_PRECOS no banco de dados...
2026-09-02T15:35:00.470-03:00  INFO 22468 --- [ecommerce] [scheduling-1] c.d.e.service.SincronizacaoService       : Ciclo finalizado. Total de atualizações enviadas: 0
2026-09-02T15:36:00.000-03:00  INFO 22468 --- [ecommerce] [scheduling-1] c.d.e.service.SincronizacaoService       : Lendo VW_ECOMMERCE_PRECOS no banco de dados...
2026-09-02T15:36:00.216-03:00  INFO 22468 --- [ecommerce] [scheduling-1] c.d.e.service.SincronizacaoService       : Ciclo finalizado. Total de atualizações enviadas: 0
2026-09-02T15:36:00.216-03:00  INFO 22468 --- [ecommerce] [scheduling-1] c.d.e.s.SincronizacaoEstoqueService      : [ESTOQUE] Lendo VW_ECOMMERCE_ESTOQUE no banco de dados...
2026-09-02T15:36:00.249-03:00  INFO 22468 --- [ecommerce] [scheduling-1] c.d.e.s.SincronizacaoEstoqueService      : [ESTOQUE] Ciclo finalizado. Total de atualizações enviadas: 0
2026-09-02T15:37:00.001-03:00  INFO 22468 --- [ecommerce] [scheduling-1] c.d.e.service.SincronizacaoService       : Lendo VW_ECOMMERCE_PRECOS no banco de dados...
2026-09-02T15:37:00.112-03:00  INFO 22468 --- [ecommerce] [scheduling-1] c.d.e.service.SincronizacaoService       : Ciclo finalizado. Total de atualizações enviadas: 0
2026-09-02T15:37:00.112-03:00  INFO 22468 --- [ecommerce] [scheduling-1] c.d.e.s.SincronizacaoEstoqueService      : [ESTOQUE] Lendo VW_ECOMMERCE_ESTOQUE no banco de dados...
2026-09-02T15:37:00.134-03:00  INFO 22468 --- [ecommerce] [scheduling-1] c.d.e.s.SincronizacaoEstoqueService      : [ESTOQUE] Ciclo finalizado. Total de atualizações enviadas: 0
2026-09-02T15:38:00.000-03:00  INFO 22468 --- [ecommerce] [scheduling-1] c.d.e.s.SincronizacaoEstoqueService      : [ESTOQUE] Lendo VW_ECOMMERCE_ESTOQUE no banco de dados...
2026-09-02T15:38:00.064-03:00  INFO 22468 --- [ecommerce] [scheduling-1] c.d.e.s.SincronizacaoEstoqueService      : [ESTOQUE] Ciclo finalizado. Total de atualizações enviadas: 0
2026-09-02T15:38:00.064-03:00  INFO 22468 --- [ecommerce] [scheduling-1] c.d.e.service.SincronizacaoService       : Lendo VW_ECOMMERCE_PRECOS no banco de dados...
2026-09-02T15:38:00.109-03:00  INFO 22468 --- [ecommerce] [scheduling-1] c.d.e.service.SincronizacaoService       : Ciclo finalizado. Total de atualizações enviadas: 0
2026-09-02T15:39:00.000-03:00  INFO 22468 --- [ecommerce] [scheduling-1] c.d.e.service.SincronizacaoService       : Lendo VW_ECOMMERCE_PRECOS no banco de dados...
2026-09-02T15:39:00.230-03:00  INFO 22468 --- [ecommerce] [scheduling-1] c.d.e.service.SincronizacaoService       : Ciclo finalizado. Total de atualizações enviadas: 0
2026-09-02T15:39:00.231-03:00  INFO 22468 --- [ecommerce] [scheduling-1] c.d.e.s.SincronizacaoEstoqueService      : [ESTOQUE] Lendo VW_ECOMMERCE_ESTOQUE no banco de dados...
2026-09-02T15:39:00.290-03:00  INFO 22468 --- [ecommerce] [scheduling-1] c.d.e.s.SincronizacaoEstoqueService      : [ESTOQUE] Ciclo finalizado. Total de atualizações enviadas: 0
2026-09-02T15:39:59.999-03:00  INFO 22468 --- [ecommerce] [scheduling-1] c.d.e.service.SincronizacaoService       : Lendo VW_ECOMMERCE_PRECOS no banco de dados...
2026-09-02T15:40:00.057-03:00  INFO 22468 --- [ecommerce] [scheduling-1] c.d.e.service.SincronizacaoService       : Ciclo finalizado. Total de atualizações enviadas: 0
2026-09-02T15:40:00.058-03:00  INFO 22468 --- [ecommerce] [scheduling-1] c.d.e.s.SincronizacaoEstoqueService      : [ESTOQUE] Lendo VW_ECOMMERCE_ESTOQUE no banco de dados...
2026-09-02T15:40:00.091-03:00  INFO 22468 --- [ecommerce] [scheduling-1] c.d.e.s.SincronizacaoEstoqueService      : [ESTOQUE] Ciclo finalizado. Total de atualizações enviadas: 0
2026-09-02T15:40:59.999-03:00  INFO 22468 --- [ecommerce] [scheduling-1] c.d.e.s.SincronizacaoEstoqueService      : [ESTOQUE] Lendo VW_ECOMMERCE_ESTOQUE no banco de dados...
2026-09-02T15:41:00.094-03:00  INFO 22468 --- [ecommerce] [scheduling-1] c.d.e.s.SincronizacaoEstoqueService      : [ESTOQUE] Ciclo finalizado. Total de atualizações enviadas: 0
2026-09-02T15:41:00.094-03:00  INFO 22468 --- [ecommerce] [scheduling-1] c.d.e.service.SincronizacaoService       : Lendo VW_ECOMMERCE_PRECOS no banco de dados...
2026-09-02T15:41:00.146-03:00  INFO 22468 --- [ecommerce] [scheduling-1] c.d.e.service.SincronizacaoService       : Ciclo finalizado. Total de atualizações enviadas: 0
2026-09-02T15:41:59.999-03:00  INFO 22468 --- [ecommerce] [scheduling-1] c.d.e.service.SincronizacaoService       : Lendo VW_ECOMMERCE_PRECOS no banco de dados...
2026-09-02T15:42:00.105-03:00  INFO 22468 --- [ecommerce] [scheduling-1] c.d.e.service.SincronizacaoService       : Ciclo finalizado. Total de atualizações enviadas: 0
2026-09-02T15:42:00.105-03:00  INFO 22468 --- [ecommerce] [scheduling-1] c.d.e.s.SincronizacaoEstoqueService      : [ESTOQUE] Lendo VW_ECOMMERCE_ESTOQUE no banco de dados...
2026-09-02T15:42:00.125-03:00  INFO 22468 --- [ecommerce] [scheduling-1] c.d.e.s.SincronizacaoEstoqueService      : [ESTOQUE] Ciclo finalizado. Total de atualizações enviadas: 0
2026-09-02T15:43:00.000-03:00  INFO 22468 --- [ecommerce] [scheduling-1] c.d.e.s.SincronizacaoEstoqueService      : [ESTOQUE] Lendo VW_ECOMMERCE_ESTOQUE no banco de dados...
2026-09-02T15:43:00.085-03:00  INFO 22468 --- [ecommerce] [scheduling-1] c.d.e.s.SincronizacaoEstoqueService      : [ESTOQUE] Ciclo finalizado. Total de atualizações enviadas: 0
2026-09-02T15:43:00.085-03:00  INFO 22468 --- [ecommerce] [scheduling-1] c.d.e.service.SincronizacaoService       : Lendo VW_ECOMMERCE_PRECOS no banco de dados...
2026-09-02T15:43:00.217-03:00  INFO 22468 --- [ecommerce] [scheduling-1] c.d.e.service.SincronizacaoService       : Ciclo finalizado. Total de atualizações enviadas: 0
2026-09-02T15:44:00.001-03:00  INFO 22468 --- [ecommerce] [scheduling-1] c.d.e.service.SincronizacaoService       : Lendo VW_ECOMMERCE_PRECOS no banco de dados...
2026-09-02T15:44:00.069-03:00  INFO 22468 --- [ecommerce] [scheduling-1] c.d.e.service.SincronizacaoService       : Ciclo finalizado. Total de atualizações enviadas: 0
2026-09-02T15:44:00.070-03:00  INFO 22468 --- [ecommerce] [scheduling-1] c.d.e.s.SincronizacaoEstoqueService      : [ESTOQUE] Lendo VW_ECOMMERCE_ESTOQUE no banco de dados...
2026-09-02T15:44:00.092-03:00  INFO 22468 --- [ecommerce] [scheduling-1] c.d.e.s.SincronizacaoEstoqueService      : [ESTOQUE] Ciclo finalizado. Total de atualizações enviadas: 0
2026-09-02T15:44:59.999-03:00  INFO 22468 --- [ecommerce] [scheduling-1] c.d.e.service.SincronizacaoService       : Lendo VW_ECOMMERCE_PRECOS no banco de dados...
2026-09-02T15:45:00.156-03:00  INFO 22468 --- [ecommerce] [scheduling-1] c.d.e.service.SincronizacaoService       : Ciclo finalizado. Total de atualizações enviadas: 0
2026-09-02T15:45:00.156-03:00  INFO 22468 --- [ecommerce] [scheduling-1] c.d.e.s.SincronizacaoEstoqueService      : [ESTOQUE] Lendo VW_ECOMMERCE_ESTOQUE no banco de dados...
2026-09-02T15:45:00.189-03:00  INFO 22468 --- [ecommerce] [scheduling-1] c.d.e.s.SincronizacaoEstoqueService      : [ESTOQUE] Ciclo finalizado. Total de atualizações enviadas: 0
2026-09-02T15:46:00.000-03:00  INFO 22468 --- [ecommerce] [scheduling-1] c.d.e.s.SincronizacaoEstoqueService      : [ESTOQUE] Lendo VW_ECOMMERCE_ESTOQUE no banco de dados...
2026-09-02T15:46:00.067-03:00  INFO 22468 --- [ecommerce] [scheduling-1] c.d.e.s.SincronizacaoEstoqueService      : [ESTOQUE] Ciclo finalizado. Total de atualizações enviadas: 0
2026-09-02T15:46:00.067-03:00  INFO 22468 --- [ecommerce] [scheduling-1] c.d.e.service.SincronizacaoService       : Lendo VW_ECOMMERCE_PRECOS no banco de dados...
2026-09-02T15:46:00.116-03:00  INFO 22468 --- [ecommerce] [scheduling-1] c.d.e.service.SincronizacaoService       : Ciclo finalizado. Total de atualizações enviadas: 0
2026-09-02T15:47:00.000-03:00  INFO 22468 --- [ecommerce] [scheduling-1] c.d.e.s.SincronizacaoEstoqueService      : [ESTOQUE] Lendo VW_ECOMMERCE_ESTOQUE no banco de dados...
2026-09-02T15:47:00.101-03:00  INFO 22468 --- [ecommerce] [scheduling-1] c.d.e.s.SincronizacaoEstoqueService      : [ESTOQUE] Ciclo finalizado. Total de atualizações enviadas: 0
2026-09-02T15:47:00.101-03:00  INFO 22468 --- [ecommerce] [scheduling-1] c.d.e.service.SincronizacaoService       : Lendo VW_ECOMMERCE_PRECOS no banco de dados...
2026-09-02T15:47:00.146-03:00  INFO 22468 --- [ecommerce] [scheduling-1] c.d.e.service.SincronizacaoService       : Ciclo finalizado. Total de atualizações enviadas: 0
2026-09-02T15:48:00.001-03:00  INFO 22468 --- [ecommerce] [scheduling-1] c.d.e.s.SincronizacaoEstoqueService      : [ESTOQUE] Lendo VW_ECOMMERCE_ESTOQUE no banco de dados...
2026-09-02T15:48:00.086-03:00  INFO 22468 --- [ecommerce] [scheduling-1] c.d.e.s.SincronizacaoEstoqueService      : [ESTOQUE] Ciclo finalizado. Total de atualizações enviadas: 0
2026-09-02T15:48:00.086-03:00  INFO 22468 --- [ecommerce] [scheduling-1] c.d.e.service.SincronizacaoService       : Lendo VW_ECOMMERCE_PRECOS no banco de dados...
2026-09-02T15:48:00.211-03:00  INFO 22468 --- [ecommerce] [scheduling-1] c.d.e.service.SincronizacaoService       : Ciclo finalizado. Total de atualizações enviadas: 0
2026-09-02T15:49:00.000-03:00  INFO 22468 --- [ecommerce] [scheduling-1] c.d.e.s.SincronizacaoEstoqueService      : [ESTOQUE] Lendo VW_ECOMMERCE_ESTOQUE no banco de dados...
2026-09-02T15:49:00.052-03:00  INFO 22468 --- [ecommerce] [scheduling-1] c.d.e.s.SincronizacaoEstoqueService      : [ESTOQUE] Ciclo finalizado. Total de atualizações enviadas: 0
2026-09-02T15:49:00.052-03:00  INFO 22468 --- [ecommerce] [scheduling-1] c.d.e.service.SincronizacaoService       : Lendo VW_ECOMMERCE_PRECOS no banco de dados...
2026-09-02T15:49:00.191-03:00  INFO 22468 --- [ecommerce] [scheduling-1] c.d.e.service.SincronizacaoService       : Ciclo finalizado. Total de atualizações enviadas: 0
2026-09-02T15:50:00.000-03:00  INFO 22468 --- [ecommerce] [scheduling-1] c.d.e.s.SincronizacaoEstoqueService      : [ESTOQUE] Lendo VW_ECOMMERCE_ESTOQUE no banco de dados...
2026-09-02T15:50:00.086-03:00  INFO 22468 --- [ecommerce] [scheduling-1] c.d.e.s.SincronizacaoEstoqueService      : [ESTOQUE] Ciclo finalizado. Total de atualizações enviadas: 0
2026-09-02T15:50:00.086-03:00  INFO 22468 --- [ecommerce] [scheduling-1] c.d.e.service.SincronizacaoService       : Lendo VW_ECOMMERCE_PRECOS no banco de dados...
2026-09-02T15:50:00.169-03:00  INFO 22468 --- [ecommerce] [scheduling-1] c.d.e.service.SincronizacaoService       : Ciclo finalizado. Total de atualizações enviadas: 0
2026-09-02T15:50:59.999-03:00  INFO 22468 --- [ecommerce] [scheduling-1] c.d.e.service.SincronizacaoService       : Lendo VW_ECOMMERCE_PRECOS no banco de dados...
2026-09-02T15:51:00.088-03:00  INFO 22468 --- [ecommerce] [scheduling-1] c.d.e.service.SincronizacaoService       : Ciclo finalizado. Total de atualizações enviadas: 0
2026-09-02T15:51:00.088-03:00  INFO 22468 --- [ecommerce] [scheduling-1] c.d.e.s.SincronizacaoEstoqueService      : [ESTOQUE] Lendo VW_ECOMMERCE_ESTOQUE no banco de dados...
2026-09-02T15:51:00.114-03:00  INFO 22468 --- [ecommerce] [scheduling-1] c.d.e.s.SincronizacaoEstoqueService      : [ESTOQUE] Ciclo finalizado. Total de atualizações enviadas: 0
2026-09-02T15:51:59.999-03:00  INFO 22468 --- [ecommerce] [scheduling-1] c.d.e.s.SincronizacaoEstoqueService      : [ESTOQUE] Lendo VW_ECOMMERCE_ESTOQUE no banco de dados...
2026-09-02T15:52:00.036-03:00  INFO 22468 --- [ecommerce] [scheduling-1] c.d.e.s.SincronizacaoEstoqueService      : [ESTOQUE] Ciclo finalizado. Total de atualizações enviadas: 0
2026-09-02T15:52:00.036-03:00  INFO 22468 --- [ecommerce] [scheduling-1] c.d.e.service.SincronizacaoService       : Lendo VW_ECOMMERCE_PRECOS no banco de dados...
2026-09-02T15:52:00.163-03:00  INFO 22468 --- [ecommerce] [scheduling-1] c.d.e.service.SincronizacaoService       : Ciclo finalizado. Total de atualizações enviadas: 0
2026-09-02T15:53:00.001-03:00  INFO 22468 --- [ecommerce] [scheduling-1] c.d.e.s.SincronizacaoEstoqueService      : [ESTOQUE] Lendo VW_ECOMMERCE_ESTOQUE no banco de dados...
2026-09-02T15:53:00.031-03:00  INFO 22468 --- [ecommerce] [scheduling-1] c.d.e.s.SincronizacaoEstoqueService      : [ESTOQUE] Ciclo finalizado. Total de atualizações enviadas: 0
2026-09-02T15:53:00.031-03:00  INFO 22468 --- [ecommerce] [scheduling-1] c.d.e.service.SincronizacaoService       : Lendo VW_ECOMMERCE_PRECOS no banco de dados...
2026-09-02T15:53:00.153-03:00  INFO 22468 --- [ecommerce] [scheduling-1] c.d.e.service.SincronizacaoService       : Ciclo finalizado. Total de atualizações enviadas: 0
2026-09-02T15:54:00.000-03:00  INFO 22468 --- [ecommerce] [scheduling-1] c.d.e.service.SincronizacaoService       : Lendo VW_ECOMMERCE_PRECOS no banco de dados...
2026-09-02T15:54:00.119-03:00  INFO 22468 --- [ecommerce] [scheduling-1] c.d.e.service.SincronizacaoService       : Ciclo finalizado. Total de atualizações enviadas: 0
2026-09-02T15:54:00.119-03:00  INFO 22468 --- [ecommerce] [scheduling-1] c.d.e.s.SincronizacaoEstoqueService      : [ESTOQUE] Lendo VW_ECOMMERCE_ESTOQUE no banco de dados...
2026-09-02T15:54:00.144-03:00  INFO 22468 --- [ecommerce] [scheduling-1] c.d.e.s.SincronizacaoEstoqueService      : [ESTOQUE] Ciclo finalizado. Total de atualizações enviadas: 0
2026-09-02T15:55:00.000-03:00  INFO 22468 --- [ecommerce] [scheduling-1] c.d.e.service.SincronizacaoService       : Lendo VW_ECOMMERCE_PRECOS no banco de dados...
2026-09-02T15:55:00.089-03:00  INFO 22468 --- [ecommerce] [scheduling-1] c.d.e.service.SincronizacaoService       : Ciclo finalizado. Total de atualizações enviadas: 0
2026-09-02T15:55:00.089-03:00  INFO 22468 --- [ecommerce] [scheduling-1] c.d.e.s.SincronizacaoEstoqueService      : [ESTOQUE] Lendo VW_ECOMMERCE_ESTOQUE no banco de dados...
2026-09-02T15:55:00.116-03:00  INFO 22468 --- [ecommerce] [scheduling-1] c.d.e.s.SincronizacaoEstoqueService      : [ESTOQUE] Ciclo finalizado. Total de atualizações enviadas: 0
2026-09-02T15:56:00.000-03:00  INFO 22468 --- [ecommerce] [scheduling-1] c.d.e.service.SincronizacaoService       : Lendo VW_ECOMMERCE_PRECOS no banco de dados...
2026-09-02T15:56:00.070-03:00  INFO 22468 --- [ecommerce] [scheduling-1] c.d.e.service.SincronizacaoService       : Ciclo finalizado. Total de atualizações enviadas: 0
2026-09-02T15:56:00.071-03:00  INFO 22468 --- [ecommerce] [scheduling-1] c.d.e.s.SincronizacaoEstoqueService      : [ESTOQUE] Lendo VW_ECOMMERCE_ESTOQUE no banco de dados...
2026-09-02T15:56:00.102-03:00  INFO 22468 --- [ecommerce] [scheduling-1] c.d.e.s.SincronizacaoEstoqueService      : [ESTOQUE] Ciclo finalizado. Total de atualizações enviadas: 0
2026-09-02T15:56:59.999-03:00  INFO 22468 --- [ecommerce] [scheduling-1] c.d.e.service.SincronizacaoService       : Lendo VW_ECOMMERCE_PRECOS no banco de dados...
2026-09-02T15:57:00.124-03:00  INFO 22468 --- [ecommerce] [scheduling-1] c.d.e.service.SincronizacaoService       : Ciclo finalizado. Total de atualizações enviadas: 0
2026-09-02T15:57:00.124-03:00  INFO 22468 --- [ecommerce] [scheduling-1] c.d.e.s.SincronizacaoEstoqueService      : [ESTOQUE] Lendo VW_ECOMMERCE_ESTOQUE no banco de dados...
2026-09-02T15:57:00.145-03:00  INFO 22468 --- [ecommerce] [scheduling-1] c.d.e.s.SincronizacaoEstoqueService      : [ESTOQUE] Ciclo finalizado. Total de atualizações enviadas: 0
2026-09-02T15:58:00.000-03:00  INFO 22468 --- [ecommerce] [scheduling-1] c.d.e.service.SincronizacaoService       : Lendo VW_ECOMMERCE_PRECOS no banco de dados...
2026-09-02T15:58:00.081-03:00  INFO 22468 --- [ecommerce] [scheduling-1] c.d.e.service.SincronizacaoService       : Ciclo finalizado. Total de atualizações enviadas: 0
2026-09-02T15:58:00.081-03:00  INFO 22468 --- [ecommerce] [scheduling-1] c.d.e.s.SincronizacaoEstoqueService      : [ESTOQUE] Lendo VW_ECOMMERCE_ESTOQUE no banco de dados...
2026-09-02T15:58:00.112-03:00  INFO 22468 --- [ecommerce] [scheduling-1] c.d.e.s.SincronizacaoEstoqueService      : [ESTOQUE] Ciclo finalizado. Total de atualizações enviadas: 0
2026-09-02T15:59:00.000-03:00  INFO 22468 --- [ecommerce] [scheduling-1] c.d.e.service.SincronizacaoService       : Lendo VW_ECOMMERCE_PRECOS no banco de dados...
2026-09-02T15:59:00.147-03:00  INFO 22468 --- [ecommerce] [scheduling-1] c.d.e.service.SincronizacaoService       : Ciclo finalizado. Total de atualizações enviadas: 0
2026-09-02T15:59:00.148-03:00  INFO 22468 --- [ecommerce] [scheduling-1] c.d.e.s.SincronizacaoEstoqueService      : [ESTOQUE] Lendo VW_ECOMMERCE_ESTOQUE no banco de dados...
2026-09-02T15:59:00.173-03:00  INFO 22468 --- [ecommerce] [scheduling-1] c.d.e.s.SincronizacaoEstoqueService      : [ESTOQUE] Ciclo finalizado. Total de atualizações enviadas: 0
2026-09-02T15:59:59.999-03:00  INFO 22468 --- [ecommerce] [scheduling-1] c.d.e.service.SincronizacaoService       : Lendo VW_ECOMMERCE_PRECOS no banco de dados...
2026-09-02T16:00:00.083-03:00  INFO 22468 --- [ecommerce] [scheduling-1] c.d.e.service.SincronizacaoService       : Ciclo finalizado. Total de atualizações enviadas: 0
2026-09-02T16:00:00.083-03:00  INFO 22468 --- [ecommerce] [scheduling-1] c.d.e.s.SincronizacaoEstoqueService      : [ESTOQUE] Lendo VW_ECOMMERCE_ESTOQUE no banco de dados...
2026-09-02T16:00:00.115-03:00  INFO 22468 --- [ecommerce] [scheduling-1] c.d.e.s.SincronizacaoEstoqueService      : [ESTOQUE] Ciclo finalizado. Total de atualizações enviadas: 0
2026-09-02T16:00:59.999-03:00  INFO 22468 --- [ecommerce] [scheduling-1] c.d.e.s.SincronizacaoEstoqueService      : [ESTOQUE] Lendo VW_ECOMMERCE_ESTOQUE no banco de dados...
2026-09-02T16:01:00.091-03:00  INFO 22468 --- [ecommerce] [scheduling-1] c.d.e.s.SincronizacaoEstoqueService      : [ESTOQUE] Ciclo finalizado. Total de atualizações enviadas: 0
2026-09-02T16:01:00.091-03:00  INFO 22468 --- [ecommerce] [scheduling-1] c.d.e.service.SincronizacaoService       : Lendo VW_ECOMMERCE_PRECOS no banco de dados...
2026-09-02T16:01:00.158-03:00  INFO 22468 --- [ecommerce] [scheduling-1] c.d.e.service.SincronizacaoService       : Ciclo finalizado. Total de atualizações enviadas: 0
2026-09-02T16:02:00.000-03:00  INFO 22468 --- [ecommerce] [scheduling-1] c.d.e.service.SincronizacaoService       : Lendo VW_ECOMMERCE_PRECOS no banco de dados...
2026-09-02T16:02:00.153-03:00  INFO 22468 --- [ecommerce] [scheduling-1] c.d.e.service.SincronizacaoService       : Ciclo finalizado. Total de atualizações enviadas: 0
2026-09-02T16:02:00.154-03:00  INFO 22468 --- [ecommerce] [scheduling-1] c.d.e.s.SincronizacaoEstoqueService      : [ESTOQUE] Lendo VW_ECOMMERCE_ESTOQUE no banco de dados...
2026-09-02T16:02:00.189-03:00  INFO 22468 --- [ecommerce] [scheduling-1] c.d.e.s.SincronizacaoEstoqueService      : [ESTOQUE] Ciclo finalizado. Total de atualizações enviadas: 0
2026-09-02T16:02:59.999-03:00  INFO 22468 --- [ecommerce] [scheduling-1] c.d.e.service.SincronizacaoService       : Lendo VW_ECOMMERCE_PRECOS no banco de dados...
2026-09-02T16:03:00.102-03:00  INFO 22468 --- [ecommerce] [scheduling-1] c.d.e.service.SincronizacaoService       : Ciclo finalizado. Total de atualizações enviadas: 0
2026-09-02T16:03:00.102-03:00  INFO 22468 --- [ecommerce] [scheduling-1] c.d.e.s.SincronizacaoEstoqueService      : [ESTOQUE] Lendo VW_ECOMMERCE_ESTOQUE no banco de dados...
2026-09-02T16:03:00.121-03:00  INFO 22468 --- [ecommerce] [scheduling-1] c.d.e.s.SincronizacaoEstoqueService      : [ESTOQUE] Ciclo finalizado. Total de atualizações enviadas: 0
2026-09-02T16:04:00.000-03:00  INFO 22468 --- [ecommerce] [scheduling-1] c.d.e.service.SincronizacaoService       : Lendo VW_ECOMMERCE_PRECOS no banco de dados...
2026-09-02T16:04:00.088-03:00  INFO 22468 --- [ecommerce] [scheduling-1] c.d.e.service.SincronizacaoService       : Ciclo finalizado. Total de atualizações enviadas: 0
2026-09-02T16:04:00.089-03:00  INFO 22468 --- [ecommerce] [scheduling-1] c.d.e.s.SincronizacaoEstoqueService      : [ESTOQUE] Lendo VW_ECOMMERCE_ESTOQUE no banco de dados...
2026-09-02T16:04:00.111-03:00  INFO 22468 --- [ecommerce] [scheduling-1] c.d.e.s.SincronizacaoEstoqueService      : [ESTOQUE] Ciclo finalizado. Total de atualizações enviadas: 0
2026-09-02T16:05:00.000-03:00  INFO 22468 --- [ecommerce] [scheduling-1] c.d.e.service.SincronizacaoService       : Lendo VW_ECOMMERCE_PRECOS no banco de dados...
2026-09-02T16:05:00.096-03:00  INFO 22468 --- [ecommerce] [scheduling-1] c.d.e.service.SincronizacaoService       : Ciclo finalizado. Total de atualizações enviadas: 0
2026-09-02T16:05:00.096-03:00  INFO 22468 --- [ecommerce] [scheduling-1] c.d.e.s.SincronizacaoEstoqueService      : [ESTOQUE] Lendo VW_ECOMMERCE_ESTOQUE no banco de dados...
2026-09-02T16:05:00.119-03:00  INFO 22468 --- [ecommerce] [scheduling-1] c.d.e.s.SincronizacaoEstoqueService      : [ESTOQUE] Ciclo finalizado. Total de atualizações enviadas: 0
2026-09-02T16:05:59.999-03:00  INFO 22468 --- [ecommerce] [scheduling-1] c.d.e.service.SincronizacaoService       : Lendo VW_ECOMMERCE_PRECOS no banco de dados...
2026-09-02T16:06:00.049-03:00  INFO 22468 --- [ecommerce] [scheduling-1] c.d.e.service.SincronizacaoService       : Ciclo finalizado. Total de atualizações enviadas: 0
2026-09-02T16:06:00.050-03:00  INFO 22468 --- [ecommerce] [scheduling-1] c.d.e.s.SincronizacaoEstoqueService      : [ESTOQUE] Lendo VW_ECOMMERCE_ESTOQUE no banco de dados...
2026-09-02T16:06:00.085-03:00  INFO 22468 --- [ecommerce] [scheduling-1] c.d.e.s.SincronizacaoEstoqueService      : [ESTOQUE] Ciclo finalizado. Total de atualizações enviadas: 0
2026-09-02T16:07:00.000-03:00  INFO 22468 --- [ecommerce] [scheduling-1] c.d.e.s.SincronizacaoEstoqueService      : [ESTOQUE] Lendo VW_ECOMMERCE_ESTOQUE no banco de dados...
2026-09-02T16:07:00.114-03:00  INFO 22468 --- [ecommerce] [scheduling-1] c.d.e.s.SincronizacaoEstoqueService      : [ESTOQUE] Ciclo finalizado. Total de atualizações enviadas: 0
2026-09-02T16:07:00.114-03:00  INFO 22468 --- [ecommerce] [scheduling-1] c.d.e.service.SincronizacaoService       : Lendo VW_ECOMMERCE_PRECOS no banco de dados...
2026-09-02T16:07:00.645-03:00  INFO 22468 --- [ecommerce] [scheduling-1] c.d.e.service.SincronizacaoService       : Ciclo finalizado. Total de atualizações enviadas: 0
2026-09-02T16:08:00.000-03:00  INFO 22468 --- [ecommerce] [scheduling-1] c.d.e.service.SincronizacaoService       : Lendo VW_ECOMMERCE_PRECOS no banco de dados...
2026-09-02T16:08:00.179-03:00  INFO 22468 --- [ecommerce] [scheduling-1] c.d.e.service.SincronizacaoService       : Ciclo finalizado. Total de atualizações enviadas: 0
2026-09-02T16:08:00.180-03:00  INFO 22468 --- [ecommerce] [scheduling-1] c.d.e.s.SincronizacaoEstoqueService      : [ESTOQUE] Lendo VW_ECOMMERCE_ESTOQUE no banco de dados...
2026-09-02T16:08:00.229-03:00  INFO 22468 --- [ecommerce] [scheduling-1] c.d.e.s.SincronizacaoEstoqueService      : [ESTOQUE] Ciclo finalizado. Total de atualizações enviadas: 0
2026-09-02T16:08:59.999-03:00  INFO 22468 --- [ecommerce] [scheduling-1] c.d.e.service.SincronizacaoService       : Lendo VW_ECOMMERCE_PRECOS no banco de dados...
2026-09-02T16:09:00.086-03:00  INFO 22468 --- [ecommerce] [scheduling-1] c.d.e.service.SincronizacaoService       : Ciclo finalizado. Total de atualizações enviadas: 0
2026-09-02T16:09:00.087-03:00  INFO 22468 --- [ecommerce] [scheduling-1] c.d.e.s.SincronizacaoEstoqueService      : [ESTOQUE] Lendo VW_ECOMMERCE_ESTOQUE no banco de dados...
2026-09-02T16:09:00.106-03:00  INFO 22468 --- [ecommerce] [scheduling-1] c.d.e.s.SincronizacaoEstoqueService      : [ESTOQUE] Ciclo finalizado. Total de atualizações enviadas: 0
2026-09-02T16:09:59.999-03:00  INFO 22468 --- [ecommerce] [scheduling-1] c.d.e.s.SincronizacaoEstoqueService      : [ESTOQUE] Lendo VW_ECOMMERCE_ESTOQUE no banco de dados...
2026-09-02T16:10:00.073-03:00  INFO 22468 --- [ecommerce] [scheduling-1] c.d.e.s.SincronizacaoEstoqueService      : [ESTOQUE] Ciclo finalizado. Total de atualizações enviadas: 0
2026-09-02T16:10:00.073-03:00  INFO 22468 --- [ecommerce] [scheduling-1] c.d.e.service.SincronizacaoService       : Lendo VW_ECOMMERCE_PRECOS no banco de dados...
2026-09-02T16:10:00.122-03:00  INFO 22468 --- [ecommerce] [scheduling-1] c.d.e.service.SincronizacaoService       : Ciclo finalizado. Total de atualizações enviadas: 0
2026-09-02T16:11:00.001-03:00  INFO 22468 --- [ecommerce] [scheduling-1] c.d.e.service.SincronizacaoService       : Lendo VW_ECOMMERCE_PRECOS no banco de dados...
2026-09-02T16:11:00.091-03:00  INFO 22468 --- [ecommerce] [scheduling-1] c.d.e.service.SincronizacaoService       : Ciclo finalizado. Total de atualizações enviadas: 0
2026-09-02T16:11:00.091-03:00  INFO 22468 --- [ecommerce] [scheduling-1] c.d.e.s.SincronizacaoEstoqueService      : [ESTOQUE] Lendo VW_ECOMMERCE_ESTOQUE no banco de dados...
2026-09-02T16:11:00.113-03:00  INFO 22468 --- [ecommerce] [scheduling-1] c.d.e.s.SincronizacaoEstoqueService      : [ESTOQUE] Ciclo finalizado. Total de atualizações enviadas: 0
2026-09-02T16:12:00.000-03:00  INFO 22468 --- [ecommerce] [scheduling-1] c.d.e.s.SincronizacaoEstoqueService      : [ESTOQUE] Lendo VW_ECOMMERCE_ESTOQUE no banco de dados...
2026-09-02T16:12:00.093-03:00  INFO 22468 --- [ecommerce] [scheduling-1] c.d.e.s.SincronizacaoEstoqueService      : [ESTOQUE] Ciclo finalizado. Total de atualizações enviadas: 0
2026-09-02T16:12:00.093-03:00  INFO 22468 --- [ecommerce] [scheduling-1] c.d.e.service.SincronizacaoService       : Lendo VW_ECOMMERCE_PRECOS no banco de dados...
2026-09-02T16:12:00.258-03:00  INFO 22468 --- [ecommerce] [scheduling-1] c.d.e.service.SincronizacaoService       : Ciclo finalizado. Total de atualizações enviadas: 0
2026-09-02T16:13:00.000-03:00  INFO 22468 --- [ecommerce] [scheduling-1] c.d.e.service.SincronizacaoService       : Lendo VW_ECOMMERCE_PRECOS no banco de dados...
2026-09-02T16:13:00.055-03:00  INFO 22468 --- [ecommerce] [scheduling-1] c.d.e.service.SincronizacaoService       : Ciclo finalizado. Total de atualizações enviadas: 0
2026-09-02T16:13:00.055-03:00  INFO 22468 --- [ecommerce] [scheduling-1] c.d.e.s.SincronizacaoEstoqueService      : [ESTOQUE] Lendo VW_ECOMMERCE_ESTOQUE no banco de dados...
2026-09-02T16:13:00.086-03:00  INFO 22468 --- [ecommerce] [scheduling-1] c.d.e.s.SincronizacaoEstoqueService      : [ESTOQUE] Ciclo finalizado. Total de atualizações enviadas: 0
2026-09-02T16:14:00.000-03:00  INFO 22468 --- [ecommerce] [scheduling-1] c.d.e.s.SincronizacaoEstoqueService      : [ESTOQUE] Lendo VW_ECOMMERCE_ESTOQUE no banco de dados...
2026-09-02T16:14:00.049-03:00  INFO 22468 --- [ecommerce] [scheduling-1] c.d.e.s.SincronizacaoEstoqueService      : [ESTOQUE] Ciclo finalizado. Total de atualizações enviadas: 0
2026-09-02T16:14:00.049-03:00  INFO 22468 --- [ecommerce] [scheduling-1] c.d.e.service.SincronizacaoService       : Lendo VW_ECOMMERCE_PRECOS no banco de dados...
2026-09-02T16:14:00.107-03:00  INFO 22468 --- [ecommerce] [scheduling-1] c.d.e.service.SincronizacaoService       : Ciclo finalizado. Total de atualizações enviadas: 0
2026-09-02T16:14:59.999-03:00  INFO 22468 --- [ecommerce] [scheduling-1] c.d.e.service.SincronizacaoService       : Lendo VW_ECOMMERCE_PRECOS no banco de dados...
2026-09-02T16:15:00.090-03:00  INFO 22468 --- [ecommerce] [scheduling-1] c.d.e.service.SincronizacaoService       : Ciclo finalizado. Total de atualizações enviadas: 0
2026-09-02T16:15:00.091-03:00  INFO 22468 --- [ecommerce] [scheduling-1] c.d.e.s.SincronizacaoEstoqueService      : [ESTOQUE] Lendo VW_ECOMMERCE_ESTOQUE no banco de dados...
2026-09-02T16:15:00.116-03:00  INFO 22468 --- [ecommerce] [scheduling-1] c.d.e.s.SincronizacaoEstoqueService      : [ESTOQUE] Ciclo finalizado. Total de atualizações enviadas: 0
2026-09-02T16:16:00.000-03:00  INFO 22468 --- [ecommerce] [scheduling-1] c.d.e.service.SincronizacaoService       : Lendo VW_ECOMMERCE_PRECOS no banco de dados...
2026-09-02T16:16:00.105-03:00  INFO 22468 --- [ecommerce] [scheduling-1] c.d.e.service.SincronizacaoService       : Ciclo finalizado. Total de atualizações enviadas: 0
2026-09-02T16:16:00.106-03:00  INFO 22468 --- [ecommerce] [scheduling-1] c.d.e.s.SincronizacaoEstoqueService      : [ESTOQUE] Lendo VW_ECOMMERCE_ESTOQUE no banco de dados...
2026-09-02T16:16:00.133-03:00  INFO 22468 --- [ecommerce] [scheduling-1] c.d.e.s.SincronizacaoEstoqueService      : [ESTOQUE] Ciclo finalizado. Total de atualizações enviadas: 0
2026-09-02T16:16:59.999-03:00  INFO 22468 --- [ecommerce] [scheduling-1] c.d.e.s.SincronizacaoEstoqueService      : [ESTOQUE] Lendo VW_ECOMMERCE_ESTOQUE no banco de dados...
2026-09-02T16:17:00.071-03:00  INFO 22468 --- [ecommerce] [scheduling-1] c.d.e.s.SincronizacaoEstoqueService      : [ESTOQUE] Ciclo finalizado. Total de atualizações enviadas: 0
2026-09-02T16:17:00.072-03:00  INFO 22468 --- [ecommerce] [scheduling-1] c.d.e.service.SincronizacaoService       : Lendo VW_ECOMMERCE_PRECOS no banco de dados...
2026-09-02T16:17:00.387-03:00  INFO 22468 --- [ecommerce] [scheduling-1] c.d.e.service.SincronizacaoService       : Ciclo finalizado. Total de atualizações enviadas: 0
2026-09-02T16:18:00.000-03:00  INFO 22468 --- [ecommerce] [scheduling-1] c.d.e.s.SincronizacaoEstoqueService      : [ESTOQUE] Lendo VW_ECOMMERCE_ESTOQUE no banco de dados...
2026-09-02T16:18:00.089-03:00  INFO 22468 --- [ecommerce] [scheduling-1] c.d.e.s.SincronizacaoEstoqueService      : [ESTOQUE] Ciclo finalizado. Total de atualizações enviadas: 0
2026-09-02T16:18:00.089-03:00  INFO 22468 --- [ecommerce] [scheduling-1] c.d.e.service.SincronizacaoService       : Lendo VW_ECOMMERCE_PRECOS no banco de dados...
2026-09-02T16:18:00.151-03:00  INFO 22468 --- [ecommerce] [scheduling-1] c.d.e.service.SincronizacaoService       : Ciclo finalizado. Total de atualizações enviadas: 0
2026-09-02T16:18:59.999-03:00  INFO 22468 --- [ecommerce] [scheduling-1] c.d.e.service.SincronizacaoService       : Lendo VW_ECOMMERCE_PRECOS no banco de dados...
2026-09-02T16:19:00.196-03:00  INFO 22468 --- [ecommerce] [scheduling-1] c.d.e.service.SincronizacaoService       : Ciclo finalizado. Total de atualizações enviadas: 0
2026-09-02T16:19:00.197-03:00  INFO 22468 --- [ecommerce] [scheduling-1] c.d.e.s.SincronizacaoEstoqueService      : [ESTOQUE] Lendo VW_ECOMMERCE_ESTOQUE no banco de dados...
2026-09-02T16:19:00.249-03:00  INFO 22468 --- [ecommerce] [scheduling-1] c.d.e.s.SincronizacaoEstoqueService      : [ESTOQUE] Ciclo finalizado. Total de atualizações enviadas: 0
2026-09-02T16:20:00.000-03:00  INFO 22468 --- [ecommerce] [scheduling-1] c.d.e.service.SincronizacaoService       : Lendo VW_ECOMMERCE_PRECOS no banco de dados...
2026-09-02T16:20:00.220-03:00  INFO 22468 --- [ecommerce] [scheduling-1] c.d.e.service.SincronizacaoService       : Ciclo finalizado. Total de atualizações enviadas: 0
2026-09-02T16:20:00.220-03:00  INFO 22468 --- [ecommerce] [scheduling-1] c.d.e.s.SincronizacaoEstoqueService      : [ESTOQUE] Lendo VW_ECOMMERCE_ESTOQUE no banco de dados...
2026-09-02T16:20:00.268-03:00  INFO 22468 --- [ecommerce] [scheduling-1] c.d.e.s.SincronizacaoEstoqueService      : [ESTOQUE] Ciclo finalizado. Total de atualizações enviadas: 0
2026-09-02T16:20:59.999-03:00  INFO 22468 --- [ecommerce] [scheduling-1] c.d.e.s.SincronizacaoEstoqueService      : [ESTOQUE] Lendo VW_ECOMMERCE_ESTOQUE no banco de dados...
2026-09-02T16:21:00.046-03:00  INFO 22468 --- [ecommerce] [scheduling-1] c.d.e.s.SincronizacaoEstoqueService      : [ESTOQUE] Ciclo finalizado. Total de atualizações enviadas: 0
2026-09-02T16:21:00.046-03:00  INFO 22468 --- [ecommerce] [scheduling-1] c.d.e.service.SincronizacaoService       : Lendo VW_ECOMMERCE_PRECOS no banco de dados...
2026-09-02T16:21:00.203-03:00  INFO 22468 --- [ecommerce] [scheduling-1] c.d.e.service.SincronizacaoService       : Ciclo finalizado. Total de atualizações enviadas: 0
2026-09-02T16:22:00.000-03:00  INFO 22468 --- [ecommerce] [scheduling-1] c.d.e.service.SincronizacaoService       : Lendo VW_ECOMMERCE_PRECOS no banco de dados...
2026-09-02T16:22:00.157-03:00  INFO 22468 --- [ecommerce] [scheduling-1] c.d.e.service.SincronizacaoService       : Ciclo finalizado. Total de atualizações enviadas: 0
2026-09-02T16:22:00.157-03:00  INFO 22468 --- [ecommerce] [scheduling-1] c.d.e.s.SincronizacaoEstoqueService      : [ESTOQUE] Lendo VW_ECOMMERCE_ESTOQUE no banco de dados...
2026-09-02T16:22:00.197-03:00  INFO 22468 --- [ecommerce] [scheduling-1] c.d.e.s.SincronizacaoEstoqueService      : [ESTOQUE] Ciclo finalizado. Total de atualizações enviadas: 0
2026-09-02T16:23:00.000-03:00  INFO 22468 --- [ecommerce] [scheduling-1] c.d.e.s.SincronizacaoEstoqueService      : [ESTOQUE] Lendo VW_ECOMMERCE_ESTOQUE no banco de dados...
2026-09-02T16:23:00.085-03:00  INFO 22468 --- [ecommerce] [scheduling-1] c.d.e.s.SincronizacaoEstoqueService      : [ESTOQUE] Ciclo finalizado. Total de atualizações enviadas: 0
2026-09-02T16:23:00.085-03:00  INFO 22468 --- [ecommerce] [scheduling-1] c.d.e.service.SincronizacaoService       : Lendo VW_ECOMMERCE_PRECOS no banco de dados...
2026-09-02T16:23:00.355-03:00  INFO 22468 --- [ecommerce] [scheduling-1] c.d.e.service.SincronizacaoService       : Ciclo finalizado. Total de atualizações enviadas: 0
2026-09-02T16:24:00.000-03:00  INFO 22468 --- [ecommerce] [scheduling-1] c.d.e.service.SincronizacaoService       : Lendo VW_ECOMMERCE_PRECOS no banco de dados...
2026-09-02T16:24:00.121-03:00  INFO 22468 --- [ecommerce] [scheduling-1] c.d.e.service.SincronizacaoService       : Ciclo finalizado. Total de atualizações enviadas: 0
2026-09-02T16:24:00.122-03:00  INFO 22468 --- [ecommerce] [scheduling-1] c.d.e.s.SincronizacaoEstoqueService      : [ESTOQUE] Lendo VW_ECOMMERCE_ESTOQUE no banco de dados...
2026-09-02T16:24:00.145-03:00  INFO 22468 --- [ecommerce] [scheduling-1] c.d.e.s.SincronizacaoEstoqueService      : [ESTOQUE] Ciclo finalizado. Total de atualizações enviadas: 0
2026-09-02T16:24:59.999-03:00  INFO 22468 --- [ecommerce] [scheduling-1] c.d.e.service.SincronizacaoService       : Lendo VW_ECOMMERCE_PRECOS no banco de dados...
2026-09-02T16:25:00.271-03:00  INFO 22468 --- [ecommerce] [scheduling-1] c.d.e.service.SincronizacaoService       : Ciclo finalizado. Total de atualizações enviadas: 0
2026-09-02T16:25:00.272-03:00  INFO 22468 --- [ecommerce] [scheduling-1] c.d.e.s.SincronizacaoEstoqueService      : [ESTOQUE] Lendo VW_ECOMMERCE_ESTOQUE no banco de dados...
2026-09-02T16:25:00.342-03:00  INFO 22468 --- [ecommerce] [scheduling-1] c.d.e.s.SincronizacaoEstoqueService      : [ESTOQUE] Ciclo finalizado. Total de atualizações enviadas: 0
2026-09-02T16:26:00.000-03:00  INFO 22468 --- [ecommerce] [scheduling-1] c.d.e.service.SincronizacaoService       : Lendo VW_ECOMMERCE_PRECOS no banco de dados...
2026-09-02T16:26:00.438-03:00  INFO 22468 --- [ecommerce] [scheduling-1] c.d.e.service.SincronizacaoService       : Ciclo finalizado. Total de atualizações enviadas: 0
2026-09-02T16:26:00.438-03:00  INFO 22468 --- [ecommerce] [scheduling-1] c.d.e.s.SincronizacaoEstoqueService      : [ESTOQUE] Lendo VW_ECOMMERCE_ESTOQUE no banco de dados...
2026-09-02T16:26:00.499-03:00  INFO 22468 --- [ecommerce] [scheduling-1] c.d.e.s.SincronizacaoEstoqueService      : [ESTOQUE] Ciclo finalizado. Total de atualizações enviadas: 0
2026-09-02T16:27:00.000-03:00  INFO 22468 --- [ecommerce] [scheduling-1] c.d.e.service.SincronizacaoService       : Lendo VW_ECOMMERCE_PRECOS no banco de dados...
2026-09-02T16:27:00.142-03:00  INFO 22468 --- [ecommerce] [scheduling-1] c.d.e.service.SincronizacaoService       : Ciclo finalizado. Total de atualizações enviadas: 0
2026-09-02T16:27:00.142-03:00  INFO 22468 --- [ecommerce] [scheduling-1] c.d.e.s.SincronizacaoEstoqueService      : [ESTOQUE] Lendo VW_ECOMMERCE_ESTOQUE no banco de dados...
2026-09-02T16:27:00.169-03:00  INFO 22468 --- [ecommerce] [scheduling-1] c.d.e.s.SincronizacaoEstoqueService      : [ESTOQUE] Ciclo finalizado. Total de atualizações enviadas: 0
2026-09-02T16:28:00.000-03:00  INFO 22468 --- [ecommerce] [scheduling-1] c.d.e.s.SincronizacaoEstoqueService      : [ESTOQUE] Lendo VW_ECOMMERCE_ESTOQUE no banco de dados...
2026-09-02T16:28:00.048-03:00  INFO 22468 --- [ecommerce] [scheduling-1] c.d.e.s.SincronizacaoEstoqueService      : [ESTOQUE] Ciclo finalizado. Total de atualizações enviadas: 0
2026-09-02T16:28:00.049-03:00  INFO 22468 --- [ecommerce] [scheduling-1] c.d.e.service.SincronizacaoService       : Lendo VW_ECOMMERCE_PRECOS no banco de dados...
2026-09-02T16:28:00.098-03:00  INFO 22468 --- [ecommerce] [scheduling-1] c.d.e.service.SincronizacaoService       : Ciclo finalizado. Total de atualizações enviadas: 0
2026-09-02T16:29:00.000-03:00  INFO 22468 --- [ecommerce] [scheduling-1] c.d.e.service.SincronizacaoService       : Lendo VW_ECOMMERCE_PRECOS no banco de dados...
2026-09-02T16:29:00.104-03:00  INFO 22468 --- [ecommerce] [scheduling-1] c.d.e.service.SincronizacaoService       : Ciclo finalizado. Total de atualizações enviadas: 0
2026-09-02T16:29:00.105-03:00  INFO 22468 --- [ecommerce] [scheduling-1] c.d.e.s.SincronizacaoEstoqueService      : [ESTOQUE] Lendo VW_ECOMMERCE_ESTOQUE no banco de dados...
2026-09-02T16:29:00.130-03:00  INFO 22468 --- [ecommerce] [scheduling-1] c.d.e.s.SincronizacaoEstoqueService      : [ESTOQUE] Ciclo finalizado. Total de atualizações enviadas: 0
2026-09-02T16:30:00.001-03:00  INFO 22468 --- [ecommerce] [scheduling-1] c.d.e.service.SincronizacaoService       : Lendo VW_ECOMMERCE_PRECOS no banco de dados...
2026-09-02T16:30:00.157-03:00  INFO 22468 --- [ecommerce] [scheduling-1] c.d.e.service.SincronizacaoService       : Ciclo finalizado. Total de atualizações enviadas: 0
2026-09-02T16:30:00.157-03:00  INFO 22468 --- [ecommerce] [scheduling-1] c.d.e.s.SincronizacaoEstoqueService      : [ESTOQUE] Lendo VW_ECOMMERCE_ESTOQUE no banco de dados...
2026-09-02T16:30:00.185-03:00  INFO 22468 --- [ecommerce] [scheduling-1] c.d.e.s.SincronizacaoEstoqueService      : [ESTOQUE] Ciclo finalizado. Total de atualizações enviadas: 0
2026-09-02T16:31:00.000-03:00  INFO 22468 --- [ecommerce] [scheduling-1] c.d.e.s.SincronizacaoEstoqueService      : [ESTOQUE] Lendo VW_ECOMMERCE_ESTOQUE no banco de dados...
2026-09-02T16:31:00.088-03:00  INFO 22468 --- [ecommerce] [scheduling-1] c.d.e.s.SincronizacaoEstoqueService      : [ESTOQUE] Ciclo finalizado. Total de atualizações enviadas: 0
2026-09-02T16:31:00.088-03:00  INFO 22468 --- [ecommerce] [scheduling-1] c.d.e.service.SincronizacaoService       : Lendo VW_ECOMMERCE_PRECOS no banco de dados...
2026-09-02T16:31:00.156-03:00  INFO 22468 --- [ecommerce] [scheduling-1] c.d.e.service.SincronizacaoService       : Ciclo finalizado. Total de atualizações enviadas: 0
2026-09-02T16:32:00.000-03:00  INFO 22468 --- [ecommerce] [scheduling-1] c.d.e.service.SincronizacaoService       : Lendo VW_ECOMMERCE_PRECOS no banco de dados...
2026-09-02T16:32:00.055-03:00  INFO 22468 --- [ecommerce] [scheduling-1] c.d.e.service.SincronizacaoService       : Ciclo finalizado. Total de atualizações enviadas: 0
2026-09-02T16:32:00.055-03:00  INFO 22468 --- [ecommerce] [scheduling-1] c.d.e.s.SincronizacaoEstoqueService      : [ESTOQUE] Lendo VW_ECOMMERCE_ESTOQUE no banco de dados...
2026-09-02T16:32:00.087-03:00  INFO 22468 --- [ecommerce] [scheduling-1] c.d.e.s.SincronizacaoEstoqueService      : [ESTOQUE] Ciclo finalizado. Total de atualizações enviadas: 0
2026-09-02T16:33:00.000-03:00  INFO 22468 --- [ecommerce] [scheduling-1] c.d.e.s.SincronizacaoEstoqueService      : [ESTOQUE] Lendo VW_ECOMMERCE_ESTOQUE no banco de dados...
2026-09-02T16:33:00.038-03:00  INFO 22468 --- [ecommerce] [scheduling-1] c.d.e.s.SincronizacaoEstoqueService      : [ESTOQUE] Ciclo finalizado. Total de atualizações enviadas: 0
2026-09-02T16:33:00.039-03:00  INFO 22468 --- [ecommerce] [scheduling-1] c.d.e.service.SincronizacaoService       : Lendo VW_ECOMMERCE_PRECOS no banco de dados...
2026-09-02T16:33:00.138-03:00  INFO 22468 --- [ecommerce] [scheduling-1] c.d.e.service.SincronizacaoService       : Ciclo finalizado. Total de atualizações enviadas: 0
2026-09-02T16:33:59.999-03:00  INFO 22468 --- [ecommerce] [scheduling-1] c.d.e.s.SincronizacaoEstoqueService      : [ESTOQUE] Lendo VW_ECOMMERCE_ESTOQUE no banco de dados...
2026-09-02T16:34:00.048-03:00  INFO 22468 --- [ecommerce] [scheduling-1] c.d.e.s.SincronizacaoEstoqueService      : [ESTOQUE] Ciclo finalizado. Total de atualizações enviadas: 0
2026-09-02T16:34:00.048-03:00  INFO 22468 --- [ecommerce] [scheduling-1] c.d.e.service.SincronizacaoService       : Lendo VW_ECOMMERCE_PRECOS no banco de dados...
2026-09-02T16:34:00.187-03:00  INFO 22468 --- [ecommerce] [scheduling-1] c.d.e.service.SincronizacaoService       : Ciclo finalizado. Total de atualizações enviadas: 0
2026-09-02T16:35:00.000-03:00  INFO 22468 --- [ecommerce] [scheduling-1] c.d.e.service.SincronizacaoService       : Lendo VW_ECOMMERCE_PRECOS no banco de dados...
2026-09-02T16:35:00.099-03:00  INFO 22468 --- [ecommerce] [scheduling-1] c.d.e.service.SincronizacaoService       : Ciclo finalizado. Total de atualizações enviadas: 0
2026-09-02T16:35:00.100-03:00  INFO 22468 --- [ecommerce] [scheduling-1] c.d.e.s.SincronizacaoEstoqueService      : [ESTOQUE] Lendo VW_ECOMMERCE_ESTOQUE no banco de dados...
2026-09-02T16:35:00.120-03:00  INFO 22468 --- [ecommerce] [scheduling-1] c.d.e.s.SincronizacaoEstoqueService      : [ESTOQUE] Ciclo finalizado. Total de atualizações enviadas: 0
2026-09-02T16:36:00.000-03:00  INFO 22468 --- [ecommerce] [scheduling-1] c.d.e.service.SincronizacaoService       : Lendo VW_ECOMMERCE_PRECOS no banco de dados...
2026-09-02T16:36:00.083-03:00  INFO 22468 --- [ecommerce] [scheduling-1] c.d.e.service.SincronizacaoService       : Ciclo finalizado. Total de atualizações enviadas: 0
2026-09-02T16:36:00.084-03:00  INFO 22468 --- [ecommerce] [scheduling-1] c.d.e.s.SincronizacaoEstoqueService      : [ESTOQUE] Lendo VW_ECOMMERCE_ESTOQUE no banco de dados...
2026-09-02T16:36:00.107-03:00  INFO 22468 --- [ecommerce] [scheduling-1] c.d.e.s.SincronizacaoEstoqueService      : [ESTOQUE] Ciclo finalizado. Total de atualizações enviadas: 0
2026-09-02T16:37:00.000-03:00  INFO 22468 --- [ecommerce] [scheduling-1] c.d.e.service.SincronizacaoService       : Lendo VW_ECOMMERCE_PRECOS no banco de dados...
2026-09-02T16:37:00.210-03:00  INFO 22468 --- [ecommerce] [scheduling-1] c.d.e.service.SincronizacaoService       : Ciclo finalizado. Total de atualizações enviadas: 0
2026-09-02T16:37:00.210-03:00  INFO 22468 --- [ecommerce] [scheduling-1] c.d.e.s.SincronizacaoEstoqueService      : [ESTOQUE] Lendo VW_ECOMMERCE_ESTOQUE no banco de dados...
2026-09-02T16:37:00.247-03:00  INFO 22468 --- [ecommerce] [scheduling-1] c.d.e.s.SincronizacaoEstoqueService      : [ESTOQUE] Ciclo finalizado. Total de atualizações enviadas: 0
2026-09-02T16:38:00.000-03:00  INFO 22468 --- [ecommerce] [scheduling-1] c.d.e.s.SincronizacaoEstoqueService      : [ESTOQUE] Lendo VW_ECOMMERCE_ESTOQUE no banco de dados...
2026-09-02T16:38:00.090-03:00  INFO 22468 --- [ecommerce] [scheduling-1] c.d.e.s.SincronizacaoEstoqueService      : [ESTOQUE] Ciclo finalizado. Total de atualizações enviadas: 0
2026-09-02T16:38:00.091-03:00  INFO 22468 --- [ecommerce] [scheduling-1] c.d.e.service.SincronizacaoService       : Lendo VW_ECOMMERCE_PRECOS no banco de dados...
2026-09-02T16:38:00.202-03:00  INFO 22468 --- [ecommerce] [scheduling-1] c.d.e.service.SincronizacaoService       : Ciclo finalizado. Total de atualizações enviadas: 0
2026-09-02T16:39:00.000-03:00  INFO 22468 --- [ecommerce] [scheduling-1] c.d.e.service.SincronizacaoService       : Lendo VW_ECOMMERCE_PRECOS no banco de dados...
2026-09-02T16:39:00.120-03:00  INFO 22468 --- [ecommerce] [scheduling-1] c.d.e.service.SincronizacaoService       : Ciclo finalizado. Total de atualizações enviadas: 0
2026-09-02T16:39:00.121-03:00  INFO 22468 --- [ecommerce] [scheduling-1] c.d.e.s.SincronizacaoEstoqueService      : [ESTOQUE] Lendo VW_ECOMMERCE_ESTOQUE no banco de dados...
2026-09-02T16:39:00.143-03:00  INFO 22468 --- [ecommerce] [scheduling-1] c.d.e.s.SincronizacaoEstoqueService      : [ESTOQUE] Ciclo finalizado. Total de atualizações enviadas: 0
2026-09-02T16:40:00.001-03:00  INFO 22468 --- [ecommerce] [scheduling-1] c.d.e.service.SincronizacaoService       : Lendo VW_ECOMMERCE_PRECOS no banco de dados...
2026-09-02T16:40:00.097-03:00  INFO 22468 --- [ecommerce] [scheduling-1] c.d.e.service.SincronizacaoService       : Ciclo finalizado. Total de atualizações enviadas: 0
2026-09-02T16:40:00.097-03:00  INFO 22468 --- [ecommerce] [scheduling-1] c.d.e.s.SincronizacaoEstoqueService      : [ESTOQUE] Lendo VW_ECOMMERCE_ESTOQUE no banco de dados...
2026-09-02T16:40:00.121-03:00  INFO 22468 --- [ecommerce] [scheduling-1] c.d.e.s.SincronizacaoEstoqueService      : [ESTOQUE] Ciclo finalizado. Total de atualizações enviadas: 0
2026-09-02T16:41:00.000-03:00  INFO 22468 --- [ecommerce] [scheduling-1] c.d.e.service.SincronizacaoService       : Lendo VW_ECOMMERCE_PRECOS no banco de dados...
2026-09-02T16:41:00.233-03:00  INFO 22468 --- [ecommerce] [scheduling-1] c.d.e.service.SincronizacaoService       : Ciclo finalizado. Total de atualizações enviadas: 0
2026-09-02T16:41:00.233-03:00  INFO 22468 --- [ecommerce] [scheduling-1] c.d.e.s.SincronizacaoEstoqueService      : [ESTOQUE] Lendo VW_ECOMMERCE_ESTOQUE no banco de dados...
2026-09-02T16:41:00.271-03:00  INFO 22468 --- [ecommerce] [scheduling-1] c.d.e.s.SincronizacaoEstoqueService      : [ESTOQUE] Ciclo finalizado. Total de atualizações enviadas: 0
2026-09-02T16:42:00.000-03:00  INFO 22468 --- [ecommerce] [scheduling-1] c.d.e.service.SincronizacaoService       : Lendo VW_ECOMMERCE_PRECOS no banco de dados...
2026-09-02T16:42:00.054-03:00  INFO 22468 --- [ecommerce] [scheduling-1] c.d.e.service.SincronizacaoService       : Ciclo finalizado. Total de atualizações enviadas: 0
2026-09-02T16:42:00.054-03:00  INFO 22468 --- [ecommerce] [scheduling-1] c.d.e.s.SincronizacaoEstoqueService      : [ESTOQUE] Lendo VW_ECOMMERCE_ESTOQUE no banco de dados...
2026-09-02T16:42:00.086-03:00  INFO 22468 --- [ecommerce] [scheduling-1] c.d.e.s.SincronizacaoEstoqueService      : [ESTOQUE] Ciclo finalizado. Total de atualizações enviadas: 0
2026-09-02T16:43:00.000-03:00  INFO 22468 --- [ecommerce] [scheduling-1] c.d.e.service.SincronizacaoService       : Lendo VW_ECOMMERCE_PRECOS no banco de dados...
2026-09-02T16:43:00.050-03:00  INFO 22468 --- [ecommerce] [scheduling-1] c.d.e.service.SincronizacaoService       : Ciclo finalizado. Total de atualizações enviadas: 0
2026-09-02T16:43:00.051-03:00  INFO 22468 --- [ecommerce] [scheduling-1] c.d.e.s.SincronizacaoEstoqueService      : [ESTOQUE] Lendo VW_ECOMMERCE_ESTOQUE no banco de dados...
2026-09-02T16:43:00.083-03:00  INFO 22468 --- [ecommerce] [scheduling-1] c.d.e.s.SincronizacaoEstoqueService      : [ESTOQUE] Ciclo finalizado. Total de atualizações enviadas: 0
2026-09-02T16:44:00.000-03:00  INFO 22468 --- [ecommerce] [scheduling-1] c.d.e.service.SincronizacaoService       : Lendo VW_ECOMMERCE_PRECOS no banco de dados...
2026-09-02T16:44:00.229-03:00  INFO 22468 --- [ecommerce] [scheduling-1] c.d.e.service.SincronizacaoService       : Ciclo finalizado. Total de atualizações enviadas: 0
2026-09-02T16:44:00.229-03:00  INFO 22468 --- [ecommerce] [scheduling-1] c.d.e.s.SincronizacaoEstoqueService      : [ESTOQUE] Lendo VW_ECOMMERCE_ESTOQUE no banco de dados...
2026-09-02T16:44:00.277-03:00  INFO 22468 --- [ecommerce] [scheduling-1] c.d.e.s.SincronizacaoEstoqueService      : [ESTOQUE] Ciclo finalizado. Total de atualizações enviadas: 0
2026-09-02T16:45:00.000-03:00  INFO 22468 --- [ecommerce] [scheduling-1] c.d.e.s.SincronizacaoEstoqueService      : [ESTOQUE] Lendo VW_ECOMMERCE_ESTOQUE no banco de dados...
2026-09-02T16:45:00.079-03:00  INFO 22468 --- [ecommerce] [scheduling-1] c.d.e.s.SincronizacaoEstoqueService      : [ESTOQUE] Ciclo finalizado. Total de atualizações enviadas: 0
2026-09-02T16:45:00.079-03:00  INFO 22468 --- [ecommerce] [scheduling-1] c.d.e.service.SincronizacaoService       : Lendo VW_ECOMMERCE_PRECOS no banco de dados...
2026-09-02T16:45:00.150-03:00  INFO 22468 --- [ecommerce] [scheduling-1] c.d.e.service.SincronizacaoService       : Ciclo finalizado. Total de atualizações enviadas: 0
2026-09-02T16:46:00.000-03:00  INFO 22468 --- [ecommerce] [scheduling-1] c.d.e.service.SincronizacaoService       : Lendo VW_ECOMMERCE_PRECOS no banco de dados...
2026-09-02T16:46:00.132-03:00  INFO 22468 --- [ecommerce] [scheduling-1] c.d.e.service.SincronizacaoService       : Ciclo finalizado. Total de atualizações enviadas: 0
2026-09-02T16:46:00.133-03:00  INFO 22468 --- [ecommerce] [scheduling-1] c.d.e.s.SincronizacaoEstoqueService      : [ESTOQUE] Lendo VW_ECOMMERCE_ESTOQUE no banco de dados...
2026-09-02T16:46:00.161-03:00  INFO 22468 --- [ecommerce] [scheduling-1] c.d.e.s.SincronizacaoEstoqueService      : [ESTOQUE] Ciclo finalizado. Total de atualizações enviadas: 0
2026-09-02T16:47:00.000-03:00  INFO 22468 --- [ecommerce] [scheduling-1] c.d.e.s.SincronizacaoEstoqueService      : [ESTOQUE] Lendo VW_ECOMMERCE_ESTOQUE no banco de dados...
2026-09-02T16:47:00.090-03:00  INFO 22468 --- [ecommerce] [scheduling-1] c.d.e.s.SincronizacaoEstoqueService      : [ESTOQUE] Ciclo finalizado. Total de atualizações enviadas: 0
2026-09-02T16:47:00.091-03:00  INFO 22468 --- [ecommerce] [scheduling-1] c.d.e.service.SincronizacaoService       : Lendo VW_ECOMMERCE_PRECOS no banco de dados...
2026-09-02T16:47:00.133-03:00  INFO 22468 --- [ecommerce] [scheduling-1] c.d.e.service.SincronizacaoService       : Ciclo finalizado. Total de atualizações enviadas: 0
2026-09-02T16:48:00.001-03:00  INFO 22468 --- [ecommerce] [scheduling-1] c.d.e.service.SincronizacaoService       : Lendo VW_ECOMMERCE_PRECOS no banco de dados...
2026-09-02T16:48:00.083-03:00  INFO 22468 --- [ecommerce] [scheduling-1] c.d.e.service.SincronizacaoService       : Ciclo finalizado. Total de atualizações enviadas: 0
2026-09-02T16:48:00.083-03:00  INFO 22468 --- [ecommerce] [scheduling-1] c.d.e.s.SincronizacaoEstoqueService      : [ESTOQUE] Lendo VW_ECOMMERCE_ESTOQUE no banco de dados...
2026-09-02T16:48:00.102-03:00  INFO 22468 --- [ecommerce] [scheduling-1] c.d.e.s.SincronizacaoEstoqueService      : [ESTOQUE] Ciclo finalizado. Total de atualizações enviadas: 0
2026-09-02T16:49:00.000-03:00  INFO 22468 --- [ecommerce] [scheduling-1] c.d.e.s.SincronizacaoEstoqueService      : [ESTOQUE] Lendo VW_ECOMMERCE_ESTOQUE no banco de dados...
2026-09-02T16:49:00.052-03:00  INFO 22468 --- [ecommerce] [scheduling-1] c.d.e.s.SincronizacaoEstoqueService      : [ESTOQUE] Ciclo finalizado. Total de atualizações enviadas: 0
2026-09-02T16:49:00.052-03:00  INFO 22468 --- [ecommerce] [scheduling-1] c.d.e.service.SincronizacaoService       : Lendo VW_ECOMMERCE_PRECOS no banco de dados...
2026-09-02T16:49:00.124-03:00  INFO 22468 --- [ecommerce] [scheduling-1] c.d.e.service.SincronizacaoService       : Ciclo finalizado. Total de atualizações enviadas: 0
2026-09-02T16:50:00.000-03:00  INFO 22468 --- [ecommerce] [scheduling-1] c.d.e.service.SincronizacaoService       : Lendo VW_ECOMMERCE_PRECOS no banco de dados...
2026-09-02T16:50:00.062-03:00  INFO 22468 --- [ecommerce] [scheduling-1] c.d.e.service.SincronizacaoService       : Ciclo finalizado. Total de atualizações enviadas: 0
2026-09-02T16:50:00.063-03:00  INFO 22468 --- [ecommerce] [scheduling-1] c.d.e.s.SincronizacaoEstoqueService      : [ESTOQUE] Lendo VW_ECOMMERCE_ESTOQUE no banco de dados...
2026-09-02T16:50:00.094-03:00  INFO 22468 --- [ecommerce] [scheduling-1] c.d.e.s.SincronizacaoEstoqueService      : [ESTOQUE] Ciclo finalizado. Total de atualizações enviadas: 0
2026-09-02T16:51:00.000-03:00  INFO 22468 --- [ecommerce] [scheduling-1] c.d.e.service.SincronizacaoService       : Lendo VW_ECOMMERCE_PRECOS no banco de dados...
2026-09-02T16:51:00.054-03:00  INFO 22468 --- [ecommerce] [scheduling-1] c.d.e.service.SincronizacaoService       : Ciclo finalizado. Total de atualizações enviadas: 0
2026-09-02T16:51:00.054-03:00  INFO 22468 --- [ecommerce] [scheduling-1] c.d.e.s.SincronizacaoEstoqueService      : [ESTOQUE] Lendo VW_ECOMMERCE_ESTOQUE no banco de dados...
2026-09-02T16:51:00.084-03:00  INFO 22468 --- [ecommerce] [scheduling-1] c.d.e.s.SincronizacaoEstoqueService      : [ESTOQUE] Ciclo finalizado. Total de atualizações enviadas: 0
2026-09-02T16:52:00.000-03:00  INFO 22468 --- [ecommerce] [scheduling-1] c.d.e.s.SincronizacaoEstoqueService      : [ESTOQUE] Lendo VW_ECOMMERCE_ESTOQUE no banco de dados...
2026-09-02T16:52:00.046-03:00  INFO 22468 --- [ecommerce] [scheduling-1] c.d.e.s.SincronizacaoEstoqueService      : [ESTOQUE] Ciclo finalizado. Total de atualizações enviadas: 0
2026-09-02T16:52:00.046-03:00  INFO 22468 --- [ecommerce] [scheduling-1] c.d.e.service.SincronizacaoService       : Lendo VW_ECOMMERCE_PRECOS no banco de dados...
2026-09-02T16:52:00.097-03:00  INFO 22468 --- [ecommerce] [scheduling-1] c.d.e.service.SincronizacaoService       : Ciclo finalizado. Total de atualizações enviadas: 0
2026-09-02T16:52:59.999-03:00  INFO 22468 --- [ecommerce] [scheduling-1] c.d.e.service.SincronizacaoService       : Lendo VW_ECOMMERCE_PRECOS no banco de dados...
2026-09-02T16:53:00.071-03:00  INFO 22468 --- [ecommerce] [scheduling-1] c.d.e.service.SincronizacaoService       : Ciclo finalizado. Total de atualizações enviadas: 0
2026-09-02T16:53:00.071-03:00  INFO 22468 --- [ecommerce] [scheduling-1] c.d.e.s.SincronizacaoEstoqueService      : [ESTOQUE] Lendo VW_ECOMMERCE_ESTOQUE no banco de dados...
2026-09-02T16:53:00.098-03:00  INFO 22468 --- [ecommerce] [scheduling-1] c.d.e.s.SincronizacaoEstoqueService      : [ESTOQUE] Ciclo finalizado. Total de atualizações enviadas: 0
2026-09-02T16:54:00.000-03:00  INFO 22468 --- [ecommerce] [scheduling-1] c.d.e.s.SincronizacaoEstoqueService      : [ESTOQUE] Lendo VW_ECOMMERCE_ESTOQUE no banco de dados...
2026-09-02T16:54:00.059-03:00  INFO 22468 --- [ecommerce] [scheduling-1] c.d.e.s.SincronizacaoEstoqueService      : [ESTOQUE] Ciclo finalizado. Total de atualizações enviadas: 0
2026-09-02T16:54:00.059-03:00  INFO 22468 --- [ecommerce] [scheduling-1] c.d.e.service.SincronizacaoService       : Lendo VW_ECOMMERCE_PRECOS no banco de dados...
2026-09-02T16:54:00.180-03:00  INFO 22468 --- [ecommerce] [scheduling-1] c.d.e.service.SincronizacaoService       : Ciclo finalizado. Total de atualizações enviadas: 0
2026-09-02T16:55:00.000-03:00  INFO 22468 --- [ecommerce] [scheduling-1] c.d.e.service.SincronizacaoService       : Lendo VW_ECOMMERCE_PRECOS no banco de dados...
2026-09-02T16:55:00.144-03:00  INFO 22468 --- [ecommerce] [scheduling-1] c.d.e.service.SincronizacaoService       : Ciclo finalizado. Total de atualizações enviadas: 0
2026-09-02T16:55:00.144-03:00  INFO 22468 --- [ecommerce] [scheduling-1] c.d.e.s.SincronizacaoEstoqueService      : [ESTOQUE] Lendo VW_ECOMMERCE_ESTOQUE no banco de dados...
2026-09-02T16:55:00.168-03:00  INFO 22468 --- [ecommerce] [scheduling-1] c.d.e.s.SincronizacaoEstoqueService      : [ESTOQUE] Ciclo finalizado. Total de atualizações enviadas: 0
2026-09-02T16:56:00.000-03:00  INFO 22468 --- [ecommerce] [scheduling-1] c.d.e.s.SincronizacaoEstoqueService      : [ESTOQUE] Lendo VW_ECOMMERCE_ESTOQUE no banco de dados...
2026-09-02T16:56:00.045-03:00  INFO 22468 --- [ecommerce] [scheduling-1] c.d.e.s.SincronizacaoEstoqueService      : [ESTOQUE] Ciclo finalizado. Total de atualizações enviadas: 0
2026-09-02T16:56:00.045-03:00  INFO 22468 --- [ecommerce] [scheduling-1] c.d.e.service.SincronizacaoService       : Lendo VW_ECOMMERCE_PRECOS no banco de dados...
2026-09-02T16:56:00.243-03:00  INFO 22468 --- [ecommerce] [scheduling-1] c.d.e.service.SincronizacaoService       : Ciclo finalizado. Total de atualizações enviadas: 0
2026-09-02T16:57:00.000-03:00  INFO 22468 --- [ecommerce] [scheduling-1] c.d.e.service.SincronizacaoService       : Lendo VW_ECOMMERCE_PRECOS no banco de dados...
2026-09-02T16:57:00.115-03:00  INFO 22468 --- [ecommerce] [scheduling-1] c.d.e.service.SincronizacaoService       : Ciclo finalizado. Total de atualizações enviadas: 0
2026-09-02T16:57:00.115-03:00  INFO 22468 --- [ecommerce] [scheduling-1] c.d.e.s.SincronizacaoEstoqueService      : [ESTOQUE] Lendo VW_ECOMMERCE_ESTOQUE no banco de dados...
2026-09-02T16:57:00.148-03:00  INFO 22468 --- [ecommerce] [scheduling-1] c.d.e.s.SincronizacaoEstoqueService      : [ESTOQUE] Ciclo finalizado. Total de atualizações enviadas: 0
2026-09-02T16:58:00.000-03:00  INFO 22468 --- [ecommerce] [scheduling-1] c.d.e.s.SincronizacaoEstoqueService      : [ESTOQUE] Lendo VW_ECOMMERCE_ESTOQUE no banco de dados...
2026-09-02T16:58:00.057-03:00  INFO 22468 --- [ecommerce] [scheduling-1] c.d.e.s.SincronizacaoEstoqueService      : [ESTOQUE] Ciclo finalizado. Total de atualizações enviadas: 0
2026-09-02T16:58:00.057-03:00  INFO 22468 --- [ecommerce] [scheduling-1] c.d.e.service.SincronizacaoService       : Lendo VW_ECOMMERCE_PRECOS no banco de dados...
2026-09-02T16:58:00.113-03:00  INFO 22468 --- [ecommerce] [scheduling-1] c.d.e.service.SincronizacaoService       : Ciclo finalizado. Total de atualizações enviadas: 0
2026-09-02T16:59:00.000-03:00  INFO 22468 --- [ecommerce] [scheduling-1] c.d.e.s.SincronizacaoEstoqueService      : [ESTOQUE] Lendo VW_ECOMMERCE_ESTOQUE no banco de dados...
2026-09-02T16:59:00.076-03:00  INFO 22468 --- [ecommerce] [scheduling-1] c.d.e.s.SincronizacaoEstoqueService      : [ESTOQUE] Ciclo finalizado. Total de atualizações enviadas: 0
2026-09-02T16:59:00.076-03:00  INFO 22468 --- [ecommerce] [scheduling-1] c.d.e.service.SincronizacaoService       : Lendo VW_ECOMMERCE_PRECOS no banco de dados...
2026-09-02T16:59:00.143-03:00  INFO 22468 --- [ecommerce] [scheduling-1] c.d.e.service.SincronizacaoService       : Ciclo finalizado. Total de atualizações enviadas: 0
2026-09-02T17:00:00.000-03:00  INFO 22468 --- [ecommerce] [scheduling-1] c.d.e.service.SincronizacaoService       : Lendo VW_ECOMMERCE_PRECOS no banco de dados...
2026-09-02T17:00:00.082-03:00  INFO 22468 --- [ecommerce] [scheduling-1] c.d.e.service.SincronizacaoService       : Ciclo finalizado. Total de atualizações enviadas: 0
2026-09-02T17:00:00.082-03:00  INFO 22468 --- [ecommerce] [scheduling-1] c.d.e.s.SincronizacaoEstoqueService      : [ESTOQUE] Lendo VW_ECOMMERCE_ESTOQUE no banco de dados...
2026-09-02T17:00:00.109-03:00  INFO 22468 --- [ecommerce] [scheduling-1] c.d.e.s.SincronizacaoEstoqueService      : [ESTOQUE] Ciclo finalizado. Total de atualizações enviadas: 0
2026-09-02T17:01:00.002-03:00  INFO 22468 --- [ecommerce] [scheduling-1] c.d.e.s.SincronizacaoEstoqueService      : [ESTOQUE] Lendo VW_ECOMMERCE_ESTOQUE no banco de dados...
2026-09-02T17:01:00.058-03:00  INFO 22468 --- [ecommerce] [scheduling-1] c.d.e.s.SincronizacaoEstoqueService      : [ESTOQUE] Ciclo finalizado. Total de atualizações enviadas: 0
2026-09-02T17:01:00.058-03:00  INFO 22468 --- [ecommerce] [scheduling-1] c.d.e.service.SincronizacaoService       : Lendo VW_ECOMMERCE_PRECOS no banco de dados...
2026-09-02T17:01:00.277-03:00  INFO 22468 --- [ecommerce] [scheduling-1] c.d.e.service.SincronizacaoService       : Ciclo finalizado. Total de atualizações enviadas: 0
2026-09-02T17:02:00.000-03:00  INFO 22468 --- [ecommerce] [scheduling-1] c.d.e.service.SincronizacaoService       : Lendo VW_ECOMMERCE_PRECOS no banco de dados...
2026-09-02T17:02:00.055-03:00  INFO 22468 --- [ecommerce] [scheduling-1] c.d.e.service.SincronizacaoService       : Ciclo finalizado. Total de atualizações enviadas: 0
2026-09-02T17:02:00.055-03:00  INFO 22468 --- [ecommerce] [scheduling-1] c.d.e.s.SincronizacaoEstoqueService      : [ESTOQUE] Lendo VW_ECOMMERCE_ESTOQUE no banco de dados...
2026-09-02T17:02:00.088-03:00  INFO 22468 --- [ecommerce] [scheduling-1] c.d.e.s.SincronizacaoEstoqueService      : [ESTOQUE] Ciclo finalizado. Total de atualizações enviadas: 0
2026-09-02T17:03:00.000-03:00  INFO 22468 --- [ecommerce] [scheduling-1] c.d.e.s.SincronizacaoEstoqueService      : [ESTOQUE] Lendo VW_ECOMMERCE_ESTOQUE no banco de dados...
2026-09-02T17:03:00.087-03:00  INFO 22468 --- [ecommerce] [scheduling-1] c.d.e.s.SincronizacaoEstoqueService      : [ESTOQUE] Ciclo finalizado. Total de atualizações enviadas: 0
2026-09-02T17:03:00.090-03:00  INFO 22468 --- [ecommerce] [scheduling-1] c.d.e.service.SincronizacaoService       : Lendo VW_ECOMMERCE_PRECOS no banco de dados...
2026-09-02T17:03:00.222-03:00  INFO 22468 --- [ecommerce] [scheduling-1] c.d.e.service.SincronizacaoService       : Ciclo finalizado. Total de atualizações enviadas: 0
2026-09-02T17:04:00.000-03:00  INFO 22468 --- [ecommerce] [scheduling-1] c.d.e.service.SincronizacaoService       : Lendo VW_ECOMMERCE_PRECOS no banco de dados...
2026-09-02T17:04:00.357-03:00  INFO 22468 --- [ecommerce] [scheduling-1] c.d.e.service.SincronizacaoService       : Ciclo finalizado. Total de atualizações enviadas: 0
2026-09-02T17:04:00.358-03:00  INFO 22468 --- [ecommerce] [scheduling-1] c.d.e.s.SincronizacaoEstoqueService      : [ESTOQUE] Lendo VW_ECOMMERCE_ESTOQUE no banco de dados...
2026-09-02T17:04:00.395-03:00  INFO 22468 --- [ecommerce] [scheduling-1] c.d.e.s.SincronizacaoEstoqueService      : [ESTOQUE] Ciclo finalizado. Total de atualizações enviadas: 0
2026-09-02T17:05:00.000-03:00  INFO 22468 --- [ecommerce] [scheduling-1] c.d.e.service.SincronizacaoService       : Lendo VW_ECOMMERCE_PRECOS no banco de dados...
2026-09-02T17:05:00.106-03:00  INFO 22468 --- [ecommerce] [scheduling-1] c.d.e.service.SincronizacaoService       : Ciclo finalizado. Total de atualizações enviadas: 0
2026-09-02T17:05:00.106-03:00  INFO 22468 --- [ecommerce] [scheduling-1] c.d.e.s.SincronizacaoEstoqueService      : [ESTOQUE] Lendo VW_ECOMMERCE_ESTOQUE no banco de dados...
2026-09-02T17:05:00.131-03:00  INFO 22468 --- [ecommerce] [scheduling-1] c.d.e.s.SincronizacaoEstoqueService      : [ESTOQUE] Ciclo finalizado. Total de atualizações enviadas: 0
2026-09-02T17:06:00.001-03:00  INFO 22468 --- [ecommerce] [scheduling-1] c.d.e.s.SincronizacaoEstoqueService      : [ESTOQUE] Lendo VW_ECOMMERCE_ESTOQUE no banco de dados...
2026-09-02T17:06:00.046-03:00  INFO 22468 --- [ecommerce] [scheduling-1] c.d.e.s.SincronizacaoEstoqueService      : [ESTOQUE] Ciclo finalizado. Total de atualizações enviadas: 0
2026-09-02T17:06:00.046-03:00  INFO 22468 --- [ecommerce] [scheduling-1] c.d.e.service.SincronizacaoService       : Lendo VW_ECOMMERCE_PRECOS no banco de dados...
2026-09-02T17:06:00.171-03:00  INFO 22468 --- [ecommerce] [scheduling-1] c.d.e.service.SincronizacaoService       : Ciclo finalizado. Total de atualizações enviadas: 0
2026-09-02T17:06:59.999-03:00  INFO 22468 --- [ecommerce] [scheduling-1] c.d.e.service.SincronizacaoService       : Lendo VW_ECOMMERCE_PRECOS no banco de dados...
2026-09-02T17:07:00.227-03:00  INFO 22468 --- [ecommerce] [scheduling-1] c.d.e.service.SincronizacaoService       : Ciclo finalizado. Total de atualizações enviadas: 0
2026-09-02T17:07:00.228-03:00  INFO 22468 --- [ecommerce] [scheduling-1] c.d.e.s.SincronizacaoEstoqueService      : [ESTOQUE] Lendo VW_ECOMMERCE_ESTOQUE no banco de dados...
2026-09-02T17:07:00.256-03:00  INFO 22468 --- [ecommerce] [scheduling-1] c.d.e.s.SincronizacaoEstoqueService      : [ESTOQUE] Ciclo finalizado. Total de atualizações enviadas: 0
2026-09-02T17:08:00.000-03:00  INFO 22468 --- [ecommerce] [scheduling-1] c.d.e.service.SincronizacaoService       : Lendo VW_ECOMMERCE_PRECOS no banco de dados...
2026-09-02T17:08:00.111-03:00  INFO 22468 --- [ecommerce] [scheduling-1] c.d.e.service.SincronizacaoService       : Ciclo finalizado. Total de atualizações enviadas: 0
2026-09-02T17:08:00.112-03:00  INFO 22468 --- [ecommerce] [scheduling-1] c.d.e.s.SincronizacaoEstoqueService      : [ESTOQUE] Lendo VW_ECOMMERCE_ESTOQUE no banco de dados...
2026-09-02T17:08:00.135-03:00  INFO 22468 --- [ecommerce] [scheduling-1] c.d.e.s.SincronizacaoEstoqueService      : [ESTOQUE] Ciclo finalizado. Total de atualizações enviadas: 0
2026-09-02T17:09:00.000-03:00  INFO 22468 --- [ecommerce] [scheduling-1] c.d.e.service.SincronizacaoService       : Lendo VW_ECOMMERCE_PRECOS no banco de dados...
2026-09-02T17:09:00.327-03:00  INFO 22468 --- [ecommerce] [scheduling-1] c.d.e.service.SincronizacaoService       : Ciclo finalizado. Total de atualizações enviadas: 0
2026-09-02T17:09:00.328-03:00  INFO 22468 --- [ecommerce] [scheduling-1] c.d.e.s.SincronizacaoEstoqueService      : [ESTOQUE] Lendo VW_ECOMMERCE_ESTOQUE no banco de dados...
2026-09-02T17:09:00.369-03:00  INFO 22468 --- [ecommerce] [scheduling-1] c.d.e.s.SincronizacaoEstoqueService      : [ESTOQUE] Ciclo finalizado. Total de atualizações enviadas: 0
2026-09-02T17:09:59.999-03:00  INFO 22468 --- [ecommerce] [scheduling-1] c.d.e.service.SincronizacaoService       : Lendo VW_ECOMMERCE_PRECOS no banco de dados...
2026-09-02T17:10:00.108-03:00  INFO 22468 --- [ecommerce] [scheduling-1] c.d.e.service.SincronizacaoService       : Ciclo finalizado. Total de atualizações enviadas: 0
2026-09-02T17:10:00.108-03:00  INFO 22468 --- [ecommerce] [scheduling-1] c.d.e.s.SincronizacaoEstoqueService      : [ESTOQUE] Lendo VW_ECOMMERCE_ESTOQUE no banco de dados...
2026-09-02T17:10:00.132-03:00  INFO 22468 --- [ecommerce] [scheduling-1] c.d.e.s.SincronizacaoEstoqueService      : [ESTOQUE] Ciclo finalizado. Total de atualizações enviadas: 0
2026-09-02T17:11:00.000-03:00  INFO 22468 --- [ecommerce] [scheduling-1] c.d.e.service.SincronizacaoService       : Lendo VW_ECOMMERCE_PRECOS no banco de dados...
2026-09-02T17:11:00.183-03:00  INFO 22468 --- [ecommerce] [scheduling-1] c.d.e.service.SincronizacaoService       : Ciclo finalizado. Total de atualizações enviadas: 0
2026-09-02T17:11:00.184-03:00  INFO 22468 --- [ecommerce] [scheduling-1] c.d.e.s.SincronizacaoEstoqueService      : [ESTOQUE] Lendo VW_ECOMMERCE_ESTOQUE no banco de dados...
2026-09-02T17:11:00.219-03:00  INFO 22468 --- [ecommerce] [scheduling-1] c.d.e.s.SincronizacaoEstoqueService      : [ESTOQUE] Ciclo finalizado. Total de atualizações enviadas: 0
2026-09-02T17:11:59.999-03:00  INFO 22468 --- [ecommerce] [scheduling-1] c.d.e.service.SincronizacaoService       : Lendo VW_ECOMMERCE_PRECOS no banco de dados...
2026-09-02T17:12:00.102-03:00  INFO 22468 --- [ecommerce] [scheduling-1] c.d.e.service.SincronizacaoService       : Ciclo finalizado. Total de atualizações enviadas: 0
2026-09-02T17:12:00.102-03:00  INFO 22468 --- [ecommerce] [scheduling-1] c.d.e.s.SincronizacaoEstoqueService      : [ESTOQUE] Lendo VW_ECOMMERCE_ESTOQUE no banco de dados...
2026-09-02T17:12:00.127-03:00  INFO 22468 --- [ecommerce] [scheduling-1] c.d.e.s.SincronizacaoEstoqueService      : [ESTOQUE] Ciclo finalizado. Total de atualizações enviadas: 0
2026-09-02T17:12:59.999-03:00  INFO 22468 --- [ecommerce] [scheduling-1] c.d.e.s.SincronizacaoEstoqueService      : [ESTOQUE] Lendo VW_ECOMMERCE_ESTOQUE no banco de dados...
2026-09-02T17:13:00.085-03:00  INFO 22468 --- [ecommerce] [scheduling-1] c.d.e.s.SincronizacaoEstoqueService      : [ESTOQUE] Ciclo finalizado. Total de atualizações enviadas: 0
2026-09-02T17:13:00.085-03:00  INFO 22468 --- [ecommerce] [scheduling-1] c.d.e.service.SincronizacaoService       : Lendo VW_ECOMMERCE_PRECOS no banco de dados...
2026-09-02T17:13:00.417-03:00  INFO 22468 --- [ecommerce] [scheduling-1] c.d.e.service.SincronizacaoService       : Ciclo finalizado. Total de atualizações enviadas: 0
2026-09-02T17:13:59.999-03:00  INFO 22468 --- [ecommerce] [scheduling-1] c.d.e.s.SincronizacaoEstoqueService      : [ESTOQUE] Lendo VW_ECOMMERCE_ESTOQUE no banco de dados...
2026-09-02T17:14:00.087-03:00  INFO 22468 --- [ecommerce] [scheduling-1] c.d.e.s.SincronizacaoEstoqueService      : [ESTOQUE] Ciclo finalizado. Total de atualizações enviadas: 0
2026-09-02T17:14:00.087-03:00  INFO 22468 --- [ecommerce] [scheduling-1] c.d.e.service.SincronizacaoService       : Lendo VW_ECOMMERCE_PRECOS no banco de dados...
2026-09-02T17:14:00.336-03:00  INFO 22468 --- [ecommerce] [scheduling-1] c.d.e.service.SincronizacaoService       : Ciclo finalizado. Total de atualizações enviadas: 0
2026-09-02T17:14:59.999-03:00  INFO 22468 --- [ecommerce] [scheduling-1] c.d.e.s.SincronizacaoEstoqueService      : [ESTOQUE] Lendo VW_ECOMMERCE_ESTOQUE no banco de dados...
2026-09-02T17:15:00.134-03:00  INFO 22468 --- [ecommerce] [scheduling-1] c.d.e.s.SincronizacaoEstoqueService      : [ESTOQUE] Ciclo finalizado. Total de atualizações enviadas: 0
2026-09-02T17:15:00.134-03:00  INFO 22468 --- [ecommerce] [scheduling-1] c.d.e.service.SincronizacaoService       : Lendo VW_ECOMMERCE_PRECOS no banco de dados...
2026-09-02T17:15:00.372-03:00  INFO 22468 --- [ecommerce] [scheduling-1] c.d.e.service.SincronizacaoService       : Ciclo finalizado. Total de atualizações enviadas: 0
2026-09-02T17:16:00.001-03:00  INFO 22468 --- [ecommerce] [scheduling-1] c.d.e.s.SincronizacaoEstoqueService      : [ESTOQUE] Lendo VW_ECOMMERCE_ESTOQUE no banco de dados...
2026-09-02T17:16:00.078-03:00  INFO 22468 --- [ecommerce] [scheduling-1] c.d.e.s.SincronizacaoEstoqueService      : [ESTOQUE] Ciclo finalizado. Total de atualizações enviadas: 0
2026-09-02T17:16:00.078-03:00  INFO 22468 --- [ecommerce] [scheduling-1] c.d.e.service.SincronizacaoService       : Lendo VW_ECOMMERCE_PRECOS no banco de dados...
2026-09-02T17:16:00.987-03:00  INFO 22468 --- [ecommerce] [scheduling-1] c.d.e.service.SincronizacaoService       : Ciclo finalizado. Total de atualizações enviadas: 0
2026-09-02T17:17:00.001-03:00  INFO 22468 --- [ecommerce] [scheduling-1] c.d.e.s.SincronizacaoEstoqueService      : [ESTOQUE] Lendo VW_ECOMMERCE_ESTOQUE no banco de dados...
2026-09-02T17:17:00.054-03:00  INFO 22468 --- [ecommerce] [scheduling-1] c.d.e.s.SincronizacaoEstoqueService      : [ESTOQUE] Ciclo finalizado. Total de atualizações enviadas: 0
2026-09-02T17:17:00.054-03:00  INFO 22468 --- [ecommerce] [scheduling-1] c.d.e.service.SincronizacaoService       : Lendo VW_ECOMMERCE_PRECOS no banco de dados...
2026-09-02T17:17:00.196-03:00  INFO 22468 --- [ecommerce] [scheduling-1] c.d.e.service.SincronizacaoService       : Ciclo finalizado. Total de atualizações enviadas: 0
2026-09-02T17:17:59.999-03:00  INFO 22468 --- [ecommerce] [scheduling-1] c.d.e.service.SincronizacaoService       : Lendo VW_ECOMMERCE_PRECOS no banco de dados...
2026-09-02T17:18:00.198-03:00  INFO 22468 --- [ecommerce] [scheduling-1] c.d.e.service.SincronizacaoService       : Ciclo finalizado. Total de atualizações enviadas: 0
2026-09-02T17:18:00.198-03:00  INFO 22468 --- [ecommerce] [scheduling-1] c.d.e.s.SincronizacaoEstoqueService      : [ESTOQUE] Lendo VW_ECOMMERCE_ESTOQUE no banco de dados...
2026-09-02T17:18:00.237-03:00  INFO 22468 --- [ecommerce] [scheduling-1] c.d.e.s.SincronizacaoEstoqueService      : [ESTOQUE] Ciclo finalizado. Total de atualizações enviadas: 0
2026-09-02T17:19:00.000-03:00  INFO 22468 --- [ecommerce] [scheduling-1] c.d.e.s.SincronizacaoEstoqueService      : [ESTOQUE] Lendo VW_ECOMMERCE_ESTOQUE no banco de dados...
2026-09-02T17:19:00.070-03:00  INFO 22468 --- [ecommerce] [scheduling-1] c.d.e.s.SincronizacaoEstoqueService      : [ESTOQUE] Ciclo finalizado. Total de atualizações enviadas: 0
2026-09-02T17:19:00.070-03:00  INFO 22468 --- [ecommerce] [scheduling-1] c.d.e.service.SincronizacaoService       : Lendo VW_ECOMMERCE_PRECOS no banco de dados...
2026-09-02T17:19:00.651-03:00  INFO 22468 --- [ecommerce] [scheduling-1] c.d.e.service.SincronizacaoService       : Ciclo finalizado. Total de atualizações enviadas: 0
2026-09-02T17:20:00.000-03:00  INFO 22468 --- [ecommerce] [scheduling-1] c.d.e.service.SincronizacaoService       : Lendo VW_ECOMMERCE_PRECOS no banco de dados...
2026-09-02T17:20:00.240-03:00  INFO 22468 --- [ecommerce] [scheduling-1] c.d.e.service.SincronizacaoService       : Ciclo finalizado. Total de atualizações enviadas: 0
2026-09-02T17:20:00.240-03:00  INFO 22468 --- [ecommerce] [scheduling-1] c.d.e.s.SincronizacaoEstoqueService      : [ESTOQUE] Lendo VW_ECOMMERCE_ESTOQUE no banco de dados...
2026-09-02T17:20:00.333-03:00  INFO 22468 --- [ecommerce] [scheduling-1] c.d.e.s.SincronizacaoEstoqueService      : [ESTOQUE] Ciclo finalizado. Total de atualizações enviadas: 0
2026-09-02T17:21:00.000-03:00  INFO 22468 --- [ecommerce] [scheduling-1] c.d.e.service.SincronizacaoService       : Lendo VW_ECOMMERCE_PRECOS no banco de dados...
2026-09-02T17:21:00.122-03:00  INFO 22468 --- [ecommerce] [scheduling-1] c.d.e.service.SincronizacaoService       : Ciclo finalizado. Total de atualizações enviadas: 0
2026-09-02T17:21:00.122-03:00  INFO 22468 --- [ecommerce] [scheduling-1] c.d.e.s.SincronizacaoEstoqueService      : [ESTOQUE] Lendo VW_ECOMMERCE_ESTOQUE no banco de dados...
2026-09-02T17:21:00.142-03:00  INFO 22468 --- [ecommerce] [scheduling-1] c.d.e.s.SincronizacaoEstoqueService      : [ESTOQUE] Ciclo finalizado. Total de atualizações enviadas: 0
2026-09-02T17:22:00.000-03:00  INFO 22468 --- [ecommerce] [scheduling-1] c.d.e.s.SincronizacaoEstoqueService      : [ESTOQUE] Lendo VW_ECOMMERCE_ESTOQUE no banco de dados...
2026-09-02T17:22:00.059-03:00  INFO 22468 --- [ecommerce] [scheduling-1] c.d.e.s.SincronizacaoEstoqueService      : [ESTOQUE] Ciclo finalizado. Total de atualizações enviadas: 0
2026-09-02T17:22:00.059-03:00  INFO 22468 --- [ecommerce] [scheduling-1] c.d.e.service.SincronizacaoService       : Lendo VW_ECOMMERCE_PRECOS no banco de dados...
2026-09-02T17:22:00.343-03:00  INFO 22468 --- [ecommerce] [scheduling-1] c.d.e.service.SincronizacaoService       : Ciclo finalizado. Total de atualizações enviadas: 0
2026-09-02T17:23:00.000-03:00  INFO 22468 --- [ecommerce] [scheduling-1] c.d.e.service.SincronizacaoService       : Lendo VW_ECOMMERCE_PRECOS no banco de dados...
2026-09-02T17:23:00.058-03:00  INFO 22468 --- [ecommerce] [scheduling-1] c.d.e.service.SincronizacaoService       : Ciclo finalizado. Total de atualizações enviadas: 0
2026-09-02T17:23:00.058-03:00  INFO 22468 --- [ecommerce] [scheduling-1] c.d.e.s.SincronizacaoEstoqueService      : [ESTOQUE] Lendo VW_ECOMMERCE_ESTOQUE no banco de dados...
2026-09-02T17:23:00.085-03:00  INFO 22468 --- [ecommerce] [scheduling-1] c.d.e.s.SincronizacaoEstoqueService      : [ESTOQUE] Ciclo finalizado. Total de atualizações enviadas: 0
2026-09-02T17:23:59.999-03:00  INFO 22468 --- [ecommerce] [scheduling-1] c.d.e.s.SincronizacaoEstoqueService      : [ESTOQUE] Lendo VW_ECOMMERCE_ESTOQUE no banco de dados...
2026-09-02T17:24:00.084-03:00  INFO 22468 --- [ecommerce] [scheduling-1] c.d.e.s.SincronizacaoEstoqueService      : [ESTOQUE] Ciclo finalizado. Total de atualizações enviadas: 0
2026-09-02T17:24:00.084-03:00  INFO 22468 --- [ecommerce] [scheduling-1] c.d.e.service.SincronizacaoService       : Lendo VW_ECOMMERCE_PRECOS no banco de dados...
2026-09-02T17:24:00.240-03:00  INFO 22468 --- [ecommerce] [scheduling-1] c.d.e.service.SincronizacaoService       : Ciclo finalizado. Total de atualizações enviadas: 0
2026-09-02T17:24:59.999-03:00  INFO 22468 --- [ecommerce] [scheduling-1] c.d.e.s.SincronizacaoEstoqueService      : [ESTOQUE] Lendo VW_ECOMMERCE_ESTOQUE no banco de dados...
2026-09-02T17:25:00.096-03:00  INFO 22468 --- [ecommerce] [scheduling-1] c.d.e.s.SincronizacaoEstoqueService      : [ESTOQUE] Ciclo finalizado. Total de atualizações enviadas: 0
2026-09-02T17:25:00.096-03:00  INFO 22468 --- [ecommerce] [scheduling-1] c.d.e.service.SincronizacaoService       : Lendo VW_ECOMMERCE_PRECOS no banco de dados...
2026-09-02T17:25:00.152-03:00  INFO 22468 --- [ecommerce] [scheduling-1] c.d.e.service.SincronizacaoService       : Ciclo finalizado. Total de atualizações enviadas: 0
2026-09-02T17:26:00.000-03:00  INFO 22468 --- [ecommerce] [scheduling-1] c.d.e.service.SincronizacaoService       : Lendo VW_ECOMMERCE_PRECOS no banco de dados...
2026-09-02T17:26:00.170-03:00  INFO 22468 --- [ecommerce] [scheduling-1] c.d.e.service.SincronizacaoService       : Ciclo finalizado. Total de atualizações enviadas: 0
2026-09-02T17:26:00.170-03:00  INFO 22468 --- [ecommerce] [scheduling-1] c.d.e.s.SincronizacaoEstoqueService      : [ESTOQUE] Lendo VW_ECOMMERCE_ESTOQUE no banco de dados...
2026-09-02T17:26:00.195-03:00  INFO 22468 --- [ecommerce] [scheduling-1] c.d.e.s.SincronizacaoEstoqueService      : [ESTOQUE] Ciclo finalizado. Total de atualizações enviadas: 0
2026-09-02T17:27:00.001-03:00  INFO 22468 --- [ecommerce] [scheduling-1] c.d.e.service.SincronizacaoService       : Lendo VW_ECOMMERCE_PRECOS no banco de dados...
2026-09-02T17:27:00.167-03:00  INFO 22468 --- [ecommerce] [scheduling-1] c.d.e.service.SincronizacaoService       : Ciclo finalizado. Total de atualizações enviadas: 0
2026-09-02T17:27:00.167-03:00  INFO 22468 --- [ecommerce] [scheduling-1] c.d.e.s.SincronizacaoEstoqueService      : [ESTOQUE] Lendo VW_ECOMMERCE_ESTOQUE no banco de dados...
2026-09-02T17:27:00.213-03:00  INFO 22468 --- [ecommerce] [scheduling-1] c.d.e.s.SincronizacaoEstoqueService      : [ESTOQUE] Ciclo finalizado. Total de atualizações enviadas: 0
2026-09-02T17:28:00.000-03:00  INFO 22468 --- [ecommerce] [scheduling-1] c.d.e.service.SincronizacaoService       : Lendo VW_ECOMMERCE_PRECOS no banco de dados...
2026-09-02T17:28:00.159-03:00  INFO 22468 --- [ecommerce] [scheduling-1] c.d.e.service.SincronizacaoService       : Ciclo finalizado. Total de atualizações enviadas: 0
2026-09-02T17:28:00.160-03:00  INFO 22468 --- [ecommerce] [scheduling-1] c.d.e.s.SincronizacaoEstoqueService      : [ESTOQUE] Lendo VW_ECOMMERCE_ESTOQUE no banco de dados...
2026-09-02T17:28:00.192-03:00  INFO 22468 --- [ecommerce] [scheduling-1] c.d.e.s.SincronizacaoEstoqueService      : [ESTOQUE] Ciclo finalizado. Total de atualizações enviadas: 0
2026-09-02T17:29:00.000-03:00  INFO 22468 --- [ecommerce] [scheduling-1] c.d.e.s.SincronizacaoEstoqueService      : [ESTOQUE] Lendo VW_ECOMMERCE_ESTOQUE no banco de dados...
2026-09-02T17:29:00.056-03:00  INFO 22468 --- [ecommerce] [scheduling-1] c.d.e.s.SincronizacaoEstoqueService      : [ESTOQUE] Ciclo finalizado. Total de atualizações enviadas: 0
2026-09-02T17:29:00.057-03:00  INFO 22468 --- [ecommerce] [scheduling-1] c.d.e.service.SincronizacaoService       : Lendo VW_ECOMMERCE_PRECOS no banco de dados...
2026-09-02T17:29:00.122-03:00  INFO 22468 --- [ecommerce] [scheduling-1] c.d.e.service.SincronizacaoService       : Ciclo finalizado. Total de atualizações enviadas: 0
2026-09-02T17:30:00.000-03:00  INFO 22468 --- [ecommerce] [scheduling-1] c.d.e.s.SincronizacaoEstoqueService      : [ESTOQUE] Lendo VW_ECOMMERCE_ESTOQUE no banco de dados...
2026-09-02T17:30:00.030-03:00  INFO 22468 --- [ecommerce] [scheduling-1] c.d.e.s.SincronizacaoEstoqueService      : [ESTOQUE] Ciclo finalizado. Total de atualizações enviadas: 0
2026-09-02T17:30:00.031-03:00  INFO 22468 --- [ecommerce] [scheduling-1] c.d.e.service.SincronizacaoService       : Lendo VW_ECOMMERCE_PRECOS no banco de dados...
2026-09-02T17:30:00.099-03:00  INFO 22468 --- [ecommerce] [scheduling-1] c.d.e.service.SincronizacaoService       : Ciclo finalizado. Total de atualizações enviadas: 0
2026-09-02T17:31:00.000-03:00  INFO 22468 --- [ecommerce] [scheduling-1] c.d.e.service.SincronizacaoService       : Lendo VW_ECOMMERCE_PRECOS no banco de dados...
2026-09-02T17:31:00.052-03:00  INFO 22468 --- [ecommerce] [scheduling-1] c.d.e.service.SincronizacaoService       : Ciclo finalizado. Total de atualizações enviadas: 0
2026-09-02T17:31:00.052-03:00  INFO 22468 --- [ecommerce] [scheduling-1] c.d.e.s.SincronizacaoEstoqueService      : [ESTOQUE] Lendo VW_ECOMMERCE_ESTOQUE no banco de dados...
2026-09-02T17:31:00.089-03:00  INFO 22468 --- [ecommerce] [scheduling-1] c.d.e.s.SincronizacaoEstoqueService      : [ESTOQUE] Ciclo finalizado. Total de atualizações enviadas: 0
2026-09-02T17:32:00.000-03:00  INFO 22468 --- [ecommerce] [scheduling-1] c.d.e.s.SincronizacaoEstoqueService      : [ESTOQUE] Lendo VW_ECOMMERCE_ESTOQUE no banco de dados...
2026-09-02T17:32:00.110-03:00  INFO 22468 --- [ecommerce] [scheduling-1] c.d.e.s.SincronizacaoEstoqueService      : [ESTOQUE] Ciclo finalizado. Total de atualizações enviadas: 0
2026-09-02T17:32:00.110-03:00  INFO 22468 --- [ecommerce] [scheduling-1] c.d.e.service.SincronizacaoService       : Lendo VW_ECOMMERCE_PRECOS no banco de dados...
2026-09-02T17:32:00.235-03:00  INFO 22468 --- [ecommerce] [scheduling-1] c.d.e.service.SincronizacaoService       : Ciclo finalizado. Total de atualizações enviadas: 0
2026-09-02T17:32:59.999-03:00  INFO 22468 --- [ecommerce] [scheduling-1] c.d.e.service.SincronizacaoService       : Lendo VW_ECOMMERCE_PRECOS no banco de dados...
2026-09-02T17:33:00.108-03:00  INFO 22468 --- [ecommerce] [scheduling-1] c.d.e.service.SincronizacaoService       : Ciclo finalizado. Total de atualizações enviadas: 0
2026-09-02T17:33:00.108-03:00  INFO 22468 --- [ecommerce] [scheduling-1] c.d.e.s.SincronizacaoEstoqueService      : [ESTOQUE] Lendo VW_ECOMMERCE_ESTOQUE no banco de dados...
2026-09-02T17:33:00.154-03:00  INFO 22468 --- [ecommerce] [scheduling-1] c.d.e.s.SincronizacaoEstoqueService      : [ESTOQUE] Ciclo finalizado. Total de atualizações enviadas: 0
2026-09-02T17:34:00.000-03:00  INFO 22468 --- [ecommerce] [scheduling-1] c.d.e.service.SincronizacaoService       : Lendo VW_ECOMMERCE_PRECOS no banco de dados...
2026-09-02T17:34:00.060-03:00  INFO 22468 --- [ecommerce] [scheduling-1] c.d.e.service.SincronizacaoService       : Ciclo finalizado. Total de atualizações enviadas: 0
2026-09-02T17:34:00.060-03:00  INFO 22468 --- [ecommerce] [scheduling-1] c.d.e.s.SincronizacaoEstoqueService      : [ESTOQUE] Lendo VW_ECOMMERCE_ESTOQUE no banco de dados...
2026-09-02T17:34:00.090-03:00  INFO 22468 --- [ecommerce] [scheduling-1] c.d.e.s.SincronizacaoEstoqueService      : [ESTOQUE] Ciclo finalizado. Total de atualizações enviadas: 0
2026-09-02T17:35:00.001-03:00  INFO 22468 --- [ecommerce] [scheduling-1] c.d.e.s.SincronizacaoEstoqueService      : [ESTOQUE] Lendo VW_ECOMMERCE_ESTOQUE no banco de dados...
2026-09-02T17:35:00.071-03:00  INFO 22468 --- [ecommerce] [scheduling-1] c.d.e.s.SincronizacaoEstoqueService      : [ESTOQUE] Ciclo finalizado. Total de atualizações enviadas: 0
2026-09-02T17:35:00.072-03:00  INFO 22468 --- [ecommerce] [scheduling-1] c.d.e.service.SincronizacaoService       : Lendo VW_ECOMMERCE_PRECOS no banco de dados...
2026-09-02T17:35:00.378-03:00  INFO 22468 --- [ecommerce] [scheduling-1] c.d.e.service.SincronizacaoService       : Ciclo finalizado. Total de atualizações enviadas: 0
2026-09-02T17:36:00.001-03:00  INFO 22468 --- [ecommerce] [scheduling-1] c.d.e.service.SincronizacaoService       : Lendo VW_ECOMMERCE_PRECOS no banco de dados...
2026-09-02T17:36:00.496-03:00  INFO 22468 --- [ecommerce] [scheduling-1] c.d.e.service.SincronizacaoService       : Ciclo finalizado. Total de atualizações enviadas: 0
2026-09-02T17:36:00.496-03:00  INFO 22468 --- [ecommerce] [scheduling-1] c.d.e.s.SincronizacaoEstoqueService      : [ESTOQUE] Lendo VW_ECOMMERCE_ESTOQUE no banco de dados...
2026-09-02T17:36:00.577-03:00  INFO 22468 --- [ecommerce] [scheduling-1] c.d.e.s.SincronizacaoEstoqueService      : [ESTOQUE] Ciclo finalizado. Total de atualizações enviadas: 0
2026-09-02T17:36:59.999-03:00  INFO 22468 --- [ecommerce] [scheduling-1] c.d.e.s.SincronizacaoEstoqueService      : [ESTOQUE] Lendo VW_ECOMMERCE_ESTOQUE no banco de dados...
2026-09-02T17:37:00.063-03:00  INFO 22468 --- [ecommerce] [scheduling-1] c.d.e.s.SincronizacaoEstoqueService      : [ESTOQUE] Ciclo finalizado. Total de atualizações enviadas: 0
2026-09-02T17:37:00.063-03:00  INFO 22468 --- [ecommerce] [scheduling-1] c.d.e.service.SincronizacaoService       : Lendo VW_ECOMMERCE_PRECOS no banco de dados...
2026-09-02T17:37:00.193-03:00  INFO 22468 --- [ecommerce] [scheduling-1] c.d.e.service.SincronizacaoService       : Ciclo finalizado. Total de atualizações enviadas: 0
2026-09-02T17:38:00.000-03:00  INFO 22468 --- [ecommerce] [scheduling-1] c.d.e.s.SincronizacaoEstoqueService      : [ESTOQUE] Lendo VW_ECOMMERCE_ESTOQUE no banco de dados...
2026-09-02T17:38:00.055-03:00  INFO 22468 --- [ecommerce] [scheduling-1] c.d.e.s.SincronizacaoEstoqueService      : [ESTOQUE] Ciclo finalizado. Total de atualizações enviadas: 0
2026-09-02T17:38:00.055-03:00  INFO 22468 --- [ecommerce] [scheduling-1] c.d.e.service.SincronizacaoService       : Lendo VW_ECOMMERCE_PRECOS no banco de dados...
2026-09-02T17:38:00.103-03:00  INFO 22468 --- [ecommerce] [scheduling-1] c.d.e.service.SincronizacaoService       : Ciclo finalizado. Total de atualizações enviadas: 0
2026-09-02T17:39:00.000-03:00  INFO 22468 --- [ecommerce] [scheduling-1] c.d.e.s.SincronizacaoEstoqueService      : [ESTOQUE] Lendo VW_ECOMMERCE_ESTOQUE no banco de dados...
2026-09-02T17:39:00.079-03:00  INFO 22468 --- [ecommerce] [scheduling-1] c.d.e.s.SincronizacaoEstoqueService      : [ESTOQUE] Ciclo finalizado. Total de atualizações enviadas: 0
2026-09-02T17:39:00.079-03:00  INFO 22468 --- [ecommerce] [scheduling-1] c.d.e.service.SincronizacaoService       : Lendo VW_ECOMMERCE_PRECOS no banco de dados...
2026-09-02T17:39:00.125-03:00  INFO 22468 --- [ecommerce] [scheduling-1] c.d.e.service.SincronizacaoService       : Ciclo finalizado. Total de atualizações enviadas: 0
2026-09-02T17:40:00.000-03:00  INFO 22468 --- [ecommerce] [scheduling-1] c.d.e.service.SincronizacaoService       : Lendo VW_ECOMMERCE_PRECOS no banco de dados...
2026-09-02T17:40:00.098-03:00  INFO 22468 --- [ecommerce] [scheduling-1] c.d.e.service.SincronizacaoService       : Ciclo finalizado. Total de atualizações enviadas: 0
2026-09-02T17:40:00.098-03:00  INFO 22468 --- [ecommerce] [scheduling-1] c.d.e.s.SincronizacaoEstoqueService      : [ESTOQUE] Lendo VW_ECOMMERCE_ESTOQUE no banco de dados...
2026-09-02T17:40:00.124-03:00  INFO 22468 --- [ecommerce] [scheduling-1] c.d.e.s.SincronizacaoEstoqueService      : [ESTOQUE] Ciclo finalizado. Total de atualizações enviadas: 0
2026-09-02T17:41:00.000-03:00  INFO 22468 --- [ecommerce] [scheduling-1] c.d.e.service.SincronizacaoService       : Lendo VW_ECOMMERCE_PRECOS no banco de dados...
2026-09-02T17:41:00.106-03:00  INFO 22468 --- [ecommerce] [scheduling-1] c.d.e.service.SincronizacaoService       : Ciclo finalizado. Total de atualizações enviadas: 0
2026-09-02T17:41:00.106-03:00  INFO 22468 --- [ecommerce] [scheduling-1] c.d.e.s.SincronizacaoEstoqueService      : [ESTOQUE] Lendo VW_ECOMMERCE_ESTOQUE no banco de dados...
2026-09-02T17:41:00.135-03:00  INFO 22468 --- [ecommerce] [scheduling-1] c.d.e.s.SincronizacaoEstoqueService      : [ESTOQUE] Ciclo finalizado. Total de atualizações enviadas: 0
2026-09-02T17:42:00.000-03:00  INFO 22468 --- [ecommerce] [scheduling-1] c.d.e.s.SincronizacaoEstoqueService      : [ESTOQUE] Lendo VW_ECOMMERCE_ESTOQUE no banco de dados...
2026-09-02T17:42:00.088-03:00  INFO 22468 --- [ecommerce] [scheduling-1] c.d.e.s.SincronizacaoEstoqueService      : [ESTOQUE] Ciclo finalizado. Total de atualizações enviadas: 0
2026-09-02T17:42:00.089-03:00  INFO 22468 --- [ecommerce] [scheduling-1] c.d.e.service.SincronizacaoService       : Lendo VW_ECOMMERCE_PRECOS no banco de dados...
2026-09-02T17:42:00.411-03:00  INFO 22468 --- [ecommerce] [scheduling-1] c.d.e.service.SincronizacaoService       : Ciclo finalizado. Total de atualizações enviadas: 0
2026-09-02T17:42:59.999-03:00  INFO 22468 --- [ecommerce] [scheduling-1] c.d.e.s.SincronizacaoEstoqueService      : [ESTOQUE] Lendo VW_ECOMMERCE_ESTOQUE no banco de dados...
2026-09-02T17:43:00.076-03:00  INFO 22468 --- [ecommerce] [scheduling-1] c.d.e.s.SincronizacaoEstoqueService      : [ESTOQUE] Ciclo finalizado. Total de atualizações enviadas: 0
2026-09-02T17:43:00.076-03:00  INFO 22468 --- [ecommerce] [scheduling-1] c.d.e.service.SincronizacaoService       : Lendo VW_ECOMMERCE_PRECOS no banco de dados...
2026-09-02T17:43:00.288-03:00  INFO 22468 --- [ecommerce] [scheduling-1] c.d.e.service.SincronizacaoService       : Ciclo finalizado. Total de atualizações enviadas: 0
2026-09-02T17:44:00.001-03:00  INFO 22468 --- [ecommerce] [scheduling-1] c.d.e.s.SincronizacaoEstoqueService      : [ESTOQUE] Lendo VW_ECOMMERCE_ESTOQUE no banco de dados...
2026-09-02T17:44:00.111-03:00  INFO 22468 --- [ecommerce] [scheduling-1] c.d.e.s.SincronizacaoEstoqueService      : [ESTOQUE] Ciclo finalizado. Total de atualizações enviadas: 0
2026-09-02T17:44:00.112-03:00  INFO 22468 --- [ecommerce] [scheduling-1] c.d.e.service.SincronizacaoService       : Lendo VW_ECOMMERCE_PRECOS no banco de dados...
2026-09-02T17:44:00.313-03:00  INFO 22468 --- [ecommerce] [scheduling-1] c.d.e.service.SincronizacaoService       : Ciclo finalizado. Total de atualizações enviadas: 0
2026-09-02T17:44:59.999-03:00  INFO 22468 --- [ecommerce] [scheduling-1] c.d.e.s.SincronizacaoEstoqueService      : [ESTOQUE] Lendo VW_ECOMMERCE_ESTOQUE no banco de dados...
2026-09-02T17:45:00.062-03:00  INFO 22468 --- [ecommerce] [scheduling-1] c.d.e.s.SincronizacaoEstoqueService      : [ESTOQUE] Ciclo finalizado. Total de atualizações enviadas: 0
2026-09-02T17:45:00.062-03:00  INFO 22468 --- [ecommerce] [scheduling-1] c.d.e.service.SincronizacaoService       : Lendo VW_ECOMMERCE_PRECOS no banco de dados...
2026-09-02T17:45:00.207-03:00  INFO 22468 --- [ecommerce] [scheduling-1] c.d.e.service.SincronizacaoService       : Ciclo finalizado. Total de atualizações enviadas: 0
2026-09-02T17:46:00.001-03:00  INFO 22468 --- [ecommerce] [scheduling-1] c.d.e.s.SincronizacaoEstoqueService      : [ESTOQUE] Lendo VW_ECOMMERCE_ESTOQUE no banco de dados...
2026-09-02T17:46:00.064-03:00  INFO 22468 --- [ecommerce] [scheduling-1] c.d.e.s.SincronizacaoEstoqueService      : [ESTOQUE] Ciclo finalizado. Total de atualizações enviadas: 0
2026-09-02T17:46:00.065-03:00  INFO 22468 --- [ecommerce] [scheduling-1] c.d.e.service.SincronizacaoService       : Lendo VW_ECOMMERCE_PRECOS no banco de dados...
2026-09-02T17:46:00.116-03:00  INFO 22468 --- [ecommerce] [scheduling-1] c.d.e.service.SincronizacaoService       : Ciclo finalizado. Total de atualizações enviadas: 0
2026-09-02T17:47:00.000-03:00  INFO 22468 --- [ecommerce] [scheduling-1] c.d.e.service.SincronizacaoService       : Lendo VW_ECOMMERCE_PRECOS no banco de dados...
2026-09-02T17:47:00.109-03:00  INFO 22468 --- [ecommerce] [scheduling-1] c.d.e.service.SincronizacaoService       : Ciclo finalizado. Total de atualizações enviadas: 0
2026-09-02T17:47:00.109-03:00  INFO 22468 --- [ecommerce] [scheduling-1] c.d.e.s.SincronizacaoEstoqueService      : [ESTOQUE] Lendo VW_ECOMMERCE_ESTOQUE no banco de dados...
2026-09-02T17:47:00.128-03:00  INFO 22468 --- [ecommerce] [scheduling-1] c.d.e.s.SincronizacaoEstoqueService      : [ESTOQUE] Ciclo finalizado. Total de atualizações enviadas: 0
2026-09-02T17:48:00.001-03:00  INFO 22468 --- [ecommerce] [scheduling-1] c.d.e.s.SincronizacaoEstoqueService      : [ESTOQUE] Lendo VW_ECOMMERCE_ESTOQUE no banco de dados...
2026-09-02T17:48:00.059-03:00  INFO 22468 --- [ecommerce] [scheduling-1] c.d.e.s.SincronizacaoEstoqueService      : [ESTOQUE] Ciclo finalizado. Total de atualizações enviadas: 0
2026-09-02T17:48:00.060-03:00  INFO 22468 --- [ecommerce] [scheduling-1] c.d.e.service.SincronizacaoService       : Lendo VW_ECOMMERCE_PRECOS no banco de dados...
2026-09-02T17:48:00.148-03:00  INFO 22468 --- [ecommerce] [scheduling-1] c.d.e.service.SincronizacaoService       : Ciclo finalizado. Total de atualizações enviadas: 0
2026-09-02T17:49:00.000-03:00  INFO 22468 --- [ecommerce] [scheduling-1] c.d.e.s.SincronizacaoEstoqueService      : [ESTOQUE] Lendo VW_ECOMMERCE_ESTOQUE no banco de dados...
2026-09-02T17:49:00.031-03:00  INFO 22468 --- [ecommerce] [scheduling-1] c.d.e.s.SincronizacaoEstoqueService      : [ESTOQUE] Ciclo finalizado. Total de atualizações enviadas: 0
2026-09-02T17:49:00.031-03:00  INFO 22468 --- [ecommerce] [scheduling-1] c.d.e.service.SincronizacaoService       : Lendo VW_ECOMMERCE_PRECOS no banco de dados...
2026-09-02T17:49:00.105-03:00  INFO 22468 --- [ecommerce] [scheduling-1] c.d.e.service.SincronizacaoService       : Ciclo finalizado. Total de atualizações enviadas: 0
2026-09-02T17:50:00.000-03:00  INFO 22468 --- [ecommerce] [scheduling-1] c.d.e.service.SincronizacaoService       : Lendo VW_ECOMMERCE_PRECOS no banco de dados...
2026-09-02T17:50:00.101-03:00  INFO 22468 --- [ecommerce] [scheduling-1] c.d.e.service.SincronizacaoService       : Ciclo finalizado. Total de atualizações enviadas: 0
2026-09-02T17:50:00.101-03:00  INFO 22468 --- [ecommerce] [scheduling-1] c.d.e.s.SincronizacaoEstoqueService      : [ESTOQUE] Lendo VW_ECOMMERCE_ESTOQUE no banco de dados...
2026-09-02T17:50:00.126-03:00  INFO 22468 --- [ecommerce] [scheduling-1] c.d.e.s.SincronizacaoEstoqueService      : [ESTOQUE] Ciclo finalizado. Total de atualizações enviadas: 0
2026-09-02T17:51:00.000-03:00  INFO 22468 --- [ecommerce] [scheduling-1] c.d.e.service.SincronizacaoService       : Lendo VW_ECOMMERCE_PRECOS no banco de dados...
2026-09-02T17:51:00.057-03:00  INFO 22468 --- [ecommerce] [scheduling-1] c.d.e.service.SincronizacaoService       : Ciclo finalizado. Total de atualizações enviadas: 0
2026-09-02T17:51:00.057-03:00  INFO 22468 --- [ecommerce] [scheduling-1] c.d.e.s.SincronizacaoEstoqueService      : [ESTOQUE] Lendo VW_ECOMMERCE_ESTOQUE no banco de dados...
2026-09-02T17:51:00.090-03:00  INFO 22468 --- [ecommerce] [scheduling-1] c.d.e.s.SincronizacaoEstoqueService      : [ESTOQUE] Ciclo finalizado. Total de atualizações enviadas: 0
2026-09-02T17:52:00.000-03:00  INFO 22468 --- [ecommerce] [scheduling-1] c.d.e.s.SincronizacaoEstoqueService      : [ESTOQUE] Lendo VW_ECOMMERCE_ESTOQUE no banco de dados...
2026-09-02T17:52:00.084-03:00  INFO 22468 --- [ecommerce] [scheduling-1] c.d.e.s.SincronizacaoEstoqueService      : [ESTOQUE] Ciclo finalizado. Total de atualizações enviadas: 0
2026-09-02T17:52:00.084-03:00  INFO 22468 --- [ecommerce] [scheduling-1] c.d.e.service.SincronizacaoService       : Lendo VW_ECOMMERCE_PRECOS no banco de dados...
2026-09-02T17:52:00.325-03:00  INFO 22468 --- [ecommerce] [scheduling-1] c.d.e.service.SincronizacaoService       : Ciclo finalizado. Total de atualizações enviadas: 0
2026-09-02T17:53:00.000-03:00  INFO 22468 --- [ecommerce] [scheduling-1] c.d.e.s.SincronizacaoEstoqueService      : [ESTOQUE] Lendo VW_ECOMMERCE_ESTOQUE no banco de dados...
2026-09-02T17:53:00.090-03:00  INFO 22468 --- [ecommerce] [scheduling-1] c.d.e.s.SincronizacaoEstoqueService      : [ESTOQUE] Ciclo finalizado. Total de atualizações enviadas: 0
2026-09-02T17:53:00.090-03:00  INFO 22468 --- [ecommerce] [scheduling-1] c.d.e.service.SincronizacaoService       : Lendo VW_ECOMMERCE_PRECOS no banco de dados...
2026-09-02T17:53:00.134-03:00  INFO 22468 --- [ecommerce] [scheduling-1] c.d.e.service.SincronizacaoService       : Ciclo finalizado. Total de atualizações enviadas: 0
2026-09-02T17:54:00.001-03:00  INFO 22468 --- [ecommerce] [scheduling-1] c.d.e.s.SincronizacaoEstoqueService      : [ESTOQUE] Lendo VW_ECOMMERCE_ESTOQUE no banco de dados...
2026-09-02T17:54:00.099-03:00  INFO 22468 --- [ecommerce] [scheduling-1] c.d.e.s.SincronizacaoEstoqueService      : [ESTOQUE] Ciclo finalizado. Total de atualizações enviadas: 0
2026-09-02T17:54:00.100-03:00  INFO 22468 --- [ecommerce] [scheduling-1] c.d.e.service.SincronizacaoService       : Lendo VW_ECOMMERCE_PRECOS no banco de dados...
2026-09-02T17:54:00.208-03:00  INFO 22468 --- [ecommerce] [scheduling-1] c.d.e.service.SincronizacaoService       : Ciclo finalizado. Total de atualizações enviadas: 0
2026-09-02T17:54:59.999-03:00  INFO 22468 --- [ecommerce] [scheduling-1] c.d.e.s.SincronizacaoEstoqueService      : [ESTOQUE] Lendo VW_ECOMMERCE_ESTOQUE no banco de dados...
2026-09-02T17:55:00.104-03:00  INFO 22468 --- [ecommerce] [scheduling-1] c.d.e.s.SincronizacaoEstoqueService      : [ESTOQUE] Ciclo finalizado. Total de atualizações enviadas: 0
2026-09-02T17:55:00.105-03:00  INFO 22468 --- [ecommerce] [scheduling-1] c.d.e.service.SincronizacaoService       : Lendo VW_ECOMMERCE_PRECOS no banco de dados...
2026-09-02T17:55:00.190-03:00  INFO 22468 --- [ecommerce] [scheduling-1] c.d.e.service.SincronizacaoService       : Ciclo finalizado. Total de atualizações enviadas: 0
2026-09-02T17:56:00.001-03:00  INFO 22468 --- [ecommerce] [scheduling-1] c.d.e.s.SincronizacaoEstoqueService      : [ESTOQUE] Lendo VW_ECOMMERCE_ESTOQUE no banco de dados...
2026-09-02T17:56:00.116-03:00  INFO 22468 --- [ecommerce] [scheduling-1] c.d.e.s.SincronizacaoEstoqueService      : [ESTOQUE] Ciclo finalizado. Total de atualizações enviadas: 0
2026-09-02T17:56:00.116-03:00  INFO 22468 --- [ecommerce] [scheduling-1] c.d.e.service.SincronizacaoService       : Lendo VW_ECOMMERCE_PRECOS no banco de dados...
2026-09-02T17:56:00.462-03:00  INFO 22468 --- [ecommerce] [scheduling-1] c.d.e.service.SincronizacaoService       : Ciclo finalizado. Total de atualizações enviadas: 0
2026-09-02T17:57:00.001-03:00  INFO 22468 --- [ecommerce] [scheduling-1] c.d.e.service.SincronizacaoService       : Lendo VW_ECOMMERCE_PRECOS no banco de dados...
2026-09-02T17:57:00.092-03:00  INFO 22468 --- [ecommerce] [scheduling-1] c.d.e.service.SincronizacaoService       : Ciclo finalizado. Total de atualizações enviadas: 0
2026-09-02T17:57:00.092-03:00  INFO 22468 --- [ecommerce] [scheduling-1] c.d.e.s.SincronizacaoEstoqueService      : [ESTOQUE] Lendo VW_ECOMMERCE_ESTOQUE no banco de dados...
2026-09-02T17:57:00.121-03:00  INFO 22468 --- [ecommerce] [scheduling-1] c.d.e.s.SincronizacaoEstoqueService      : [ESTOQUE] Ciclo finalizado. Total de atualizações enviadas: 0
2026-09-02T17:58:00.000-03:00  INFO 22468 --- [ecommerce] [scheduling-1] c.d.e.s.SincronizacaoEstoqueService      : [ESTOQUE] Lendo VW_ECOMMERCE_ESTOQUE no banco de dados...
2026-09-02T17:58:00.048-03:00  INFO 22468 --- [ecommerce] [scheduling-1] c.d.e.s.SincronizacaoEstoqueService      : [ESTOQUE] Ciclo finalizado. Total de atualizações enviadas: 0
2026-09-02T17:58:00.049-03:00  INFO 22468 --- [ecommerce] [scheduling-1] c.d.e.service.SincronizacaoService       : Lendo VW_ECOMMERCE_PRECOS no banco de dados...
2026-09-02T17:58:00.095-03:00  INFO 22468 --- [ecommerce] [scheduling-1] c.d.e.service.SincronizacaoService       : Ciclo finalizado. Total de atualizações enviadas: 0
2026-09-02T17:59:00.000-03:00  INFO 22468 --- [ecommerce] [scheduling-1] c.d.e.s.SincronizacaoEstoqueService      : [ESTOQUE] Lendo VW_ECOMMERCE_ESTOQUE no banco de dados...
2026-09-02T17:59:00.052-03:00  INFO 22468 --- [ecommerce] [scheduling-1] c.d.e.s.SincronizacaoEstoqueService      : [ESTOQUE] Ciclo finalizado. Total de atualizações enviadas: 0
2026-09-02T17:59:00.053-03:00  INFO 22468 --- [ecommerce] [scheduling-1] c.d.e.service.SincronizacaoService       : Lendo VW_ECOMMERCE_PRECOS no banco de dados...
2026-09-02T17:59:00.283-03:00  INFO 22468 --- [ecommerce] [scheduling-1] c.d.e.service.SincronizacaoService       : Ciclo finalizado. Total de atualizações enviadas: 0
2026-09-02T17:59:59.999-03:00  INFO 22468 --- [ecommerce] [scheduling-1] c.d.e.s.SincronizacaoEstoqueService      : [ESTOQUE] Lendo VW_ECOMMERCE_ESTOQUE no banco de dados...
2026-09-02T18:00:00.049-03:00  INFO 22468 --- [ecommerce] [scheduling-1] c.d.e.s.SincronizacaoEstoqueService      : [ESTOQUE] Ciclo finalizado. Total de atualizações enviadas: 0
2026-09-02T18:00:00.051-03:00  INFO 22468 --- [ecommerce] [scheduling-1] c.d.e.service.SincronizacaoService       : Lendo VW_ECOMMERCE_PRECOS no banco de dados...
2026-09-02T18:00:00.096-03:00  INFO 22468 --- [ecommerce] [scheduling-1] c.d.e.service.SincronizacaoService       : Ciclo finalizado. Total de atualizações enviadas: 0
2026-09-02T18:01:00.001-03:00  INFO 22468 --- [ecommerce] [scheduling-1] c.d.e.service.SincronizacaoService       : Lendo VW_ECOMMERCE_PRECOS no banco de dados...
2026-09-02T18:01:00.081-03:00  INFO 22468 --- [ecommerce] [scheduling-1] c.d.e.service.SincronizacaoService       : Ciclo finalizado. Total de atualizações enviadas: 0
2026-09-02T18:01:00.082-03:00  INFO 22468 --- [ecommerce] [scheduling-1] c.d.e.s.SincronizacaoEstoqueService      : [ESTOQUE] Lendo VW_ECOMMERCE_ESTOQUE no banco de dados...
2026-09-02T18:01:00.103-03:00  INFO 22468 --- [ecommerce] [scheduling-1] c.d.e.s.SincronizacaoEstoqueService      : [ESTOQUE] Ciclo finalizado. Total de atualizações enviadas: 0
2026-09-02T18:02:00.000-03:00  INFO 22468 --- [ecommerce] [scheduling-1] c.d.e.s.SincronizacaoEstoqueService      : [ESTOQUE] Lendo VW_ECOMMERCE_ESTOQUE no banco de dados...
2026-09-02T18:02:00.100-03:00  INFO 22468 --- [ecommerce] [scheduling-1] c.d.e.s.SincronizacaoEstoqueService      : [ESTOQUE] Ciclo finalizado. Total de atualizações enviadas: 0
2026-09-02T18:02:00.100-03:00  INFO 22468 --- [ecommerce] [scheduling-1] c.d.e.service.SincronizacaoService       : Lendo VW_ECOMMERCE_PRECOS no banco de dados...
2026-09-02T18:02:00.172-03:00  INFO 22468 --- [ecommerce] [scheduling-1] c.d.e.service.SincronizacaoService       : Ciclo finalizado. Total de atualizações enviadas: 0
2026-09-02T18:03:00.000-03:00  INFO 22468 --- [ecommerce] [scheduling-1] c.d.e.service.SincronizacaoService       : Lendo VW_ECOMMERCE_PRECOS no banco de dados...
2026-09-02T18:03:00.156-03:00  INFO 22468 --- [ecommerce] [scheduling-1] c.d.e.service.SincronizacaoService       : Ciclo finalizado. Total de atualizações enviadas: 0
2026-09-02T18:03:00.157-03:00  INFO 22468 --- [ecommerce] [scheduling-1] c.d.e.s.SincronizacaoEstoqueService      : [ESTOQUE] Lendo VW_ECOMMERCE_ESTOQUE no banco de dados...
2026-09-02T18:03:00.200-03:00  INFO 22468 --- [ecommerce] [scheduling-1] c.d.e.s.SincronizacaoEstoqueService      : [ESTOQUE] Ciclo finalizado. Total de atualizações enviadas: 0
2026-09-02T18:04:00.001-03:00  INFO 22468 --- [ecommerce] [scheduling-1] c.d.e.service.SincronizacaoService       : Lendo VW_ECOMMERCE_PRECOS no banco de dados...
2026-09-02T18:04:00.225-03:00  INFO 22468 --- [ecommerce] [scheduling-1] c.d.e.service.SincronizacaoService       : Ciclo finalizado. Total de atualizações enviadas: 0
2026-09-02T18:04:00.226-03:00  INFO 22468 --- [ecommerce] [scheduling-1] c.d.e.s.SincronizacaoEstoqueService      : [ESTOQUE] Lendo VW_ECOMMERCE_ESTOQUE no banco de dados...
2026-09-02T18:04:00.258-03:00  INFO 22468 --- [ecommerce] [scheduling-1] c.d.e.s.SincronizacaoEstoqueService      : [ESTOQUE] Ciclo finalizado. Total de atualizações enviadas: 0
2026-09-02T18:05:00.000-03:00  INFO 22468 --- [ecommerce] [scheduling-1] c.d.e.service.SincronizacaoService       : Lendo VW_ECOMMERCE_PRECOS no banco de dados...
2026-09-02T18:05:00.125-03:00  INFO 22468 --- [ecommerce] [scheduling-1] c.d.e.service.SincronizacaoService       : Ciclo finalizado. Total de atualizações enviadas: 0
2026-09-02T18:05:00.125-03:00  INFO 22468 --- [ecommerce] [scheduling-1] c.d.e.s.SincronizacaoEstoqueService      : [ESTOQUE] Lendo VW_ECOMMERCE_ESTOQUE no banco de dados...
2026-09-02T18:05:00.146-03:00  INFO 22468 --- [ecommerce] [scheduling-1] c.d.e.s.SincronizacaoEstoqueService      : [ESTOQUE] Ciclo finalizado. Total de atualizações enviadas: 0
2026-09-02T18:05:59.999-03:00  INFO 22468 --- [ecommerce] [scheduling-1] c.d.e.s.SincronizacaoEstoqueService      : [ESTOQUE] Lendo VW_ECOMMERCE_ESTOQUE no banco de dados...
2026-09-02T18:06:00.090-03:00  INFO 22468 --- [ecommerce] [scheduling-1] c.d.e.s.SincronizacaoEstoqueService      : [ESTOQUE] Ciclo finalizado. Total de atualizações enviadas: 0
2026-09-02T18:06:00.091-03:00  INFO 22468 --- [ecommerce] [scheduling-1] c.d.e.service.SincronizacaoService       : Lendo VW_ECOMMERCE_PRECOS no banco de dados...
2026-09-02T18:06:00.148-03:00  INFO 22468 --- [ecommerce] [scheduling-1] c.d.e.service.SincronizacaoService       : Ciclo finalizado. Total de atualizações enviadas: 0
2026-09-02T18:07:00.000-03:00  INFO 22468 --- [ecommerce] [scheduling-1] c.d.e.service.SincronizacaoService       : Lendo VW_ECOMMERCE_PRECOS no banco de dados...
2026-09-02T18:07:00.151-03:00  INFO 22468 --- [ecommerce] [scheduling-1] c.d.e.service.SincronizacaoService       : Ciclo finalizado. Total de atualizações enviadas: 0
2026-09-02T18:07:00.152-03:00  INFO 22468 --- [ecommerce] [scheduling-1] c.d.e.s.SincronizacaoEstoqueService      : [ESTOQUE] Lendo VW_ECOMMERCE_ESTOQUE no banco de dados...
2026-09-02T18:07:00.194-03:00  INFO 22468 --- [ecommerce] [scheduling-1] c.d.e.s.SincronizacaoEstoqueService      : [ESTOQUE] Ciclo finalizado. Total de atualizações enviadas: 0
2026-09-02T18:07:59.999-03:00  INFO 22468 --- [ecommerce] [scheduling-1] c.d.e.service.SincronizacaoService       : Lendo VW_ECOMMERCE_PRECOS no banco de dados...
2026-09-02T18:08:00.188-03:00  INFO 22468 --- [ecommerce] [scheduling-1] c.d.e.service.SincronizacaoService       : Ciclo finalizado. Total de atualizações enviadas: 0
2026-09-02T18:08:00.189-03:00  INFO 22468 --- [ecommerce] [scheduling-1] c.d.e.s.SincronizacaoEstoqueService      : [ESTOQUE] Lendo VW_ECOMMERCE_ESTOQUE no banco de dados...
2026-09-02T18:08:00.223-03:00  INFO 22468 --- [ecommerce] [scheduling-1] c.d.e.s.SincronizacaoEstoqueService      : [ESTOQUE] Ciclo finalizado. Total de atualizações enviadas: 0
2026-09-02T18:09:00.001-03:00  INFO 22468 --- [ecommerce] [scheduling-1] c.d.e.service.SincronizacaoService       : Lendo VW_ECOMMERCE_PRECOS no banco de dados...
2026-09-02T18:09:00.164-03:00  INFO 22468 --- [ecommerce] [scheduling-1] c.d.e.service.SincronizacaoService       : Ciclo finalizado. Total de atualizações enviadas: 0
2026-09-02T18:09:00.164-03:00  INFO 22468 --- [ecommerce] [scheduling-1] c.d.e.s.SincronizacaoEstoqueService      : [ESTOQUE] Lendo VW_ECOMMERCE_ESTOQUE no banco de dados...
2026-09-02T18:09:00.198-03:00  INFO 22468 --- [ecommerce] [scheduling-1] c.d.e.s.SincronizacaoEstoqueService      : [ESTOQUE] Ciclo finalizado. Total de atualizações enviadas: 0
2026-09-02T18:10:00.000-03:00  INFO 22468 --- [ecommerce] [scheduling-1] c.d.e.s.SincronizacaoEstoqueService      : [ESTOQUE] Lendo VW_ECOMMERCE_ESTOQUE no banco de dados...
2026-09-02T18:10:00.070-03:00  INFO 22468 --- [ecommerce] [scheduling-1] c.d.e.s.SincronizacaoEstoqueService      : [ESTOQUE] Ciclo finalizado. Total de atualizações enviadas: 0
2026-09-02T18:10:00.070-03:00  INFO 22468 --- [ecommerce] [scheduling-1] c.d.e.service.SincronizacaoService       : Lendo VW_ECOMMERCE_PRECOS no banco de dados...
2026-09-02T18:10:00.125-03:00  INFO 22468 --- [ecommerce] [scheduling-1] c.d.e.service.SincronizacaoService       : Ciclo finalizado. Total de atualizações enviadas: 0
2026-09-02T18:11:00.001-03:00  INFO 22468 --- [ecommerce] [scheduling-1] c.d.e.s.SincronizacaoEstoqueService      : [ESTOQUE] Lendo VW_ECOMMERCE_ESTOQUE no banco de dados...
2026-09-02T18:11:00.101-03:00  INFO 22468 --- [ecommerce] [scheduling-1] c.d.e.s.SincronizacaoEstoqueService      : [ESTOQUE] Ciclo finalizado. Total de atualizações enviadas: 0
2026-09-02T18:11:00.101-03:00  INFO 22468 --- [ecommerce] [scheduling-1] c.d.e.service.SincronizacaoService       : Lendo VW_ECOMMERCE_PRECOS no banco de dados...
2026-09-02T18:11:00.177-03:00  INFO 22468 --- [ecommerce] [scheduling-1] c.d.e.service.SincronizacaoService       : Ciclo finalizado. Total de atualizações enviadas: 0
2026-09-02T18:12:00.000-03:00  INFO 22468 --- [ecommerce] [scheduling-1] c.d.e.service.SincronizacaoService       : Lendo VW_ECOMMERCE_PRECOS no banco de dados...
2026-09-02T18:12:00.188-03:00  INFO 22468 --- [ecommerce] [scheduling-1] c.d.e.service.SincronizacaoService       : Ciclo finalizado. Total de atualizações enviadas: 0
2026-09-02T18:12:00.189-03:00  INFO 22468 --- [ecommerce] [scheduling-1] c.d.e.s.SincronizacaoEstoqueService      : [ESTOQUE] Lendo VW_ECOMMERCE_ESTOQUE no banco de dados...
2026-09-02T18:12:00.239-03:00  INFO 22468 --- [ecommerce] [scheduling-1] c.d.e.s.SincronizacaoEstoqueService      : [ESTOQUE] Ciclo finalizado. Total de atualizações enviadas: 0
2026-09-02T18:13:00.000-03:00  INFO 22468 --- [ecommerce] [scheduling-1] c.d.e.service.SincronizacaoService       : Lendo VW_ECOMMERCE_PRECOS no banco de dados...
2026-09-02T18:13:00.350-03:00  INFO 22468 --- [ecommerce] [scheduling-1] c.d.e.service.SincronizacaoService       : Ciclo finalizado. Total de atualizações enviadas: 0
2026-09-02T18:13:00.350-03:00  INFO 22468 --- [ecommerce] [scheduling-1] c.d.e.s.SincronizacaoEstoqueService      : [ESTOQUE] Lendo VW_ECOMMERCE_ESTOQUE no banco de dados...
2026-09-02T18:13:00.421-03:00  INFO 22468 --- [ecommerce] [scheduling-1] c.d.e.s.SincronizacaoEstoqueService      : [ESTOQUE] Ciclo finalizado. Total de atualizações enviadas: 0
2026-09-02T18:14:00.000-03:00  INFO 22468 --- [ecommerce] [scheduling-1] c.d.e.s.SincronizacaoEstoqueService      : [ESTOQUE] Lendo VW_ECOMMERCE_ESTOQUE no banco de dados...
2026-09-02T18:14:00.089-03:00  INFO 22468 --- [ecommerce] [scheduling-1] c.d.e.s.SincronizacaoEstoqueService      : [ESTOQUE] Ciclo finalizado. Total de atualizações enviadas: 0
2026-09-02T18:14:00.089-03:00  INFO 22468 --- [ecommerce] [scheduling-1] c.d.e.service.SincronizacaoService       : Lendo VW_ECOMMERCE_PRECOS no banco de dados...
2026-09-02T18:14:00.185-03:00  INFO 22468 --- [ecommerce] [scheduling-1] c.d.e.service.SincronizacaoService       : Ciclo finalizado. Total de atualizações enviadas: 0
2026-09-02T18:15:00.000-03:00  INFO 22468 --- [ecommerce] [scheduling-1] c.d.e.service.SincronizacaoService       : Lendo VW_ECOMMERCE_PRECOS no banco de dados...
2026-09-02T18:15:00.098-03:00  INFO 22468 --- [ecommerce] [scheduling-1] c.d.e.service.SincronizacaoService       : Ciclo finalizado. Total de atualizações enviadas: 0
2026-09-02T18:15:00.098-03:00  INFO 22468 --- [ecommerce] [scheduling-1] c.d.e.s.SincronizacaoEstoqueService      : [ESTOQUE] Lendo VW_ECOMMERCE_ESTOQUE no banco de dados...
2026-09-02T18:15:00.119-03:00  INFO 22468 --- [ecommerce] [scheduling-1] c.d.e.s.SincronizacaoEstoqueService      : [ESTOQUE] Ciclo finalizado. Total de atualizações enviadas: 0
2026-09-02T18:16:00.000-03:00  INFO 22468 --- [ecommerce] [scheduling-1] c.d.e.s.SincronizacaoEstoqueService      : [ESTOQUE] Lendo VW_ECOMMERCE_ESTOQUE no banco de dados...
2026-09-02T18:16:00.077-03:00  INFO 22468 --- [ecommerce] [scheduling-1] c.d.e.s.SincronizacaoEstoqueService      : [ESTOQUE] Ciclo finalizado. Total de atualizações enviadas: 0
2026-09-02T18:16:00.077-03:00  INFO 22468 --- [ecommerce] [scheduling-1] c.d.e.service.SincronizacaoService       : Lendo VW_ECOMMERCE_PRECOS no banco de dados...
2026-09-02T18:16:00.307-03:00  INFO 22468 --- [ecommerce] [scheduling-1] c.d.e.service.SincronizacaoService       : Ciclo finalizado. Total de atualizações enviadas: 0
2026-09-02T18:17:00.000-03:00  INFO 22468 --- [ecommerce] [scheduling-1] c.d.e.service.SincronizacaoService       : Lendo VW_ECOMMERCE_PRECOS no banco de dados...
2026-09-02T18:17:00.295-03:00  INFO 22468 --- [ecommerce] [scheduling-1] c.d.e.service.SincronizacaoService       : Ciclo finalizado. Total de atualizações enviadas: 0
2026-09-02T18:17:00.295-03:00  INFO 22468 --- [ecommerce] [scheduling-1] c.d.e.s.SincronizacaoEstoqueService      : [ESTOQUE] Lendo VW_ECOMMERCE_ESTOQUE no banco de dados...
2026-09-02T18:17:00.481-03:00  INFO 22468 --- [ecommerce] [scheduling-1] c.d.e.s.SincronizacaoEstoqueService      : [ESTOQUE] Ciclo finalizado. Total de atualizações enviadas: 0
2026-09-02T18:18:00.000-03:00  INFO 22468 --- [ecommerce] [scheduling-1] c.d.e.service.SincronizacaoService       : Lendo VW_ECOMMERCE_PRECOS no banco de dados...
2026-09-02T18:18:00.133-03:00  INFO 22468 --- [ecommerce] [scheduling-1] c.d.e.service.SincronizacaoService       : Ciclo finalizado. Total de atualizações enviadas: 0
2026-09-02T18:18:00.133-03:00  INFO 22468 --- [ecommerce] [scheduling-1] c.d.e.s.SincronizacaoEstoqueService      : [ESTOQUE] Lendo VW_ECOMMERCE_ESTOQUE no banco de dados...
2026-09-02T18:18:00.154-03:00  INFO 22468 --- [ecommerce] [scheduling-1] c.d.e.s.SincronizacaoEstoqueService      : [ESTOQUE] Ciclo finalizado. Total de atualizações enviadas: 0
2026-09-02T18:19:00.002-03:00  INFO 22468 --- [ecommerce] [scheduling-1] c.d.e.s.SincronizacaoEstoqueService      : [ESTOQUE] Lendo VW_ECOMMERCE_ESTOQUE no banco de dados...
2026-09-02T18:19:00.038-03:00  INFO 22468 --- [ecommerce] [scheduling-1] c.d.e.s.SincronizacaoEstoqueService      : [ESTOQUE] Ciclo finalizado. Total de atualizações enviadas: 0
2026-09-02T18:19:00.038-03:00  INFO 22468 --- [ecommerce] [scheduling-1] c.d.e.service.SincronizacaoService       : Lendo VW_ECOMMERCE_PRECOS no banco de dados...
2026-09-02T18:19:00.117-03:00  INFO 22468 --- [ecommerce] [scheduling-1] c.d.e.service.SincronizacaoService       : Ciclo finalizado. Total de atualizações enviadas: 0
2026-09-02T18:20:00.000-03:00  INFO 22468 --- [ecommerce] [scheduling-1] c.d.e.service.SincronizacaoService       : Lendo VW_ECOMMERCE_PRECOS no banco de dados...
2026-09-02T18:20:00.084-03:00  INFO 22468 --- [ecommerce] [scheduling-1] c.d.e.service.SincronizacaoService       : Ciclo finalizado. Total de atualizações enviadas: 0
2026-09-02T18:20:00.084-03:00  INFO 22468 --- [ecommerce] [scheduling-1] c.d.e.s.SincronizacaoEstoqueService      : [ESTOQUE] Lendo VW_ECOMMERCE_ESTOQUE no banco de dados...
2026-09-02T18:20:00.121-03:00  INFO 22468 --- [ecommerce] [scheduling-1] c.d.e.s.SincronizacaoEstoqueService      : [ESTOQUE] Ciclo finalizado. Total de atualizações enviadas: 0
2026-09-02T18:21:00.000-03:00  INFO 22468 --- [ecommerce] [scheduling-1] c.d.e.service.SincronizacaoService       : Lendo VW_ECOMMERCE_PRECOS no banco de dados...
2026-09-02T18:21:00.112-03:00  INFO 22468 --- [ecommerce] [scheduling-1] c.d.e.service.SincronizacaoService       : Ciclo finalizado. Total de atualizações enviadas: 0
2026-09-02T18:21:00.112-03:00  INFO 22468 --- [ecommerce] [scheduling-1] c.d.e.s.SincronizacaoEstoqueService      : [ESTOQUE] Lendo VW_ECOMMERCE_ESTOQUE no banco de dados...
2026-09-02T18:21:00.138-03:00  INFO 22468 --- [ecommerce] [scheduling-1] c.d.e.s.SincronizacaoEstoqueService      : [ESTOQUE] Ciclo finalizado. Total de atualizações enviadas: 0
2026-09-02T18:22:00.000-03:00  INFO 22468 --- [ecommerce] [scheduling-1] c.d.e.s.SincronizacaoEstoqueService      : [ESTOQUE] Lendo VW_ECOMMERCE_ESTOQUE no banco de dados...
2026-09-02T18:22:00.054-03:00  INFO 22468 --- [ecommerce] [scheduling-1] c.d.e.s.SincronizacaoEstoqueService      : [ESTOQUE] Ciclo finalizado. Total de atualizações enviadas: 0
2026-09-02T18:22:00.055-03:00  INFO 22468 --- [ecommerce] [scheduling-1] c.d.e.service.SincronizacaoService       : Lendo VW_ECOMMERCE_PRECOS no banco de dados...
2026-09-02T18:22:00.102-03:00  INFO 22468 --- [ecommerce] [scheduling-1] c.d.e.service.SincronizacaoService       : Ciclo finalizado. Total de atualizações enviadas: 0
2026-09-02T18:22:59.999-03:00  INFO 22468 --- [ecommerce] [scheduling-1] c.d.e.s.SincronizacaoEstoqueService      : [ESTOQUE] Lendo VW_ECOMMERCE_ESTOQUE no banco de dados...
2026-09-02T18:23:00.044-03:00  INFO 22468 --- [ecommerce] [scheduling-1] c.d.e.s.SincronizacaoEstoqueService      : [ESTOQUE] Ciclo finalizado. Total de atualizações enviadas: 0
2026-09-02T18:23:00.044-03:00  INFO 22468 --- [ecommerce] [scheduling-1] c.d.e.service.SincronizacaoService       : Lendo VW_ECOMMERCE_PRECOS no banco de dados...
2026-09-02T18:23:00.145-03:00  INFO 22468 --- [ecommerce] [scheduling-1] c.d.e.service.SincronizacaoService       : Ciclo finalizado. Total de atualizações enviadas: 0
2026-09-02T18:23:59.999-03:00  INFO 22468 --- [ecommerce] [scheduling-1] c.d.e.service.SincronizacaoService       : Lendo VW_ECOMMERCE_PRECOS no banco de dados...
2026-09-02T18:24:00.217-03:00  INFO 22468 --- [ecommerce] [scheduling-1] c.d.e.service.SincronizacaoService       : Ciclo finalizado. Total de atualizações enviadas: 0
2026-09-02T18:24:00.218-03:00  INFO 22468 --- [ecommerce] [scheduling-1] c.d.e.s.SincronizacaoEstoqueService      : [ESTOQUE] Lendo VW_ECOMMERCE_ESTOQUE no banco de dados...
2026-09-02T18:24:00.266-03:00  INFO 22468 --- [ecommerce] [scheduling-1] c.d.e.s.SincronizacaoEstoqueService      : [ESTOQUE] Ciclo finalizado. Total de atualizações enviadas: 0
2026-09-02T18:25:00.000-03:00  INFO 22468 --- [ecommerce] [scheduling-1] c.d.e.service.SincronizacaoService       : Lendo VW_ECOMMERCE_PRECOS no banco de dados...
2026-09-02T18:25:00.057-03:00  INFO 22468 --- [ecommerce] [scheduling-1] c.d.e.service.SincronizacaoService       : Ciclo finalizado. Total de atualizações enviadas: 0
2026-09-02T18:25:00.057-03:00  INFO 22468 --- [ecommerce] [scheduling-1] c.d.e.s.SincronizacaoEstoqueService      : [ESTOQUE] Lendo VW_ECOMMERCE_ESTOQUE no banco de dados...
2026-09-02T18:25:00.092-03:00  INFO 22468 --- [ecommerce] [scheduling-1] c.d.e.s.SincronizacaoEstoqueService      : [ESTOQUE] Ciclo finalizado. Total de atualizações enviadas: 0
2026-09-02T18:26:00.000-03:00  INFO 22468 --- [ecommerce] [scheduling-1] c.d.e.s.SincronizacaoEstoqueService      : [ESTOQUE] Lendo VW_ECOMMERCE_ESTOQUE no banco de dados...
2026-09-02T18:26:00.091-03:00  INFO 22468 --- [ecommerce] [scheduling-1] c.d.e.s.SincronizacaoEstoqueService      : [ESTOQUE] Ciclo finalizado. Total de atualizações enviadas: 0
2026-09-02T18:26:00.092-03:00  INFO 22468 --- [ecommerce] [scheduling-1] c.d.e.service.SincronizacaoService       : Lendo VW_ECOMMERCE_PRECOS no banco de dados...
2026-09-02T18:26:00.146-03:00  INFO 22468 --- [ecommerce] [scheduling-1] c.d.e.service.SincronizacaoService       : Ciclo finalizado. Total de atualizações enviadas: 0
2026-09-02T18:27:00.000-03:00  INFO 22468 --- [ecommerce] [scheduling-1] c.d.e.service.SincronizacaoService       : Lendo VW_ECOMMERCE_PRECOS no banco de dados...
2026-09-02T18:27:00.052-03:00  INFO 22468 --- [ecommerce] [scheduling-1] c.d.e.service.SincronizacaoService       : Ciclo finalizado. Total de atualizações enviadas: 0
2026-09-02T18:27:00.053-03:00  INFO 22468 --- [ecommerce] [scheduling-1] c.d.e.s.SincronizacaoEstoqueService      : [ESTOQUE] Lendo VW_ECOMMERCE_ESTOQUE no banco de dados...
2026-09-02T18:27:00.084-03:00  INFO 22468 --- [ecommerce] [scheduling-1] c.d.e.s.SincronizacaoEstoqueService      : [ESTOQUE] Ciclo finalizado. Total de atualizações enviadas: 0
2026-09-02T18:28:00.000-03:00  INFO 22468 --- [ecommerce] [scheduling-1] c.d.e.s.SincronizacaoEstoqueService      : [ESTOQUE] Lendo VW_ECOMMERCE_ESTOQUE no banco de dados...
2026-09-02T18:28:00.096-03:00  INFO 22468 --- [ecommerce] [scheduling-1] c.d.e.s.SincronizacaoEstoqueService      : [ESTOQUE] Ciclo finalizado. Total de atualizações enviadas: 0
2026-09-02T18:28:00.096-03:00  INFO 22468 --- [ecommerce] [scheduling-1] c.d.e.service.SincronizacaoService       : Lendo VW_ECOMMERCE_PRECOS no banco de dados...
2026-09-02T18:28:00.287-03:00  INFO 22468 --- [ecommerce] [scheduling-1] c.d.e.service.SincronizacaoService       : Ciclo finalizado. Total de atualizações enviadas: 0
2026-09-02T18:29:00.000-03:00  INFO 22468 --- [ecommerce] [scheduling-1] c.d.e.service.SincronizacaoService       : Lendo VW_ECOMMERCE_PRECOS no banco de dados...
2026-09-02T18:29:00.150-03:00  INFO 22468 --- [ecommerce] [scheduling-1] c.d.e.service.SincronizacaoService       : Ciclo finalizado. Total de atualizações enviadas: 0
2026-09-02T18:29:00.150-03:00  INFO 22468 --- [ecommerce] [scheduling-1] c.d.e.s.SincronizacaoEstoqueService      : [ESTOQUE] Lendo VW_ECOMMERCE_ESTOQUE no banco de dados...
2026-09-02T18:29:00.175-03:00  INFO 22468 --- [ecommerce] [scheduling-1] c.d.e.s.SincronizacaoEstoqueService      : [ESTOQUE] Ciclo finalizado. Total de atualizações enviadas: 0
2026-09-02T18:30:00.000-03:00  INFO 22468 --- [ecommerce] [scheduling-1] c.d.e.service.SincronizacaoService       : Lendo VW_ECOMMERCE_PRECOS no banco de dados...
2026-09-02T18:30:00.051-03:00  INFO 22468 --- [ecommerce] [scheduling-1] c.d.e.service.SincronizacaoService       : Ciclo finalizado. Total de atualizações enviadas: 0
2026-09-02T18:30:00.051-03:00  INFO 22468 --- [ecommerce] [scheduling-1] c.d.e.s.SincronizacaoEstoqueService      : [ESTOQUE] Lendo VW_ECOMMERCE_ESTOQUE no banco de dados...
2026-09-02T18:30:00.084-03:00  INFO 22468 --- [ecommerce] [scheduling-1] c.d.e.s.SincronizacaoEstoqueService      : [ESTOQUE] Ciclo finalizado. Total de atualizações enviadas: 0
2026-09-02T18:30:59.999-03:00  INFO 22468 --- [ecommerce] [scheduling-1] c.d.e.service.SincronizacaoService       : Lendo VW_ECOMMERCE_PRECOS no banco de dados...
2026-09-02T18:31:00.100-03:00  INFO 22468 --- [ecommerce] [scheduling-1] c.d.e.service.SincronizacaoService       : Ciclo finalizado. Total de atualizações enviadas: 0
2026-09-02T18:31:00.100-03:00  INFO 22468 --- [ecommerce] [scheduling-1] c.d.e.s.SincronizacaoEstoqueService      : [ESTOQUE] Lendo VW_ECOMMERCE_ESTOQUE no banco de dados...
2026-09-02T18:31:00.124-03:00  INFO 22468 --- [ecommerce] [scheduling-1] c.d.e.s.SincronizacaoEstoqueService      : [ESTOQUE] Ciclo finalizado. Total de atualizações enviadas: 0
2026-09-02T18:32:00.000-03:00  INFO 22468 --- [ecommerce] [scheduling-1] c.d.e.s.SincronizacaoEstoqueService      : [ESTOQUE] Lendo VW_ECOMMERCE_ESTOQUE no banco de dados...
2026-09-02T18:32:00.098-03:00  INFO 22468 --- [ecommerce] [scheduling-1] c.d.e.s.SincronizacaoEstoqueService      : [ESTOQUE] Ciclo finalizado. Total de atualizações enviadas: 0
2026-09-02T18:32:00.098-03:00  INFO 22468 --- [ecommerce] [scheduling-1] c.d.e.service.SincronizacaoService       : Lendo VW_ECOMMERCE_PRECOS no banco de dados...
2026-09-02T18:32:00.248-03:00  INFO 22468 --- [ecommerce] [scheduling-1] c.d.e.service.SincronizacaoService       : Ciclo finalizado. Total de atualizações enviadas: 0
2026-09-02T18:33:00.000-03:00  INFO 22468 --- [ecommerce] [scheduling-1] c.d.e.service.SincronizacaoService       : Lendo VW_ECOMMERCE_PRECOS no banco de dados...
2026-09-02T18:33:00.080-03:00  INFO 22468 --- [ecommerce] [scheduling-1] c.d.e.service.SincronizacaoService       : Ciclo finalizado. Total de atualizações enviadas: 0
2026-09-02T18:33:00.080-03:00  INFO 22468 --- [ecommerce] [scheduling-1] c.d.e.s.SincronizacaoEstoqueService      : [ESTOQUE] Lendo VW_ECOMMERCE_ESTOQUE no banco de dados...
2026-09-02T18:33:00.103-03:00  INFO 22468 --- [ecommerce] [scheduling-1] c.d.e.s.SincronizacaoEstoqueService      : [ESTOQUE] Ciclo finalizado. Total de atualizações enviadas: 0
2026-09-02T18:34:00.000-03:00  INFO 22468 --- [ecommerce] [scheduling-1] c.d.e.service.SincronizacaoService       : Lendo VW_ECOMMERCE_PRECOS no banco de dados...
2026-09-02T18:34:00.095-03:00  INFO 22468 --- [ecommerce] [scheduling-1] c.d.e.service.SincronizacaoService       : Ciclo finalizado. Total de atualizações enviadas: 0
2026-09-02T18:34:00.096-03:00  INFO 22468 --- [ecommerce] [scheduling-1] c.d.e.s.SincronizacaoEstoqueService      : [ESTOQUE] Lendo VW_ECOMMERCE_ESTOQUE no banco de dados...
2026-09-02T18:34:00.121-03:00  INFO 22468 --- [ecommerce] [scheduling-1] c.d.e.s.SincronizacaoEstoqueService      : [ESTOQUE] Ciclo finalizado. Total de atualizações enviadas: 0
2026-09-02T18:34:59.999-03:00  INFO 22468 --- [ecommerce] [scheduling-1] c.d.e.service.SincronizacaoService       : Lendo VW_ECOMMERCE_PRECOS no banco de dados...
2026-09-02T18:35:00.122-03:00  INFO 22468 --- [ecommerce] [scheduling-1] c.d.e.service.SincronizacaoService       : Ciclo finalizado. Total de atualizações enviadas: 0
2026-09-02T18:35:00.122-03:00  INFO 22468 --- [ecommerce] [scheduling-1] c.d.e.s.SincronizacaoEstoqueService      : [ESTOQUE] Lendo VW_ECOMMERCE_ESTOQUE no banco de dados...
2026-09-02T18:35:00.140-03:00  INFO 22468 --- [ecommerce] [scheduling-1] c.d.e.s.SincronizacaoEstoqueService      : [ESTOQUE] Ciclo finalizado. Total de atualizações enviadas: 0
2026-09-02T18:36:00.000-03:00  INFO 22468 --- [ecommerce] [scheduling-1] c.d.e.s.SincronizacaoEstoqueService      : [ESTOQUE] Lendo VW_ECOMMERCE_ESTOQUE no banco de dados...
2026-09-02T18:36:00.030-03:00  INFO 22468 --- [ecommerce] [scheduling-1] c.d.e.s.SincronizacaoEstoqueService      : [ESTOQUE] Ciclo finalizado. Total de atualizações enviadas: 0
2026-09-02T18:36:00.030-03:00  INFO 22468 --- [ecommerce] [scheduling-1] c.d.e.service.SincronizacaoService       : Lendo VW_ECOMMERCE_PRECOS no banco de dados...
2026-09-02T18:36:00.081-03:00  INFO 22468 --- [ecommerce] [scheduling-1] c.d.e.service.SincronizacaoService       : Ciclo finalizado. Total de atualizações enviadas: 0
2026-09-02T18:37:00.001-03:00  INFO 22468 --- [ecommerce] [scheduling-1] c.d.e.s.SincronizacaoEstoqueService      : [ESTOQUE] Lendo VW_ECOMMERCE_ESTOQUE no banco de dados...
2026-09-02T18:37:00.096-03:00  INFO 22468 --- [ecommerce] [scheduling-1] c.d.e.s.SincronizacaoEstoqueService      : [ESTOQUE] Ciclo finalizado. Total de atualizações enviadas: 0
2026-09-02T18:37:00.096-03:00  INFO 22468 --- [ecommerce] [scheduling-1] c.d.e.service.SincronizacaoService       : Lendo VW_ECOMMERCE_PRECOS no banco de dados...
2026-09-02T18:37:00.203-03:00  INFO 22468 --- [ecommerce] [scheduling-1] c.d.e.service.SincronizacaoService       : Ciclo finalizado. Total de atualizações enviadas: 0
2026-09-02T18:38:00.001-03:00  INFO 22468 --- [ecommerce] [scheduling-1] c.d.e.s.SincronizacaoEstoqueService      : [ESTOQUE] Lendo VW_ECOMMERCE_ESTOQUE no banco de dados...
2026-09-02T18:38:00.047-03:00  INFO 22468 --- [ecommerce] [scheduling-1] c.d.e.s.SincronizacaoEstoqueService      : [ESTOQUE] Ciclo finalizado. Total de atualizações enviadas: 0
2026-09-02T18:38:00.047-03:00  INFO 22468 --- [ecommerce] [scheduling-1] c.d.e.service.SincronizacaoService       : Lendo VW_ECOMMERCE_PRECOS no banco de dados...
2026-09-02T18:38:00.092-03:00  INFO 22468 --- [ecommerce] [scheduling-1] c.d.e.service.SincronizacaoService       : Ciclo finalizado. Total de atualizações enviadas: 0
2026-09-02T18:39:00.000-03:00  INFO 22468 --- [ecommerce] [scheduling-1] c.d.e.service.SincronizacaoService       : Lendo VW_ECOMMERCE_PRECOS no banco de dados...
2026-09-02T18:39:00.183-03:00  INFO 22468 --- [ecommerce] [scheduling-1] c.d.e.service.SincronizacaoService       : Ciclo finalizado. Total de atualizações enviadas: 0
2026-09-02T18:39:00.183-03:00  INFO 22468 --- [ecommerce] [scheduling-1] c.d.e.s.SincronizacaoEstoqueService      : [ESTOQUE] Lendo VW_ECOMMERCE_ESTOQUE no banco de dados...
2026-09-02T18:39:00.226-03:00  INFO 22468 --- [ecommerce] [scheduling-1] c.d.e.s.SincronizacaoEstoqueService      : [ESTOQUE] Ciclo finalizado. Total de atualizações enviadas: 0
2026-09-02T18:40:00.000-03:00  INFO 22468 --- [ecommerce] [scheduling-1] c.d.e.service.SincronizacaoService       : Lendo VW_ECOMMERCE_PRECOS no banco de dados...
2026-09-02T18:40:00.181-03:00  INFO 22468 --- [ecommerce] [scheduling-1] c.d.e.service.SincronizacaoService       : Ciclo finalizado. Total de atualizações enviadas: 0
2026-09-02T18:40:00.182-03:00  INFO 22468 --- [ecommerce] [scheduling-1] c.d.e.s.SincronizacaoEstoqueService      : [ESTOQUE] Lendo VW_ECOMMERCE_ESTOQUE no banco de dados...
2026-09-02T18:40:00.214-03:00  INFO 22468 --- [ecommerce] [scheduling-1] c.d.e.s.SincronizacaoEstoqueService      : [ESTOQUE] Ciclo finalizado. Total de atualizações enviadas: 0
2026-09-02T18:41:00.000-03:00  INFO 22468 --- [ecommerce] [scheduling-1] c.d.e.s.SincronizacaoEstoqueService      : [ESTOQUE] Lendo VW_ECOMMERCE_ESTOQUE no banco de dados...
2026-09-02T18:41:00.053-03:00  INFO 22468 --- [ecommerce] [scheduling-1] c.d.e.s.SincronizacaoEstoqueService      : [ESTOQUE] Ciclo finalizado. Total de atualizações enviadas: 0
2026-09-02T18:41:00.053-03:00  INFO 22468 --- [ecommerce] [scheduling-1] c.d.e.service.SincronizacaoService       : Lendo VW_ECOMMERCE_PRECOS no banco de dados...
2026-09-02T18:41:00.196-03:00  INFO 22468 --- [ecommerce] [scheduling-1] c.d.e.service.SincronizacaoService       : Ciclo finalizado. Total de atualizações enviadas: 0
2026-09-02T18:41:59.999-03:00  INFO 22468 --- [ecommerce] [scheduling-1] c.d.e.s.SincronizacaoEstoqueService      : [ESTOQUE] Lendo VW_ECOMMERCE_ESTOQUE no banco de dados...
2026-09-02T18:42:00.041-03:00  INFO 22468 --- [ecommerce] [scheduling-1] c.d.e.s.SincronizacaoEstoqueService      : [ESTOQUE] Ciclo finalizado. Total de atualizações enviadas: 0
2026-09-02T18:42:00.042-03:00  INFO 22468 --- [ecommerce] [scheduling-1] c.d.e.service.SincronizacaoService       : Lendo VW_ECOMMERCE_PRECOS no banco de dados...
2026-09-02T18:42:00.091-03:00  INFO 22468 --- [ecommerce] [scheduling-1] c.d.e.service.SincronizacaoService       : Ciclo finalizado. Total de atualizações enviadas: 0
2026-09-02T18:43:00.000-03:00  INFO 22468 --- [ecommerce] [scheduling-1] c.d.e.s.SincronizacaoEstoqueService      : [ESTOQUE] Lendo VW_ECOMMERCE_ESTOQUE no banco de dados...
2026-09-02T18:43:00.031-03:00  INFO 22468 --- [ecommerce] [scheduling-1] c.d.e.s.SincronizacaoEstoqueService      : [ESTOQUE] Ciclo finalizado. Total de atualizações enviadas: 0
2026-09-02T18:43:00.031-03:00  INFO 22468 --- [ecommerce] [scheduling-1] c.d.e.service.SincronizacaoService       : Lendo VW_ECOMMERCE_PRECOS no banco de dados...
2026-09-02T18:43:00.076-03:00  INFO 22468 --- [ecommerce] [scheduling-1] c.d.e.service.SincronizacaoService       : Ciclo finalizado. Total de atualizações enviadas: 0
2026-09-02T18:44:00.001-03:00  INFO 22468 --- [ecommerce] [scheduling-1] c.d.e.s.SincronizacaoEstoqueService      : [ESTOQUE] Lendo VW_ECOMMERCE_ESTOQUE no banco de dados...
2026-09-02T18:44:00.097-03:00  INFO 22468 --- [ecommerce] [scheduling-1] c.d.e.s.SincronizacaoEstoqueService      : [ESTOQUE] Ciclo finalizado. Total de atualizações enviadas: 0
2026-09-02T18:44:00.097-03:00  INFO 22468 --- [ecommerce] [scheduling-1] c.d.e.service.SincronizacaoService       : Lendo VW_ECOMMERCE_PRECOS no banco de dados...
2026-09-02T18:44:00.224-03:00  INFO 22468 --- [ecommerce] [scheduling-1] c.d.e.service.SincronizacaoService       : Ciclo finalizado. Total de atualizações enviadas: 0
2026-09-02T18:45:00.000-03:00  INFO 22468 --- [ecommerce] [scheduling-1] c.d.e.service.SincronizacaoService       : Lendo VW_ECOMMERCE_PRECOS no banco de dados...
2026-09-02T18:45:00.362-03:00  INFO 22468 --- [ecommerce] [scheduling-1] c.d.e.service.SincronizacaoService       : Ciclo finalizado. Total de atualizações enviadas: 0
2026-09-02T18:45:00.363-03:00  INFO 22468 --- [ecommerce] [scheduling-1] c.d.e.s.SincronizacaoEstoqueService      : [ESTOQUE] Lendo VW_ECOMMERCE_ESTOQUE no banco de dados...
2026-09-02T18:45:00.436-03:00  INFO 22468 --- [ecommerce] [scheduling-1] c.d.e.s.SincronizacaoEstoqueService      : [ESTOQUE] Ciclo finalizado. Total de atualizações enviadas: 0
2026-09-02T18:45:59.999-03:00  INFO 22468 --- [ecommerce] [scheduling-1] c.d.e.service.SincronizacaoService       : Lendo VW_ECOMMERCE_PRECOS no banco de dados...
2026-09-02T18:46:00.146-03:00  INFO 22468 --- [ecommerce] [scheduling-1] c.d.e.service.SincronizacaoService       : Ciclo finalizado. Total de atualizações enviadas: 0
2026-09-02T18:46:00.146-03:00  INFO 22468 --- [ecommerce] [scheduling-1] c.d.e.s.SincronizacaoEstoqueService      : [ESTOQUE] Lendo VW_ECOMMERCE_ESTOQUE no banco de dados...
2026-09-02T18:46:00.169-03:00  INFO 22468 --- [ecommerce] [scheduling-1] c.d.e.s.SincronizacaoEstoqueService      : [ESTOQUE] Ciclo finalizado. Total de atualizações enviadas: 0
2026-09-02T18:46:59.999-03:00  INFO 22468 --- [ecommerce] [scheduling-1] c.d.e.s.SincronizacaoEstoqueService      : [ESTOQUE] Lendo VW_ECOMMERCE_ESTOQUE no banco de dados...
2026-09-02T18:47:00.043-03:00  INFO 22468 --- [ecommerce] [scheduling-1] c.d.e.s.SincronizacaoEstoqueService      : [ESTOQUE] Ciclo finalizado. Total de atualizações enviadas: 0
2026-09-02T18:47:00.052-03:00  INFO 22468 --- [ecommerce] [scheduling-1] c.d.e.service.SincronizacaoService       : Lendo VW_ECOMMERCE_PRECOS no banco de dados...
2026-09-02T18:47:00.098-03:00  INFO 22468 --- [ecommerce] [scheduling-1] c.d.e.service.SincronizacaoService       : Ciclo finalizado. Total de atualizações enviadas: 0
2026-09-02T18:48:00.000-03:00  INFO 22468 --- [ecommerce] [scheduling-1] c.d.e.s.SincronizacaoEstoqueService      : [ESTOQUE] Lendo VW_ECOMMERCE_ESTOQUE no banco de dados...
2026-09-02T18:48:00.088-03:00  INFO 22468 --- [ecommerce] [scheduling-1] c.d.e.s.SincronizacaoEstoqueService      : [ESTOQUE] Ciclo finalizado. Total de atualizações enviadas: 0
2026-09-02T18:48:00.088-03:00  INFO 22468 --- [ecommerce] [scheduling-1] c.d.e.service.SincronizacaoService       : Lendo VW_ECOMMERCE_PRECOS no banco de dados...
2026-09-02T18:48:00.133-03:00  INFO 22468 --- [ecommerce] [scheduling-1] c.d.e.service.SincronizacaoService       : Ciclo finalizado. Total de atualizações enviadas: 0
2026-09-02T18:49:00.002-03:00  INFO 22468 --- [ecommerce] [scheduling-1] c.d.e.s.SincronizacaoEstoqueService      : [ESTOQUE] Lendo VW_ECOMMERCE_ESTOQUE no banco de dados...
2026-09-02T18:49:00.084-03:00  INFO 22468 --- [ecommerce] [scheduling-1] c.d.e.s.SincronizacaoEstoqueService      : [ESTOQUE] Ciclo finalizado. Total de atualizações enviadas: 0
2026-09-02T18:49:00.084-03:00  INFO 22468 --- [ecommerce] [scheduling-1] c.d.e.service.SincronizacaoService       : Lendo VW_ECOMMERCE_PRECOS no banco de dados...
2026-09-02T18:49:00.128-03:00  INFO 22468 --- [ecommerce] [scheduling-1] c.d.e.service.SincronizacaoService       : Ciclo finalizado. Total de atualizações enviadas: 0
2026-09-02T18:50:00.000-03:00  INFO 22468 --- [ecommerce] [scheduling-1] c.d.e.s.SincronizacaoEstoqueService      : [ESTOQUE] Lendo VW_ECOMMERCE_ESTOQUE no banco de dados...
2026-09-02T18:50:00.063-03:00  INFO 22468 --- [ecommerce] [scheduling-1] c.d.e.s.SincronizacaoEstoqueService      : [ESTOQUE] Ciclo finalizado. Total de atualizações enviadas: 0
2026-09-02T18:50:00.063-03:00  INFO 22468 --- [ecommerce] [scheduling-1] c.d.e.service.SincronizacaoService       : Lendo VW_ECOMMERCE_PRECOS no banco de dados...
2026-09-02T18:50:00.129-03:00  INFO 22468 --- [ecommerce] [scheduling-1] c.d.e.service.SincronizacaoService       : Ciclo finalizado. Total de atualizações enviadas: 0
2026-09-02T18:51:00.000-03:00  INFO 22468 --- [ecommerce] [scheduling-1] c.d.e.service.SincronizacaoService       : Lendo VW_ECOMMERCE_PRECOS no banco de dados...
2026-09-02T18:51:00.066-03:00  INFO 22468 --- [ecommerce] [scheduling-1] c.d.e.service.SincronizacaoService       : Ciclo finalizado. Total de atualizações enviadas: 0
2026-09-02T18:51:00.066-03:00  INFO 22468 --- [ecommerce] [scheduling-1] c.d.e.s.SincronizacaoEstoqueService      : [ESTOQUE] Lendo VW_ECOMMERCE_ESTOQUE no banco de dados...
2026-09-02T18:51:00.097-03:00  INFO 22468 --- [ecommerce] [scheduling-1] c.d.e.s.SincronizacaoEstoqueService      : [ESTOQUE] Ciclo finalizado. Total de atualizações enviadas: 0
2026-09-02T18:52:00.000-03:00  INFO 22468 --- [ecommerce] [scheduling-1] c.d.e.s.SincronizacaoEstoqueService      : [ESTOQUE] Lendo VW_ECOMMERCE_ESTOQUE no banco de dados...
2026-09-02T18:52:00.086-03:00  INFO 22468 --- [ecommerce] [scheduling-1] c.d.e.s.SincronizacaoEstoqueService      : [ESTOQUE] Ciclo finalizado. Total de atualizações enviadas: 0
2026-09-02T18:52:00.086-03:00  INFO 22468 --- [ecommerce] [scheduling-1] c.d.e.service.SincronizacaoService       : Lendo VW_ECOMMERCE_PRECOS no banco de dados...
2026-09-02T18:52:00.148-03:00  INFO 22468 --- [ecommerce] [scheduling-1] c.d.e.service.SincronizacaoService       : Ciclo finalizado. Total de atualizações enviadas: 0
2026-09-02T18:53:00.000-03:00  INFO 22468 --- [ecommerce] [scheduling-1] c.d.e.s.SincronizacaoEstoqueService      : [ESTOQUE] Lendo VW_ECOMMERCE_ESTOQUE no banco de dados...
2026-09-02T18:53:00.085-03:00  INFO 22468 --- [ecommerce] [scheduling-1] c.d.e.s.SincronizacaoEstoqueService      : [ESTOQUE] Ciclo finalizado. Total de atualizações enviadas: 0
2026-09-02T18:53:00.085-03:00  INFO 22468 --- [ecommerce] [scheduling-1] c.d.e.service.SincronizacaoService       : Lendo VW_ECOMMERCE_PRECOS no banco de dados...
2026-09-02T18:53:00.142-03:00  INFO 22468 --- [ecommerce] [scheduling-1] c.d.e.service.SincronizacaoService       : Ciclo finalizado. Total de atualizações enviadas: 0
2026-09-02T18:54:00.000-03:00  INFO 22468 --- [ecommerce] [scheduling-1] c.d.e.service.SincronizacaoService       : Lendo VW_ECOMMERCE_PRECOS no banco de dados...
2026-09-02T18:54:00.096-03:00  INFO 22468 --- [ecommerce] [scheduling-1] c.d.e.service.SincronizacaoService       : Ciclo finalizado. Total de atualizações enviadas: 0
2026-09-02T18:54:00.096-03:00  INFO 22468 --- [ecommerce] [scheduling-1] c.d.e.s.SincronizacaoEstoqueService      : [ESTOQUE] Lendo VW_ECOMMERCE_ESTOQUE no banco de dados...
2026-09-02T18:54:00.119-03:00  INFO 22468 --- [ecommerce] [scheduling-1] c.d.e.s.SincronizacaoEstoqueService      : [ESTOQUE] Ciclo finalizado. Total de atualizações enviadas: 0
2026-09-02T18:55:00.000-03:00  INFO 22468 --- [ecommerce] [scheduling-1] c.d.e.s.SincronizacaoEstoqueService      : [ESTOQUE] Lendo VW_ECOMMERCE_ESTOQUE no banco de dados...
2026-09-02T18:55:00.105-03:00  INFO 22468 --- [ecommerce] [scheduling-1] c.d.e.s.SincronizacaoEstoqueService      : [ESTOQUE] Ciclo finalizado. Total de atualizações enviadas: 0
2026-09-02T18:55:00.105-03:00  INFO 22468 --- [ecommerce] [scheduling-1] c.d.e.service.SincronizacaoService       : Lendo VW_ECOMMERCE_PRECOS no banco de dados...
2026-09-02T18:55:00.154-03:00  INFO 22468 --- [ecommerce] [scheduling-1] c.d.e.service.SincronizacaoService       : Ciclo finalizado. Total de atualizações enviadas: 0
2026-09-02T18:56:00.001-03:00  INFO 22468 --- [ecommerce] [scheduling-1] c.d.e.s.SincronizacaoEstoqueService      : [ESTOQUE] Lendo VW_ECOMMERCE_ESTOQUE no banco de dados...
2026-09-02T18:56:00.056-03:00  INFO 22468 --- [ecommerce] [scheduling-1] c.d.e.s.SincronizacaoEstoqueService      : [ESTOQUE] Ciclo finalizado. Total de atualizações enviadas: 0
2026-09-02T18:56:00.056-03:00  INFO 22468 --- [ecommerce] [scheduling-1] c.d.e.service.SincronizacaoService       : Lendo VW_ECOMMERCE_PRECOS no banco de dados...
2026-09-02T18:56:00.165-03:00  INFO 22468 --- [ecommerce] [scheduling-1] c.d.e.service.SincronizacaoService       : Ciclo finalizado. Total de atualizações enviadas: 0
2026-09-02T18:57:00.000-03:00  INFO 22468 --- [ecommerce] [scheduling-1] c.d.e.service.SincronizacaoService       : Lendo VW_ECOMMERCE_PRECOS no banco de dados...
2026-09-02T18:57:00.176-03:00  INFO 22468 --- [ecommerce] [scheduling-1] c.d.e.service.SincronizacaoService       : Ciclo finalizado. Total de atualizações enviadas: 0
2026-09-02T18:57:00.176-03:00  INFO 22468 --- [ecommerce] [scheduling-1] c.d.e.s.SincronizacaoEstoqueService      : [ESTOQUE] Lendo VW_ECOMMERCE_ESTOQUE no banco de dados...
2026-09-02T18:57:00.219-03:00  INFO 22468 --- [ecommerce] [scheduling-1] c.d.e.s.SincronizacaoEstoqueService      : [ESTOQUE] Ciclo finalizado. Total de atualizações enviadas: 0
2026-09-02T18:58:00.000-03:00  INFO 22468 --- [ecommerce] [scheduling-1] c.d.e.service.SincronizacaoService       : Lendo VW_ECOMMERCE_PRECOS no banco de dados...
2026-09-02T18:58:00.174-03:00  INFO 22468 --- [ecommerce] [scheduling-1] c.d.e.service.SincronizacaoService       : Ciclo finalizado. Total de atualizações enviadas: 0
2026-09-02T18:58:00.174-03:00  INFO 22468 --- [ecommerce] [scheduling-1] c.d.e.s.SincronizacaoEstoqueService      : [ESTOQUE] Lendo VW_ECOMMERCE_ESTOQUE no banco de dados...
2026-09-02T18:58:00.219-03:00  INFO 22468 --- [ecommerce] [scheduling-1] c.d.e.s.SincronizacaoEstoqueService      : [ESTOQUE] Ciclo finalizado. Total de atualizações enviadas: 0
2026-09-02T18:59:00.000-03:00  INFO 22468 --- [ecommerce] [scheduling-1] c.d.e.service.SincronizacaoService       : Lendo VW_ECOMMERCE_PRECOS no banco de dados...
2026-09-02T18:59:00.143-03:00  INFO 22468 --- [ecommerce] [scheduling-1] c.d.e.service.SincronizacaoService       : Ciclo finalizado. Total de atualizações enviadas: 0
2026-09-02T18:59:00.144-03:00  INFO 22468 --- [ecommerce] [scheduling-1] c.d.e.s.SincronizacaoEstoqueService      : [ESTOQUE] Lendo VW_ECOMMERCE_ESTOQUE no banco de dados...
2026-09-02T18:59:00.167-03:00  INFO 22468 --- [ecommerce] [scheduling-1] c.d.e.s.SincronizacaoEstoqueService      : [ESTOQUE] Ciclo finalizado. Total de atualizações enviadas: 0
2026-09-02T18:59:59.999-03:00  INFO 22468 --- [ecommerce] [scheduling-1] c.d.e.service.SincronizacaoService       : Lendo VW_ECOMMERCE_PRECOS no banco de dados...
2026-09-02T19:00:00.061-03:00  INFO 22468 --- [ecommerce] [scheduling-1] c.d.e.service.SincronizacaoService       : Ciclo finalizado. Total de atualizações enviadas: 0
2026-09-02T19:00:00.061-03:00  INFO 22468 --- [ecommerce] [scheduling-1] c.d.e.s.SincronizacaoEstoqueService      : [ESTOQUE] Lendo VW_ECOMMERCE_ESTOQUE no banco de dados...
2026-09-02T19:00:00.087-03:00  INFO 22468 --- [ecommerce] [scheduling-1] c.d.e.s.SincronizacaoEstoqueService      : [ESTOQUE] Ciclo finalizado. Total de atualizações enviadas: 0
2026-09-02T19:01:00.000-03:00  INFO 22468 --- [ecommerce] [scheduling-1] c.d.e.service.SincronizacaoService       : Lendo VW_ECOMMERCE_PRECOS no banco de dados...
2026-09-02T19:01:00.052-03:00  INFO 22468 --- [ecommerce] [scheduling-1] c.d.e.service.SincronizacaoService       : Ciclo finalizado. Total de atualizações enviadas: 0
2026-09-02T19:01:00.052-03:00  INFO 22468 --- [ecommerce] [scheduling-1] c.d.e.s.SincronizacaoEstoqueService      : [ESTOQUE] Lendo VW_ECOMMERCE_ESTOQUE no banco de dados...
2026-09-02T19:01:00.084-03:00  INFO 22468 --- [ecommerce] [scheduling-1] c.d.e.s.SincronizacaoEstoqueService      : [ESTOQUE] Ciclo finalizado. Total de atualizações enviadas: 0
2026-09-02T19:02:00.000-03:00  INFO 22468 --- [ecommerce] [scheduling-1] c.d.e.s.SincronizacaoEstoqueService      : [ESTOQUE] Lendo VW_ECOMMERCE_ESTOQUE no banco de dados...
2026-09-02T19:02:00.083-03:00  INFO 22468 --- [ecommerce] [scheduling-1] c.d.e.s.SincronizacaoEstoqueService      : [ESTOQUE] Ciclo finalizado. Total de atualizações enviadas: 0
2026-09-02T19:02:00.083-03:00  INFO 22468 --- [ecommerce] [scheduling-1] c.d.e.service.SincronizacaoService       : Lendo VW_ECOMMERCE_PRECOS no banco de dados...
2026-09-02T19:02:00.131-03:00  INFO 22468 --- [ecommerce] [scheduling-1] c.d.e.service.SincronizacaoService       : Ciclo finalizado. Total de atualizações enviadas: 0
2026-09-02T19:03:00.000-03:00  INFO 22468 --- [ecommerce] [scheduling-1] c.d.e.service.SincronizacaoService       : Lendo VW_ECOMMERCE_PRECOS no banco de dados...
2026-09-02T19:03:00.130-03:00  INFO 22468 --- [ecommerce] [scheduling-1] c.d.e.service.SincronizacaoService       : Ciclo finalizado. Total de atualizações enviadas: 0
2026-09-02T19:03:00.130-03:00  INFO 22468 --- [ecommerce] [scheduling-1] c.d.e.s.SincronizacaoEstoqueService      : [ESTOQUE] Lendo VW_ECOMMERCE_ESTOQUE no banco de dados...
2026-09-02T19:03:00.158-03:00  INFO 22468 --- [ecommerce] [scheduling-1] c.d.e.s.SincronizacaoEstoqueService      : [ESTOQUE] Ciclo finalizado. Total de atualizações enviadas: 0
2026-09-02T19:04:00.000-03:00  INFO 22468 --- [ecommerce] [scheduling-1] c.d.e.service.SincronizacaoService       : Lendo VW_ECOMMERCE_PRECOS no banco de dados...
2026-09-02T19:04:00.081-03:00  INFO 22468 --- [ecommerce] [scheduling-1] c.d.e.service.SincronizacaoService       : Ciclo finalizado. Total de atualizações enviadas: 0
2026-09-02T19:04:00.081-03:00  INFO 22468 --- [ecommerce] [scheduling-1] c.d.e.s.SincronizacaoEstoqueService      : [ESTOQUE] Lendo VW_ECOMMERCE_ESTOQUE no banco de dados...
2026-09-02T19:04:00.107-03:00  INFO 22468 --- [ecommerce] [scheduling-1] c.d.e.s.SincronizacaoEstoqueService      : [ESTOQUE] Ciclo finalizado. Total de atualizações enviadas: 0
2026-09-02T19:05:00.000-03:00  INFO 22468 --- [ecommerce] [scheduling-1] c.d.e.service.SincronizacaoService       : Lendo VW_ECOMMERCE_PRECOS no banco de dados...
2026-09-02T19:05:00.101-03:00  INFO 22468 --- [ecommerce] [scheduling-1] c.d.e.service.SincronizacaoService       : Ciclo finalizado. Total de atualizações enviadas: 0
2026-09-02T19:05:00.102-03:00  INFO 22468 --- [ecommerce] [scheduling-1] c.d.e.s.SincronizacaoEstoqueService      : [ESTOQUE] Lendo VW_ECOMMERCE_ESTOQUE no banco de dados...
2026-09-02T19:05:00.121-03:00  INFO 22468 --- [ecommerce] [scheduling-1] c.d.e.s.SincronizacaoEstoqueService      : [ESTOQUE] Ciclo finalizado. Total de atualizações enviadas: 0
2026-09-02T19:06:00.001-03:00  INFO 22468 --- [ecommerce] [scheduling-1] c.d.e.s.SincronizacaoEstoqueService      : [ESTOQUE] Lendo VW_ECOMMERCE_ESTOQUE no banco de dados...
2026-09-02T19:06:00.099-03:00  INFO 22468 --- [ecommerce] [scheduling-1] c.d.e.s.SincronizacaoEstoqueService      : [ESTOQUE] Ciclo finalizado. Total de atualizações enviadas: 0
2026-09-02T19:06:00.099-03:00  INFO 22468 --- [ecommerce] [scheduling-1] c.d.e.service.SincronizacaoService       : Lendo VW_ECOMMERCE_PRECOS no banco de dados...
2026-09-02T19:06:00.221-03:00  INFO 22468 --- [ecommerce] [scheduling-1] c.d.e.service.SincronizacaoService       : Ciclo finalizado. Total de atualizações enviadas: 0
2026-09-02T19:07:00.000-03:00  INFO 22468 --- [ecommerce] [scheduling-1] c.d.e.s.SincronizacaoEstoqueService      : [ESTOQUE] Lendo VW_ECOMMERCE_ESTOQUE no banco de dados...
2026-09-02T19:07:00.031-03:00  INFO 22468 --- [ecommerce] [scheduling-1] c.d.e.s.SincronizacaoEstoqueService      : [ESTOQUE] Ciclo finalizado. Total de atualizações enviadas: 0
2026-09-02T19:07:00.031-03:00  INFO 22468 --- [ecommerce] [scheduling-1] c.d.e.service.SincronizacaoService       : Lendo VW_ECOMMERCE_PRECOS no banco de dados...
2026-09-02T19:07:00.120-03:00  INFO 22468 --- [ecommerce] [scheduling-1] c.d.e.service.SincronizacaoService       : Ciclo finalizado. Total de atualizações enviadas: 0
2026-09-02T19:08:00.000-03:00  INFO 22468 --- [ecommerce] [scheduling-1] c.d.e.service.SincronizacaoService       : Lendo VW_ECOMMERCE_PRECOS no banco de dados...
2026-09-02T19:08:00.118-03:00  INFO 22468 --- [ecommerce] [scheduling-1] c.d.e.service.SincronizacaoService       : Ciclo finalizado. Total de atualizações enviadas: 0
2026-09-02T19:08:00.119-03:00  INFO 22468 --- [ecommerce] [scheduling-1] c.d.e.s.SincronizacaoEstoqueService      : [ESTOQUE] Lendo VW_ECOMMERCE_ESTOQUE no banco de dados...
2026-09-02T19:08:00.148-03:00  INFO 22468 --- [ecommerce] [scheduling-1] c.d.e.s.SincronizacaoEstoqueService      : [ESTOQUE] Ciclo finalizado. Total de atualizações enviadas: 0
2026-09-02T19:09:00.000-03:00  INFO 22468 --- [ecommerce] [scheduling-1] c.d.e.s.SincronizacaoEstoqueService      : [ESTOQUE] Lendo VW_ECOMMERCE_ESTOQUE no banco de dados...
2026-09-02T19:09:00.035-03:00  INFO 22468 --- [ecommerce] [scheduling-1] c.d.e.s.SincronizacaoEstoqueService      : [ESTOQUE] Ciclo finalizado. Total de atualizações enviadas: 0
2026-09-02T19:09:00.036-03:00  INFO 22468 --- [ecommerce] [scheduling-1] c.d.e.service.SincronizacaoService       : Lendo VW_ECOMMERCE_PRECOS no banco de dados...
2026-09-02T19:09:00.086-03:00  INFO 22468 --- [ecommerce] [scheduling-1] c.d.e.service.SincronizacaoService       : Ciclo finalizado. Total de atualizações enviadas: 0
2026-09-02T19:10:00.000-03:00  INFO 22468 --- [ecommerce] [scheduling-1] c.d.e.s.SincronizacaoEstoqueService      : [ESTOQUE] Lendo VW_ECOMMERCE_ESTOQUE no banco de dados...
2026-09-02T19:10:00.051-03:00  INFO 22468 --- [ecommerce] [scheduling-1] c.d.e.s.SincronizacaoEstoqueService      : [ESTOQUE] Ciclo finalizado. Total de atualizações enviadas: 0
2026-09-02T19:10:00.051-03:00  INFO 22468 --- [ecommerce] [scheduling-1] c.d.e.service.SincronizacaoService       : Lendo VW_ECOMMERCE_PRECOS no banco de dados...
2026-09-02T19:10:00.200-03:00  INFO 22468 --- [ecommerce] [scheduling-1] c.d.e.service.SincronizacaoService       : Ciclo finalizado. Total de atualizações enviadas: 0
2026-09-02T19:11:00.001-03:00  INFO 22468 --- [ecommerce] [scheduling-1] c.d.e.s.SincronizacaoEstoqueService      : [ESTOQUE] Lendo VW_ECOMMERCE_ESTOQUE no banco de dados...
2026-09-02T19:11:00.090-03:00  INFO 22468 --- [ecommerce] [scheduling-1] c.d.e.s.SincronizacaoEstoqueService      : [ESTOQUE] Ciclo finalizado. Total de atualizações enviadas: 0
2026-09-02T19:11:00.090-03:00  INFO 22468 --- [ecommerce] [scheduling-1] c.d.e.service.SincronizacaoService       : Lendo VW_ECOMMERCE_PRECOS no banco de dados...
2026-09-02T19:11:00.171-03:00  INFO 22468 --- [ecommerce] [scheduling-1] c.d.e.service.SincronizacaoService       : Ciclo finalizado. Total de atualizações enviadas: 0
2026-09-02T19:12:00.000-03:00  INFO 22468 --- [ecommerce] [scheduling-1] c.d.e.service.SincronizacaoService       : Lendo VW_ECOMMERCE_PRECOS no banco de dados...
2026-09-02T19:12:00.179-03:00  INFO 22468 --- [ecommerce] [scheduling-1] c.d.e.service.SincronizacaoService       : Ciclo finalizado. Total de atualizações enviadas: 0
2026-09-02T19:12:00.180-03:00  INFO 22468 --- [ecommerce] [scheduling-1] c.d.e.s.SincronizacaoEstoqueService      : [ESTOQUE] Lendo VW_ECOMMERCE_ESTOQUE no banco de dados...
2026-09-02T19:12:00.207-03:00  INFO 22468 --- [ecommerce] [scheduling-1] c.d.e.s.SincronizacaoEstoqueService      : [ESTOQUE] Ciclo finalizado. Total de atualizações enviadas: 0
2026-09-02T19:13:00.000-03:00  INFO 22468 --- [ecommerce] [scheduling-1] c.d.e.service.SincronizacaoService       : Lendo VW_ECOMMERCE_PRECOS no banco de dados...
2026-09-02T19:13:00.055-03:00  INFO 22468 --- [ecommerce] [scheduling-1] c.d.e.service.SincronizacaoService       : Ciclo finalizado. Total de atualizações enviadas: 0
2026-09-02T19:13:00.055-03:00  INFO 22468 --- [ecommerce] [scheduling-1] c.d.e.s.SincronizacaoEstoqueService      : [ESTOQUE] Lendo VW_ECOMMERCE_ESTOQUE no banco de dados...
2026-09-02T19:13:00.087-03:00  INFO 22468 --- [ecommerce] [scheduling-1] c.d.e.s.SincronizacaoEstoqueService      : [ESTOQUE] Ciclo finalizado. Total de atualizações enviadas: 0
2026-09-02T19:14:00.000-03:00  INFO 22468 --- [ecommerce] [scheduling-1] c.d.e.service.SincronizacaoService       : Lendo VW_ECOMMERCE_PRECOS no banco de dados...
2026-09-02T19:14:00.136-03:00  INFO 22468 --- [ecommerce] [scheduling-1] c.d.e.service.SincronizacaoService       : Ciclo finalizado. Total de atualizações enviadas: 0
2026-09-02T19:14:00.136-03:00  INFO 22468 --- [ecommerce] [scheduling-1] c.d.e.s.SincronizacaoEstoqueService      : [ESTOQUE] Lendo VW_ECOMMERCE_ESTOQUE no banco de dados...
2026-09-02T19:14:00.184-03:00  INFO 22468 --- [ecommerce] [scheduling-1] c.d.e.s.SincronizacaoEstoqueService      : [ESTOQUE] Ciclo finalizado. Total de atualizações enviadas: 0
2026-09-02T19:15:00.000-03:00  INFO 22468 --- [ecommerce] [scheduling-1] c.d.e.s.SincronizacaoEstoqueService      : [ESTOQUE] Lendo VW_ECOMMERCE_ESTOQUE no banco de dados...
2026-09-02T19:15:00.121-03:00  INFO 22468 --- [ecommerce] [scheduling-1] c.d.e.s.SincronizacaoEstoqueService      : [ESTOQUE] Ciclo finalizado. Total de atualizações enviadas: 0
2026-09-02T19:15:00.121-03:00  INFO 22468 --- [ecommerce] [scheduling-1] c.d.e.service.SincronizacaoService       : Lendo VW_ECOMMERCE_PRECOS no banco de dados...
2026-09-02T19:15:00.413-03:00  INFO 22468 --- [ecommerce] [scheduling-1] c.d.e.service.SincronizacaoService       : Ciclo finalizado. Total de atualizações enviadas: 0
2026-09-02T19:16:00.000-03:00  INFO 22468 --- [ecommerce] [scheduling-1] c.d.e.service.SincronizacaoService       : Lendo VW_ECOMMERCE_PRECOS no banco de dados...
2026-09-02T19:16:00.259-03:00  INFO 22468 --- [ecommerce] [scheduling-1] c.d.e.service.SincronizacaoService       : Ciclo finalizado. Total de atualizações enviadas: 0
2026-09-02T19:16:00.259-03:00  INFO 22468 --- [ecommerce] [scheduling-1] c.d.e.s.SincronizacaoEstoqueService      : [ESTOQUE] Lendo VW_ECOMMERCE_ESTOQUE no banco de dados...
2026-09-02T19:16:00.305-03:00  INFO 22468 --- [ecommerce] [scheduling-1] c.d.e.s.SincronizacaoEstoqueService      : [ESTOQUE] Ciclo finalizado. Total de atualizações enviadas: 0
2026-09-02T19:16:59.999-03:00  INFO 22468 --- [ecommerce] [scheduling-1] c.d.e.s.SincronizacaoEstoqueService      : [ESTOQUE] Lendo VW_ECOMMERCE_ESTOQUE no banco de dados...
2026-09-02T19:17:00.041-03:00  INFO 22468 --- [ecommerce] [scheduling-1] c.d.e.s.SincronizacaoEstoqueService      : [ESTOQUE] Ciclo finalizado. Total de atualizações enviadas: 0
2026-09-02T19:17:00.041-03:00  INFO 22468 --- [ecommerce] [scheduling-1] c.d.e.service.SincronizacaoService       : Lendo VW_ECOMMERCE_PRECOS no banco de dados...
2026-09-02T19:17:00.090-03:00  INFO 22468 --- [ecommerce] [scheduling-1] c.d.e.service.SincronizacaoService       : Ciclo finalizado. Total de atualizações enviadas: 0
2026-09-02T19:18:00.000-03:00  INFO 22468 --- [ecommerce] [scheduling-1] c.d.e.service.SincronizacaoService       : Lendo VW_ECOMMERCE_PRECOS no banco de dados...
2026-09-02T19:18:00.337-03:00  INFO 22468 --- [ecommerce] [scheduling-1] c.d.e.service.SincronizacaoService       : Ciclo finalizado. Total de atualizações enviadas: 0
2026-09-02T19:18:00.338-03:00  INFO 22468 --- [ecommerce] [scheduling-1] c.d.e.s.SincronizacaoEstoqueService      : [ESTOQUE] Lendo VW_ECOMMERCE_ESTOQUE no banco de dados...
2026-09-02T19:18:00.372-03:00  INFO 22468 --- [ecommerce] [scheduling-1] c.d.e.s.SincronizacaoEstoqueService      : [ESTOQUE] Ciclo finalizado. Total de atualizações enviadas: 0
2026-09-02T19:19:00.000-03:00  INFO 22468 --- [ecommerce] [scheduling-1] c.d.e.service.SincronizacaoService       : Lendo VW_ECOMMERCE_PRECOS no banco de dados...
2026-09-02T19:19:00.085-03:00  INFO 22468 --- [ecommerce] [scheduling-1] c.d.e.service.SincronizacaoService       : Ciclo finalizado. Total de atualizações enviadas: 0
2026-09-02T19:19:00.085-03:00  INFO 22468 --- [ecommerce] [scheduling-1] c.d.e.s.SincronizacaoEstoqueService      : [ESTOQUE] Lendo VW_ECOMMERCE_ESTOQUE no banco de dados...
2026-09-02T19:19:00.115-03:00  INFO 22468 --- [ecommerce] [scheduling-1] c.d.e.s.SincronizacaoEstoqueService      : [ESTOQUE] Ciclo finalizado. Total de atualizações enviadas: 0
2026-09-02T19:20:00.001-03:00  INFO 22468 --- [ecommerce] [scheduling-1] c.d.e.service.SincronizacaoService       : Lendo VW_ECOMMERCE_PRECOS no banco de dados...
2026-09-02T19:20:00.103-03:00  INFO 22468 --- [ecommerce] [scheduling-1] c.d.e.service.SincronizacaoService       : Ciclo finalizado. Total de atualizações enviadas: 0
2026-09-02T19:20:00.103-03:00  INFO 22468 --- [ecommerce] [scheduling-1] c.d.e.s.SincronizacaoEstoqueService      : [ESTOQUE] Lendo VW_ECOMMERCE_ESTOQUE no banco de dados...
2026-09-02T19:20:00.126-03:00  INFO 22468 --- [ecommerce] [scheduling-1] c.d.e.s.SincronizacaoEstoqueService      : [ESTOQUE] Ciclo finalizado. Total de atualizações enviadas: 0
2026-09-02T19:20:59.999-03:00  INFO 22468 --- [ecommerce] [scheduling-1] c.d.e.s.SincronizacaoEstoqueService      : [ESTOQUE] Lendo VW_ECOMMERCE_ESTOQUE no banco de dados...
2026-09-02T19:21:00.084-03:00  INFO 22468 --- [ecommerce] [scheduling-1] c.d.e.s.SincronizacaoEstoqueService      : [ESTOQUE] Ciclo finalizado. Total de atualizações enviadas: 0
2026-09-02T19:21:00.084-03:00  INFO 22468 --- [ecommerce] [scheduling-1] c.d.e.service.SincronizacaoService       : Lendo VW_ECOMMERCE_PRECOS no banco de dados...
2026-09-02T19:21:00.132-03:00  INFO 22468 --- [ecommerce] [scheduling-1] c.d.e.service.SincronizacaoService       : Ciclo finalizado. Total de atualizações enviadas: 0
2026-09-02T19:22:00.001-03:00  INFO 22468 --- [ecommerce] [scheduling-1] c.d.e.s.SincronizacaoEstoqueService      : [ESTOQUE] Lendo VW_ECOMMERCE_ESTOQUE no banco de dados...
2026-09-02T19:22:00.077-03:00  INFO 22468 --- [ecommerce] [scheduling-1] c.d.e.s.SincronizacaoEstoqueService      : [ESTOQUE] Ciclo finalizado. Total de atualizações enviadas: 0
2026-09-02T19:22:00.077-03:00  INFO 22468 --- [ecommerce] [scheduling-1] c.d.e.service.SincronizacaoService       : Lendo VW_ECOMMERCE_PRECOS no banco de dados...
2026-09-02T19:22:00.128-03:00  INFO 22468 --- [ecommerce] [scheduling-1] c.d.e.service.SincronizacaoService       : Ciclo finalizado. Total de atualizações enviadas: 0
2026-09-02T19:23:00.001-03:00  INFO 22468 --- [ecommerce] [scheduling-1] c.d.e.s.SincronizacaoEstoqueService      : [ESTOQUE] Lendo VW_ECOMMERCE_ESTOQUE no banco de dados...
2026-09-02T19:23:00.051-03:00  INFO 22468 --- [ecommerce] [scheduling-1] c.d.e.s.SincronizacaoEstoqueService      : [ESTOQUE] Ciclo finalizado. Total de atualizações enviadas: 0
2026-09-02T19:23:00.051-03:00  INFO 22468 --- [ecommerce] [scheduling-1] c.d.e.service.SincronizacaoService       : Lendo VW_ECOMMERCE_PRECOS no banco de dados...
2026-09-02T19:23:00.249-03:00  INFO 22468 --- [ecommerce] [scheduling-1] c.d.e.service.SincronizacaoService       : Ciclo finalizado. Total de atualizações enviadas: 0
2026-09-02T19:24:00.000-03:00  INFO 22468 --- [ecommerce] [scheduling-1] c.d.e.s.SincronizacaoEstoqueService      : [ESTOQUE] Lendo VW_ECOMMERCE_ESTOQUE no banco de dados...
2026-09-02T19:24:00.097-03:00  INFO 22468 --- [ecommerce] [scheduling-1] c.d.e.s.SincronizacaoEstoqueService      : [ESTOQUE] Ciclo finalizado. Total de atualizações enviadas: 0
2026-09-02T19:24:00.097-03:00  INFO 22468 --- [ecommerce] [scheduling-1] c.d.e.service.SincronizacaoService       : Lendo VW_ECOMMERCE_PRECOS no banco de dados...
2026-09-02T19:24:00.242-03:00  INFO 22468 --- [ecommerce] [scheduling-1] c.d.e.service.SincronizacaoService       : Ciclo finalizado. Total de atualizações enviadas: 0
2026-09-02T19:25:00.000-03:00  INFO 22468 --- [ecommerce] [scheduling-1] c.d.e.service.SincronizacaoService       : Lendo VW_ECOMMERCE_PRECOS no banco de dados...
2026-09-02T19:25:00.068-03:00  INFO 22468 --- [ecommerce] [scheduling-1] c.d.e.service.SincronizacaoService       : Ciclo finalizado. Total de atualizações enviadas: 0
2026-09-02T19:25:00.068-03:00  INFO 22468 --- [ecommerce] [scheduling-1] c.d.e.s.SincronizacaoEstoqueService      : [ESTOQUE] Lendo VW_ECOMMERCE_ESTOQUE no banco de dados...
2026-09-02T19:25:00.093-03:00  INFO 22468 --- [ecommerce] [scheduling-1] c.d.e.s.SincronizacaoEstoqueService      : [ESTOQUE] Ciclo finalizado. Total de atualizações enviadas: 0
2026-09-02T19:26:00.000-03:00  INFO 22468 --- [ecommerce] [scheduling-1] c.d.e.s.SincronizacaoEstoqueService      : [ESTOQUE] Lendo VW_ECOMMERCE_ESTOQUE no banco de dados...
2026-09-02T19:26:00.084-03:00  INFO 22468 --- [ecommerce] [scheduling-1] c.d.e.s.SincronizacaoEstoqueService      : [ESTOQUE] Ciclo finalizado. Total de atualizações enviadas: 0
2026-09-02T19:26:00.084-03:00  INFO 22468 --- [ecommerce] [scheduling-1] c.d.e.service.SincronizacaoService       : Lendo VW_ECOMMERCE_PRECOS no banco de dados...
2026-09-02T19:26:00.194-03:00  INFO 22468 --- [ecommerce] [scheduling-1] c.d.e.service.SincronizacaoService       : Ciclo finalizado. Total de atualizações enviadas: 0
2026-09-02T19:27:00.002-03:00  INFO 22468 --- [ecommerce] [scheduling-1] c.d.e.s.SincronizacaoEstoqueService      : [ESTOQUE] Lendo VW_ECOMMERCE_ESTOQUE no banco de dados...
2026-09-02T19:27:00.079-03:00  INFO 22468 --- [ecommerce] [scheduling-1] c.d.e.s.SincronizacaoEstoqueService      : [ESTOQUE] Ciclo finalizado. Total de atualizações enviadas: 0
2026-09-02T19:27:00.080-03:00  INFO 22468 --- [ecommerce] [scheduling-1] c.d.e.service.SincronizacaoService       : Lendo VW_ECOMMERCE_PRECOS no banco de dados...
2026-09-02T19:27:00.162-03:00  INFO 22468 --- [ecommerce] [scheduling-1] c.d.e.service.SincronizacaoService       : Ciclo finalizado. Total de atualizações enviadas: 0
2026-09-02T19:28:00.000-03:00  INFO 22468 --- [ecommerce] [scheduling-1] c.d.e.service.SincronizacaoService       : Lendo VW_ECOMMERCE_PRECOS no banco de dados...
2026-09-02T19:28:00.208-03:00  INFO 22468 --- [ecommerce] [scheduling-1] c.d.e.service.SincronizacaoService       : Ciclo finalizado. Total de atualizações enviadas: 0
2026-09-02T19:28:00.208-03:00  INFO 22468 --- [ecommerce] [scheduling-1] c.d.e.s.SincronizacaoEstoqueService      : [ESTOQUE] Lendo VW_ECOMMERCE_ESTOQUE no banco de dados...
2026-09-02T19:28:00.243-03:00  INFO 22468 --- [ecommerce] [scheduling-1] c.d.e.s.SincronizacaoEstoqueService      : [ESTOQUE] Ciclo finalizado. Total de atualizações enviadas: 0
2026-09-02T19:29:00.000-03:00  INFO 22468 --- [ecommerce] [scheduling-1] c.d.e.s.SincronizacaoEstoqueService      : [ESTOQUE] Lendo VW_ECOMMERCE_ESTOQUE no banco de dados...
2026-09-02T19:29:00.119-03:00  INFO 22468 --- [ecommerce] [scheduling-1] c.d.e.s.SincronizacaoEstoqueService      : [ESTOQUE] Ciclo finalizado. Total de atualizações enviadas: 0
2026-09-02T19:29:00.120-03:00  INFO 22468 --- [ecommerce] [scheduling-1] c.d.e.service.SincronizacaoService       : Lendo VW_ECOMMERCE_PRECOS no banco de dados...
2026-09-02T19:29:00.392-03:00  INFO 22468 --- [ecommerce] [scheduling-1] c.d.e.service.SincronizacaoService       : Ciclo finalizado. Total de atualizações enviadas: 0
2026-09-02T19:29:59.999-03:00  INFO 22468 --- [ecommerce] [scheduling-1] c.d.e.service.SincronizacaoService       : Lendo VW_ECOMMERCE_PRECOS no banco de dados...
2026-09-02T19:30:00.080-03:00  INFO 22468 --- [ecommerce] [scheduling-1] c.d.e.service.SincronizacaoService       : Ciclo finalizado. Total de atualizações enviadas: 0
2026-09-02T19:30:00.080-03:00  INFO 22468 --- [ecommerce] [scheduling-1] c.d.e.s.SincronizacaoEstoqueService      : [ESTOQUE] Lendo VW_ECOMMERCE_ESTOQUE no banco de dados...
2026-09-02T19:30:00.099-03:00  INFO 22468 --- [ecommerce] [scheduling-1] c.d.e.s.SincronizacaoEstoqueService      : [ESTOQUE] Ciclo finalizado. Total de atualizações enviadas: 0
2026-09-02T19:31:00.000-03:00  INFO 22468 --- [ecommerce] [scheduling-1] c.d.e.s.SincronizacaoEstoqueService      : [ESTOQUE] Lendo VW_ECOMMERCE_ESTOQUE no banco de dados...
2026-09-02T19:31:00.102-03:00  INFO 22468 --- [ecommerce] [scheduling-1] c.d.e.s.SincronizacaoEstoqueService      : [ESTOQUE] Ciclo finalizado. Total de atualizações enviadas: 0
2026-09-02T19:31:00.102-03:00  INFO 22468 --- [ecommerce] [scheduling-1] c.d.e.service.SincronizacaoService       : Lendo VW_ECOMMERCE_PRECOS no banco de dados...
2026-09-02T19:31:00.448-03:00  INFO 22468 --- [ecommerce] [scheduling-1] c.d.e.service.SincronizacaoService       : Ciclo finalizado. Total de atualizações enviadas: 0
2026-09-02T19:32:00.000-03:00  INFO 22468 --- [ecommerce] [scheduling-1] c.d.e.service.SincronizacaoService       : Lendo VW_ECOMMERCE_PRECOS no banco de dados...
2026-09-02T19:32:00.122-03:00  INFO 22468 --- [ecommerce] [scheduling-1] c.d.e.service.SincronizacaoService       : Ciclo finalizado. Total de atualizações enviadas: 0
2026-09-02T19:32:00.122-03:00  INFO 22468 --- [ecommerce] [scheduling-1] c.d.e.s.SincronizacaoEstoqueService      : [ESTOQUE] Lendo VW_ECOMMERCE_ESTOQUE no banco de dados...
2026-09-02T19:32:00.160-03:00  INFO 22468 --- [ecommerce] [scheduling-1] c.d.e.s.SincronizacaoEstoqueService      : [ESTOQUE] Ciclo finalizado. Total de atualizações enviadas: 0
2026-09-02T19:33:00.000-03:00  INFO 22468 --- [ecommerce] [scheduling-1] c.d.e.s.SincronizacaoEstoqueService      : [ESTOQUE] Lendo VW_ECOMMERCE_ESTOQUE no banco de dados...
2026-09-02T19:33:00.107-03:00  INFO 22468 --- [ecommerce] [scheduling-1] c.d.e.s.SincronizacaoEstoqueService      : [ESTOQUE] Ciclo finalizado. Total de atualizações enviadas: 0
2026-09-02T19:33:00.107-03:00  INFO 22468 --- [ecommerce] [scheduling-1] c.d.e.service.SincronizacaoService       : Lendo VW_ECOMMERCE_PRECOS no banco de dados...
2026-09-02T19:33:00.199-03:00  INFO 22468 --- [ecommerce] [scheduling-1] c.d.e.service.SincronizacaoService       : Ciclo finalizado. Total de atualizações enviadas: 0
2026-09-02T19:34:00.000-03:00  INFO 22468 --- [ecommerce] [scheduling-1] c.d.e.s.SincronizacaoEstoqueService      : [ESTOQUE] Lendo VW_ECOMMERCE_ESTOQUE no banco de dados...
2026-09-02T19:34:00.057-03:00  INFO 22468 --- [ecommerce] [scheduling-1] c.d.e.s.SincronizacaoEstoqueService      : [ESTOQUE] Ciclo finalizado. Total de atualizações enviadas: 0
2026-09-02T19:34:00.057-03:00  INFO 22468 --- [ecommerce] [scheduling-1] c.d.e.service.SincronizacaoService       : Lendo VW_ECOMMERCE_PRECOS no banco de dados...
2026-09-02T19:34:00.104-03:00  INFO 22468 --- [ecommerce] [scheduling-1] c.d.e.service.SincronizacaoService       : Ciclo finalizado. Total de atualizações enviadas: 0
2026-09-02T19:34:59.999-03:00  INFO 22468 --- [ecommerce] [scheduling-1] c.d.e.s.SincronizacaoEstoqueService      : [ESTOQUE] Lendo VW_ECOMMERCE_ESTOQUE no banco de dados...
2026-09-02T19:35:00.083-03:00  INFO 22468 --- [ecommerce] [scheduling-1] c.d.e.s.SincronizacaoEstoqueService      : [ESTOQUE] Ciclo finalizado. Total de atualizações enviadas: 0
2026-09-02T19:35:00.083-03:00  INFO 22468 --- [ecommerce] [scheduling-1] c.d.e.service.SincronizacaoService       : Lendo VW_ECOMMERCE_PRECOS no banco de dados...
2026-09-02T19:35:00.137-03:00  INFO 22468 --- [ecommerce] [scheduling-1] c.d.e.service.SincronizacaoService       : Ciclo finalizado. Total de atualizações enviadas: 0
2026-09-02T19:36:00.000-03:00  INFO 22468 --- [ecommerce] [scheduling-1] c.d.e.service.SincronizacaoService       : Lendo VW_ECOMMERCE_PRECOS no banco de dados...
2026-09-02T19:36:00.201-03:00  INFO 22468 --- [ecommerce] [scheduling-1] c.d.e.service.SincronizacaoService       : Ciclo finalizado. Total de atualizações enviadas: 0
2026-09-02T19:36:00.201-03:00  INFO 22468 --- [ecommerce] [scheduling-1] c.d.e.s.SincronizacaoEstoqueService      : [ESTOQUE] Lendo VW_ECOMMERCE_ESTOQUE no banco de dados...
2026-09-02T19:36:00.236-03:00  INFO 22468 --- [ecommerce] [scheduling-1] c.d.e.s.SincronizacaoEstoqueService      : [ESTOQUE] Ciclo finalizado. Total de atualizações enviadas: 0
2026-09-02T19:37:00.000-03:00  INFO 22468 --- [ecommerce] [scheduling-1] c.d.e.s.SincronizacaoEstoqueService      : [ESTOQUE] Lendo VW_ECOMMERCE_ESTOQUE no banco de dados...
2026-09-02T19:37:00.039-03:00  INFO 22468 --- [ecommerce] [scheduling-1] c.d.e.s.SincronizacaoEstoqueService      : [ESTOQUE] Ciclo finalizado. Total de atualizações enviadas: 0
2026-09-02T19:37:00.039-03:00  INFO 22468 --- [ecommerce] [scheduling-1] c.d.e.service.SincronizacaoService       : Lendo VW_ECOMMERCE_PRECOS no banco de dados...
2026-09-02T19:37:00.098-03:00  INFO 22468 --- [ecommerce] [scheduling-1] c.d.e.service.SincronizacaoService       : Ciclo finalizado. Total de atualizações enviadas: 0
2026-09-02T19:38:00.000-03:00  INFO 22468 --- [ecommerce] [scheduling-1] c.d.e.s.SincronizacaoEstoqueService      : [ESTOQUE] Lendo VW_ECOMMERCE_ESTOQUE no banco de dados...
2026-09-02T19:38:00.107-03:00  INFO 22468 --- [ecommerce] [scheduling-1] c.d.e.s.SincronizacaoEstoqueService      : [ESTOQUE] Ciclo finalizado. Total de atualizações enviadas: 0
2026-09-02T19:38:00.107-03:00  INFO 22468 --- [ecommerce] [scheduling-1] c.d.e.service.SincronizacaoService       : Lendo VW_ECOMMERCE_PRECOS no banco de dados...
2026-09-02T19:38:00.350-03:00  INFO 22468 --- [ecommerce] [scheduling-1] c.d.e.service.SincronizacaoService       : Ciclo finalizado. Total de atualizações enviadas: 0
2026-09-02T19:39:00.000-03:00  INFO 22468 --- [ecommerce] [scheduling-1] c.d.e.service.SincronizacaoService       : Lendo VW_ECOMMERCE_PRECOS no banco de dados...
2026-09-02T19:39:00.728-03:00  INFO 22468 --- [ecommerce] [scheduling-1] c.d.e.service.SincronizacaoService       : Ciclo finalizado. Total de atualizações enviadas: 0
2026-09-02T19:39:00.729-03:00  INFO 22468 --- [ecommerce] [scheduling-1] c.d.e.s.SincronizacaoEstoqueService      : [ESTOQUE] Lendo VW_ECOMMERCE_ESTOQUE no banco de dados...
2026-09-02T19:39:00.813-03:00  INFO 22468 --- [ecommerce] [scheduling-1] c.d.e.s.SincronizacaoEstoqueService      : [ESTOQUE] Ciclo finalizado. Total de atualizações enviadas: 0
2026-09-02T19:40:00.000-03:00  INFO 22468 --- [ecommerce] [scheduling-1] c.d.e.service.SincronizacaoService       : Lendo VW_ECOMMERCE_PRECOS no banco de dados...
2026-09-02T19:40:00.059-03:00  INFO 22468 --- [ecommerce] [scheduling-1] c.d.e.service.SincronizacaoService       : Ciclo finalizado. Total de atualizações enviadas: 0
2026-09-02T19:40:00.059-03:00  INFO 22468 --- [ecommerce] [scheduling-1] c.d.e.s.SincronizacaoEstoqueService      : [ESTOQUE] Lendo VW_ECOMMERCE_ESTOQUE no banco de dados...
2026-09-02T19:40:00.086-03:00  INFO 22468 --- [ecommerce] [scheduling-1] c.d.e.s.SincronizacaoEstoqueService      : [ESTOQUE] Ciclo finalizado. Total de atualizações enviadas: 0
2026-09-02T19:40:59.999-03:00  INFO 22468 --- [ecommerce] [scheduling-1] c.d.e.s.SincronizacaoEstoqueService      : [ESTOQUE] Lendo VW_ECOMMERCE_ESTOQUE no banco de dados...
2026-09-02T19:41:00.047-03:00  INFO 22468 --- [ecommerce] [scheduling-1] c.d.e.s.SincronizacaoEstoqueService      : [ESTOQUE] Ciclo finalizado. Total de atualizações enviadas: 0
2026-09-02T19:41:00.047-03:00  INFO 22468 --- [ecommerce] [scheduling-1] c.d.e.service.SincronizacaoService       : Lendo VW_ECOMMERCE_PRECOS no banco de dados...
2026-09-02T19:41:00.104-03:00  INFO 22468 --- [ecommerce] [scheduling-1] c.d.e.service.SincronizacaoService       : Ciclo finalizado. Total de atualizações enviadas: 0
2026-09-02T19:42:00.001-03:00  INFO 22468 --- [ecommerce] [scheduling-1] c.d.e.service.SincronizacaoService       : Lendo VW_ECOMMERCE_PRECOS no banco de dados...
2026-09-02T19:42:00.070-03:00  INFO 22468 --- [ecommerce] [scheduling-1] c.d.e.service.SincronizacaoService       : Ciclo finalizado. Total de atualizações enviadas: 0
2026-09-02T19:42:00.071-03:00  INFO 22468 --- [ecommerce] [scheduling-1] c.d.e.s.SincronizacaoEstoqueService      : [ESTOQUE] Lendo VW_ECOMMERCE_ESTOQUE no banco de dados...
2026-09-02T19:42:00.101-03:00  INFO 22468 --- [ecommerce] [scheduling-1] c.d.e.s.SincronizacaoEstoqueService      : [ESTOQUE] Ciclo finalizado. Total de atualizações enviadas: 0
2026-09-02T19:42:59.999-03:00  INFO 22468 --- [ecommerce] [scheduling-1] c.d.e.service.SincronizacaoService       : Lendo VW_ECOMMERCE_PRECOS no banco de dados...
2026-09-02T19:43:00.096-03:00  INFO 22468 --- [ecommerce] [scheduling-1] c.d.e.service.SincronizacaoService       : Ciclo finalizado. Total de atualizações enviadas: 0
2026-09-02T19:43:00.096-03:00  INFO 22468 --- [ecommerce] [scheduling-1] c.d.e.s.SincronizacaoEstoqueService      : [ESTOQUE] Lendo VW_ECOMMERCE_ESTOQUE no banco de dados...
2026-09-02T19:43:00.119-03:00  INFO 22468 --- [ecommerce] [scheduling-1] c.d.e.s.SincronizacaoEstoqueService      : [ESTOQUE] Ciclo finalizado. Total de atualizações enviadas: 0
2026-09-02T19:44:00.000-03:00  INFO 22468 --- [ecommerce] [scheduling-1] c.d.e.s.SincronizacaoEstoqueService      : [ESTOQUE] Lendo VW_ECOMMERCE_ESTOQUE no banco de dados...
2026-09-02T19:44:00.044-03:00  INFO 22468 --- [ecommerce] [scheduling-1] c.d.e.s.SincronizacaoEstoqueService      : [ESTOQUE] Ciclo finalizado. Total de atualizações enviadas: 0
2026-09-02T19:44:00.044-03:00  INFO 22468 --- [ecommerce] [scheduling-1] c.d.e.service.SincronizacaoService       : Lendo VW_ECOMMERCE_PRECOS no banco de dados...
2026-09-02T19:44:00.205-03:00  INFO 22468 --- [ecommerce] [scheduling-1] c.d.e.service.SincronizacaoService       : Ciclo finalizado. Total de atualizações enviadas: 0
2026-09-02T19:45:00.000-03:00  INFO 22468 --- [ecommerce] [scheduling-1] c.d.e.service.SincronizacaoService       : Lendo VW_ECOMMERCE_PRECOS no banco de dados...
2026-09-02T19:45:00.152-03:00  INFO 22468 --- [ecommerce] [scheduling-1] c.d.e.service.SincronizacaoService       : Ciclo finalizado. Total de atualizações enviadas: 0
2026-09-02T19:45:00.153-03:00  INFO 22468 --- [ecommerce] [scheduling-1] c.d.e.s.SincronizacaoEstoqueService      : [ESTOQUE] Lendo VW_ECOMMERCE_ESTOQUE no banco de dados...
2026-09-02T19:45:00.210-03:00  INFO 22468 --- [ecommerce] [scheduling-1] c.d.e.s.SincronizacaoEstoqueService      : [ESTOQUE] Ciclo finalizado. Total de atualizações enviadas: 0
2026-09-02T19:45:59.999-03:00  INFO 22468 --- [ecommerce] [scheduling-1] c.d.e.service.SincronizacaoService       : Lendo VW_ECOMMERCE_PRECOS no banco de dados...
2026-09-02T19:46:00.112-03:00  INFO 22468 --- [ecommerce] [scheduling-1] c.d.e.service.SincronizacaoService       : Ciclo finalizado. Total de atualizações enviadas: 0
2026-09-02T19:46:00.112-03:00  INFO 22468 --- [ecommerce] [scheduling-1] c.d.e.s.SincronizacaoEstoqueService      : [ESTOQUE] Lendo VW_ECOMMERCE_ESTOQUE no banco de dados...
2026-09-02T19:46:00.134-03:00  INFO 22468 --- [ecommerce] [scheduling-1] c.d.e.s.SincronizacaoEstoqueService      : [ESTOQUE] Ciclo finalizado. Total de atualizações enviadas: 0
2026-09-02T19:47:00.000-03:00  INFO 22468 --- [ecommerce] [scheduling-1] c.d.e.service.SincronizacaoService       : Lendo VW_ECOMMERCE_PRECOS no banco de dados...
2026-09-02T19:47:00.177-03:00  INFO 22468 --- [ecommerce] [scheduling-1] c.d.e.service.SincronizacaoService       : Ciclo finalizado. Total de atualizações enviadas: 0
2026-09-02T19:47:00.177-03:00  INFO 22468 --- [ecommerce] [scheduling-1] c.d.e.s.SincronizacaoEstoqueService      : [ESTOQUE] Lendo VW_ECOMMERCE_ESTOQUE no banco de dados...
2026-09-02T19:47:00.224-03:00  INFO 22468 --- [ecommerce] [scheduling-1] c.d.e.s.SincronizacaoEstoqueService      : [ESTOQUE] Ciclo finalizado. Total de atualizações enviadas: 0
2026-09-02T19:48:00.000-03:00  INFO 22468 --- [ecommerce] [scheduling-1] c.d.e.s.SincronizacaoEstoqueService      : [ESTOQUE] Lendo VW_ECOMMERCE_ESTOQUE no banco de dados...
2026-09-02T19:48:00.040-03:00  INFO 22468 --- [ecommerce] [scheduling-1] c.d.e.s.SincronizacaoEstoqueService      : [ESTOQUE] Ciclo finalizado. Total de atualizações enviadas: 0
2026-09-02T19:48:00.041-03:00  INFO 22468 --- [ecommerce] [scheduling-1] c.d.e.service.SincronizacaoService       : Lendo VW_ECOMMERCE_PRECOS no banco de dados...
2026-09-02T19:48:00.083-03:00  INFO 22468 --- [ecommerce] [scheduling-1] c.d.e.service.SincronizacaoService       : Ciclo finalizado. Total de atualizações enviadas: 0
2026-09-02T19:48:59.999-03:00  INFO 22468 --- [ecommerce] [scheduling-1] c.d.e.s.SincronizacaoEstoqueService      : [ESTOQUE] Lendo VW_ECOMMERCE_ESTOQUE no banco de dados...
2026-09-02T19:49:00.072-03:00  INFO 22468 --- [ecommerce] [scheduling-1] c.d.e.s.SincronizacaoEstoqueService      : [ESTOQUE] Ciclo finalizado. Total de atualizações enviadas: 0
2026-09-02T19:49:00.072-03:00  INFO 22468 --- [ecommerce] [scheduling-1] c.d.e.service.SincronizacaoService       : Lendo VW_ECOMMERCE_PRECOS no banco de dados...
2026-09-02T19:49:00.203-03:00  INFO 22468 --- [ecommerce] [scheduling-1] c.d.e.service.SincronizacaoService       : Ciclo finalizado. Total de atualizações enviadas: 0
2026-09-02T19:50:00.001-03:00  INFO 22468 --- [ecommerce] [scheduling-1] c.d.e.s.SincronizacaoEstoqueService      : [ESTOQUE] Lendo VW_ECOMMERCE_ESTOQUE no banco de dados...
2026-09-02T19:50:00.043-03:00  INFO 22468 --- [ecommerce] [scheduling-1] c.d.e.s.SincronizacaoEstoqueService      : [ESTOQUE] Ciclo finalizado. Total de atualizações enviadas: 0
2026-09-02T19:50:00.043-03:00  INFO 22468 --- [ecommerce] [scheduling-1] c.d.e.service.SincronizacaoService       : Lendo VW_ECOMMERCE_PRECOS no banco de dados...
2026-09-02T19:50:00.111-03:00  INFO 22468 --- [ecommerce] [scheduling-1] c.d.e.service.SincronizacaoService       : Ciclo finalizado. Total de atualizações enviadas: 0
2026-09-02T19:51:00.000-03:00  INFO 22468 --- [ecommerce] [scheduling-1] c.d.e.s.SincronizacaoEstoqueService      : [ESTOQUE] Lendo VW_ECOMMERCE_ESTOQUE no banco de dados...
2026-09-02T19:51:00.067-03:00  INFO 22468 --- [ecommerce] [scheduling-1] c.d.e.s.SincronizacaoEstoqueService      : [ESTOQUE] Ciclo finalizado. Total de atualizações enviadas: 0
2026-09-02T19:51:00.067-03:00  INFO 22468 --- [ecommerce] [scheduling-1] c.d.e.service.SincronizacaoService       : Lendo VW_ECOMMERCE_PRECOS no banco de dados...
2026-09-02T19:51:00.363-03:00  INFO 22468 --- [ecommerce] [scheduling-1] c.d.e.service.SincronizacaoService       : Ciclo finalizado. Total de atualizações enviadas: 0
2026-09-02T19:52:00.000-03:00  INFO 22468 --- [ecommerce] [scheduling-1] c.d.e.service.SincronizacaoService       : Lendo VW_ECOMMERCE_PRECOS no banco de dados...
2026-09-02T19:52:00.055-03:00  INFO 22468 --- [ecommerce] [scheduling-1] c.d.e.service.SincronizacaoService       : Ciclo finalizado. Total de atualizações enviadas: 0
2026-09-02T19:52:00.055-03:00  INFO 22468 --- [ecommerce] [scheduling-1] c.d.e.s.SincronizacaoEstoqueService      : [ESTOQUE] Lendo VW_ECOMMERCE_ESTOQUE no banco de dados...
2026-09-02T19:52:00.087-03:00  INFO 22468 --- [ecommerce] [scheduling-1] c.d.e.s.SincronizacaoEstoqueService      : [ESTOQUE] Ciclo finalizado. Total de atualizações enviadas: 0
2026-09-02T19:53:00.000-03:00  INFO 22468 --- [ecommerce] [scheduling-1] c.d.e.service.SincronizacaoService       : Lendo VW_ECOMMERCE_PRECOS no banco de dados...
2026-09-02T19:53:00.179-03:00  INFO 22468 --- [ecommerce] [scheduling-1] c.d.e.service.SincronizacaoService       : Ciclo finalizado. Total de atualizações enviadas: 0
2026-09-02T19:53:00.179-03:00  INFO 22468 --- [ecommerce] [scheduling-1] c.d.e.s.SincronizacaoEstoqueService      : [ESTOQUE] Lendo VW_ECOMMERCE_ESTOQUE no banco de dados...
2026-09-02T19:53:00.223-03:00  INFO 22468 --- [ecommerce] [scheduling-1] c.d.e.s.SincronizacaoEstoqueService      : [ESTOQUE] Ciclo finalizado. Total de atualizações enviadas: 0
2026-09-02T19:54:00.000-03:00  INFO 22468 --- [ecommerce] [scheduling-1] c.d.e.s.SincronizacaoEstoqueService      : [ESTOQUE] Lendo VW_ECOMMERCE_ESTOQUE no banco de dados...
2026-09-02T19:54:00.104-03:00  INFO 22468 --- [ecommerce] [scheduling-1] c.d.e.s.SincronizacaoEstoqueService      : [ESTOQUE] Ciclo finalizado. Total de atualizações enviadas: 0
2026-09-02T19:54:00.105-03:00  INFO 22468 --- [ecommerce] [scheduling-1] c.d.e.service.SincronizacaoService       : Lendo VW_ECOMMERCE_PRECOS no banco de dados...
2026-09-02T19:54:00.162-03:00  INFO 22468 --- [ecommerce] [scheduling-1] c.d.e.service.SincronizacaoService       : Ciclo finalizado. Total de atualizações enviadas: 0
2026-09-02T19:55:00.001-03:00  INFO 22468 --- [ecommerce] [scheduling-1] c.d.e.s.SincronizacaoEstoqueService      : [ESTOQUE] Lendo VW_ECOMMERCE_ESTOQUE no banco de dados...
2026-09-02T19:55:00.029-03:00  INFO 22468 --- [ecommerce] [scheduling-1] c.d.e.s.SincronizacaoEstoqueService      : [ESTOQUE] Ciclo finalizado. Total de atualizações enviadas: 0
2026-09-02T19:55:00.029-03:00  INFO 22468 --- [ecommerce] [scheduling-1] c.d.e.service.SincronizacaoService       : Lendo VW_ECOMMERCE_PRECOS no banco de dados...
2026-09-02T19:55:00.091-03:00  INFO 22468 --- [ecommerce] [scheduling-1] c.d.e.service.SincronizacaoService       : Ciclo finalizado. Total de atualizações enviadas: 0
2026-09-02T19:55:59.999-03:00  INFO 22468 --- [ecommerce] [scheduling-1] c.d.e.service.SincronizacaoService       : Lendo VW_ECOMMERCE_PRECOS no banco de dados...
2026-09-02T19:56:00.117-03:00  INFO 22468 --- [ecommerce] [scheduling-1] c.d.e.service.SincronizacaoService       : Ciclo finalizado. Total de atualizações enviadas: 0
2026-09-02T19:56:00.117-03:00  INFO 22468 --- [ecommerce] [scheduling-1] c.d.e.s.SincronizacaoEstoqueService      : [ESTOQUE] Lendo VW_ECOMMERCE_ESTOQUE no banco de dados...
2026-09-02T19:56:00.141-03:00  INFO 22468 --- [ecommerce] [scheduling-1] c.d.e.s.SincronizacaoEstoqueService      : [ESTOQUE] Ciclo finalizado. Total de atualizações enviadas: 0
2026-09-02T19:57:00.001-03:00  INFO 22468 --- [ecommerce] [scheduling-1] c.d.e.s.SincronizacaoEstoqueService      : [ESTOQUE] Lendo VW_ECOMMERCE_ESTOQUE no banco de dados...
2026-09-02T19:57:00.080-03:00  INFO 22468 --- [ecommerce] [scheduling-1] c.d.e.s.SincronizacaoEstoqueService      : [ESTOQUE] Ciclo finalizado. Total de atualizações enviadas: 0
2026-09-02T19:57:00.081-03:00  INFO 22468 --- [ecommerce] [scheduling-1] c.d.e.service.SincronizacaoService       : Lendo VW_ECOMMERCE_PRECOS no banco de dados...
2026-09-02T19:57:00.207-03:00  INFO 22468 --- [ecommerce] [scheduling-1] c.d.e.service.SincronizacaoService       : Ciclo finalizado. Total de atualizações enviadas: 0
2026-09-02T19:58:00.000-03:00  INFO 22468 --- [ecommerce] [scheduling-1] c.d.e.s.SincronizacaoEstoqueService      : [ESTOQUE] Lendo VW_ECOMMERCE_ESTOQUE no banco de dados...
2026-09-02T19:58:00.090-03:00  INFO 22468 --- [ecommerce] [scheduling-1] c.d.e.s.SincronizacaoEstoqueService      : [ESTOQUE] Ciclo finalizado. Total de atualizações enviadas: 0
2026-09-02T19:58:00.090-03:00  INFO 22468 --- [ecommerce] [scheduling-1] c.d.e.service.SincronizacaoService       : Lendo VW_ECOMMERCE_PRECOS no banco de dados...
2026-09-02T19:58:00.133-03:00  INFO 22468 --- [ecommerce] [scheduling-1] c.d.e.service.SincronizacaoService       : Ciclo finalizado. Total de atualizações enviadas: 0
2026-09-02T19:59:00.000-03:00  INFO 22468 --- [ecommerce] [scheduling-1] c.d.e.service.SincronizacaoService       : Lendo VW_ECOMMERCE_PRECOS no banco de dados...
2026-09-02T19:59:00.066-03:00  INFO 22468 --- [ecommerce] [scheduling-1] c.d.e.service.SincronizacaoService       : Ciclo finalizado. Total de atualizações enviadas: 0
2026-09-02T19:59:00.066-03:00  INFO 22468 --- [ecommerce] [scheduling-1] c.d.e.s.SincronizacaoEstoqueService      : [ESTOQUE] Lendo VW_ECOMMERCE_ESTOQUE no banco de dados...
2026-09-02T19:59:00.091-03:00  INFO 22468 --- [ecommerce] [scheduling-1] c.d.e.s.SincronizacaoEstoqueService      : [ESTOQUE] Ciclo finalizado. Total de atualizações enviadas: 0
2026-09-02T20:00:00.000-03:00  INFO 22468 --- [ecommerce] [scheduling-1] c.d.e.service.SincronizacaoService       : Lendo VW_ECOMMERCE_PRECOS no banco de dados...
2026-09-02T20:00:00.110-03:00  INFO 22468 --- [ecommerce] [scheduling-1] c.d.e.service.SincronizacaoService       : Ciclo finalizado. Total de atualizações enviadas: 0
2026-09-02T20:00:00.110-03:00  INFO 22468 --- [ecommerce] [scheduling-1] c.d.e.s.SincronizacaoEstoqueService      : [ESTOQUE] Lendo VW_ECOMMERCE_ESTOQUE no banco de dados...
2026-09-02T20:00:00.136-03:00  INFO 22468 --- [ecommerce] [scheduling-1] c.d.e.s.SincronizacaoEstoqueService      : [ESTOQUE] Ciclo finalizado. Total de atualizações enviadas: 0
2026-09-02T20:00:59.999-03:00  INFO 22468 --- [ecommerce] [scheduling-1] c.d.e.s.SincronizacaoEstoqueService      : [ESTOQUE] Lendo VW_ECOMMERCE_ESTOQUE no banco de dados...
2026-09-02T20:01:00.057-03:00  INFO 22468 --- [ecommerce] [scheduling-1] c.d.e.s.SincronizacaoEstoqueService      : [ESTOQUE] Ciclo finalizado. Total de atualizações enviadas: 0
2026-09-02T20:01:00.057-03:00  INFO 22468 --- [ecommerce] [scheduling-1] c.d.e.service.SincronizacaoService       : Lendo VW_ECOMMERCE_PRECOS no banco de dados...
2026-09-02T20:01:00.104-03:00  INFO 22468 --- [ecommerce] [scheduling-1] c.d.e.service.SincronizacaoService       : Ciclo finalizado. Total de atualizações enviadas: 0
2026-09-02T20:02:00.000-03:00  INFO 22468 --- [ecommerce] [scheduling-1] c.d.e.s.SincronizacaoEstoqueService      : [ESTOQUE] Lendo VW_ECOMMERCE_ESTOQUE no banco de dados...
2026-09-02T20:02:00.068-03:00  INFO 22468 --- [ecommerce] [scheduling-1] c.d.e.s.SincronizacaoEstoqueService      : [ESTOQUE] Ciclo finalizado. Total de atualizações enviadas: 0
2026-09-02T20:02:00.068-03:00  INFO 22468 --- [ecommerce] [scheduling-1] c.d.e.service.SincronizacaoService       : Lendo VW_ECOMMERCE_PRECOS no banco de dados...
2026-09-02T20:02:00.121-03:00  INFO 22468 --- [ecommerce] [scheduling-1] c.d.e.service.SincronizacaoService       : Ciclo finalizado. Total de atualizações enviadas: 0
2026-09-02T20:02:59.999-03:00  INFO 22468 --- [ecommerce] [scheduling-1] c.d.e.service.SincronizacaoService       : Lendo VW_ECOMMERCE_PRECOS no banco de dados...
2026-09-02T20:03:00.056-03:00  INFO 22468 --- [ecommerce] [scheduling-1] c.d.e.service.SincronizacaoService       : Ciclo finalizado. Total de atualizações enviadas: 0
2026-09-02T20:03:00.056-03:00  INFO 22468 --- [ecommerce] [scheduling-1] c.d.e.s.SincronizacaoEstoqueService      : [ESTOQUE] Lendo VW_ECOMMERCE_ESTOQUE no banco de dados...
2026-09-02T20:03:00.088-03:00  INFO 22468 --- [ecommerce] [scheduling-1] c.d.e.s.SincronizacaoEstoqueService      : [ESTOQUE] Ciclo finalizado. Total de atualizações enviadas: 0
2026-09-02T20:04:00.000-03:00  INFO 22468 --- [ecommerce] [scheduling-1] c.d.e.s.SincronizacaoEstoqueService      : [ESTOQUE] Lendo VW_ECOMMERCE_ESTOQUE no banco de dados...
2026-09-02T20:04:00.064-03:00  INFO 22468 --- [ecommerce] [scheduling-1] c.d.e.s.SincronizacaoEstoqueService      : [ESTOQUE] Ciclo finalizado. Total de atualizações enviadas: 0
2026-09-02T20:04:00.064-03:00  INFO 22468 --- [ecommerce] [scheduling-1] c.d.e.service.SincronizacaoService       : Lendo VW_ECOMMERCE_PRECOS no banco de dados...
2026-09-02T20:04:00.151-03:00  INFO 22468 --- [ecommerce] [scheduling-1] c.d.e.service.SincronizacaoService       : Ciclo finalizado. Total de atualizações enviadas: 0
2026-09-02T20:05:00.000-03:00  INFO 22468 --- [ecommerce] [scheduling-1] c.d.e.s.SincronizacaoEstoqueService      : [ESTOQUE] Lendo VW_ECOMMERCE_ESTOQUE no banco de dados...
2026-09-02T20:05:00.070-03:00  INFO 22468 --- [ecommerce] [scheduling-1] c.d.e.s.SincronizacaoEstoqueService      : [ESTOQUE] Ciclo finalizado. Total de atualizações enviadas: 0
2026-09-02T20:05:00.070-03:00  INFO 22468 --- [ecommerce] [scheduling-1] c.d.e.service.SincronizacaoService       : Lendo VW_ECOMMERCE_PRECOS no banco de dados...
2026-09-02T20:05:00.117-03:00  INFO 22468 --- [ecommerce] [scheduling-1] c.d.e.service.SincronizacaoService       : Ciclo finalizado. Total de atualizações enviadas: 0
2026-09-02T20:06:00.001-03:00  INFO 22468 --- [ecommerce] [scheduling-1] c.d.e.s.SincronizacaoEstoqueService      : [ESTOQUE] Lendo VW_ECOMMERCE_ESTOQUE no banco de dados...
2026-09-02T20:06:00.093-03:00  INFO 22468 --- [ecommerce] [scheduling-1] c.d.e.s.SincronizacaoEstoqueService      : [ESTOQUE] Ciclo finalizado. Total de atualizações enviadas: 0
2026-09-02T20:06:00.094-03:00  INFO 22468 --- [ecommerce] [scheduling-1] c.d.e.service.SincronizacaoService       : Lendo VW_ECOMMERCE_PRECOS no banco de dados...
2026-09-02T20:06:00.155-03:00  INFO 22468 --- [ecommerce] [scheduling-1] c.d.e.service.SincronizacaoService       : Ciclo finalizado. Total de atualizações enviadas: 0
2026-09-02T20:07:00.000-03:00  INFO 22468 --- [ecommerce] [scheduling-1] c.d.e.s.SincronizacaoEstoqueService      : [ESTOQUE] Lendo VW_ECOMMERCE_ESTOQUE no banco de dados...
2026-09-02T20:07:00.053-03:00  INFO 22468 --- [ecommerce] [scheduling-1] c.d.e.s.SincronizacaoEstoqueService      : [ESTOQUE] Ciclo finalizado. Total de atualizações enviadas: 0
2026-09-02T20:07:00.054-03:00  INFO 22468 --- [ecommerce] [scheduling-1] c.d.e.service.SincronizacaoService       : Lendo VW_ECOMMERCE_PRECOS no banco de dados...
2026-09-02T20:07:00.295-03:00  INFO 22468 --- [ecommerce] [scheduling-1] c.d.e.service.SincronizacaoService       : Ciclo finalizado. Total de atualizações enviadas: 0
2026-09-02T20:08:00.000-03:00  INFO 22468 --- [ecommerce] [scheduling-1] c.d.e.s.SincronizacaoEstoqueService      : [ESTOQUE] Lendo VW_ECOMMERCE_ESTOQUE no banco de dados...
2026-09-02T20:08:00.072-03:00  INFO 22468 --- [ecommerce] [scheduling-1] c.d.e.s.SincronizacaoEstoqueService      : [ESTOQUE] Ciclo finalizado. Total de atualizações enviadas: 0
2026-09-02T20:08:00.072-03:00  INFO 22468 --- [ecommerce] [scheduling-1] c.d.e.service.SincronizacaoService       : Lendo VW_ECOMMERCE_PRECOS no banco de dados...
2026-09-02T20:08:00.120-03:00  INFO 22468 --- [ecommerce] [scheduling-1] c.d.e.service.SincronizacaoService       : Ciclo finalizado. Total de atualizações enviadas: 0
2026-09-02T20:09:00.000-03:00  INFO 22468 --- [ecommerce] [scheduling-1] c.d.e.service.SincronizacaoService       : Lendo VW_ECOMMERCE_PRECOS no banco de dados...
2026-09-02T20:09:00.087-03:00  INFO 22468 --- [ecommerce] [scheduling-1] c.d.e.service.SincronizacaoService       : Ciclo finalizado. Total de atualizações enviadas: 0
2026-09-02T20:09:00.087-03:00  INFO 22468 --- [ecommerce] [scheduling-1] c.d.e.s.SincronizacaoEstoqueService      : [ESTOQUE] Lendo VW_ECOMMERCE_ESTOQUE no banco de dados...
2026-09-02T20:09:00.110-03:00  INFO 22468 --- [ecommerce] [scheduling-1] c.d.e.s.SincronizacaoEstoqueService      : [ESTOQUE] Ciclo finalizado. Total de atualizações enviadas: 0
2026-09-02T20:10:00.000-03:00  INFO 22468 --- [ecommerce] [scheduling-1] c.d.e.service.SincronizacaoService       : Lendo VW_ECOMMERCE_PRECOS no banco de dados...
2026-09-02T20:10:00.052-03:00  INFO 22468 --- [ecommerce] [scheduling-1] c.d.e.service.SincronizacaoService       : Ciclo finalizado. Total de atualizações enviadas: 0
2026-09-02T20:10:00.054-03:00  INFO 22468 --- [ecommerce] [scheduling-1] c.d.e.s.SincronizacaoEstoqueService      : [ESTOQUE] Lendo VW_ECOMMERCE_ESTOQUE no banco de dados...
2026-09-02T20:10:00.093-03:00  INFO 22468 --- [ecommerce] [scheduling-1] c.d.e.s.SincronizacaoEstoqueService      : [ESTOQUE] Ciclo finalizado. Total de atualizações enviadas: 0
2026-09-02T20:10:59.999-03:00  INFO 22468 --- [ecommerce] [scheduling-1] c.d.e.service.SincronizacaoService       : Lendo VW_ECOMMERCE_PRECOS no banco de dados...
2026-09-02T20:11:00.087-03:00  INFO 22468 --- [ecommerce] [scheduling-1] c.d.e.service.SincronizacaoService       : Ciclo finalizado. Total de atualizações enviadas: 0
2026-09-02T20:11:00.087-03:00  INFO 22468 --- [ecommerce] [scheduling-1] c.d.e.s.SincronizacaoEstoqueService      : [ESTOQUE] Lendo VW_ECOMMERCE_ESTOQUE no banco de dados...
2026-09-02T20:11:00.112-03:00  INFO 22468 --- [ecommerce] [scheduling-1] c.d.e.s.SincronizacaoEstoqueService      : [ESTOQUE] Ciclo finalizado. Total de atualizações enviadas: 0
2026-09-02T20:12:00.000-03:00  INFO 22468 --- [ecommerce] [scheduling-1] c.d.e.s.SincronizacaoEstoqueService      : [ESTOQUE] Lendo VW_ECOMMERCE_ESTOQUE no banco de dados...
2026-09-02T20:12:00.053-03:00  INFO 22468 --- [ecommerce] [scheduling-1] c.d.e.s.SincronizacaoEstoqueService      : [ESTOQUE] Ciclo finalizado. Total de atualizações enviadas: 0
2026-09-02T20:12:00.053-03:00  INFO 22468 --- [ecommerce] [scheduling-1] c.d.e.service.SincronizacaoService       : Lendo VW_ECOMMERCE_PRECOS no banco de dados...
2026-09-02T20:12:00.113-03:00  INFO 22468 --- [ecommerce] [scheduling-1] c.d.e.service.SincronizacaoService       : Ciclo finalizado. Total de atualizações enviadas: 0
2026-09-02T20:13:00.000-03:00  INFO 22468 --- [ecommerce] [scheduling-1] c.d.e.s.SincronizacaoEstoqueService      : [ESTOQUE] Lendo VW_ECOMMERCE_ESTOQUE no banco de dados...
2026-09-02T20:13:00.081-03:00  INFO 22468 --- [ecommerce] [scheduling-1] c.d.e.s.SincronizacaoEstoqueService      : [ESTOQUE] Ciclo finalizado. Total de atualizações enviadas: 0
2026-09-02T20:13:00.081-03:00  INFO 22468 --- [ecommerce] [scheduling-1] c.d.e.service.SincronizacaoService       : Lendo VW_ECOMMERCE_PRECOS no banco de dados...
2026-09-02T20:13:00.138-03:00  INFO 22468 --- [ecommerce] [scheduling-1] c.d.e.service.SincronizacaoService       : Ciclo finalizado. Total de atualizações enviadas: 0
2026-09-02T20:14:00.000-03:00  INFO 22468 --- [ecommerce] [scheduling-1] c.d.e.s.SincronizacaoEstoqueService      : [ESTOQUE] Lendo VW_ECOMMERCE_ESTOQUE no banco de dados...
2026-09-02T20:14:00.047-03:00  INFO 22468 --- [ecommerce] [scheduling-1] c.d.e.s.SincronizacaoEstoqueService      : [ESTOQUE] Ciclo finalizado. Total de atualizações enviadas: 0
2026-09-02T20:14:00.047-03:00  INFO 22468 --- [ecommerce] [scheduling-1] c.d.e.service.SincronizacaoService       : Lendo VW_ECOMMERCE_PRECOS no banco de dados...
2026-09-02T20:14:00.090-03:00  INFO 22468 --- [ecommerce] [scheduling-1] c.d.e.service.SincronizacaoService       : Ciclo finalizado. Total de atualizações enviadas: 0
2026-09-02T20:15:00.001-03:00  INFO 22468 --- [ecommerce] [scheduling-1] c.d.e.service.SincronizacaoService       : Lendo VW_ECOMMERCE_PRECOS no banco de dados...
2026-09-02T20:15:00.117-03:00  INFO 22468 --- [ecommerce] [scheduling-1] c.d.e.service.SincronizacaoService       : Ciclo finalizado. Total de atualizações enviadas: 0
2026-09-02T20:15:00.117-03:00  INFO 22468 --- [ecommerce] [scheduling-1] c.d.e.s.SincronizacaoEstoqueService      : [ESTOQUE] Lendo VW_ECOMMERCE_ESTOQUE no banco de dados...
2026-09-02T20:15:00.140-03:00  INFO 22468 --- [ecommerce] [scheduling-1] c.d.e.s.SincronizacaoEstoqueService      : [ESTOQUE] Ciclo finalizado. Total de atualizações enviadas: 0
2026-09-02T20:16:00.001-03:00  INFO 22468 --- [ecommerce] [scheduling-1] c.d.e.s.SincronizacaoEstoqueService      : [ESTOQUE] Lendo VW_ECOMMERCE_ESTOQUE no banco de dados...
2026-09-02T20:16:00.110-03:00  INFO 22468 --- [ecommerce] [scheduling-1] c.d.e.s.SincronizacaoEstoqueService      : [ESTOQUE] Ciclo finalizado. Total de atualizações enviadas: 0
2026-09-02T20:16:00.111-03:00  INFO 22468 --- [ecommerce] [scheduling-1] c.d.e.service.SincronizacaoService       : Lendo VW_ECOMMERCE_PRECOS no banco de dados...
2026-09-02T20:16:00.486-03:00  INFO 22468 --- [ecommerce] [scheduling-1] c.d.e.service.SincronizacaoService       : Ciclo finalizado. Total de atualizações enviadas: 0
2026-09-02T20:17:00.000-03:00  INFO 22468 --- [ecommerce] [scheduling-1] c.d.e.s.SincronizacaoEstoqueService      : [ESTOQUE] Lendo VW_ECOMMERCE_ESTOQUE no banco de dados...
2026-09-02T20:17:00.052-03:00  INFO 22468 --- [ecommerce] [scheduling-1] c.d.e.s.SincronizacaoEstoqueService      : [ESTOQUE] Ciclo finalizado. Total de atualizações enviadas: 0
2026-09-02T20:17:00.052-03:00  INFO 22468 --- [ecommerce] [scheduling-1] c.d.e.service.SincronizacaoService       : Lendo VW_ECOMMERCE_PRECOS no banco de dados...
2026-09-02T20:17:00.145-03:00  INFO 22468 --- [ecommerce] [scheduling-1] c.d.e.service.SincronizacaoService       : Ciclo finalizado. Total de atualizações enviadas: 0
2026-09-02T20:18:00.001-03:00  INFO 22468 --- [ecommerce] [scheduling-1] c.d.e.service.SincronizacaoService       : Lendo VW_ECOMMERCE_PRECOS no banco de dados...
2026-09-02T20:18:00.183-03:00  INFO 22468 --- [ecommerce] [scheduling-1] c.d.e.service.SincronizacaoService       : Ciclo finalizado. Total de atualizações enviadas: 0
2026-09-02T20:18:00.184-03:00  INFO 22468 --- [ecommerce] [scheduling-1] c.d.e.s.SincronizacaoEstoqueService      : [ESTOQUE] Lendo VW_ECOMMERCE_ESTOQUE no banco de dados...
2026-09-02T20:18:00.222-03:00  INFO 22468 --- [ecommerce] [scheduling-1] c.d.e.s.SincronizacaoEstoqueService      : [ESTOQUE] Ciclo finalizado. Total de atualizações enviadas: 0
2026-09-02T20:19:00.001-03:00  INFO 22468 --- [ecommerce] [scheduling-1] c.d.e.s.SincronizacaoEstoqueService      : [ESTOQUE] Lendo VW_ECOMMERCE_ESTOQUE no banco de dados...
2026-09-02T20:19:00.110-03:00  INFO 22468 --- [ecommerce] [scheduling-1] c.d.e.s.SincronizacaoEstoqueService      : [ESTOQUE] Ciclo finalizado. Total de atualizações enviadas: 0
2026-09-02T20:19:00.110-03:00  INFO 22468 --- [ecommerce] [scheduling-1] c.d.e.service.SincronizacaoService       : Lendo VW_ECOMMERCE_PRECOS no banco de dados...
2026-09-02T20:19:00.198-03:00  INFO 22468 --- [ecommerce] [scheduling-1] c.d.e.service.SincronizacaoService       : Ciclo finalizado. Total de atualizações enviadas: 0
2026-09-02T20:20:00.000-03:00  INFO 22468 --- [ecommerce] [scheduling-1] c.d.e.s.SincronizacaoEstoqueService      : [ESTOQUE] Lendo VW_ECOMMERCE_ESTOQUE no banco de dados...
2026-09-02T20:20:00.044-03:00  INFO 22468 --- [ecommerce] [scheduling-1] c.d.e.s.SincronizacaoEstoqueService      : [ESTOQUE] Ciclo finalizado. Total de atualizações enviadas: 0
2026-09-02T20:20:00.044-03:00  INFO 22468 --- [ecommerce] [scheduling-1] c.d.e.service.SincronizacaoService       : Lendo VW_ECOMMERCE_PRECOS no banco de dados...
2026-09-02T20:20:00.093-03:00  INFO 22468 --- [ecommerce] [scheduling-1] c.d.e.service.SincronizacaoService       : Ciclo finalizado. Total de atualizações enviadas: 0
2026-09-02T20:21:00.000-03:00  INFO 22468 --- [ecommerce] [scheduling-1] c.d.e.service.SincronizacaoService       : Lendo VW_ECOMMERCE_PRECOS no banco de dados...
2026-09-02T20:21:00.087-03:00  INFO 22468 --- [ecommerce] [scheduling-1] c.d.e.service.SincronizacaoService       : Ciclo finalizado. Total de atualizações enviadas: 0
2026-09-02T20:21:00.088-03:00  INFO 22468 --- [ecommerce] [scheduling-1] c.d.e.s.SincronizacaoEstoqueService      : [ESTOQUE] Lendo VW_ECOMMERCE_ESTOQUE no banco de dados...
2026-09-02T20:21:00.107-03:00  INFO 22468 --- [ecommerce] [scheduling-1] c.d.e.s.SincronizacaoEstoqueService      : [ESTOQUE] Ciclo finalizado. Total de atualizações enviadas: 0
2026-09-02T20:22:00.000-03:00  INFO 22468 --- [ecommerce] [scheduling-1] c.d.e.service.SincronizacaoService       : Lendo VW_ECOMMERCE_PRECOS no banco de dados...
2026-09-02T20:22:00.345-03:00  INFO 22468 --- [ecommerce] [scheduling-1] c.d.e.service.SincronizacaoService       : Ciclo finalizado. Total de atualizações enviadas: 0
2026-09-02T20:22:00.347-03:00  INFO 22468 --- [ecommerce] [scheduling-1] c.d.e.s.SincronizacaoEstoqueService      : [ESTOQUE] Lendo VW_ECOMMERCE_ESTOQUE no banco de dados...
2026-09-02T20:22:00.397-03:00  INFO 22468 --- [ecommerce] [scheduling-1] c.d.e.s.SincronizacaoEstoqueService      : [ESTOQUE] Ciclo finalizado. Total de atualizações enviadas: 0
2026-09-02T20:23:00.000-03:00  INFO 22468 --- [ecommerce] [scheduling-1] c.d.e.s.SincronizacaoEstoqueService      : [ESTOQUE] Lendo VW_ECOMMERCE_ESTOQUE no banco de dados...
2026-09-02T20:23:00.052-03:00  INFO 22468 --- [ecommerce] [scheduling-1] c.d.e.s.SincronizacaoEstoqueService      : [ESTOQUE] Ciclo finalizado. Total de atualizações enviadas: 0
2026-09-02T20:23:00.052-03:00  INFO 22468 --- [ecommerce] [scheduling-1] c.d.e.service.SincronizacaoService       : Lendo VW_ECOMMERCE_PRECOS no banco de dados...
2026-09-02T20:23:00.261-03:00  INFO 22468 --- [ecommerce] [scheduling-1] c.d.e.service.SincronizacaoService       : Ciclo finalizado. Total de atualizações enviadas: 0
2026-09-02T20:24:00.000-03:00  INFO 22468 --- [ecommerce] [scheduling-1] c.d.e.service.SincronizacaoService       : Lendo VW_ECOMMERCE_PRECOS no banco de dados...
2026-09-02T20:24:00.087-03:00  INFO 22468 --- [ecommerce] [scheduling-1] c.d.e.service.SincronizacaoService       : Ciclo finalizado. Total de atualizações enviadas: 0
2026-09-02T20:24:00.088-03:00  INFO 22468 --- [ecommerce] [scheduling-1] c.d.e.s.SincronizacaoEstoqueService      : [ESTOQUE] Lendo VW_ECOMMERCE_ESTOQUE no banco de dados...
2026-09-02T20:24:00.117-03:00  INFO 22468 --- [ecommerce] [scheduling-1] c.d.e.s.SincronizacaoEstoqueService      : [ESTOQUE] Ciclo finalizado. Total de atualizações enviadas: 0
2026-09-02T20:25:00.000-03:00  INFO 22468 --- [ecommerce] [scheduling-1] c.d.e.service.SincronizacaoService       : Lendo VW_ECOMMERCE_PRECOS no banco de dados...
2026-09-02T20:25:00.113-03:00  INFO 22468 --- [ecommerce] [scheduling-1] c.d.e.service.SincronizacaoService       : Ciclo finalizado. Total de atualizações enviadas: 0
2026-09-02T20:25:00.113-03:00  INFO 22468 --- [ecommerce] [scheduling-1] c.d.e.s.SincronizacaoEstoqueService      : [ESTOQUE] Lendo VW_ECOMMERCE_ESTOQUE no banco de dados...
2026-09-02T20:25:00.134-03:00  INFO 22468 --- [ecommerce] [scheduling-1] c.d.e.s.SincronizacaoEstoqueService      : [ESTOQUE] Ciclo finalizado. Total de atualizações enviadas: 0
2026-09-02T20:26:00.001-03:00  INFO 22468 --- [ecommerce] [scheduling-1] c.d.e.service.SincronizacaoService       : Lendo VW_ECOMMERCE_PRECOS no banco de dados...
2026-09-02T20:26:00.120-03:00  INFO 22468 --- [ecommerce] [scheduling-1] c.d.e.service.SincronizacaoService       : Ciclo finalizado. Total de atualizações enviadas: 0
2026-09-02T20:26:00.122-03:00  INFO 22468 --- [ecommerce] [scheduling-1] c.d.e.s.SincronizacaoEstoqueService      : [ESTOQUE] Lendo VW_ECOMMERCE_ESTOQUE no banco de dados...
2026-09-02T20:26:00.157-03:00  INFO 22468 --- [ecommerce] [scheduling-1] c.d.e.s.SincronizacaoEstoqueService      : [ESTOQUE] Ciclo finalizado. Total de atualizações enviadas: 0
2026-09-02T20:26:59.999-03:00  INFO 22468 --- [ecommerce] [scheduling-1] c.d.e.service.SincronizacaoService       : Lendo VW_ECOMMERCE_PRECOS no banco de dados...
2026-09-02T20:27:00.607-03:00  INFO 22468 --- [ecommerce] [scheduling-1] c.d.e.service.SincronizacaoService       : Ciclo finalizado. Total de atualizações enviadas: 0
2026-09-02T20:27:00.608-03:00  INFO 22468 --- [ecommerce] [scheduling-1] c.d.e.s.SincronizacaoEstoqueService      : [ESTOQUE] Lendo VW_ECOMMERCE_ESTOQUE no banco de dados...
2026-09-02T20:27:00.694-03:00  INFO 22468 --- [ecommerce] [scheduling-1] c.d.e.s.SincronizacaoEstoqueService      : [ESTOQUE] Ciclo finalizado. Total de atualizações enviadas: 0
2026-09-02T20:28:00.000-03:00  INFO 22468 --- [ecommerce] [scheduling-1] c.d.e.s.SincronizacaoEstoqueService      : [ESTOQUE] Lendo VW_ECOMMERCE_ESTOQUE no banco de dados...
2026-09-02T20:28:00.050-03:00  INFO 22468 --- [ecommerce] [scheduling-1] c.d.e.s.SincronizacaoEstoqueService      : [ESTOQUE] Ciclo finalizado. Total de atualizações enviadas: 0
2026-09-02T20:28:00.050-03:00  INFO 22468 --- [ecommerce] [scheduling-1] c.d.e.service.SincronizacaoService       : Lendo VW_ECOMMERCE_PRECOS no banco de dados...
2026-09-02T20:28:00.149-03:00  INFO 22468 --- [ecommerce] [scheduling-1] c.d.e.service.SincronizacaoService       : Ciclo finalizado. Total de atualizações enviadas: 0
2026-09-02T20:28:59.999-03:00  INFO 22468 --- [ecommerce] [scheduling-1] c.d.e.s.SincronizacaoEstoqueService      : [ESTOQUE] Lendo VW_ECOMMERCE_ESTOQUE no banco de dados...
2026-09-02T20:29:00.057-03:00  INFO 22468 --- [ecommerce] [scheduling-1] c.d.e.s.SincronizacaoEstoqueService      : [ESTOQUE] Ciclo finalizado. Total de atualizações enviadas: 0
2026-09-02T20:29:00.057-03:00  INFO 22468 --- [ecommerce] [scheduling-1] c.d.e.service.SincronizacaoService       : Lendo VW_ECOMMERCE_PRECOS no banco de dados...
2026-09-02T20:29:00.103-03:00  INFO 22468 --- [ecommerce] [scheduling-1] c.d.e.service.SincronizacaoService       : Ciclo finalizado. Total de atualizações enviadas: 0
2026-09-02T20:29:59.999-03:00  INFO 22468 --- [ecommerce] [scheduling-1] c.d.e.service.SincronizacaoService       : Lendo VW_ECOMMERCE_PRECOS no banco de dados...
2026-09-02T20:30:00.066-03:00  INFO 22468 --- [ecommerce] [scheduling-1] c.d.e.service.SincronizacaoService       : Ciclo finalizado. Total de atualizações enviadas: 0
2026-09-02T20:30:00.067-03:00  INFO 22468 --- [ecommerce] [scheduling-1] c.d.e.s.SincronizacaoEstoqueService      : [ESTOQUE] Lendo VW_ECOMMERCE_ESTOQUE no banco de dados...
2026-09-02T20:30:00.107-03:00  INFO 22468 --- [ecommerce] [scheduling-1] c.d.e.s.SincronizacaoEstoqueService      : [ESTOQUE] Ciclo finalizado. Total de atualizações enviadas: 0
2026-09-02T20:31:00.000-03:00  INFO 22468 --- [ecommerce] [scheduling-1] c.d.e.service.SincronizacaoService       : Lendo VW_ECOMMERCE_PRECOS no banco de dados...
2026-09-02T20:31:00.105-03:00  INFO 22468 --- [ecommerce] [scheduling-1] c.d.e.service.SincronizacaoService       : Ciclo finalizado. Total de atualizações enviadas: 0
2026-09-02T20:31:00.105-03:00  INFO 22468 --- [ecommerce] [scheduling-1] c.d.e.s.SincronizacaoEstoqueService      : [ESTOQUE] Lendo VW_ECOMMERCE_ESTOQUE no banco de dados...
2026-09-02T20:31:00.126-03:00  INFO 22468 --- [ecommerce] [scheduling-1] c.d.e.s.SincronizacaoEstoqueService      : [ESTOQUE] Ciclo finalizado. Total de atualizações enviadas: 0
2026-09-02T20:32:00.000-03:00  INFO 22468 --- [ecommerce] [scheduling-1] c.d.e.service.SincronizacaoService       : Lendo VW_ECOMMERCE_PRECOS no banco de dados...
2026-09-02T20:32:00.088-03:00  INFO 22468 --- [ecommerce] [scheduling-1] c.d.e.service.SincronizacaoService       : Ciclo finalizado. Total de atualizações enviadas: 0
2026-09-02T20:32:00.089-03:00  INFO 22468 --- [ecommerce] [scheduling-1] c.d.e.s.SincronizacaoEstoqueService      : [ESTOQUE] Lendo VW_ECOMMERCE_ESTOQUE no banco de dados...
2026-09-02T20:32:00.116-03:00  INFO 22468 --- [ecommerce] [scheduling-1] c.d.e.s.SincronizacaoEstoqueService      : [ESTOQUE] Ciclo finalizado. Total de atualizações enviadas: 0
2026-09-02T20:32:59.999-03:00  INFO 22468 --- [ecommerce] [scheduling-1] c.d.e.service.SincronizacaoService       : Lendo VW_ECOMMERCE_PRECOS no banco de dados...
2026-09-02T20:33:00.139-03:00  INFO 22468 --- [ecommerce] [scheduling-1] c.d.e.service.SincronizacaoService       : Ciclo finalizado. Total de atualizações enviadas: 0
2026-09-02T20:33:00.139-03:00  INFO 22468 --- [ecommerce] [scheduling-1] c.d.e.s.SincronizacaoEstoqueService      : [ESTOQUE] Lendo VW_ECOMMERCE_ESTOQUE no banco de dados...
2026-09-02T20:33:00.159-03:00  INFO 22468 --- [ecommerce] [scheduling-1] c.d.e.s.SincronizacaoEstoqueService      : [ESTOQUE] Ciclo finalizado. Total de atualizações enviadas: 0
2026-09-02T20:34:00.001-03:00  INFO 22468 --- [ecommerce] [scheduling-1] c.d.e.service.SincronizacaoService       : Lendo VW_ECOMMERCE_PRECOS no banco de dados...
2026-09-02T20:34:00.108-03:00  INFO 22468 --- [ecommerce] [scheduling-1] c.d.e.service.SincronizacaoService       : Ciclo finalizado. Total de atualizações enviadas: 0
2026-09-02T20:34:00.108-03:00  INFO 22468 --- [ecommerce] [scheduling-1] c.d.e.s.SincronizacaoEstoqueService      : [ESTOQUE] Lendo VW_ECOMMERCE_ESTOQUE no banco de dados...
2026-09-02T20:34:00.136-03:00  INFO 22468 --- [ecommerce] [scheduling-1] c.d.e.s.SincronizacaoEstoqueService      : [ESTOQUE] Ciclo finalizado. Total de atualizações enviadas: 0
2026-09-02T20:35:00.000-03:00  INFO 22468 --- [ecommerce] [scheduling-1] c.d.e.s.SincronizacaoEstoqueService      : [ESTOQUE] Lendo VW_ECOMMERCE_ESTOQUE no banco de dados...
2026-09-02T20:35:00.088-03:00  INFO 22468 --- [ecommerce] [scheduling-1] c.d.e.s.SincronizacaoEstoqueService      : [ESTOQUE] Ciclo finalizado. Total de atualizações enviadas: 0
2026-09-02T20:35:00.088-03:00  INFO 22468 --- [ecommerce] [scheduling-1] c.d.e.service.SincronizacaoService       : Lendo VW_ECOMMERCE_PRECOS no banco de dados...
2026-09-02T20:35:00.143-03:00  INFO 22468 --- [ecommerce] [scheduling-1] c.d.e.service.SincronizacaoService       : Ciclo finalizado. Total de atualizações enviadas: 0
2026-09-02T20:36:00.000-03:00  INFO 22468 --- [ecommerce] [scheduling-1] c.d.e.s.SincronizacaoEstoqueService      : [ESTOQUE] Lendo VW_ECOMMERCE_ESTOQUE no banco de dados...
2026-09-02T20:36:00.042-03:00  INFO 22468 --- [ecommerce] [scheduling-1] c.d.e.s.SincronizacaoEstoqueService      : [ESTOQUE] Ciclo finalizado. Total de atualizações enviadas: 0
2026-09-02T20:36:00.042-03:00  INFO 22468 --- [ecommerce] [scheduling-1] c.d.e.service.SincronizacaoService       : Lendo VW_ECOMMERCE_PRECOS no banco de dados...
2026-09-02T20:36:00.092-03:00  INFO 22468 --- [ecommerce] [scheduling-1] c.d.e.service.SincronizacaoService       : Ciclo finalizado. Total de atualizações enviadas: 0
2026-09-02T20:37:00.001-03:00  INFO 22468 --- [ecommerce] [scheduling-1] c.d.e.service.SincronizacaoService       : Lendo VW_ECOMMERCE_PRECOS no banco de dados...
2026-09-02T20:37:00.122-03:00  INFO 22468 --- [ecommerce] [scheduling-1] c.d.e.service.SincronizacaoService       : Ciclo finalizado. Total de atualizações enviadas: 0
2026-09-02T20:37:00.123-03:00  INFO 22468 --- [ecommerce] [scheduling-1] c.d.e.s.SincronizacaoEstoqueService      : [ESTOQUE] Lendo VW_ECOMMERCE_ESTOQUE no banco de dados...
2026-09-02T20:37:00.148-03:00  INFO 22468 --- [ecommerce] [scheduling-1] c.d.e.s.SincronizacaoEstoqueService      : [ESTOQUE] Ciclo finalizado. Total de atualizações enviadas: 0
2026-09-02T20:38:00.000-03:00  INFO 22468 --- [ecommerce] [scheduling-1] c.d.e.service.SincronizacaoService       : Lendo VW_ECOMMERCE_PRECOS no banco de dados...
2026-09-02T20:38:00.126-03:00  INFO 22468 --- [ecommerce] [scheduling-1] c.d.e.service.SincronizacaoService       : Ciclo finalizado. Total de atualizações enviadas: 0
2026-09-02T20:38:00.126-03:00  INFO 22468 --- [ecommerce] [scheduling-1] c.d.e.s.SincronizacaoEstoqueService      : [ESTOQUE] Lendo VW_ECOMMERCE_ESTOQUE no banco de dados...
2026-09-02T20:38:00.144-03:00  INFO 22468 --- [ecommerce] [scheduling-1] c.d.e.s.SincronizacaoEstoqueService      : [ESTOQUE] Ciclo finalizado. Total de atualizações enviadas: 0
2026-09-02T20:39:00.000-03:00  INFO 22468 --- [ecommerce] [scheduling-1] c.d.e.s.SincronizacaoEstoqueService      : [ESTOQUE] Lendo VW_ECOMMERCE_ESTOQUE no banco de dados...
2026-09-02T20:39:00.082-03:00  INFO 22468 --- [ecommerce] [scheduling-1] c.d.e.s.SincronizacaoEstoqueService      : [ESTOQUE] Ciclo finalizado. Total de atualizações enviadas: 0
2026-09-02T20:39:00.082-03:00  INFO 22468 --- [ecommerce] [scheduling-1] c.d.e.service.SincronizacaoService       : Lendo VW_ECOMMERCE_PRECOS no banco de dados...
2026-09-02T20:39:00.411-03:00  INFO 22468 --- [ecommerce] [scheduling-1] c.d.e.service.SincronizacaoService       : Ciclo finalizado. Total de atualizações enviadas: 0
2026-09-02T20:40:00.000-03:00  INFO 22468 --- [ecommerce] [scheduling-1] c.d.e.s.SincronizacaoEstoqueService      : [ESTOQUE] Lendo VW_ECOMMERCE_ESTOQUE no banco de dados...
2026-09-02T20:40:00.072-03:00  INFO 22468 --- [ecommerce] [scheduling-1] c.d.e.s.SincronizacaoEstoqueService      : [ESTOQUE] Ciclo finalizado. Total de atualizações enviadas: 0
2026-09-02T20:40:00.073-03:00  INFO 22468 --- [ecommerce] [scheduling-1] c.d.e.service.SincronizacaoService       : Lendo VW_ECOMMERCE_PRECOS no banco de dados...
2026-09-02T20:40:00.118-03:00  INFO 22468 --- [ecommerce] [scheduling-1] c.d.e.service.SincronizacaoService       : Ciclo finalizado. Total de atualizações enviadas: 0
2026-09-02T20:41:00.000-03:00  INFO 22468 --- [ecommerce] [scheduling-1] c.d.e.s.SincronizacaoEstoqueService      : [ESTOQUE] Lendo VW_ECOMMERCE_ESTOQUE no banco de dados...
2026-09-02T20:41:00.044-03:00  INFO 22468 --- [ecommerce] [scheduling-1] c.d.e.s.SincronizacaoEstoqueService      : [ESTOQUE] Ciclo finalizado. Total de atualizações enviadas: 0
2026-09-02T20:41:00.044-03:00  INFO 22468 --- [ecommerce] [scheduling-1] c.d.e.service.SincronizacaoService       : Lendo VW_ECOMMERCE_PRECOS no banco de dados...
2026-09-02T20:41:00.181-03:00  INFO 22468 --- [ecommerce] [scheduling-1] c.d.e.service.SincronizacaoService       : Ciclo finalizado. Total de atualizações enviadas: 0
2026-09-02T20:41:59.999-03:00  INFO 22468 --- [ecommerce] [scheduling-1] c.d.e.service.SincronizacaoService       : Lendo VW_ECOMMERCE_PRECOS no banco de dados...
2026-09-02T20:42:00.116-03:00  INFO 22468 --- [ecommerce] [scheduling-1] c.d.e.service.SincronizacaoService       : Ciclo finalizado. Total de atualizações enviadas: 0
2026-09-02T20:42:00.116-03:00  INFO 22468 --- [ecommerce] [scheduling-1] c.d.e.s.SincronizacaoEstoqueService      : [ESTOQUE] Lendo VW_ECOMMERCE_ESTOQUE no banco de dados...
2026-09-02T20:42:00.147-03:00  INFO 22468 --- [ecommerce] [scheduling-1] c.d.e.s.SincronizacaoEstoqueService      : [ESTOQUE] Ciclo finalizado. Total de atualizações enviadas: 0
2026-09-02T20:43:00.001-03:00  INFO 22468 --- [ecommerce] [scheduling-1] c.d.e.s.SincronizacaoEstoqueService      : [ESTOQUE] Lendo VW_ECOMMERCE_ESTOQUE no banco de dados...
2026-09-02T20:43:00.072-03:00  INFO 22468 --- [ecommerce] [scheduling-1] c.d.e.s.SincronizacaoEstoqueService      : [ESTOQUE] Ciclo finalizado. Total de atualizações enviadas: 0
2026-09-02T20:43:00.073-03:00  INFO 22468 --- [ecommerce] [scheduling-1] c.d.e.service.SincronizacaoService       : Lendo VW_ECOMMERCE_PRECOS no banco de dados...
2026-09-02T20:43:00.124-03:00  INFO 22468 --- [ecommerce] [scheduling-1] c.d.e.service.SincronizacaoService       : Ciclo finalizado. Total de atualizações enviadas: 0
2026-09-02T20:44:00.000-03:00  INFO 22468 --- [ecommerce] [scheduling-1] c.d.e.service.SincronizacaoService       : Lendo VW_ECOMMERCE_PRECOS no banco de dados...
2026-09-02T20:44:00.057-03:00  INFO 22468 --- [ecommerce] [scheduling-1] c.d.e.service.SincronizacaoService       : Ciclo finalizado. Total de atualizações enviadas: 0
2026-09-02T20:44:00.057-03:00  INFO 22468 --- [ecommerce] [scheduling-1] c.d.e.s.SincronizacaoEstoqueService      : [ESTOQUE] Lendo VW_ECOMMERCE_ESTOQUE no banco de dados...
2026-09-02T20:44:00.091-03:00  INFO 22468 --- [ecommerce] [scheduling-1] c.d.e.s.SincronizacaoEstoqueService      : [ESTOQUE] Ciclo finalizado. Total de atualizações enviadas: 0
2026-09-02T20:44:59.999-03:00  INFO 22468 --- [ecommerce] [scheduling-1] c.d.e.s.SincronizacaoEstoqueService      : [ESTOQUE] Lendo VW_ECOMMERCE_ESTOQUE no banco de dados...
2026-09-02T20:45:00.047-03:00  INFO 22468 --- [ecommerce] [scheduling-1] c.d.e.s.SincronizacaoEstoqueService      : [ESTOQUE] Ciclo finalizado. Total de atualizações enviadas: 0
2026-09-02T20:45:00.047-03:00  INFO 22468 --- [ecommerce] [scheduling-1] c.d.e.service.SincronizacaoService       : Lendo VW_ECOMMERCE_PRECOS no banco de dados...
2026-09-02T20:45:00.154-03:00  INFO 22468 --- [ecommerce] [scheduling-1] c.d.e.service.SincronizacaoService       : Ciclo finalizado. Total de atualizações enviadas: 0
2026-09-02T20:46:00.000-03:00  INFO 22468 --- [ecommerce] [scheduling-1] c.d.e.service.SincronizacaoService       : Lendo VW_ECOMMERCE_PRECOS no banco de dados...
2026-09-02T20:46:00.081-03:00  INFO 22468 --- [ecommerce] [scheduling-1] c.d.e.service.SincronizacaoService       : Ciclo finalizado. Total de atualizações enviadas: 0
2026-09-02T20:46:00.081-03:00  INFO 22468 --- [ecommerce] [scheduling-1] c.d.e.s.SincronizacaoEstoqueService      : [ESTOQUE] Lendo VW_ECOMMERCE_ESTOQUE no banco de dados...
2026-09-02T20:46:00.122-03:00  INFO 22468 --- [ecommerce] [scheduling-1] c.d.e.s.SincronizacaoEstoqueService      : [ESTOQUE] Ciclo finalizado. Total de atualizações enviadas: 0
2026-09-02T20:47:00.000-03:00  INFO 22468 --- [ecommerce] [scheduling-1] c.d.e.s.SincronizacaoEstoqueService      : [ESTOQUE] Lendo VW_ECOMMERCE_ESTOQUE no banco de dados...
2026-09-02T20:47:00.102-03:00  INFO 22468 --- [ecommerce] [scheduling-1] c.d.e.s.SincronizacaoEstoqueService      : [ESTOQUE] Ciclo finalizado. Total de atualizações enviadas: 0
2026-09-02T20:47:00.102-03:00  INFO 22468 --- [ecommerce] [scheduling-1] c.d.e.service.SincronizacaoService       : Lendo VW_ECOMMERCE_PRECOS no banco de dados...
2026-09-02T20:47:00.238-03:00  INFO 22468 --- [ecommerce] [scheduling-1] c.d.e.service.SincronizacaoService       : Ciclo finalizado. Total de atualizações enviadas: 0
2026-09-02T20:48:00.000-03:00  INFO 22468 --- [ecommerce] [scheduling-1] c.d.e.service.SincronizacaoService       : Lendo VW_ECOMMERCE_PRECOS no banco de dados...
2026-09-02T20:48:00.128-03:00  INFO 22468 --- [ecommerce] [scheduling-1] c.d.e.service.SincronizacaoService       : Ciclo finalizado. Total de atualizações enviadas: 0
2026-09-02T20:48:00.129-03:00  INFO 22468 --- [ecommerce] [scheduling-1] c.d.e.s.SincronizacaoEstoqueService      : [ESTOQUE] Lendo VW_ECOMMERCE_ESTOQUE no banco de dados...
2026-09-02T20:48:00.156-03:00  INFO 22468 --- [ecommerce] [scheduling-1] c.d.e.s.SincronizacaoEstoqueService      : [ESTOQUE] Ciclo finalizado. Total de atualizações enviadas: 0
2026-09-02T20:49:00.000-03:00  INFO 22468 --- [ecommerce] [scheduling-1] c.d.e.service.SincronizacaoService       : Lendo VW_ECOMMERCE_PRECOS no banco de dados...
2026-09-02T20:49:00.242-03:00  INFO 22468 --- [ecommerce] [scheduling-1] c.d.e.service.SincronizacaoService       : Ciclo finalizado. Total de atualizações enviadas: 0
2026-09-02T20:49:00.242-03:00  INFO 22468 --- [ecommerce] [scheduling-1] c.d.e.s.SincronizacaoEstoqueService      : [ESTOQUE] Lendo VW_ECOMMERCE_ESTOQUE no banco de dados...
2026-09-02T20:49:00.285-03:00  INFO 22468 --- [ecommerce] [scheduling-1] c.d.e.s.SincronizacaoEstoqueService      : [ESTOQUE] Ciclo finalizado. Total de atualizações enviadas: 0
2026-09-02T20:50:00.000-03:00  INFO 22468 --- [ecommerce] [scheduling-1] c.d.e.s.SincronizacaoEstoqueService      : [ESTOQUE] Lendo VW_ECOMMERCE_ESTOQUE no banco de dados...
2026-09-02T20:50:00.047-03:00  INFO 22468 --- [ecommerce] [scheduling-1] c.d.e.s.SincronizacaoEstoqueService      : [ESTOQUE] Ciclo finalizado. Total de atualizações enviadas: 0
2026-09-02T20:50:00.048-03:00  INFO 22468 --- [ecommerce] [scheduling-1] c.d.e.service.SincronizacaoService       : Lendo VW_ECOMMERCE_PRECOS no banco de dados...
2026-09-02T20:50:00.092-03:00  INFO 22468 --- [ecommerce] [scheduling-1] c.d.e.service.SincronizacaoService       : Ciclo finalizado. Total de atualizações enviadas: 0
2026-09-02T20:51:00.000-03:00  INFO 22468 --- [ecommerce] [scheduling-1] c.d.e.s.SincronizacaoEstoqueService      : [ESTOQUE] Lendo VW_ECOMMERCE_ESTOQUE no banco de dados...
2026-09-02T20:51:00.044-03:00  INFO 22468 --- [ecommerce] [scheduling-1] c.d.e.s.SincronizacaoEstoqueService      : [ESTOQUE] Ciclo finalizado. Total de atualizações enviadas: 0
2026-09-02T20:51:00.044-03:00  INFO 22468 --- [ecommerce] [scheduling-1] c.d.e.service.SincronizacaoService       : Lendo VW_ECOMMERCE_PRECOS no banco de dados...
2026-09-02T20:51:00.148-03:00  INFO 22468 --- [ecommerce] [scheduling-1] c.d.e.service.SincronizacaoService       : Ciclo finalizado. Total de atualizações enviadas: 0
2026-09-02T20:52:00.000-03:00  INFO 22468 --- [ecommerce] [scheduling-1] c.d.e.service.SincronizacaoService       : Lendo VW_ECOMMERCE_PRECOS no banco de dados...
2026-09-02T20:52:00.096-03:00  INFO 22468 --- [ecommerce] [scheduling-1] c.d.e.service.SincronizacaoService       : Ciclo finalizado. Total de atualizações enviadas: 0
2026-09-02T20:52:00.096-03:00  INFO 22468 --- [ecommerce] [scheduling-1] c.d.e.s.SincronizacaoEstoqueService      : [ESTOQUE] Lendo VW_ECOMMERCE_ESTOQUE no banco de dados...
2026-09-02T20:52:00.128-03:00  INFO 22468 --- [ecommerce] [scheduling-1] c.d.e.s.SincronizacaoEstoqueService      : [ESTOQUE] Ciclo finalizado. Total de atualizações enviadas: 0
2026-09-02T20:53:00.000-03:00  INFO 22468 --- [ecommerce] [scheduling-1] c.d.e.s.SincronizacaoEstoqueService      : [ESTOQUE] Lendo VW_ECOMMERCE_ESTOQUE no banco de dados...
2026-09-02T20:53:00.075-03:00  INFO 22468 --- [ecommerce] [scheduling-1] c.d.e.s.SincronizacaoEstoqueService      : [ESTOQUE] Ciclo finalizado. Total de atualizações enviadas: 0
2026-09-02T20:53:00.076-03:00  INFO 22468 --- [ecommerce] [scheduling-1] c.d.e.service.SincronizacaoService       : Lendo VW_ECOMMERCE_PRECOS no banco de dados...
2026-09-02T20:53:00.135-03:00  INFO 22468 --- [ecommerce] [scheduling-1] c.d.e.service.SincronizacaoService       : Ciclo finalizado. Total de atualizações enviadas: 0
2026-09-02T20:53:59.999-03:00  INFO 22468 --- [ecommerce] [scheduling-1] c.d.e.s.SincronizacaoEstoqueService      : [ESTOQUE] Lendo VW_ECOMMERCE_ESTOQUE no banco de dados...
2026-09-02T20:54:00.034-03:00  INFO 22468 --- [ecommerce] [scheduling-1] c.d.e.s.SincronizacaoEstoqueService      : [ESTOQUE] Ciclo finalizado. Total de atualizações enviadas: 0
2026-09-02T20:54:00.034-03:00  INFO 22468 --- [ecommerce] [scheduling-1] c.d.e.service.SincronizacaoService       : Lendo VW_ECOMMERCE_PRECOS no banco de dados...
2026-09-02T20:54:00.123-03:00  INFO 22468 --- [ecommerce] [scheduling-1] c.d.e.service.SincronizacaoService       : Ciclo finalizado. Total de atualizações enviadas: 0
2026-09-02T20:55:00.002-03:00  INFO 22468 --- [ecommerce] [scheduling-1] c.d.e.s.SincronizacaoEstoqueService      : [ESTOQUE] Lendo VW_ECOMMERCE_ESTOQUE no banco de dados...
2026-09-02T20:55:00.078-03:00  INFO 22468 --- [ecommerce] [scheduling-1] c.d.e.s.SincronizacaoEstoqueService      : [ESTOQUE] Ciclo finalizado. Total de atualizações enviadas: 0
2026-09-02T20:55:00.078-03:00  INFO 22468 --- [ecommerce] [scheduling-1] c.d.e.service.SincronizacaoService       : Lendo VW_ECOMMERCE_PRECOS no banco de dados...
2026-09-02T20:55:00.257-03:00  INFO 22468 --- [ecommerce] [scheduling-1] c.d.e.service.SincronizacaoService       : Ciclo finalizado. Total de atualizações enviadas: 0
2026-09-02T20:56:00.000-03:00  INFO 22468 --- [ecommerce] [scheduling-1] c.d.e.s.SincronizacaoEstoqueService      : [ESTOQUE] Lendo VW_ECOMMERCE_ESTOQUE no banco de dados...
2026-09-02T20:56:00.095-03:00  INFO 22468 --- [ecommerce] [scheduling-1] c.d.e.s.SincronizacaoEstoqueService      : [ESTOQUE] Ciclo finalizado. Total de atualizações enviadas: 0
2026-09-02T20:56:00.095-03:00  INFO 22468 --- [ecommerce] [scheduling-1] c.d.e.service.SincronizacaoService       : Lendo VW_ECOMMERCE_PRECOS no banco de dados...
2026-09-02T20:56:00.139-03:00  INFO 22468 --- [ecommerce] [scheduling-1] c.d.e.service.SincronizacaoService       : Ciclo finalizado. Total de atualizações enviadas: 0
2026-09-02T20:57:00.001-03:00  INFO 22468 --- [ecommerce] [scheduling-1] c.d.e.s.SincronizacaoEstoqueService      : [ESTOQUE] Lendo VW_ECOMMERCE_ESTOQUE no banco de dados...
2026-09-02T20:57:00.057-03:00  INFO 22468 --- [ecommerce] [scheduling-1] c.d.e.s.SincronizacaoEstoqueService      : [ESTOQUE] Ciclo finalizado. Total de atualizações enviadas: 0
2026-09-02T20:57:00.058-03:00  INFO 22468 --- [ecommerce] [scheduling-1] c.d.e.service.SincronizacaoService       : Lendo VW_ECOMMERCE_PRECOS no banco de dados...
2026-09-02T20:57:00.104-03:00  INFO 22468 --- [ecommerce] [scheduling-1] c.d.e.service.SincronizacaoService       : Ciclo finalizado. Total de atualizações enviadas: 0
2026-09-02T20:58:00.000-03:00  INFO 22468 --- [ecommerce] [scheduling-1] c.d.e.s.SincronizacaoEstoqueService      : [ESTOQUE] Lendo VW_ECOMMERCE_ESTOQUE no banco de dados...
2026-09-02T20:58:00.074-03:00  INFO 22468 --- [ecommerce] [scheduling-1] c.d.e.s.SincronizacaoEstoqueService      : [ESTOQUE] Ciclo finalizado. Total de atualizações enviadas: 0
2026-09-02T20:58:00.074-03:00  INFO 22468 --- [ecommerce] [scheduling-1] c.d.e.service.SincronizacaoService       : Lendo VW_ECOMMERCE_PRECOS no banco de dados...
2026-09-02T20:58:00.115-03:00  INFO 22468 --- [ecommerce] [scheduling-1] c.d.e.service.SincronizacaoService       : Ciclo finalizado. Total de atualizações enviadas: 0
2026-09-02T20:59:00.000-03:00  INFO 22468 --- [ecommerce] [scheduling-1] c.d.e.s.SincronizacaoEstoqueService      : [ESTOQUE] Lendo VW_ECOMMERCE_ESTOQUE no banco de dados...
2026-09-02T20:59:00.048-03:00  INFO 22468 --- [ecommerce] [scheduling-1] c.d.e.s.SincronizacaoEstoqueService      : [ESTOQUE] Ciclo finalizado. Total de atualizações enviadas: 0
2026-09-02T20:59:00.049-03:00  INFO 22468 --- [ecommerce] [scheduling-1] c.d.e.service.SincronizacaoService       : Lendo VW_ECOMMERCE_PRECOS no banco de dados...
2026-09-02T20:59:00.135-03:00  INFO 22468 --- [ecommerce] [scheduling-1] c.d.e.service.SincronizacaoService       : Ciclo finalizado. Total de atualizações enviadas: 0
2026-09-02T21:00:00.001-03:00  INFO 22468 --- [ecommerce] [scheduling-1] c.d.e.s.SincronizacaoEstoqueService      : [ESTOQUE] Lendo VW_ECOMMERCE_ESTOQUE no banco de dados...
2026-09-02T21:00:00.074-03:00  INFO 22468 --- [ecommerce] [scheduling-1] c.d.e.s.SincronizacaoEstoqueService      : [ESTOQUE] Ciclo finalizado. Total de atualizações enviadas: 0
2026-09-02T21:00:00.074-03:00  INFO 22468 --- [ecommerce] [scheduling-1] c.d.e.service.SincronizacaoService       : Lendo VW_ECOMMERCE_PRECOS no banco de dados...
2026-09-02T21:00:00.192-03:00  INFO 22468 --- [ecommerce] [scheduling-1] c.d.e.service.SincronizacaoService       : Ciclo finalizado. Total de atualizações enviadas: 0
2026-09-02T21:01:00.000-03:00  INFO 22468 --- [ecommerce] [scheduling-1] c.d.e.service.SincronizacaoService       : Lendo VW_ECOMMERCE_PRECOS no banco de dados...
2026-09-02T21:01:00.119-03:00  INFO 22468 --- [ecommerce] [scheduling-1] c.d.e.service.SincronizacaoService       : Ciclo finalizado. Total de atualizações enviadas: 0
2026-09-02T21:01:00.119-03:00  INFO 22468 --- [ecommerce] [scheduling-1] c.d.e.s.SincronizacaoEstoqueService      : [ESTOQUE] Lendo VW_ECOMMERCE_ESTOQUE no banco de dados...
2026-09-02T21:01:00.146-03:00  INFO 22468 --- [ecommerce] [scheduling-1] c.d.e.s.SincronizacaoEstoqueService      : [ESTOQUE] Ciclo finalizado. Total de atualizações enviadas: 0
2026-09-02T21:01:59.999-03:00  INFO 22468 --- [ecommerce] [scheduling-1] c.d.e.service.SincronizacaoService       : Lendo VW_ECOMMERCE_PRECOS no banco de dados...
2026-09-02T21:02:00.063-03:00  INFO 22468 --- [ecommerce] [scheduling-1] c.d.e.service.SincronizacaoService       : Ciclo finalizado. Total de atualizações enviadas: 0
2026-09-02T21:02:00.064-03:00  INFO 22468 --- [ecommerce] [scheduling-1] c.d.e.s.SincronizacaoEstoqueService      : [ESTOQUE] Lendo VW_ECOMMERCE_ESTOQUE no banco de dados...
2026-09-02T21:02:00.088-03:00  INFO 22468 --- [ecommerce] [scheduling-1] c.d.e.s.SincronizacaoEstoqueService      : [ESTOQUE] Ciclo finalizado. Total de atualizações enviadas: 0
2026-09-02T21:02:59.999-03:00  INFO 22468 --- [ecommerce] [scheduling-1] c.d.e.service.SincronizacaoService       : Lendo VW_ECOMMERCE_PRECOS no banco de dados...
2026-09-02T21:03:00.108-03:00  INFO 22468 --- [ecommerce] [scheduling-1] c.d.e.service.SincronizacaoService       : Ciclo finalizado. Total de atualizações enviadas: 0
2026-09-02T21:03:00.108-03:00  INFO 22468 --- [ecommerce] [scheduling-1] c.d.e.s.SincronizacaoEstoqueService      : [ESTOQUE] Lendo VW_ECOMMERCE_ESTOQUE no banco de dados...
2026-09-02T21:03:00.129-03:00  INFO 22468 --- [ecommerce] [scheduling-1] c.d.e.s.SincronizacaoEstoqueService      : [ESTOQUE] Ciclo finalizado. Total de atualizações enviadas: 0
2026-09-02T21:04:00.000-03:00  INFO 22468 --- [ecommerce] [scheduling-1] c.d.e.s.SincronizacaoEstoqueService      : [ESTOQUE] Lendo VW_ECOMMERCE_ESTOQUE no banco de dados...
2026-09-02T21:04:00.063-03:00  INFO 22468 --- [ecommerce] [scheduling-1] c.d.e.s.SincronizacaoEstoqueService      : [ESTOQUE] Ciclo finalizado. Total de atualizações enviadas: 0
2026-09-02T21:04:00.063-03:00  INFO 22468 --- [ecommerce] [scheduling-1] c.d.e.service.SincronizacaoService       : Lendo VW_ECOMMERCE_PRECOS no banco de dados...
2026-09-02T21:04:00.206-03:00  INFO 22468 --- [ecommerce] [scheduling-1] c.d.e.service.SincronizacaoService       : Ciclo finalizado. Total de atualizações enviadas: 0
2026-09-02T21:05:00.000-03:00  INFO 22468 --- [ecommerce] [scheduling-1] c.d.e.service.SincronizacaoService       : Lendo VW_ECOMMERCE_PRECOS no banco de dados...
2026-09-02T21:05:00.222-03:00  INFO 22468 --- [ecommerce] [scheduling-1] c.d.e.service.SincronizacaoService       : Ciclo finalizado. Total de atualizações enviadas: 0
2026-09-02T21:05:00.222-03:00  INFO 22468 --- [ecommerce] [scheduling-1] c.d.e.s.SincronizacaoEstoqueService      : [ESTOQUE] Lendo VW_ECOMMERCE_ESTOQUE no banco de dados...
2026-09-02T21:05:00.250-03:00  INFO 22468 --- [ecommerce] [scheduling-1] c.d.e.s.SincronizacaoEstoqueService      : [ESTOQUE] Ciclo finalizado. Total de atualizações enviadas: 0
2026-09-02T21:06:00.001-03:00  INFO 22468 --- [ecommerce] [scheduling-1] c.d.e.s.SincronizacaoEstoqueService      : [ESTOQUE] Lendo VW_ECOMMERCE_ESTOQUE no banco de dados...
2026-09-02T21:06:00.084-03:00  INFO 22468 --- [ecommerce] [scheduling-1] c.d.e.s.SincronizacaoEstoqueService      : [ESTOQUE] Ciclo finalizado. Total de atualizações enviadas: 0
2026-09-02T21:06:00.085-03:00  INFO 22468 --- [ecommerce] [scheduling-1] c.d.e.service.SincronizacaoService       : Lendo VW_ECOMMERCE_PRECOS no banco de dados...
2026-09-02T21:06:00.153-03:00  INFO 22468 --- [ecommerce] [scheduling-1] c.d.e.service.SincronizacaoService       : Ciclo finalizado. Total de atualizações enviadas: 0
2026-09-02T21:07:00.000-03:00  INFO 22468 --- [ecommerce] [scheduling-1] c.d.e.service.SincronizacaoService       : Lendo VW_ECOMMERCE_PRECOS no banco de dados...
2026-09-02T21:07:00.122-03:00  INFO 22468 --- [ecommerce] [scheduling-1] c.d.e.service.SincronizacaoService       : Ciclo finalizado. Total de atualizações enviadas: 0
2026-09-02T21:07:00.122-03:00  INFO 22468 --- [ecommerce] [scheduling-1] c.d.e.s.SincronizacaoEstoqueService      : [ESTOQUE] Lendo VW_ECOMMERCE_ESTOQUE no banco de dados...
2026-09-02T21:07:00.142-03:00  INFO 22468 --- [ecommerce] [scheduling-1] c.d.e.s.SincronizacaoEstoqueService      : [ESTOQUE] Ciclo finalizado. Total de atualizações enviadas: 0
2026-09-02T21:08:00.001-03:00  INFO 22468 --- [ecommerce] [scheduling-1] c.d.e.s.SincronizacaoEstoqueService      : [ESTOQUE] Lendo VW_ECOMMERCE_ESTOQUE no banco de dados...
2026-09-02T21:08:00.063-03:00  INFO 22468 --- [ecommerce] [scheduling-1] c.d.e.s.SincronizacaoEstoqueService      : [ESTOQUE] Ciclo finalizado. Total de atualizações enviadas: 0
2026-09-02T21:08:00.063-03:00  INFO 22468 --- [ecommerce] [scheduling-1] c.d.e.service.SincronizacaoService       : Lendo VW_ECOMMERCE_PRECOS no banco de dados...
2026-09-02T21:08:00.407-03:00  INFO 22468 --- [ecommerce] [scheduling-1] c.d.e.service.SincronizacaoService       : Ciclo finalizado. Total de atualizações enviadas: 0
2026-09-02T21:08:59.999-03:00  INFO 22468 --- [ecommerce] [scheduling-1] c.d.e.service.SincronizacaoService       : Lendo VW_ECOMMERCE_PRECOS no banco de dados...
2026-09-02T21:09:00.168-03:00  INFO 22468 --- [ecommerce] [scheduling-1] c.d.e.service.SincronizacaoService       : Ciclo finalizado. Total de atualizações enviadas: 0
2026-09-02T21:09:00.169-03:00  INFO 22468 --- [ecommerce] [scheduling-1] c.d.e.s.SincronizacaoEstoqueService      : [ESTOQUE] Lendo VW_ECOMMERCE_ESTOQUE no banco de dados...
2026-09-02T21:09:00.216-03:00  INFO 22468 --- [ecommerce] [scheduling-1] c.d.e.s.SincronizacaoEstoqueService      : [ESTOQUE] Ciclo finalizado. Total de atualizações enviadas: 0
2026-09-02T21:10:00.000-03:00  INFO 22468 --- [ecommerce] [scheduling-1] c.d.e.service.SincronizacaoService       : Lendo VW_ECOMMERCE_PRECOS no banco de dados...
2026-09-02T21:10:00.060-03:00  INFO 22468 --- [ecommerce] [scheduling-1] c.d.e.service.SincronizacaoService       : Ciclo finalizado. Total de atualizações enviadas: 0
2026-09-02T21:10:00.060-03:00  INFO 22468 --- [ecommerce] [scheduling-1] c.d.e.s.SincronizacaoEstoqueService      : [ESTOQUE] Lendo VW_ECOMMERCE_ESTOQUE no banco de dados...
2026-09-02T21:10:00.094-03:00  INFO 22468 --- [ecommerce] [scheduling-1] c.d.e.s.SincronizacaoEstoqueService      : [ESTOQUE] Ciclo finalizado. Total de atualizações enviadas: 0
2026-09-02T21:11:00.000-03:00  INFO 22468 --- [ecommerce] [scheduling-1] c.d.e.service.SincronizacaoService       : Lendo VW_ECOMMERCE_PRECOS no banco de dados...
2026-09-02T21:11:00.073-03:00  INFO 22468 --- [ecommerce] [scheduling-1] c.d.e.service.SincronizacaoService       : Ciclo finalizado. Total de atualizações enviadas: 0
2026-09-02T21:11:00.073-03:00  INFO 22468 --- [ecommerce] [scheduling-1] c.d.e.s.SincronizacaoEstoqueService      : [ESTOQUE] Lendo VW_ECOMMERCE_ESTOQUE no banco de dados...
2026-09-02T21:11:00.098-03:00  INFO 22468 --- [ecommerce] [scheduling-1] c.d.e.s.SincronizacaoEstoqueService      : [ESTOQUE] Ciclo finalizado. Total de atualizações enviadas: 0
2026-09-02T21:12:00.000-03:00  INFO 22468 --- [ecommerce] [scheduling-1] c.d.e.service.SincronizacaoService       : Lendo VW_ECOMMERCE_PRECOS no banco de dados...
2026-09-02T21:12:00.082-03:00  INFO 22468 --- [ecommerce] [scheduling-1] c.d.e.service.SincronizacaoService       : Ciclo finalizado. Total de atualizações enviadas: 0
2026-09-02T21:12:00.082-03:00  INFO 22468 --- [ecommerce] [scheduling-1] c.d.e.s.SincronizacaoEstoqueService      : [ESTOQUE] Lendo VW_ECOMMERCE_ESTOQUE no banco de dados...
2026-09-02T21:12:00.114-03:00  INFO 22468 --- [ecommerce] [scheduling-1] c.d.e.s.SincronizacaoEstoqueService      : [ESTOQUE] Ciclo finalizado. Total de atualizações enviadas: 0
2026-09-02T21:13:00.000-03:00  INFO 22468 --- [ecommerce] [scheduling-1] c.d.e.service.SincronizacaoService       : Lendo VW_ECOMMERCE_PRECOS no banco de dados...
2026-09-02T21:13:00.181-03:00  INFO 22468 --- [ecommerce] [scheduling-1] c.d.e.service.SincronizacaoService       : Ciclo finalizado. Total de atualizações enviadas: 0
2026-09-02T21:13:00.182-03:00  INFO 22468 --- [ecommerce] [scheduling-1] c.d.e.s.SincronizacaoEstoqueService      : [ESTOQUE] Lendo VW_ECOMMERCE_ESTOQUE no banco de dados...
2026-09-02T21:13:00.215-03:00  INFO 22468 --- [ecommerce] [scheduling-1] c.d.e.s.SincronizacaoEstoqueService      : [ESTOQUE] Ciclo finalizado. Total de atualizações enviadas: 0
2026-09-02T21:14:00.000-03:00  INFO 22468 --- [ecommerce] [scheduling-1] c.d.e.service.SincronizacaoService       : Lendo VW_ECOMMERCE_PRECOS no banco de dados...
2026-09-02T21:14:00.080-03:00  INFO 22468 --- [ecommerce] [scheduling-1] c.d.e.service.SincronizacaoService       : Ciclo finalizado. Total de atualizações enviadas: 0
2026-09-02T21:14:00.080-03:00  INFO 22468 --- [ecommerce] [scheduling-1] c.d.e.s.SincronizacaoEstoqueService      : [ESTOQUE] Lendo VW_ECOMMERCE_ESTOQUE no banco de dados...
2026-09-02T21:14:00.110-03:00  INFO 22468 --- [ecommerce] [scheduling-1] c.d.e.s.SincronizacaoEstoqueService      : [ESTOQUE] Ciclo finalizado. Total de atualizações enviadas: 0
2026-09-02T21:15:00.000-03:00  INFO 22468 --- [ecommerce] [scheduling-1] c.d.e.s.SincronizacaoEstoqueService      : [ESTOQUE] Lendo VW_ECOMMERCE_ESTOQUE no banco de dados...
2026-09-02T21:15:00.070-03:00  INFO 22468 --- [ecommerce] [scheduling-1] c.d.e.s.SincronizacaoEstoqueService      : [ESTOQUE] Ciclo finalizado. Total de atualizações enviadas: 0
2026-09-02T21:15:00.071-03:00  INFO 22468 --- [ecommerce] [scheduling-1] c.d.e.service.SincronizacaoService       : Lendo VW_ECOMMERCE_PRECOS no banco de dados...
2026-09-02T21:15:00.118-03:00  INFO 22468 --- [ecommerce] [scheduling-1] c.d.e.service.SincronizacaoService       : Ciclo finalizado. Total de atualizações enviadas: 0
2026-09-02T21:16:00.000-03:00  INFO 22468 --- [ecommerce] [scheduling-1] c.d.e.service.SincronizacaoService       : Lendo VW_ECOMMERCE_PRECOS no banco de dados...
2026-09-02T21:16:00.105-03:00  INFO 22468 --- [ecommerce] [scheduling-1] c.d.e.service.SincronizacaoService       : Ciclo finalizado. Total de atualizações enviadas: 0
2026-09-02T21:16:00.105-03:00  INFO 22468 --- [ecommerce] [scheduling-1] c.d.e.s.SincronizacaoEstoqueService      : [ESTOQUE] Lendo VW_ECOMMERCE_ESTOQUE no banco de dados...
2026-09-02T21:16:00.126-03:00  INFO 22468 --- [ecommerce] [scheduling-1] c.d.e.s.SincronizacaoEstoqueService      : [ESTOQUE] Ciclo finalizado. Total de atualizações enviadas: 0
2026-09-02T21:17:00.000-03:00  INFO 22468 --- [ecommerce] [scheduling-1] c.d.e.service.SincronizacaoService       : Lendo VW_ECOMMERCE_PRECOS no banco de dados...
2026-09-02T21:17:00.286-03:00  INFO 22468 --- [ecommerce] [scheduling-1] c.d.e.service.SincronizacaoService       : Ciclo finalizado. Total de atualizações enviadas: 0
2026-09-02T21:17:00.286-03:00  INFO 22468 --- [ecommerce] [scheduling-1] c.d.e.s.SincronizacaoEstoqueService      : [ESTOQUE] Lendo VW_ECOMMERCE_ESTOQUE no banco de dados...
2026-09-02T21:17:00.352-03:00  INFO 22468 --- [ecommerce] [scheduling-1] c.d.e.s.SincronizacaoEstoqueService      : [ESTOQUE] Ciclo finalizado. Total de atualizações enviadas: 0
2026-09-02T21:18:00.001-03:00  INFO 22468 --- [ecommerce] [scheduling-1] c.d.e.service.SincronizacaoService       : Lendo VW_ECOMMERCE_PRECOS no banco de dados...
2026-09-02T21:18:00.219-03:00  INFO 22468 --- [ecommerce] [scheduling-1] c.d.e.service.SincronizacaoService       : Ciclo finalizado. Total de atualizações enviadas: 0
2026-09-02T21:18:00.219-03:00  INFO 22468 --- [ecommerce] [scheduling-1] c.d.e.s.SincronizacaoEstoqueService      : [ESTOQUE] Lendo VW_ECOMMERCE_ESTOQUE no banco de dados...
2026-09-02T21:18:00.248-03:00  INFO 22468 --- [ecommerce] [scheduling-1] c.d.e.s.SincronizacaoEstoqueService      : [ESTOQUE] Ciclo finalizado. Total de atualizações enviadas: 0
2026-09-02T21:19:00.000-03:00  INFO 22468 --- [ecommerce] [scheduling-1] c.d.e.s.SincronizacaoEstoqueService      : [ESTOQUE] Lendo VW_ECOMMERCE_ESTOQUE no banco de dados...
2026-09-02T21:19:00.097-03:00  INFO 22468 --- [ecommerce] [scheduling-1] c.d.e.s.SincronizacaoEstoqueService      : [ESTOQUE] Ciclo finalizado. Total de atualizações enviadas: 0
2026-09-02T21:19:00.097-03:00  INFO 22468 --- [ecommerce] [scheduling-1] c.d.e.service.SincronizacaoService       : Lendo VW_ECOMMERCE_PRECOS no banco de dados...
2026-09-02T21:19:00.145-03:00  INFO 22468 --- [ecommerce] [scheduling-1] c.d.e.service.SincronizacaoService       : Ciclo finalizado. Total de atualizações enviadas: 0
2026-09-02T21:20:00.000-03:00  INFO 22468 --- [ecommerce] [scheduling-1] c.d.e.service.SincronizacaoService       : Lendo VW_ECOMMERCE_PRECOS no banco de dados...
2026-09-02T21:20:00.170-03:00  INFO 22468 --- [ecommerce] [scheduling-1] c.d.e.service.SincronizacaoService       : Ciclo finalizado. Total de atualizações enviadas: 0
2026-09-02T21:20:00.171-03:00  INFO 22468 --- [ecommerce] [scheduling-1] c.d.e.s.SincronizacaoEstoqueService      : [ESTOQUE] Lendo VW_ECOMMERCE_ESTOQUE no banco de dados...
2026-09-02T21:20:00.206-03:00  INFO 22468 --- [ecommerce] [scheduling-1] c.d.e.s.SincronizacaoEstoqueService      : [ESTOQUE] Ciclo finalizado. Total de atualizações enviadas: 0
2026-09-02T21:21:00.000-03:00  INFO 22468 --- [ecommerce] [scheduling-1] c.d.e.service.SincronizacaoService       : Lendo VW_ECOMMERCE_PRECOS no banco de dados...
2026-09-02T21:21:00.082-03:00  INFO 22468 --- [ecommerce] [scheduling-1] c.d.e.service.SincronizacaoService       : Ciclo finalizado. Total de atualizações enviadas: 0
2026-09-02T21:21:00.082-03:00  INFO 22468 --- [ecommerce] [scheduling-1] c.d.e.s.SincronizacaoEstoqueService      : [ESTOQUE] Lendo VW_ECOMMERCE_ESTOQUE no banco de dados...
2026-09-02T21:21:00.114-03:00  INFO 22468 --- [ecommerce] [scheduling-1] c.d.e.s.SincronizacaoEstoqueService      : [ESTOQUE] Ciclo finalizado. Total de atualizações enviadas: 0
2026-09-02T21:22:00.000-03:00  INFO 22468 --- [ecommerce] [scheduling-1] c.d.e.s.SincronizacaoEstoqueService      : [ESTOQUE] Lendo VW_ECOMMERCE_ESTOQUE no banco de dados...
2026-09-02T21:22:00.063-03:00  INFO 22468 --- [ecommerce] [scheduling-1] c.d.e.s.SincronizacaoEstoqueService      : [ESTOQUE] Ciclo finalizado. Total de atualizações enviadas: 0
2026-09-02T21:22:00.063-03:00  INFO 22468 --- [ecommerce] [scheduling-1] c.d.e.service.SincronizacaoService       : Lendo VW_ECOMMERCE_PRECOS no banco de dados...
2026-09-02T21:22:00.110-03:00  INFO 22468 --- [ecommerce] [scheduling-1] c.d.e.service.SincronizacaoService       : Ciclo finalizado. Total de atualizações enviadas: 0
2026-09-02T21:23:00.000-03:00  INFO 22468 --- [ecommerce] [scheduling-1] c.d.e.s.SincronizacaoEstoqueService      : [ESTOQUE] Lendo VW_ECOMMERCE_ESTOQUE no banco de dados...
2026-09-02T21:23:00.047-03:00  INFO 22468 --- [ecommerce] [scheduling-1] c.d.e.s.SincronizacaoEstoqueService      : [ESTOQUE] Ciclo finalizado. Total de atualizações enviadas: 0
2026-09-02T21:23:00.048-03:00  INFO 22468 --- [ecommerce] [scheduling-1] c.d.e.service.SincronizacaoService       : Lendo VW_ECOMMERCE_PRECOS no banco de dados...
2026-09-02T21:23:00.091-03:00  INFO 22468 --- [ecommerce] [scheduling-1] c.d.e.service.SincronizacaoService       : Ciclo finalizado. Total de atualizações enviadas: 0
2026-09-02T21:24:00.000-03:00  INFO 22468 --- [ecommerce] [scheduling-1] c.d.e.s.SincronizacaoEstoqueService      : [ESTOQUE] Lendo VW_ECOMMERCE_ESTOQUE no banco de dados...
2026-09-02T21:24:00.127-03:00  INFO 22468 --- [ecommerce] [scheduling-1] c.d.e.s.SincronizacaoEstoqueService      : [ESTOQUE] Ciclo finalizado. Total de atualizações enviadas: 0
2026-09-02T21:24:00.128-03:00  INFO 22468 --- [ecommerce] [scheduling-1] c.d.e.service.SincronizacaoService       : Lendo VW_ECOMMERCE_PRECOS no banco de dados...
2026-09-02T21:24:00.351-03:00  INFO 22468 --- [ecommerce] [scheduling-1] c.d.e.service.SincronizacaoService       : Ciclo finalizado. Total de atualizações enviadas: 0
2026-09-02T21:25:00.000-03:00  INFO 22468 --- [ecommerce] [scheduling-1] c.d.e.s.SincronizacaoEstoqueService      : [ESTOQUE] Lendo VW_ECOMMERCE_ESTOQUE no banco de dados...
2026-09-02T21:25:00.082-03:00  INFO 22468 --- [ecommerce] [scheduling-1] c.d.e.s.SincronizacaoEstoqueService      : [ESTOQUE] Ciclo finalizado. Total de atualizações enviadas: 0
2026-09-02T21:25:00.082-03:00  INFO 22468 --- [ecommerce] [scheduling-1] c.d.e.service.SincronizacaoService       : Lendo VW_ECOMMERCE_PRECOS no banco de dados...
2026-09-02T21:25:00.210-03:00  INFO 22468 --- [ecommerce] [scheduling-1] c.d.e.service.SincronizacaoService       : Ciclo finalizado. Total de atualizações enviadas: 0
2026-09-02T21:26:00.000-03:00  INFO 22468 --- [ecommerce] [scheduling-1] c.d.e.s.SincronizacaoEstoqueService      : [ESTOQUE] Lendo VW_ECOMMERCE_ESTOQUE no banco de dados...
2026-09-02T21:26:00.114-03:00  INFO 22468 --- [ecommerce] [scheduling-1] c.d.e.s.SincronizacaoEstoqueService      : [ESTOQUE] Ciclo finalizado. Total de atualizações enviadas: 0
2026-09-02T21:26:00.114-03:00  INFO 22468 --- [ecommerce] [scheduling-1] c.d.e.service.SincronizacaoService       : Lendo VW_ECOMMERCE_PRECOS no banco de dados...
2026-09-02T21:26:00.363-03:00  INFO 22468 --- [ecommerce] [scheduling-1] c.d.e.service.SincronizacaoService       : Ciclo finalizado. Total de atualizações enviadas: 0
2026-09-02T21:27:00.000-03:00  INFO 22468 --- [ecommerce] [scheduling-1] c.d.e.service.SincronizacaoService       : Lendo VW_ECOMMERCE_PRECOS no banco de dados...
2026-09-02T21:27:00.101-03:00  INFO 22468 --- [ecommerce] [scheduling-1] c.d.e.service.SincronizacaoService       : Ciclo finalizado. Total de atualizações enviadas: 0
2026-09-02T21:27:00.101-03:00  INFO 22468 --- [ecommerce] [scheduling-1] c.d.e.s.SincronizacaoEstoqueService      : [ESTOQUE] Lendo VW_ECOMMERCE_ESTOQUE no banco de dados...
2026-09-02T21:27:00.131-03:00  INFO 22468 --- [ecommerce] [scheduling-1] c.d.e.s.SincronizacaoEstoqueService      : [ESTOQUE] Ciclo finalizado. Total de atualizações enviadas: 0
2026-09-02T21:28:00.000-03:00  INFO 22468 --- [ecommerce] [scheduling-1] c.d.e.s.SincronizacaoEstoqueService      : [ESTOQUE] Lendo VW_ECOMMERCE_ESTOQUE no banco de dados...
2026-09-02T21:28:00.093-03:00  INFO 22468 --- [ecommerce] [scheduling-1] c.d.e.s.SincronizacaoEstoqueService      : [ESTOQUE] Ciclo finalizado. Total de atualizações enviadas: 0
2026-09-02T21:28:00.093-03:00  INFO 22468 --- [ecommerce] [scheduling-1] c.d.e.service.SincronizacaoService       : Lendo VW_ECOMMERCE_PRECOS no banco de dados...
2026-09-02T21:28:00.184-03:00  INFO 22468 --- [ecommerce] [scheduling-1] c.d.e.service.SincronizacaoService       : Ciclo finalizado. Total de atualizações enviadas: 0
2026-09-02T21:29:00.001-03:00  INFO 22468 --- [ecommerce] [scheduling-1] c.d.e.s.SincronizacaoEstoqueService      : [ESTOQUE] Lendo VW_ECOMMERCE_ESTOQUE no banco de dados...
2026-09-02T21:29:00.081-03:00  INFO 22468 --- [ecommerce] [scheduling-1] c.d.e.s.SincronizacaoEstoqueService      : [ESTOQUE] Ciclo finalizado. Total de atualizações enviadas: 0
2026-09-02T21:29:00.081-03:00  INFO 22468 --- [ecommerce] [scheduling-1] c.d.e.service.SincronizacaoService       : Lendo VW_ECOMMERCE_PRECOS no banco de dados...
2026-09-02T21:29:00.458-03:00  INFO 22468 --- [ecommerce] [scheduling-1] c.d.e.service.SincronizacaoService       : Ciclo finalizado. Total de atualizações enviadas: 0
2026-09-02T21:30:00.000-03:00  INFO 22468 --- [ecommerce] [scheduling-1] c.d.e.service.SincronizacaoService       : Lendo VW_ECOMMERCE_PRECOS no banco de dados...
2026-09-02T21:30:00.191-03:00  INFO 22468 --- [ecommerce] [scheduling-1] c.d.e.service.SincronizacaoService       : Ciclo finalizado. Total de atualizações enviadas: 0
2026-09-02T21:30:00.192-03:00  INFO 22468 --- [ecommerce] [scheduling-1] c.d.e.s.SincronizacaoEstoqueService      : [ESTOQUE] Lendo VW_ECOMMERCE_ESTOQUE no banco de dados...
2026-09-02T21:30:00.228-03:00  INFO 22468 --- [ecommerce] [scheduling-1] c.d.e.s.SincronizacaoEstoqueService      : [ESTOQUE] Ciclo finalizado. Total de atualizações enviadas: 0
2026-09-02T21:31:00.000-03:00  INFO 22468 --- [ecommerce] [scheduling-1] c.d.e.s.SincronizacaoEstoqueService      : [ESTOQUE] Lendo VW_ECOMMERCE_ESTOQUE no banco de dados...
2026-09-02T21:31:00.101-03:00  INFO 22468 --- [ecommerce] [scheduling-1] c.d.e.s.SincronizacaoEstoqueService      : [ESTOQUE] Ciclo finalizado. Total de atualizações enviadas: 0
2026-09-02T21:31:00.101-03:00  INFO 22468 --- [ecommerce] [scheduling-1] c.d.e.service.SincronizacaoService       : Lendo VW_ECOMMERCE_PRECOS no banco de dados...
2026-09-02T21:31:00.255-03:00  INFO 22468 --- [ecommerce] [scheduling-1] c.d.e.service.SincronizacaoService       : Ciclo finalizado. Total de atualizações enviadas: 0
2026-09-02T21:32:00.000-03:00  INFO 22468 --- [ecommerce] [scheduling-1] c.d.e.service.SincronizacaoService       : Lendo VW_ECOMMERCE_PRECOS no banco de dados...
2026-09-02T21:32:00.153-03:00  INFO 22468 --- [ecommerce] [scheduling-1] c.d.e.service.SincronizacaoService       : Ciclo finalizado. Total de atualizações enviadas: 0
2026-09-02T21:32:00.153-03:00  INFO 22468 --- [ecommerce] [scheduling-1] c.d.e.s.SincronizacaoEstoqueService      : [ESTOQUE] Lendo VW_ECOMMERCE_ESTOQUE no banco de dados...
2026-09-02T21:32:00.176-03:00  INFO 22468 --- [ecommerce] [scheduling-1] c.d.e.s.SincronizacaoEstoqueService      : [ESTOQUE] Ciclo finalizado. Total de atualizações enviadas: 0
2026-09-02T21:33:00.001-03:00  INFO 22468 --- [ecommerce] [scheduling-1] c.d.e.s.SincronizacaoEstoqueService      : [ESTOQUE] Lendo VW_ECOMMERCE_ESTOQUE no banco de dados...
2026-09-02T21:33:00.080-03:00  INFO 22468 --- [ecommerce] [scheduling-1] c.d.e.s.SincronizacaoEstoqueService      : [ESTOQUE] Ciclo finalizado. Total de atualizações enviadas: 0
2026-09-02T21:33:00.080-03:00  INFO 22468 --- [ecommerce] [scheduling-1] c.d.e.service.SincronizacaoService       : Lendo VW_ECOMMERCE_PRECOS no banco de dados...
2026-09-02T21:33:00.277-03:00  INFO 22468 --- [ecommerce] [scheduling-1] c.d.e.service.SincronizacaoService       : Ciclo finalizado. Total de atualizações enviadas: 0
2026-09-02T21:34:00.000-03:00  INFO 22468 --- [ecommerce] [scheduling-1] c.d.e.service.SincronizacaoService       : Lendo VW_ECOMMERCE_PRECOS no banco de dados...
2026-09-02T21:34:00.144-03:00  INFO 22468 --- [ecommerce] [scheduling-1] c.d.e.service.SincronizacaoService       : Ciclo finalizado. Total de atualizações enviadas: 0
2026-09-02T21:34:00.145-03:00  INFO 22468 --- [ecommerce] [scheduling-1] c.d.e.s.SincronizacaoEstoqueService      : [ESTOQUE] Lendo VW_ECOMMERCE_ESTOQUE no banco de dados...
2026-09-02T21:34:00.190-03:00  INFO 22468 --- [ecommerce] [scheduling-1] c.d.e.s.SincronizacaoEstoqueService      : [ESTOQUE] Ciclo finalizado. Total de atualizações enviadas: 0
2026-09-02T21:35:00.000-03:00  INFO 22468 --- [ecommerce] [scheduling-1] c.d.e.s.SincronizacaoEstoqueService      : [ESTOQUE] Lendo VW_ECOMMERCE_ESTOQUE no banco de dados...
2026-09-02T21:35:00.026-03:00  INFO 22468 --- [ecommerce] [scheduling-1] c.d.e.s.SincronizacaoEstoqueService      : [ESTOQUE] Ciclo finalizado. Total de atualizações enviadas: 0
2026-09-02T21:35:00.026-03:00  INFO 22468 --- [ecommerce] [scheduling-1] c.d.e.service.SincronizacaoService       : Lendo VW_ECOMMERCE_PRECOS no banco de dados...
2026-09-02T21:35:00.076-03:00  INFO 22468 --- [ecommerce] [scheduling-1] c.d.e.service.SincronizacaoService       : Ciclo finalizado. Total de atualizações enviadas: 0
2026-09-02T21:36:00.000-03:00  INFO 22468 --- [ecommerce] [scheduling-1] c.d.e.service.SincronizacaoService       : Lendo VW_ECOMMERCE_PRECOS no banco de dados...
2026-09-02T21:36:00.061-03:00  INFO 22468 --- [ecommerce] [scheduling-1] c.d.e.service.SincronizacaoService       : Ciclo finalizado. Total de atualizações enviadas: 0
2026-09-02T21:36:00.061-03:00  INFO 22468 --- [ecommerce] [scheduling-1] c.d.e.s.SincronizacaoEstoqueService      : [ESTOQUE] Lendo VW_ECOMMERCE_ESTOQUE no banco de dados...
2026-09-02T21:36:00.095-03:00  INFO 22468 --- [ecommerce] [scheduling-1] c.d.e.s.SincronizacaoEstoqueService      : [ESTOQUE] Ciclo finalizado. Total de atualizações enviadas: 0
2026-09-02T21:37:00.000-03:00  INFO 22468 --- [ecommerce] [scheduling-1] c.d.e.s.SincronizacaoEstoqueService      : [ESTOQUE] Lendo VW_ECOMMERCE_ESTOQUE no banco de dados...
2026-09-02T21:37:00.100-03:00  INFO 22468 --- [ecommerce] [scheduling-1] c.d.e.s.SincronizacaoEstoqueService      : [ESTOQUE] Ciclo finalizado. Total de atualizações enviadas: 0
2026-09-02T21:37:00.101-03:00  INFO 22468 --- [ecommerce] [scheduling-1] c.d.e.service.SincronizacaoService       : Lendo VW_ECOMMERCE_PRECOS no banco de dados...
2026-09-02T21:37:00.259-03:00  INFO 22468 --- [ecommerce] [scheduling-1] c.d.e.service.SincronizacaoService       : Ciclo finalizado. Total de atualizações enviadas: 0
2026-09-02T21:38:00.000-03:00  INFO 22468 --- [ecommerce] [scheduling-1] c.d.e.service.SincronizacaoService       : Lendo VW_ECOMMERCE_PRECOS no banco de dados...
2026-09-02T21:38:00.080-03:00  INFO 22468 --- [ecommerce] [scheduling-1] c.d.e.service.SincronizacaoService       : Ciclo finalizado. Total de atualizações enviadas: 0
2026-09-02T21:38:00.080-03:00  INFO 22468 --- [ecommerce] [scheduling-1] c.d.e.s.SincronizacaoEstoqueService      : [ESTOQUE] Lendo VW_ECOMMERCE_ESTOQUE no banco de dados...
2026-09-02T21:38:00.114-03:00  INFO 22468 --- [ecommerce] [scheduling-1] c.d.e.s.SincronizacaoEstoqueService      : [ESTOQUE] Ciclo finalizado. Total de atualizações enviadas: 0
2026-09-02T21:39:00.000-03:00  INFO 22468 --- [ecommerce] [scheduling-1] c.d.e.s.SincronizacaoEstoqueService      : [ESTOQUE] Lendo VW_ECOMMERCE_ESTOQUE no banco de dados...
2026-09-02T21:39:00.077-03:00  INFO 22468 --- [ecommerce] [scheduling-1] c.d.e.s.SincronizacaoEstoqueService      : [ESTOQUE] Ciclo finalizado. Total de atualizações enviadas: 0
2026-09-02T21:39:00.077-03:00  INFO 22468 --- [ecommerce] [scheduling-1] c.d.e.service.SincronizacaoService       : Lendo VW_ECOMMERCE_PRECOS no banco de dados...
2026-09-02T21:39:00.321-03:00  INFO 22468 --- [ecommerce] [scheduling-1] c.d.e.service.SincronizacaoService       : Ciclo finalizado. Total de atualizações enviadas: 0
2026-09-02T21:40:00.000-03:00  INFO 22468 --- [ecommerce] [scheduling-1] c.d.e.s.SincronizacaoEstoqueService      : [ESTOQUE] Lendo VW_ECOMMERCE_ESTOQUE no banco de dados...
2026-09-02T21:40:00.084-03:00  INFO 22468 --- [ecommerce] [scheduling-1] c.d.e.s.SincronizacaoEstoqueService      : [ESTOQUE] Ciclo finalizado. Total de atualizações enviadas: 0
2026-09-02T21:40:00.085-03:00  INFO 22468 --- [ecommerce] [scheduling-1] c.d.e.service.SincronizacaoService       : Lendo VW_ECOMMERCE_PRECOS no banco de dados...
2026-09-02T21:40:00.169-03:00  INFO 22468 --- [ecommerce] [scheduling-1] c.d.e.service.SincronizacaoService       : Ciclo finalizado. Total de atualizações enviadas: 0
2026-09-02T21:40:59.999-03:00  INFO 22468 --- [ecommerce] [scheduling-1] c.d.e.service.SincronizacaoService       : Lendo VW_ECOMMERCE_PRECOS no banco de dados...
2026-09-02T21:41:00.621-03:00  INFO 22468 --- [ecommerce] [scheduling-1] c.d.e.service.SincronizacaoService       : Ciclo finalizado. Total de atualizações enviadas: 0
2026-09-02T21:41:00.622-03:00  INFO 22468 --- [ecommerce] [scheduling-1] c.d.e.s.SincronizacaoEstoqueService      : [ESTOQUE] Lendo VW_ECOMMERCE_ESTOQUE no banco de dados...
2026-09-02T21:41:00.708-03:00  INFO 22468 --- [ecommerce] [scheduling-1] c.d.e.s.SincronizacaoEstoqueService      : [ESTOQUE] Ciclo finalizado. Total de atualizações enviadas: 0
2026-09-02T21:41:59.999-03:00  INFO 22468 --- [ecommerce] [scheduling-1] c.d.e.service.SincronizacaoService       : Lendo VW_ECOMMERCE_PRECOS no banco de dados...
2026-09-02T21:42:00.108-03:00  INFO 22468 --- [ecommerce] [scheduling-1] c.d.e.service.SincronizacaoService       : Ciclo finalizado. Total de atualizações enviadas: 0
2026-09-02T21:42:00.108-03:00  INFO 22468 --- [ecommerce] [scheduling-1] c.d.e.s.SincronizacaoEstoqueService      : [ESTOQUE] Lendo VW_ECOMMERCE_ESTOQUE no banco de dados...
2026-09-02T21:42:00.129-03:00  INFO 22468 --- [ecommerce] [scheduling-1] c.d.e.s.SincronizacaoEstoqueService      : [ESTOQUE] Ciclo finalizado. Total de atualizações enviadas: 0
2026-09-02T21:42:59.999-03:00  INFO 22468 --- [ecommerce] [scheduling-1] c.d.e.s.SincronizacaoEstoqueService      : [ESTOQUE] Lendo VW_ECOMMERCE_ESTOQUE no banco de dados...
2026-09-02T21:43:00.066-03:00  INFO 22468 --- [ecommerce] [scheduling-1] c.d.e.s.SincronizacaoEstoqueService      : [ESTOQUE] Ciclo finalizado. Total de atualizações enviadas: 0
2026-09-02T21:43:00.066-03:00  INFO 22468 --- [ecommerce] [scheduling-1] c.d.e.service.SincronizacaoService       : Lendo VW_ECOMMERCE_PRECOS no banco de dados...
2026-09-02T21:43:00.250-03:00  INFO 22468 --- [ecommerce] [scheduling-1] c.d.e.service.SincronizacaoService       : Ciclo finalizado. Total de atualizações enviadas: 0
2026-09-02T21:44:00.000-03:00  INFO 22468 --- [ecommerce] [scheduling-1] c.d.e.service.SincronizacaoService       : Lendo VW_ECOMMERCE_PRECOS no banco de dados...
2026-09-02T21:44:00.248-03:00  INFO 22468 --- [ecommerce] [scheduling-1] c.d.e.service.SincronizacaoService       : Ciclo finalizado. Total de atualizações enviadas: 0
2026-09-02T21:44:00.248-03:00  INFO 22468 --- [ecommerce] [scheduling-1] c.d.e.s.SincronizacaoEstoqueService      : [ESTOQUE] Lendo VW_ECOMMERCE_ESTOQUE no banco de dados...
2026-09-02T21:44:00.276-03:00  INFO 22468 --- [ecommerce] [scheduling-1] c.d.e.s.SincronizacaoEstoqueService      : [ESTOQUE] Ciclo finalizado. Total de atualizações enviadas: 0
2026-09-02T21:45:00.000-03:00  INFO 22468 --- [ecommerce] [scheduling-1] c.d.e.service.SincronizacaoService       : Lendo VW_ECOMMERCE_PRECOS no banco de dados...
2026-09-02T21:45:00.114-03:00  INFO 22468 --- [ecommerce] [scheduling-1] c.d.e.service.SincronizacaoService       : Ciclo finalizado. Total de atualizações enviadas: 0
2026-09-02T21:45:00.115-03:00  INFO 22468 --- [ecommerce] [scheduling-1] c.d.e.s.SincronizacaoEstoqueService      : [ESTOQUE] Lendo VW_ECOMMERCE_ESTOQUE no banco de dados...
2026-09-02T21:45:00.138-03:00  INFO 22468 --- [ecommerce] [scheduling-1] c.d.e.s.SincronizacaoEstoqueService      : [ESTOQUE] Ciclo finalizado. Total de atualizações enviadas: 0
2026-09-02T21:46:00.000-03:00  INFO 22468 --- [ecommerce] [scheduling-1] c.d.e.s.SincronizacaoEstoqueService      : [ESTOQUE] Lendo VW_ECOMMERCE_ESTOQUE no banco de dados...
2026-09-02T21:46:00.076-03:00  INFO 22468 --- [ecommerce] [scheduling-1] c.d.e.s.SincronizacaoEstoqueService      : [ESTOQUE] Ciclo finalizado. Total de atualizações enviadas: 0
2026-09-02T21:46:00.076-03:00  INFO 22468 --- [ecommerce] [scheduling-1] c.d.e.service.SincronizacaoService       : Lendo VW_ECOMMERCE_PRECOS no banco de dados...
2026-09-02T21:46:00.128-03:00  INFO 22468 --- [ecommerce] [scheduling-1] c.d.e.service.SincronizacaoService       : Ciclo finalizado. Total de atualizações enviadas: 0
2026-09-02T21:47:00.000-03:00  INFO 22468 --- [ecommerce] [scheduling-1] c.d.e.s.SincronizacaoEstoqueService      : [ESTOQUE] Lendo VW_ECOMMERCE_ESTOQUE no banco de dados...
2026-09-02T21:47:00.099-03:00  INFO 22468 --- [ecommerce] [scheduling-1] c.d.e.s.SincronizacaoEstoqueService      : [ESTOQUE] Ciclo finalizado. Total de atualizações enviadas: 0
2026-09-02T21:47:00.100-03:00  INFO 22468 --- [ecommerce] [scheduling-1] c.d.e.service.SincronizacaoService       : Lendo VW_ECOMMERCE_PRECOS no banco de dados...
2026-09-02T21:47:00.243-03:00  INFO 22468 --- [ecommerce] [scheduling-1] c.d.e.service.SincronizacaoService       : Ciclo finalizado. Total de atualizações enviadas: 0
2026-09-02T21:48:00.000-03:00  INFO 22468 --- [ecommerce] [scheduling-1] c.d.e.service.SincronizacaoService       : Lendo VW_ECOMMERCE_PRECOS no banco de dados...
2026-09-02T21:48:00.096-03:00  INFO 22468 --- [ecommerce] [scheduling-1] c.d.e.service.SincronizacaoService       : Ciclo finalizado. Total de atualizações enviadas: 0
2026-09-02T21:48:00.096-03:00  INFO 22468 --- [ecommerce] [scheduling-1] c.d.e.s.SincronizacaoEstoqueService      : [ESTOQUE] Lendo VW_ECOMMERCE_ESTOQUE no banco de dados...
2026-09-02T21:48:00.117-03:00  INFO 22468 --- [ecommerce] [scheduling-1] c.d.e.s.SincronizacaoEstoqueService      : [ESTOQUE] Ciclo finalizado. Total de atualizações enviadas: 0
2026-09-02T21:49:00.000-03:00  INFO 22468 --- [ecommerce] [scheduling-1] c.d.e.s.SincronizacaoEstoqueService      : [ESTOQUE] Lendo VW_ECOMMERCE_ESTOQUE no banco de dados...
2026-09-02T21:49:00.074-03:00  INFO 22468 --- [ecommerce] [scheduling-1] c.d.e.s.SincronizacaoEstoqueService      : [ESTOQUE] Ciclo finalizado. Total de atualizações enviadas: 0
2026-09-02T21:49:00.074-03:00  INFO 22468 --- [ecommerce] [scheduling-1] c.d.e.service.SincronizacaoService       : Lendo VW_ECOMMERCE_PRECOS no banco de dados...
2026-09-02T21:49:00.210-03:00  INFO 22468 --- [ecommerce] [scheduling-1] c.d.e.service.SincronizacaoService       : Ciclo finalizado. Total de atualizações enviadas: 0
2026-09-02T21:49:59.999-03:00  INFO 22468 --- [ecommerce] [scheduling-1] c.d.e.service.SincronizacaoService       : Lendo VW_ECOMMERCE_PRECOS no banco de dados...
2026-09-02T21:50:00.114-03:00  INFO 22468 --- [ecommerce] [scheduling-1] c.d.e.service.SincronizacaoService       : Ciclo finalizado. Total de atualizações enviadas: 0
2026-09-02T21:50:00.114-03:00  INFO 22468 --- [ecommerce] [scheduling-1] c.d.e.s.SincronizacaoEstoqueService      : [ESTOQUE] Lendo VW_ECOMMERCE_ESTOQUE no banco de dados...
2026-09-02T21:50:00.139-03:00  INFO 22468 --- [ecommerce] [scheduling-1] c.d.e.s.SincronizacaoEstoqueService      : [ESTOQUE] Ciclo finalizado. Total de atualizações enviadas: 0
2026-09-02T21:51:00.000-03:00  INFO 22468 --- [ecommerce] [scheduling-1] c.d.e.service.SincronizacaoService       : Lendo VW_ECOMMERCE_PRECOS no banco de dados...
2026-09-02T21:51:00.087-03:00  INFO 22468 --- [ecommerce] [scheduling-1] c.d.e.service.SincronizacaoService       : Ciclo finalizado. Total de atualizações enviadas: 0
2026-09-02T21:51:00.087-03:00  INFO 22468 --- [ecommerce] [scheduling-1] c.d.e.s.SincronizacaoEstoqueService      : [ESTOQUE] Lendo VW_ECOMMERCE_ESTOQUE no banco de dados...
2026-09-02T21:51:00.111-03:00  INFO 22468 --- [ecommerce] [scheduling-1] c.d.e.s.SincronizacaoEstoqueService      : [ESTOQUE] Ciclo finalizado. Total de atualizações enviadas: 0
2026-09-02T21:52:00.001-03:00  INFO 22468 --- [ecommerce] [scheduling-1] c.d.e.s.SincronizacaoEstoqueService      : [ESTOQUE] Lendo VW_ECOMMERCE_ESTOQUE no banco de dados...
2026-09-02T21:52:00.055-03:00  INFO 22468 --- [ecommerce] [scheduling-1] c.d.e.s.SincronizacaoEstoqueService      : [ESTOQUE] Ciclo finalizado. Total de atualizações enviadas: 0
2026-09-02T21:52:00.055-03:00  INFO 22468 --- [ecommerce] [scheduling-1] c.d.e.service.SincronizacaoService       : Lendo VW_ECOMMERCE_PRECOS no banco de dados...
2026-09-02T21:52:00.103-03:00  INFO 22468 --- [ecommerce] [scheduling-1] c.d.e.service.SincronizacaoService       : Ciclo finalizado. Total de atualizações enviadas: 0
2026-09-02T21:52:59.999-03:00  INFO 22468 --- [ecommerce] [scheduling-1] c.d.e.service.SincronizacaoService       : Lendo VW_ECOMMERCE_PRECOS no banco de dados...
2026-09-02T21:53:00.245-03:00  INFO 22468 --- [ecommerce] [scheduling-1] c.d.e.service.SincronizacaoService       : Ciclo finalizado. Total de atualizações enviadas: 0
2026-09-02T21:53:00.246-03:00  INFO 22468 --- [ecommerce] [scheduling-1] c.d.e.s.SincronizacaoEstoqueService      : [ESTOQUE] Lendo VW_ECOMMERCE_ESTOQUE no banco de dados...
2026-09-02T21:53:00.274-03:00  INFO 22468 --- [ecommerce] [scheduling-1] c.d.e.s.SincronizacaoEstoqueService      : [ESTOQUE] Ciclo finalizado. Total de atualizações enviadas: 0
2026-09-02T21:53:59.999-03:00  INFO 22468 --- [ecommerce] [scheduling-1] c.d.e.service.SincronizacaoService       : Lendo VW_ECOMMERCE_PRECOS no banco de dados...
2026-09-02T21:54:00.056-03:00  INFO 22468 --- [ecommerce] [scheduling-1] c.d.e.service.SincronizacaoService       : Ciclo finalizado. Total de atualizações enviadas: 0
2026-09-02T21:54:00.056-03:00  INFO 22468 --- [ecommerce] [scheduling-1] c.d.e.s.SincronizacaoEstoqueService      : [ESTOQUE] Lendo VW_ECOMMERCE_ESTOQUE no banco de dados...
2026-09-02T21:54:00.085-03:00  INFO 22468 --- [ecommerce] [scheduling-1] c.d.e.s.SincronizacaoEstoqueService      : [ESTOQUE] Ciclo finalizado. Total de atualizações enviadas: 0
2026-09-02T21:55:00.000-03:00  INFO 22468 --- [ecommerce] [scheduling-1] c.d.e.service.SincronizacaoService       : Lendo VW_ECOMMERCE_PRECOS no banco de dados...
2026-09-02T21:55:00.193-03:00  INFO 22468 --- [ecommerce] [scheduling-1] c.d.e.service.SincronizacaoService       : Ciclo finalizado. Total de atualizações enviadas: 0
2026-09-02T21:55:00.193-03:00  INFO 22468 --- [ecommerce] [scheduling-1] c.d.e.s.SincronizacaoEstoqueService      : [ESTOQUE] Lendo VW_ECOMMERCE_ESTOQUE no banco de dados...
2026-09-02T21:55:00.244-03:00  INFO 22468 --- [ecommerce] [scheduling-1] c.d.e.s.SincronizacaoEstoqueService      : [ESTOQUE] Ciclo finalizado. Total de atualizações enviadas: 0
2026-09-02T21:56:00.000-03:00  INFO 22468 --- [ecommerce] [scheduling-1] c.d.e.s.SincronizacaoEstoqueService      : [ESTOQUE] Lendo VW_ECOMMERCE_ESTOQUE no banco de dados...
2026-09-02T21:56:00.113-03:00  INFO 22468 --- [ecommerce] [scheduling-1] c.d.e.s.SincronizacaoEstoqueService      : [ESTOQUE] Ciclo finalizado. Total de atualizações enviadas: 0
2026-09-02T21:56:00.114-03:00  INFO 22468 --- [ecommerce] [scheduling-1] c.d.e.service.SincronizacaoService       : Lendo VW_ECOMMERCE_PRECOS no banco de dados...
2026-09-02T21:56:00.429-03:00  INFO 22468 --- [ecommerce] [scheduling-1] c.d.e.service.SincronizacaoService       : Ciclo finalizado. Total de atualizações enviadas: 0
2026-09-02T21:56:59.999-03:00  INFO 22468 --- [ecommerce] [scheduling-1] c.d.e.s.SincronizacaoEstoqueService      : [ESTOQUE] Lendo VW_ECOMMERCE_ESTOQUE no banco de dados...
2026-09-02T21:57:00.054-03:00  INFO 22468 --- [ecommerce] [scheduling-1] c.d.e.s.SincronizacaoEstoqueService      : [ESTOQUE] Ciclo finalizado. Total de atualizações enviadas: 0
2026-09-02T21:57:00.055-03:00  INFO 22468 --- [ecommerce] [scheduling-1] c.d.e.service.SincronizacaoService       : Lendo VW_ECOMMERCE_PRECOS no banco de dados...
2026-09-02T21:57:00.111-03:00  INFO 22468 --- [ecommerce] [scheduling-1] c.d.e.service.SincronizacaoService       : Ciclo finalizado. Total de atualizações enviadas: 0
2026-09-02T21:58:00.000-03:00  INFO 22468 --- [ecommerce] [scheduling-1] c.d.e.s.SincronizacaoEstoqueService      : [ESTOQUE] Lendo VW_ECOMMERCE_ESTOQUE no banco de dados...
2026-09-02T21:58:00.081-03:00  INFO 22468 --- [ecommerce] [scheduling-1] c.d.e.s.SincronizacaoEstoqueService      : [ESTOQUE] Ciclo finalizado. Total de atualizações enviadas: 0
2026-09-02T21:58:00.081-03:00  INFO 22468 --- [ecommerce] [scheduling-1] c.d.e.service.SincronizacaoService       : Lendo VW_ECOMMERCE_PRECOS no banco de dados...
2026-09-02T21:58:00.144-03:00  INFO 22468 --- [ecommerce] [scheduling-1] c.d.e.service.SincronizacaoService       : Ciclo finalizado. Total de atualizações enviadas: 0
2026-09-02T21:59:00.001-03:00  INFO 22468 --- [ecommerce] [scheduling-1] c.d.e.service.SincronizacaoService       : Lendo VW_ECOMMERCE_PRECOS no banco de dados...
2026-09-02T21:59:00.100-03:00  INFO 22468 --- [ecommerce] [scheduling-1] c.d.e.service.SincronizacaoService       : Ciclo finalizado. Total de atualizações enviadas: 0
2026-09-02T21:59:00.100-03:00  INFO 22468 --- [ecommerce] [scheduling-1] c.d.e.s.SincronizacaoEstoqueService      : [ESTOQUE] Lendo VW_ECOMMERCE_ESTOQUE no banco de dados...
2026-09-02T21:59:00.128-03:00  INFO 22468 --- [ecommerce] [scheduling-1] c.d.e.s.SincronizacaoEstoqueService      : [ESTOQUE] Ciclo finalizado. Total de atualizações enviadas: 0
2026-09-02T21:59:59.999-03:00  INFO 22468 --- [ecommerce] [scheduling-1] c.d.e.s.SincronizacaoEstoqueService      : [ESTOQUE] Lendo VW_ECOMMERCE_ESTOQUE no banco de dados...
2026-09-02T22:00:00.067-03:00  INFO 22468 --- [ecommerce] [scheduling-1] c.d.e.s.SincronizacaoEstoqueService      : [ESTOQUE] Ciclo finalizado. Total de atualizações enviadas: 0
2026-09-02T22:00:00.068-03:00  INFO 22468 --- [ecommerce] [scheduling-1] c.d.e.service.SincronizacaoService       : Lendo VW_ECOMMERCE_PRECOS no banco de dados...
2026-09-02T22:00:00.211-03:00  INFO 22468 --- [ecommerce] [scheduling-1] c.d.e.service.SincronizacaoService       : Ciclo finalizado. Total de atualizações enviadas: 0
2026-09-02T22:00:59.999-03:00  INFO 22468 --- [ecommerce] [scheduling-1] c.d.e.s.SincronizacaoEstoqueService      : [ESTOQUE] Lendo VW_ECOMMERCE_ESTOQUE no banco de dados...
2026-09-02T22:01:00.053-03:00  INFO 22468 --- [ecommerce] [scheduling-1] c.d.e.s.SincronizacaoEstoqueService      : [ESTOQUE] Ciclo finalizado. Total de atualizações enviadas: 0
2026-09-02T22:01:00.053-03:00  INFO 22468 --- [ecommerce] [scheduling-1] c.d.e.service.SincronizacaoService       : Lendo VW_ECOMMERCE_PRECOS no banco de dados...
2026-09-02T22:01:00.205-03:00  INFO 22468 --- [ecommerce] [scheduling-1] c.d.e.service.SincronizacaoService       : Ciclo finalizado. Total de atualizações enviadas: 0
2026-09-02T22:02:00.001-03:00  INFO 22468 --- [ecommerce] [scheduling-1] c.d.e.service.SincronizacaoService       : Lendo VW_ECOMMERCE_PRECOS no banco de dados...
2026-09-02T22:02:00.154-03:00  INFO 22468 --- [ecommerce] [scheduling-1] c.d.e.service.SincronizacaoService       : Ciclo finalizado. Total de atualizações enviadas: 0
2026-09-02T22:02:00.155-03:00  INFO 22468 --- [ecommerce] [scheduling-1] c.d.e.s.SincronizacaoEstoqueService      : [ESTOQUE] Lendo VW_ECOMMERCE_ESTOQUE no banco de dados...
2026-09-02T22:02:00.178-03:00  INFO 22468 --- [ecommerce] [scheduling-1] c.d.e.s.SincronizacaoEstoqueService      : [ESTOQUE] Ciclo finalizado. Total de atualizações enviadas: 0
2026-09-02T22:02:59.999-03:00  INFO 22468 --- [ecommerce] [scheduling-1] c.d.e.service.SincronizacaoService       : Lendo VW_ECOMMERCE_PRECOS no banco de dados...
2026-09-02T22:03:00.137-03:00  INFO 22468 --- [ecommerce] [scheduling-1] c.d.e.service.SincronizacaoService       : Ciclo finalizado. Total de atualizações enviadas: 0
2026-09-02T22:03:00.137-03:00  INFO 22468 --- [ecommerce] [scheduling-1] c.d.e.s.SincronizacaoEstoqueService      : [ESTOQUE] Lendo VW_ECOMMERCE_ESTOQUE no banco de dados...
2026-09-02T22:03:00.183-03:00  INFO 22468 --- [ecommerce] [scheduling-1] c.d.e.s.SincronizacaoEstoqueService      : [ESTOQUE] Ciclo finalizado. Total de atualizações enviadas: 0
2026-09-02T22:04:00.000-03:00  INFO 22468 --- [ecommerce] [scheduling-1] c.d.e.s.SincronizacaoEstoqueService      : [ESTOQUE] Lendo VW_ECOMMERCE_ESTOQUE no banco de dados...
2026-09-02T22:04:00.049-03:00  INFO 22468 --- [ecommerce] [scheduling-1] c.d.e.s.SincronizacaoEstoqueService      : [ESTOQUE] Ciclo finalizado. Total de atualizações enviadas: 0
2026-09-02T22:04:00.049-03:00  INFO 22468 --- [ecommerce] [scheduling-1] c.d.e.service.SincronizacaoService       : Lendo VW_ECOMMERCE_PRECOS no banco de dados...
2026-09-02T22:04:00.251-03:00  INFO 22468 --- [ecommerce] [scheduling-1] c.d.e.service.SincronizacaoService       : Ciclo finalizado. Total de atualizações enviadas: 0
2026-09-02T22:05:00.000-03:00  INFO 22468 --- [ecommerce] [scheduling-1] c.d.e.service.SincronizacaoService       : Lendo VW_ECOMMERCE_PRECOS no banco de dados...
2026-09-02T22:05:00.110-03:00  INFO 22468 --- [ecommerce] [scheduling-1] c.d.e.service.SincronizacaoService       : Ciclo finalizado. Total de atualizações enviadas: 0
2026-09-02T22:05:00.111-03:00  INFO 22468 --- [ecommerce] [scheduling-1] c.d.e.s.SincronizacaoEstoqueService      : [ESTOQUE] Lendo VW_ECOMMERCE_ESTOQUE no banco de dados...
2026-09-02T22:05:00.133-03:00  INFO 22468 --- [ecommerce] [scheduling-1] c.d.e.s.SincronizacaoEstoqueService      : [ESTOQUE] Ciclo finalizado. Total de atualizações enviadas: 0
2026-09-02T22:06:00.000-03:00  INFO 22468 --- [ecommerce] [scheduling-1] c.d.e.service.SincronizacaoService       : Lendo VW_ECOMMERCE_PRECOS no banco de dados...
2026-09-02T22:06:00.084-03:00  INFO 22468 --- [ecommerce] [scheduling-1] c.d.e.service.SincronizacaoService       : Ciclo finalizado. Total de atualizações enviadas: 0
2026-09-02T22:06:00.084-03:00  INFO 22468 --- [ecommerce] [scheduling-1] c.d.e.s.SincronizacaoEstoqueService      : [ESTOQUE] Lendo VW_ECOMMERCE_ESTOQUE no banco de dados...
2026-09-02T22:06:00.133-03:00  INFO 22468 --- [ecommerce] [scheduling-1] c.d.e.s.SincronizacaoEstoqueService      : [ESTOQUE] Ciclo finalizado. Total de atualizações enviadas: 0
2026-09-02T22:07:00.000-03:00  INFO 22468 --- [ecommerce] [scheduling-1] c.d.e.s.SincronizacaoEstoqueService      : [ESTOQUE] Lendo VW_ECOMMERCE_ESTOQUE no banco de dados...
2026-09-02T22:07:00.075-03:00  INFO 22468 --- [ecommerce] [scheduling-1] c.d.e.s.SincronizacaoEstoqueService      : [ESTOQUE] Ciclo finalizado. Total de atualizações enviadas: 0
2026-09-02T22:07:00.075-03:00  INFO 22468 --- [ecommerce] [scheduling-1] c.d.e.service.SincronizacaoService       : Lendo VW_ECOMMERCE_PRECOS no banco de dados...
2026-09-02T22:07:00.402-03:00  INFO 22468 --- [ecommerce] [scheduling-1] c.d.e.service.SincronizacaoService       : Ciclo finalizado. Total de atualizações enviadas: 0
2026-09-02T22:08:00.000-03:00  INFO 22468 --- [ecommerce] [scheduling-1] c.d.e.s.SincronizacaoEstoqueService      : [ESTOQUE] Lendo VW_ECOMMERCE_ESTOQUE no banco de dados...
2026-09-02T22:08:00.046-03:00  INFO 22468 --- [ecommerce] [scheduling-1] c.d.e.s.SincronizacaoEstoqueService      : [ESTOQUE] Ciclo finalizado. Total de atualizações enviadas: 0
2026-09-02T22:08:00.047-03:00  INFO 22468 --- [ecommerce] [scheduling-1] c.d.e.service.SincronizacaoService       : Lendo VW_ECOMMERCE_PRECOS no banco de dados...
2026-09-02T22:08:00.112-03:00  INFO 22468 --- [ecommerce] [scheduling-1] c.d.e.service.SincronizacaoService       : Ciclo finalizado. Total de atualizações enviadas: 0
2026-09-02T22:09:00.000-03:00  INFO 22468 --- [ecommerce] [scheduling-1] c.d.e.service.SincronizacaoService       : Lendo VW_ECOMMERCE_PRECOS no banco de dados...
2026-09-02T22:09:00.060-03:00  INFO 22468 --- [ecommerce] [scheduling-1] c.d.e.service.SincronizacaoService       : Ciclo finalizado. Total de atualizações enviadas: 0
2026-09-02T22:09:00.061-03:00  INFO 22468 --- [ecommerce] [scheduling-1] c.d.e.s.SincronizacaoEstoqueService      : [ESTOQUE] Lendo VW_ECOMMERCE_ESTOQUE no banco de dados...
2026-09-02T22:09:00.090-03:00  INFO 22468 --- [ecommerce] [scheduling-1] c.d.e.s.SincronizacaoEstoqueService      : [ESTOQUE] Ciclo finalizado. Total de atualizações enviadas: 0
2026-09-02T22:10:00.001-03:00  INFO 22468 --- [ecommerce] [scheduling-1] c.d.e.service.SincronizacaoService       : Lendo VW_ECOMMERCE_PRECOS no banco de dados...
2026-09-02T22:10:00.235-03:00  INFO 22468 --- [ecommerce] [scheduling-1] c.d.e.service.SincronizacaoService       : Ciclo finalizado. Total de atualizações enviadas: 0
2026-09-02T22:10:00.235-03:00  INFO 22468 --- [ecommerce] [scheduling-1] c.d.e.s.SincronizacaoEstoqueService      : [ESTOQUE] Lendo VW_ECOMMERCE_ESTOQUE no banco de dados...
2026-09-02T22:10:00.282-03:00  INFO 22468 --- [ecommerce] [scheduling-1] c.d.e.s.SincronizacaoEstoqueService      : [ESTOQUE] Ciclo finalizado. Total de atualizações enviadas: 0
2026-09-02T22:11:00.001-03:00  INFO 22468 --- [ecommerce] [scheduling-1] c.d.e.s.SincronizacaoEstoqueService      : [ESTOQUE] Lendo VW_ECOMMERCE_ESTOQUE no banco de dados...
2026-09-02T22:11:00.040-03:00  INFO 22468 --- [ecommerce] [scheduling-1] c.d.e.s.SincronizacaoEstoqueService      : [ESTOQUE] Ciclo finalizado. Total de atualizações enviadas: 0
2026-09-02T22:11:00.046-03:00  INFO 22468 --- [ecommerce] [scheduling-1] c.d.e.service.SincronizacaoService       : Lendo VW_ECOMMERCE_PRECOS no banco de dados...
2026-09-02T22:11:00.176-03:00  INFO 22468 --- [ecommerce] [scheduling-1] c.d.e.service.SincronizacaoService       : Ciclo finalizado. Total de atualizações enviadas: 0
2026-09-02T22:12:00.000-03:00  INFO 22468 --- [ecommerce] [scheduling-1] c.d.e.s.SincronizacaoEstoqueService      : [ESTOQUE] Lendo VW_ECOMMERCE_ESTOQUE no banco de dados...
2026-09-02T22:12:00.083-03:00  INFO 22468 --- [ecommerce] [scheduling-1] c.d.e.s.SincronizacaoEstoqueService      : [ESTOQUE] Ciclo finalizado. Total de atualizações enviadas: 0
2026-09-02T22:12:00.085-03:00  INFO 22468 --- [ecommerce] [scheduling-1] c.d.e.service.SincronizacaoService       : Lendo VW_ECOMMERCE_PRECOS no banco de dados...
2026-09-02T22:12:00.139-03:00  INFO 22468 --- [ecommerce] [scheduling-1] c.d.e.service.SincronizacaoService       : Ciclo finalizado. Total de atualizações enviadas: 0
2026-09-02T22:13:00.001-03:00  INFO 22468 --- [ecommerce] [scheduling-1] c.d.e.s.SincronizacaoEstoqueService      : [ESTOQUE] Lendo VW_ECOMMERCE_ESTOQUE no banco de dados...
2026-09-02T22:13:00.063-03:00  INFO 22468 --- [ecommerce] [scheduling-1] c.d.e.s.SincronizacaoEstoqueService      : [ESTOQUE] Ciclo finalizado. Total de atualizações enviadas: 0
2026-09-02T22:13:00.063-03:00  INFO 22468 --- [ecommerce] [scheduling-1] c.d.e.service.SincronizacaoService       : Lendo VW_ECOMMERCE_PRECOS no banco de dados...
2026-09-02T22:13:00.198-03:00  INFO 22468 --- [ecommerce] [scheduling-1] c.d.e.service.SincronizacaoService       : Ciclo finalizado. Total de atualizações enviadas: 0
2026-09-02T22:13:59.999-03:00  INFO 22468 --- [ecommerce] [scheduling-1] c.d.e.service.SincronizacaoService       : Lendo VW_ECOMMERCE_PRECOS no banco de dados...
2026-09-02T22:14:00.239-03:00  INFO 22468 --- [ecommerce] [scheduling-1] c.d.e.service.SincronizacaoService       : Ciclo finalizado. Total de atualizações enviadas: 0
2026-09-02T22:14:00.240-03:00  INFO 22468 --- [ecommerce] [scheduling-1] c.d.e.s.SincronizacaoEstoqueService      : [ESTOQUE] Lendo VW_ECOMMERCE_ESTOQUE no banco de dados...
2026-09-02T22:14:00.290-03:00  INFO 22468 --- [ecommerce] [scheduling-1] c.d.e.s.SincronizacaoEstoqueService      : [ESTOQUE] Ciclo finalizado. Total de atualizações enviadas: 0
2026-09-02T22:15:00.001-03:00  INFO 22468 --- [ecommerce] [scheduling-1] c.d.e.service.SincronizacaoService       : Lendo VW_ECOMMERCE_PRECOS no banco de dados...
2026-09-02T22:15:00.069-03:00  INFO 22468 --- [ecommerce] [scheduling-1] c.d.e.service.SincronizacaoService       : Ciclo finalizado. Total de atualizações enviadas: 0
2026-09-02T22:15:00.070-03:00  INFO 22468 --- [ecommerce] [scheduling-1] c.d.e.s.SincronizacaoEstoqueService      : [ESTOQUE] Lendo VW_ECOMMERCE_ESTOQUE no banco de dados...
2026-09-02T22:15:00.109-03:00  INFO 22468 --- [ecommerce] [scheduling-1] c.d.e.s.SincronizacaoEstoqueService      : [ESTOQUE] Ciclo finalizado. Total de atualizações enviadas: 0
2026-09-02T22:16:00.000-03:00  INFO 22468 --- [ecommerce] [scheduling-1] c.d.e.service.SincronizacaoService       : Lendo VW_ECOMMERCE_PRECOS no banco de dados...
2026-09-02T22:16:00.592-03:00  INFO 22468 --- [ecommerce] [scheduling-1] c.d.e.service.SincronizacaoService       : Ciclo finalizado. Total de atualizações enviadas: 0
2026-09-02T22:16:00.592-03:00  INFO 22468 --- [ecommerce] [scheduling-1] c.d.e.s.SincronizacaoEstoqueService      : [ESTOQUE] Lendo VW_ECOMMERCE_ESTOQUE no banco de dados...
2026-09-02T22:16:00.684-03:00  INFO 22468 --- [ecommerce] [scheduling-1] c.d.e.s.SincronizacaoEstoqueService      : [ESTOQUE] Ciclo finalizado. Total de atualizações enviadas: 0
2026-09-02T22:17:00.000-03:00  INFO 22468 --- [ecommerce] [scheduling-1] c.d.e.service.SincronizacaoService       : Lendo VW_ECOMMERCE_PRECOS no banco de dados...
2026-09-02T22:17:00.257-03:00  INFO 22468 --- [ecommerce] [scheduling-1] c.d.e.service.SincronizacaoService       : Ciclo finalizado. Total de atualizações enviadas: 0
2026-09-02T22:17:00.257-03:00  INFO 22468 --- [ecommerce] [scheduling-1] c.d.e.s.SincronizacaoEstoqueService      : [ESTOQUE] Lendo VW_ECOMMERCE_ESTOQUE no banco de dados...
2026-09-02T22:17:00.305-03:00  INFO 22468 --- [ecommerce] [scheduling-1] c.d.e.s.SincronizacaoEstoqueService      : [ESTOQUE] Ciclo finalizado. Total de atualizações enviadas: 0
2026-09-02T22:18:00.001-03:00  INFO 22468 --- [ecommerce] [scheduling-1] c.d.e.s.SincronizacaoEstoqueService      : [ESTOQUE] Lendo VW_ECOMMERCE_ESTOQUE no banco de dados...
2026-09-02T22:18:00.059-03:00  INFO 22468 --- [ecommerce] [scheduling-1] c.d.e.s.SincronizacaoEstoqueService      : [ESTOQUE] Ciclo finalizado. Total de atualizações enviadas: 0
2026-09-02T22:18:00.060-03:00  INFO 22468 --- [ecommerce] [scheduling-1] c.d.e.service.SincronizacaoService       : Lendo VW_ECOMMERCE_PRECOS no banco de dados...
2026-09-02T22:18:00.117-03:00  INFO 22468 --- [ecommerce] [scheduling-1] c.d.e.service.SincronizacaoService       : Ciclo finalizado. Total de atualizações enviadas: 0
2026-09-02T22:19:00.001-03:00  INFO 22468 --- [ecommerce] [scheduling-1] c.d.e.service.SincronizacaoService       : Lendo VW_ECOMMERCE_PRECOS no banco de dados...
2026-09-02T22:19:00.077-03:00  INFO 22468 --- [ecommerce] [scheduling-1] c.d.e.service.SincronizacaoService       : Ciclo finalizado. Total de atualizações enviadas: 0
2026-09-02T22:19:00.077-03:00  INFO 22468 --- [ecommerce] [scheduling-1] c.d.e.s.SincronizacaoEstoqueService      : [ESTOQUE] Lendo VW_ECOMMERCE_ESTOQUE no banco de dados...
2026-09-02T22:19:00.105-03:00  INFO 22468 --- [ecommerce] [scheduling-1] c.d.e.s.SincronizacaoEstoqueService      : [ESTOQUE] Ciclo finalizado. Total de atualizações enviadas: 0
2026-09-02T22:20:00.001-03:00  INFO 22468 --- [ecommerce] [scheduling-1] c.d.e.service.SincronizacaoService       : Lendo VW_ECOMMERCE_PRECOS no banco de dados...
2026-09-02T22:20:00.131-03:00  INFO 22468 --- [ecommerce] [scheduling-1] c.d.e.service.SincronizacaoService       : Ciclo finalizado. Total de atualizações enviadas: 0
2026-09-02T22:20:00.131-03:00  INFO 22468 --- [ecommerce] [scheduling-1] c.d.e.s.SincronizacaoEstoqueService      : [ESTOQUE] Lendo VW_ECOMMERCE_ESTOQUE no banco de dados...
2026-09-02T22:20:00.167-03:00  INFO 22468 --- [ecommerce] [scheduling-1] c.d.e.s.SincronizacaoEstoqueService      : [ESTOQUE] Ciclo finalizado. Total de atualizações enviadas: 0
2026-09-02T22:21:00.001-03:00  INFO 22468 --- [ecommerce] [scheduling-1] c.d.e.s.SincronizacaoEstoqueService      : [ESTOQUE] Lendo VW_ECOMMERCE_ESTOQUE no banco de dados...
2026-09-02T22:21:00.060-03:00  INFO 22468 --- [ecommerce] [scheduling-1] c.d.e.s.SincronizacaoEstoqueService      : [ESTOQUE] Ciclo finalizado. Total de atualizações enviadas: 0
2026-09-02T22:21:00.060-03:00  INFO 22468 --- [ecommerce] [scheduling-1] c.d.e.service.SincronizacaoService       : Lendo VW_ECOMMERCE_PRECOS no banco de dados...
2026-09-02T22:21:00.206-03:00  INFO 22468 --- [ecommerce] [scheduling-1] c.d.e.service.SincronizacaoService       : Ciclo finalizado. Total de atualizações enviadas: 0
2026-09-02T22:22:00.000-03:00  INFO 22468 --- [ecommerce] [scheduling-1] c.d.e.s.SincronizacaoEstoqueService      : [ESTOQUE] Lendo VW_ECOMMERCE_ESTOQUE no banco de dados...
2026-09-02T22:22:00.094-03:00  INFO 22468 --- [ecommerce] [scheduling-1] c.d.e.s.SincronizacaoEstoqueService      : [ESTOQUE] Ciclo finalizado. Total de atualizações enviadas: 0
2026-09-02T22:22:00.094-03:00  INFO 22468 --- [ecommerce] [scheduling-1] c.d.e.service.SincronizacaoService       : Lendo VW_ECOMMERCE_PRECOS no banco de dados...
2026-09-02T22:22:00.137-03:00  INFO 22468 --- [ecommerce] [scheduling-1] c.d.e.service.SincronizacaoService       : Ciclo finalizado. Total de atualizações enviadas: 0
2026-09-02T22:23:00.000-03:00  INFO 22468 --- [ecommerce] [scheduling-1] c.d.e.s.SincronizacaoEstoqueService      : [ESTOQUE] Lendo VW_ECOMMERCE_ESTOQUE no banco de dados...
2026-09-02T22:23:00.075-03:00  INFO 22468 --- [ecommerce] [scheduling-1] c.d.e.s.SincronizacaoEstoqueService      : [ESTOQUE] Ciclo finalizado. Total de atualizações enviadas: 0
2026-09-02T22:23:00.075-03:00  INFO 22468 --- [ecommerce] [scheduling-1] c.d.e.service.SincronizacaoService       : Lendo VW_ECOMMERCE_PRECOS no banco de dados...
2026-09-02T22:23:00.167-03:00  INFO 22468 --- [ecommerce] [scheduling-1] c.d.e.service.SincronizacaoService       : Ciclo finalizado. Total de atualizações enviadas: 0
2026-09-02T22:23:59.999-03:00  INFO 22468 --- [ecommerce] [scheduling-1] c.d.e.s.SincronizacaoEstoqueService      : [ESTOQUE] Lendo VW_ECOMMERCE_ESTOQUE no banco de dados...
2026-09-02T22:24:00.082-03:00  INFO 22468 --- [ecommerce] [scheduling-1] c.d.e.s.SincronizacaoEstoqueService      : [ESTOQUE] Ciclo finalizado. Total de atualizações enviadas: 0
2026-09-02T22:24:00.082-03:00  INFO 22468 --- [ecommerce] [scheduling-1] c.d.e.service.SincronizacaoService       : Lendo VW_ECOMMERCE_PRECOS no banco de dados...
2026-09-02T22:24:00.132-03:00  INFO 22468 --- [ecommerce] [scheduling-1] c.d.e.service.SincronizacaoService       : Ciclo finalizado. Total de atualizações enviadas: 0
2026-09-02T22:25:00.000-03:00  INFO 22468 --- [ecommerce] [scheduling-1] c.d.e.service.SincronizacaoService       : Lendo VW_ECOMMERCE_PRECOS no banco de dados...
2026-09-02T22:25:00.123-03:00  INFO 22468 --- [ecommerce] [scheduling-1] c.d.e.service.SincronizacaoService       : Ciclo finalizado. Total de atualizações enviadas: 0
2026-09-02T22:25:00.123-03:00  INFO 22468 --- [ecommerce] [scheduling-1] c.d.e.s.SincronizacaoEstoqueService      : [ESTOQUE] Lendo VW_ECOMMERCE_ESTOQUE no banco de dados...
2026-09-02T22:25:00.205-03:00  INFO 22468 --- [ecommerce] [scheduling-1] c.d.e.s.SincronizacaoEstoqueService      : [ESTOQUE] Ciclo finalizado. Total de atualizações enviadas: 0
2026-09-02T22:25:59.999-03:00  INFO 22468 --- [ecommerce] [scheduling-1] c.d.e.s.SincronizacaoEstoqueService      : [ESTOQUE] Lendo VW_ECOMMERCE_ESTOQUE no banco de dados...
2026-09-02T22:26:00.078-03:00  INFO 22468 --- [ecommerce] [scheduling-1] c.d.e.s.SincronizacaoEstoqueService      : [ESTOQUE] Ciclo finalizado. Total de atualizações enviadas: 0
2026-09-02T22:26:00.079-03:00  INFO 22468 --- [ecommerce] [scheduling-1] c.d.e.service.SincronizacaoService       : Lendo VW_ECOMMERCE_PRECOS no banco de dados...
2026-09-02T22:26:00.125-03:00  INFO 22468 --- [ecommerce] [scheduling-1] c.d.e.service.SincronizacaoService       : Ciclo finalizado. Total de atualizações enviadas: 0
2026-09-02T22:27:00.000-03:00  INFO 22468 --- [ecommerce] [scheduling-1] c.d.e.s.SincronizacaoEstoqueService      : [ESTOQUE] Lendo VW_ECOMMERCE_ESTOQUE no banco de dados...
2026-09-02T22:27:00.055-03:00  INFO 22468 --- [ecommerce] [scheduling-1] c.d.e.s.SincronizacaoEstoqueService      : [ESTOQUE] Ciclo finalizado. Total de atualizações enviadas: 0
2026-09-02T22:27:00.056-03:00  INFO 22468 --- [ecommerce] [scheduling-1] c.d.e.service.SincronizacaoService       : Lendo VW_ECOMMERCE_PRECOS no banco de dados...
2026-09-02T22:27:00.101-03:00  INFO 22468 --- [ecommerce] [scheduling-1] c.d.e.service.SincronizacaoService       : Ciclo finalizado. Total de atualizações enviadas: 0
2026-09-02T22:28:00.000-03:00  INFO 22468 --- [ecommerce] [scheduling-1] c.d.e.service.SincronizacaoService       : Lendo VW_ECOMMERCE_PRECOS no banco de dados...
2026-09-02T22:28:00.090-03:00  INFO 22468 --- [ecommerce] [scheduling-1] c.d.e.service.SincronizacaoService       : Ciclo finalizado. Total de atualizações enviadas: 0
2026-09-02T22:28:00.090-03:00  INFO 22468 --- [ecommerce] [scheduling-1] c.d.e.s.SincronizacaoEstoqueService      : [ESTOQUE] Lendo VW_ECOMMERCE_ESTOQUE no banco de dados...
2026-09-02T22:28:00.121-03:00  INFO 22468 --- [ecommerce] [scheduling-1] c.d.e.s.SincronizacaoEstoqueService      : [ESTOQUE] Ciclo finalizado. Total de atualizações enviadas: 0
2026-09-02T22:29:00.001-03:00  INFO 22468 --- [ecommerce] [scheduling-1] c.d.e.s.SincronizacaoEstoqueService      : [ESTOQUE] Lendo VW_ECOMMERCE_ESTOQUE no banco de dados...
2026-09-02T22:29:00.099-03:00  INFO 22468 --- [ecommerce] [scheduling-1] c.d.e.s.SincronizacaoEstoqueService      : [ESTOQUE] Ciclo finalizado. Total de atualizações enviadas: 0
2026-09-02T22:29:00.100-03:00  INFO 22468 --- [ecommerce] [scheduling-1] c.d.e.service.SincronizacaoService       : Lendo VW_ECOMMERCE_PRECOS no banco de dados...
2026-09-02T22:29:00.160-03:00  INFO 22468 --- [ecommerce] [scheduling-1] c.d.e.service.SincronizacaoService       : Ciclo finalizado. Total de atualizações enviadas: 0
2026-09-02T22:29:59.999-03:00  INFO 22468 --- [ecommerce] [scheduling-1] c.d.e.s.SincronizacaoEstoqueService      : [ESTOQUE] Lendo VW_ECOMMERCE_ESTOQUE no banco de dados...
2026-09-02T22:30:00.111-03:00  INFO 22468 --- [ecommerce] [scheduling-1] c.d.e.s.SincronizacaoEstoqueService      : [ESTOQUE] Ciclo finalizado. Total de atualizações enviadas: 0
2026-09-02T22:30:00.111-03:00  INFO 22468 --- [ecommerce] [scheduling-1] c.d.e.service.SincronizacaoService       : Lendo VW_ECOMMERCE_PRECOS no banco de dados...
2026-09-02T22:30:00.443-03:00  INFO 22468 --- [ecommerce] [scheduling-1] c.d.e.service.SincronizacaoService       : Ciclo finalizado. Total de atualizações enviadas: 0
2026-09-02T22:31:00.000-03:00  INFO 22468 --- [ecommerce] [scheduling-1] c.d.e.s.SincronizacaoEstoqueService      : [ESTOQUE] Lendo VW_ECOMMERCE_ESTOQUE no banco de dados...
2026-09-02T22:31:00.092-03:00  INFO 22468 --- [ecommerce] [scheduling-1] c.d.e.s.SincronizacaoEstoqueService      : [ESTOQUE] Ciclo finalizado. Total de atualizações enviadas: 0
2026-09-02T22:31:00.093-03:00  INFO 22468 --- [ecommerce] [scheduling-1] c.d.e.service.SincronizacaoService       : Lendo VW_ECOMMERCE_PRECOS no banco de dados...
2026-09-02T22:31:00.166-03:00  INFO 22468 --- [ecommerce] [scheduling-1] c.d.e.service.SincronizacaoService       : Ciclo finalizado. Total de atualizações enviadas: 0
2026-09-02T22:32:00.000-03:00  INFO 22468 --- [ecommerce] [scheduling-1] c.d.e.s.SincronizacaoEstoqueService      : [ESTOQUE] Lendo VW_ECOMMERCE_ESTOQUE no banco de dados...
2026-09-02T22:32:00.110-03:00  INFO 22468 --- [ecommerce] [scheduling-1] c.d.e.s.SincronizacaoEstoqueService      : [ESTOQUE] Ciclo finalizado. Total de atualizações enviadas: 0
2026-09-02T22:32:00.110-03:00  INFO 22468 --- [ecommerce] [scheduling-1] c.d.e.service.SincronizacaoService       : Lendo VW_ECOMMERCE_PRECOS no banco de dados...
2026-09-02T22:32:00.317-03:00  INFO 22468 --- [ecommerce] [scheduling-1] c.d.e.service.SincronizacaoService       : Ciclo finalizado. Total de atualizações enviadas: 0
2026-09-02T22:33:00.000-03:00  INFO 22468 --- [ecommerce] [scheduling-1] c.d.e.s.SincronizacaoEstoqueService      : [ESTOQUE] Lendo VW_ECOMMERCE_ESTOQUE no banco de dados...
2026-09-02T22:33:00.135-03:00  INFO 22468 --- [ecommerce] [scheduling-1] c.d.e.s.SincronizacaoEstoqueService      : [ESTOQUE] Ciclo finalizado. Total de atualizações enviadas: 0
2026-09-02T22:33:00.135-03:00  INFO 22468 --- [ecommerce] [scheduling-1] c.d.e.service.SincronizacaoService       : Lendo VW_ECOMMERCE_PRECOS no banco de dados...
2026-09-02T22:33:00.570-03:00  INFO 22468 --- [ecommerce] [scheduling-1] c.d.e.service.SincronizacaoService       : Ciclo finalizado. Total de atualizações enviadas: 0
2026-09-02T22:34:00.000-03:00  INFO 22468 --- [ecommerce] [scheduling-1] c.d.e.service.SincronizacaoService       : Lendo VW_ECOMMERCE_PRECOS no banco de dados...
2026-09-02T22:34:00.055-03:00  INFO 22468 --- [ecommerce] [scheduling-1] c.d.e.service.SincronizacaoService       : Ciclo finalizado. Total de atualizações enviadas: 0
2026-09-02T22:34:00.055-03:00  INFO 22468 --- [ecommerce] [scheduling-1] c.d.e.s.SincronizacaoEstoqueService      : [ESTOQUE] Lendo VW_ECOMMERCE_ESTOQUE no banco de dados...
2026-09-02T22:34:00.088-03:00  INFO 22468 --- [ecommerce] [scheduling-1] c.d.e.s.SincronizacaoEstoqueService      : [ESTOQUE] Ciclo finalizado. Total de atualizações enviadas: 0
2026-09-02T22:34:59.999-03:00  INFO 22468 --- [ecommerce] [scheduling-1] c.d.e.s.SincronizacaoEstoqueService      : [ESTOQUE] Lendo VW_ECOMMERCE_ESTOQUE no banco de dados...
2026-09-02T22:35:00.048-03:00  INFO 22468 --- [ecommerce] [scheduling-1] c.d.e.s.SincronizacaoEstoqueService      : [ESTOQUE] Ciclo finalizado. Total de atualizações enviadas: 0
2026-09-02T22:35:00.048-03:00  INFO 22468 --- [ecommerce] [scheduling-1] c.d.e.service.SincronizacaoService       : Lendo VW_ECOMMERCE_PRECOS no banco de dados...
2026-09-02T22:35:00.132-03:00  INFO 22468 --- [ecommerce] [scheduling-1] c.d.e.service.SincronizacaoService       : Ciclo finalizado. Total de atualizações enviadas: 0
2026-09-02T22:36:00.000-03:00  INFO 22468 --- [ecommerce] [scheduling-1] c.d.e.service.SincronizacaoService       : Lendo VW_ECOMMERCE_PRECOS no banco de dados...
2026-09-02T22:36:00.163-03:00  INFO 22468 --- [ecommerce] [scheduling-1] c.d.e.service.SincronizacaoService       : Ciclo finalizado. Total de atualizações enviadas: 0
2026-09-02T22:36:00.163-03:00  INFO 22468 --- [ecommerce] [scheduling-1] c.d.e.s.SincronizacaoEstoqueService      : [ESTOQUE] Lendo VW_ECOMMERCE_ESTOQUE no banco de dados...
2026-09-02T22:36:00.213-03:00  INFO 22468 --- [ecommerce] [scheduling-1] c.d.e.s.SincronizacaoEstoqueService      : [ESTOQUE] Ciclo finalizado. Total de atualizações enviadas: 0
2026-09-02T22:36:59.999-03:00  INFO 22468 --- [ecommerce] [scheduling-1] c.d.e.s.SincronizacaoEstoqueService      : [ESTOQUE] Lendo VW_ECOMMERCE_ESTOQUE no banco de dados...
2026-09-02T22:37:00.079-03:00  INFO 22468 --- [ecommerce] [scheduling-1] c.d.e.s.SincronizacaoEstoqueService      : [ESTOQUE] Ciclo finalizado. Total de atualizações enviadas: 0
2026-09-02T22:37:00.079-03:00  INFO 22468 --- [ecommerce] [scheduling-1] c.d.e.service.SincronizacaoService       : Lendo VW_ECOMMERCE_PRECOS no banco de dados...
2026-09-02T22:37:00.141-03:00  INFO 22468 --- [ecommerce] [scheduling-1] c.d.e.service.SincronizacaoService       : Ciclo finalizado. Total de atualizações enviadas: 0
2026-09-02T22:38:00.001-03:00  INFO 22468 --- [ecommerce] [scheduling-1] c.d.e.service.SincronizacaoService       : Lendo VW_ECOMMERCE_PRECOS no banco de dados...
2026-09-02T22:38:00.055-03:00  INFO 22468 --- [ecommerce] [scheduling-1] c.d.e.service.SincronizacaoService       : Ciclo finalizado. Total de atualizações enviadas: 0
2026-09-02T22:38:00.055-03:00  INFO 22468 --- [ecommerce] [scheduling-1] c.d.e.s.SincronizacaoEstoqueService      : [ESTOQUE] Lendo VW_ECOMMERCE_ESTOQUE no banco de dados...
2026-09-02T22:38:00.095-03:00  INFO 22468 --- [ecommerce] [scheduling-1] c.d.e.s.SincronizacaoEstoqueService      : [ESTOQUE] Ciclo finalizado. Total de atualizações enviadas: 0
2026-09-02T22:39:00.000-03:00  INFO 22468 --- [ecommerce] [scheduling-1] c.d.e.s.SincronizacaoEstoqueService      : [ESTOQUE] Lendo VW_ECOMMERCE_ESTOQUE no banco de dados...
2026-09-02T22:39:00.047-03:00  INFO 22468 --- [ecommerce] [scheduling-1] c.d.e.s.SincronizacaoEstoqueService      : [ESTOQUE] Ciclo finalizado. Total de atualizações enviadas: 0
2026-09-02T22:39:00.048-03:00  INFO 22468 --- [ecommerce] [scheduling-1] c.d.e.service.SincronizacaoService       : Lendo VW_ECOMMERCE_PRECOS no banco de dados...
2026-09-02T22:39:00.226-03:00  INFO 22468 --- [ecommerce] [scheduling-1] c.d.e.service.SincronizacaoService       : Ciclo finalizado. Total de atualizações enviadas: 0
2026-09-02T22:40:00.000-03:00  INFO 22468 --- [ecommerce] [scheduling-1] c.d.e.s.SincronizacaoEstoqueService      : [ESTOQUE] Lendo VW_ECOMMERCE_ESTOQUE no banco de dados...
2026-09-02T22:40:00.058-03:00  INFO 22468 --- [ecommerce] [scheduling-1] c.d.e.s.SincronizacaoEstoqueService      : [ESTOQUE] Ciclo finalizado. Total de atualizações enviadas: 0
2026-09-02T22:40:00.058-03:00  INFO 22468 --- [ecommerce] [scheduling-1] c.d.e.service.SincronizacaoService       : Lendo VW_ECOMMERCE_PRECOS no banco de dados...
2026-09-02T22:40:00.114-03:00  INFO 22468 --- [ecommerce] [scheduling-1] c.d.e.service.SincronizacaoService       : Ciclo finalizado. Total de atualizações enviadas: 0
2026-09-02T22:41:00.000-03:00  INFO 22468 --- [ecommerce] [scheduling-1] c.d.e.s.SincronizacaoEstoqueService      : [ESTOQUE] Lendo VW_ECOMMERCE_ESTOQUE no banco de dados...
2026-09-02T22:41:00.058-03:00  INFO 22468 --- [ecommerce] [scheduling-1] c.d.e.s.SincronizacaoEstoqueService      : [ESTOQUE] Ciclo finalizado. Total de atualizações enviadas: 0
2026-09-02T22:41:00.058-03:00  INFO 22468 --- [ecommerce] [scheduling-1] c.d.e.service.SincronizacaoService       : Lendo VW_ECOMMERCE_PRECOS no banco de dados...
2026-09-02T22:41:00.110-03:00  INFO 22468 --- [ecommerce] [scheduling-1] c.d.e.service.SincronizacaoService       : Ciclo finalizado. Total de atualizações enviadas: 0
2026-09-02T22:42:00.000-03:00  INFO 22468 --- [ecommerce] [scheduling-1] c.d.e.service.SincronizacaoService       : Lendo VW_ECOMMERCE_PRECOS no banco de dados...
2026-09-02T22:42:00.063-03:00  INFO 22468 --- [ecommerce] [scheduling-1] c.d.e.service.SincronizacaoService       : Ciclo finalizado. Total de atualizações enviadas: 0
2026-09-02T22:42:00.064-03:00  INFO 22468 --- [ecommerce] [scheduling-1] c.d.e.s.SincronizacaoEstoqueService      : [ESTOQUE] Lendo VW_ECOMMERCE_ESTOQUE no banco de dados...
2026-09-02T22:42:00.090-03:00  INFO 22468 --- [ecommerce] [scheduling-1] c.d.e.s.SincronizacaoEstoqueService      : [ESTOQUE] Ciclo finalizado. Total de atualizações enviadas: 0
2026-09-02T22:43:00.000-03:00  INFO 22468 --- [ecommerce] [scheduling-1] c.d.e.service.SincronizacaoService       : Lendo VW_ECOMMERCE_PRECOS no banco de dados...
2026-09-02T22:43:00.055-03:00  INFO 22468 --- [ecommerce] [scheduling-1] c.d.e.service.SincronizacaoService       : Ciclo finalizado. Total de atualizações enviadas: 0
2026-09-02T22:43:00.055-03:00  INFO 22468 --- [ecommerce] [scheduling-1] c.d.e.s.SincronizacaoEstoqueService      : [ESTOQUE] Lendo VW_ECOMMERCE_ESTOQUE no banco de dados...
2026-09-02T22:43:00.089-03:00  INFO 22468 --- [ecommerce] [scheduling-1] c.d.e.s.SincronizacaoEstoqueService      : [ESTOQUE] Ciclo finalizado. Total de atualizações enviadas: 0
2026-09-02T22:44:00.000-03:00  INFO 22468 --- [ecommerce] [scheduling-1] c.d.e.s.SincronizacaoEstoqueService      : [ESTOQUE] Lendo VW_ECOMMERCE_ESTOQUE no banco de dados...
2026-09-02T22:44:00.068-03:00  INFO 22468 --- [ecommerce] [scheduling-1] c.d.e.s.SincronizacaoEstoqueService      : [ESTOQUE] Ciclo finalizado. Total de atualizações enviadas: 0
2026-09-02T22:44:00.068-03:00  INFO 22468 --- [ecommerce] [scheduling-1] c.d.e.service.SincronizacaoService       : Lendo VW_ECOMMERCE_PRECOS no banco de dados...
2026-09-02T22:44:00.120-03:00  INFO 22468 --- [ecommerce] [scheduling-1] c.d.e.service.SincronizacaoService       : Ciclo finalizado. Total de atualizações enviadas: 0
2026-09-02T22:45:00.000-03:00  INFO 22468 --- [ecommerce] [scheduling-1] c.d.e.service.SincronizacaoService       : Lendo VW_ECOMMERCE_PRECOS no banco de dados...
2026-09-02T22:45:00.164-03:00  INFO 22468 --- [ecommerce] [scheduling-1] c.d.e.service.SincronizacaoService       : Ciclo finalizado. Total de atualizações enviadas: 0
2026-09-02T22:45:00.164-03:00  INFO 22468 --- [ecommerce] [scheduling-1] c.d.e.s.SincronizacaoEstoqueService      : [ESTOQUE] Lendo VW_ECOMMERCE_ESTOQUE no banco de dados...
2026-09-02T22:45:00.199-03:00  INFO 22468 --- [ecommerce] [scheduling-1] c.d.e.s.SincronizacaoEstoqueService      : [ESTOQUE] Ciclo finalizado. Total de atualizações enviadas: 0
2026-09-02T22:46:00.001-03:00  INFO 22468 --- [ecommerce] [scheduling-1] c.d.e.service.SincronizacaoService       : Lendo VW_ECOMMERCE_PRECOS no banco de dados...
2026-09-02T22:46:00.415-03:00  INFO 22468 --- [ecommerce] [scheduling-1] c.d.e.service.SincronizacaoService       : Ciclo finalizado. Total de atualizações enviadas: 0
2026-09-02T22:46:00.416-03:00  INFO 22468 --- [ecommerce] [scheduling-1] c.d.e.s.SincronizacaoEstoqueService      : [ESTOQUE] Lendo VW_ECOMMERCE_ESTOQUE no banco de dados...
2026-09-02T22:46:00.443-03:00  INFO 22468 --- [ecommerce] [scheduling-1] c.d.e.s.SincronizacaoEstoqueService      : [ESTOQUE] Ciclo finalizado. Total de atualizações enviadas: 0
2026-09-02T22:46:59.999-03:00  INFO 22468 --- [ecommerce] [scheduling-1] c.d.e.service.SincronizacaoService       : Lendo VW_ECOMMERCE_PRECOS no banco de dados...
2026-09-02T22:47:00.122-03:00  INFO 22468 --- [ecommerce] [scheduling-1] c.d.e.service.SincronizacaoService       : Ciclo finalizado. Total de atualizações enviadas: 0
2026-09-02T22:47:00.122-03:00  INFO 22468 --- [ecommerce] [scheduling-1] c.d.e.s.SincronizacaoEstoqueService      : [ESTOQUE] Lendo VW_ECOMMERCE_ESTOQUE no banco de dados...
2026-09-02T22:47:00.146-03:00  INFO 22468 --- [ecommerce] [scheduling-1] c.d.e.s.SincronizacaoEstoqueService      : [ESTOQUE] Ciclo finalizado. Total de atualizações enviadas: 0
2026-09-02T22:48:00.000-03:00  INFO 22468 --- [ecommerce] [scheduling-1] c.d.e.service.SincronizacaoService       : Lendo VW_ECOMMERCE_PRECOS no banco de dados...
2026-09-02T22:48:00.232-03:00  INFO 22468 --- [ecommerce] [scheduling-1] c.d.e.service.SincronizacaoService       : Ciclo finalizado. Total de atualizações enviadas: 0
2026-09-02T22:48:00.232-03:00  INFO 22468 --- [ecommerce] [scheduling-1] c.d.e.s.SincronizacaoEstoqueService      : [ESTOQUE] Lendo VW_ECOMMERCE_ESTOQUE no banco de dados...
2026-09-02T22:48:00.274-03:00  INFO 22468 --- [ecommerce] [scheduling-1] c.d.e.s.SincronizacaoEstoqueService      : [ESTOQUE] Ciclo finalizado. Total de atualizações enviadas: 0
2026-09-02T22:49:00.000-03:00  INFO 22468 --- [ecommerce] [scheduling-1] c.d.e.s.SincronizacaoEstoqueService      : [ESTOQUE] Lendo VW_ECOMMERCE_ESTOQUE no banco de dados...
2026-09-02T22:49:00.101-03:00  INFO 22468 --- [ecommerce] [scheduling-1] c.d.e.s.SincronizacaoEstoqueService      : [ESTOQUE] Ciclo finalizado. Total de atualizações enviadas: 0
2026-09-02T22:49:00.102-03:00  INFO 22468 --- [ecommerce] [scheduling-1] c.d.e.service.SincronizacaoService       : Lendo VW_ECOMMERCE_PRECOS no banco de dados...
2026-09-02T22:49:00.228-03:00  INFO 22468 --- [ecommerce] [scheduling-1] c.d.e.service.SincronizacaoService       : Ciclo finalizado. Total de atualizações enviadas: 0
2026-09-02T22:50:00.000-03:00  INFO 22468 --- [ecommerce] [scheduling-1] c.d.e.service.SincronizacaoService       : Lendo VW_ECOMMERCE_PRECOS no banco de dados...
2026-09-02T22:50:00.139-03:00  INFO 22468 --- [ecommerce] [scheduling-1] c.d.e.service.SincronizacaoService       : Ciclo finalizado. Total de atualizações enviadas: 0
2026-09-02T22:50:00.140-03:00  INFO 22468 --- [ecommerce] [scheduling-1] c.d.e.s.SincronizacaoEstoqueService      : [ESTOQUE] Lendo VW_ECOMMERCE_ESTOQUE no banco de dados...
2026-09-02T22:50:00.166-03:00  INFO 22468 --- [ecommerce] [scheduling-1] c.d.e.s.SincronizacaoEstoqueService      : [ESTOQUE] Ciclo finalizado. Total de atualizações enviadas: 0
2026-09-02T22:51:00.002-03:00  INFO 22468 --- [ecommerce] [scheduling-1] c.d.e.s.SincronizacaoEstoqueService      : [ESTOQUE] Lendo VW_ECOMMERCE_ESTOQUE no banco de dados...
2026-09-02T22:51:00.086-03:00  INFO 22468 --- [ecommerce] [scheduling-1] c.d.e.s.SincronizacaoEstoqueService      : [ESTOQUE] Ciclo finalizado. Total de atualizações enviadas: 0
2026-09-02T22:51:00.086-03:00  INFO 22468 --- [ecommerce] [scheduling-1] c.d.e.service.SincronizacaoService       : Lendo VW_ECOMMERCE_PRECOS no banco de dados...
2026-09-02T22:51:00.132-03:00  INFO 22468 --- [ecommerce] [scheduling-1] c.d.e.service.SincronizacaoService       : Ciclo finalizado. Total de atualizações enviadas: 0
2026-09-02T22:51:59.999-03:00  INFO 22468 --- [ecommerce] [scheduling-1] c.d.e.service.SincronizacaoService       : Lendo VW_ECOMMERCE_PRECOS no banco de dados...
2026-09-02T22:52:00.056-03:00  INFO 22468 --- [ecommerce] [scheduling-1] c.d.e.service.SincronizacaoService       : Ciclo finalizado. Total de atualizações enviadas: 0
2026-09-02T22:52:00.058-03:00  INFO 22468 --- [ecommerce] [scheduling-1] c.d.e.s.SincronizacaoEstoqueService      : [ESTOQUE] Lendo VW_ECOMMERCE_ESTOQUE no banco de dados...
2026-09-02T22:52:00.087-03:00  INFO 22468 --- [ecommerce] [scheduling-1] c.d.e.s.SincronizacaoEstoqueService      : [ESTOQUE] Ciclo finalizado. Total de atualizações enviadas: 0
2026-09-02T22:52:59.999-03:00  INFO 22468 --- [ecommerce] [scheduling-1] c.d.e.s.SincronizacaoEstoqueService      : [ESTOQUE] Lendo VW_ECOMMERCE_ESTOQUE no banco de dados...
2026-09-02T22:53:00.040-03:00  INFO 22468 --- [ecommerce] [scheduling-1] c.d.e.s.SincronizacaoEstoqueService      : [ESTOQUE] Ciclo finalizado. Total de atualizações enviadas: 0
2026-09-02T22:53:00.040-03:00  INFO 22468 --- [ecommerce] [scheduling-1] c.d.e.service.SincronizacaoService       : Lendo VW_ECOMMERCE_PRECOS no banco de dados...
2026-09-02T22:53:00.083-03:00  INFO 22468 --- [ecommerce] [scheduling-1] c.d.e.service.SincronizacaoService       : Ciclo finalizado. Total de atualizações enviadas: 0
2026-09-02T22:54:00.001-03:00  INFO 22468 --- [ecommerce] [scheduling-1] c.d.e.service.SincronizacaoService       : Lendo VW_ECOMMERCE_PRECOS no banco de dados...
2026-09-02T22:54:00.209-03:00  INFO 22468 --- [ecommerce] [scheduling-1] c.d.e.service.SincronizacaoService       : Ciclo finalizado. Total de atualizações enviadas: 0
2026-09-02T22:54:00.209-03:00  INFO 22468 --- [ecommerce] [scheduling-1] c.d.e.s.SincronizacaoEstoqueService      : [ESTOQUE] Lendo VW_ECOMMERCE_ESTOQUE no banco de dados...
2026-09-02T22:54:00.262-03:00  INFO 22468 --- [ecommerce] [scheduling-1] c.d.e.s.SincronizacaoEstoqueService      : [ESTOQUE] Ciclo finalizado. Total de atualizações enviadas: 0
2026-09-02T22:55:00.000-03:00  INFO 22468 --- [ecommerce] [scheduling-1] c.d.e.s.SincronizacaoEstoqueService      : [ESTOQUE] Lendo VW_ECOMMERCE_ESTOQUE no banco de dados...
2026-09-02T22:55:00.095-03:00  INFO 22468 --- [ecommerce] [scheduling-1] c.d.e.s.SincronizacaoEstoqueService      : [ESTOQUE] Ciclo finalizado. Total de atualizações enviadas: 0
2026-09-02T22:55:00.095-03:00  INFO 22468 --- [ecommerce] [scheduling-1] c.d.e.service.SincronizacaoService       : Lendo VW_ECOMMERCE_PRECOS no banco de dados...
2026-09-02T22:55:00.141-03:00  INFO 22468 --- [ecommerce] [scheduling-1] c.d.e.service.SincronizacaoService       : Ciclo finalizado. Total de atualizações enviadas: 0
2026-09-02T22:56:00.000-03:00  INFO 22468 --- [ecommerce] [scheduling-1] c.d.e.s.SincronizacaoEstoqueService      : [ESTOQUE] Lendo VW_ECOMMERCE_ESTOQUE no banco de dados...
2026-09-02T22:56:00.101-03:00  INFO 22468 --- [ecommerce] [scheduling-1] c.d.e.s.SincronizacaoEstoqueService      : [ESTOQUE] Ciclo finalizado. Total de atualizações enviadas: 0
2026-09-02T22:56:00.101-03:00  INFO 22468 --- [ecommerce] [scheduling-1] c.d.e.service.SincronizacaoService       : Lendo VW_ECOMMERCE_PRECOS no banco de dados...
2026-09-02T22:56:00.402-03:00  INFO 22468 --- [ecommerce] [scheduling-1] c.d.e.service.SincronizacaoService       : Ciclo finalizado. Total de atualizações enviadas: 0
2026-09-02T22:57:00.000-03:00  INFO 22468 --- [ecommerce] [scheduling-1] c.d.e.service.SincronizacaoService       : Lendo VW_ECOMMERCE_PRECOS no banco de dados...
2026-09-02T22:57:00.057-03:00  INFO 22468 --- [ecommerce] [scheduling-1] c.d.e.service.SincronizacaoService       : Ciclo finalizado. Total de atualizações enviadas: 0
2026-09-02T22:57:00.057-03:00  INFO 22468 --- [ecommerce] [scheduling-1] c.d.e.s.SincronizacaoEstoqueService      : [ESTOQUE] Lendo VW_ECOMMERCE_ESTOQUE no banco de dados...
2026-09-02T22:57:00.081-03:00  INFO 22468 --- [ecommerce] [scheduling-1] c.d.e.s.SincronizacaoEstoqueService      : [ESTOQUE] Ciclo finalizado. Total de atualizações enviadas: 0
2026-09-02T22:58:00.000-03:00  INFO 22468 --- [ecommerce] [scheduling-1] c.d.e.service.SincronizacaoService       : Lendo VW_ECOMMERCE_PRECOS no banco de dados...
2026-09-02T22:58:00.103-03:00  INFO 22468 --- [ecommerce] [scheduling-1] c.d.e.service.SincronizacaoService       : Ciclo finalizado. Total de atualizações enviadas: 0
2026-09-02T22:58:00.103-03:00  INFO 22468 --- [ecommerce] [scheduling-1] c.d.e.s.SincronizacaoEstoqueService      : [ESTOQUE] Lendo VW_ECOMMERCE_ESTOQUE no banco de dados...
2026-09-02T22:58:00.125-03:00  INFO 22468 --- [ecommerce] [scheduling-1] c.d.e.s.SincronizacaoEstoqueService      : [ESTOQUE] Ciclo finalizado. Total de atualizações enviadas: 0
2026-09-02T22:59:00.000-03:00  INFO 22468 --- [ecommerce] [scheduling-1] c.d.e.s.SincronizacaoEstoqueService      : [ESTOQUE] Lendo VW_ECOMMERCE_ESTOQUE no banco de dados...
2026-09-02T22:59:00.031-03:00  INFO 22468 --- [ecommerce] [scheduling-1] c.d.e.s.SincronizacaoEstoqueService      : [ESTOQUE] Ciclo finalizado. Total de atualizações enviadas: 0
2026-09-02T22:59:00.031-03:00  INFO 22468 --- [ecommerce] [scheduling-1] c.d.e.service.SincronizacaoService       : Lendo VW_ECOMMERCE_PRECOS no banco de dados...
2026-09-02T22:59:00.149-03:00  INFO 22468 --- [ecommerce] [scheduling-1] c.d.e.service.SincronizacaoService       : Ciclo finalizado. Total de atualizações enviadas: 0
2026-09-02T23:00:00.001-03:00  INFO 22468 --- [ecommerce] [scheduling-1] c.d.e.service.SincronizacaoService       : Lendo VW_ECOMMERCE_PRECOS no banco de dados...
2026-09-02T23:00:00.088-03:00  INFO 22468 --- [ecommerce] [scheduling-1] c.d.e.service.SincronizacaoService       : Ciclo finalizado. Total de atualizações enviadas: 0
2026-09-02T23:00:00.088-03:00  INFO 22468 --- [ecommerce] [scheduling-1] c.d.e.s.SincronizacaoEstoqueService      : [ESTOQUE] Lendo VW_ECOMMERCE_ESTOQUE no banco de dados...
2026-09-02T23:00:00.127-03:00  INFO 22468 --- [ecommerce] [scheduling-1] c.d.e.s.SincronizacaoEstoqueService      : [ESTOQUE] Ciclo finalizado. Total de atualizações enviadas: 0
2026-09-02T23:01:00.000-03:00  INFO 22468 --- [ecommerce] [scheduling-1] c.d.e.s.SincronizacaoEstoqueService      : [ESTOQUE] Lendo VW_ECOMMERCE_ESTOQUE no banco de dados...
2026-09-02T23:01:00.060-03:00  INFO 22468 --- [ecommerce] [scheduling-1] c.d.e.s.SincronizacaoEstoqueService      : [ESTOQUE] Ciclo finalizado. Total de atualizações enviadas: 0
2026-09-02T23:01:00.060-03:00  INFO 22468 --- [ecommerce] [scheduling-1] c.d.e.service.SincronizacaoService       : Lendo VW_ECOMMERCE_PRECOS no banco de dados...
2026-09-02T23:01:00.189-03:00  INFO 22468 --- [ecommerce] [scheduling-1] c.d.e.service.SincronizacaoService       : Ciclo finalizado. Total de atualizações enviadas: 0
2026-09-02T23:02:00.001-03:00  INFO 22468 --- [ecommerce] [scheduling-1] c.d.e.s.SincronizacaoEstoqueService      : [ESTOQUE] Lendo VW_ECOMMERCE_ESTOQUE no banco de dados...
2026-09-02T23:02:00.041-03:00  INFO 22468 --- [ecommerce] [scheduling-1] c.d.e.s.SincronizacaoEstoqueService      : [ESTOQUE] Ciclo finalizado. Total de atualizações enviadas: 0
2026-09-02T23:02:00.041-03:00  INFO 22468 --- [ecommerce] [scheduling-1] c.d.e.service.SincronizacaoService       : Lendo VW_ECOMMERCE_PRECOS no banco de dados...
2026-09-02T23:02:00.172-03:00  INFO 22468 --- [ecommerce] [scheduling-1] c.d.e.service.SincronizacaoService       : Ciclo finalizado. Total de atualizações enviadas: 0
2026-09-02T23:03:00.000-03:00  INFO 22468 --- [ecommerce] [scheduling-1] c.d.e.service.SincronizacaoService       : Lendo VW_ECOMMERCE_PRECOS no banco de dados...
2026-09-02T23:03:00.223-03:00  INFO 22468 --- [ecommerce] [scheduling-1] c.d.e.service.SincronizacaoService       : Ciclo finalizado. Total de atualizações enviadas: 0
2026-09-02T23:03:00.223-03:00  INFO 22468 --- [ecommerce] [scheduling-1] c.d.e.s.SincronizacaoEstoqueService      : [ESTOQUE] Lendo VW_ECOMMERCE_ESTOQUE no banco de dados...
2026-09-02T23:03:00.273-03:00  INFO 22468 --- [ecommerce] [scheduling-1] c.d.e.s.SincronizacaoEstoqueService      : [ESTOQUE] Ciclo finalizado. Total de atualizações enviadas: 0
2026-09-02T23:04:00.000-03:00  INFO 22468 --- [ecommerce] [scheduling-1] c.d.e.service.SincronizacaoService       : Lendo VW_ECOMMERCE_PRECOS no banco de dados...
2026-09-02T23:04:00.338-03:00  INFO 22468 --- [ecommerce] [scheduling-1] c.d.e.service.SincronizacaoService       : Ciclo finalizado. Total de atualizações enviadas: 0
2026-09-02T23:04:00.339-03:00  INFO 22468 --- [ecommerce] [scheduling-1] c.d.e.s.SincronizacaoEstoqueService      : [ESTOQUE] Lendo VW_ECOMMERCE_ESTOQUE no banco de dados...
2026-09-02T23:04:00.377-03:00  INFO 22468 --- [ecommerce] [scheduling-1] c.d.e.s.SincronizacaoEstoqueService      : [ESTOQUE] Ciclo finalizado. Total de atualizações enviadas: 0
2026-09-02T23:05:00.000-03:00  INFO 22468 --- [ecommerce] [scheduling-1] c.d.e.service.SincronizacaoService       : Lendo VW_ECOMMERCE_PRECOS no banco de dados...
2026-09-02T23:05:00.197-03:00  INFO 22468 --- [ecommerce] [scheduling-1] c.d.e.service.SincronizacaoService       : Ciclo finalizado. Total de atualizações enviadas: 0
2026-09-02T23:05:00.197-03:00  INFO 22468 --- [ecommerce] [scheduling-1] c.d.e.s.SincronizacaoEstoqueService      : [ESTOQUE] Lendo VW_ECOMMERCE_ESTOQUE no banco de dados...
2026-09-02T23:05:00.238-03:00  INFO 22468 --- [ecommerce] [scheduling-1] c.d.e.s.SincronizacaoEstoqueService      : [ESTOQUE] Ciclo finalizado. Total de atualizações enviadas: 0
2026-09-02T23:06:00.001-03:00  INFO 22468 --- [ecommerce] [scheduling-1] c.d.e.s.SincronizacaoEstoqueService      : [ESTOQUE] Lendo VW_ECOMMERCE_ESTOQUE no banco de dados...
2026-09-02T23:06:00.079-03:00  INFO 22468 --- [ecommerce] [scheduling-1] c.d.e.s.SincronizacaoEstoqueService      : [ESTOQUE] Ciclo finalizado. Total de atualizações enviadas: 0
2026-09-02T23:06:00.079-03:00  INFO 22468 --- [ecommerce] [scheduling-1] c.d.e.service.SincronizacaoService       : Lendo VW_ECOMMERCE_PRECOS no banco de dados...
2026-09-02T23:06:00.366-03:00  INFO 22468 --- [ecommerce] [scheduling-1] c.d.e.service.SincronizacaoService       : Ciclo finalizado. Total de atualizações enviadas: 0
2026-09-02T23:07:00.000-03:00  INFO 22468 --- [ecommerce] [scheduling-1] c.d.e.s.SincronizacaoEstoqueService      : [ESTOQUE] Lendo VW_ECOMMERCE_ESTOQUE no banco de dados...
2026-09-02T23:07:00.109-03:00  INFO 22468 --- [ecommerce] [scheduling-1] c.d.e.s.SincronizacaoEstoqueService      : [ESTOQUE] Ciclo finalizado. Total de atualizações enviadas: 0
2026-09-02T23:07:00.109-03:00  INFO 22468 --- [ecommerce] [scheduling-1] c.d.e.service.SincronizacaoService       : Lendo VW_ECOMMERCE_PRECOS no banco de dados...
2026-09-02T23:07:00.345-03:00  INFO 22468 --- [ecommerce] [scheduling-1] c.d.e.service.SincronizacaoService       : Ciclo finalizado. Total de atualizações enviadas: 0
2026-09-02T23:08:00.000-03:00  INFO 22468 --- [ecommerce] [scheduling-1] c.d.e.service.SincronizacaoService       : Lendo VW_ECOMMERCE_PRECOS no banco de dados...
2026-09-02T23:08:00.077-03:00  INFO 22468 --- [ecommerce] [scheduling-1] c.d.e.service.SincronizacaoService       : Ciclo finalizado. Total de atualizações enviadas: 0
2026-09-02T23:08:00.077-03:00  INFO 22468 --- [ecommerce] [scheduling-1] c.d.e.s.SincronizacaoEstoqueService      : [ESTOQUE] Lendo VW_ECOMMERCE_ESTOQUE no banco de dados...
2026-09-02T23:08:00.109-03:00  INFO 22468 --- [ecommerce] [scheduling-1] c.d.e.s.SincronizacaoEstoqueService      : [ESTOQUE] Ciclo finalizado. Total de atualizações enviadas: 0
2026-09-02T23:09:00.000-03:00  INFO 22468 --- [ecommerce] [scheduling-1] c.d.e.service.SincronizacaoService       : Lendo VW_ECOMMERCE_PRECOS no banco de dados...
2026-09-02T23:09:00.115-03:00  INFO 22468 --- [ecommerce] [scheduling-1] c.d.e.service.SincronizacaoService       : Ciclo finalizado. Total de atualizações enviadas: 0
2026-09-02T23:09:00.115-03:00  INFO 22468 --- [ecommerce] [scheduling-1] c.d.e.s.SincronizacaoEstoqueService      : [ESTOQUE] Lendo VW_ECOMMERCE_ESTOQUE no banco de dados...
2026-09-02T23:09:00.139-03:00  INFO 22468 --- [ecommerce] [scheduling-1] c.d.e.s.SincronizacaoEstoqueService      : [ESTOQUE] Ciclo finalizado. Total de atualizações enviadas: 0
2026-09-02T23:10:00.002-03:00  INFO 22468 --- [ecommerce] [scheduling-1] c.d.e.s.SincronizacaoEstoqueService      : [ESTOQUE] Lendo VW_ECOMMERCE_ESTOQUE no banco de dados...
2026-09-02T23:10:00.046-03:00  INFO 22468 --- [ecommerce] [scheduling-1] c.d.e.s.SincronizacaoEstoqueService      : [ESTOQUE] Ciclo finalizado. Total de atualizações enviadas: 0
2026-09-02T23:10:00.046-03:00  INFO 22468 --- [ecommerce] [scheduling-1] c.d.e.service.SincronizacaoService       : Lendo VW_ECOMMERCE_PRECOS no banco de dados...
2026-09-02T23:10:00.193-03:00  INFO 22468 --- [ecommerce] [scheduling-1] c.d.e.service.SincronizacaoService       : Ciclo finalizado. Total de atualizações enviadas: 0
2026-09-02T23:11:00.000-03:00  INFO 22468 --- [ecommerce] [scheduling-1] c.d.e.service.SincronizacaoService       : Lendo VW_ECOMMERCE_PRECOS no banco de dados...
2026-09-02T23:11:00.127-03:00  INFO 22468 --- [ecommerce] [scheduling-1] c.d.e.service.SincronizacaoService       : Ciclo finalizado. Total de atualizações enviadas: 0
2026-09-02T23:11:00.128-03:00  INFO 22468 --- [ecommerce] [scheduling-1] c.d.e.s.SincronizacaoEstoqueService      : [ESTOQUE] Lendo VW_ECOMMERCE_ESTOQUE no banco de dados...
2026-09-02T23:11:00.169-03:00  INFO 22468 --- [ecommerce] [scheduling-1] c.d.e.s.SincronizacaoEstoqueService      : [ESTOQUE] Ciclo finalizado. Total de atualizações enviadas: 0
2026-09-02T23:12:00.000-03:00  INFO 22468 --- [ecommerce] [scheduling-1] c.d.e.service.SincronizacaoService       : Lendo VW_ECOMMERCE_PRECOS no banco de dados...
2026-09-02T23:12:00.107-03:00  INFO 22468 --- [ecommerce] [scheduling-1] c.d.e.service.SincronizacaoService       : Ciclo finalizado. Total de atualizações enviadas: 0
2026-09-02T23:12:00.108-03:00  INFO 22468 --- [ecommerce] [scheduling-1] c.d.e.s.SincronizacaoEstoqueService      : [ESTOQUE] Lendo VW_ECOMMERCE_ESTOQUE no banco de dados...
2026-09-02T23:12:00.134-03:00  INFO 22468 --- [ecommerce] [scheduling-1] c.d.e.s.SincronizacaoEstoqueService      : [ESTOQUE] Ciclo finalizado. Total de atualizações enviadas: 0
2026-09-02T23:12:59.999-03:00  INFO 22468 --- [ecommerce] [scheduling-1] c.d.e.service.SincronizacaoService       : Lendo VW_ECOMMERCE_PRECOS no banco de dados...
2026-09-02T23:13:00.080-03:00  INFO 22468 --- [ecommerce] [scheduling-1] c.d.e.service.SincronizacaoService       : Ciclo finalizado. Total de atualizações enviadas: 0
2026-09-02T23:13:00.080-03:00  INFO 22468 --- [ecommerce] [scheduling-1] c.d.e.s.SincronizacaoEstoqueService      : [ESTOQUE] Lendo VW_ECOMMERCE_ESTOQUE no banco de dados...
2026-09-02T23:13:00.107-03:00  INFO 22468 --- [ecommerce] [scheduling-1] c.d.e.s.SincronizacaoEstoqueService      : [ESTOQUE] Ciclo finalizado. Total de atualizações enviadas: 0
2026-09-02T23:14:00.000-03:00  INFO 22468 --- [ecommerce] [scheduling-1] c.d.e.s.SincronizacaoEstoqueService      : [ESTOQUE] Lendo VW_ECOMMERCE_ESTOQUE no banco de dados...
2026-09-02T23:14:00.114-03:00  INFO 22468 --- [ecommerce] [scheduling-1] c.d.e.s.SincronizacaoEstoqueService      : [ESTOQUE] Ciclo finalizado. Total de atualizações enviadas: 0
2026-09-02T23:14:00.115-03:00  INFO 22468 --- [ecommerce] [scheduling-1] c.d.e.service.SincronizacaoService       : Lendo VW_ECOMMERCE_PRECOS no banco de dados...
2026-09-02T23:14:00.365-03:00  INFO 22468 --- [ecommerce] [scheduling-1] c.d.e.service.SincronizacaoService       : Ciclo finalizado. Total de atualizações enviadas: 0
2026-09-02T23:15:00.000-03:00  INFO 22468 --- [ecommerce] [scheduling-1] c.d.e.s.SincronizacaoEstoqueService      : [ESTOQUE] Lendo VW_ECOMMERCE_ESTOQUE no banco de dados...
2026-09-02T23:15:00.050-03:00  INFO 22468 --- [ecommerce] [scheduling-1] c.d.e.s.SincronizacaoEstoqueService      : [ESTOQUE] Ciclo finalizado. Total de atualizações enviadas: 0
2026-09-02T23:15:00.051-03:00  INFO 22468 --- [ecommerce] [scheduling-1] c.d.e.service.SincronizacaoService       : Lendo VW_ECOMMERCE_PRECOS no banco de dados...
2026-09-02T23:15:00.107-03:00  INFO 22468 --- [ecommerce] [scheduling-1] c.d.e.service.SincronizacaoService       : Ciclo finalizado. Total de atualizações enviadas: 0
2026-09-02T23:16:00.000-03:00  INFO 22468 --- [ecommerce] [scheduling-1] c.d.e.s.SincronizacaoEstoqueService      : [ESTOQUE] Lendo VW_ECOMMERCE_ESTOQUE no banco de dados...
2026-09-02T23:16:00.113-03:00  INFO 22468 --- [ecommerce] [scheduling-1] c.d.e.s.SincronizacaoEstoqueService      : [ESTOQUE] Ciclo finalizado. Total de atualizações enviadas: 0
2026-09-02T23:16:00.113-03:00  INFO 22468 --- [ecommerce] [scheduling-1] c.d.e.service.SincronizacaoService       : Lendo VW_ECOMMERCE_PRECOS no banco de dados...
2026-09-02T23:16:00.451-03:00  INFO 22468 --- [ecommerce] [scheduling-1] c.d.e.service.SincronizacaoService       : Ciclo finalizado. Total de atualizações enviadas: 0
2026-09-02T23:17:00.001-03:00  INFO 22468 --- [ecommerce] [scheduling-1] c.d.e.service.SincronizacaoService       : Lendo VW_ECOMMERCE_PRECOS no banco de dados...
2026-09-02T23:17:00.206-03:00  INFO 22468 --- [ecommerce] [scheduling-1] c.d.e.service.SincronizacaoService       : Ciclo finalizado. Total de atualizações enviadas: 0
2026-09-02T23:17:00.207-03:00  INFO 22468 --- [ecommerce] [scheduling-1] c.d.e.s.SincronizacaoEstoqueService      : [ESTOQUE] Lendo VW_ECOMMERCE_ESTOQUE no banco de dados...
2026-09-02T23:17:00.239-03:00  INFO 22468 --- [ecommerce] [scheduling-1] c.d.e.s.SincronizacaoEstoqueService      : [ESTOQUE] Ciclo finalizado. Total de atualizações enviadas: 0
2026-09-02T23:18:00.000-03:00  INFO 22468 --- [ecommerce] [scheduling-1] c.d.e.service.SincronizacaoService       : Lendo VW_ECOMMERCE_PRECOS no banco de dados...
2026-09-02T23:18:00.185-03:00  INFO 22468 --- [ecommerce] [scheduling-1] c.d.e.service.SincronizacaoService       : Ciclo finalizado. Total de atualizações enviadas: 0
2026-09-02T23:18:00.185-03:00  INFO 22468 --- [ecommerce] [scheduling-1] c.d.e.s.SincronizacaoEstoqueService      : [ESTOQUE] Lendo VW_ECOMMERCE_ESTOQUE no banco de dados...
2026-09-02T23:18:00.241-03:00  INFO 22468 --- [ecommerce] [scheduling-1] c.d.e.s.SincronizacaoEstoqueService      : [ESTOQUE] Ciclo finalizado. Total de atualizações enviadas: 0
2026-09-02T23:19:00.000-03:00  INFO 22468 --- [ecommerce] [scheduling-1] c.d.e.service.SincronizacaoService       : Lendo VW_ECOMMERCE_PRECOS no banco de dados...
2026-09-02T23:19:00.111-03:00  INFO 22468 --- [ecommerce] [scheduling-1] c.d.e.service.SincronizacaoService       : Ciclo finalizado. Total de atualizações enviadas: 0
2026-09-02T23:19:00.111-03:00  INFO 22468 --- [ecommerce] [scheduling-1] c.d.e.s.SincronizacaoEstoqueService      : [ESTOQUE] Lendo VW_ECOMMERCE_ESTOQUE no banco de dados...
2026-09-02T23:19:00.136-03:00  INFO 22468 --- [ecommerce] [scheduling-1] c.d.e.s.SincronizacaoEstoqueService      : [ESTOQUE] Ciclo finalizado. Total de atualizações enviadas: 0
2026-09-02T23:20:00.001-03:00  INFO 22468 --- [ecommerce] [scheduling-1] c.d.e.s.SincronizacaoEstoqueService      : [ESTOQUE] Lendo VW_ECOMMERCE_ESTOQUE no banco de dados...
2026-09-02T23:20:00.051-03:00  INFO 22468 --- [ecommerce] [scheduling-1] c.d.e.s.SincronizacaoEstoqueService      : [ESTOQUE] Ciclo finalizado. Total de atualizações enviadas: 0
2026-09-02T23:20:00.051-03:00  INFO 22468 --- [ecommerce] [scheduling-1] c.d.e.service.SincronizacaoService       : Lendo VW_ECOMMERCE_PRECOS no banco de dados...
2026-09-02T23:20:00.101-03:00  INFO 22468 --- [ecommerce] [scheduling-1] c.d.e.service.SincronizacaoService       : Ciclo finalizado. Total de atualizações enviadas: 0
2026-09-02T23:21:00.000-03:00  INFO 22468 --- [ecommerce] [scheduling-1] c.d.e.s.SincronizacaoEstoqueService      : [ESTOQUE] Lendo VW_ECOMMERCE_ESTOQUE no banco de dados...
2026-09-02T23:21:00.032-03:00  INFO 22468 --- [ecommerce] [scheduling-1] c.d.e.s.SincronizacaoEstoqueService      : [ESTOQUE] Ciclo finalizado. Total de atualizações enviadas: 0
2026-09-02T23:21:00.033-03:00  INFO 22468 --- [ecommerce] [scheduling-1] c.d.e.service.SincronizacaoService       : Lendo VW_ECOMMERCE_PRECOS no banco de dados...
2026-09-02T23:21:00.144-03:00  INFO 22468 --- [ecommerce] [scheduling-1] c.d.e.service.SincronizacaoService       : Ciclo finalizado. Total de atualizações enviadas: 0
2026-09-02T23:22:00.000-03:00  INFO 22468 --- [ecommerce] [scheduling-1] c.d.e.s.SincronizacaoEstoqueService      : [ESTOQUE] Lendo VW_ECOMMERCE_ESTOQUE no banco de dados...
2026-09-02T23:22:00.078-03:00  INFO 22468 --- [ecommerce] [scheduling-1] c.d.e.s.SincronizacaoEstoqueService      : [ESTOQUE] Ciclo finalizado. Total de atualizações enviadas: 0
2026-09-02T23:22:00.078-03:00  INFO 22468 --- [ecommerce] [scheduling-1] c.d.e.service.SincronizacaoService       : Lendo VW_ECOMMERCE_PRECOS no banco de dados...
2026-09-02T23:22:00.144-03:00  INFO 22468 --- [ecommerce] [scheduling-1] c.d.e.service.SincronizacaoService       : Ciclo finalizado. Total de atualizações enviadas: 0
2026-09-02T23:23:00.001-03:00  INFO 22468 --- [ecommerce] [scheduling-1] c.d.e.service.SincronizacaoService       : Lendo VW_ECOMMERCE_PRECOS no banco de dados...
2026-09-02T23:23:00.198-03:00  INFO 22468 --- [ecommerce] [scheduling-1] c.d.e.service.SincronizacaoService       : Ciclo finalizado. Total de atualizações enviadas: 0
2026-09-02T23:23:00.198-03:00  INFO 22468 --- [ecommerce] [scheduling-1] c.d.e.s.SincronizacaoEstoqueService      : [ESTOQUE] Lendo VW_ECOMMERCE_ESTOQUE no banco de dados...
2026-09-02T23:23:00.230-03:00  INFO 22468 --- [ecommerce] [scheduling-1] c.d.e.s.SincronizacaoEstoqueService      : [ESTOQUE] Ciclo finalizado. Total de atualizações enviadas: 0
2026-09-02T23:24:00.000-03:00  INFO 22468 --- [ecommerce] [scheduling-1] c.d.e.service.SincronizacaoService       : Lendo VW_ECOMMERCE_PRECOS no banco de dados...
2026-09-02T23:24:00.061-03:00  INFO 22468 --- [ecommerce] [scheduling-1] c.d.e.service.SincronizacaoService       : Ciclo finalizado. Total de atualizações enviadas: 0
2026-09-02T23:24:00.062-03:00  INFO 22468 --- [ecommerce] [scheduling-1] c.d.e.s.SincronizacaoEstoqueService      : [ESTOQUE] Lendo VW_ECOMMERCE_ESTOQUE no banco de dados...
2026-09-02T23:24:00.102-03:00  INFO 22468 --- [ecommerce] [scheduling-1] c.d.e.s.SincronizacaoEstoqueService      : [ESTOQUE] Ciclo finalizado. Total de atualizações enviadas: 0
2026-09-02T23:24:59.999-03:00  INFO 22468 --- [ecommerce] [scheduling-1] c.d.e.service.SincronizacaoService       : Lendo VW_ECOMMERCE_PRECOS no banco de dados...
2026-09-02T23:25:00.138-03:00  INFO 22468 --- [ecommerce] [scheduling-1] c.d.e.service.SincronizacaoService       : Ciclo finalizado. Total de atualizações enviadas: 0
2026-09-02T23:25:00.138-03:00  INFO 22468 --- [ecommerce] [scheduling-1] c.d.e.s.SincronizacaoEstoqueService      : [ESTOQUE] Lendo VW_ECOMMERCE_ESTOQUE no banco de dados...
2026-09-02T23:25:00.168-03:00  INFO 22468 --- [ecommerce] [scheduling-1] c.d.e.s.SincronizacaoEstoqueService      : [ESTOQUE] Ciclo finalizado. Total de atualizações enviadas: 0
2026-09-02T23:25:59.999-03:00  INFO 22468 --- [ecommerce] [scheduling-1] c.d.e.s.SincronizacaoEstoqueService      : [ESTOQUE] Lendo VW_ECOMMERCE_ESTOQUE no banco de dados...
2026-09-02T23:26:00.053-03:00  INFO 22468 --- [ecommerce] [scheduling-1] c.d.e.s.SincronizacaoEstoqueService      : [ESTOQUE] Ciclo finalizado. Total de atualizações enviadas: 0
2026-09-02T23:26:00.054-03:00  INFO 22468 --- [ecommerce] [scheduling-1] c.d.e.service.SincronizacaoService       : Lendo VW_ECOMMERCE_PRECOS no banco de dados...
2026-09-02T23:26:00.104-03:00  INFO 22468 --- [ecommerce] [scheduling-1] c.d.e.service.SincronizacaoService       : Ciclo finalizado. Total de atualizações enviadas: 0
2026-09-02T23:27:00.001-03:00  INFO 22468 --- [ecommerce] [scheduling-1] c.d.e.service.SincronizacaoService       : Lendo VW_ECOMMERCE_PRECOS no banco de dados...
2026-09-02T23:27:00.064-03:00  INFO 22468 --- [ecommerce] [scheduling-1] c.d.e.service.SincronizacaoService       : Ciclo finalizado. Total de atualizações enviadas: 0
2026-09-02T23:27:00.064-03:00  INFO 22468 --- [ecommerce] [scheduling-1] c.d.e.s.SincronizacaoEstoqueService      : [ESTOQUE] Lendo VW_ECOMMERCE_ESTOQUE no banco de dados...
2026-09-02T23:27:00.098-03:00  INFO 22468 --- [ecommerce] [scheduling-1] c.d.e.s.SincronizacaoEstoqueService      : [ESTOQUE] Ciclo finalizado. Total de atualizações enviadas: 0
2026-09-02T23:28:00.000-03:00  INFO 22468 --- [ecommerce] [scheduling-1] c.d.e.s.SincronizacaoEstoqueService      : [ESTOQUE] Lendo VW_ECOMMERCE_ESTOQUE no banco de dados...
2026-09-02T23:28:00.076-03:00  INFO 22468 --- [ecommerce] [scheduling-1] c.d.e.s.SincronizacaoEstoqueService      : [ESTOQUE] Ciclo finalizado. Total de atualizações enviadas: 0
2026-09-02T23:28:00.077-03:00  INFO 22468 --- [ecommerce] [scheduling-1] c.d.e.service.SincronizacaoService       : Lendo VW_ECOMMERCE_PRECOS no banco de dados...
2026-09-02T23:28:00.130-03:00  INFO 22468 --- [ecommerce] [scheduling-1] c.d.e.service.SincronizacaoService       : Ciclo finalizado. Total de atualizações enviadas: 0
2026-09-02T23:28:59.999-03:00  INFO 22468 --- [ecommerce] [scheduling-1] c.d.e.s.SincronizacaoEstoqueService      : [ESTOQUE] Lendo VW_ECOMMERCE_ESTOQUE no banco de dados...
2026-09-02T23:29:00.061-03:00  INFO 22468 --- [ecommerce] [scheduling-1] c.d.e.s.SincronizacaoEstoqueService      : [ESTOQUE] Ciclo finalizado. Total de atualizações enviadas: 0
2026-09-02T23:29:00.062-03:00  INFO 22468 --- [ecommerce] [scheduling-1] c.d.e.service.SincronizacaoService       : Lendo VW_ECOMMERCE_PRECOS no banco de dados...
2026-09-02T23:29:00.370-03:00  INFO 22468 --- [ecommerce] [scheduling-1] c.d.e.service.SincronizacaoService       : Ciclo finalizado. Total de atualizações enviadas: 0
2026-09-02T23:30:00.000-03:00  INFO 22468 --- [ecommerce] [scheduling-1] c.d.e.service.SincronizacaoService       : Lendo VW_ECOMMERCE_PRECOS no banco de dados...
2026-09-02T23:30:00.100-03:00  INFO 22468 --- [ecommerce] [scheduling-1] c.d.e.service.SincronizacaoService       : Ciclo finalizado. Total de atualizações enviadas: 0
2026-09-02T23:30:00.100-03:00  INFO 22468 --- [ecommerce] [scheduling-1] c.d.e.s.SincronizacaoEstoqueService      : [ESTOQUE] Lendo VW_ECOMMERCE_ESTOQUE no banco de dados...
2026-09-02T23:30:00.142-03:00  INFO 22468 --- [ecommerce] [scheduling-1] c.d.e.s.SincronizacaoEstoqueService      : [ESTOQUE] Ciclo finalizado. Total de atualizações enviadas: 0
2026-09-02T23:31:00.000-03:00  INFO 22468 --- [ecommerce] [scheduling-1] c.d.e.s.SincronizacaoEstoqueService      : [ESTOQUE] Lendo VW_ECOMMERCE_ESTOQUE no banco de dados...
2026-09-02T23:31:00.058-03:00  INFO 22468 --- [ecommerce] [scheduling-1] c.d.e.s.SincronizacaoEstoqueService      : [ESTOQUE] Ciclo finalizado. Total de atualizações enviadas: 0
2026-09-02T23:31:00.058-03:00  INFO 22468 --- [ecommerce] [scheduling-1] c.d.e.service.SincronizacaoService       : Lendo VW_ECOMMERCE_PRECOS no banco de dados...
2026-09-02T23:31:00.106-03:00  INFO 22468 --- [ecommerce] [scheduling-1] c.d.e.service.SincronizacaoService       : Ciclo finalizado. Total de atualizações enviadas: 0
2026-09-02T23:32:00.000-03:00  INFO 22468 --- [ecommerce] [scheduling-1] c.d.e.s.SincronizacaoEstoqueService      : [ESTOQUE] Lendo VW_ECOMMERCE_ESTOQUE no banco de dados...
2026-09-02T23:32:00.056-03:00  INFO 22468 --- [ecommerce] [scheduling-1] c.d.e.s.SincronizacaoEstoqueService      : [ESTOQUE] Ciclo finalizado. Total de atualizações enviadas: 0
2026-09-02T23:32:00.056-03:00  INFO 22468 --- [ecommerce] [scheduling-1] c.d.e.service.SincronizacaoService       : Lendo VW_ECOMMERCE_PRECOS no banco de dados...
2026-09-02T23:32:00.274-03:00  INFO 22468 --- [ecommerce] [scheduling-1] c.d.e.service.SincronizacaoService       : Ciclo finalizado. Total de atualizações enviadas: 0
2026-09-02T23:33:00.000-03:00  INFO 22468 --- [ecommerce] [scheduling-1] c.d.e.service.SincronizacaoService       : Lendo VW_ECOMMERCE_PRECOS no banco de dados...
2026-09-02T23:33:00.072-03:00  INFO 22468 --- [ecommerce] [scheduling-1] c.d.e.service.SincronizacaoService       : Ciclo finalizado. Total de atualizações enviadas: 0
2026-09-02T23:33:00.072-03:00  INFO 22468 --- [ecommerce] [scheduling-1] c.d.e.s.SincronizacaoEstoqueService      : [ESTOQUE] Lendo VW_ECOMMERCE_ESTOQUE no banco de dados...
2026-09-02T23:33:00.102-03:00  INFO 22468 --- [ecommerce] [scheduling-1] c.d.e.s.SincronizacaoEstoqueService      : [ESTOQUE] Ciclo finalizado. Total de atualizações enviadas: 0
2026-09-02T23:34:00.001-03:00  INFO 22468 --- [ecommerce] [scheduling-1] c.d.e.service.SincronizacaoService       : Lendo VW_ECOMMERCE_PRECOS no banco de dados...
2026-09-02T23:34:00.072-03:00  INFO 22468 --- [ecommerce] [scheduling-1] c.d.e.service.SincronizacaoService       : Ciclo finalizado. Total de atualizações enviadas: 0
2026-09-02T23:34:00.072-03:00  INFO 22468 --- [ecommerce] [scheduling-1] c.d.e.s.SincronizacaoEstoqueService      : [ESTOQUE] Lendo VW_ECOMMERCE_ESTOQUE no banco de dados...
2026-09-02T23:34:00.111-03:00  INFO 22468 --- [ecommerce] [scheduling-1] c.d.e.s.SincronizacaoEstoqueService      : [ESTOQUE] Ciclo finalizado. Total de atualizações enviadas: 0
2026-09-02T23:35:00.000-03:00  INFO 22468 --- [ecommerce] [scheduling-1] c.d.e.s.SincronizacaoEstoqueService      : [ESTOQUE] Lendo VW_ECOMMERCE_ESTOQUE no banco de dados...
2026-09-02T23:35:00.125-03:00  INFO 22468 --- [ecommerce] [scheduling-1] c.d.e.s.SincronizacaoEstoqueService      : [ESTOQUE] Ciclo finalizado. Total de atualizações enviadas: 0
2026-09-02T23:35:00.125-03:00  INFO 22468 --- [ecommerce] [scheduling-1] c.d.e.service.SincronizacaoService       : Lendo VW_ECOMMERCE_PRECOS no banco de dados...
2026-09-02T23:35:00.851-03:00  INFO 22468 --- [ecommerce] [scheduling-1] c.d.e.service.SincronizacaoService       : Ciclo finalizado. Total de atualizações enviadas: 0
2026-09-02T23:35:59.999-03:00  INFO 22468 --- [ecommerce] [scheduling-1] c.d.e.service.SincronizacaoService       : Lendo VW_ECOMMERCE_PRECOS no banco de dados...
2026-09-02T23:36:00.299-03:00  INFO 22468 --- [ecommerce] [scheduling-1] c.d.e.service.SincronizacaoService       : Ciclo finalizado. Total de atualizações enviadas: 0
2026-09-02T23:36:00.300-03:00  INFO 22468 --- [ecommerce] [scheduling-1] c.d.e.s.SincronizacaoEstoqueService      : [ESTOQUE] Lendo VW_ECOMMERCE_ESTOQUE no banco de dados...
2026-09-02T23:36:00.352-03:00  INFO 22468 --- [ecommerce] [scheduling-1] c.d.e.s.SincronizacaoEstoqueService      : [ESTOQUE] Ciclo finalizado. Total de atualizações enviadas: 0
2026-09-02T23:36:59.999-03:00  INFO 22468 --- [ecommerce] [scheduling-1] c.d.e.s.SincronizacaoEstoqueService      : [ESTOQUE] Lendo VW_ECOMMERCE_ESTOQUE no banco de dados...
2026-09-02T23:37:00.038-03:00  INFO 22468 --- [ecommerce] [scheduling-1] c.d.e.s.SincronizacaoEstoqueService      : [ESTOQUE] Ciclo finalizado. Total de atualizações enviadas: 0
2026-09-02T23:37:00.038-03:00  INFO 22468 --- [ecommerce] [scheduling-1] c.d.e.service.SincronizacaoService       : Lendo VW_ECOMMERCE_PRECOS no banco de dados...
2026-09-02T23:37:00.107-03:00  INFO 22468 --- [ecommerce] [scheduling-1] c.d.e.service.SincronizacaoService       : Ciclo finalizado. Total de atualizações enviadas: 0
2026-09-02T23:38:00.000-03:00  INFO 22468 --- [ecommerce] [scheduling-1] c.d.e.service.SincronizacaoService       : Lendo VW_ECOMMERCE_PRECOS no banco de dados...
2026-09-02T23:38:00.218-03:00  INFO 22468 --- [ecommerce] [scheduling-1] c.d.e.service.SincronizacaoService       : Ciclo finalizado. Total de atualizações enviadas: 0
2026-09-02T23:38:00.219-03:00  INFO 22468 --- [ecommerce] [scheduling-1] c.d.e.s.SincronizacaoEstoqueService      : [ESTOQUE] Lendo VW_ECOMMERCE_ESTOQUE no banco de dados...
2026-09-02T23:38:00.262-03:00  INFO 22468 --- [ecommerce] [scheduling-1] c.d.e.s.SincronizacaoEstoqueService      : [ESTOQUE] Ciclo finalizado. Total de atualizações enviadas: 0
2026-09-02T23:38:59.999-03:00  INFO 22468 --- [ecommerce] [scheduling-1] c.d.e.service.SincronizacaoService       : Lendo VW_ECOMMERCE_PRECOS no banco de dados...
2026-09-02T23:39:00.066-03:00  INFO 22468 --- [ecommerce] [scheduling-1] c.d.e.service.SincronizacaoService       : Ciclo finalizado. Total de atualizações enviadas: 0
2026-09-02T23:39:00.066-03:00  INFO 22468 --- [ecommerce] [scheduling-1] c.d.e.s.SincronizacaoEstoqueService      : [ESTOQUE] Lendo VW_ECOMMERCE_ESTOQUE no banco de dados...
2026-09-02T23:39:00.094-03:00  INFO 22468 --- [ecommerce] [scheduling-1] c.d.e.s.SincronizacaoEstoqueService      : [ESTOQUE] Ciclo finalizado. Total de atualizações enviadas: 0
2026-09-02T23:40:00.000-03:00  INFO 22468 --- [ecommerce] [scheduling-1] c.d.e.service.SincronizacaoService       : Lendo VW_ECOMMERCE_PRECOS no banco de dados...
2026-09-02T23:40:00.064-03:00  INFO 22468 --- [ecommerce] [scheduling-1] c.d.e.service.SincronizacaoService       : Ciclo finalizado. Total de atualizações enviadas: 0
2026-09-02T23:40:00.065-03:00  INFO 22468 --- [ecommerce] [scheduling-1] c.d.e.s.SincronizacaoEstoqueService      : [ESTOQUE] Lendo VW_ECOMMERCE_ESTOQUE no banco de dados...
2026-09-02T23:40:00.091-03:00  INFO 22468 --- [ecommerce] [scheduling-1] c.d.e.s.SincronizacaoEstoqueService      : [ESTOQUE] Ciclo finalizado. Total de atualizações enviadas: 0
2026-09-02T23:41:00.001-03:00  INFO 22468 --- [ecommerce] [scheduling-1] c.d.e.service.SincronizacaoService       : Lendo VW_ECOMMERCE_PRECOS no banco de dados...
2026-09-02T23:41:00.195-03:00  INFO 22468 --- [ecommerce] [scheduling-1] c.d.e.service.SincronizacaoService       : Ciclo finalizado. Total de atualizações enviadas: 0
2026-09-02T23:41:00.195-03:00  INFO 22468 --- [ecommerce] [scheduling-1] c.d.e.s.SincronizacaoEstoqueService      : [ESTOQUE] Lendo VW_ECOMMERCE_ESTOQUE no banco de dados...
2026-09-02T23:41:00.224-03:00  INFO 22468 --- [ecommerce] [scheduling-1] c.d.e.s.SincronizacaoEstoqueService      : [ESTOQUE] Ciclo finalizado. Total de atualizações enviadas: 0
2026-09-02T23:42:00.001-03:00  INFO 22468 --- [ecommerce] [scheduling-1] c.d.e.s.SincronizacaoEstoqueService      : [ESTOQUE] Lendo VW_ECOMMERCE_ESTOQUE no banco de dados...
2026-09-02T23:42:00.068-03:00  INFO 22468 --- [ecommerce] [scheduling-1] c.d.e.s.SincronizacaoEstoqueService      : [ESTOQUE] Ciclo finalizado. Total de atualizações enviadas: 0
2026-09-02T23:42:00.069-03:00  INFO 22468 --- [ecommerce] [scheduling-1] c.d.e.service.SincronizacaoService       : Lendo VW_ECOMMERCE_PRECOS no banco de dados...
2026-09-02T23:42:00.116-03:00  INFO 22468 --- [ecommerce] [scheduling-1] c.d.e.service.SincronizacaoService       : Ciclo finalizado. Total de atualizações enviadas: 0
2026-09-02T23:43:00.000-03:00  INFO 22468 --- [ecommerce] [scheduling-1] c.d.e.s.SincronizacaoEstoqueService      : [ESTOQUE] Lendo VW_ECOMMERCE_ESTOQUE no banco de dados...
2026-09-02T23:43:00.047-03:00  INFO 22468 --- [ecommerce] [scheduling-1] c.d.e.s.SincronizacaoEstoqueService      : [ESTOQUE] Ciclo finalizado. Total de atualizações enviadas: 0
2026-09-02T23:43:00.048-03:00  INFO 22468 --- [ecommerce] [scheduling-1] c.d.e.service.SincronizacaoService       : Lendo VW_ECOMMERCE_PRECOS no banco de dados...
2026-09-02T23:43:00.133-03:00  INFO 22468 --- [ecommerce] [scheduling-1] c.d.e.service.SincronizacaoService       : Ciclo finalizado. Total de atualizações enviadas: 0
2026-09-02T23:43:59.999-03:00  INFO 22468 --- [ecommerce] [scheduling-1] c.d.e.service.SincronizacaoService       : Lendo VW_ECOMMERCE_PRECOS no banco de dados...
2026-09-02T23:44:00.058-03:00  INFO 22468 --- [ecommerce] [scheduling-1] c.d.e.service.SincronizacaoService       : Ciclo finalizado. Total de atualizações enviadas: 0
2026-09-02T23:44:00.059-03:00  INFO 22468 --- [ecommerce] [scheduling-1] c.d.e.s.SincronizacaoEstoqueService      : [ESTOQUE] Lendo VW_ECOMMERCE_ESTOQUE no banco de dados...
2026-09-02T23:44:00.086-03:00  INFO 22468 --- [ecommerce] [scheduling-1] c.d.e.s.SincronizacaoEstoqueService      : [ESTOQUE] Ciclo finalizado. Total de atualizações enviadas: 0
2026-09-02T23:44:59.999-03:00  INFO 22468 --- [ecommerce] [scheduling-1] c.d.e.service.SincronizacaoService       : Lendo VW_ECOMMERCE_PRECOS no banco de dados...
2026-09-02T23:45:00.369-03:00  INFO 22468 --- [ecommerce] [scheduling-1] c.d.e.service.SincronizacaoService       : Ciclo finalizado. Total de atualizações enviadas: 0
2026-09-02T23:45:00.369-03:00  INFO 22468 --- [ecommerce] [scheduling-1] c.d.e.s.SincronizacaoEstoqueService      : [ESTOQUE] Lendo VW_ECOMMERCE_ESTOQUE no banco de dados...
2026-09-02T23:45:00.397-03:00  INFO 22468 --- [ecommerce] [scheduling-1] c.d.e.s.SincronizacaoEstoqueService      : [ESTOQUE] Ciclo finalizado. Total de atualizações enviadas: 0
2026-09-02T23:45:59.999-03:00  INFO 22468 --- [ecommerce] [scheduling-1] c.d.e.service.SincronizacaoService       : Lendo VW_ECOMMERCE_PRECOS no banco de dados...
2026-09-02T23:46:00.053-03:00  INFO 22468 --- [ecommerce] [scheduling-1] c.d.e.service.SincronizacaoService       : Ciclo finalizado. Total de atualizações enviadas: 0
2026-09-02T23:46:00.054-03:00  INFO 22468 --- [ecommerce] [scheduling-1] c.d.e.s.SincronizacaoEstoqueService      : [ESTOQUE] Lendo VW_ECOMMERCE_ESTOQUE no banco de dados...
2026-09-02T23:46:00.084-03:00  INFO 22468 --- [ecommerce] [scheduling-1] c.d.e.s.SincronizacaoEstoqueService      : [ESTOQUE] Ciclo finalizado. Total de atualizações enviadas: 0
2026-09-02T23:47:00.000-03:00  INFO 22468 --- [ecommerce] [scheduling-1] c.d.e.s.SincronizacaoEstoqueService      : [ESTOQUE] Lendo VW_ECOMMERCE_ESTOQUE no banco de dados...
2026-09-02T23:47:00.118-03:00  INFO 22468 --- [ecommerce] [scheduling-1] c.d.e.s.SincronizacaoEstoqueService      : [ESTOQUE] Ciclo finalizado. Total de atualizações enviadas: 0
2026-09-02T23:47:00.118-03:00  INFO 22468 --- [ecommerce] [scheduling-1] c.d.e.service.SincronizacaoService       : Lendo VW_ECOMMERCE_PRECOS no banco de dados...
2026-09-02T23:47:00.570-03:00  INFO 22468 --- [ecommerce] [scheduling-1] c.d.e.service.SincronizacaoService       : Ciclo finalizado. Total de atualizações enviadas: 0
2026-09-02T23:48:00.000-03:00  INFO 22468 --- [ecommerce] [scheduling-1] c.d.e.service.SincronizacaoService       : Lendo VW_ECOMMERCE_PRECOS no banco de dados...
2026-09-02T23:48:00.167-03:00  INFO 22468 --- [ecommerce] [scheduling-1] c.d.e.service.SincronizacaoService       : Ciclo finalizado. Total de atualizações enviadas: 0
2026-09-02T23:48:00.167-03:00  INFO 22468 --- [ecommerce] [scheduling-1] c.d.e.s.SincronizacaoEstoqueService      : [ESTOQUE] Lendo VW_ECOMMERCE_ESTOQUE no banco de dados...
2026-09-02T23:48:00.215-03:00  INFO 22468 --- [ecommerce] [scheduling-1] c.d.e.s.SincronizacaoEstoqueService      : [ESTOQUE] Ciclo finalizado. Total de atualizações enviadas: 0
2026-09-02T23:49:00.000-03:00  INFO 22468 --- [ecommerce] [scheduling-1] c.d.e.s.SincronizacaoEstoqueService      : [ESTOQUE] Lendo VW_ECOMMERCE_ESTOQUE no banco de dados...
2026-09-02T23:49:00.050-03:00  INFO 22468 --- [ecommerce] [scheduling-1] c.d.e.s.SincronizacaoEstoqueService      : [ESTOQUE] Ciclo finalizado. Total de atualizações enviadas: 0
2026-09-02T23:49:00.050-03:00  INFO 22468 --- [ecommerce] [scheduling-1] c.d.e.service.SincronizacaoService       : Lendo VW_ECOMMERCE_PRECOS no banco de dados...
2026-09-02T23:49:00.095-03:00  INFO 22468 --- [ecommerce] [scheduling-1] c.d.e.service.SincronizacaoService       : Ciclo finalizado. Total de atualizações enviadas: 0
2026-09-02T23:50:00.000-03:00  INFO 22468 --- [ecommerce] [scheduling-1] c.d.e.service.SincronizacaoService       : Lendo VW_ECOMMERCE_PRECOS no banco de dados...
2026-09-02T23:50:00.097-03:00  INFO 22468 --- [ecommerce] [scheduling-1] c.d.e.service.SincronizacaoService       : Ciclo finalizado. Total de atualizações enviadas: 0
2026-09-02T23:50:00.097-03:00  INFO 22468 --- [ecommerce] [scheduling-1] c.d.e.s.SincronizacaoEstoqueService      : [ESTOQUE] Lendo VW_ECOMMERCE_ESTOQUE no banco de dados...
2026-09-02T23:50:00.126-03:00  INFO 22468 --- [ecommerce] [scheduling-1] c.d.e.s.SincronizacaoEstoqueService      : [ESTOQUE] Ciclo finalizado. Total de atualizações enviadas: 0
2026-09-02T23:51:00.000-03:00  INFO 22468 --- [ecommerce] [scheduling-1] c.d.e.s.SincronizacaoEstoqueService      : [ESTOQUE] Lendo VW_ECOMMERCE_ESTOQUE no banco de dados...
2026-09-02T23:51:00.088-03:00  INFO 22468 --- [ecommerce] [scheduling-1] c.d.e.s.SincronizacaoEstoqueService      : [ESTOQUE] Ciclo finalizado. Total de atualizações enviadas: 0
2026-09-02T23:51:00.088-03:00  INFO 22468 --- [ecommerce] [scheduling-1] c.d.e.service.SincronizacaoService       : Lendo VW_ECOMMERCE_PRECOS no banco de dados...
2026-09-02T23:51:00.413-03:00  INFO 22468 --- [ecommerce] [scheduling-1] c.d.e.service.SincronizacaoService       : Ciclo finalizado. Total de atualizações enviadas: 0
2026-09-02T23:52:00.001-03:00  INFO 22468 --- [ecommerce] [scheduling-1] c.d.e.s.SincronizacaoEstoqueService      : [ESTOQUE] Lendo VW_ECOMMERCE_ESTOQUE no banco de dados...
2026-09-02T23:52:00.040-03:00  INFO 22468 --- [ecommerce] [scheduling-1] c.d.e.s.SincronizacaoEstoqueService      : [ESTOQUE] Ciclo finalizado. Total de atualizações enviadas: 0
2026-09-02T23:52:00.041-03:00  INFO 22468 --- [ecommerce] [scheduling-1] c.d.e.service.SincronizacaoService       : Lendo VW_ECOMMERCE_PRECOS no banco de dados...
2026-09-02T23:52:00.129-03:00  INFO 22468 --- [ecommerce] [scheduling-1] c.d.e.service.SincronizacaoService       : Ciclo finalizado. Total de atualizações enviadas: 0
2026-09-02T23:53:00.001-03:00  INFO 22468 --- [ecommerce] [scheduling-1] c.d.e.s.SincronizacaoEstoqueService      : [ESTOQUE] Lendo VW_ECOMMERCE_ESTOQUE no banco de dados...
2026-09-02T23:53:00.041-03:00  INFO 22468 --- [ecommerce] [scheduling-1] c.d.e.s.SincronizacaoEstoqueService      : [ESTOQUE] Ciclo finalizado. Total de atualizações enviadas: 0
2026-09-02T23:53:00.042-03:00  INFO 22468 --- [ecommerce] [scheduling-1] c.d.e.service.SincronizacaoService       : Lendo VW_ECOMMERCE_PRECOS no banco de dados...
2026-09-02T23:53:00.296-03:00  INFO 22468 --- [ecommerce] [scheduling-1] c.d.e.service.SincronizacaoService       : Ciclo finalizado. Total de atualizações enviadas: 0
2026-09-02T23:54:00.000-03:00  INFO 22468 --- [ecommerce] [scheduling-1] c.d.e.s.SincronizacaoEstoqueService      : [ESTOQUE] Lendo VW_ECOMMERCE_ESTOQUE no banco de dados...
2026-09-02T23:54:00.099-03:00  INFO 22468 --- [ecommerce] [scheduling-1] c.d.e.s.SincronizacaoEstoqueService      : [ESTOQUE] Ciclo finalizado. Total de atualizações enviadas: 0
2026-09-02T23:54:00.099-03:00  INFO 22468 --- [ecommerce] [scheduling-1] c.d.e.service.SincronizacaoService       : Lendo VW_ECOMMERCE_PRECOS no banco de dados...
2026-09-02T23:54:00.151-03:00  INFO 22468 --- [ecommerce] [scheduling-1] c.d.e.service.SincronizacaoService       : Ciclo finalizado. Total de atualizações enviadas: 0
2026-09-02T23:55:00.001-03:00  INFO 22468 --- [ecommerce] [scheduling-1] c.d.e.service.SincronizacaoService       : Lendo VW_ECOMMERCE_PRECOS no banco de dados...
2026-09-02T23:55:00.147-03:00  INFO 22468 --- [ecommerce] [scheduling-1] c.d.e.service.SincronizacaoService       : Ciclo finalizado. Total de atualizações enviadas: 0
2026-09-02T23:55:00.149-03:00  INFO 22468 --- [ecommerce] [scheduling-1] c.d.e.s.SincronizacaoEstoqueService      : [ESTOQUE] Lendo VW_ECOMMERCE_ESTOQUE no banco de dados...
2026-09-02T23:55:00.173-03:00  INFO 22468 --- [ecommerce] [scheduling-1] c.d.e.s.SincronizacaoEstoqueService      : [ESTOQUE] Ciclo finalizado. Total de atualizações enviadas: 0
2026-09-02T23:56:00.000-03:00  INFO 22468 --- [ecommerce] [scheduling-1] c.d.e.s.SincronizacaoEstoqueService      : [ESTOQUE] Lendo VW_ECOMMERCE_ESTOQUE no banco de dados...
2026-09-02T23:56:00.045-03:00  INFO 22468 --- [ecommerce] [scheduling-1] c.d.e.s.SincronizacaoEstoqueService      : [ESTOQUE] Ciclo finalizado. Total de atualizações enviadas: 0
2026-09-02T23:56:00.045-03:00  INFO 22468 --- [ecommerce] [scheduling-1] c.d.e.service.SincronizacaoService       : Lendo VW_ECOMMERCE_PRECOS no banco de dados...
2026-09-02T23:56:00.117-03:00  INFO 22468 --- [ecommerce] [scheduling-1] c.d.e.service.SincronizacaoService       : Ciclo finalizado. Total de atualizações enviadas: 0
2026-09-02T23:57:00.000-03:00  INFO 22468 --- [ecommerce] [scheduling-1] c.d.e.service.SincronizacaoService       : Lendo VW_ECOMMERCE_PRECOS no banco de dados...
2026-09-02T23:57:00.188-03:00  INFO 22468 --- [ecommerce] [scheduling-1] c.d.e.service.SincronizacaoService       : Ciclo finalizado. Total de atualizações enviadas: 0
2026-09-02T23:57:00.188-03:00  INFO 22468 --- [ecommerce] [scheduling-1] c.d.e.s.SincronizacaoEstoqueService      : [ESTOQUE] Lendo VW_ECOMMERCE_ESTOQUE no banco de dados...
2026-09-02T23:57:00.246-03:00  INFO 22468 --- [ecommerce] [scheduling-1] c.d.e.s.SincronizacaoEstoqueService      : [ESTOQUE] Ciclo finalizado. Total de atualizações enviadas: 0
2026-09-02T23:58:00.000-03:00  INFO 22468 --- [ecommerce] [scheduling-1] c.d.e.s.SincronizacaoEstoqueService      : [ESTOQUE] Lendo VW_ECOMMERCE_ESTOQUE no banco de dados...
2026-09-02T23:58:00.090-03:00  INFO 22468 --- [ecommerce] [scheduling-1] c.d.e.s.SincronizacaoEstoqueService      : [ESTOQUE] Ciclo finalizado. Total de atualizações enviadas: 0
2026-09-02T23:58:00.092-03:00  INFO 22468 --- [ecommerce] [scheduling-1] c.d.e.service.SincronizacaoService       : Lendo VW_ECOMMERCE_PRECOS no banco de dados...
2026-09-02T23:58:00.643-03:00  INFO 22468 --- [ecommerce] [scheduling-1] c.d.e.service.SincronizacaoService       : Ciclo finalizado. Total de atualizações enviadas: 0
2026-09-02T23:59:00.000-03:00  INFO 22468 --- [ecommerce] [scheduling-1] c.d.e.service.SincronizacaoService       : Lendo VW_ECOMMERCE_PRECOS no banco de dados...
2026-09-02T23:59:00.798-03:00  INFO 22468 --- [ecommerce] [scheduling-1] c.d.e.service.SincronizacaoService       : Ciclo finalizado. Total de atualizações enviadas: 0
2026-09-02T23:59:00.798-03:00  INFO 22468 --- [ecommerce] [scheduling-1] c.d.e.s.SincronizacaoEstoqueService      : [ESTOQUE] Lendo VW_ECOMMERCE_ESTOQUE no banco de dados...
2026-09-02T23:59:00.866-03:00  INFO 22468 --- [ecommerce] [scheduling-1] c.d.e.s.SincronizacaoEstoqueService      : [ESTOQUE] Ciclo finalizado. Total de atualizações enviadas: 0
