2026-09-04T00:00:00.000-03:00  INFO 22468 --- [ecommerce] [scheduling-1] c.d.e.s.SincronizacaoEstoqueService      : [ESTOQUE] Lendo VW_ECOMMERCE_ESTOQUE no banco de dados...
2026-09-04T00:00:00.033-03:00  INFO 22468 --- [ecommerce] [scheduling-1] c.d.e.s.SincronizacaoEstoqueService      : [ESTOQUE] Ciclo finalizado. Total de atualizações enviadas: 0
2026-09-04T00:00:00.033-03:00  INFO 22468 --- [ecommerce] [scheduling-1] c.d.e.service.SincronizacaoService       : Lendo VW_ECOMMERCE_PRECOS no banco de dados...
2026-09-04T00:00:00.080-03:00  INFO 22468 --- [ecommerce] [scheduling-1] c.d.e.service.SincronizacaoService       : Ciclo finalizado. Total de atualizações enviadas: 0
2026-09-04T00:01:00.001-03:00  INFO 22468 --- [ecommerce] [scheduling-1] c.d.e.service.SincronizacaoService       : Lendo VW_ECOMMERCE_PRECOS no banco de dados...
2026-09-04T00:01:00.079-03:00  INFO 22468 --- [ecommerce] [scheduling-1] c.d.e.service.SincronizacaoService       : Ciclo finalizado. Total de atualizações enviadas: 0
2026-09-04T00:01:00.079-03:00  INFO 22468 --- [ecommerce] [scheduling-1] c.d.e.s.SincronizacaoEstoqueService      : [ESTOQUE] Lendo VW_ECOMMERCE_ESTOQUE no banco de dados...
2026-09-04T00:01:00.107-03:00  INFO 22468 --- [ecommerce] [scheduling-1] c.d.e.s.SincronizacaoEstoqueService      : [ESTOQUE] Ciclo finalizado. Total de atualizações enviadas: 0
2026-09-04T00:02:00.001-03:00  INFO 22468 --- [ecommerce] [scheduling-1] c.d.e.s.SincronizacaoEstoqueService      : [ESTOQUE] Lendo VW_ECOMMERCE_ESTOQUE no banco de dados...
2026-09-04T00:02:00.061-03:00  INFO 22468 --- [ecommerce] [scheduling-1] c.d.e.s.SincronizacaoEstoqueService      : [ESTOQUE] Ciclo finalizado. Total de atualizações enviadas: 0
2026-09-04T00:02:00.061-03:00  INFO 22468 --- [ecommerce] [scheduling-1] c.d.e.service.SincronizacaoService       : Lendo VW_ECOMMERCE_PRECOS no banco de dados...
2026-09-04T00:02:00.215-03:00  INFO 22468 --- [ecommerce] [scheduling-1] c.d.e.service.SincronizacaoService       : Ciclo finalizado. Total de atualizações enviadas: 0
2026-09-04T00:03:00.000-03:00  INFO 22468 --- [ecommerce] [scheduling-1] c.d.e.s.SincronizacaoEstoqueService      : [ESTOQUE] Lendo VW_ECOMMERCE_ESTOQUE no banco de dados...
2026-09-04T00:03:00.059-03:00  INFO 22468 --- [ecommerce] [scheduling-1] c.d.e.s.SincronizacaoEstoqueService      : [ESTOQUE] Ciclo finalizado. Total de atualizações enviadas: 0
2026-09-04T00:03:00.059-03:00  INFO 22468 --- [ecommerce] [scheduling-1] c.d.e.service.SincronizacaoService       : Lendo VW_ECOMMERCE_PRECOS no banco de dados...
2026-09-04T00:03:00.127-03:00  INFO 22468 --- [ecommerce] [scheduling-1] c.d.e.service.SincronizacaoService       : Ciclo finalizado. Total de atualizações enviadas: 0
2026-09-04T00:04:00.000-03:00  INFO 22468 --- [ecommerce] [scheduling-1] c.d.e.s.SincronizacaoEstoqueService      : [ESTOQUE] Lendo VW_ECOMMERCE_ESTOQUE no banco de dados...
2026-09-04T00:04:00.087-03:00  INFO 22468 --- [ecommerce] [scheduling-1] c.d.e.s.SincronizacaoEstoqueService      : [ESTOQUE] Ciclo finalizado. Total de atualizações enviadas: 0
2026-09-04T00:04:00.087-03:00  INFO 22468 --- [ecommerce] [scheduling-1] c.d.e.service.SincronizacaoService       : Lendo VW_ECOMMERCE_PRECOS no banco de dados...
2026-09-04T00:04:00.264-03:00  INFO 22468 --- [ecommerce] [scheduling-1] c.d.e.service.SincronizacaoService       : Ciclo finalizado. Total de atualizações enviadas: 0
2026-09-04T00:05:00.000-03:00  INFO 22468 --- [ecommerce] [scheduling-1] c.d.e.s.SincronizacaoEstoqueService      : [ESTOQUE] Lendo VW_ECOMMERCE_ESTOQUE no banco de dados...
2026-09-04T00:05:00.045-03:00  INFO 22468 --- [ecommerce] [scheduling-1] c.d.e.s.SincronizacaoEstoqueService      : [ESTOQUE] Ciclo finalizado. Total de atualizações enviadas: 0
2026-09-04T00:05:00.045-03:00  INFO 22468 --- [ecommerce] [scheduling-1] c.d.e.service.SincronizacaoService       : Lendo VW_ECOMMERCE_PRECOS no banco de dados...
2026-09-04T00:05:00.118-03:00  INFO 22468 --- [ecommerce] [scheduling-1] c.d.e.service.SincronizacaoService       : Ciclo finalizado. Total de atualizações enviadas: 0
2026-09-04T00:06:00.000-03:00  INFO 22468 --- [ecommerce] [scheduling-1] c.d.e.service.SincronizacaoService       : Lendo VW_ECOMMERCE_PRECOS no banco de dados...
2026-09-04T00:06:00.149-03:00  INFO 22468 --- [ecommerce] [scheduling-1] c.d.e.service.SincronizacaoService       : Ciclo finalizado. Total de atualizações enviadas: 0
2026-09-04T00:06:00.149-03:00  INFO 22468 --- [ecommerce] [scheduling-1] c.d.e.s.SincronizacaoEstoqueService      : [ESTOQUE] Lendo VW_ECOMMERCE_ESTOQUE no banco de dados...
2026-09-04T00:06:00.183-03:00  INFO 22468 --- [ecommerce] [scheduling-1] c.d.e.s.SincronizacaoEstoqueService      : [ESTOQUE] Ciclo finalizado. Total de atualizações enviadas: 0
2026-09-04T00:07:00.001-03:00  INFO 22468 --- [ecommerce] [scheduling-1] c.d.e.s.SincronizacaoEstoqueService      : [ESTOQUE] Lendo VW_ECOMMERCE_ESTOQUE no banco de dados...
2026-09-04T00:07:00.038-03:00  INFO 22468 --- [ecommerce] [scheduling-1] c.d.e.s.SincronizacaoEstoqueService      : [ESTOQUE] Ciclo finalizado. Total de atualizações enviadas: 0
2026-09-04T00:07:00.039-03:00  INFO 22468 --- [ecommerce] [scheduling-1] c.d.e.service.SincronizacaoService       : Lendo VW_ECOMMERCE_PRECOS no banco de dados...
2026-09-04T00:07:00.087-03:00  INFO 22468 --- [ecommerce] [scheduling-1] c.d.e.service.SincronizacaoService       : Ciclo finalizado. Total de atualizações enviadas: 0
2026-09-04T00:07:59.999-03:00  INFO 22468 --- [ecommerce] [scheduling-1] c.d.e.s.SincronizacaoEstoqueService      : [ESTOQUE] Lendo VW_ECOMMERCE_ESTOQUE no banco de dados...
2026-09-04T00:08:00.053-03:00  INFO 22468 --- [ecommerce] [scheduling-1] c.d.e.s.SincronizacaoEstoqueService      : [ESTOQUE] Ciclo finalizado. Total de atualizações enviadas: 0
2026-09-04T00:08:00.053-03:00  INFO 22468 --- [ecommerce] [scheduling-1] c.d.e.service.SincronizacaoService       : Lendo VW_ECOMMERCE_PRECOS no banco de dados...
2026-09-04T00:08:00.101-03:00  INFO 22468 --- [ecommerce] [scheduling-1] c.d.e.service.SincronizacaoService       : Ciclo finalizado. Total de atualizações enviadas: 0
2026-09-04T00:09:00.000-03:00  INFO 22468 --- [ecommerce] [scheduling-1] c.d.e.s.SincronizacaoEstoqueService      : [ESTOQUE] Lendo VW_ECOMMERCE_ESTOQUE no banco de dados...
2026-09-04T00:09:00.068-03:00  INFO 22468 --- [ecommerce] [scheduling-1] c.d.e.s.SincronizacaoEstoqueService      : [ESTOQUE] Ciclo finalizado. Total de atualizações enviadas: 0
2026-09-04T00:09:00.068-03:00  INFO 22468 --- [ecommerce] [scheduling-1] c.d.e.service.SincronizacaoService       : Lendo VW_ECOMMERCE_PRECOS no banco de dados...
2026-09-04T00:09:00.291-03:00  INFO 22468 --- [ecommerce] [scheduling-1] c.d.e.service.SincronizacaoService       : Ciclo finalizado. Total de atualizações enviadas: 0
2026-09-04T00:10:00.001-03:00  INFO 22468 --- [ecommerce] [scheduling-1] c.d.e.s.SincronizacaoEstoqueService      : [ESTOQUE] Lendo VW_ECOMMERCE_ESTOQUE no banco de dados...
2026-09-04T00:10:00.044-03:00  INFO 22468 --- [ecommerce] [scheduling-1] c.d.e.s.SincronizacaoEstoqueService      : [ESTOQUE] Ciclo finalizado. Total de atualizações enviadas: 0
2026-09-04T00:10:00.045-03:00  INFO 22468 --- [ecommerce] [scheduling-1] c.d.e.service.SincronizacaoService       : Lendo VW_ECOMMERCE_PRECOS no banco de dados...
2026-09-04T00:10:00.092-03:00  INFO 22468 --- [ecommerce] [scheduling-1] c.d.e.service.SincronizacaoService       : Ciclo finalizado. Total de atualizações enviadas: 0
2026-09-04T00:11:00.000-03:00  INFO 22468 --- [ecommerce] [scheduling-1] c.d.e.s.SincronizacaoEstoqueService      : [ESTOQUE] Lendo VW_ECOMMERCE_ESTOQUE no banco de dados...
2026-09-04T00:11:00.084-03:00  INFO 22468 --- [ecommerce] [scheduling-1] c.d.e.s.SincronizacaoEstoqueService      : [ESTOQUE] Ciclo finalizado. Total de atualizações enviadas: 0
2026-09-04T00:11:00.084-03:00  INFO 22468 --- [ecommerce] [scheduling-1] c.d.e.service.SincronizacaoService       : Lendo VW_ECOMMERCE_PRECOS no banco de dados...
2026-09-04T00:11:00.133-03:00  INFO 22468 --- [ecommerce] [scheduling-1] c.d.e.service.SincronizacaoService       : Ciclo finalizado. Total de atualizações enviadas: 0
2026-09-04T00:11:59.999-03:00  INFO 22468 --- [ecommerce] [scheduling-1] c.d.e.service.SincronizacaoService       : Lendo VW_ECOMMERCE_PRECOS no banco de dados...
2026-09-04T00:12:00.058-03:00  INFO 22468 --- [ecommerce] [scheduling-1] c.d.e.service.SincronizacaoService       : Ciclo finalizado. Total de atualizações enviadas: 0
2026-09-04T00:12:00.058-03:00  INFO 22468 --- [ecommerce] [scheduling-1] c.d.e.s.SincronizacaoEstoqueService      : [ESTOQUE] Lendo VW_ECOMMERCE_ESTOQUE no banco de dados...
2026-09-04T00:12:00.077-03:00  INFO 22468 --- [ecommerce] [scheduling-1] c.d.e.s.SincronizacaoEstoqueService      : [ESTOQUE] Ciclo finalizado. Total de atualizações enviadas: 0
2026-09-04T00:13:00.000-03:00  INFO 22468 --- [ecommerce] [scheduling-1] c.d.e.s.SincronizacaoEstoqueService      : [ESTOQUE] Lendo VW_ECOMMERCE_ESTOQUE no banco de dados...
2026-09-04T00:13:00.070-03:00  INFO 22468 --- [ecommerce] [scheduling-1] c.d.e.s.SincronizacaoEstoqueService      : [ESTOQUE] Ciclo finalizado. Total de atualizações enviadas: 0
2026-09-04T00:13:00.071-03:00  INFO 22468 --- [ecommerce] [scheduling-1] c.d.e.service.SincronizacaoService       : Lendo VW_ECOMMERCE_PRECOS no banco de dados...
2026-09-04T00:13:00.119-03:00  INFO 22468 --- [ecommerce] [scheduling-1] c.d.e.service.SincronizacaoService       : Ciclo finalizado. Total de atualizações enviadas: 0
2026-09-04T00:14:00.000-03:00  INFO 22468 --- [ecommerce] [scheduling-1] c.d.e.service.SincronizacaoService       : Lendo VW_ECOMMERCE_PRECOS no banco de dados...
2026-09-04T00:14:00.091-03:00  INFO 22468 --- [ecommerce] [scheduling-1] c.d.e.service.SincronizacaoService       : Ciclo finalizado. Total de atualizações enviadas: 0
2026-09-04T00:14:00.092-03:00  INFO 22468 --- [ecommerce] [scheduling-1] c.d.e.s.SincronizacaoEstoqueService      : [ESTOQUE] Lendo VW_ECOMMERCE_ESTOQUE no banco de dados...
2026-09-04T00:14:00.122-03:00  INFO 22468 --- [ecommerce] [scheduling-1] c.d.e.s.SincronizacaoEstoqueService      : [ESTOQUE] Ciclo finalizado. Total de atualizações enviadas: 0
2026-09-04T00:15:00.000-03:00  INFO 22468 --- [ecommerce] [scheduling-1] c.d.e.service.SincronizacaoService       : Lendo VW_ECOMMERCE_PRECOS no banco de dados...
2026-09-04T00:15:00.103-03:00  INFO 22468 --- [ecommerce] [scheduling-1] c.d.e.service.SincronizacaoService       : Ciclo finalizado. Total de atualizações enviadas: 0
2026-09-04T00:15:00.104-03:00  INFO 22468 --- [ecommerce] [scheduling-1] c.d.e.s.SincronizacaoEstoqueService      : [ESTOQUE] Lendo VW_ECOMMERCE_ESTOQUE no banco de dados...
2026-09-04T00:15:00.132-03:00  INFO 22468 --- [ecommerce] [scheduling-1] c.d.e.s.SincronizacaoEstoqueService      : [ESTOQUE] Ciclo finalizado. Total de atualizações enviadas: 0
2026-09-04T00:16:00.000-03:00  INFO 22468 --- [ecommerce] [scheduling-1] c.d.e.service.SincronizacaoService       : Lendo VW_ECOMMERCE_PRECOS no banco de dados...
2026-09-04T00:16:00.085-03:00  INFO 22468 --- [ecommerce] [scheduling-1] c.d.e.service.SincronizacaoService       : Ciclo finalizado. Total de atualizações enviadas: 0
2026-09-04T00:16:00.085-03:00  INFO 22468 --- [ecommerce] [scheduling-1] c.d.e.s.SincronizacaoEstoqueService      : [ESTOQUE] Lendo VW_ECOMMERCE_ESTOQUE no banco de dados...
2026-09-04T00:16:00.117-03:00  INFO 22468 --- [ecommerce] [scheduling-1] c.d.e.s.SincronizacaoEstoqueService      : [ESTOQUE] Ciclo finalizado. Total de atualizações enviadas: 0
2026-09-04T00:17:00.001-03:00  INFO 22468 --- [ecommerce] [scheduling-1] c.d.e.s.SincronizacaoEstoqueService      : [ESTOQUE] Lendo VW_ECOMMERCE_ESTOQUE no banco de dados...
2026-09-04T00:17:00.058-03:00  INFO 22468 --- [ecommerce] [scheduling-1] c.d.e.s.SincronizacaoEstoqueService      : [ESTOQUE] Ciclo finalizado. Total de atualizações enviadas: 0
2026-09-04T00:17:00.058-03:00  INFO 22468 --- [ecommerce] [scheduling-1] c.d.e.service.SincronizacaoService       : Lendo VW_ECOMMERCE_PRECOS no banco de dados...
2026-09-04T00:17:00.108-03:00  INFO 22468 --- [ecommerce] [scheduling-1] c.d.e.service.SincronizacaoService       : Ciclo finalizado. Total de atualizações enviadas: 0
2026-09-04T00:18:00.000-03:00  INFO 22468 --- [ecommerce] [scheduling-1] c.d.e.s.SincronizacaoEstoqueService      : [ESTOQUE] Lendo VW_ECOMMERCE_ESTOQUE no banco de dados...
2026-09-04T00:18:00.093-03:00  INFO 22468 --- [ecommerce] [scheduling-1] c.d.e.s.SincronizacaoEstoqueService      : [ESTOQUE] Ciclo finalizado. Total de atualizações enviadas: 0
2026-09-04T00:18:00.093-03:00  INFO 22468 --- [ecommerce] [scheduling-1] c.d.e.service.SincronizacaoService       : Lendo VW_ECOMMERCE_PRECOS no banco de dados...
2026-09-04T00:18:00.138-03:00  INFO 22468 --- [ecommerce] [scheduling-1] c.d.e.service.SincronizacaoService       : Ciclo finalizado. Total de atualizações enviadas: 0
2026-09-04T00:19:00.000-03:00  INFO 22468 --- [ecommerce] [scheduling-1] c.d.e.service.SincronizacaoService       : Lendo VW_ECOMMERCE_PRECOS no banco de dados...
2026-09-04T00:19:00.092-03:00  INFO 22468 --- [ecommerce] [scheduling-1] c.d.e.service.SincronizacaoService       : Ciclo finalizado. Total de atualizações enviadas: 0
2026-09-04T00:19:00.092-03:00  INFO 22468 --- [ecommerce] [scheduling-1] c.d.e.s.SincronizacaoEstoqueService      : [ESTOQUE] Lendo VW_ECOMMERCE_ESTOQUE no banco de dados...
2026-09-04T00:19:00.113-03:00  INFO 22468 --- [ecommerce] [scheduling-1] c.d.e.s.SincronizacaoEstoqueService      : [ESTOQUE] Ciclo finalizado. Total de atualizações enviadas: 0
2026-09-04T00:20:00.001-03:00  INFO 22468 --- [ecommerce] [scheduling-1] c.d.e.s.SincronizacaoEstoqueService      : [ESTOQUE] Lendo VW_ECOMMERCE_ESTOQUE no banco de dados...
2026-09-04T00:20:00.058-03:00  INFO 22468 --- [ecommerce] [scheduling-1] c.d.e.s.SincronizacaoEstoqueService      : [ESTOQUE] Ciclo finalizado. Total de atualizações enviadas: 0
2026-09-04T00:20:00.058-03:00  INFO 22468 --- [ecommerce] [scheduling-1] c.d.e.service.SincronizacaoService       : Lendo VW_ECOMMERCE_PRECOS no banco de dados...
2026-09-04T00:20:00.110-03:00  INFO 22468 --- [ecommerce] [scheduling-1] c.d.e.service.SincronizacaoService       : Ciclo finalizado. Total de atualizações enviadas: 0
2026-09-04T00:20:59.999-03:00  INFO 22468 --- [ecommerce] [scheduling-1] c.d.e.service.SincronizacaoService       : Lendo VW_ECOMMERCE_PRECOS no banco de dados...
2026-09-04T00:21:00.074-03:00  INFO 22468 --- [ecommerce] [scheduling-1] c.d.e.service.SincronizacaoService       : Ciclo finalizado. Total de atualizações enviadas: 0
2026-09-04T00:21:00.075-03:00  INFO 22468 --- [ecommerce] [scheduling-1] c.d.e.s.SincronizacaoEstoqueService      : [ESTOQUE] Lendo VW_ECOMMERCE_ESTOQUE no banco de dados...
2026-09-04T00:21:00.107-03:00  INFO 22468 --- [ecommerce] [scheduling-1] c.d.e.s.SincronizacaoEstoqueService      : [ESTOQUE] Ciclo finalizado. Total de atualizações enviadas: 0
2026-09-04T00:21:59.999-03:00  INFO 22468 --- [ecommerce] [scheduling-1] c.d.e.service.SincronizacaoService       : Lendo VW_ECOMMERCE_PRECOS no banco de dados...
2026-09-04T00:22:00.049-03:00  INFO 22468 --- [ecommerce] [scheduling-1] c.d.e.service.SincronizacaoService       : Ciclo finalizado. Total de atualizações enviadas: 0
2026-09-04T00:22:00.049-03:00  INFO 22468 --- [ecommerce] [scheduling-1] c.d.e.s.SincronizacaoEstoqueService      : [ESTOQUE] Lendo VW_ECOMMERCE_ESTOQUE no banco de dados...
2026-09-04T00:22:00.073-03:00  INFO 22468 --- [ecommerce] [scheduling-1] c.d.e.s.SincronizacaoEstoqueService      : [ESTOQUE] Ciclo finalizado. Total de atualizações enviadas: 0
2026-09-04T00:23:00.000-03:00  INFO 22468 --- [ecommerce] [scheduling-1] c.d.e.s.SincronizacaoEstoqueService      : [ESTOQUE] Lendo VW_ECOMMERCE_ESTOQUE no banco de dados...
2026-09-04T00:23:00.089-03:00  INFO 22468 --- [ecommerce] [scheduling-1] c.d.e.s.SincronizacaoEstoqueService      : [ESTOQUE] Ciclo finalizado. Total de atualizações enviadas: 0
2026-09-04T00:23:00.089-03:00  INFO 22468 --- [ecommerce] [scheduling-1] c.d.e.service.SincronizacaoService       : Lendo VW_ECOMMERCE_PRECOS no banco de dados...
2026-09-04T00:23:00.145-03:00  INFO 22468 --- [ecommerce] [scheduling-1] c.d.e.service.SincronizacaoService       : Ciclo finalizado. Total de atualizações enviadas: 0
2026-09-04T00:24:00.000-03:00  INFO 22468 --- [ecommerce] [scheduling-1] c.d.e.s.SincronizacaoEstoqueService      : [ESTOQUE] Lendo VW_ECOMMERCE_ESTOQUE no banco de dados...
2026-09-04T00:24:00.050-03:00  INFO 22468 --- [ecommerce] [scheduling-1] c.d.e.s.SincronizacaoEstoqueService      : [ESTOQUE] Ciclo finalizado. Total de atualizações enviadas: 0
2026-09-04T00:24:00.050-03:00  INFO 22468 --- [ecommerce] [scheduling-1] c.d.e.service.SincronizacaoService       : Lendo VW_ECOMMERCE_PRECOS no banco de dados...
2026-09-04T00:24:00.097-03:00  INFO 22468 --- [ecommerce] [scheduling-1] c.d.e.service.SincronizacaoService       : Ciclo finalizado. Total de atualizações enviadas: 0
2026-09-04T00:25:00.000-03:00  INFO 22468 --- [ecommerce] [scheduling-1] c.d.e.service.SincronizacaoService       : Lendo VW_ECOMMERCE_PRECOS no banco de dados...
2026-09-04T00:25:00.149-03:00  INFO 22468 --- [ecommerce] [scheduling-1] c.d.e.service.SincronizacaoService       : Ciclo finalizado. Total de atualizações enviadas: 0
2026-09-04T00:25:00.149-03:00  INFO 22468 --- [ecommerce] [scheduling-1] c.d.e.s.SincronizacaoEstoqueService      : [ESTOQUE] Lendo VW_ECOMMERCE_ESTOQUE no banco de dados...
2026-09-04T00:25:00.179-03:00  INFO 22468 --- [ecommerce] [scheduling-1] c.d.e.s.SincronizacaoEstoqueService      : [ESTOQUE] Ciclo finalizado. Total de atualizações enviadas: 0
2026-09-04T00:26:00.001-03:00  INFO 22468 --- [ecommerce] [scheduling-1] c.d.e.s.SincronizacaoEstoqueService      : [ESTOQUE] Lendo VW_ECOMMERCE_ESTOQUE no banco de dados...
2026-09-04T00:26:00.031-03:00  INFO 22468 --- [ecommerce] [scheduling-1] c.d.e.s.SincronizacaoEstoqueService      : [ESTOQUE] Ciclo finalizado. Total de atualizações enviadas: 0
2026-09-04T00:26:00.032-03:00  INFO 22468 --- [ecommerce] [scheduling-1] c.d.e.service.SincronizacaoService       : Lendo VW_ECOMMERCE_PRECOS no banco de dados...
2026-09-04T00:26:00.078-03:00  INFO 22468 --- [ecommerce] [scheduling-1] c.d.e.service.SincronizacaoService       : Ciclo finalizado. Total de atualizações enviadas: 0
2026-09-04T00:26:59.999-03:00  INFO 22468 --- [ecommerce] [scheduling-1] c.d.e.service.SincronizacaoService       : Lendo VW_ECOMMERCE_PRECOS no banco de dados...
2026-09-04T00:27:00.103-03:00  INFO 22468 --- [ecommerce] [scheduling-1] c.d.e.service.SincronizacaoService       : Ciclo finalizado. Total de atualizações enviadas: 0
2026-09-04T00:27:00.103-03:00  INFO 22468 --- [ecommerce] [scheduling-1] c.d.e.s.SincronizacaoEstoqueService      : [ESTOQUE] Lendo VW_ECOMMERCE_ESTOQUE no banco de dados...
2026-09-04T00:27:00.125-03:00  INFO 22468 --- [ecommerce] [scheduling-1] c.d.e.s.SincronizacaoEstoqueService      : [ESTOQUE] Ciclo finalizado. Total de atualizações enviadas: 0
2026-09-04T00:28:00.000-03:00  INFO 22468 --- [ecommerce] [scheduling-1] c.d.e.s.SincronizacaoEstoqueService      : [ESTOQUE] Lendo VW_ECOMMERCE_ESTOQUE no banco de dados...
2026-09-04T00:28:00.041-03:00  INFO 22468 --- [ecommerce] [scheduling-1] c.d.e.s.SincronizacaoEstoqueService      : [ESTOQUE] Ciclo finalizado. Total de atualizações enviadas: 0
2026-09-04T00:28:00.041-03:00  INFO 22468 --- [ecommerce] [scheduling-1] c.d.e.service.SincronizacaoService       : Lendo VW_ECOMMERCE_PRECOS no banco de dados...
2026-09-04T00:28:00.089-03:00  INFO 22468 --- [ecommerce] [scheduling-1] c.d.e.service.SincronizacaoService       : Ciclo finalizado. Total de atualizações enviadas: 0
2026-09-04T00:29:00.001-03:00  INFO 22468 --- [ecommerce] [scheduling-1] c.d.e.s.SincronizacaoEstoqueService      : [ESTOQUE] Lendo VW_ECOMMERCE_ESTOQUE no banco de dados...
2026-09-04T00:29:00.084-03:00  INFO 22468 --- [ecommerce] [scheduling-1] c.d.e.s.SincronizacaoEstoqueService      : [ESTOQUE] Ciclo finalizado. Total de atualizações enviadas: 0
2026-09-04T00:29:00.085-03:00  INFO 22468 --- [ecommerce] [scheduling-1] c.d.e.service.SincronizacaoService       : Lendo VW_ECOMMERCE_PRECOS no banco de dados...
2026-09-04T00:29:00.132-03:00  INFO 22468 --- [ecommerce] [scheduling-1] c.d.e.service.SincronizacaoService       : Ciclo finalizado. Total de atualizações enviadas: 0
2026-09-04T00:30:00.000-03:00  INFO 22468 --- [ecommerce] [scheduling-1] c.d.e.s.SincronizacaoEstoqueService      : [ESTOQUE] Lendo VW_ECOMMERCE_ESTOQUE no banco de dados...
2026-09-04T00:30:00.044-03:00  INFO 22468 --- [ecommerce] [scheduling-1] c.d.e.s.SincronizacaoEstoqueService      : [ESTOQUE] Ciclo finalizado. Total de atualizações enviadas: 0
2026-09-04T00:30:00.045-03:00  INFO 22468 --- [ecommerce] [scheduling-1] c.d.e.service.SincronizacaoService       : Lendo VW_ECOMMERCE_PRECOS no banco de dados...
2026-09-04T00:30:00.093-03:00  INFO 22468 --- [ecommerce] [scheduling-1] c.d.e.service.SincronizacaoService       : Ciclo finalizado. Total de atualizações enviadas: 0
2026-09-04T00:31:00.000-03:00  INFO 22468 --- [ecommerce] [scheduling-1] c.d.e.service.SincronizacaoService       : Lendo VW_ECOMMERCE_PRECOS no banco de dados...
2026-09-04T00:31:00.061-03:00  INFO 22468 --- [ecommerce] [scheduling-1] c.d.e.service.SincronizacaoService       : Ciclo finalizado. Total de atualizações enviadas: 0
2026-09-04T00:31:00.061-03:00  INFO 22468 --- [ecommerce] [scheduling-1] c.d.e.s.SincronizacaoEstoqueService      : [ESTOQUE] Lendo VW_ECOMMERCE_ESTOQUE no banco de dados...
2026-09-04T00:31:00.088-03:00  INFO 22468 --- [ecommerce] [scheduling-1] c.d.e.s.SincronizacaoEstoqueService      : [ESTOQUE] Ciclo finalizado. Total de atualizações enviadas: 0
2026-09-04T00:32:00.000-03:00  INFO 22468 --- [ecommerce] [scheduling-1] c.d.e.service.SincronizacaoService       : Lendo VW_ECOMMERCE_PRECOS no banco de dados...
2026-09-04T00:32:00.091-03:00  INFO 22468 --- [ecommerce] [scheduling-1] c.d.e.service.SincronizacaoService       : Ciclo finalizado. Total de atualizações enviadas: 0
2026-09-04T00:32:00.091-03:00  INFO 22468 --- [ecommerce] [scheduling-1] c.d.e.s.SincronizacaoEstoqueService      : [ESTOQUE] Lendo VW_ECOMMERCE_ESTOQUE no banco de dados...
2026-09-04T00:32:00.116-03:00  INFO 22468 --- [ecommerce] [scheduling-1] c.d.e.s.SincronizacaoEstoqueService      : [ESTOQUE] Ciclo finalizado. Total de atualizações enviadas: 0
2026-09-04T00:33:00.000-03:00  INFO 22468 --- [ecommerce] [scheduling-1] c.d.e.service.SincronizacaoService       : Lendo VW_ECOMMERCE_PRECOS no banco de dados...
2026-09-04T00:33:00.142-03:00  INFO 22468 --- [ecommerce] [scheduling-1] c.d.e.service.SincronizacaoService       : Ciclo finalizado. Total de atualizações enviadas: 0
2026-09-04T00:33:00.142-03:00  INFO 22468 --- [ecommerce] [scheduling-1] c.d.e.s.SincronizacaoEstoqueService      : [ESTOQUE] Lendo VW_ECOMMERCE_ESTOQUE no banco de dados...
2026-09-04T00:33:00.190-03:00  INFO 22468 --- [ecommerce] [scheduling-1] c.d.e.s.SincronizacaoEstoqueService      : [ESTOQUE] Ciclo finalizado. Total de atualizações enviadas: 0
2026-09-04T00:34:00.000-03:00  INFO 22468 --- [ecommerce] [scheduling-1] c.d.e.service.SincronizacaoService       : Lendo VW_ECOMMERCE_PRECOS no banco de dados...
2026-09-04T00:34:00.049-03:00  INFO 22468 --- [ecommerce] [scheduling-1] c.d.e.service.SincronizacaoService       : Ciclo finalizado. Total de atualizações enviadas: 0
2026-09-04T00:34:00.049-03:00  INFO 22468 --- [ecommerce] [scheduling-1] c.d.e.s.SincronizacaoEstoqueService      : [ESTOQUE] Lendo VW_ECOMMERCE_ESTOQUE no banco de dados...
2026-09-04T00:34:00.076-03:00  INFO 22468 --- [ecommerce] [scheduling-1] c.d.e.s.SincronizacaoEstoqueService      : [ESTOQUE] Ciclo finalizado. Total de atualizações enviadas: 0
2026-09-04T00:35:00.000-03:00  INFO 22468 --- [ecommerce] [scheduling-1] c.d.e.service.SincronizacaoService       : Lendo VW_ECOMMERCE_PRECOS no banco de dados...
2026-09-04T00:35:00.104-03:00  INFO 22468 --- [ecommerce] [scheduling-1] c.d.e.service.SincronizacaoService       : Ciclo finalizado. Total de atualizações enviadas: 0
2026-09-04T00:35:00.105-03:00  INFO 22468 --- [ecommerce] [scheduling-1] c.d.e.s.SincronizacaoEstoqueService      : [ESTOQUE] Lendo VW_ECOMMERCE_ESTOQUE no banco de dados...
2026-09-04T00:35:00.124-03:00  INFO 22468 --- [ecommerce] [scheduling-1] c.d.e.s.SincronizacaoEstoqueService      : [ESTOQUE] Ciclo finalizado. Total de atualizações enviadas: 0
2026-09-04T00:36:00.001-03:00  INFO 22468 --- [ecommerce] [scheduling-1] c.d.e.service.SincronizacaoService       : Lendo VW_ECOMMERCE_PRECOS no banco de dados...
2026-09-04T00:36:00.053-03:00  INFO 22468 --- [ecommerce] [scheduling-1] c.d.e.service.SincronizacaoService       : Ciclo finalizado. Total de atualizações enviadas: 0
2026-09-04T00:36:00.053-03:00  INFO 22468 --- [ecommerce] [scheduling-1] c.d.e.s.SincronizacaoEstoqueService      : [ESTOQUE] Lendo VW_ECOMMERCE_ESTOQUE no banco de dados...
2026-09-04T00:36:00.085-03:00  INFO 22468 --- [ecommerce] [scheduling-1] c.d.e.s.SincronizacaoEstoqueService      : [ESTOQUE] Ciclo finalizado. Total de atualizações enviadas: 0
2026-09-04T00:37:00.001-03:00  INFO 22468 --- [ecommerce] [scheduling-1] c.d.e.service.SincronizacaoService       : Lendo VW_ECOMMERCE_PRECOS no banco de dados...
2026-09-04T00:37:00.112-03:00  INFO 22468 --- [ecommerce] [scheduling-1] c.d.e.service.SincronizacaoService       : Ciclo finalizado. Total de atualizações enviadas: 0
2026-09-04T00:37:00.112-03:00  INFO 22468 --- [ecommerce] [scheduling-1] c.d.e.s.SincronizacaoEstoqueService      : [ESTOQUE] Lendo VW_ECOMMERCE_ESTOQUE no banco de dados...
2026-09-04T00:37:00.146-03:00  INFO 22468 --- [ecommerce] [scheduling-1] c.d.e.s.SincronizacaoEstoqueService      : [ESTOQUE] Ciclo finalizado. Total de atualizações enviadas: 0
2026-09-04T00:37:59.999-03:00  INFO 22468 --- [ecommerce] [scheduling-1] c.d.e.service.SincronizacaoService       : Lendo VW_ECOMMERCE_PRECOS no banco de dados...
2026-09-04T00:38:00.052-03:00  INFO 22468 --- [ecommerce] [scheduling-1] c.d.e.service.SincronizacaoService       : Ciclo finalizado. Total de atualizações enviadas: 0
2026-09-04T00:38:00.052-03:00  INFO 22468 --- [ecommerce] [scheduling-1] c.d.e.s.SincronizacaoEstoqueService      : [ESTOQUE] Lendo VW_ECOMMERCE_ESTOQUE no banco de dados...
2026-09-04T00:38:00.078-03:00  INFO 22468 --- [ecommerce] [scheduling-1] c.d.e.s.SincronizacaoEstoqueService      : [ESTOQUE] Ciclo finalizado. Total de atualizações enviadas: 0
2026-09-04T00:39:00.000-03:00  INFO 22468 --- [ecommerce] [scheduling-1] c.d.e.s.SincronizacaoEstoqueService      : [ESTOQUE] Lendo VW_ECOMMERCE_ESTOQUE no banco de dados...
2026-09-04T00:39:00.066-03:00  INFO 22468 --- [ecommerce] [scheduling-1] c.d.e.s.SincronizacaoEstoqueService      : [ESTOQUE] Ciclo finalizado. Total de atualizações enviadas: 0
2026-09-04T00:39:00.068-03:00  INFO 22468 --- [ecommerce] [scheduling-1] c.d.e.service.SincronizacaoService       : Lendo VW_ECOMMERCE_PRECOS no banco de dados...
2026-09-04T00:39:00.115-03:00  INFO 22468 --- [ecommerce] [scheduling-1] c.d.e.service.SincronizacaoService       : Ciclo finalizado. Total de atualizações enviadas: 0
2026-09-04T00:39:59.999-03:00  INFO 22468 --- [ecommerce] [scheduling-1] c.d.e.s.SincronizacaoEstoqueService      : [ESTOQUE] Lendo VW_ECOMMERCE_ESTOQUE no banco de dados...
2026-09-04T00:40:00.078-03:00  INFO 22468 --- [ecommerce] [scheduling-1] c.d.e.s.SincronizacaoEstoqueService      : [ESTOQUE] Ciclo finalizado. Total de atualizações enviadas: 0
2026-09-04T00:40:00.078-03:00  INFO 22468 --- [ecommerce] [scheduling-1] c.d.e.service.SincronizacaoService       : Lendo VW_ECOMMERCE_PRECOS no banco de dados...
2026-09-04T00:40:00.124-03:00  INFO 22468 --- [ecommerce] [scheduling-1] c.d.e.service.SincronizacaoService       : Ciclo finalizado. Total de atualizações enviadas: 0
2026-09-04T00:41:00.000-03:00  INFO 22468 --- [ecommerce] [scheduling-1] c.d.e.service.SincronizacaoService       : Lendo VW_ECOMMERCE_PRECOS no banco de dados...
2026-09-04T00:41:00.100-03:00  INFO 22468 --- [ecommerce] [scheduling-1] c.d.e.service.SincronizacaoService       : Ciclo finalizado. Total de atualizações enviadas: 0
2026-09-04T00:41:00.100-03:00  INFO 22468 --- [ecommerce] [scheduling-1] c.d.e.s.SincronizacaoEstoqueService      : [ESTOQUE] Lendo VW_ECOMMERCE_ESTOQUE no banco de dados...
2026-09-04T00:41:00.128-03:00  INFO 22468 --- [ecommerce] [scheduling-1] c.d.e.s.SincronizacaoEstoqueService      : [ESTOQUE] Ciclo finalizado. Total de atualizações enviadas: 0
2026-09-04T00:42:00.001-03:00  INFO 22468 --- [ecommerce] [scheduling-1] c.d.e.service.SincronizacaoService       : Lendo VW_ECOMMERCE_PRECOS no banco de dados...
2026-09-04T00:42:00.102-03:00  INFO 22468 --- [ecommerce] [scheduling-1] c.d.e.service.SincronizacaoService       : Ciclo finalizado. Total de atualizações enviadas: 0
2026-09-04T00:42:00.102-03:00  INFO 22468 --- [ecommerce] [scheduling-1] c.d.e.s.SincronizacaoEstoqueService      : [ESTOQUE] Lendo VW_ECOMMERCE_ESTOQUE no banco de dados...
2026-09-04T00:42:00.131-03:00  INFO 22468 --- [ecommerce] [scheduling-1] c.d.e.s.SincronizacaoEstoqueService      : [ESTOQUE] Ciclo finalizado. Total de atualizações enviadas: 0
2026-09-04T00:43:00.000-03:00  INFO 22468 --- [ecommerce] [scheduling-1] c.d.e.s.SincronizacaoEstoqueService      : [ESTOQUE] Lendo VW_ECOMMERCE_ESTOQUE no banco de dados...
2026-09-04T00:43:00.040-03:00  INFO 22468 --- [ecommerce] [scheduling-1] c.d.e.s.SincronizacaoEstoqueService      : [ESTOQUE] Ciclo finalizado. Total de atualizações enviadas: 0
2026-09-04T00:43:00.040-03:00  INFO 22468 --- [ecommerce] [scheduling-1] c.d.e.service.SincronizacaoService       : Lendo VW_ECOMMERCE_PRECOS no banco de dados...
2026-09-04T00:43:00.086-03:00  INFO 22468 --- [ecommerce] [scheduling-1] c.d.e.service.SincronizacaoService       : Ciclo finalizado. Total de atualizações enviadas: 0
2026-09-04T00:43:59.999-03:00  INFO 22468 --- [ecommerce] [scheduling-1] c.d.e.service.SincronizacaoService       : Lendo VW_ECOMMERCE_PRECOS no banco de dados...
2026-09-04T00:44:00.062-03:00  INFO 22468 --- [ecommerce] [scheduling-1] c.d.e.service.SincronizacaoService       : Ciclo finalizado. Total de atualizações enviadas: 0
2026-09-04T00:44:00.062-03:00  INFO 22468 --- [ecommerce] [scheduling-1] c.d.e.s.SincronizacaoEstoqueService      : [ESTOQUE] Lendo VW_ECOMMERCE_ESTOQUE no banco de dados...
2026-09-04T00:44:00.086-03:00  INFO 22468 --- [ecommerce] [scheduling-1] c.d.e.s.SincronizacaoEstoqueService      : [ESTOQUE] Ciclo finalizado. Total de atualizações enviadas: 0
2026-09-04T00:45:00.000-03:00  INFO 22468 --- [ecommerce] [scheduling-1] c.d.e.service.SincronizacaoService       : Lendo VW_ECOMMERCE_PRECOS no banco de dados...
2026-09-04T00:45:00.098-03:00  INFO 22468 --- [ecommerce] [scheduling-1] c.d.e.service.SincronizacaoService       : Ciclo finalizado. Total de atualizações enviadas: 0
2026-09-04T00:45:00.098-03:00  INFO 22468 --- [ecommerce] [scheduling-1] c.d.e.s.SincronizacaoEstoqueService      : [ESTOQUE] Lendo VW_ECOMMERCE_ESTOQUE no banco de dados...
2026-09-04T00:45:00.125-03:00  INFO 22468 --- [ecommerce] [scheduling-1] c.d.e.s.SincronizacaoEstoqueService      : [ESTOQUE] Ciclo finalizado. Total de atualizações enviadas: 0
2026-09-04T00:46:00.000-03:00  INFO 22468 --- [ecommerce] [scheduling-1] c.d.e.service.SincronizacaoService       : Lendo VW_ECOMMERCE_PRECOS no banco de dados...
2026-09-04T00:46:00.073-03:00  INFO 22468 --- [ecommerce] [scheduling-1] c.d.e.service.SincronizacaoService       : Ciclo finalizado. Total de atualizações enviadas: 0
2026-09-04T00:46:00.073-03:00  INFO 22468 --- [ecommerce] [scheduling-1] c.d.e.s.SincronizacaoEstoqueService      : [ESTOQUE] Lendo VW_ECOMMERCE_ESTOQUE no banco de dados...
2026-09-04T00:46:00.108-03:00  INFO 22468 --- [ecommerce] [scheduling-1] c.d.e.s.SincronizacaoEstoqueService      : [ESTOQUE] Ciclo finalizado. Total de atualizações enviadas: 0
2026-09-04T00:47:00.000-03:00  INFO 22468 --- [ecommerce] [scheduling-1] c.d.e.s.SincronizacaoEstoqueService      : [ESTOQUE] Lendo VW_ECOMMERCE_ESTOQUE no banco de dados...
2026-09-04T00:47:00.089-03:00  INFO 22468 --- [ecommerce] [scheduling-1] c.d.e.s.SincronizacaoEstoqueService      : [ESTOQUE] Ciclo finalizado. Total de atualizações enviadas: 0
2026-09-04T00:47:00.089-03:00  INFO 22468 --- [ecommerce] [scheduling-1] c.d.e.service.SincronizacaoService       : Lendo VW_ECOMMERCE_PRECOS no banco de dados...
2026-09-04T00:47:00.135-03:00  INFO 22468 --- [ecommerce] [scheduling-1] c.d.e.service.SincronizacaoService       : Ciclo finalizado. Total de atualizações enviadas: 0
2026-09-04T00:48:00.000-03:00  INFO 22468 --- [ecommerce] [scheduling-1] c.d.e.s.SincronizacaoEstoqueService      : [ESTOQUE] Lendo VW_ECOMMERCE_ESTOQUE no banco de dados...
2026-09-04T00:48:00.059-03:00  INFO 22468 --- [ecommerce] [scheduling-1] c.d.e.s.SincronizacaoEstoqueService      : [ESTOQUE] Ciclo finalizado. Total de atualizações enviadas: 0
2026-09-04T00:48:00.059-03:00  INFO 22468 --- [ecommerce] [scheduling-1] c.d.e.service.SincronizacaoService       : Lendo VW_ECOMMERCE_PRECOS no banco de dados...
2026-09-04T00:48:00.103-03:00  INFO 22468 --- [ecommerce] [scheduling-1] c.d.e.service.SincronizacaoService       : Ciclo finalizado. Total de atualizações enviadas: 0
2026-09-04T00:49:00.000-03:00  INFO 22468 --- [ecommerce] [scheduling-1] c.d.e.service.SincronizacaoService       : Lendo VW_ECOMMERCE_PRECOS no banco de dados...
2026-09-04T00:49:00.053-03:00  INFO 22468 --- [ecommerce] [scheduling-1] c.d.e.service.SincronizacaoService       : Ciclo finalizado. Total de atualizações enviadas: 0
2026-09-04T00:49:00.053-03:00  INFO 22468 --- [ecommerce] [scheduling-1] c.d.e.s.SincronizacaoEstoqueService      : [ESTOQUE] Lendo VW_ECOMMERCE_ESTOQUE no banco de dados...
2026-09-04T00:49:00.086-03:00  INFO 22468 --- [ecommerce] [scheduling-1] c.d.e.s.SincronizacaoEstoqueService      : [ESTOQUE] Ciclo finalizado. Total de atualizações enviadas: 0
2026-09-04T00:49:59.999-03:00  INFO 22468 --- [ecommerce] [scheduling-1] c.d.e.service.SincronizacaoService       : Lendo VW_ECOMMERCE_PRECOS no banco de dados...
2026-09-04T00:50:00.051-03:00  INFO 22468 --- [ecommerce] [scheduling-1] c.d.e.service.SincronizacaoService       : Ciclo finalizado. Total de atualizações enviadas: 0
2026-09-04T00:50:00.051-03:00  INFO 22468 --- [ecommerce] [scheduling-1] c.d.e.s.SincronizacaoEstoqueService      : [ESTOQUE] Lendo VW_ECOMMERCE_ESTOQUE no banco de dados...
2026-09-04T00:50:00.086-03:00  INFO 22468 --- [ecommerce] [scheduling-1] c.d.e.s.SincronizacaoEstoqueService      : [ESTOQUE] Ciclo finalizado. Total de atualizações enviadas: 0
2026-09-04T00:51:00.001-03:00  INFO 22468 --- [ecommerce] [scheduling-1] c.d.e.s.SincronizacaoEstoqueService      : [ESTOQUE] Lendo VW_ECOMMERCE_ESTOQUE no banco de dados...
2026-09-04T00:51:00.077-03:00  INFO 22468 --- [ecommerce] [scheduling-1] c.d.e.s.SincronizacaoEstoqueService      : [ESTOQUE] Ciclo finalizado. Total de atualizações enviadas: 0
2026-09-04T00:51:00.077-03:00  INFO 22468 --- [ecommerce] [scheduling-1] c.d.e.service.SincronizacaoService       : Lendo VW_ECOMMERCE_PRECOS no banco de dados...
2026-09-04T00:51:00.123-03:00  INFO 22468 --- [ecommerce] [scheduling-1] c.d.e.service.SincronizacaoService       : Ciclo finalizado. Total de atualizações enviadas: 0
2026-09-04T00:52:00.002-03:00  INFO 22468 --- [ecommerce] [scheduling-1] c.d.e.service.SincronizacaoService       : Lendo VW_ECOMMERCE_PRECOS no banco de dados...
2026-09-04T00:52:00.062-03:00  INFO 22468 --- [ecommerce] [scheduling-1] c.d.e.service.SincronizacaoService       : Ciclo finalizado. Total de atualizações enviadas: 0
2026-09-04T00:52:00.063-03:00  INFO 22468 --- [ecommerce] [scheduling-1] c.d.e.s.SincronizacaoEstoqueService      : [ESTOQUE] Lendo VW_ECOMMERCE_ESTOQUE no banco de dados...
2026-09-04T00:52:00.091-03:00  INFO 22468 --- [ecommerce] [scheduling-1] c.d.e.s.SincronizacaoEstoqueService      : [ESTOQUE] Ciclo finalizado. Total de atualizações enviadas: 0
2026-09-04T00:53:00.000-03:00  INFO 22468 --- [ecommerce] [scheduling-1] c.d.e.service.SincronizacaoService       : Lendo VW_ECOMMERCE_PRECOS no banco de dados...
2026-09-04T00:53:00.084-03:00  INFO 22468 --- [ecommerce] [scheduling-1] c.d.e.service.SincronizacaoService       : Ciclo finalizado. Total de atualizações enviadas: 0
2026-09-04T00:53:00.084-03:00  INFO 22468 --- [ecommerce] [scheduling-1] c.d.e.s.SincronizacaoEstoqueService      : [ESTOQUE] Lendo VW_ECOMMERCE_ESTOQUE no banco de dados...
2026-09-04T00:53:00.115-03:00  INFO 22468 --- [ecommerce] [scheduling-1] c.d.e.s.SincronizacaoEstoqueService      : [ESTOQUE] Ciclo finalizado. Total de atualizações enviadas: 0
2026-09-04T00:54:00.000-03:00  INFO 22468 --- [ecommerce] [scheduling-1] c.d.e.service.SincronizacaoService       : Lendo VW_ECOMMERCE_PRECOS no banco de dados...
2026-09-04T00:54:00.086-03:00  INFO 22468 --- [ecommerce] [scheduling-1] c.d.e.service.SincronizacaoService       : Ciclo finalizado. Total de atualizações enviadas: 0
2026-09-04T00:54:00.086-03:00  INFO 22468 --- [ecommerce] [scheduling-1] c.d.e.s.SincronizacaoEstoqueService      : [ESTOQUE] Lendo VW_ECOMMERCE_ESTOQUE no banco de dados...
2026-09-04T00:54:00.115-03:00  INFO 22468 --- [ecommerce] [scheduling-1] c.d.e.s.SincronizacaoEstoqueService      : [ESTOQUE] Ciclo finalizado. Total de atualizações enviadas: 0
2026-09-04T00:55:00.000-03:00  INFO 22468 --- [ecommerce] [scheduling-1] c.d.e.s.SincronizacaoEstoqueService      : [ESTOQUE] Lendo VW_ECOMMERCE_ESTOQUE no banco de dados...
2026-09-04T00:55:00.073-03:00  INFO 22468 --- [ecommerce] [scheduling-1] c.d.e.s.SincronizacaoEstoqueService      : [ESTOQUE] Ciclo finalizado. Total de atualizações enviadas: 0
2026-09-04T00:55:00.073-03:00  INFO 22468 --- [ecommerce] [scheduling-1] c.d.e.service.SincronizacaoService       : Lendo VW_ECOMMERCE_PRECOS no banco de dados...
2026-09-04T00:55:00.131-03:00  INFO 22468 --- [ecommerce] [scheduling-1] c.d.e.service.SincronizacaoService       : Ciclo finalizado. Total de atualizações enviadas: 0
2026-09-04T00:56:00.000-03:00  INFO 22468 --- [ecommerce] [scheduling-1] c.d.e.service.SincronizacaoService       : Lendo VW_ECOMMERCE_PRECOS no banco de dados...
2026-09-04T00:56:00.083-03:00  INFO 22468 --- [ecommerce] [scheduling-1] c.d.e.service.SincronizacaoService       : Ciclo finalizado. Total de atualizações enviadas: 0
2026-09-04T00:56:00.084-03:00  INFO 22468 --- [ecommerce] [scheduling-1] c.d.e.s.SincronizacaoEstoqueService      : [ESTOQUE] Lendo VW_ECOMMERCE_ESTOQUE no banco de dados...
2026-09-04T00:56:00.116-03:00  INFO 22468 --- [ecommerce] [scheduling-1] c.d.e.s.SincronizacaoEstoqueService      : [ESTOQUE] Ciclo finalizado. Total de atualizações enviadas: 0
2026-09-04T00:57:00.000-03:00  INFO 22468 --- [ecommerce] [scheduling-1] c.d.e.service.SincronizacaoService       : Lendo VW_ECOMMERCE_PRECOS no banco de dados...
2026-09-04T00:57:00.077-03:00  INFO 22468 --- [ecommerce] [scheduling-1] c.d.e.service.SincronizacaoService       : Ciclo finalizado. Total de atualizações enviadas: 0
2026-09-04T00:57:00.077-03:00  INFO 22468 --- [ecommerce] [scheduling-1] c.d.e.s.SincronizacaoEstoqueService      : [ESTOQUE] Lendo VW_ECOMMERCE_ESTOQUE no banco de dados...
2026-09-04T00:57:00.107-03:00  INFO 22468 --- [ecommerce] [scheduling-1] c.d.e.s.SincronizacaoEstoqueService      : [ESTOQUE] Ciclo finalizado. Total de atualizações enviadas: 0
2026-09-04T00:58:00.000-03:00  INFO 22468 --- [ecommerce] [scheduling-1] c.d.e.service.SincronizacaoService       : Lendo VW_ECOMMERCE_PRECOS no banco de dados...
2026-09-04T00:58:00.082-03:00  INFO 22468 --- [ecommerce] [scheduling-1] c.d.e.service.SincronizacaoService       : Ciclo finalizado. Total de atualizações enviadas: 0
2026-09-04T00:58:00.083-03:00  INFO 22468 --- [ecommerce] [scheduling-1] c.d.e.s.SincronizacaoEstoqueService      : [ESTOQUE] Lendo VW_ECOMMERCE_ESTOQUE no banco de dados...
2026-09-04T00:58:00.108-03:00  INFO 22468 --- [ecommerce] [scheduling-1] c.d.e.s.SincronizacaoEstoqueService      : [ESTOQUE] Ciclo finalizado. Total de atualizações enviadas: 0
2026-09-04T00:59:00.001-03:00  INFO 22468 --- [ecommerce] [scheduling-1] c.d.e.service.SincronizacaoService       : Lendo VW_ECOMMERCE_PRECOS no banco de dados...
2026-09-04T00:59:00.094-03:00  INFO 22468 --- [ecommerce] [scheduling-1] c.d.e.service.SincronizacaoService       : Ciclo finalizado. Total de atualizações enviadas: 0
2026-09-04T00:59:00.094-03:00  INFO 22468 --- [ecommerce] [scheduling-1] c.d.e.s.SincronizacaoEstoqueService      : [ESTOQUE] Lendo VW_ECOMMERCE_ESTOQUE no banco de dados...
2026-09-04T00:59:00.117-03:00  INFO 22468 --- [ecommerce] [scheduling-1] c.d.e.s.SincronizacaoEstoqueService      : [ESTOQUE] Ciclo finalizado. Total de atualizações enviadas: 0
2026-09-04T01:00:00.000-03:00  INFO 22468 --- [ecommerce] [scheduling-1] c.d.e.service.SincronizacaoService       : Lendo VW_ECOMMERCE_PRECOS no banco de dados...
2026-09-04T01:00:00.092-03:00  INFO 22468 --- [ecommerce] [scheduling-1] c.d.e.service.SincronizacaoService       : Ciclo finalizado. Total de atualizações enviadas: 0
2026-09-04T01:00:00.093-03:00  INFO 22468 --- [ecommerce] [scheduling-1] c.d.e.s.SincronizacaoEstoqueService      : [ESTOQUE] Lendo VW_ECOMMERCE_ESTOQUE no banco de dados...
2026-09-04T01:00:00.126-03:00  INFO 22468 --- [ecommerce] [scheduling-1] c.d.e.s.SincronizacaoEstoqueService      : [ESTOQUE] Ciclo finalizado. Total de atualizações enviadas: 0
2026-09-04T01:01:00.000-03:00  INFO 22468 --- [ecommerce] [scheduling-1] c.d.e.service.SincronizacaoService       : Lendo VW_ECOMMERCE_PRECOS no banco de dados...
2026-09-04T01:01:00.081-03:00  INFO 22468 --- [ecommerce] [scheduling-1] c.d.e.service.SincronizacaoService       : Ciclo finalizado. Total de atualizações enviadas: 0
2026-09-04T01:01:00.082-03:00  INFO 22468 --- [ecommerce] [scheduling-1] c.d.e.s.SincronizacaoEstoqueService      : [ESTOQUE] Lendo VW_ECOMMERCE_ESTOQUE no banco de dados...
2026-09-04T01:01:00.118-03:00  INFO 22468 --- [ecommerce] [scheduling-1] c.d.e.s.SincronizacaoEstoqueService      : [ESTOQUE] Ciclo finalizado. Total de atualizações enviadas: 0
2026-09-04T01:02:00.000-03:00  INFO 22468 --- [ecommerce] [scheduling-1] c.d.e.service.SincronizacaoService       : Lendo VW_ECOMMERCE_PRECOS no banco de dados...
2026-09-04T01:02:00.125-03:00  INFO 22468 --- [ecommerce] [scheduling-1] c.d.e.service.SincronizacaoService       : Ciclo finalizado. Total de atualizações enviadas: 0
2026-09-04T01:02:00.125-03:00  INFO 22468 --- [ecommerce] [scheduling-1] c.d.e.s.SincronizacaoEstoqueService      : [ESTOQUE] Lendo VW_ECOMMERCE_ESTOQUE no banco de dados...
2026-09-04T01:02:00.167-03:00  INFO 22468 --- [ecommerce] [scheduling-1] c.d.e.s.SincronizacaoEstoqueService      : [ESTOQUE] Ciclo finalizado. Total de atualizações enviadas: 0
2026-09-04T01:03:00.000-03:00  INFO 22468 --- [ecommerce] [scheduling-1] c.d.e.service.SincronizacaoService       : Lendo VW_ECOMMERCE_PRECOS no banco de dados...
2026-09-04T01:03:00.055-03:00  INFO 22468 --- [ecommerce] [scheduling-1] c.d.e.service.SincronizacaoService       : Ciclo finalizado. Total de atualizações enviadas: 0
2026-09-04T01:03:00.056-03:00  INFO 22468 --- [ecommerce] [scheduling-1] c.d.e.s.SincronizacaoEstoqueService      : [ESTOQUE] Lendo VW_ECOMMERCE_ESTOQUE no banco de dados...
2026-09-04T01:03:00.089-03:00  INFO 22468 --- [ecommerce] [scheduling-1] c.d.e.s.SincronizacaoEstoqueService      : [ESTOQUE] Ciclo finalizado. Total de atualizações enviadas: 0
2026-09-04T01:03:59.999-03:00  INFO 22468 --- [ecommerce] [scheduling-1] c.d.e.service.SincronizacaoService       : Lendo VW_ECOMMERCE_PRECOS no banco de dados...
2026-09-04T01:04:00.136-03:00  INFO 22468 --- [ecommerce] [scheduling-1] c.d.e.service.SincronizacaoService       : Ciclo finalizado. Total de atualizações enviadas: 0
2026-09-04T01:04:00.136-03:00  INFO 22468 --- [ecommerce] [scheduling-1] c.d.e.s.SincronizacaoEstoqueService      : [ESTOQUE] Lendo VW_ECOMMERCE_ESTOQUE no banco de dados...
2026-09-04T01:04:00.160-03:00  INFO 22468 --- [ecommerce] [scheduling-1] c.d.e.s.SincronizacaoEstoqueService      : [ESTOQUE] Ciclo finalizado. Total de atualizações enviadas: 0
2026-09-04T01:05:00.000-03:00  INFO 22468 --- [ecommerce] [scheduling-1] c.d.e.service.SincronizacaoService       : Lendo VW_ECOMMERCE_PRECOS no banco de dados...
2026-09-04T01:05:00.095-03:00  INFO 22468 --- [ecommerce] [scheduling-1] c.d.e.service.SincronizacaoService       : Ciclo finalizado. Total de atualizações enviadas: 0
2026-09-04T01:05:00.095-03:00  INFO 22468 --- [ecommerce] [scheduling-1] c.d.e.s.SincronizacaoEstoqueService      : [ESTOQUE] Lendo VW_ECOMMERCE_ESTOQUE no banco de dados...
2026-09-04T01:05:00.117-03:00  INFO 22468 --- [ecommerce] [scheduling-1] c.d.e.s.SincronizacaoEstoqueService      : [ESTOQUE] Ciclo finalizado. Total de atualizações enviadas: 0
2026-09-04T01:06:00.002-03:00  INFO 22468 --- [ecommerce] [scheduling-1] c.d.e.service.SincronizacaoService       : Lendo VW_ECOMMERCE_PRECOS no banco de dados...
2026-09-04T01:06:00.096-03:00  INFO 22468 --- [ecommerce] [scheduling-1] c.d.e.service.SincronizacaoService       : Ciclo finalizado. Total de atualizações enviadas: 0
2026-09-04T01:06:00.096-03:00  INFO 22468 --- [ecommerce] [scheduling-1] c.d.e.s.SincronizacaoEstoqueService      : [ESTOQUE] Lendo VW_ECOMMERCE_ESTOQUE no banco de dados...
2026-09-04T01:06:00.121-03:00  INFO 22468 --- [ecommerce] [scheduling-1] c.d.e.s.SincronizacaoEstoqueService      : [ESTOQUE] Ciclo finalizado. Total de atualizações enviadas: 0
2026-09-04T01:07:00.000-03:00  INFO 22468 --- [ecommerce] [scheduling-1] c.d.e.s.SincronizacaoEstoqueService      : [ESTOQUE] Lendo VW_ECOMMERCE_ESTOQUE no banco de dados...
2026-09-04T01:07:00.066-03:00  INFO 22468 --- [ecommerce] [scheduling-1] c.d.e.s.SincronizacaoEstoqueService      : [ESTOQUE] Ciclo finalizado. Total de atualizações enviadas: 0
2026-09-04T01:07:00.067-03:00  INFO 22468 --- [ecommerce] [scheduling-1] c.d.e.service.SincronizacaoService       : Lendo VW_ECOMMERCE_PRECOS no banco de dados...
2026-09-04T01:07:00.118-03:00  INFO 22468 --- [ecommerce] [scheduling-1] c.d.e.service.SincronizacaoService       : Ciclo finalizado. Total de atualizações enviadas: 0
2026-09-04T01:08:00.000-03:00  INFO 22468 --- [ecommerce] [scheduling-1] c.d.e.service.SincronizacaoService       : Lendo VW_ECOMMERCE_PRECOS no banco de dados...
2026-09-04T01:08:00.053-03:00  INFO 22468 --- [ecommerce] [scheduling-1] c.d.e.service.SincronizacaoService       : Ciclo finalizado. Total de atualizações enviadas: 0
2026-09-04T01:08:00.053-03:00  INFO 22468 --- [ecommerce] [scheduling-1] c.d.e.s.SincronizacaoEstoqueService      : [ESTOQUE] Lendo VW_ECOMMERCE_ESTOQUE no banco de dados...
2026-09-04T01:08:00.074-03:00  INFO 22468 --- [ecommerce] [scheduling-1] c.d.e.s.SincronizacaoEstoqueService      : [ESTOQUE] Ciclo finalizado. Total de atualizações enviadas: 0
2026-09-04T01:09:00.000-03:00  INFO 22468 --- [ecommerce] [scheduling-1] c.d.e.s.SincronizacaoEstoqueService      : [ESTOQUE] Lendo VW_ECOMMERCE_ESTOQUE no banco de dados...
2026-09-04T01:09:00.088-03:00  INFO 22468 --- [ecommerce] [scheduling-1] c.d.e.s.SincronizacaoEstoqueService      : [ESTOQUE] Ciclo finalizado. Total de atualizações enviadas: 0
2026-09-04T01:09:00.088-03:00  INFO 22468 --- [ecommerce] [scheduling-1] c.d.e.service.SincronizacaoService       : Lendo VW_ECOMMERCE_PRECOS no banco de dados...
2026-09-04T01:09:00.134-03:00  INFO 22468 --- [ecommerce] [scheduling-1] c.d.e.service.SincronizacaoService       : Ciclo finalizado. Total de atualizações enviadas: 0
2026-09-04T01:10:00.000-03:00  INFO 22468 --- [ecommerce] [scheduling-1] c.d.e.s.SincronizacaoEstoqueService      : [ESTOQUE] Lendo VW_ECOMMERCE_ESTOQUE no banco de dados...
2026-09-04T01:10:00.030-03:00  INFO 22468 --- [ecommerce] [scheduling-1] c.d.e.s.SincronizacaoEstoqueService      : [ESTOQUE] Ciclo finalizado. Total de atualizações enviadas: 0
2026-09-04T01:10:00.030-03:00  INFO 22468 --- [ecommerce] [scheduling-1] c.d.e.service.SincronizacaoService       : Lendo VW_ECOMMERCE_PRECOS no banco de dados...
2026-09-04T01:10:00.079-03:00  INFO 22468 --- [ecommerce] [scheduling-1] c.d.e.service.SincronizacaoService       : Ciclo finalizado. Total de atualizações enviadas: 0
2026-09-04T01:11:00.000-03:00  INFO 22468 --- [ecommerce] [scheduling-1] c.d.e.service.SincronizacaoService       : Lendo VW_ECOMMERCE_PRECOS no banco de dados...
2026-09-04T01:11:00.055-03:00  INFO 22468 --- [ecommerce] [scheduling-1] c.d.e.service.SincronizacaoService       : Ciclo finalizado. Total de atualizações enviadas: 0
2026-09-04T01:11:00.055-03:00  INFO 22468 --- [ecommerce] [scheduling-1] c.d.e.s.SincronizacaoEstoqueService      : [ESTOQUE] Lendo VW_ECOMMERCE_ESTOQUE no banco de dados...
2026-09-04T01:11:00.087-03:00  INFO 22468 --- [ecommerce] [scheduling-1] c.d.e.s.SincronizacaoEstoqueService      : [ESTOQUE] Ciclo finalizado. Total de atualizações enviadas: 0
2026-09-04T01:12:00.000-03:00  INFO 22468 --- [ecommerce] [scheduling-1] c.d.e.s.SincronizacaoEstoqueService      : [ESTOQUE] Lendo VW_ECOMMERCE_ESTOQUE no banco de dados...
2026-09-04T01:12:00.049-03:00  INFO 22468 --- [ecommerce] [scheduling-1] c.d.e.s.SincronizacaoEstoqueService      : [ESTOQUE] Ciclo finalizado. Total de atualizações enviadas: 0
2026-09-04T01:12:00.049-03:00  INFO 22468 --- [ecommerce] [scheduling-1] c.d.e.service.SincronizacaoService       : Lendo VW_ECOMMERCE_PRECOS no banco de dados...
2026-09-04T01:12:00.097-03:00  INFO 22468 --- [ecommerce] [scheduling-1] c.d.e.service.SincronizacaoService       : Ciclo finalizado. Total de atualizações enviadas: 0
2026-09-04T01:13:00.000-03:00  INFO 22468 --- [ecommerce] [scheduling-1] c.d.e.s.SincronizacaoEstoqueService      : [ESTOQUE] Lendo VW_ECOMMERCE_ESTOQUE no banco de dados...
2026-09-04T01:13:00.080-03:00  INFO 22468 --- [ecommerce] [scheduling-1] c.d.e.s.SincronizacaoEstoqueService      : [ESTOQUE] Ciclo finalizado. Total de atualizações enviadas: 0
2026-09-04T01:13:00.080-03:00  INFO 22468 --- [ecommerce] [scheduling-1] c.d.e.service.SincronizacaoService       : Lendo VW_ECOMMERCE_PRECOS no banco de dados...
2026-09-04T01:13:00.131-03:00  INFO 22468 --- [ecommerce] [scheduling-1] c.d.e.service.SincronizacaoService       : Ciclo finalizado. Total de atualizações enviadas: 0
2026-09-04T01:14:00.000-03:00  INFO 22468 --- [ecommerce] [scheduling-1] c.d.e.s.SincronizacaoEstoqueService      : [ESTOQUE] Lendo VW_ECOMMERCE_ESTOQUE no banco de dados...
2026-09-04T01:14:00.075-03:00  INFO 22468 --- [ecommerce] [scheduling-1] c.d.e.s.SincronizacaoEstoqueService      : [ESTOQUE] Ciclo finalizado. Total de atualizações enviadas: 0
2026-09-04T01:14:00.075-03:00  INFO 22468 --- [ecommerce] [scheduling-1] c.d.e.service.SincronizacaoService       : Lendo VW_ECOMMERCE_PRECOS no banco de dados...
2026-09-04T01:14:00.174-03:00  INFO 22468 --- [ecommerce] [scheduling-1] c.d.e.service.SincronizacaoService       : Ciclo finalizado. Total de atualizações enviadas: 0
2026-09-04T01:15:00.000-03:00  INFO 22468 --- [ecommerce] [scheduling-1] c.d.e.service.SincronizacaoService       : Lendo VW_ECOMMERCE_PRECOS no banco de dados...
2026-09-04T01:15:00.082-03:00  INFO 22468 --- [ecommerce] [scheduling-1] c.d.e.service.SincronizacaoService       : Ciclo finalizado. Total de atualizações enviadas: 0
2026-09-04T01:15:00.082-03:00  INFO 22468 --- [ecommerce] [scheduling-1] c.d.e.s.SincronizacaoEstoqueService      : [ESTOQUE] Lendo VW_ECOMMERCE_ESTOQUE no banco de dados...
2026-09-04T01:15:00.111-03:00  INFO 22468 --- [ecommerce] [scheduling-1] c.d.e.s.SincronizacaoEstoqueService      : [ESTOQUE] Ciclo finalizado. Total de atualizações enviadas: 0
2026-09-04T01:16:00.000-03:00  INFO 22468 --- [ecommerce] [scheduling-1] c.d.e.service.SincronizacaoService       : Lendo VW_ECOMMERCE_PRECOS no banco de dados...
2026-09-04T01:16:00.055-03:00  INFO 22468 --- [ecommerce] [scheduling-1] c.d.e.service.SincronizacaoService       : Ciclo finalizado. Total de atualizações enviadas: 0
2026-09-04T01:16:00.055-03:00  INFO 22468 --- [ecommerce] [scheduling-1] c.d.e.s.SincronizacaoEstoqueService      : [ESTOQUE] Lendo VW_ECOMMERCE_ESTOQUE no banco de dados...
2026-09-04T01:16:00.086-03:00  INFO 22468 --- [ecommerce] [scheduling-1] c.d.e.s.SincronizacaoEstoqueService      : [ESTOQUE] Ciclo finalizado. Total de atualizações enviadas: 0
2026-09-04T01:16:59.999-03:00  INFO 22468 --- [ecommerce] [scheduling-1] c.d.e.s.SincronizacaoEstoqueService      : [ESTOQUE] Lendo VW_ECOMMERCE_ESTOQUE no banco de dados...
2026-09-04T01:17:00.092-03:00  INFO 22468 --- [ecommerce] [scheduling-1] c.d.e.s.SincronizacaoEstoqueService      : [ESTOQUE] Ciclo finalizado. Total de atualizações enviadas: 0
2026-09-04T01:17:00.092-03:00  INFO 22468 --- [ecommerce] [scheduling-1] c.d.e.service.SincronizacaoService       : Lendo VW_ECOMMERCE_PRECOS no banco de dados...
2026-09-04T01:17:00.143-03:00  INFO 22468 --- [ecommerce] [scheduling-1] c.d.e.service.SincronizacaoService       : Ciclo finalizado. Total de atualizações enviadas: 0
2026-09-04T01:18:00.000-03:00  INFO 22468 --- [ecommerce] [scheduling-1] c.d.e.service.SincronizacaoService       : Lendo VW_ECOMMERCE_PRECOS no banco de dados...
2026-09-04T01:18:00.092-03:00  INFO 22468 --- [ecommerce] [scheduling-1] c.d.e.service.SincronizacaoService       : Ciclo finalizado. Total de atualizações enviadas: 0
2026-09-04T01:18:00.092-03:00  INFO 22468 --- [ecommerce] [scheduling-1] c.d.e.s.SincronizacaoEstoqueService      : [ESTOQUE] Lendo VW_ECOMMERCE_ESTOQUE no banco de dados...
2026-09-04T01:18:00.122-03:00  INFO 22468 --- [ecommerce] [scheduling-1] c.d.e.s.SincronizacaoEstoqueService      : [ESTOQUE] Ciclo finalizado. Total de atualizações enviadas: 0
2026-09-04T01:19:00.000-03:00  INFO 22468 --- [ecommerce] [scheduling-1] c.d.e.service.SincronizacaoService       : Lendo VW_ECOMMERCE_PRECOS no banco de dados...
2026-09-04T01:19:00.054-03:00  INFO 22468 --- [ecommerce] [scheduling-1] c.d.e.service.SincronizacaoService       : Ciclo finalizado. Total de atualizações enviadas: 0
2026-09-04T01:19:00.054-03:00  INFO 22468 --- [ecommerce] [scheduling-1] c.d.e.s.SincronizacaoEstoqueService      : [ESTOQUE] Lendo VW_ECOMMERCE_ESTOQUE no banco de dados...
2026-09-04T01:19:00.088-03:00  INFO 22468 --- [ecommerce] [scheduling-1] c.d.e.s.SincronizacaoEstoqueService      : [ESTOQUE] Ciclo finalizado. Total de atualizações enviadas: 0
2026-09-04T01:20:00.001-03:00  INFO 22468 --- [ecommerce] [scheduling-1] c.d.e.s.SincronizacaoEstoqueService      : [ESTOQUE] Lendo VW_ECOMMERCE_ESTOQUE no banco de dados...
2026-09-04T01:20:00.087-03:00  INFO 22468 --- [ecommerce] [scheduling-1] c.d.e.s.SincronizacaoEstoqueService      : [ESTOQUE] Ciclo finalizado. Total de atualizações enviadas: 0
2026-09-04T01:20:00.088-03:00  INFO 22468 --- [ecommerce] [scheduling-1] c.d.e.service.SincronizacaoService       : Lendo VW_ECOMMERCE_PRECOS no banco de dados...
2026-09-04T01:20:00.137-03:00  INFO 22468 --- [ecommerce] [scheduling-1] c.d.e.service.SincronizacaoService       : Ciclo finalizado. Total de atualizações enviadas: 0
2026-09-04T01:21:00.000-03:00  INFO 22468 --- [ecommerce] [scheduling-1] c.d.e.s.SincronizacaoEstoqueService      : [ESTOQUE] Lendo VW_ECOMMERCE_ESTOQUE no banco de dados...
2026-09-04T01:21:00.038-03:00  INFO 22468 --- [ecommerce] [scheduling-1] c.d.e.s.SincronizacaoEstoqueService      : [ESTOQUE] Ciclo finalizado. Total de atualizações enviadas: 0
2026-09-04T01:21:00.038-03:00  INFO 22468 --- [ecommerce] [scheduling-1] c.d.e.service.SincronizacaoService       : Lendo VW_ECOMMERCE_PRECOS no banco de dados...
2026-09-04T01:21:00.091-03:00  INFO 22468 --- [ecommerce] [scheduling-1] c.d.e.service.SincronizacaoService       : Ciclo finalizado. Total de atualizações enviadas: 0
2026-09-04T01:22:00.000-03:00  INFO 22468 --- [ecommerce] [scheduling-1] c.d.e.service.SincronizacaoService       : Lendo VW_ECOMMERCE_PRECOS no banco de dados...
2026-09-04T01:22:00.090-03:00  INFO 22468 --- [ecommerce] [scheduling-1] c.d.e.service.SincronizacaoService       : Ciclo finalizado. Total de atualizações enviadas: 0
2026-09-04T01:22:00.090-03:00  INFO 22468 --- [ecommerce] [scheduling-1] c.d.e.s.SincronizacaoEstoqueService      : [ESTOQUE] Lendo VW_ECOMMERCE_ESTOQUE no banco de dados...
2026-09-04T01:22:00.121-03:00  INFO 22468 --- [ecommerce] [scheduling-1] c.d.e.s.SincronizacaoEstoqueService      : [ESTOQUE] Ciclo finalizado. Total de atualizações enviadas: 0
2026-09-04T01:23:00.000-03:00  INFO 22468 --- [ecommerce] [scheduling-1] c.d.e.s.SincronizacaoEstoqueService      : [ESTOQUE] Lendo VW_ECOMMERCE_ESTOQUE no banco de dados...
2026-09-04T01:23:00.056-03:00  INFO 22468 --- [ecommerce] [scheduling-1] c.d.e.s.SincronizacaoEstoqueService      : [ESTOQUE] Ciclo finalizado. Total de atualizações enviadas: 0
2026-09-04T01:23:00.056-03:00  INFO 22468 --- [ecommerce] [scheduling-1] c.d.e.service.SincronizacaoService       : Lendo VW_ECOMMERCE_PRECOS no banco de dados...
2026-09-04T01:23:00.142-03:00  INFO 22468 --- [ecommerce] [scheduling-1] c.d.e.service.SincronizacaoService       : Ciclo finalizado. Total de atualizações enviadas: 0
2026-09-04T01:24:00.000-03:00  INFO 22468 --- [ecommerce] [scheduling-1] c.d.e.s.SincronizacaoEstoqueService      : [ESTOQUE] Lendo VW_ECOMMERCE_ESTOQUE no banco de dados...
2026-09-04T01:24:00.093-03:00  INFO 22468 --- [ecommerce] [scheduling-1] c.d.e.s.SincronizacaoEstoqueService      : [ESTOQUE] Ciclo finalizado. Total de atualizações enviadas: 0
2026-09-04T01:24:00.093-03:00  INFO 22468 --- [ecommerce] [scheduling-1] c.d.e.service.SincronizacaoService       : Lendo VW_ECOMMERCE_PRECOS no banco de dados...
2026-09-04T01:24:00.149-03:00  INFO 22468 --- [ecommerce] [scheduling-1] c.d.e.service.SincronizacaoService       : Ciclo finalizado. Total de atualizações enviadas: 0
2026-09-04T01:24:59.999-03:00  INFO 22468 --- [ecommerce] [scheduling-1] c.d.e.service.SincronizacaoService       : Lendo VW_ECOMMERCE_PRECOS no banco de dados...
2026-09-04T01:25:00.066-03:00  INFO 22468 --- [ecommerce] [scheduling-1] c.d.e.service.SincronizacaoService       : Ciclo finalizado. Total de atualizações enviadas: 0
2026-09-04T01:25:00.066-03:00  INFO 22468 --- [ecommerce] [scheduling-1] c.d.e.s.SincronizacaoEstoqueService      : [ESTOQUE] Lendo VW_ECOMMERCE_ESTOQUE no banco de dados...
2026-09-04T01:25:00.099-03:00  INFO 22468 --- [ecommerce] [scheduling-1] c.d.e.s.SincronizacaoEstoqueService      : [ESTOQUE] Ciclo finalizado. Total de atualizações enviadas: 0
2026-09-04T01:26:00.000-03:00  INFO 22468 --- [ecommerce] [scheduling-1] c.d.e.service.SincronizacaoService       : Lendo VW_ECOMMERCE_PRECOS no banco de dados...
2026-09-04T01:26:00.051-03:00  INFO 22468 --- [ecommerce] [scheduling-1] c.d.e.service.SincronizacaoService       : Ciclo finalizado. Total de atualizações enviadas: 0
2026-09-04T01:26:00.051-03:00  INFO 22468 --- [ecommerce] [scheduling-1] c.d.e.s.SincronizacaoEstoqueService      : [ESTOQUE] Lendo VW_ECOMMERCE_ESTOQUE no banco de dados...
2026-09-04T01:26:00.082-03:00  INFO 22468 --- [ecommerce] [scheduling-1] c.d.e.s.SincronizacaoEstoqueService      : [ESTOQUE] Ciclo finalizado. Total de atualizações enviadas: 0
2026-09-04T01:27:00.000-03:00  INFO 22468 --- [ecommerce] [scheduling-1] c.d.e.service.SincronizacaoService       : Lendo VW_ECOMMERCE_PRECOS no banco de dados...
2026-09-04T01:27:00.058-03:00  INFO 22468 --- [ecommerce] [scheduling-1] c.d.e.service.SincronizacaoService       : Ciclo finalizado. Total de atualizações enviadas: 0
2026-09-04T01:27:00.058-03:00  INFO 22468 --- [ecommerce] [scheduling-1] c.d.e.s.SincronizacaoEstoqueService      : [ESTOQUE] Lendo VW_ECOMMERCE_ESTOQUE no banco de dados...
2026-09-04T01:27:00.091-03:00  INFO 22468 --- [ecommerce] [scheduling-1] c.d.e.s.SincronizacaoEstoqueService      : [ESTOQUE] Ciclo finalizado. Total de atualizações enviadas: 0
2026-09-04T01:28:00.000-03:00  INFO 22468 --- [ecommerce] [scheduling-1] c.d.e.s.SincronizacaoEstoqueService      : [ESTOQUE] Lendo VW_ECOMMERCE_ESTOQUE no banco de dados...
2026-09-04T01:28:00.074-03:00  INFO 22468 --- [ecommerce] [scheduling-1] c.d.e.s.SincronizacaoEstoqueService      : [ESTOQUE] Ciclo finalizado. Total de atualizações enviadas: 0
2026-09-04T01:28:00.075-03:00  INFO 22468 --- [ecommerce] [scheduling-1] c.d.e.service.SincronizacaoService       : Lendo VW_ECOMMERCE_PRECOS no banco de dados...
2026-09-04T01:28:00.122-03:00  INFO 22468 --- [ecommerce] [scheduling-1] c.d.e.service.SincronizacaoService       : Ciclo finalizado. Total de atualizações enviadas: 0
2026-09-04T01:28:59.999-03:00  INFO 22468 --- [ecommerce] [scheduling-1] c.d.e.s.SincronizacaoEstoqueService      : [ESTOQUE] Lendo VW_ECOMMERCE_ESTOQUE no banco de dados...
2026-09-04T01:29:00.066-03:00  INFO 22468 --- [ecommerce] [scheduling-1] c.d.e.s.SincronizacaoEstoqueService      : [ESTOQUE] Ciclo finalizado. Total de atualizações enviadas: 0
2026-09-04T01:29:00.066-03:00  INFO 22468 --- [ecommerce] [scheduling-1] c.d.e.service.SincronizacaoService       : Lendo VW_ECOMMERCE_PRECOS no banco de dados...
2026-09-04T01:29:00.115-03:00  INFO 22468 --- [ecommerce] [scheduling-1] c.d.e.service.SincronizacaoService       : Ciclo finalizado. Total de atualizações enviadas: 0
2026-09-04T01:30:00.000-03:00  INFO 22468 --- [ecommerce] [scheduling-1] c.d.e.service.SincronizacaoService       : Lendo VW_ECOMMERCE_PRECOS no banco de dados...
2026-09-04T01:30:00.096-03:00  INFO 22468 --- [ecommerce] [scheduling-1] c.d.e.service.SincronizacaoService       : Ciclo finalizado. Total de atualizações enviadas: 0
2026-09-04T01:30:00.097-03:00  INFO 22468 --- [ecommerce] [scheduling-1] c.d.e.s.SincronizacaoEstoqueService      : [ESTOQUE] Lendo VW_ECOMMERCE_ESTOQUE no banco de dados...
2026-09-04T01:30:00.120-03:00  INFO 22468 --- [ecommerce] [scheduling-1] c.d.e.s.SincronizacaoEstoqueService      : [ESTOQUE] Ciclo finalizado. Total de atualizações enviadas: 0
2026-09-04T01:31:00.000-03:00  INFO 22468 --- [ecommerce] [scheduling-1] c.d.e.service.SincronizacaoService       : Lendo VW_ECOMMERCE_PRECOS no banco de dados...
2026-09-04T01:31:00.097-03:00  INFO 22468 --- [ecommerce] [scheduling-1] c.d.e.service.SincronizacaoService       : Ciclo finalizado. Total de atualizações enviadas: 0
2026-09-04T01:31:00.098-03:00  INFO 22468 --- [ecommerce] [scheduling-1] c.d.e.s.SincronizacaoEstoqueService      : [ESTOQUE] Lendo VW_ECOMMERCE_ESTOQUE no banco de dados...
2026-09-04T01:31:00.122-03:00  INFO 22468 --- [ecommerce] [scheduling-1] c.d.e.s.SincronizacaoEstoqueService      : [ESTOQUE] Ciclo finalizado. Total de atualizações enviadas: 0
2026-09-04T01:32:00.000-03:00  INFO 22468 --- [ecommerce] [scheduling-1] c.d.e.service.SincronizacaoService       : Lendo VW_ECOMMERCE_PRECOS no banco de dados...
2026-09-04T01:32:00.092-03:00  INFO 22468 --- [ecommerce] [scheduling-1] c.d.e.service.SincronizacaoService       : Ciclo finalizado. Total de atualizações enviadas: 0
2026-09-04T01:32:00.093-03:00  INFO 22468 --- [ecommerce] [scheduling-1] c.d.e.s.SincronizacaoEstoqueService      : [ESTOQUE] Lendo VW_ECOMMERCE_ESTOQUE no banco de dados...
2026-09-04T01:32:00.128-03:00  INFO 22468 --- [ecommerce] [scheduling-1] c.d.e.s.SincronizacaoEstoqueService      : [ESTOQUE] Ciclo finalizado. Total de atualizações enviadas: 0
2026-09-04T01:33:00.000-03:00  INFO 22468 --- [ecommerce] [scheduling-1] c.d.e.s.SincronizacaoEstoqueService      : [ESTOQUE] Lendo VW_ECOMMERCE_ESTOQUE no banco de dados...
2026-09-04T01:33:00.073-03:00  INFO 22468 --- [ecommerce] [scheduling-1] c.d.e.s.SincronizacaoEstoqueService      : [ESTOQUE] Ciclo finalizado. Total de atualizações enviadas: 0
2026-09-04T01:33:00.073-03:00  INFO 22468 --- [ecommerce] [scheduling-1] c.d.e.service.SincronizacaoService       : Lendo VW_ECOMMERCE_PRECOS no banco de dados...
2026-09-04T01:33:00.164-03:00  INFO 22468 --- [ecommerce] [scheduling-1] c.d.e.service.SincronizacaoService       : Ciclo finalizado. Total de atualizações enviadas: 0
2026-09-04T01:34:00.001-03:00  INFO 22468 --- [ecommerce] [scheduling-1] c.d.e.s.SincronizacaoEstoqueService      : [ESTOQUE] Lendo VW_ECOMMERCE_ESTOQUE no banco de dados...
2026-09-04T01:34:00.106-03:00  INFO 22468 --- [ecommerce] [scheduling-1] c.d.e.s.SincronizacaoEstoqueService      : [ESTOQUE] Ciclo finalizado. Total de atualizações enviadas: 0
2026-09-04T01:34:00.106-03:00  INFO 22468 --- [ecommerce] [scheduling-1] c.d.e.service.SincronizacaoService       : Lendo VW_ECOMMERCE_PRECOS no banco de dados...
2026-09-04T01:34:00.155-03:00  INFO 22468 --- [ecommerce] [scheduling-1] c.d.e.service.SincronizacaoService       : Ciclo finalizado. Total de atualizações enviadas: 0
2026-09-04T01:35:00.001-03:00  INFO 22468 --- [ecommerce] [scheduling-1] c.d.e.s.SincronizacaoEstoqueService      : [ESTOQUE] Lendo VW_ECOMMERCE_ESTOQUE no banco de dados...
2026-09-04T01:35:00.067-03:00  INFO 22468 --- [ecommerce] [scheduling-1] c.d.e.s.SincronizacaoEstoqueService      : [ESTOQUE] Ciclo finalizado. Total de atualizações enviadas: 0
2026-09-04T01:35:00.067-03:00  INFO 22468 --- [ecommerce] [scheduling-1] c.d.e.service.SincronizacaoService       : Lendo VW_ECOMMERCE_PRECOS no banco de dados...
2026-09-04T01:35:00.125-03:00  INFO 22468 --- [ecommerce] [scheduling-1] c.d.e.service.SincronizacaoService       : Ciclo finalizado. Total de atualizações enviadas: 0
2026-09-04T01:36:00.000-03:00  INFO 22468 --- [ecommerce] [scheduling-1] c.d.e.s.SincronizacaoEstoqueService      : [ESTOQUE] Lendo VW_ECOMMERCE_ESTOQUE no banco de dados...
2026-09-04T01:36:00.039-03:00  INFO 22468 --- [ecommerce] [scheduling-1] c.d.e.s.SincronizacaoEstoqueService      : [ESTOQUE] Ciclo finalizado. Total de atualizações enviadas: 0
2026-09-04T01:36:00.040-03:00  INFO 22468 --- [ecommerce] [scheduling-1] c.d.e.service.SincronizacaoService       : Lendo VW_ECOMMERCE_PRECOS no banco de dados...
2026-09-04T01:36:00.084-03:00  INFO 22468 --- [ecommerce] [scheduling-1] c.d.e.service.SincronizacaoService       : Ciclo finalizado. Total de atualizações enviadas: 0
2026-09-04T01:37:00.000-03:00  INFO 22468 --- [ecommerce] [scheduling-1] c.d.e.service.SincronizacaoService       : Lendo VW_ECOMMERCE_PRECOS no banco de dados...
2026-09-04T01:37:00.081-03:00  INFO 22468 --- [ecommerce] [scheduling-1] c.d.e.service.SincronizacaoService       : Ciclo finalizado. Total de atualizações enviadas: 0
2026-09-04T01:37:00.081-03:00  INFO 22468 --- [ecommerce] [scheduling-1] c.d.e.s.SincronizacaoEstoqueService      : [ESTOQUE] Lendo VW_ECOMMERCE_ESTOQUE no banco de dados...
2026-09-04T01:37:00.102-03:00  INFO 22468 --- [ecommerce] [scheduling-1] c.d.e.s.SincronizacaoEstoqueService      : [ESTOQUE] Ciclo finalizado. Total de atualizações enviadas: 0
2026-09-04T01:38:00.000-03:00  INFO 22468 --- [ecommerce] [scheduling-1] c.d.e.service.SincronizacaoService       : Lendo VW_ECOMMERCE_PRECOS no banco de dados...
2026-09-04T01:38:00.140-03:00  INFO 22468 --- [ecommerce] [scheduling-1] c.d.e.service.SincronizacaoService       : Ciclo finalizado. Total de atualizações enviadas: 0
2026-09-04T01:38:00.141-03:00  INFO 22468 --- [ecommerce] [scheduling-1] c.d.e.s.SincronizacaoEstoqueService      : [ESTOQUE] Lendo VW_ECOMMERCE_ESTOQUE no banco de dados...
2026-09-04T01:38:00.267-03:00  INFO 22468 --- [ecommerce] [scheduling-1] c.d.e.s.SincronizacaoEstoqueService      : [ESTOQUE] Ciclo finalizado. Total de atualizações enviadas: 0
2026-09-04T01:39:00.000-03:00  INFO 22468 --- [ecommerce] [scheduling-1] c.d.e.s.SincronizacaoEstoqueService      : [ESTOQUE] Lendo VW_ECOMMERCE_ESTOQUE no banco de dados...
2026-09-04T01:39:00.055-03:00  INFO 22468 --- [ecommerce] [scheduling-1] c.d.e.s.SincronizacaoEstoqueService      : [ESTOQUE] Ciclo finalizado. Total de atualizações enviadas: 0
2026-09-04T01:39:00.055-03:00  INFO 22468 --- [ecommerce] [scheduling-1] c.d.e.service.SincronizacaoService       : Lendo VW_ECOMMERCE_PRECOS no banco de dados...
2026-09-04T01:39:00.102-03:00  INFO 22468 --- [ecommerce] [scheduling-1] c.d.e.service.SincronizacaoService       : Ciclo finalizado. Total de atualizações enviadas: 0
2026-09-04T01:40:00.000-03:00  INFO 22468 --- [ecommerce] [scheduling-1] c.d.e.service.SincronizacaoService       : Lendo VW_ECOMMERCE_PRECOS no banco de dados...
2026-09-04T01:40:00.178-03:00  INFO 22468 --- [ecommerce] [scheduling-1] c.d.e.service.SincronizacaoService       : Ciclo finalizado. Total de atualizações enviadas: 0
2026-09-04T01:40:00.178-03:00  INFO 22468 --- [ecommerce] [scheduling-1] c.d.e.s.SincronizacaoEstoqueService      : [ESTOQUE] Lendo VW_ECOMMERCE_ESTOQUE no banco de dados...
2026-09-04T01:40:00.246-03:00  INFO 22468 --- [ecommerce] [scheduling-1] c.d.e.s.SincronizacaoEstoqueService      : [ESTOQUE] Ciclo finalizado. Total de atualizações enviadas: 0
2026-09-04T01:41:00.001-03:00  INFO 22468 --- [ecommerce] [scheduling-1] c.d.e.s.SincronizacaoEstoqueService      : [ESTOQUE] Lendo VW_ECOMMERCE_ESTOQUE no banco de dados...
2026-09-04T01:41:00.125-03:00  INFO 22468 --- [ecommerce] [scheduling-1] c.d.e.s.SincronizacaoEstoqueService      : [ESTOQUE] Ciclo finalizado. Total de atualizações enviadas: 0
2026-09-04T01:41:00.125-03:00  INFO 22468 --- [ecommerce] [scheduling-1] c.d.e.service.SincronizacaoService       : Lendo VW_ECOMMERCE_PRECOS no banco de dados...
2026-09-04T01:41:00.186-03:00  INFO 22468 --- [ecommerce] [scheduling-1] c.d.e.service.SincronizacaoService       : Ciclo finalizado. Total de atualizações enviadas: 0
2026-09-04T01:42:00.000-03:00  INFO 22468 --- [ecommerce] [scheduling-1] c.d.e.service.SincronizacaoService       : Lendo VW_ECOMMERCE_PRECOS no banco de dados...
2026-09-04T01:42:00.070-03:00  INFO 22468 --- [ecommerce] [scheduling-1] c.d.e.service.SincronizacaoService       : Ciclo finalizado. Total de atualizações enviadas: 0
2026-09-04T01:42:00.070-03:00  INFO 22468 --- [ecommerce] [scheduling-1] c.d.e.s.SincronizacaoEstoqueService      : [ESTOQUE] Lendo VW_ECOMMERCE_ESTOQUE no banco de dados...
2026-09-04T01:42:00.101-03:00  INFO 22468 --- [ecommerce] [scheduling-1] c.d.e.s.SincronizacaoEstoqueService      : [ESTOQUE] Ciclo finalizado. Total de atualizações enviadas: 0
2026-09-04T01:43:00.001-03:00  INFO 22468 --- [ecommerce] [scheduling-1] c.d.e.s.SincronizacaoEstoqueService      : [ESTOQUE] Lendo VW_ECOMMERCE_ESTOQUE no banco de dados...
2026-09-04T01:43:00.093-03:00  INFO 22468 --- [ecommerce] [scheduling-1] c.d.e.s.SincronizacaoEstoqueService      : [ESTOQUE] Ciclo finalizado. Total de atualizações enviadas: 0
2026-09-04T01:43:00.093-03:00  INFO 22468 --- [ecommerce] [scheduling-1] c.d.e.service.SincronizacaoService       : Lendo VW_ECOMMERCE_PRECOS no banco de dados...
2026-09-04T01:43:00.146-03:00  INFO 22468 --- [ecommerce] [scheduling-1] c.d.e.service.SincronizacaoService       : Ciclo finalizado. Total de atualizações enviadas: 0
2026-09-04T01:44:00.000-03:00  INFO 22468 --- [ecommerce] [scheduling-1] c.d.e.service.SincronizacaoService       : Lendo VW_ECOMMERCE_PRECOS no banco de dados...
2026-09-04T01:44:00.083-03:00  INFO 22468 --- [ecommerce] [scheduling-1] c.d.e.service.SincronizacaoService       : Ciclo finalizado. Total de atualizações enviadas: 0
2026-09-04T01:44:00.083-03:00  INFO 22468 --- [ecommerce] [scheduling-1] c.d.e.s.SincronizacaoEstoqueService      : [ESTOQUE] Lendo VW_ECOMMERCE_ESTOQUE no banco de dados...
2026-09-04T01:44:00.132-03:00  INFO 22468 --- [ecommerce] [scheduling-1] c.d.e.s.SincronizacaoEstoqueService      : [ESTOQUE] Ciclo finalizado. Total de atualizações enviadas: 0
2026-09-04T01:45:00.000-03:00  INFO 22468 --- [ecommerce] [scheduling-1] c.d.e.s.SincronizacaoEstoqueService      : [ESTOQUE] Lendo VW_ECOMMERCE_ESTOQUE no banco de dados...
2026-09-04T01:45:00.141-03:00  INFO 22468 --- [ecommerce] [scheduling-1] c.d.e.s.SincronizacaoEstoqueService      : [ESTOQUE] Ciclo finalizado. Total de atualizações enviadas: 0
2026-09-04T01:45:00.141-03:00  INFO 22468 --- [ecommerce] [scheduling-1] c.d.e.service.SincronizacaoService       : Lendo VW_ECOMMERCE_PRECOS no banco de dados...
2026-09-04T01:45:00.193-03:00  INFO 22468 --- [ecommerce] [scheduling-1] c.d.e.service.SincronizacaoService       : Ciclo finalizado. Total de atualizações enviadas: 0
2026-09-04T01:46:00.000-03:00  INFO 22468 --- [ecommerce] [scheduling-1] c.d.e.service.SincronizacaoService       : Lendo VW_ECOMMERCE_PRECOS no banco de dados...
2026-09-04T01:46:00.088-03:00  INFO 22468 --- [ecommerce] [scheduling-1] c.d.e.service.SincronizacaoService       : Ciclo finalizado. Total de atualizações enviadas: 0
2026-09-04T01:46:00.088-03:00  INFO 22468 --- [ecommerce] [scheduling-1] c.d.e.s.SincronizacaoEstoqueService      : [ESTOQUE] Lendo VW_ECOMMERCE_ESTOQUE no banco de dados...
2026-09-04T01:46:00.116-03:00  INFO 22468 --- [ecommerce] [scheduling-1] c.d.e.s.SincronizacaoEstoqueService      : [ESTOQUE] Ciclo finalizado. Total de atualizações enviadas: 0
2026-09-04T01:47:00.000-03:00  INFO 22468 --- [ecommerce] [scheduling-1] c.d.e.s.SincronizacaoEstoqueService      : [ESTOQUE] Lendo VW_ECOMMERCE_ESTOQUE no banco de dados...
2026-09-04T01:47:00.287-03:00  INFO 22468 --- [ecommerce] [scheduling-1] c.d.e.s.SincronizacaoEstoqueService      : [ESTOQUE] Ciclo finalizado. Total de atualizações enviadas: 0
2026-09-04T01:47:00.288-03:00  INFO 22468 --- [ecommerce] [scheduling-1] c.d.e.service.SincronizacaoService       : Lendo VW_ECOMMERCE_PRECOS no banco de dados...
2026-09-04T01:47:00.358-03:00  INFO 22468 --- [ecommerce] [scheduling-1] c.d.e.service.SincronizacaoService       : Ciclo finalizado. Total de atualizações enviadas: 0
2026-09-04T01:48:00.001-03:00  INFO 22468 --- [ecommerce] [scheduling-1] c.d.e.s.SincronizacaoEstoqueService      : [ESTOQUE] Lendo VW_ECOMMERCE_ESTOQUE no banco de dados...
2026-09-04T01:48:00.067-03:00  INFO 22468 --- [ecommerce] [scheduling-1] c.d.e.s.SincronizacaoEstoqueService      : [ESTOQUE] Ciclo finalizado. Total de atualizações enviadas: 0
2026-09-04T01:48:00.067-03:00  INFO 22468 --- [ecommerce] [scheduling-1] c.d.e.service.SincronizacaoService       : Lendo VW_ECOMMERCE_PRECOS no banco de dados...
2026-09-04T01:48:00.121-03:00  INFO 22468 --- [ecommerce] [scheduling-1] c.d.e.service.SincronizacaoService       : Ciclo finalizado. Total de atualizações enviadas: 0
2026-09-04T01:48:59.999-03:00  INFO 22468 --- [ecommerce] [scheduling-1] c.d.e.s.SincronizacaoEstoqueService      : [ESTOQUE] Lendo VW_ECOMMERCE_ESTOQUE no banco de dados...
2026-09-04T01:49:00.050-03:00  INFO 22468 --- [ecommerce] [scheduling-1] c.d.e.s.SincronizacaoEstoqueService      : [ESTOQUE] Ciclo finalizado. Total de atualizações enviadas: 0
2026-09-04T01:49:00.050-03:00  INFO 22468 --- [ecommerce] [scheduling-1] c.d.e.service.SincronizacaoService       : Lendo VW_ECOMMERCE_PRECOS no banco de dados...
2026-09-04T01:49:00.112-03:00  INFO 22468 --- [ecommerce] [scheduling-1] c.d.e.service.SincronizacaoService       : Ciclo finalizado. Total de atualizações enviadas: 0
2026-09-04T01:49:59.999-03:00  INFO 22468 --- [ecommerce] [scheduling-1] c.d.e.s.SincronizacaoEstoqueService      : [ESTOQUE] Lendo VW_ECOMMERCE_ESTOQUE no banco de dados...
2026-09-04T01:50:00.044-03:00  INFO 22468 --- [ecommerce] [scheduling-1] c.d.e.s.SincronizacaoEstoqueService      : [ESTOQUE] Ciclo finalizado. Total de atualizações enviadas: 0
2026-09-04T01:50:00.044-03:00  INFO 22468 --- [ecommerce] [scheduling-1] c.d.e.service.SincronizacaoService       : Lendo VW_ECOMMERCE_PRECOS no banco de dados...
2026-09-04T01:50:00.098-03:00  INFO 22468 --- [ecommerce] [scheduling-1] c.d.e.service.SincronizacaoService       : Ciclo finalizado. Total de atualizações enviadas: 0
2026-09-04T01:50:59.999-03:00  INFO 22468 --- [ecommerce] [scheduling-1] c.d.e.service.SincronizacaoService       : Lendo VW_ECOMMERCE_PRECOS no banco de dados...
2026-09-04T01:51:00.058-03:00  INFO 22468 --- [ecommerce] [scheduling-1] c.d.e.service.SincronizacaoService       : Ciclo finalizado. Total de atualizações enviadas: 0
2026-09-04T01:51:00.059-03:00  INFO 22468 --- [ecommerce] [scheduling-1] c.d.e.s.SincronizacaoEstoqueService      : [ESTOQUE] Lendo VW_ECOMMERCE_ESTOQUE no banco de dados...
2026-09-04T01:51:00.092-03:00  INFO 22468 --- [ecommerce] [scheduling-1] c.d.e.s.SincronizacaoEstoqueService      : [ESTOQUE] Ciclo finalizado. Total de atualizações enviadas: 0
2026-09-04T01:52:00.000-03:00  INFO 22468 --- [ecommerce] [scheduling-1] c.d.e.service.SincronizacaoService       : Lendo VW_ECOMMERCE_PRECOS no banco de dados...
2026-09-04T01:52:00.069-03:00  INFO 22468 --- [ecommerce] [scheduling-1] c.d.e.service.SincronizacaoService       : Ciclo finalizado. Total de atualizações enviadas: 0
2026-09-04T01:52:00.070-03:00  INFO 22468 --- [ecommerce] [scheduling-1] c.d.e.s.SincronizacaoEstoqueService      : [ESTOQUE] Lendo VW_ECOMMERCE_ESTOQUE no banco de dados...
2026-09-04T01:52:00.104-03:00  INFO 22468 --- [ecommerce] [scheduling-1] c.d.e.s.SincronizacaoEstoqueService      : [ESTOQUE] Ciclo finalizado. Total de atualizações enviadas: 0
2026-09-04T01:53:00.000-03:00  INFO 22468 --- [ecommerce] [scheduling-1] c.d.e.service.SincronizacaoService       : Lendo VW_ECOMMERCE_PRECOS no banco de dados...
2026-09-04T01:53:00.115-03:00  INFO 22468 --- [ecommerce] [scheduling-1] c.d.e.service.SincronizacaoService       : Ciclo finalizado. Total de atualizações enviadas: 0
2026-09-04T01:53:00.116-03:00  INFO 22468 --- [ecommerce] [scheduling-1] c.d.e.s.SincronizacaoEstoqueService      : [ESTOQUE] Lendo VW_ECOMMERCE_ESTOQUE no banco de dados...
2026-09-04T01:53:00.140-03:00  INFO 22468 --- [ecommerce] [scheduling-1] c.d.e.s.SincronizacaoEstoqueService      : [ESTOQUE] Ciclo finalizado. Total de atualizações enviadas: 0
2026-09-04T01:54:00.000-03:00  INFO 22468 --- [ecommerce] [scheduling-1] c.d.e.service.SincronizacaoService       : Lendo VW_ECOMMERCE_PRECOS no banco de dados...
2026-09-04T01:54:00.061-03:00  INFO 22468 --- [ecommerce] [scheduling-1] c.d.e.service.SincronizacaoService       : Ciclo finalizado. Total de atualizações enviadas: 0
2026-09-04T01:54:00.061-03:00  INFO 22468 --- [ecommerce] [scheduling-1] c.d.e.s.SincronizacaoEstoqueService      : [ESTOQUE] Lendo VW_ECOMMERCE_ESTOQUE no banco de dados...
2026-09-04T01:54:00.107-03:00  INFO 22468 --- [ecommerce] [scheduling-1] c.d.e.s.SincronizacaoEstoqueService      : [ESTOQUE] Ciclo finalizado. Total de atualizações enviadas: 0
2026-09-04T01:55:00.001-03:00  INFO 22468 --- [ecommerce] [scheduling-1] c.d.e.s.SincronizacaoEstoqueService      : [ESTOQUE] Lendo VW_ECOMMERCE_ESTOQUE no banco de dados...
2026-09-04T01:55:00.053-03:00  INFO 22468 --- [ecommerce] [scheduling-1] c.d.e.s.SincronizacaoEstoqueService      : [ESTOQUE] Ciclo finalizado. Total de atualizações enviadas: 0
2026-09-04T01:55:00.053-03:00  INFO 22468 --- [ecommerce] [scheduling-1] c.d.e.service.SincronizacaoService       : Lendo VW_ECOMMERCE_PRECOS no banco de dados...
2026-09-04T01:55:00.128-03:00  INFO 22468 --- [ecommerce] [scheduling-1] c.d.e.service.SincronizacaoService       : Ciclo finalizado. Total de atualizações enviadas: 0
2026-09-04T01:56:00.000-03:00  INFO 22468 --- [ecommerce] [scheduling-1] c.d.e.s.SincronizacaoEstoqueService      : [ESTOQUE] Lendo VW_ECOMMERCE_ESTOQUE no banco de dados...
2026-09-04T01:56:00.081-03:00  INFO 22468 --- [ecommerce] [scheduling-1] c.d.e.s.SincronizacaoEstoqueService      : [ESTOQUE] Ciclo finalizado. Total de atualizações enviadas: 0
2026-09-04T01:56:00.081-03:00  INFO 22468 --- [ecommerce] [scheduling-1] c.d.e.service.SincronizacaoService       : Lendo VW_ECOMMERCE_PRECOS no banco de dados...
2026-09-04T01:56:00.133-03:00  INFO 22468 --- [ecommerce] [scheduling-1] c.d.e.service.SincronizacaoService       : Ciclo finalizado. Total de atualizações enviadas: 0
2026-09-04T01:57:00.000-03:00  INFO 22468 --- [ecommerce] [scheduling-1] c.d.e.s.SincronizacaoEstoqueService      : [ESTOQUE] Lendo VW_ECOMMERCE_ESTOQUE no banco de dados...
2026-09-04T01:57:00.052-03:00  INFO 22468 --- [ecommerce] [scheduling-1] c.d.e.s.SincronizacaoEstoqueService      : [ESTOQUE] Ciclo finalizado. Total de atualizações enviadas: 0
2026-09-04T01:57:00.052-03:00  INFO 22468 --- [ecommerce] [scheduling-1] c.d.e.service.SincronizacaoService       : Lendo VW_ECOMMERCE_PRECOS no banco de dados...
2026-09-04T01:57:00.100-03:00  INFO 22468 --- [ecommerce] [scheduling-1] c.d.e.service.SincronizacaoService       : Ciclo finalizado. Total de atualizações enviadas: 0
2026-09-04T01:58:00.000-03:00  INFO 22468 --- [ecommerce] [scheduling-1] c.d.e.service.SincronizacaoService       : Lendo VW_ECOMMERCE_PRECOS no banco de dados...
2026-09-04T01:58:00.083-03:00  INFO 22468 --- [ecommerce] [scheduling-1] c.d.e.service.SincronizacaoService       : Ciclo finalizado. Total de atualizações enviadas: 0
2026-09-04T01:58:00.083-03:00  INFO 22468 --- [ecommerce] [scheduling-1] c.d.e.s.SincronizacaoEstoqueService      : [ESTOQUE] Lendo VW_ECOMMERCE_ESTOQUE no banco de dados...
2026-09-04T01:58:00.112-03:00  INFO 22468 --- [ecommerce] [scheduling-1] c.d.e.s.SincronizacaoEstoqueService      : [ESTOQUE] Ciclo finalizado. Total de atualizações enviadas: 0
2026-09-04T01:59:00.000-03:00  INFO 22468 --- [ecommerce] [scheduling-1] c.d.e.service.SincronizacaoService       : Lendo VW_ECOMMERCE_PRECOS no banco de dados...
2026-09-04T01:59:00.090-03:00  INFO 22468 --- [ecommerce] [scheduling-1] c.d.e.service.SincronizacaoService       : Ciclo finalizado. Total de atualizações enviadas: 0
2026-09-04T01:59:00.090-03:00  INFO 22468 --- [ecommerce] [scheduling-1] c.d.e.s.SincronizacaoEstoqueService      : [ESTOQUE] Lendo VW_ECOMMERCE_ESTOQUE no banco de dados...
2026-09-04T01:59:00.126-03:00  INFO 22468 --- [ecommerce] [scheduling-1] c.d.e.s.SincronizacaoEstoqueService      : [ESTOQUE] Ciclo finalizado. Total de atualizações enviadas: 0
2026-09-04T02:00:00.000-03:00  INFO 22468 --- [ecommerce] [scheduling-1] c.d.e.service.SincronizacaoService       : Lendo VW_ECOMMERCE_PRECOS no banco de dados...
2026-09-04T02:00:00.099-03:00  INFO 22468 --- [ecommerce] [scheduling-1] c.d.e.service.SincronizacaoService       : Ciclo finalizado. Total de atualizações enviadas: 0
2026-09-04T02:00:00.099-03:00  INFO 22468 --- [ecommerce] [scheduling-1] c.d.e.s.SincronizacaoEstoqueService      : [ESTOQUE] Lendo VW_ECOMMERCE_ESTOQUE no banco de dados...
2026-09-04T02:00:00.131-03:00  INFO 22468 --- [ecommerce] [scheduling-1] c.d.e.s.SincronizacaoEstoqueService      : [ESTOQUE] Ciclo finalizado. Total de atualizações enviadas: 0
2026-09-04T02:01:00.000-03:00  INFO 22468 --- [ecommerce] [scheduling-1] c.d.e.s.SincronizacaoEstoqueService      : [ESTOQUE] Lendo VW_ECOMMERCE_ESTOQUE no banco de dados...
2026-09-04T02:01:00.075-03:00  INFO 22468 --- [ecommerce] [scheduling-1] c.d.e.s.SincronizacaoEstoqueService      : [ESTOQUE] Ciclo finalizado. Total de atualizações enviadas: 0
2026-09-04T02:01:00.075-03:00  INFO 22468 --- [ecommerce] [scheduling-1] c.d.e.service.SincronizacaoService       : Lendo VW_ECOMMERCE_PRECOS no banco de dados...
2026-09-04T02:01:00.125-03:00  INFO 22468 --- [ecommerce] [scheduling-1] c.d.e.service.SincronizacaoService       : Ciclo finalizado. Total de atualizações enviadas: 0
2026-09-04T02:02:00.000-03:00  INFO 22468 --- [ecommerce] [scheduling-1] c.d.e.service.SincronizacaoService       : Lendo VW_ECOMMERCE_PRECOS no banco de dados...
2026-09-04T02:02:00.056-03:00  INFO 22468 --- [ecommerce] [scheduling-1] c.d.e.service.SincronizacaoService       : Ciclo finalizado. Total de atualizações enviadas: 0
2026-09-04T02:02:00.056-03:00  INFO 22468 --- [ecommerce] [scheduling-1] c.d.e.s.SincronizacaoEstoqueService      : [ESTOQUE] Lendo VW_ECOMMERCE_ESTOQUE no banco de dados...
2026-09-04T02:02:00.088-03:00  INFO 22468 --- [ecommerce] [scheduling-1] c.d.e.s.SincronizacaoEstoqueService      : [ESTOQUE] Ciclo finalizado. Total de atualizações enviadas: 0
2026-09-04T02:02:59.999-03:00  INFO 22468 --- [ecommerce] [scheduling-1] c.d.e.service.SincronizacaoService       : Lendo VW_ECOMMERCE_PRECOS no banco de dados...
2026-09-04T02:03:00.055-03:00  INFO 22468 --- [ecommerce] [scheduling-1] c.d.e.service.SincronizacaoService       : Ciclo finalizado. Total de atualizações enviadas: 0
2026-09-04T02:03:00.055-03:00  INFO 22468 --- [ecommerce] [scheduling-1] c.d.e.s.SincronizacaoEstoqueService      : [ESTOQUE] Lendo VW_ECOMMERCE_ESTOQUE no banco de dados...
2026-09-04T02:03:00.088-03:00  INFO 22468 --- [ecommerce] [scheduling-1] c.d.e.s.SincronizacaoEstoqueService      : [ESTOQUE] Ciclo finalizado. Total de atualizações enviadas: 0
2026-09-04T02:04:00.000-03:00  INFO 22468 --- [ecommerce] [scheduling-1] c.d.e.s.SincronizacaoEstoqueService      : [ESTOQUE] Lendo VW_ECOMMERCE_ESTOQUE no banco de dados...
2026-09-04T02:04:00.068-03:00  INFO 22468 --- [ecommerce] [scheduling-1] c.d.e.s.SincronizacaoEstoqueService      : [ESTOQUE] Ciclo finalizado. Total de atualizações enviadas: 0
2026-09-04T02:04:00.068-03:00  INFO 22468 --- [ecommerce] [scheduling-1] c.d.e.service.SincronizacaoService       : Lendo VW_ECOMMERCE_PRECOS no banco de dados...
2026-09-04T02:04:00.115-03:00  INFO 22468 --- [ecommerce] [scheduling-1] c.d.e.service.SincronizacaoService       : Ciclo finalizado. Total de atualizações enviadas: 0
2026-09-04T02:05:00.000-03:00  INFO 22468 --- [ecommerce] [scheduling-1] c.d.e.service.SincronizacaoService       : Lendo VW_ECOMMERCE_PRECOS no banco de dados...
2026-09-04T02:05:00.069-03:00  INFO 22468 --- [ecommerce] [scheduling-1] c.d.e.service.SincronizacaoService       : Ciclo finalizado. Total de atualizações enviadas: 0
2026-09-04T02:05:00.070-03:00  INFO 22468 --- [ecommerce] [scheduling-1] c.d.e.s.SincronizacaoEstoqueService      : [ESTOQUE] Lendo VW_ECOMMERCE_ESTOQUE no banco de dados...
2026-09-04T02:05:00.101-03:00  INFO 22468 --- [ecommerce] [scheduling-1] c.d.e.s.SincronizacaoEstoqueService      : [ESTOQUE] Ciclo finalizado. Total de atualizações enviadas: 0
2026-09-04T02:06:00.000-03:00  INFO 22468 --- [ecommerce] [scheduling-1] c.d.e.s.SincronizacaoEstoqueService      : [ESTOQUE] Lendo VW_ECOMMERCE_ESTOQUE no banco de dados...
2026-09-04T02:06:00.069-03:00  INFO 22468 --- [ecommerce] [scheduling-1] c.d.e.s.SincronizacaoEstoqueService      : [ESTOQUE] Ciclo finalizado. Total de atualizações enviadas: 0
2026-09-04T02:06:00.069-03:00  INFO 22468 --- [ecommerce] [scheduling-1] c.d.e.service.SincronizacaoService       : Lendo VW_ECOMMERCE_PRECOS no banco de dados...
2026-09-04T02:06:00.117-03:00  INFO 22468 --- [ecommerce] [scheduling-1] c.d.e.service.SincronizacaoService       : Ciclo finalizado. Total de atualizações enviadas: 0
2026-09-04T02:07:00.000-03:00  INFO 22468 --- [ecommerce] [scheduling-1] c.d.e.service.SincronizacaoService       : Lendo VW_ECOMMERCE_PRECOS no banco de dados...
2026-09-04T02:07:00.053-03:00  INFO 22468 --- [ecommerce] [scheduling-1] c.d.e.service.SincronizacaoService       : Ciclo finalizado. Total de atualizações enviadas: 0
2026-09-04T02:07:00.053-03:00  INFO 22468 --- [ecommerce] [scheduling-1] c.d.e.s.SincronizacaoEstoqueService      : [ESTOQUE] Lendo VW_ECOMMERCE_ESTOQUE no banco de dados...
2026-09-04T02:07:00.087-03:00  INFO 22468 --- [ecommerce] [scheduling-1] c.d.e.s.SincronizacaoEstoqueService      : [ESTOQUE] Ciclo finalizado. Total de atualizações enviadas: 0
2026-09-04T02:08:00.000-03:00  INFO 22468 --- [ecommerce] [scheduling-1] c.d.e.s.SincronizacaoEstoqueService      : [ESTOQUE] Lendo VW_ECOMMERCE_ESTOQUE no banco de dados...
2026-09-04T02:08:00.079-03:00  INFO 22468 --- [ecommerce] [scheduling-1] c.d.e.s.SincronizacaoEstoqueService      : [ESTOQUE] Ciclo finalizado. Total de atualizações enviadas: 0
2026-09-04T02:08:00.079-03:00  INFO 22468 --- [ecommerce] [scheduling-1] c.d.e.service.SincronizacaoService       : Lendo VW_ECOMMERCE_PRECOS no banco de dados...
2026-09-04T02:08:00.128-03:00  INFO 22468 --- [ecommerce] [scheduling-1] c.d.e.service.SincronizacaoService       : Ciclo finalizado. Total de atualizações enviadas: 0
2026-09-04T02:09:00.001-03:00  INFO 22468 --- [ecommerce] [scheduling-1] c.d.e.service.SincronizacaoService       : Lendo VW_ECOMMERCE_PRECOS no banco de dados...
2026-09-04T02:09:00.092-03:00  INFO 22468 --- [ecommerce] [scheduling-1] c.d.e.service.SincronizacaoService       : Ciclo finalizado. Total de atualizações enviadas: 0
2026-09-04T02:09:00.092-03:00  INFO 22468 --- [ecommerce] [scheduling-1] c.d.e.s.SincronizacaoEstoqueService      : [ESTOQUE] Lendo VW_ECOMMERCE_ESTOQUE no banco de dados...
2026-09-04T02:09:00.122-03:00  INFO 22468 --- [ecommerce] [scheduling-1] c.d.e.s.SincronizacaoEstoqueService      : [ESTOQUE] Ciclo finalizado. Total de atualizações enviadas: 0
2026-09-04T02:10:00.000-03:00  INFO 22468 --- [ecommerce] [scheduling-1] c.d.e.s.SincronizacaoEstoqueService      : [ESTOQUE] Lendo VW_ECOMMERCE_ESTOQUE no banco de dados...
2026-09-04T02:10:00.040-03:00  INFO 22468 --- [ecommerce] [scheduling-1] c.d.e.s.SincronizacaoEstoqueService      : [ESTOQUE] Ciclo finalizado. Total de atualizações enviadas: 0
2026-09-04T02:10:00.040-03:00  INFO 22468 --- [ecommerce] [scheduling-1] c.d.e.service.SincronizacaoService       : Lendo VW_ECOMMERCE_PRECOS no banco de dados...
2026-09-04T02:10:00.085-03:00  INFO 22468 --- [ecommerce] [scheduling-1] c.d.e.service.SincronizacaoService       : Ciclo finalizado. Total de atualizações enviadas: 0
2026-09-04T02:11:00.000-03:00  INFO 22468 --- [ecommerce] [scheduling-1] c.d.e.service.SincronizacaoService       : Lendo VW_ECOMMERCE_PRECOS no banco de dados...
2026-09-04T02:11:00.067-03:00  INFO 22468 --- [ecommerce] [scheduling-1] c.d.e.service.SincronizacaoService       : Ciclo finalizado. Total de atualizações enviadas: 0
2026-09-04T02:11:00.068-03:00  INFO 22468 --- [ecommerce] [scheduling-1] c.d.e.s.SincronizacaoEstoqueService      : [ESTOQUE] Lendo VW_ECOMMERCE_ESTOQUE no banco de dados...
2026-09-04T02:11:00.100-03:00  INFO 22468 --- [ecommerce] [scheduling-1] c.d.e.s.SincronizacaoEstoqueService      : [ESTOQUE] Ciclo finalizado. Total de atualizações enviadas: 0
2026-09-04T02:12:00.000-03:00  INFO 22468 --- [ecommerce] [scheduling-1] c.d.e.service.SincronizacaoService       : Lendo VW_ECOMMERCE_PRECOS no banco de dados...
2026-09-04T02:12:00.091-03:00  INFO 22468 --- [ecommerce] [scheduling-1] c.d.e.service.SincronizacaoService       : Ciclo finalizado. Total de atualizações enviadas: 0
2026-09-04T02:12:00.091-03:00  INFO 22468 --- [ecommerce] [scheduling-1] c.d.e.s.SincronizacaoEstoqueService      : [ESTOQUE] Lendo VW_ECOMMERCE_ESTOQUE no banco de dados...
2026-09-04T02:12:00.121-03:00  INFO 22468 --- [ecommerce] [scheduling-1] c.d.e.s.SincronizacaoEstoqueService      : [ESTOQUE] Ciclo finalizado. Total de atualizações enviadas: 0
2026-09-04T02:13:00.000-03:00  INFO 22468 --- [ecommerce] [scheduling-1] c.d.e.s.SincronizacaoEstoqueService      : [ESTOQUE] Lendo VW_ECOMMERCE_ESTOQUE no banco de dados...
2026-09-04T02:13:00.087-03:00  INFO 22468 --- [ecommerce] [scheduling-1] c.d.e.s.SincronizacaoEstoqueService      : [ESTOQUE] Ciclo finalizado. Total de atualizações enviadas: 0
2026-09-04T02:13:00.087-03:00  INFO 22468 --- [ecommerce] [scheduling-1] c.d.e.service.SincronizacaoService       : Lendo VW_ECOMMERCE_PRECOS no banco de dados...
2026-09-04T02:13:00.161-03:00  INFO 22468 --- [ecommerce] [scheduling-1] c.d.e.service.SincronizacaoService       : Ciclo finalizado. Total de atualizações enviadas: 0
2026-09-04T02:13:59.999-03:00  INFO 22468 --- [ecommerce] [scheduling-1] c.d.e.s.SincronizacaoEstoqueService      : [ESTOQUE] Lendo VW_ECOMMERCE_ESTOQUE no banco de dados...
2026-09-04T02:14:00.039-03:00  INFO 22468 --- [ecommerce] [scheduling-1] c.d.e.s.SincronizacaoEstoqueService      : [ESTOQUE] Ciclo finalizado. Total de atualizações enviadas: 0
2026-09-04T02:14:00.039-03:00  INFO 22468 --- [ecommerce] [scheduling-1] c.d.e.service.SincronizacaoService       : Lendo VW_ECOMMERCE_PRECOS no banco de dados...
2026-09-04T02:14:00.120-03:00  INFO 22468 --- [ecommerce] [scheduling-1] c.d.e.service.SincronizacaoService       : Ciclo finalizado. Total de atualizações enviadas: 0
2026-09-04T02:15:00.000-03:00  INFO 22468 --- [ecommerce] [scheduling-1] c.d.e.service.SincronizacaoService       : Lendo VW_ECOMMERCE_PRECOS no banco de dados...
2026-09-04T02:15:00.054-03:00  INFO 22468 --- [ecommerce] [scheduling-1] c.d.e.service.SincronizacaoService       : Ciclo finalizado. Total de atualizações enviadas: 0
2026-09-04T02:15:00.055-03:00  INFO 22468 --- [ecommerce] [scheduling-1] c.d.e.s.SincronizacaoEstoqueService      : [ESTOQUE] Lendo VW_ECOMMERCE_ESTOQUE no banco de dados...
2026-09-04T02:15:00.078-03:00  INFO 22468 --- [ecommerce] [scheduling-1] c.d.e.s.SincronizacaoEstoqueService      : [ESTOQUE] Ciclo finalizado. Total de atualizações enviadas: 0
2026-09-04T02:16:00.001-03:00  INFO 22468 --- [ecommerce] [scheduling-1] c.d.e.s.SincronizacaoEstoqueService      : [ESTOQUE] Lendo VW_ECOMMERCE_ESTOQUE no banco de dados...
2026-09-04T02:16:00.058-03:00  INFO 22468 --- [ecommerce] [scheduling-1] c.d.e.s.SincronizacaoEstoqueService      : [ESTOQUE] Ciclo finalizado. Total de atualizações enviadas: 0
2026-09-04T02:16:00.059-03:00  INFO 22468 --- [ecommerce] [scheduling-1] c.d.e.service.SincronizacaoService       : Lendo VW_ECOMMERCE_PRECOS no banco de dados...
2026-09-04T02:16:00.110-03:00  INFO 22468 --- [ecommerce] [scheduling-1] c.d.e.service.SincronizacaoService       : Ciclo finalizado. Total de atualizações enviadas: 0
2026-09-04T02:16:59.999-03:00  INFO 22468 --- [ecommerce] [scheduling-1] c.d.e.s.SincronizacaoEstoqueService      : [ESTOQUE] Lendo VW_ECOMMERCE_ESTOQUE no banco de dados...
2026-09-04T02:17:00.080-03:00  INFO 22468 --- [ecommerce] [scheduling-1] c.d.e.s.SincronizacaoEstoqueService      : [ESTOQUE] Ciclo finalizado. Total de atualizações enviadas: 0
2026-09-04T02:17:00.080-03:00  INFO 22468 --- [ecommerce] [scheduling-1] c.d.e.service.SincronizacaoService       : Lendo VW_ECOMMERCE_PRECOS no banco de dados...
2026-09-04T02:17:00.125-03:00  INFO 22468 --- [ecommerce] [scheduling-1] c.d.e.service.SincronizacaoService       : Ciclo finalizado. Total de atualizações enviadas: 0
2026-09-04T02:18:00.000-03:00  INFO 22468 --- [ecommerce] [scheduling-1] c.d.e.service.SincronizacaoService       : Lendo VW_ECOMMERCE_PRECOS no banco de dados...
2026-09-04T02:18:00.050-03:00  INFO 22468 --- [ecommerce] [scheduling-1] c.d.e.service.SincronizacaoService       : Ciclo finalizado. Total de atualizações enviadas: 0
2026-09-04T02:18:00.050-03:00  INFO 22468 --- [ecommerce] [scheduling-1] c.d.e.s.SincronizacaoEstoqueService      : [ESTOQUE] Lendo VW_ECOMMERCE_ESTOQUE no banco de dados...
2026-09-04T02:18:00.083-03:00  INFO 22468 --- [ecommerce] [scheduling-1] c.d.e.s.SincronizacaoEstoqueService      : [ESTOQUE] Ciclo finalizado. Total de atualizações enviadas: 0
2026-09-04T02:19:00.001-03:00  INFO 22468 --- [ecommerce] [scheduling-1] c.d.e.s.SincronizacaoEstoqueService      : [ESTOQUE] Lendo VW_ECOMMERCE_ESTOQUE no banco de dados...
2026-09-04T02:19:00.089-03:00  INFO 22468 --- [ecommerce] [scheduling-1] c.d.e.s.SincronizacaoEstoqueService      : [ESTOQUE] Ciclo finalizado. Total de atualizações enviadas: 0
2026-09-04T02:19:00.089-03:00  INFO 22468 --- [ecommerce] [scheduling-1] c.d.e.service.SincronizacaoService       : Lendo VW_ECOMMERCE_PRECOS no banco de dados...
2026-09-04T02:19:00.134-03:00  INFO 22468 --- [ecommerce] [scheduling-1] c.d.e.service.SincronizacaoService       : Ciclo finalizado. Total de atualizações enviadas: 0
2026-09-04T02:20:00.000-03:00  INFO 22468 --- [ecommerce] [scheduling-1] c.d.e.service.SincronizacaoService       : Lendo VW_ECOMMERCE_PRECOS no banco de dados...
2026-09-04T02:20:00.052-03:00  INFO 22468 --- [ecommerce] [scheduling-1] c.d.e.service.SincronizacaoService       : Ciclo finalizado. Total de atualizações enviadas: 0
2026-09-04T02:20:00.052-03:00  INFO 22468 --- [ecommerce] [scheduling-1] c.d.e.s.SincronizacaoEstoqueService      : [ESTOQUE] Lendo VW_ECOMMERCE_ESTOQUE no banco de dados...
2026-09-04T02:20:00.093-03:00  INFO 22468 --- [ecommerce] [scheduling-1] c.d.e.s.SincronizacaoEstoqueService      : [ESTOQUE] Ciclo finalizado. Total de atualizações enviadas: 0
2026-09-04T02:21:00.001-03:00  INFO 22468 --- [ecommerce] [scheduling-1] c.d.e.service.SincronizacaoService       : Lendo VW_ECOMMERCE_PRECOS no banco de dados...
2026-09-04T02:21:00.105-03:00  INFO 22468 --- [ecommerce] [scheduling-1] c.d.e.service.SincronizacaoService       : Ciclo finalizado. Total de atualizações enviadas: 0
2026-09-04T02:21:00.105-03:00  INFO 22468 --- [ecommerce] [scheduling-1] c.d.e.s.SincronizacaoEstoqueService      : [ESTOQUE] Lendo VW_ECOMMERCE_ESTOQUE no banco de dados...
2026-09-04T02:21:00.128-03:00  INFO 22468 --- [ecommerce] [scheduling-1] c.d.e.s.SincronizacaoEstoqueService      : [ESTOQUE] Ciclo finalizado. Total de atualizações enviadas: 0
2026-09-04T02:21:59.999-03:00  INFO 22468 --- [ecommerce] [scheduling-1] c.d.e.s.SincronizacaoEstoqueService      : [ESTOQUE] Lendo VW_ECOMMERCE_ESTOQUE no banco de dados...
2026-09-04T02:22:00.067-03:00  INFO 22468 --- [ecommerce] [scheduling-1] c.d.e.s.SincronizacaoEstoqueService      : [ESTOQUE] Ciclo finalizado. Total de atualizações enviadas: 0
2026-09-04T02:22:00.067-03:00  INFO 22468 --- [ecommerce] [scheduling-1] c.d.e.service.SincronizacaoService       : Lendo VW_ECOMMERCE_PRECOS no banco de dados...
2026-09-04T02:22:00.112-03:00  INFO 22468 --- [ecommerce] [scheduling-1] c.d.e.service.SincronizacaoService       : Ciclo finalizado. Total de atualizações enviadas: 0
2026-09-04T02:23:00.001-03:00  INFO 22468 --- [ecommerce] [scheduling-1] c.d.e.service.SincronizacaoService       : Lendo VW_ECOMMERCE_PRECOS no banco de dados...
2026-09-04T02:23:00.099-03:00  INFO 22468 --- [ecommerce] [scheduling-1] c.d.e.service.SincronizacaoService       : Ciclo finalizado. Total de atualizações enviadas: 0
2026-09-04T02:23:00.100-03:00  INFO 22468 --- [ecommerce] [scheduling-1] c.d.e.s.SincronizacaoEstoqueService      : [ESTOQUE] Lendo VW_ECOMMERCE_ESTOQUE no banco de dados...
2026-09-04T02:23:00.127-03:00  INFO 22468 --- [ecommerce] [scheduling-1] c.d.e.s.SincronizacaoEstoqueService      : [ESTOQUE] Ciclo finalizado. Total de atualizações enviadas: 0
2026-09-04T02:23:59.999-03:00  INFO 22468 --- [ecommerce] [scheduling-1] c.d.e.service.SincronizacaoService       : Lendo VW_ECOMMERCE_PRECOS no banco de dados...
2026-09-04T02:24:00.052-03:00  INFO 22468 --- [ecommerce] [scheduling-1] c.d.e.service.SincronizacaoService       : Ciclo finalizado. Total de atualizações enviadas: 0
2026-09-04T02:24:00.052-03:00  INFO 22468 --- [ecommerce] [scheduling-1] c.d.e.s.SincronizacaoEstoqueService      : [ESTOQUE] Lendo VW_ECOMMERCE_ESTOQUE no banco de dados...
2026-09-04T02:24:00.084-03:00  INFO 22468 --- [ecommerce] [scheduling-1] c.d.e.s.SincronizacaoEstoqueService      : [ESTOQUE] Ciclo finalizado. Total de atualizações enviadas: 0
2026-09-04T02:25:00.001-03:00  INFO 22468 --- [ecommerce] [scheduling-1] c.d.e.s.SincronizacaoEstoqueService      : [ESTOQUE] Lendo VW_ECOMMERCE_ESTOQUE no banco de dados...
2026-09-04T02:25:00.064-03:00  INFO 22468 --- [ecommerce] [scheduling-1] c.d.e.s.SincronizacaoEstoqueService      : [ESTOQUE] Ciclo finalizado. Total de atualizações enviadas: 0
2026-09-04T02:25:00.064-03:00  INFO 22468 --- [ecommerce] [scheduling-1] c.d.e.service.SincronizacaoService       : Lendo VW_ECOMMERCE_PRECOS no banco de dados...
2026-09-04T02:25:00.110-03:00  INFO 22468 --- [ecommerce] [scheduling-1] c.d.e.service.SincronizacaoService       : Ciclo finalizado. Total de atualizações enviadas: 0
2026-09-04T02:26:00.000-03:00  INFO 22468 --- [ecommerce] [scheduling-1] c.d.e.service.SincronizacaoService       : Lendo VW_ECOMMERCE_PRECOS no banco de dados...
2026-09-04T02:26:00.098-03:00  INFO 22468 --- [ecommerce] [scheduling-1] c.d.e.service.SincronizacaoService       : Ciclo finalizado. Total de atualizações enviadas: 0
2026-09-04T02:26:00.098-03:00  INFO 22468 --- [ecommerce] [scheduling-1] c.d.e.s.SincronizacaoEstoqueService      : [ESTOQUE] Lendo VW_ECOMMERCE_ESTOQUE no banco de dados...
2026-09-04T02:26:00.125-03:00  INFO 22468 --- [ecommerce] [scheduling-1] c.d.e.s.SincronizacaoEstoqueService      : [ESTOQUE] Ciclo finalizado. Total de atualizações enviadas: 0
2026-09-04T02:27:00.000-03:00  INFO 22468 --- [ecommerce] [scheduling-1] c.d.e.service.SincronizacaoService       : Lendo VW_ECOMMERCE_PRECOS no banco de dados...
2026-09-04T02:27:00.099-03:00  INFO 22468 --- [ecommerce] [scheduling-1] c.d.e.service.SincronizacaoService       : Ciclo finalizado. Total de atualizações enviadas: 0
2026-09-04T02:27:00.099-03:00  INFO 22468 --- [ecommerce] [scheduling-1] c.d.e.s.SincronizacaoEstoqueService      : [ESTOQUE] Lendo VW_ECOMMERCE_ESTOQUE no banco de dados...
2026-09-04T02:27:00.123-03:00  INFO 22468 --- [ecommerce] [scheduling-1] c.d.e.s.SincronizacaoEstoqueService      : [ESTOQUE] Ciclo finalizado. Total de atualizações enviadas: 0
2026-09-04T02:28:00.000-03:00  INFO 22468 --- [ecommerce] [scheduling-1] c.d.e.service.SincronizacaoService       : Lendo VW_ECOMMERCE_PRECOS no banco de dados...
2026-09-04T02:28:00.081-03:00  INFO 22468 --- [ecommerce] [scheduling-1] c.d.e.service.SincronizacaoService       : Ciclo finalizado. Total de atualizações enviadas: 0
2026-09-04T02:28:00.081-03:00  INFO 22468 --- [ecommerce] [scheduling-1] c.d.e.s.SincronizacaoEstoqueService      : [ESTOQUE] Lendo VW_ECOMMERCE_ESTOQUE no banco de dados...
2026-09-04T02:28:00.109-03:00  INFO 22468 --- [ecommerce] [scheduling-1] c.d.e.s.SincronizacaoEstoqueService      : [ESTOQUE] Ciclo finalizado. Total de atualizações enviadas: 0
2026-09-04T02:29:00.000-03:00  INFO 22468 --- [ecommerce] [scheduling-1] c.d.e.service.SincronizacaoService       : Lendo VW_ECOMMERCE_PRECOS no banco de dados...
2026-09-04T02:29:00.050-03:00  INFO 22468 --- [ecommerce] [scheduling-1] c.d.e.service.SincronizacaoService       : Ciclo finalizado. Total de atualizações enviadas: 0
2026-09-04T02:29:00.050-03:00  INFO 22468 --- [ecommerce] [scheduling-1] c.d.e.s.SincronizacaoEstoqueService      : [ESTOQUE] Lendo VW_ECOMMERCE_ESTOQUE no banco de dados...
2026-09-04T02:29:00.075-03:00  INFO 22468 --- [ecommerce] [scheduling-1] c.d.e.s.SincronizacaoEstoqueService      : [ESTOQUE] Ciclo finalizado. Total de atualizações enviadas: 0
2026-09-04T02:30:00.000-03:00  INFO 22468 --- [ecommerce] [scheduling-1] c.d.e.s.SincronizacaoEstoqueService      : [ESTOQUE] Lendo VW_ECOMMERCE_ESTOQUE no banco de dados...
2026-09-04T02:30:00.074-03:00  INFO 22468 --- [ecommerce] [scheduling-1] c.d.e.s.SincronizacaoEstoqueService      : [ESTOQUE] Ciclo finalizado. Total de atualizações enviadas: 0
2026-09-04T02:30:00.074-03:00  INFO 22468 --- [ecommerce] [scheduling-1] c.d.e.service.SincronizacaoService       : Lendo VW_ECOMMERCE_PRECOS no banco de dados...
2026-09-04T02:30:00.123-03:00  INFO 22468 --- [ecommerce] [scheduling-1] c.d.e.service.SincronizacaoService       : Ciclo finalizado. Total de atualizações enviadas: 0
2026-09-04T02:31:00.000-03:00  INFO 22468 --- [ecommerce] [scheduling-1] c.d.e.s.SincronizacaoEstoqueService      : [ESTOQUE] Lendo VW_ECOMMERCE_ESTOQUE no banco de dados...
2026-09-04T02:31:00.028-03:00  INFO 22468 --- [ecommerce] [scheduling-1] c.d.e.s.SincronizacaoEstoqueService      : [ESTOQUE] Ciclo finalizado. Total de atualizações enviadas: 0
2026-09-04T02:31:00.028-03:00  INFO 22468 --- [ecommerce] [scheduling-1] c.d.e.service.SincronizacaoService       : Lendo VW_ECOMMERCE_PRECOS no banco de dados...
2026-09-04T02:31:00.074-03:00  INFO 22468 --- [ecommerce] [scheduling-1] c.d.e.service.SincronizacaoService       : Ciclo finalizado. Total de atualizações enviadas: 0
2026-09-04T02:32:00.000-03:00  INFO 22468 --- [ecommerce] [scheduling-1] c.d.e.s.SincronizacaoEstoqueService      : [ESTOQUE] Lendo VW_ECOMMERCE_ESTOQUE no banco de dados...
2026-09-04T02:32:00.032-03:00  INFO 22468 --- [ecommerce] [scheduling-1] c.d.e.s.SincronizacaoEstoqueService      : [ESTOQUE] Ciclo finalizado. Total de atualizações enviadas: 0
2026-09-04T02:32:00.032-03:00  INFO 22468 --- [ecommerce] [scheduling-1] c.d.e.service.SincronizacaoService       : Lendo VW_ECOMMERCE_PRECOS no banco de dados...
2026-09-04T02:32:00.076-03:00  INFO 22468 --- [ecommerce] [scheduling-1] c.d.e.service.SincronizacaoService       : Ciclo finalizado. Total de atualizações enviadas: 0
2026-09-04T02:33:00.000-03:00  INFO 22468 --- [ecommerce] [scheduling-1] c.d.e.s.SincronizacaoEstoqueService      : [ESTOQUE] Lendo VW_ECOMMERCE_ESTOQUE no banco de dados...
2026-09-04T02:33:00.055-03:00  INFO 22468 --- [ecommerce] [scheduling-1] c.d.e.s.SincronizacaoEstoqueService      : [ESTOQUE] Ciclo finalizado. Total de atualizações enviadas: 0
2026-09-04T02:33:00.056-03:00  INFO 22468 --- [ecommerce] [scheduling-1] c.d.e.service.SincronizacaoService       : Lendo VW_ECOMMERCE_PRECOS no banco de dados...
2026-09-04T02:33:00.101-03:00  INFO 22468 --- [ecommerce] [scheduling-1] c.d.e.service.SincronizacaoService       : Ciclo finalizado. Total de atualizações enviadas: 0
2026-09-04T02:34:00.000-03:00  INFO 22468 --- [ecommerce] [scheduling-1] c.d.e.s.SincronizacaoEstoqueService      : [ESTOQUE] Lendo VW_ECOMMERCE_ESTOQUE no banco de dados...
2026-09-04T02:34:00.048-03:00  INFO 22468 --- [ecommerce] [scheduling-1] c.d.e.s.SincronizacaoEstoqueService      : [ESTOQUE] Ciclo finalizado. Total de atualizações enviadas: 0
2026-09-04T02:34:00.048-03:00  INFO 22468 --- [ecommerce] [scheduling-1] c.d.e.service.SincronizacaoService       : Lendo VW_ECOMMERCE_PRECOS no banco de dados...
2026-09-04T02:34:00.094-03:00  INFO 22468 --- [ecommerce] [scheduling-1] c.d.e.service.SincronizacaoService       : Ciclo finalizado. Total de atualizações enviadas: 0
2026-09-04T02:35:00.000-03:00  INFO 22468 --- [ecommerce] [scheduling-1] c.d.e.s.SincronizacaoEstoqueService      : [ESTOQUE] Lendo VW_ECOMMERCE_ESTOQUE no banco de dados...
2026-09-04T02:35:00.076-03:00  INFO 22468 --- [ecommerce] [scheduling-1] c.d.e.s.SincronizacaoEstoqueService      : [ESTOQUE] Ciclo finalizado. Total de atualizações enviadas: 0
2026-09-04T02:35:00.076-03:00  INFO 22468 --- [ecommerce] [scheduling-1] c.d.e.service.SincronizacaoService       : Lendo VW_ECOMMERCE_PRECOS no banco de dados...
2026-09-04T02:35:00.120-03:00  INFO 22468 --- [ecommerce] [scheduling-1] c.d.e.service.SincronizacaoService       : Ciclo finalizado. Total de atualizações enviadas: 0
2026-09-04T02:36:00.000-03:00  INFO 22468 --- [ecommerce] [scheduling-1] c.d.e.s.SincronizacaoEstoqueService      : [ESTOQUE] Lendo VW_ECOMMERCE_ESTOQUE no banco de dados...
2026-09-04T02:36:00.073-03:00  INFO 22468 --- [ecommerce] [scheduling-1] c.d.e.s.SincronizacaoEstoqueService      : [ESTOQUE] Ciclo finalizado. Total de atualizações enviadas: 0
2026-09-04T02:36:00.073-03:00  INFO 22468 --- [ecommerce] [scheduling-1] c.d.e.service.SincronizacaoService       : Lendo VW_ECOMMERCE_PRECOS no banco de dados...
2026-09-04T02:36:00.119-03:00  INFO 22468 --- [ecommerce] [scheduling-1] c.d.e.service.SincronizacaoService       : Ciclo finalizado. Total de atualizações enviadas: 0
2026-09-04T02:37:00.000-03:00  INFO 22468 --- [ecommerce] [scheduling-1] c.d.e.service.SincronizacaoService       : Lendo VW_ECOMMERCE_PRECOS no banco de dados...
2026-09-04T02:37:00.057-03:00  INFO 22468 --- [ecommerce] [scheduling-1] c.d.e.service.SincronizacaoService       : Ciclo finalizado. Total de atualizações enviadas: 0
2026-09-04T02:37:00.057-03:00  INFO 22468 --- [ecommerce] [scheduling-1] c.d.e.s.SincronizacaoEstoqueService      : [ESTOQUE] Lendo VW_ECOMMERCE_ESTOQUE no banco de dados...
2026-09-04T02:37:00.086-03:00  INFO 22468 --- [ecommerce] [scheduling-1] c.d.e.s.SincronizacaoEstoqueService      : [ESTOQUE] Ciclo finalizado. Total de atualizações enviadas: 0
2026-09-04T02:38:00.000-03:00  INFO 22468 --- [ecommerce] [scheduling-1] c.d.e.service.SincronizacaoService       : Lendo VW_ECOMMERCE_PRECOS no banco de dados...
2026-09-04T02:38:00.076-03:00  INFO 22468 --- [ecommerce] [scheduling-1] c.d.e.service.SincronizacaoService       : Ciclo finalizado. Total de atualizações enviadas: 0
2026-09-04T02:38:00.076-03:00  INFO 22468 --- [ecommerce] [scheduling-1] c.d.e.s.SincronizacaoEstoqueService      : [ESTOQUE] Lendo VW_ECOMMERCE_ESTOQUE no banco de dados...
2026-09-04T02:38:00.107-03:00  INFO 22468 --- [ecommerce] [scheduling-1] c.d.e.s.SincronizacaoEstoqueService      : [ESTOQUE] Ciclo finalizado. Total de atualizações enviadas: 0
2026-09-04T02:39:00.000-03:00  INFO 22468 --- [ecommerce] [scheduling-1] c.d.e.s.SincronizacaoEstoqueService      : [ESTOQUE] Lendo VW_ECOMMERCE_ESTOQUE no banco de dados...
2026-09-04T02:39:00.032-03:00  INFO 22468 --- [ecommerce] [scheduling-1] c.d.e.s.SincronizacaoEstoqueService      : [ESTOQUE] Ciclo finalizado. Total de atualizações enviadas: 0
2026-09-04T02:39:00.032-03:00  INFO 22468 --- [ecommerce] [scheduling-1] c.d.e.service.SincronizacaoService       : Lendo VW_ECOMMERCE_PRECOS no banco de dados...
2026-09-04T02:39:00.080-03:00  INFO 22468 --- [ecommerce] [scheduling-1] c.d.e.service.SincronizacaoService       : Ciclo finalizado. Total de atualizações enviadas: 0
2026-09-04T02:40:00.000-03:00  INFO 22468 --- [ecommerce] [scheduling-1] c.d.e.service.SincronizacaoService       : Lendo VW_ECOMMERCE_PRECOS no banco de dados...
2026-09-04T02:40:00.092-03:00  INFO 22468 --- [ecommerce] [scheduling-1] c.d.e.service.SincronizacaoService       : Ciclo finalizado. Total de atualizações enviadas: 0
2026-09-04T02:40:00.092-03:00  INFO 22468 --- [ecommerce] [scheduling-1] c.d.e.s.SincronizacaoEstoqueService      : [ESTOQUE] Lendo VW_ECOMMERCE_ESTOQUE no banco de dados...
2026-09-04T02:40:00.119-03:00  INFO 22468 --- [ecommerce] [scheduling-1] c.d.e.s.SincronizacaoEstoqueService      : [ESTOQUE] Ciclo finalizado. Total de atualizações enviadas: 0
2026-09-04T02:41:00.000-03:00  INFO 22468 --- [ecommerce] [scheduling-1] c.d.e.service.SincronizacaoService       : Lendo VW_ECOMMERCE_PRECOS no banco de dados...
2026-09-04T02:41:00.052-03:00  INFO 22468 --- [ecommerce] [scheduling-1] c.d.e.service.SincronizacaoService       : Ciclo finalizado. Total de atualizações enviadas: 0
2026-09-04T02:41:00.052-03:00  INFO 22468 --- [ecommerce] [scheduling-1] c.d.e.s.SincronizacaoEstoqueService      : [ESTOQUE] Lendo VW_ECOMMERCE_ESTOQUE no banco de dados...
2026-09-04T02:41:00.084-03:00  INFO 22468 --- [ecommerce] [scheduling-1] c.d.e.s.SincronizacaoEstoqueService      : [ESTOQUE] Ciclo finalizado. Total de atualizações enviadas: 0
2026-09-04T02:42:00.000-03:00  INFO 22468 --- [ecommerce] [scheduling-1] c.d.e.s.SincronizacaoEstoqueService      : [ESTOQUE] Lendo VW_ECOMMERCE_ESTOQUE no banco de dados...
2026-09-04T02:42:00.082-03:00  INFO 22468 --- [ecommerce] [scheduling-1] c.d.e.s.SincronizacaoEstoqueService      : [ESTOQUE] Ciclo finalizado. Total de atualizações enviadas: 0
2026-09-04T02:42:00.082-03:00  INFO 22468 --- [ecommerce] [scheduling-1] c.d.e.service.SincronizacaoService       : Lendo VW_ECOMMERCE_PRECOS no banco de dados...
2026-09-04T02:42:00.130-03:00  INFO 22468 --- [ecommerce] [scheduling-1] c.d.e.service.SincronizacaoService       : Ciclo finalizado. Total de atualizações enviadas: 0
2026-09-04T02:43:00.000-03:00  INFO 22468 --- [ecommerce] [scheduling-1] c.d.e.service.SincronizacaoService       : Lendo VW_ECOMMERCE_PRECOS no banco de dados...
2026-09-04T02:43:00.075-03:00  INFO 22468 --- [ecommerce] [scheduling-1] c.d.e.service.SincronizacaoService       : Ciclo finalizado. Total de atualizações enviadas: 0
2026-09-04T02:43:00.076-03:00  INFO 22468 --- [ecommerce] [scheduling-1] c.d.e.s.SincronizacaoEstoqueService      : [ESTOQUE] Lendo VW_ECOMMERCE_ESTOQUE no banco de dados...
2026-09-04T02:43:00.107-03:00  INFO 22468 --- [ecommerce] [scheduling-1] c.d.e.s.SincronizacaoEstoqueService      : [ESTOQUE] Ciclo finalizado. Total de atualizações enviadas: 0
2026-09-04T02:44:00.000-03:00  INFO 22468 --- [ecommerce] [scheduling-1] c.d.e.service.SincronizacaoService       : Lendo VW_ECOMMERCE_PRECOS no banco de dados...
2026-09-04T02:44:00.094-03:00  INFO 22468 --- [ecommerce] [scheduling-1] c.d.e.service.SincronizacaoService       : Ciclo finalizado. Total de atualizações enviadas: 0
2026-09-04T02:44:00.094-03:00  INFO 22468 --- [ecommerce] [scheduling-1] c.d.e.s.SincronizacaoEstoqueService      : [ESTOQUE] Lendo VW_ECOMMERCE_ESTOQUE no banco de dados...
2026-09-04T02:44:00.122-03:00  INFO 22468 --- [ecommerce] [scheduling-1] c.d.e.s.SincronizacaoEstoqueService      : [ESTOQUE] Ciclo finalizado. Total de atualizações enviadas: 0
2026-09-04T02:45:00.000-03:00  INFO 22468 --- [ecommerce] [scheduling-1] c.d.e.s.SincronizacaoEstoqueService      : [ESTOQUE] Lendo VW_ECOMMERCE_ESTOQUE no banco de dados...
2026-09-04T02:45:00.075-03:00  INFO 22468 --- [ecommerce] [scheduling-1] c.d.e.s.SincronizacaoEstoqueService      : [ESTOQUE] Ciclo finalizado. Total de atualizações enviadas: 0
2026-09-04T02:45:00.076-03:00  INFO 22468 --- [ecommerce] [scheduling-1] c.d.e.service.SincronizacaoService       : Lendo VW_ECOMMERCE_PRECOS no banco de dados...
2026-09-04T02:45:00.124-03:00  INFO 22468 --- [ecommerce] [scheduling-1] c.d.e.service.SincronizacaoService       : Ciclo finalizado. Total de atualizações enviadas: 0
2026-09-04T02:46:00.001-03:00  INFO 22468 --- [ecommerce] [scheduling-1] c.d.e.s.SincronizacaoEstoqueService      : [ESTOQUE] Lendo VW_ECOMMERCE_ESTOQUE no banco de dados...
2026-09-04T02:46:00.049-03:00  INFO 22468 --- [ecommerce] [scheduling-1] c.d.e.s.SincronizacaoEstoqueService      : [ESTOQUE] Ciclo finalizado. Total de atualizações enviadas: 0
2026-09-04T02:46:00.049-03:00  INFO 22468 --- [ecommerce] [scheduling-1] c.d.e.service.SincronizacaoService       : Lendo VW_ECOMMERCE_PRECOS no banco de dados...
2026-09-04T02:46:00.097-03:00  INFO 22468 --- [ecommerce] [scheduling-1] c.d.e.service.SincronizacaoService       : Ciclo finalizado. Total de atualizações enviadas: 0
2026-09-04T02:47:00.000-03:00  INFO 22468 --- [ecommerce] [scheduling-1] c.d.e.service.SincronizacaoService       : Lendo VW_ECOMMERCE_PRECOS no banco de dados...
2026-09-04T02:47:00.048-03:00  INFO 22468 --- [ecommerce] [scheduling-1] c.d.e.service.SincronizacaoService       : Ciclo finalizado. Total de atualizações enviadas: 0
2026-09-04T02:47:00.048-03:00  INFO 22468 --- [ecommerce] [scheduling-1] c.d.e.s.SincronizacaoEstoqueService      : [ESTOQUE] Lendo VW_ECOMMERCE_ESTOQUE no banco de dados...
2026-09-04T02:47:00.090-03:00  INFO 22468 --- [ecommerce] [scheduling-1] c.d.e.s.SincronizacaoEstoqueService      : [ESTOQUE] Ciclo finalizado. Total de atualizações enviadas: 0
2026-09-04T02:48:00.001-03:00  INFO 22468 --- [ecommerce] [scheduling-1] c.d.e.s.SincronizacaoEstoqueService      : [ESTOQUE] Lendo VW_ECOMMERCE_ESTOQUE no banco de dados...
2026-09-04T02:48:00.074-03:00  INFO 22468 --- [ecommerce] [scheduling-1] c.d.e.s.SincronizacaoEstoqueService      : [ESTOQUE] Ciclo finalizado. Total de atualizações enviadas: 0
2026-09-04T02:48:00.075-03:00  INFO 22468 --- [ecommerce] [scheduling-1] c.d.e.service.SincronizacaoService       : Lendo VW_ECOMMERCE_PRECOS no banco de dados...
2026-09-04T02:48:00.117-03:00  INFO 22468 --- [ecommerce] [scheduling-1] c.d.e.service.SincronizacaoService       : Ciclo finalizado. Total de atualizações enviadas: 0
2026-09-04T02:49:00.000-03:00  INFO 22468 --- [ecommerce] [scheduling-1] c.d.e.service.SincronizacaoService       : Lendo VW_ECOMMERCE_PRECOS no banco de dados...
2026-09-04T02:49:00.051-03:00  INFO 22468 --- [ecommerce] [scheduling-1] c.d.e.service.SincronizacaoService       : Ciclo finalizado. Total de atualizações enviadas: 0
2026-09-04T02:49:00.051-03:00  INFO 22468 --- [ecommerce] [scheduling-1] c.d.e.s.SincronizacaoEstoqueService      : [ESTOQUE] Lendo VW_ECOMMERCE_ESTOQUE no banco de dados...
2026-09-04T02:49:00.072-03:00  INFO 22468 --- [ecommerce] [scheduling-1] c.d.e.s.SincronizacaoEstoqueService      : [ESTOQUE] Ciclo finalizado. Total de atualizações enviadas: 0
2026-09-04T02:50:00.000-03:00  INFO 22468 --- [ecommerce] [scheduling-1] c.d.e.s.SincronizacaoEstoqueService      : [ESTOQUE] Lendo VW_ECOMMERCE_ESTOQUE no banco de dados...
2026-09-04T02:50:00.076-03:00  INFO 22468 --- [ecommerce] [scheduling-1] c.d.e.s.SincronizacaoEstoqueService      : [ESTOQUE] Ciclo finalizado. Total de atualizações enviadas: 0
2026-09-04T02:50:00.077-03:00  INFO 22468 --- [ecommerce] [scheduling-1] c.d.e.service.SincronizacaoService       : Lendo VW_ECOMMERCE_PRECOS no banco de dados...
2026-09-04T02:50:00.123-03:00  INFO 22468 --- [ecommerce] [scheduling-1] c.d.e.service.SincronizacaoService       : Ciclo finalizado. Total de atualizações enviadas: 0
2026-09-04T02:50:59.999-03:00  INFO 22468 --- [ecommerce] [scheduling-1] c.d.e.s.SincronizacaoEstoqueService      : [ESTOQUE] Lendo VW_ECOMMERCE_ESTOQUE no banco de dados...
2026-09-04T02:51:00.093-03:00  INFO 22468 --- [ecommerce] [scheduling-1] c.d.e.s.SincronizacaoEstoqueService      : [ESTOQUE] Ciclo finalizado. Total de atualizações enviadas: 0
2026-09-04T02:51:00.093-03:00  INFO 22468 --- [ecommerce] [scheduling-1] c.d.e.service.SincronizacaoService       : Lendo VW_ECOMMERCE_PRECOS no banco de dados...
2026-09-04T02:51:00.142-03:00  INFO 22468 --- [ecommerce] [scheduling-1] c.d.e.service.SincronizacaoService       : Ciclo finalizado. Total de atualizações enviadas: 0
2026-09-04T02:52:00.000-03:00  INFO 22468 --- [ecommerce] [scheduling-1] c.d.e.service.SincronizacaoService       : Lendo VW_ECOMMERCE_PRECOS no banco de dados...
2026-09-04T02:52:00.057-03:00  INFO 22468 --- [ecommerce] [scheduling-1] c.d.e.service.SincronizacaoService       : Ciclo finalizado. Total de atualizações enviadas: 0
2026-09-04T02:52:00.058-03:00  INFO 22468 --- [ecommerce] [scheduling-1] c.d.e.s.SincronizacaoEstoqueService      : [ESTOQUE] Lendo VW_ECOMMERCE_ESTOQUE no banco de dados...
2026-09-04T02:52:00.090-03:00  INFO 22468 --- [ecommerce] [scheduling-1] c.d.e.s.SincronizacaoEstoqueService      : [ESTOQUE] Ciclo finalizado. Total de atualizações enviadas: 0
2026-09-04T02:53:00.000-03:00  INFO 22468 --- [ecommerce] [scheduling-1] c.d.e.service.SincronizacaoService       : Lendo VW_ECOMMERCE_PRECOS no banco de dados...
2026-09-04T02:53:00.107-03:00  INFO 22468 --- [ecommerce] [scheduling-1] c.d.e.service.SincronizacaoService       : Ciclo finalizado. Total de atualizações enviadas: 0
2026-09-04T02:53:00.107-03:00  INFO 22468 --- [ecommerce] [scheduling-1] c.d.e.s.SincronizacaoEstoqueService      : [ESTOQUE] Lendo VW_ECOMMERCE_ESTOQUE no banco de dados...
2026-09-04T02:53:00.137-03:00  INFO 22468 --- [ecommerce] [scheduling-1] c.d.e.s.SincronizacaoEstoqueService      : [ESTOQUE] Ciclo finalizado. Total de atualizações enviadas: 0
2026-09-04T02:54:00.000-03:00  INFO 22468 --- [ecommerce] [scheduling-1] c.d.e.s.SincronizacaoEstoqueService      : [ESTOQUE] Lendo VW_ECOMMERCE_ESTOQUE no banco de dados...
2026-09-04T02:54:00.094-03:00  INFO 22468 --- [ecommerce] [scheduling-1] c.d.e.s.SincronizacaoEstoqueService      : [ESTOQUE] Ciclo finalizado. Total de atualizações enviadas: 0
2026-09-04T02:54:00.094-03:00  INFO 22468 --- [ecommerce] [scheduling-1] c.d.e.service.SincronizacaoService       : Lendo VW_ECOMMERCE_PRECOS no banco de dados...
2026-09-04T02:54:00.137-03:00  INFO 22468 --- [ecommerce] [scheduling-1] c.d.e.service.SincronizacaoService       : Ciclo finalizado. Total de atualizações enviadas: 0
2026-09-04T02:55:00.000-03:00  INFO 22468 --- [ecommerce] [scheduling-1] c.d.e.s.SincronizacaoEstoqueService      : [ESTOQUE] Lendo VW_ECOMMERCE_ESTOQUE no banco de dados...
2026-09-04T02:55:00.061-03:00  INFO 22468 --- [ecommerce] [scheduling-1] c.d.e.s.SincronizacaoEstoqueService      : [ESTOQUE] Ciclo finalizado. Total de atualizações enviadas: 0
2026-09-04T02:55:00.061-03:00  INFO 22468 --- [ecommerce] [scheduling-1] c.d.e.service.SincronizacaoService       : Lendo VW_ECOMMERCE_PRECOS no banco de dados...
2026-09-04T02:55:00.107-03:00  INFO 22468 --- [ecommerce] [scheduling-1] c.d.e.service.SincronizacaoService       : Ciclo finalizado. Total de atualizações enviadas: 0
2026-09-04T02:56:00.000-03:00  INFO 22468 --- [ecommerce] [scheduling-1] c.d.e.service.SincronizacaoService       : Lendo VW_ECOMMERCE_PRECOS no banco de dados...
2026-09-04T02:56:00.099-03:00  INFO 22468 --- [ecommerce] [scheduling-1] c.d.e.service.SincronizacaoService       : Ciclo finalizado. Total de atualizações enviadas: 0
2026-09-04T02:56:00.099-03:00  INFO 22468 --- [ecommerce] [scheduling-1] c.d.e.s.SincronizacaoEstoqueService      : [ESTOQUE] Lendo VW_ECOMMERCE_ESTOQUE no banco de dados...
2026-09-04T02:56:00.121-03:00  INFO 22468 --- [ecommerce] [scheduling-1] c.d.e.s.SincronizacaoEstoqueService      : [ESTOQUE] Ciclo finalizado. Total de atualizações enviadas: 0
2026-09-04T02:57:00.000-03:00  INFO 22468 --- [ecommerce] [scheduling-1] c.d.e.s.SincronizacaoEstoqueService      : [ESTOQUE] Lendo VW_ECOMMERCE_ESTOQUE no banco de dados...
2026-09-04T02:57:00.068-03:00  INFO 22468 --- [ecommerce] [scheduling-1] c.d.e.s.SincronizacaoEstoqueService      : [ESTOQUE] Ciclo finalizado. Total de atualizações enviadas: 0
2026-09-04T02:57:00.068-03:00  INFO 22468 --- [ecommerce] [scheduling-1] c.d.e.service.SincronizacaoService       : Lendo VW_ECOMMERCE_PRECOS no banco de dados...
2026-09-04T02:57:00.113-03:00  INFO 22468 --- [ecommerce] [scheduling-1] c.d.e.service.SincronizacaoService       : Ciclo finalizado. Total de atualizações enviadas: 0
2026-09-04T02:58:00.000-03:00  INFO 22468 --- [ecommerce] [scheduling-1] c.d.e.service.SincronizacaoService       : Lendo VW_ECOMMERCE_PRECOS no banco de dados...
2026-09-04T02:58:00.059-03:00  INFO 22468 --- [ecommerce] [scheduling-1] c.d.e.service.SincronizacaoService       : Ciclo finalizado. Total de atualizações enviadas: 0
2026-09-04T02:58:00.060-03:00  INFO 22468 --- [ecommerce] [scheduling-1] c.d.e.s.SincronizacaoEstoqueService      : [ESTOQUE] Lendo VW_ECOMMERCE_ESTOQUE no banco de dados...
2026-09-04T02:58:00.091-03:00  INFO 22468 --- [ecommerce] [scheduling-1] c.d.e.s.SincronizacaoEstoqueService      : [ESTOQUE] Ciclo finalizado. Total de atualizações enviadas: 0
2026-09-04T02:59:00.000-03:00  INFO 22468 --- [ecommerce] [scheduling-1] c.d.e.service.SincronizacaoService       : Lendo VW_ECOMMERCE_PRECOS no banco de dados...
2026-09-04T02:59:00.053-03:00  INFO 22468 --- [ecommerce] [scheduling-1] c.d.e.service.SincronizacaoService       : Ciclo finalizado. Total de atualizações enviadas: 0
2026-09-04T02:59:00.054-03:00  INFO 22468 --- [ecommerce] [scheduling-1] c.d.e.s.SincronizacaoEstoqueService      : [ESTOQUE] Lendo VW_ECOMMERCE_ESTOQUE no banco de dados...
2026-09-04T02:59:00.086-03:00  INFO 22468 --- [ecommerce] [scheduling-1] c.d.e.s.SincronizacaoEstoqueService      : [ESTOQUE] Ciclo finalizado. Total de atualizações enviadas: 0
2026-09-04T03:00:00.000-03:00  INFO 22468 --- [ecommerce] [scheduling-1] c.d.e.service.SincronizacaoService       : Lendo VW_ECOMMERCE_PRECOS no banco de dados...
2026-09-04T03:00:00.079-03:00  INFO 22468 --- [ecommerce] [scheduling-1] c.d.e.service.SincronizacaoService       : Ciclo finalizado. Total de atualizações enviadas: 0
2026-09-04T03:00:00.079-03:00  INFO 22468 --- [ecommerce] [scheduling-1] c.d.e.s.SincronizacaoEstoqueService      : [ESTOQUE] Lendo VW_ECOMMERCE_ESTOQUE no banco de dados...
2026-09-04T03:00:00.111-03:00  INFO 22468 --- [ecommerce] [scheduling-1] c.d.e.s.SincronizacaoEstoqueService      : [ESTOQUE] Ciclo finalizado. Total de atualizações enviadas: 0
2026-09-04T03:01:00.000-03:00  INFO 22468 --- [ecommerce] [scheduling-1] c.d.e.service.SincronizacaoService       : Lendo VW_ECOMMERCE_PRECOS no banco de dados...
2026-09-04T03:01:00.097-03:00  INFO 22468 --- [ecommerce] [scheduling-1] c.d.e.service.SincronizacaoService       : Ciclo finalizado. Total de atualizações enviadas: 0
2026-09-04T03:01:00.097-03:00  INFO 22468 --- [ecommerce] [scheduling-1] c.d.e.s.SincronizacaoEstoqueService      : [ESTOQUE] Lendo VW_ECOMMERCE_ESTOQUE no banco de dados...
2026-09-04T03:01:00.120-03:00  INFO 22468 --- [ecommerce] [scheduling-1] c.d.e.s.SincronizacaoEstoqueService      : [ESTOQUE] Ciclo finalizado. Total de atualizações enviadas: 0
2026-09-04T03:02:00.000-03:00  INFO 22468 --- [ecommerce] [scheduling-1] c.d.e.s.SincronizacaoEstoqueService      : [ESTOQUE] Lendo VW_ECOMMERCE_ESTOQUE no banco de dados...
2026-09-04T03:02:00.071-03:00  INFO 22468 --- [ecommerce] [scheduling-1] c.d.e.s.SincronizacaoEstoqueService      : [ESTOQUE] Ciclo finalizado. Total de atualizações enviadas: 0
2026-09-04T03:02:00.072-03:00  INFO 22468 --- [ecommerce] [scheduling-1] c.d.e.service.SincronizacaoService       : Lendo VW_ECOMMERCE_PRECOS no banco de dados...
2026-09-04T03:02:00.116-03:00  INFO 22468 --- [ecommerce] [scheduling-1] c.d.e.service.SincronizacaoService       : Ciclo finalizado. Total de atualizações enviadas: 0
2026-09-04T03:02:59.999-03:00  INFO 22468 --- [ecommerce] [scheduling-1] c.d.e.service.SincronizacaoService       : Lendo VW_ECOMMERCE_PRECOS no banco de dados...
2026-09-04T03:03:00.060-03:00  INFO 22468 --- [ecommerce] [scheduling-1] c.d.e.service.SincronizacaoService       : Ciclo finalizado. Total de atualizações enviadas: 0
2026-09-04T03:03:00.060-03:00  INFO 22468 --- [ecommerce] [scheduling-1] c.d.e.s.SincronizacaoEstoqueService      : [ESTOQUE] Lendo VW_ECOMMERCE_ESTOQUE no banco de dados...
2026-09-04T03:03:00.093-03:00  INFO 22468 --- [ecommerce] [scheduling-1] c.d.e.s.SincronizacaoEstoqueService      : [ESTOQUE] Ciclo finalizado. Total de atualizações enviadas: 0
2026-09-04T03:04:00.000-03:00  INFO 22468 --- [ecommerce] [scheduling-1] c.d.e.s.SincronizacaoEstoqueService      : [ESTOQUE] Lendo VW_ECOMMERCE_ESTOQUE no banco de dados...
2026-09-04T03:04:00.085-03:00  INFO 22468 --- [ecommerce] [scheduling-1] c.d.e.s.SincronizacaoEstoqueService      : [ESTOQUE] Ciclo finalizado. Total de atualizações enviadas: 0
2026-09-04T03:04:00.085-03:00  INFO 22468 --- [ecommerce] [scheduling-1] c.d.e.service.SincronizacaoService       : Lendo VW_ECOMMERCE_PRECOS no banco de dados...
2026-09-04T03:04:00.128-03:00  INFO 22468 --- [ecommerce] [scheduling-1] c.d.e.service.SincronizacaoService       : Ciclo finalizado. Total de atualizações enviadas: 0
2026-09-04T03:05:00.000-03:00  INFO 22468 --- [ecommerce] [scheduling-1] c.d.e.service.SincronizacaoService       : Lendo VW_ECOMMERCE_PRECOS no banco de dados...
2026-09-04T03:05:00.062-03:00  INFO 22468 --- [ecommerce] [scheduling-1] c.d.e.service.SincronizacaoService       : Ciclo finalizado. Total de atualizações enviadas: 0
2026-09-04T03:05:00.063-03:00  INFO 22468 --- [ecommerce] [scheduling-1] c.d.e.s.SincronizacaoEstoqueService      : [ESTOQUE] Lendo VW_ECOMMERCE_ESTOQUE no banco de dados...
2026-09-04T03:05:00.095-03:00  INFO 22468 --- [ecommerce] [scheduling-1] c.d.e.s.SincronizacaoEstoqueService      : [ESTOQUE] Ciclo finalizado. Total de atualizações enviadas: 0
2026-09-04T03:06:00.000-03:00  INFO 22468 --- [ecommerce] [scheduling-1] c.d.e.service.SincronizacaoService       : Lendo VW_ECOMMERCE_PRECOS no banco de dados...
2026-09-04T03:06:00.090-03:00  INFO 22468 --- [ecommerce] [scheduling-1] c.d.e.service.SincronizacaoService       : Ciclo finalizado. Total de atualizações enviadas: 0
2026-09-04T03:06:00.090-03:00  INFO 22468 --- [ecommerce] [scheduling-1] c.d.e.s.SincronizacaoEstoqueService      : [ESTOQUE] Lendo VW_ECOMMERCE_ESTOQUE no banco de dados...
2026-09-04T03:06:00.126-03:00  INFO 22468 --- [ecommerce] [scheduling-1] c.d.e.s.SincronizacaoEstoqueService      : [ESTOQUE] Ciclo finalizado. Total de atualizações enviadas: 0
2026-09-04T03:06:59.999-03:00  INFO 22468 --- [ecommerce] [scheduling-1] c.d.e.s.SincronizacaoEstoqueService      : [ESTOQUE] Lendo VW_ECOMMERCE_ESTOQUE no banco de dados...
2026-09-04T03:07:00.048-03:00  INFO 22468 --- [ecommerce] [scheduling-1] c.d.e.s.SincronizacaoEstoqueService      : [ESTOQUE] Ciclo finalizado. Total de atualizações enviadas: 0
2026-09-04T03:07:00.048-03:00  INFO 22468 --- [ecommerce] [scheduling-1] c.d.e.service.SincronizacaoService       : Lendo VW_ECOMMERCE_PRECOS no banco de dados...
2026-09-04T03:07:00.095-03:00  INFO 22468 --- [ecommerce] [scheduling-1] c.d.e.service.SincronizacaoService       : Ciclo finalizado. Total de atualizações enviadas: 0
2026-09-04T03:08:00.000-03:00  INFO 22468 --- [ecommerce] [scheduling-1] c.d.e.s.SincronizacaoEstoqueService      : [ESTOQUE] Lendo VW_ECOMMERCE_ESTOQUE no banco de dados...
2026-09-04T03:08:00.060-03:00  INFO 22468 --- [ecommerce] [scheduling-1] c.d.e.s.SincronizacaoEstoqueService      : [ESTOQUE] Ciclo finalizado. Total de atualizações enviadas: 0
2026-09-04T03:08:00.060-03:00  INFO 22468 --- [ecommerce] [scheduling-1] c.d.e.service.SincronizacaoService       : Lendo VW_ECOMMERCE_PRECOS no banco de dados...
2026-09-04T03:08:00.103-03:00  INFO 22468 --- [ecommerce] [scheduling-1] c.d.e.service.SincronizacaoService       : Ciclo finalizado. Total de atualizações enviadas: 0
2026-09-04T03:09:00.000-03:00  INFO 22468 --- [ecommerce] [scheduling-1] c.d.e.s.SincronizacaoEstoqueService      : [ESTOQUE] Lendo VW_ECOMMERCE_ESTOQUE no banco de dados...
2026-09-04T03:09:00.080-03:00  INFO 22468 --- [ecommerce] [scheduling-1] c.d.e.s.SincronizacaoEstoqueService      : [ESTOQUE] Ciclo finalizado. Total de atualizações enviadas: 0
2026-09-04T03:09:00.080-03:00  INFO 22468 --- [ecommerce] [scheduling-1] c.d.e.service.SincronizacaoService       : Lendo VW_ECOMMERCE_PRECOS no banco de dados...
2026-09-04T03:09:00.126-03:00  INFO 22468 --- [ecommerce] [scheduling-1] c.d.e.service.SincronizacaoService       : Ciclo finalizado. Total de atualizações enviadas: 0
2026-09-04T03:10:00.000-03:00  INFO 22468 --- [ecommerce] [scheduling-1] c.d.e.s.SincronizacaoEstoqueService      : [ESTOQUE] Lendo VW_ECOMMERCE_ESTOQUE no banco de dados...
2026-09-04T03:10:00.056-03:00  INFO 22468 --- [ecommerce] [scheduling-1] c.d.e.s.SincronizacaoEstoqueService      : [ESTOQUE] Ciclo finalizado. Total de atualizações enviadas: 0
2026-09-04T03:10:00.056-03:00  INFO 22468 --- [ecommerce] [scheduling-1] c.d.e.service.SincronizacaoService       : Lendo VW_ECOMMERCE_PRECOS no banco de dados...
2026-09-04T03:10:00.123-03:00  INFO 22468 --- [ecommerce] [scheduling-1] c.d.e.service.SincronizacaoService       : Ciclo finalizado. Total de atualizações enviadas: 0
2026-09-04T03:10:59.999-03:00  INFO 22468 --- [ecommerce] [scheduling-1] c.d.e.service.SincronizacaoService       : Lendo VW_ECOMMERCE_PRECOS no banco de dados...
2026-09-04T03:11:00.050-03:00  INFO 22468 --- [ecommerce] [scheduling-1] c.d.e.service.SincronizacaoService       : Ciclo finalizado. Total de atualizações enviadas: 0
2026-09-04T03:11:00.050-03:00  INFO 22468 --- [ecommerce] [scheduling-1] c.d.e.s.SincronizacaoEstoqueService      : [ESTOQUE] Lendo VW_ECOMMERCE_ESTOQUE no banco de dados...
2026-09-04T03:11:00.083-03:00  INFO 22468 --- [ecommerce] [scheduling-1] c.d.e.s.SincronizacaoEstoqueService      : [ESTOQUE] Ciclo finalizado. Total de atualizações enviadas: 0
2026-09-04T03:12:00.001-03:00  INFO 22468 --- [ecommerce] [scheduling-1] c.d.e.s.SincronizacaoEstoqueService      : [ESTOQUE] Lendo VW_ECOMMERCE_ESTOQUE no banco de dados...
2026-09-04T03:12:00.084-03:00  INFO 22468 --- [ecommerce] [scheduling-1] c.d.e.s.SincronizacaoEstoqueService      : [ESTOQUE] Ciclo finalizado. Total de atualizações enviadas: 0
2026-09-04T03:12:00.084-03:00  INFO 22468 --- [ecommerce] [scheduling-1] c.d.e.service.SincronizacaoService       : Lendo VW_ECOMMERCE_PRECOS no banco de dados...
2026-09-04T03:12:00.130-03:00  INFO 22468 --- [ecommerce] [scheduling-1] c.d.e.service.SincronizacaoService       : Ciclo finalizado. Total de atualizações enviadas: 0
2026-09-04T03:13:00.001-03:00  INFO 22468 --- [ecommerce] [scheduling-1] c.d.e.s.SincronizacaoEstoqueService      : [ESTOQUE] Lendo VW_ECOMMERCE_ESTOQUE no banco de dados...
2026-09-04T03:13:00.076-03:00  INFO 22468 --- [ecommerce] [scheduling-1] c.d.e.s.SincronizacaoEstoqueService      : [ESTOQUE] Ciclo finalizado. Total de atualizações enviadas: 0
2026-09-04T03:13:00.076-03:00  INFO 22468 --- [ecommerce] [scheduling-1] c.d.e.service.SincronizacaoService       : Lendo VW_ECOMMERCE_PRECOS no banco de dados...
2026-09-04T03:13:00.156-03:00  INFO 22468 --- [ecommerce] [scheduling-1] c.d.e.service.SincronizacaoService       : Ciclo finalizado. Total de atualizações enviadas: 0
2026-09-04T03:14:00.000-03:00  INFO 22468 --- [ecommerce] [scheduling-1] c.d.e.service.SincronizacaoService       : Lendo VW_ECOMMERCE_PRECOS no banco de dados...
2026-09-04T03:14:00.050-03:00  INFO 22468 --- [ecommerce] [scheduling-1] c.d.e.service.SincronizacaoService       : Ciclo finalizado. Total de atualizações enviadas: 0
2026-09-04T03:14:00.051-03:00  INFO 22468 --- [ecommerce] [scheduling-1] c.d.e.s.SincronizacaoEstoqueService      : [ESTOQUE] Lendo VW_ECOMMERCE_ESTOQUE no banco de dados...
2026-09-04T03:14:00.074-03:00  INFO 22468 --- [ecommerce] [scheduling-1] c.d.e.s.SincronizacaoEstoqueService      : [ESTOQUE] Ciclo finalizado. Total de atualizações enviadas: 0
2026-09-04T03:15:00.001-03:00  INFO 22468 --- [ecommerce] [scheduling-1] c.d.e.service.SincronizacaoService       : Lendo VW_ECOMMERCE_PRECOS no banco de dados...
2026-09-04T03:15:00.114-03:00  INFO 22468 --- [ecommerce] [scheduling-1] c.d.e.service.SincronizacaoService       : Ciclo finalizado. Total de atualizações enviadas: 0
2026-09-04T03:15:00.115-03:00  INFO 22468 --- [ecommerce] [scheduling-1] c.d.e.s.SincronizacaoEstoqueService      : [ESTOQUE] Lendo VW_ECOMMERCE_ESTOQUE no banco de dados...
2026-09-04T03:15:00.134-03:00  INFO 22468 --- [ecommerce] [scheduling-1] c.d.e.s.SincronizacaoEstoqueService      : [ESTOQUE] Ciclo finalizado. Total de atualizações enviadas: 0
2026-09-04T03:15:59.999-03:00  INFO 22468 --- [ecommerce] [scheduling-1] c.d.e.s.SincronizacaoEstoqueService      : [ESTOQUE] Lendo VW_ECOMMERCE_ESTOQUE no banco de dados...
2026-09-04T03:16:00.051-03:00  INFO 22468 --- [ecommerce] [scheduling-1] c.d.e.s.SincronizacaoEstoqueService      : [ESTOQUE] Ciclo finalizado. Total de atualizações enviadas: 0
2026-09-04T03:16:00.052-03:00  INFO 22468 --- [ecommerce] [scheduling-1] c.d.e.service.SincronizacaoService       : Lendo VW_ECOMMERCE_PRECOS no banco de dados...
2026-09-04T03:16:00.152-03:00  INFO 22468 --- [ecommerce] [scheduling-1] c.d.e.service.SincronizacaoService       : Ciclo finalizado. Total de atualizações enviadas: 0
2026-09-04T03:17:00.001-03:00  INFO 22468 --- [ecommerce] [scheduling-1] c.d.e.s.SincronizacaoEstoqueService      : [ESTOQUE] Lendo VW_ECOMMERCE_ESTOQUE no banco de dados...
2026-09-04T03:17:00.086-03:00  INFO 22468 --- [ecommerce] [scheduling-1] c.d.e.s.SincronizacaoEstoqueService      : [ESTOQUE] Ciclo finalizado. Total de atualizações enviadas: 0
2026-09-04T03:17:00.087-03:00  INFO 22468 --- [ecommerce] [scheduling-1] c.d.e.service.SincronizacaoService       : Lendo VW_ECOMMERCE_PRECOS no banco de dados...
2026-09-04T03:17:00.229-03:00  INFO 22468 --- [ecommerce] [scheduling-1] c.d.e.service.SincronizacaoService       : Ciclo finalizado. Total de atualizações enviadas: 0
2026-09-04T03:18:00.000-03:00  INFO 22468 --- [ecommerce] [scheduling-1] c.d.e.service.SincronizacaoService       : Lendo VW_ECOMMERCE_PRECOS no banco de dados...
2026-09-04T03:18:00.090-03:00  INFO 22468 --- [ecommerce] [scheduling-1] c.d.e.service.SincronizacaoService       : Ciclo finalizado. Total de atualizações enviadas: 0
2026-09-04T03:18:00.091-03:00  INFO 22468 --- [ecommerce] [scheduling-1] c.d.e.s.SincronizacaoEstoqueService      : [ESTOQUE] Lendo VW_ECOMMERCE_ESTOQUE no banco de dados...
2026-09-04T03:18:00.122-03:00  INFO 22468 --- [ecommerce] [scheduling-1] c.d.e.s.SincronizacaoEstoqueService      : [ESTOQUE] Ciclo finalizado. Total de atualizações enviadas: 0
2026-09-04T03:18:59.999-03:00  INFO 22468 --- [ecommerce] [scheduling-1] c.d.e.service.SincronizacaoService       : Lendo VW_ECOMMERCE_PRECOS no banco de dados...
2026-09-04T03:19:00.141-03:00  INFO 22468 --- [ecommerce] [scheduling-1] c.d.e.service.SincronizacaoService       : Ciclo finalizado. Total de atualizações enviadas: 0
2026-09-04T03:19:00.142-03:00  INFO 22468 --- [ecommerce] [scheduling-1] c.d.e.s.SincronizacaoEstoqueService      : [ESTOQUE] Lendo VW_ECOMMERCE_ESTOQUE no banco de dados...
2026-09-04T03:19:00.181-03:00  INFO 22468 --- [ecommerce] [scheduling-1] c.d.e.s.SincronizacaoEstoqueService      : [ESTOQUE] Ciclo finalizado. Total de atualizações enviadas: 0
2026-09-04T03:20:00.000-03:00  INFO 22468 --- [ecommerce] [scheduling-1] c.d.e.service.SincronizacaoService       : Lendo VW_ECOMMERCE_PRECOS no banco de dados...
2026-09-04T03:20:00.059-03:00  INFO 22468 --- [ecommerce] [scheduling-1] c.d.e.service.SincronizacaoService       : Ciclo finalizado. Total de atualizações enviadas: 0
2026-09-04T03:20:00.059-03:00  INFO 22468 --- [ecommerce] [scheduling-1] c.d.e.s.SincronizacaoEstoqueService      : [ESTOQUE] Lendo VW_ECOMMERCE_ESTOQUE no banco de dados...
2026-09-04T03:20:00.089-03:00  INFO 22468 --- [ecommerce] [scheduling-1] c.d.e.s.SincronizacaoEstoqueService      : [ESTOQUE] Ciclo finalizado. Total de atualizações enviadas: 0
2026-09-04T03:21:00.000-03:00  INFO 22468 --- [ecommerce] [scheduling-1] c.d.e.service.SincronizacaoService       : Lendo VW_ECOMMERCE_PRECOS no banco de dados...
2026-09-04T03:21:00.103-03:00  INFO 22468 --- [ecommerce] [scheduling-1] c.d.e.service.SincronizacaoService       : Ciclo finalizado. Total de atualizações enviadas: 0
2026-09-04T03:21:00.103-03:00  INFO 22468 --- [ecommerce] [scheduling-1] c.d.e.s.SincronizacaoEstoqueService      : [ESTOQUE] Lendo VW_ECOMMERCE_ESTOQUE no banco de dados...
2026-09-04T03:21:00.125-03:00  INFO 22468 --- [ecommerce] [scheduling-1] c.d.e.s.SincronizacaoEstoqueService      : [ESTOQUE] Ciclo finalizado. Total de atualizações enviadas: 0
2026-09-04T03:22:00.001-03:00  INFO 22468 --- [ecommerce] [scheduling-1] c.d.e.service.SincronizacaoService       : Lendo VW_ECOMMERCE_PRECOS no banco de dados...
2026-09-04T03:22:00.071-03:00  INFO 22468 --- [ecommerce] [scheduling-1] c.d.e.service.SincronizacaoService       : Ciclo finalizado. Total de atualizações enviadas: 0
2026-09-04T03:22:00.071-03:00  INFO 22468 --- [ecommerce] [scheduling-1] c.d.e.s.SincronizacaoEstoqueService      : [ESTOQUE] Lendo VW_ECOMMERCE_ESTOQUE no banco de dados...
2026-09-04T03:22:00.105-03:00  INFO 22468 --- [ecommerce] [scheduling-1] c.d.e.s.SincronizacaoEstoqueService      : [ESTOQUE] Ciclo finalizado. Total de atualizações enviadas: 0
2026-09-04T03:23:00.001-03:00  INFO 22468 --- [ecommerce] [scheduling-1] c.d.e.s.SincronizacaoEstoqueService      : [ESTOQUE] Lendo VW_ECOMMERCE_ESTOQUE no banco de dados...
2026-09-04T03:23:00.047-03:00  INFO 22468 --- [ecommerce] [scheduling-1] c.d.e.s.SincronizacaoEstoqueService      : [ESTOQUE] Ciclo finalizado. Total de atualizações enviadas: 0
2026-09-04T03:23:00.047-03:00  INFO 22468 --- [ecommerce] [scheduling-1] c.d.e.service.SincronizacaoService       : Lendo VW_ECOMMERCE_PRECOS no banco de dados...
2026-09-04T03:23:00.093-03:00  INFO 22468 --- [ecommerce] [scheduling-1] c.d.e.service.SincronizacaoService       : Ciclo finalizado. Total de atualizações enviadas: 0
2026-09-04T03:24:00.000-03:00  INFO 22468 --- [ecommerce] [scheduling-1] c.d.e.service.SincronizacaoService       : Lendo VW_ECOMMERCE_PRECOS no banco de dados...
2026-09-04T03:24:00.048-03:00  INFO 22468 --- [ecommerce] [scheduling-1] c.d.e.service.SincronizacaoService       : Ciclo finalizado. Total de atualizações enviadas: 0
2026-09-04T03:24:00.048-03:00  INFO 22468 --- [ecommerce] [scheduling-1] c.d.e.s.SincronizacaoEstoqueService      : [ESTOQUE] Lendo VW_ECOMMERCE_ESTOQUE no banco de dados...
2026-09-04T03:24:00.082-03:00  INFO 22468 --- [ecommerce] [scheduling-1] c.d.e.s.SincronizacaoEstoqueService      : [ESTOQUE] Ciclo finalizado. Total de atualizações enviadas: 0
2026-09-04T03:25:00.000-03:00  INFO 22468 --- [ecommerce] [scheduling-1] c.d.e.service.SincronizacaoService       : Lendo VW_ECOMMERCE_PRECOS no banco de dados...
2026-09-04T03:25:00.091-03:00  INFO 22468 --- [ecommerce] [scheduling-1] c.d.e.service.SincronizacaoService       : Ciclo finalizado. Total de atualizações enviadas: 0
2026-09-04T03:25:00.091-03:00  INFO 22468 --- [ecommerce] [scheduling-1] c.d.e.s.SincronizacaoEstoqueService      : [ESTOQUE] Lendo VW_ECOMMERCE_ESTOQUE no banco de dados...
2026-09-04T03:25:00.114-03:00  INFO 22468 --- [ecommerce] [scheduling-1] c.d.e.s.SincronizacaoEstoqueService      : [ESTOQUE] Ciclo finalizado. Total de atualizações enviadas: 0
2026-09-04T03:26:00.000-03:00  INFO 22468 --- [ecommerce] [scheduling-1] c.d.e.s.SincronizacaoEstoqueService      : [ESTOQUE] Lendo VW_ECOMMERCE_ESTOQUE no banco de dados...
2026-09-04T03:26:00.038-03:00  INFO 22468 --- [ecommerce] [scheduling-1] c.d.e.s.SincronizacaoEstoqueService      : [ESTOQUE] Ciclo finalizado. Total de atualizações enviadas: 0
2026-09-04T03:26:00.038-03:00  INFO 22468 --- [ecommerce] [scheduling-1] c.d.e.service.SincronizacaoService       : Lendo VW_ECOMMERCE_PRECOS no banco de dados...
2026-09-04T03:26:00.085-03:00  INFO 22468 --- [ecommerce] [scheduling-1] c.d.e.service.SincronizacaoService       : Ciclo finalizado. Total de atualizações enviadas: 0
2026-09-04T03:27:00.000-03:00  INFO 22468 --- [ecommerce] [scheduling-1] c.d.e.service.SincronizacaoService       : Lendo VW_ECOMMERCE_PRECOS no banco de dados...
2026-09-04T03:27:00.114-03:00  INFO 22468 --- [ecommerce] [scheduling-1] c.d.e.service.SincronizacaoService       : Ciclo finalizado. Total de atualizações enviadas: 0
2026-09-04T03:27:00.114-03:00  INFO 22468 --- [ecommerce] [scheduling-1] c.d.e.s.SincronizacaoEstoqueService      : [ESTOQUE] Lendo VW_ECOMMERCE_ESTOQUE no banco de dados...
2026-09-04T03:27:00.135-03:00  INFO 22468 --- [ecommerce] [scheduling-1] c.d.e.s.SincronizacaoEstoqueService      : [ESTOQUE] Ciclo finalizado. Total de atualizações enviadas: 0
2026-09-04T03:28:00.000-03:00  INFO 22468 --- [ecommerce] [scheduling-1] c.d.e.service.SincronizacaoService       : Lendo VW_ECOMMERCE_PRECOS no banco de dados...
2026-09-04T03:28:00.046-03:00  INFO 22468 --- [ecommerce] [scheduling-1] c.d.e.service.SincronizacaoService       : Ciclo finalizado. Total de atualizações enviadas: 0
2026-09-04T03:28:00.046-03:00  INFO 22468 --- [ecommerce] [scheduling-1] c.d.e.s.SincronizacaoEstoqueService      : [ESTOQUE] Lendo VW_ECOMMERCE_ESTOQUE no banco de dados...
2026-09-04T03:28:00.080-03:00  INFO 22468 --- [ecommerce] [scheduling-1] c.d.e.s.SincronizacaoEstoqueService      : [ESTOQUE] Ciclo finalizado. Total de atualizações enviadas: 0
2026-09-04T03:29:00.000-03:00  INFO 22468 --- [ecommerce] [scheduling-1] c.d.e.s.SincronizacaoEstoqueService      : [ESTOQUE] Lendo VW_ECOMMERCE_ESTOQUE no banco de dados...
2026-09-04T03:29:00.087-03:00  INFO 22468 --- [ecommerce] [scheduling-1] c.d.e.s.SincronizacaoEstoqueService      : [ESTOQUE] Ciclo finalizado. Total de atualizações enviadas: 0
2026-09-04T03:29:00.087-03:00  INFO 22468 --- [ecommerce] [scheduling-1] c.d.e.service.SincronizacaoService       : Lendo VW_ECOMMERCE_PRECOS no banco de dados...
2026-09-04T03:29:00.139-03:00  INFO 22468 --- [ecommerce] [scheduling-1] c.d.e.service.SincronizacaoService       : Ciclo finalizado. Total de atualizações enviadas: 0
2026-09-04T03:30:00.000-03:00  INFO 22468 --- [ecommerce] [scheduling-1] c.d.e.s.SincronizacaoEstoqueService      : [ESTOQUE] Lendo VW_ECOMMERCE_ESTOQUE no banco de dados...
2026-09-04T03:30:00.100-03:00  INFO 22468 --- [ecommerce] [scheduling-1] c.d.e.s.SincronizacaoEstoqueService      : [ESTOQUE] Ciclo finalizado. Total de atualizações enviadas: 0
2026-09-04T03:30:00.100-03:00  INFO 22468 --- [ecommerce] [scheduling-1] c.d.e.service.SincronizacaoService       : Lendo VW_ECOMMERCE_PRECOS no banco de dados...
2026-09-04T03:30:00.154-03:00  INFO 22468 --- [ecommerce] [scheduling-1] c.d.e.service.SincronizacaoService       : Ciclo finalizado. Total de atualizações enviadas: 0
2026-09-04T03:30:59.999-03:00  INFO 22468 --- [ecommerce] [scheduling-1] c.d.e.s.SincronizacaoEstoqueService      : [ESTOQUE] Lendo VW_ECOMMERCE_ESTOQUE no banco de dados...
2026-09-04T03:31:00.063-03:00  INFO 22468 --- [ecommerce] [scheduling-1] c.d.e.s.SincronizacaoEstoqueService      : [ESTOQUE] Ciclo finalizado. Total de atualizações enviadas: 0
2026-09-04T03:31:00.064-03:00  INFO 22468 --- [ecommerce] [scheduling-1] c.d.e.service.SincronizacaoService       : Lendo VW_ECOMMERCE_PRECOS no banco de dados...
2026-09-04T03:31:00.125-03:00  INFO 22468 --- [ecommerce] [scheduling-1] c.d.e.service.SincronizacaoService       : Ciclo finalizado. Total de atualizações enviadas: 0
2026-09-04T03:32:00.002-03:00  INFO 22468 --- [ecommerce] [scheduling-1] c.d.e.s.SincronizacaoEstoqueService      : [ESTOQUE] Lendo VW_ECOMMERCE_ESTOQUE no banco de dados...
2026-09-04T03:32:00.083-03:00  INFO 22468 --- [ecommerce] [scheduling-1] c.d.e.s.SincronizacaoEstoqueService      : [ESTOQUE] Ciclo finalizado. Total de atualizações enviadas: 0
2026-09-04T03:32:00.084-03:00  INFO 22468 --- [ecommerce] [scheduling-1] c.d.e.service.SincronizacaoService       : Lendo VW_ECOMMERCE_PRECOS no banco de dados...
2026-09-04T03:32:00.134-03:00  INFO 22468 --- [ecommerce] [scheduling-1] c.d.e.service.SincronizacaoService       : Ciclo finalizado. Total de atualizações enviadas: 0
2026-09-04T03:33:00.001-03:00  INFO 22468 --- [ecommerce] [scheduling-1] c.d.e.s.SincronizacaoEstoqueService      : [ESTOQUE] Lendo VW_ECOMMERCE_ESTOQUE no banco de dados...
2026-09-04T03:33:00.043-03:00  INFO 22468 --- [ecommerce] [scheduling-1] c.d.e.s.SincronizacaoEstoqueService      : [ESTOQUE] Ciclo finalizado. Total de atualizações enviadas: 0
2026-09-04T03:33:00.043-03:00  INFO 22468 --- [ecommerce] [scheduling-1] c.d.e.service.SincronizacaoService       : Lendo VW_ECOMMERCE_PRECOS no banco de dados...
2026-09-04T03:33:00.096-03:00  INFO 22468 --- [ecommerce] [scheduling-1] c.d.e.service.SincronizacaoService       : Ciclo finalizado. Total de atualizações enviadas: 0
2026-09-04T03:34:00.000-03:00  INFO 22468 --- [ecommerce] [scheduling-1] c.d.e.s.SincronizacaoEstoqueService      : [ESTOQUE] Lendo VW_ECOMMERCE_ESTOQUE no banco de dados...
2026-09-04T03:34:00.026-03:00  INFO 22468 --- [ecommerce] [scheduling-1] c.d.e.s.SincronizacaoEstoqueService      : [ESTOQUE] Ciclo finalizado. Total de atualizações enviadas: 0
2026-09-04T03:34:00.026-03:00  INFO 22468 --- [ecommerce] [scheduling-1] c.d.e.service.SincronizacaoService       : Lendo VW_ECOMMERCE_PRECOS no banco de dados...
2026-09-04T03:34:00.072-03:00  INFO 22468 --- [ecommerce] [scheduling-1] c.d.e.service.SincronizacaoService       : Ciclo finalizado. Total de atualizações enviadas: 0
2026-09-04T03:35:00.001-03:00  INFO 22468 --- [ecommerce] [scheduling-1] c.d.e.s.SincronizacaoEstoqueService      : [ESTOQUE] Lendo VW_ECOMMERCE_ESTOQUE no banco de dados...
2026-09-04T03:35:00.044-03:00  INFO 22468 --- [ecommerce] [scheduling-1] c.d.e.s.SincronizacaoEstoqueService      : [ESTOQUE] Ciclo finalizado. Total de atualizações enviadas: 0
2026-09-04T03:35:00.044-03:00  INFO 22468 --- [ecommerce] [scheduling-1] c.d.e.service.SincronizacaoService       : Lendo VW_ECOMMERCE_PRECOS no banco de dados...
2026-09-04T03:35:00.091-03:00  INFO 22468 --- [ecommerce] [scheduling-1] c.d.e.service.SincronizacaoService       : Ciclo finalizado. Total de atualizações enviadas: 0
2026-09-04T03:36:00.000-03:00  INFO 22468 --- [ecommerce] [scheduling-1] c.d.e.service.SincronizacaoService       : Lendo VW_ECOMMERCE_PRECOS no banco de dados...
2026-09-04T03:36:00.092-03:00  INFO 22468 --- [ecommerce] [scheduling-1] c.d.e.service.SincronizacaoService       : Ciclo finalizado. Total de atualizações enviadas: 0
2026-09-04T03:36:00.092-03:00  INFO 22468 --- [ecommerce] [scheduling-1] c.d.e.s.SincronizacaoEstoqueService      : [ESTOQUE] Lendo VW_ECOMMERCE_ESTOQUE no banco de dados...
2026-09-04T03:36:00.123-03:00  INFO 22468 --- [ecommerce] [scheduling-1] c.d.e.s.SincronizacaoEstoqueService      : [ESTOQUE] Ciclo finalizado. Total de atualizações enviadas: 0
2026-09-04T03:37:00.000-03:00  INFO 22468 --- [ecommerce] [scheduling-1] c.d.e.s.SincronizacaoEstoqueService      : [ESTOQUE] Lendo VW_ECOMMERCE_ESTOQUE no banco de dados...
2026-09-04T03:37:00.058-03:00  INFO 22468 --- [ecommerce] [scheduling-1] c.d.e.s.SincronizacaoEstoqueService      : [ESTOQUE] Ciclo finalizado. Total de atualizações enviadas: 0
2026-09-04T03:37:00.058-03:00  INFO 22468 --- [ecommerce] [scheduling-1] c.d.e.service.SincronizacaoService       : Lendo VW_ECOMMERCE_PRECOS no banco de dados...
2026-09-04T03:37:00.106-03:00  INFO 22468 --- [ecommerce] [scheduling-1] c.d.e.service.SincronizacaoService       : Ciclo finalizado. Total de atualizações enviadas: 0
2026-09-04T03:38:00.000-03:00  INFO 22468 --- [ecommerce] [scheduling-1] c.d.e.service.SincronizacaoService       : Lendo VW_ECOMMERCE_PRECOS no banco de dados...
2026-09-04T03:38:00.092-03:00  INFO 22468 --- [ecommerce] [scheduling-1] c.d.e.service.SincronizacaoService       : Ciclo finalizado. Total de atualizações enviadas: 0
2026-09-04T03:38:00.092-03:00  INFO 22468 --- [ecommerce] [scheduling-1] c.d.e.s.SincronizacaoEstoqueService      : [ESTOQUE] Lendo VW_ECOMMERCE_ESTOQUE no banco de dados...
2026-09-04T03:38:00.116-03:00  INFO 22468 --- [ecommerce] [scheduling-1] c.d.e.s.SincronizacaoEstoqueService      : [ESTOQUE] Ciclo finalizado. Total de atualizações enviadas: 0
2026-09-04T03:39:00.000-03:00  INFO 22468 --- [ecommerce] [scheduling-1] c.d.e.s.SincronizacaoEstoqueService      : [ESTOQUE] Lendo VW_ECOMMERCE_ESTOQUE no banco de dados...
2026-09-04T03:39:00.068-03:00  INFO 22468 --- [ecommerce] [scheduling-1] c.d.e.s.SincronizacaoEstoqueService      : [ESTOQUE] Ciclo finalizado. Total de atualizações enviadas: 0
2026-09-04T03:39:00.069-03:00  INFO 22468 --- [ecommerce] [scheduling-1] c.d.e.service.SincronizacaoService       : Lendo VW_ECOMMERCE_PRECOS no banco de dados...
2026-09-04T03:39:00.137-03:00  INFO 22468 --- [ecommerce] [scheduling-1] c.d.e.service.SincronizacaoService       : Ciclo finalizado. Total de atualizações enviadas: 0
2026-09-04T03:40:00.001-03:00  INFO 22468 --- [ecommerce] [scheduling-1] c.d.e.s.SincronizacaoEstoqueService      : [ESTOQUE] Lendo VW_ECOMMERCE_ESTOQUE no banco de dados...
2026-09-04T03:40:00.035-03:00  INFO 22468 --- [ecommerce] [scheduling-1] c.d.e.s.SincronizacaoEstoqueService      : [ESTOQUE] Ciclo finalizado. Total de atualizações enviadas: 0
2026-09-04T03:40:00.035-03:00  INFO 22468 --- [ecommerce] [scheduling-1] c.d.e.service.SincronizacaoService       : Lendo VW_ECOMMERCE_PRECOS no banco de dados...
2026-09-04T03:40:00.080-03:00  INFO 22468 --- [ecommerce] [scheduling-1] c.d.e.service.SincronizacaoService       : Ciclo finalizado. Total de atualizações enviadas: 0
2026-09-04T03:41:00.000-03:00  INFO 22468 --- [ecommerce] [scheduling-1] c.d.e.s.SincronizacaoEstoqueService      : [ESTOQUE] Lendo VW_ECOMMERCE_ESTOQUE no banco de dados...
2026-09-04T03:41:00.087-03:00  INFO 22468 --- [ecommerce] [scheduling-1] c.d.e.s.SincronizacaoEstoqueService      : [ESTOQUE] Ciclo finalizado. Total de atualizações enviadas: 0
2026-09-04T03:41:00.087-03:00  INFO 22468 --- [ecommerce] [scheduling-1] c.d.e.service.SincronizacaoService       : Lendo VW_ECOMMERCE_PRECOS no banco de dados...
2026-09-04T03:41:00.132-03:00  INFO 22468 --- [ecommerce] [scheduling-1] c.d.e.service.SincronizacaoService       : Ciclo finalizado. Total de atualizações enviadas: 0
2026-09-04T03:42:00.001-03:00  INFO 22468 --- [ecommerce] [scheduling-1] c.d.e.service.SincronizacaoService       : Lendo VW_ECOMMERCE_PRECOS no banco de dados...
2026-09-04T03:42:00.088-03:00  INFO 22468 --- [ecommerce] [scheduling-1] c.d.e.service.SincronizacaoService       : Ciclo finalizado. Total de atualizações enviadas: 0
2026-09-04T03:42:00.089-03:00  INFO 22468 --- [ecommerce] [scheduling-1] c.d.e.s.SincronizacaoEstoqueService      : [ESTOQUE] Lendo VW_ECOMMERCE_ESTOQUE no banco de dados...
2026-09-04T03:42:00.130-03:00  INFO 22468 --- [ecommerce] [scheduling-1] c.d.e.s.SincronizacaoEstoqueService      : [ESTOQUE] Ciclo finalizado. Total de atualizações enviadas: 0
2026-09-04T03:42:59.999-03:00  INFO 22468 --- [ecommerce] [scheduling-1] c.d.e.service.SincronizacaoService       : Lendo VW_ECOMMERCE_PRECOS no banco de dados...
2026-09-04T03:43:00.105-03:00  INFO 22468 --- [ecommerce] [scheduling-1] c.d.e.service.SincronizacaoService       : Ciclo finalizado. Total de atualizações enviadas: 0
2026-09-04T03:43:00.105-03:00  INFO 22468 --- [ecommerce] [scheduling-1] c.d.e.s.SincronizacaoEstoqueService      : [ESTOQUE] Lendo VW_ECOMMERCE_ESTOQUE no banco de dados...
2026-09-04T03:43:00.129-03:00  INFO 22468 --- [ecommerce] [scheduling-1] c.d.e.s.SincronizacaoEstoqueService      : [ESTOQUE] Ciclo finalizado. Total de atualizações enviadas: 0
2026-09-04T03:44:00.001-03:00  INFO 22468 --- [ecommerce] [scheduling-1] c.d.e.s.SincronizacaoEstoqueService      : [ESTOQUE] Lendo VW_ECOMMERCE_ESTOQUE no banco de dados...
2026-09-04T03:44:00.053-03:00  INFO 22468 --- [ecommerce] [scheduling-1] c.d.e.s.SincronizacaoEstoqueService      : [ESTOQUE] Ciclo finalizado. Total de atualizações enviadas: 0
2026-09-04T03:44:00.053-03:00  INFO 22468 --- [ecommerce] [scheduling-1] c.d.e.service.SincronizacaoService       : Lendo VW_ECOMMERCE_PRECOS no banco de dados...
2026-09-04T03:44:00.104-03:00  INFO 22468 --- [ecommerce] [scheduling-1] c.d.e.service.SincronizacaoService       : Ciclo finalizado. Total de atualizações enviadas: 0
2026-09-04T03:45:00.000-03:00  INFO 22468 --- [ecommerce] [scheduling-1] c.d.e.service.SincronizacaoService       : Lendo VW_ECOMMERCE_PRECOS no banco de dados...
2026-09-04T03:45:00.086-03:00  INFO 22468 --- [ecommerce] [scheduling-1] c.d.e.service.SincronizacaoService       : Ciclo finalizado. Total de atualizações enviadas: 0
2026-09-04T03:45:00.086-03:00  INFO 22468 --- [ecommerce] [scheduling-1] c.d.e.s.SincronizacaoEstoqueService      : [ESTOQUE] Lendo VW_ECOMMERCE_ESTOQUE no banco de dados...
2026-09-04T03:45:00.113-03:00  INFO 22468 --- [ecommerce] [scheduling-1] c.d.e.s.SincronizacaoEstoqueService      : [ESTOQUE] Ciclo finalizado. Total de atualizações enviadas: 0
2026-09-04T03:46:00.000-03:00  INFO 22468 --- [ecommerce] [scheduling-1] c.d.e.s.SincronizacaoEstoqueService      : [ESTOQUE] Lendo VW_ECOMMERCE_ESTOQUE no banco de dados...
2026-09-04T03:46:00.086-03:00  INFO 22468 --- [ecommerce] [scheduling-1] c.d.e.s.SincronizacaoEstoqueService      : [ESTOQUE] Ciclo finalizado. Total de atualizações enviadas: 0
2026-09-04T03:46:00.086-03:00  INFO 22468 --- [ecommerce] [scheduling-1] c.d.e.service.SincronizacaoService       : Lendo VW_ECOMMERCE_PRECOS no banco de dados...
2026-09-04T03:46:00.141-03:00  INFO 22468 --- [ecommerce] [scheduling-1] c.d.e.service.SincronizacaoService       : Ciclo finalizado. Total de atualizações enviadas: 0
2026-09-04T03:47:00.000-03:00  INFO 22468 --- [ecommerce] [scheduling-1] c.d.e.s.SincronizacaoEstoqueService      : [ESTOQUE] Lendo VW_ECOMMERCE_ESTOQUE no banco de dados...
2026-09-04T03:47:00.081-03:00  INFO 22468 --- [ecommerce] [scheduling-1] c.d.e.s.SincronizacaoEstoqueService      : [ESTOQUE] Ciclo finalizado. Total de atualizações enviadas: 0
2026-09-04T03:47:00.083-03:00  INFO 22468 --- [ecommerce] [scheduling-1] c.d.e.service.SincronizacaoService       : Lendo VW_ECOMMERCE_PRECOS no banco de dados...
2026-09-04T03:47:00.166-03:00  INFO 22468 --- [ecommerce] [scheduling-1] c.d.e.service.SincronizacaoService       : Ciclo finalizado. Total de atualizações enviadas: 0
2026-09-04T03:48:00.000-03:00  INFO 22468 --- [ecommerce] [scheduling-1] c.d.e.service.SincronizacaoService       : Lendo VW_ECOMMERCE_PRECOS no banco de dados...
2026-09-04T03:48:00.059-03:00  INFO 22468 --- [ecommerce] [scheduling-1] c.d.e.service.SincronizacaoService       : Ciclo finalizado. Total de atualizações enviadas: 0
2026-09-04T03:48:00.061-03:00  INFO 22468 --- [ecommerce] [scheduling-1] c.d.e.s.SincronizacaoEstoqueService      : [ESTOQUE] Lendo VW_ECOMMERCE_ESTOQUE no banco de dados...
2026-09-04T03:48:00.092-03:00  INFO 22468 --- [ecommerce] [scheduling-1] c.d.e.s.SincronizacaoEstoqueService      : [ESTOQUE] Ciclo finalizado. Total de atualizações enviadas: 0
2026-09-04T03:49:00.000-03:00  INFO 22468 --- [ecommerce] [scheduling-1] c.d.e.service.SincronizacaoService       : Lendo VW_ECOMMERCE_PRECOS no banco de dados...
2026-09-04T03:49:00.106-03:00  INFO 22468 --- [ecommerce] [scheduling-1] c.d.e.service.SincronizacaoService       : Ciclo finalizado. Total de atualizações enviadas: 0
2026-09-04T03:49:00.106-03:00  INFO 22468 --- [ecommerce] [scheduling-1] c.d.e.s.SincronizacaoEstoqueService      : [ESTOQUE] Lendo VW_ECOMMERCE_ESTOQUE no banco de dados...
2026-09-04T03:49:00.126-03:00  INFO 22468 --- [ecommerce] [scheduling-1] c.d.e.s.SincronizacaoEstoqueService      : [ESTOQUE] Ciclo finalizado. Total de atualizações enviadas: 0
2026-09-04T03:50:00.001-03:00  INFO 22468 --- [ecommerce] [scheduling-1] c.d.e.service.SincronizacaoService       : Lendo VW_ECOMMERCE_PRECOS no banco de dados...
2026-09-04T03:50:00.086-03:00  INFO 22468 --- [ecommerce] [scheduling-1] c.d.e.service.SincronizacaoService       : Ciclo finalizado. Total de atualizações enviadas: 0
2026-09-04T03:50:00.086-03:00  INFO 22468 --- [ecommerce] [scheduling-1] c.d.e.s.SincronizacaoEstoqueService      : [ESTOQUE] Lendo VW_ECOMMERCE_ESTOQUE no banco de dados...
2026-09-04T03:50:00.115-03:00  INFO 22468 --- [ecommerce] [scheduling-1] c.d.e.s.SincronizacaoEstoqueService      : [ESTOQUE] Ciclo finalizado. Total de atualizações enviadas: 0
2026-09-04T03:51:00.000-03:00  INFO 22468 --- [ecommerce] [scheduling-1] c.d.e.s.SincronizacaoEstoqueService      : [ESTOQUE] Lendo VW_ECOMMERCE_ESTOQUE no banco de dados...
2026-09-04T03:51:00.037-03:00  INFO 22468 --- [ecommerce] [scheduling-1] c.d.e.s.SincronizacaoEstoqueService      : [ESTOQUE] Ciclo finalizado. Total de atualizações enviadas: 0
2026-09-04T03:51:00.038-03:00  INFO 22468 --- [ecommerce] [scheduling-1] c.d.e.service.SincronizacaoService       : Lendo VW_ECOMMERCE_PRECOS no banco de dados...
2026-09-04T03:51:00.084-03:00  INFO 22468 --- [ecommerce] [scheduling-1] c.d.e.service.SincronizacaoService       : Ciclo finalizado. Total de atualizações enviadas: 0
2026-09-04T03:52:00.000-03:00  INFO 22468 --- [ecommerce] [scheduling-1] c.d.e.service.SincronizacaoService       : Lendo VW_ECOMMERCE_PRECOS no banco de dados...
2026-09-04T03:52:00.101-03:00  INFO 22468 --- [ecommerce] [scheduling-1] c.d.e.service.SincronizacaoService       : Ciclo finalizado. Total de atualizações enviadas: 0
2026-09-04T03:52:00.102-03:00  INFO 22468 --- [ecommerce] [scheduling-1] c.d.e.s.SincronizacaoEstoqueService      : [ESTOQUE] Lendo VW_ECOMMERCE_ESTOQUE no banco de dados...
2026-09-04T03:52:00.124-03:00  INFO 22468 --- [ecommerce] [scheduling-1] c.d.e.s.SincronizacaoEstoqueService      : [ESTOQUE] Ciclo finalizado. Total de atualizações enviadas: 0
2026-09-04T03:53:00.000-03:00  INFO 22468 --- [ecommerce] [scheduling-1] c.d.e.service.SincronizacaoService       : Lendo VW_ECOMMERCE_PRECOS no banco de dados...
2026-09-04T03:53:00.061-03:00  INFO 22468 --- [ecommerce] [scheduling-1] c.d.e.service.SincronizacaoService       : Ciclo finalizado. Total de atualizações enviadas: 0
2026-09-04T03:53:00.061-03:00  INFO 22468 --- [ecommerce] [scheduling-1] c.d.e.s.SincronizacaoEstoqueService      : [ESTOQUE] Lendo VW_ECOMMERCE_ESTOQUE no banco de dados...
2026-09-04T03:53:00.093-03:00  INFO 22468 --- [ecommerce] [scheduling-1] c.d.e.s.SincronizacaoEstoqueService      : [ESTOQUE] Ciclo finalizado. Total de atualizações enviadas: 0
2026-09-04T03:53:59.999-03:00  INFO 22468 --- [ecommerce] [scheduling-1] c.d.e.s.SincronizacaoEstoqueService      : [ESTOQUE] Lendo VW_ECOMMERCE_ESTOQUE no banco de dados...
2026-09-04T03:54:00.075-03:00  INFO 22468 --- [ecommerce] [scheduling-1] c.d.e.s.SincronizacaoEstoqueService      : [ESTOQUE] Ciclo finalizado. Total de atualizações enviadas: 0
2026-09-04T03:54:00.075-03:00  INFO 22468 --- [ecommerce] [scheduling-1] c.d.e.service.SincronizacaoService       : Lendo VW_ECOMMERCE_PRECOS no banco de dados...
2026-09-04T03:54:00.120-03:00  INFO 22468 --- [ecommerce] [scheduling-1] c.d.e.service.SincronizacaoService       : Ciclo finalizado. Total de atualizações enviadas: 0
2026-09-04T03:55:00.000-03:00  INFO 22468 --- [ecommerce] [scheduling-1] c.d.e.s.SincronizacaoEstoqueService      : [ESTOQUE] Lendo VW_ECOMMERCE_ESTOQUE no banco de dados...
2026-09-04T03:55:00.086-03:00  INFO 22468 --- [ecommerce] [scheduling-1] c.d.e.s.SincronizacaoEstoqueService      : [ESTOQUE] Ciclo finalizado. Total de atualizações enviadas: 0
2026-09-04T03:55:00.086-03:00  INFO 22468 --- [ecommerce] [scheduling-1] c.d.e.service.SincronizacaoService       : Lendo VW_ECOMMERCE_PRECOS no banco de dados...
2026-09-04T03:55:00.136-03:00  INFO 22468 --- [ecommerce] [scheduling-1] c.d.e.service.SincronizacaoService       : Ciclo finalizado. Total de atualizações enviadas: 0
2026-09-04T03:56:00.000-03:00  INFO 22468 --- [ecommerce] [scheduling-1] c.d.e.service.SincronizacaoService       : Lendo VW_ECOMMERCE_PRECOS no banco de dados...
2026-09-04T03:56:00.052-03:00  INFO 22468 --- [ecommerce] [scheduling-1] c.d.e.service.SincronizacaoService       : Ciclo finalizado. Total de atualizações enviadas: 0
2026-09-04T03:56:00.052-03:00  INFO 22468 --- [ecommerce] [scheduling-1] c.d.e.s.SincronizacaoEstoqueService      : [ESTOQUE] Lendo VW_ECOMMERCE_ESTOQUE no banco de dados...
2026-09-04T03:56:00.081-03:00  INFO 22468 --- [ecommerce] [scheduling-1] c.d.e.s.SincronizacaoEstoqueService      : [ESTOQUE] Ciclo finalizado. Total de atualizações enviadas: 0
2026-09-04T03:57:00.000-03:00  INFO 22468 --- [ecommerce] [scheduling-1] c.d.e.s.SincronizacaoEstoqueService      : [ESTOQUE] Lendo VW_ECOMMERCE_ESTOQUE no banco de dados...
2026-09-04T03:57:00.095-03:00  INFO 22468 --- [ecommerce] [scheduling-1] c.d.e.s.SincronizacaoEstoqueService      : [ESTOQUE] Ciclo finalizado. Total de atualizações enviadas: 0
2026-09-04T03:57:00.095-03:00  INFO 22468 --- [ecommerce] [scheduling-1] c.d.e.service.SincronizacaoService       : Lendo VW_ECOMMERCE_PRECOS no banco de dados...
2026-09-04T03:57:00.162-03:00  INFO 22468 --- [ecommerce] [scheduling-1] c.d.e.service.SincronizacaoService       : Ciclo finalizado. Total de atualizações enviadas: 0
2026-09-04T03:58:00.000-03:00  INFO 22468 --- [ecommerce] [scheduling-1] c.d.e.s.SincronizacaoEstoqueService      : [ESTOQUE] Lendo VW_ECOMMERCE_ESTOQUE no banco de dados...
2026-09-04T03:58:00.092-03:00  INFO 22468 --- [ecommerce] [scheduling-1] c.d.e.s.SincronizacaoEstoqueService      : [ESTOQUE] Ciclo finalizado. Total de atualizações enviadas: 0
2026-09-04T03:58:00.093-03:00  INFO 22468 --- [ecommerce] [scheduling-1] c.d.e.service.SincronizacaoService       : Lendo VW_ECOMMERCE_PRECOS no banco de dados...
2026-09-04T03:58:00.135-03:00  INFO 22468 --- [ecommerce] [scheduling-1] c.d.e.service.SincronizacaoService       : Ciclo finalizado. Total de atualizações enviadas: 0
2026-09-04T03:58:59.999-03:00  INFO 22468 --- [ecommerce] [scheduling-1] c.d.e.service.SincronizacaoService       : Lendo VW_ECOMMERCE_PRECOS no banco de dados...
2026-09-04T03:59:00.091-03:00  INFO 22468 --- [ecommerce] [scheduling-1] c.d.e.service.SincronizacaoService       : Ciclo finalizado. Total de atualizações enviadas: 0
2026-09-04T03:59:00.091-03:00  INFO 22468 --- [ecommerce] [scheduling-1] c.d.e.s.SincronizacaoEstoqueService      : [ESTOQUE] Lendo VW_ECOMMERCE_ESTOQUE no banco de dados...
2026-09-04T03:59:00.120-03:00  INFO 22468 --- [ecommerce] [scheduling-1] c.d.e.s.SincronizacaoEstoqueService      : [ESTOQUE] Ciclo finalizado. Total de atualizações enviadas: 0
2026-09-04T04:00:00.000-03:00  INFO 22468 --- [ecommerce] [scheduling-1] c.d.e.service.SincronizacaoService       : Lendo VW_ECOMMERCE_PRECOS no banco de dados...
2026-09-04T04:00:00.103-03:00  INFO 22468 --- [ecommerce] [scheduling-1] c.d.e.service.SincronizacaoService       : Ciclo finalizado. Total de atualizações enviadas: 0
2026-09-04T04:00:00.103-03:00  INFO 22468 --- [ecommerce] [scheduling-1] c.d.e.s.SincronizacaoEstoqueService      : [ESTOQUE] Lendo VW_ECOMMERCE_ESTOQUE no banco de dados...
2026-09-04T04:00:00.126-03:00  INFO 22468 --- [ecommerce] [scheduling-1] c.d.e.s.SincronizacaoEstoqueService      : [ESTOQUE] Ciclo finalizado. Total de atualizações enviadas: 0
2026-09-04T04:00:59.999-03:00  INFO 22468 --- [ecommerce] [scheduling-1] c.d.e.s.SincronizacaoEstoqueService      : [ESTOQUE] Lendo VW_ECOMMERCE_ESTOQUE no banco de dados...
2026-09-04T04:01:00.060-03:00  INFO 22468 --- [ecommerce] [scheduling-1] c.d.e.s.SincronizacaoEstoqueService      : [ESTOQUE] Ciclo finalizado. Total de atualizações enviadas: 0
2026-09-04T04:01:00.060-03:00  INFO 22468 --- [ecommerce] [scheduling-1] c.d.e.service.SincronizacaoService       : Lendo VW_ECOMMERCE_PRECOS no banco de dados...
2026-09-04T04:01:00.149-03:00  INFO 22468 --- [ecommerce] [scheduling-1] c.d.e.service.SincronizacaoService       : Ciclo finalizado. Total de atualizações enviadas: 0
2026-09-04T04:02:00.002-03:00  INFO 22468 --- [ecommerce] [scheduling-1] c.d.e.s.SincronizacaoEstoqueService      : [ESTOQUE] Lendo VW_ECOMMERCE_ESTOQUE no banco de dados...
2026-09-04T04:02:00.092-03:00  INFO 22468 --- [ecommerce] [scheduling-1] c.d.e.s.SincronizacaoEstoqueService      : [ESTOQUE] Ciclo finalizado. Total de atualizações enviadas: 0
2026-09-04T04:02:00.092-03:00  INFO 22468 --- [ecommerce] [scheduling-1] c.d.e.service.SincronizacaoService       : Lendo VW_ECOMMERCE_PRECOS no banco de dados...
2026-09-04T04:02:00.196-03:00  INFO 22468 --- [ecommerce] [scheduling-1] c.d.e.service.SincronizacaoService       : Ciclo finalizado. Total de atualizações enviadas: 0
2026-09-04T04:02:59.999-03:00  INFO 22468 --- [ecommerce] [scheduling-1] c.d.e.service.SincronizacaoService       : Lendo VW_ECOMMERCE_PRECOS no banco de dados...
2026-09-04T04:03:00.076-03:00  INFO 22468 --- [ecommerce] [scheduling-1] c.d.e.service.SincronizacaoService       : Ciclo finalizado. Total de atualizações enviadas: 0
2026-09-04T04:03:00.077-03:00  INFO 22468 --- [ecommerce] [scheduling-1] c.d.e.s.SincronizacaoEstoqueService      : [ESTOQUE] Lendo VW_ECOMMERCE_ESTOQUE no banco de dados...
2026-09-04T04:03:00.109-03:00  INFO 22468 --- [ecommerce] [scheduling-1] c.d.e.s.SincronizacaoEstoqueService      : [ESTOQUE] Ciclo finalizado. Total de atualizações enviadas: 0
2026-09-04T04:03:59.999-03:00  INFO 22468 --- [ecommerce] [scheduling-1] c.d.e.service.SincronizacaoService       : Lendo VW_ECOMMERCE_PRECOS no banco de dados...
2026-09-04T04:04:00.077-03:00  INFO 22468 --- [ecommerce] [scheduling-1] c.d.e.service.SincronizacaoService       : Ciclo finalizado. Total de atualizações enviadas: 0
2026-09-04T04:04:00.077-03:00  INFO 22468 --- [ecommerce] [scheduling-1] c.d.e.s.SincronizacaoEstoqueService      : [ESTOQUE] Lendo VW_ECOMMERCE_ESTOQUE no banco de dados...
2026-09-04T04:04:00.101-03:00  INFO 22468 --- [ecommerce] [scheduling-1] c.d.e.s.SincronizacaoEstoqueService      : [ESTOQUE] Ciclo finalizado. Total de atualizações enviadas: 0
2026-09-04T04:05:00.000-03:00  INFO 22468 --- [ecommerce] [scheduling-1] c.d.e.s.SincronizacaoEstoqueService      : [ESTOQUE] Lendo VW_ECOMMERCE_ESTOQUE no banco de dados...
2026-09-04T04:05:00.043-03:00  INFO 22468 --- [ecommerce] [scheduling-1] c.d.e.s.SincronizacaoEstoqueService      : [ESTOQUE] Ciclo finalizado. Total de atualizações enviadas: 0
2026-09-04T04:05:00.043-03:00  INFO 22468 --- [ecommerce] [scheduling-1] c.d.e.service.SincronizacaoService       : Lendo VW_ECOMMERCE_PRECOS no banco de dados...
2026-09-04T04:05:00.094-03:00  INFO 22468 --- [ecommerce] [scheduling-1] c.d.e.service.SincronizacaoService       : Ciclo finalizado. Total de atualizações enviadas: 0
2026-09-04T04:06:00.001-03:00  INFO 22468 --- [ecommerce] [scheduling-1] c.d.e.service.SincronizacaoService       : Lendo VW_ECOMMERCE_PRECOS no banco de dados...
2026-09-04T04:06:00.080-03:00  INFO 22468 --- [ecommerce] [scheduling-1] c.d.e.service.SincronizacaoService       : Ciclo finalizado. Total de atualizações enviadas: 0
2026-09-04T04:06:00.080-03:00  INFO 22468 --- [ecommerce] [scheduling-1] c.d.e.s.SincronizacaoEstoqueService      : [ESTOQUE] Lendo VW_ECOMMERCE_ESTOQUE no banco de dados...
2026-09-04T04:06:00.104-03:00  INFO 22468 --- [ecommerce] [scheduling-1] c.d.e.s.SincronizacaoEstoqueService      : [ESTOQUE] Ciclo finalizado. Total de atualizações enviadas: 0
2026-09-04T04:06:59.999-03:00  INFO 22468 --- [ecommerce] [scheduling-1] c.d.e.service.SincronizacaoService       : Lendo VW_ECOMMERCE_PRECOS no banco de dados...
2026-09-04T04:07:00.051-03:00  INFO 22468 --- [ecommerce] [scheduling-1] c.d.e.service.SincronizacaoService       : Ciclo finalizado. Total de atualizações enviadas: 0
2026-09-04T04:07:00.051-03:00  INFO 22468 --- [ecommerce] [scheduling-1] c.d.e.s.SincronizacaoEstoqueService      : [ESTOQUE] Lendo VW_ECOMMERCE_ESTOQUE no banco de dados...
2026-09-04T04:07:00.086-03:00  INFO 22468 --- [ecommerce] [scheduling-1] c.d.e.s.SincronizacaoEstoqueService      : [ESTOQUE] Ciclo finalizado. Total de atualizações enviadas: 0
2026-09-04T04:08:00.000-03:00  INFO 22468 --- [ecommerce] [scheduling-1] c.d.e.s.SincronizacaoEstoqueService      : [ESTOQUE] Lendo VW_ECOMMERCE_ESTOQUE no banco de dados...
2026-09-04T04:08:00.073-03:00  INFO 22468 --- [ecommerce] [scheduling-1] c.d.e.s.SincronizacaoEstoqueService      : [ESTOQUE] Ciclo finalizado. Total de atualizações enviadas: 0
2026-09-04T04:08:00.074-03:00  INFO 22468 --- [ecommerce] [scheduling-1] c.d.e.service.SincronizacaoService       : Lendo VW_ECOMMERCE_PRECOS no banco de dados...
2026-09-04T04:08:00.119-03:00  INFO 22468 --- [ecommerce] [scheduling-1] c.d.e.service.SincronizacaoService       : Ciclo finalizado. Total de atualizações enviadas: 0
2026-09-04T04:08:59.999-03:00  INFO 22468 --- [ecommerce] [scheduling-1] c.d.e.s.SincronizacaoEstoqueService      : [ESTOQUE] Lendo VW_ECOMMERCE_ESTOQUE no banco de dados...
2026-09-04T04:09:00.040-03:00  INFO 22468 --- [ecommerce] [scheduling-1] c.d.e.s.SincronizacaoEstoqueService      : [ESTOQUE] Ciclo finalizado. Total de atualizações enviadas: 0
2026-09-04T04:09:00.040-03:00  INFO 22468 --- [ecommerce] [scheduling-1] c.d.e.service.SincronizacaoService       : Lendo VW_ECOMMERCE_PRECOS no banco de dados...
2026-09-04T04:09:00.087-03:00  INFO 22468 --- [ecommerce] [scheduling-1] c.d.e.service.SincronizacaoService       : Ciclo finalizado. Total de atualizações enviadas: 0
2026-09-04T04:10:00.002-03:00  INFO 22468 --- [ecommerce] [scheduling-1] c.d.e.service.SincronizacaoService       : Lendo VW_ECOMMERCE_PRECOS no banco de dados...
2026-09-04T04:10:00.105-03:00  INFO 22468 --- [ecommerce] [scheduling-1] c.d.e.service.SincronizacaoService       : Ciclo finalizado. Total de atualizações enviadas: 0
2026-09-04T04:10:00.105-03:00  INFO 22468 --- [ecommerce] [scheduling-1] c.d.e.s.SincronizacaoEstoqueService      : [ESTOQUE] Lendo VW_ECOMMERCE_ESTOQUE no banco de dados...
2026-09-04T04:10:00.129-03:00  INFO 22468 --- [ecommerce] [scheduling-1] c.d.e.s.SincronizacaoEstoqueService      : [ESTOQUE] Ciclo finalizado. Total de atualizações enviadas: 0
2026-09-04T04:11:00.000-03:00  INFO 22468 --- [ecommerce] [scheduling-1] c.d.e.s.SincronizacaoEstoqueService      : [ESTOQUE] Lendo VW_ECOMMERCE_ESTOQUE no banco de dados...
2026-09-04T04:11:00.096-03:00  INFO 22468 --- [ecommerce] [scheduling-1] c.d.e.s.SincronizacaoEstoqueService      : [ESTOQUE] Ciclo finalizado. Total de atualizações enviadas: 0
2026-09-04T04:11:00.096-03:00  INFO 22468 --- [ecommerce] [scheduling-1] c.d.e.service.SincronizacaoService       : Lendo VW_ECOMMERCE_PRECOS no banco de dados...
2026-09-04T04:11:00.140-03:00  INFO 22468 --- [ecommerce] [scheduling-1] c.d.e.service.SincronizacaoService       : Ciclo finalizado. Total de atualizações enviadas: 0
2026-09-04T04:12:00.000-03:00  INFO 22468 --- [ecommerce] [scheduling-1] c.d.e.service.SincronizacaoService       : Lendo VW_ECOMMERCE_PRECOS no banco de dados...
2026-09-04T04:12:00.057-03:00  INFO 22468 --- [ecommerce] [scheduling-1] c.d.e.service.SincronizacaoService       : Ciclo finalizado. Total de atualizações enviadas: 0
2026-09-04T04:12:00.057-03:00  INFO 22468 --- [ecommerce] [scheduling-1] c.d.e.s.SincronizacaoEstoqueService      : [ESTOQUE] Lendo VW_ECOMMERCE_ESTOQUE no banco de dados...
2026-09-04T04:12:00.089-03:00  INFO 22468 --- [ecommerce] [scheduling-1] c.d.e.s.SincronizacaoEstoqueService      : [ESTOQUE] Ciclo finalizado. Total de atualizações enviadas: 0
2026-09-04T04:13:00.000-03:00  INFO 22468 --- [ecommerce] [scheduling-1] c.d.e.s.SincronizacaoEstoqueService      : [ESTOQUE] Lendo VW_ECOMMERCE_ESTOQUE no banco de dados...
2026-09-04T04:13:00.082-03:00  INFO 22468 --- [ecommerce] [scheduling-1] c.d.e.s.SincronizacaoEstoqueService      : [ESTOQUE] Ciclo finalizado. Total de atualizações enviadas: 0
2026-09-04T04:13:00.083-03:00  INFO 22468 --- [ecommerce] [scheduling-1] c.d.e.service.SincronizacaoService       : Lendo VW_ECOMMERCE_PRECOS no banco de dados...
2026-09-04T04:13:00.126-03:00  INFO 22468 --- [ecommerce] [scheduling-1] c.d.e.service.SincronizacaoService       : Ciclo finalizado. Total de atualizações enviadas: 0
2026-09-04T04:14:00.000-03:00  INFO 22468 --- [ecommerce] [scheduling-1] c.d.e.service.SincronizacaoService       : Lendo VW_ECOMMERCE_PRECOS no banco de dados...
2026-09-04T04:14:00.049-03:00  INFO 22468 --- [ecommerce] [scheduling-1] c.d.e.service.SincronizacaoService       : Ciclo finalizado. Total de atualizações enviadas: 0
2026-09-04T04:14:00.049-03:00  INFO 22468 --- [ecommerce] [scheduling-1] c.d.e.s.SincronizacaoEstoqueService      : [ESTOQUE] Lendo VW_ECOMMERCE_ESTOQUE no banco de dados...
2026-09-04T04:14:00.082-03:00  INFO 22468 --- [ecommerce] [scheduling-1] c.d.e.s.SincronizacaoEstoqueService      : [ESTOQUE] Ciclo finalizado. Total de atualizações enviadas: 0
2026-09-04T04:15:00.001-03:00  INFO 22468 --- [ecommerce] [scheduling-1] c.d.e.s.SincronizacaoEstoqueService      : [ESTOQUE] Lendo VW_ECOMMERCE_ESTOQUE no banco de dados...
2026-09-04T04:15:00.079-03:00  INFO 22468 --- [ecommerce] [scheduling-1] c.d.e.s.SincronizacaoEstoqueService      : [ESTOQUE] Ciclo finalizado. Total de atualizações enviadas: 0
2026-09-04T04:15:00.079-03:00  INFO 22468 --- [ecommerce] [scheduling-1] c.d.e.service.SincronizacaoService       : Lendo VW_ECOMMERCE_PRECOS no banco de dados...
2026-09-04T04:15:00.136-03:00  INFO 22468 --- [ecommerce] [scheduling-1] c.d.e.service.SincronizacaoService       : Ciclo finalizado. Total de atualizações enviadas: 0
2026-09-04T04:16:00.000-03:00  INFO 22468 --- [ecommerce] [scheduling-1] c.d.e.service.SincronizacaoService       : Lendo VW_ECOMMERCE_PRECOS no banco de dados...
2026-09-04T04:16:00.054-03:00  INFO 22468 --- [ecommerce] [scheduling-1] c.d.e.service.SincronizacaoService       : Ciclo finalizado. Total de atualizações enviadas: 0
2026-09-04T04:16:00.054-03:00  INFO 22468 --- [ecommerce] [scheduling-1] c.d.e.s.SincronizacaoEstoqueService      : [ESTOQUE] Lendo VW_ECOMMERCE_ESTOQUE no banco de dados...
2026-09-04T04:16:00.086-03:00  INFO 22468 --- [ecommerce] [scheduling-1] c.d.e.s.SincronizacaoEstoqueService      : [ESTOQUE] Ciclo finalizado. Total de atualizações enviadas: 0
2026-09-04T04:17:00.001-03:00  INFO 22468 --- [ecommerce] [scheduling-1] c.d.e.service.SincronizacaoService       : Lendo VW_ECOMMERCE_PRECOS no banco de dados...
2026-09-04T04:17:00.090-03:00  INFO 22468 --- [ecommerce] [scheduling-1] c.d.e.service.SincronizacaoService       : Ciclo finalizado. Total de atualizações enviadas: 0
2026-09-04T04:17:00.090-03:00  INFO 22468 --- [ecommerce] [scheduling-1] c.d.e.s.SincronizacaoEstoqueService      : [ESTOQUE] Lendo VW_ECOMMERCE_ESTOQUE no banco de dados...
2026-09-04T04:17:00.110-03:00  INFO 22468 --- [ecommerce] [scheduling-1] c.d.e.s.SincronizacaoEstoqueService      : [ESTOQUE] Ciclo finalizado. Total de atualizações enviadas: 0
2026-09-04T04:18:00.001-03:00  INFO 22468 --- [ecommerce] [scheduling-1] c.d.e.service.SincronizacaoService       : Lendo VW_ECOMMERCE_PRECOS no banco de dados...
2026-09-04T04:18:00.059-03:00  INFO 22468 --- [ecommerce] [scheduling-1] c.d.e.service.SincronizacaoService       : Ciclo finalizado. Total de atualizações enviadas: 0
2026-09-04T04:18:00.059-03:00  INFO 22468 --- [ecommerce] [scheduling-1] c.d.e.s.SincronizacaoEstoqueService      : [ESTOQUE] Lendo VW_ECOMMERCE_ESTOQUE no banco de dados...
2026-09-04T04:18:00.079-03:00  INFO 22468 --- [ecommerce] [scheduling-1] c.d.e.s.SincronizacaoEstoqueService      : [ESTOQUE] Ciclo finalizado. Total de atualizações enviadas: 0
2026-09-04T04:19:00.000-03:00  INFO 22468 --- [ecommerce] [scheduling-1] c.d.e.s.SincronizacaoEstoqueService      : [ESTOQUE] Lendo VW_ECOMMERCE_ESTOQUE no banco de dados...
2026-09-04T04:19:00.091-03:00  INFO 22468 --- [ecommerce] [scheduling-1] c.d.e.s.SincronizacaoEstoqueService      : [ESTOQUE] Ciclo finalizado. Total de atualizações enviadas: 0
2026-09-04T04:19:00.092-03:00  INFO 22468 --- [ecommerce] [scheduling-1] c.d.e.service.SincronizacaoService       : Lendo VW_ECOMMERCE_PRECOS no banco de dados...
2026-09-04T04:19:00.152-03:00  INFO 22468 --- [ecommerce] [scheduling-1] c.d.e.service.SincronizacaoService       : Ciclo finalizado. Total de atualizações enviadas: 0
2026-09-04T04:20:00.000-03:00  INFO 22468 --- [ecommerce] [scheduling-1] c.d.e.s.SincronizacaoEstoqueService      : [ESTOQUE] Lendo VW_ECOMMERCE_ESTOQUE no banco de dados...
2026-09-04T04:20:00.046-03:00  INFO 22468 --- [ecommerce] [scheduling-1] c.d.e.s.SincronizacaoEstoqueService      : [ESTOQUE] Ciclo finalizado. Total de atualizações enviadas: 0
2026-09-04T04:20:00.046-03:00  INFO 22468 --- [ecommerce] [scheduling-1] c.d.e.service.SincronizacaoService       : Lendo VW_ECOMMERCE_PRECOS no banco de dados...
2026-09-04T04:20:00.093-03:00  INFO 22468 --- [ecommerce] [scheduling-1] c.d.e.service.SincronizacaoService       : Ciclo finalizado. Total de atualizações enviadas: 0
2026-09-04T04:21:00.000-03:00  INFO 22468 --- [ecommerce] [scheduling-1] c.d.e.s.SincronizacaoEstoqueService      : [ESTOQUE] Lendo VW_ECOMMERCE_ESTOQUE no banco de dados...
2026-09-04T04:21:00.080-03:00  INFO 22468 --- [ecommerce] [scheduling-1] c.d.e.s.SincronizacaoEstoqueService      : [ESTOQUE] Ciclo finalizado. Total de atualizações enviadas: 0
2026-09-04T04:21:00.081-03:00  INFO 22468 --- [ecommerce] [scheduling-1] c.d.e.service.SincronizacaoService       : Lendo VW_ECOMMERCE_PRECOS no banco de dados...
2026-09-04T04:21:00.125-03:00  INFO 22468 --- [ecommerce] [scheduling-1] c.d.e.service.SincronizacaoService       : Ciclo finalizado. Total de atualizações enviadas: 0
2026-09-04T04:22:00.000-03:00  INFO 22468 --- [ecommerce] [scheduling-1] c.d.e.s.SincronizacaoEstoqueService      : [ESTOQUE] Lendo VW_ECOMMERCE_ESTOQUE no banco de dados...
2026-09-04T04:22:00.071-03:00  INFO 22468 --- [ecommerce] [scheduling-1] c.d.e.s.SincronizacaoEstoqueService      : [ESTOQUE] Ciclo finalizado. Total de atualizações enviadas: 0
2026-09-04T04:22:00.071-03:00  INFO 22468 --- [ecommerce] [scheduling-1] c.d.e.service.SincronizacaoService       : Lendo VW_ECOMMERCE_PRECOS no banco de dados...
2026-09-04T04:22:00.118-03:00  INFO 22468 --- [ecommerce] [scheduling-1] c.d.e.service.SincronizacaoService       : Ciclo finalizado. Total de atualizações enviadas: 0
2026-09-04T04:23:00.000-03:00  INFO 22468 --- [ecommerce] [scheduling-1] c.d.e.s.SincronizacaoEstoqueService      : [ESTOQUE] Lendo VW_ECOMMERCE_ESTOQUE no banco de dados...
2026-09-04T04:23:00.028-03:00  INFO 22468 --- [ecommerce] [scheduling-1] c.d.e.s.SincronizacaoEstoqueService      : [ESTOQUE] Ciclo finalizado. Total de atualizações enviadas: 0
2026-09-04T04:23:00.028-03:00  INFO 22468 --- [ecommerce] [scheduling-1] c.d.e.service.SincronizacaoService       : Lendo VW_ECOMMERCE_PRECOS no banco de dados...
2026-09-04T04:23:00.084-03:00  INFO 22468 --- [ecommerce] [scheduling-1] c.d.e.service.SincronizacaoService       : Ciclo finalizado. Total de atualizações enviadas: 0
2026-09-04T04:24:00.001-03:00  INFO 22468 --- [ecommerce] [scheduling-1] c.d.e.service.SincronizacaoService       : Lendo VW_ECOMMERCE_PRECOS no banco de dados...
2026-09-04T04:24:00.085-03:00  INFO 22468 --- [ecommerce] [scheduling-1] c.d.e.service.SincronizacaoService       : Ciclo finalizado. Total de atualizações enviadas: 0
2026-09-04T04:24:00.085-03:00  INFO 22468 --- [ecommerce] [scheduling-1] c.d.e.s.SincronizacaoEstoqueService      : [ESTOQUE] Lendo VW_ECOMMERCE_ESTOQUE no banco de dados...
2026-09-04T04:24:00.110-03:00  INFO 22468 --- [ecommerce] [scheduling-1] c.d.e.s.SincronizacaoEstoqueService      : [ESTOQUE] Ciclo finalizado. Total de atualizações enviadas: 0
2026-09-04T04:25:00.000-03:00  INFO 22468 --- [ecommerce] [scheduling-1] c.d.e.s.SincronizacaoEstoqueService      : [ESTOQUE] Lendo VW_ECOMMERCE_ESTOQUE no banco de dados...
2026-09-04T04:25:00.036-03:00  INFO 22468 --- [ecommerce] [scheduling-1] c.d.e.s.SincronizacaoEstoqueService      : [ESTOQUE] Ciclo finalizado. Total de atualizações enviadas: 0
2026-09-04T04:25:00.037-03:00  INFO 22468 --- [ecommerce] [scheduling-1] c.d.e.service.SincronizacaoService       : Lendo VW_ECOMMERCE_PRECOS no banco de dados...
2026-09-04T04:25:00.094-03:00  INFO 22468 --- [ecommerce] [scheduling-1] c.d.e.service.SincronizacaoService       : Ciclo finalizado. Total de atualizações enviadas: 0
2026-09-04T04:26:00.000-03:00  INFO 22468 --- [ecommerce] [scheduling-1] c.d.e.service.SincronizacaoService       : Lendo VW_ECOMMERCE_PRECOS no banco de dados...
2026-09-04T04:26:00.098-03:00  INFO 22468 --- [ecommerce] [scheduling-1] c.d.e.service.SincronizacaoService       : Ciclo finalizado. Total de atualizações enviadas: 0
2026-09-04T04:26:00.099-03:00  INFO 22468 --- [ecommerce] [scheduling-1] c.d.e.s.SincronizacaoEstoqueService      : [ESTOQUE] Lendo VW_ECOMMERCE_ESTOQUE no banco de dados...
2026-09-04T04:26:00.120-03:00  INFO 22468 --- [ecommerce] [scheduling-1] c.d.e.s.SincronizacaoEstoqueService      : [ESTOQUE] Ciclo finalizado. Total de atualizações enviadas: 0
2026-09-04T04:26:59.999-03:00  INFO 22468 --- [ecommerce] [scheduling-1] c.d.e.service.SincronizacaoService       : Lendo VW_ECOMMERCE_PRECOS no banco de dados...
2026-09-04T04:27:00.103-03:00  INFO 22468 --- [ecommerce] [scheduling-1] c.d.e.service.SincronizacaoService       : Ciclo finalizado. Total de atualizações enviadas: 0
2026-09-04T04:27:00.103-03:00  INFO 22468 --- [ecommerce] [scheduling-1] c.d.e.s.SincronizacaoEstoqueService      : [ESTOQUE] Lendo VW_ECOMMERCE_ESTOQUE no banco de dados...
2026-09-04T04:27:00.130-03:00  INFO 22468 --- [ecommerce] [scheduling-1] c.d.e.s.SincronizacaoEstoqueService      : [ESTOQUE] Ciclo finalizado. Total de atualizações enviadas: 0
2026-09-04T04:28:00.000-03:00  INFO 22468 --- [ecommerce] [scheduling-1] c.d.e.service.SincronizacaoService       : Lendo VW_ECOMMERCE_PRECOS no banco de dados...
2026-09-04T04:28:00.115-03:00  INFO 22468 --- [ecommerce] [scheduling-1] c.d.e.service.SincronizacaoService       : Ciclo finalizado. Total de atualizações enviadas: 0
2026-09-04T04:28:00.116-03:00  INFO 22468 --- [ecommerce] [scheduling-1] c.d.e.s.SincronizacaoEstoqueService      : [ESTOQUE] Lendo VW_ECOMMERCE_ESTOQUE no banco de dados...
2026-09-04T04:28:00.246-03:00  INFO 22468 --- [ecommerce] [scheduling-1] c.d.e.s.SincronizacaoEstoqueService      : [ESTOQUE] Ciclo finalizado. Total de atualizações enviadas: 0
2026-09-04T04:29:00.000-03:00  INFO 22468 --- [ecommerce] [scheduling-1] c.d.e.service.SincronizacaoService       : Lendo VW_ECOMMERCE_PRECOS no banco de dados...
2026-09-04T04:29:00.056-03:00  INFO 22468 --- [ecommerce] [scheduling-1] c.d.e.service.SincronizacaoService       : Ciclo finalizado. Total de atualizações enviadas: 0
2026-09-04T04:29:00.056-03:00  INFO 22468 --- [ecommerce] [scheduling-1] c.d.e.s.SincronizacaoEstoqueService      : [ESTOQUE] Lendo VW_ECOMMERCE_ESTOQUE no banco de dados...
2026-09-04T04:29:00.079-03:00  INFO 22468 --- [ecommerce] [scheduling-1] c.d.e.s.SincronizacaoEstoqueService      : [ESTOQUE] Ciclo finalizado. Total de atualizações enviadas: 0
2026-09-04T04:30:00.001-03:00  INFO 22468 --- [ecommerce] [scheduling-1] c.d.e.service.SincronizacaoService       : Lendo VW_ECOMMERCE_PRECOS no banco de dados...
2026-09-04T04:30:00.089-03:00  INFO 22468 --- [ecommerce] [scheduling-1] c.d.e.service.SincronizacaoService       : Ciclo finalizado. Total de atualizações enviadas: 0
2026-09-04T04:30:00.089-03:00  INFO 22468 --- [ecommerce] [scheduling-1] c.d.e.s.SincronizacaoEstoqueService      : [ESTOQUE] Lendo VW_ECOMMERCE_ESTOQUE no banco de dados...
2026-09-04T04:30:00.111-03:00  INFO 22468 --- [ecommerce] [scheduling-1] c.d.e.s.SincronizacaoEstoqueService      : [ESTOQUE] Ciclo finalizado. Total de atualizações enviadas: 0
2026-09-04T04:30:59.999-03:00  INFO 22468 --- [ecommerce] [scheduling-1] c.d.e.service.SincronizacaoService       : Lendo VW_ECOMMERCE_PRECOS no banco de dados...
2026-09-04T04:31:00.161-03:00  INFO 22468 --- [ecommerce] [scheduling-1] c.d.e.service.SincronizacaoService       : Ciclo finalizado. Total de atualizações enviadas: 0
2026-09-04T04:31:00.162-03:00  INFO 22468 --- [ecommerce] [scheduling-1] c.d.e.s.SincronizacaoEstoqueService      : [ESTOQUE] Lendo VW_ECOMMERCE_ESTOQUE no banco de dados...
2026-09-04T04:31:00.204-03:00  INFO 22468 --- [ecommerce] [scheduling-1] c.d.e.s.SincronizacaoEstoqueService      : [ESTOQUE] Ciclo finalizado. Total de atualizações enviadas: 0
2026-09-04T04:32:00.000-03:00  INFO 22468 --- [ecommerce] [scheduling-1] c.d.e.service.SincronizacaoService       : Lendo VW_ECOMMERCE_PRECOS no banco de dados...
2026-09-04T04:32:00.071-03:00  INFO 22468 --- [ecommerce] [scheduling-1] c.d.e.service.SincronizacaoService       : Ciclo finalizado. Total de atualizações enviadas: 0
2026-09-04T04:32:00.072-03:00  INFO 22468 --- [ecommerce] [scheduling-1] c.d.e.s.SincronizacaoEstoqueService      : [ESTOQUE] Lendo VW_ECOMMERCE_ESTOQUE no banco de dados...
2026-09-04T04:32:00.100-03:00  INFO 22468 --- [ecommerce] [scheduling-1] c.d.e.s.SincronizacaoEstoqueService      : [ESTOQUE] Ciclo finalizado. Total de atualizações enviadas: 0
2026-09-04T04:33:00.000-03:00  INFO 22468 --- [ecommerce] [scheduling-1] c.d.e.s.SincronizacaoEstoqueService      : [ESTOQUE] Lendo VW_ECOMMERCE_ESTOQUE no banco de dados...
2026-09-04T04:33:00.059-03:00  INFO 22468 --- [ecommerce] [scheduling-1] c.d.e.s.SincronizacaoEstoqueService      : [ESTOQUE] Ciclo finalizado. Total de atualizações enviadas: 0
2026-09-04T04:33:00.059-03:00  INFO 22468 --- [ecommerce] [scheduling-1] c.d.e.service.SincronizacaoService       : Lendo VW_ECOMMERCE_PRECOS no banco de dados...
2026-09-04T04:33:00.102-03:00  INFO 22468 --- [ecommerce] [scheduling-1] c.d.e.service.SincronizacaoService       : Ciclo finalizado. Total de atualizações enviadas: 0
2026-09-04T04:34:00.000-03:00  INFO 22468 --- [ecommerce] [scheduling-1] c.d.e.s.SincronizacaoEstoqueService      : [ESTOQUE] Lendo VW_ECOMMERCE_ESTOQUE no banco de dados...
2026-09-04T04:34:00.084-03:00  INFO 22468 --- [ecommerce] [scheduling-1] c.d.e.s.SincronizacaoEstoqueService      : [ESTOQUE] Ciclo finalizado. Total de atualizações enviadas: 0
2026-09-04T04:34:00.084-03:00  INFO 22468 --- [ecommerce] [scheduling-1] c.d.e.service.SincronizacaoService       : Lendo VW_ECOMMERCE_PRECOS no banco de dados...
2026-09-04T04:34:00.132-03:00  INFO 22468 --- [ecommerce] [scheduling-1] c.d.e.service.SincronizacaoService       : Ciclo finalizado. Total de atualizações enviadas: 0
2026-09-04T04:35:00.000-03:00  INFO 22468 --- [ecommerce] [scheduling-1] c.d.e.s.SincronizacaoEstoqueService      : [ESTOQUE] Lendo VW_ECOMMERCE_ESTOQUE no banco de dados...
2026-09-04T04:35:00.038-03:00  INFO 22468 --- [ecommerce] [scheduling-1] c.d.e.s.SincronizacaoEstoqueService      : [ESTOQUE] Ciclo finalizado. Total de atualizações enviadas: 0
2026-09-04T04:35:00.038-03:00  INFO 22468 --- [ecommerce] [scheduling-1] c.d.e.service.SincronizacaoService       : Lendo VW_ECOMMERCE_PRECOS no banco de dados...
2026-09-04T04:35:00.099-03:00  INFO 22468 --- [ecommerce] [scheduling-1] c.d.e.service.SincronizacaoService       : Ciclo finalizado. Total de atualizações enviadas: 0
2026-09-04T04:36:00.000-03:00  INFO 22468 --- [ecommerce] [scheduling-1] c.d.e.s.SincronizacaoEstoqueService      : [ESTOQUE] Lendo VW_ECOMMERCE_ESTOQUE no banco de dados...
2026-09-04T04:36:00.092-03:00  INFO 22468 --- [ecommerce] [scheduling-1] c.d.e.s.SincronizacaoEstoqueService      : [ESTOQUE] Ciclo finalizado. Total de atualizações enviadas: 0
2026-09-04T04:36:00.093-03:00  INFO 22468 --- [ecommerce] [scheduling-1] c.d.e.service.SincronizacaoService       : Lendo VW_ECOMMERCE_PRECOS no banco de dados...
2026-09-04T04:36:00.262-03:00  INFO 22468 --- [ecommerce] [scheduling-1] c.d.e.service.SincronizacaoService       : Ciclo finalizado. Total de atualizações enviadas: 0
2026-09-04T04:36:59.999-03:00  INFO 22468 --- [ecommerce] [scheduling-1] c.d.e.s.SincronizacaoEstoqueService      : [ESTOQUE] Lendo VW_ECOMMERCE_ESTOQUE no banco de dados...
2026-09-04T04:37:00.057-03:00  INFO 22468 --- [ecommerce] [scheduling-1] c.d.e.s.SincronizacaoEstoqueService      : [ESTOQUE] Ciclo finalizado. Total de atualizações enviadas: 0
2026-09-04T04:37:00.058-03:00  INFO 22468 --- [ecommerce] [scheduling-1] c.d.e.service.SincronizacaoService       : Lendo VW_ECOMMERCE_PRECOS no banco de dados...
2026-09-04T04:37:00.109-03:00  INFO 22468 --- [ecommerce] [scheduling-1] c.d.e.service.SincronizacaoService       : Ciclo finalizado. Total de atualizações enviadas: 0
2026-09-04T04:38:00.002-03:00  INFO 22468 --- [ecommerce] [scheduling-1] c.d.e.service.SincronizacaoService       : Lendo VW_ECOMMERCE_PRECOS no banco de dados...
2026-09-04T04:38:00.142-03:00  INFO 22468 --- [ecommerce] [scheduling-1] c.d.e.service.SincronizacaoService       : Ciclo finalizado. Total de atualizações enviadas: 0
2026-09-04T04:38:00.142-03:00  INFO 22468 --- [ecommerce] [scheduling-1] c.d.e.s.SincronizacaoEstoqueService      : [ESTOQUE] Lendo VW_ECOMMERCE_ESTOQUE no banco de dados...
2026-09-04T04:38:00.176-03:00  INFO 22468 --- [ecommerce] [scheduling-1] c.d.e.s.SincronizacaoEstoqueService      : [ESTOQUE] Ciclo finalizado. Total de atualizações enviadas: 0
2026-09-04T04:39:00.000-03:00  INFO 22468 --- [ecommerce] [scheduling-1] c.d.e.s.SincronizacaoEstoqueService      : [ESTOQUE] Lendo VW_ECOMMERCE_ESTOQUE no banco de dados...
2026-09-04T04:39:00.038-03:00  INFO 22468 --- [ecommerce] [scheduling-1] c.d.e.s.SincronizacaoEstoqueService      : [ESTOQUE] Ciclo finalizado. Total de atualizações enviadas: 0
2026-09-04T04:39:00.038-03:00  INFO 22468 --- [ecommerce] [scheduling-1] c.d.e.service.SincronizacaoService       : Lendo VW_ECOMMERCE_PRECOS no banco de dados...
2026-09-04T04:39:00.128-03:00  INFO 22468 --- [ecommerce] [scheduling-1] c.d.e.service.SincronizacaoService       : Ciclo finalizado. Total de atualizações enviadas: 0
2026-09-04T04:40:00.000-03:00  INFO 22468 --- [ecommerce] [scheduling-1] c.d.e.service.SincronizacaoService       : Lendo VW_ECOMMERCE_PRECOS no banco de dados...
2026-09-04T04:40:00.057-03:00  INFO 22468 --- [ecommerce] [scheduling-1] c.d.e.service.SincronizacaoService       : Ciclo finalizado. Total de atualizações enviadas: 0
2026-09-04T04:40:00.057-03:00  INFO 22468 --- [ecommerce] [scheduling-1] c.d.e.s.SincronizacaoEstoqueService      : [ESTOQUE] Lendo VW_ECOMMERCE_ESTOQUE no banco de dados...
2026-09-04T04:40:00.089-03:00  INFO 22468 --- [ecommerce] [scheduling-1] c.d.e.s.SincronizacaoEstoqueService      : [ESTOQUE] Ciclo finalizado. Total de atualizações enviadas: 0
2026-09-04T04:41:00.000-03:00  INFO 22468 --- [ecommerce] [scheduling-1] c.d.e.s.SincronizacaoEstoqueService      : [ESTOQUE] Lendo VW_ECOMMERCE_ESTOQUE no banco de dados...
2026-09-04T04:41:00.095-03:00  INFO 22468 --- [ecommerce] [scheduling-1] c.d.e.s.SincronizacaoEstoqueService      : [ESTOQUE] Ciclo finalizado. Total de atualizações enviadas: 0
2026-09-04T04:41:00.095-03:00  INFO 22468 --- [ecommerce] [scheduling-1] c.d.e.service.SincronizacaoService       : Lendo VW_ECOMMERCE_PRECOS no banco de dados...
2026-09-04T04:41:00.158-03:00  INFO 22468 --- [ecommerce] [scheduling-1] c.d.e.service.SincronizacaoService       : Ciclo finalizado. Total de atualizações enviadas: 0
2026-09-04T04:42:00.000-03:00  INFO 22468 --- [ecommerce] [scheduling-1] c.d.e.service.SincronizacaoService       : Lendo VW_ECOMMERCE_PRECOS no banco de dados...
2026-09-04T04:42:00.092-03:00  INFO 22468 --- [ecommerce] [scheduling-1] c.d.e.service.SincronizacaoService       : Ciclo finalizado. Total de atualizações enviadas: 0
2026-09-04T04:42:00.092-03:00  INFO 22468 --- [ecommerce] [scheduling-1] c.d.e.s.SincronizacaoEstoqueService      : [ESTOQUE] Lendo VW_ECOMMERCE_ESTOQUE no banco de dados...
2026-09-04T04:42:00.118-03:00  INFO 22468 --- [ecommerce] [scheduling-1] c.d.e.s.SincronizacaoEstoqueService      : [ESTOQUE] Ciclo finalizado. Total de atualizações enviadas: 0
2026-09-04T04:42:59.999-03:00  INFO 22468 --- [ecommerce] [scheduling-1] c.d.e.s.SincronizacaoEstoqueService      : [ESTOQUE] Lendo VW_ECOMMERCE_ESTOQUE no banco de dados...
2026-09-04T04:43:00.076-03:00  INFO 22468 --- [ecommerce] [scheduling-1] c.d.e.s.SincronizacaoEstoqueService      : [ESTOQUE] Ciclo finalizado. Total de atualizações enviadas: 0
2026-09-04T04:43:00.077-03:00  INFO 22468 --- [ecommerce] [scheduling-1] c.d.e.service.SincronizacaoService       : Lendo VW_ECOMMERCE_PRECOS no banco de dados...
2026-09-04T04:43:00.120-03:00  INFO 22468 --- [ecommerce] [scheduling-1] c.d.e.service.SincronizacaoService       : Ciclo finalizado. Total de atualizações enviadas: 0
2026-09-04T04:43:59.999-03:00  INFO 22468 --- [ecommerce] [scheduling-1] c.d.e.s.SincronizacaoEstoqueService      : [ESTOQUE] Lendo VW_ECOMMERCE_ESTOQUE no banco de dados...
2026-09-04T04:44:00.051-03:00  INFO 22468 --- [ecommerce] [scheduling-1] c.d.e.s.SincronizacaoEstoqueService      : [ESTOQUE] Ciclo finalizado. Total de atualizações enviadas: 0
2026-09-04T04:44:00.051-03:00  INFO 22468 --- [ecommerce] [scheduling-1] c.d.e.service.SincronizacaoService       : Lendo VW_ECOMMERCE_PRECOS no banco de dados...
2026-09-04T04:44:00.142-03:00  INFO 22468 --- [ecommerce] [scheduling-1] c.d.e.service.SincronizacaoService       : Ciclo finalizado. Total de atualizações enviadas: 0
2026-09-04T04:45:00.000-03:00  INFO 22468 --- [ecommerce] [scheduling-1] c.d.e.s.SincronizacaoEstoqueService      : [ESTOQUE] Lendo VW_ECOMMERCE_ESTOQUE no banco de dados...
2026-09-04T04:45:00.082-03:00  INFO 22468 --- [ecommerce] [scheduling-1] c.d.e.s.SincronizacaoEstoqueService      : [ESTOQUE] Ciclo finalizado. Total de atualizações enviadas: 0
2026-09-04T04:45:00.082-03:00  INFO 22468 --- [ecommerce] [scheduling-1] c.d.e.service.SincronizacaoService       : Lendo VW_ECOMMERCE_PRECOS no banco de dados...
2026-09-04T04:45:00.134-03:00  INFO 22468 --- [ecommerce] [scheduling-1] c.d.e.service.SincronizacaoService       : Ciclo finalizado. Total de atualizações enviadas: 0
2026-09-04T04:46:00.001-03:00  INFO 22468 --- [ecommerce] [scheduling-1] c.d.e.s.SincronizacaoEstoqueService      : [ESTOQUE] Lendo VW_ECOMMERCE_ESTOQUE no banco de dados...
2026-09-04T04:46:00.055-03:00  INFO 22468 --- [ecommerce] [scheduling-1] c.d.e.s.SincronizacaoEstoqueService      : [ESTOQUE] Ciclo finalizado. Total de atualizações enviadas: 0
2026-09-04T04:46:00.055-03:00  INFO 22468 --- [ecommerce] [scheduling-1] c.d.e.service.SincronizacaoService       : Lendo VW_ECOMMERCE_PRECOS no banco de dados...
2026-09-04T04:46:00.106-03:00  INFO 22468 --- [ecommerce] [scheduling-1] c.d.e.service.SincronizacaoService       : Ciclo finalizado. Total de atualizações enviadas: 0
2026-09-04T04:47:00.000-03:00  INFO 22468 --- [ecommerce] [scheduling-1] c.d.e.s.SincronizacaoEstoqueService      : [ESTOQUE] Lendo VW_ECOMMERCE_ESTOQUE no banco de dados...
2026-09-04T04:47:00.073-03:00  INFO 22468 --- [ecommerce] [scheduling-1] c.d.e.s.SincronizacaoEstoqueService      : [ESTOQUE] Ciclo finalizado. Total de atualizações enviadas: 0
2026-09-04T04:47:00.074-03:00  INFO 22468 --- [ecommerce] [scheduling-1] c.d.e.service.SincronizacaoService       : Lendo VW_ECOMMERCE_PRECOS no banco de dados...
2026-09-04T04:47:00.118-03:00  INFO 22468 --- [ecommerce] [scheduling-1] c.d.e.service.SincronizacaoService       : Ciclo finalizado. Total de atualizações enviadas: 0
2026-09-04T04:47:59.999-03:00  INFO 22468 --- [ecommerce] [scheduling-1] c.d.e.service.SincronizacaoService       : Lendo VW_ECOMMERCE_PRECOS no banco de dados...
2026-09-04T04:48:00.106-03:00  INFO 22468 --- [ecommerce] [scheduling-1] c.d.e.service.SincronizacaoService       : Ciclo finalizado. Total de atualizações enviadas: 0
2026-09-04T04:48:00.107-03:00  INFO 22468 --- [ecommerce] [scheduling-1] c.d.e.s.SincronizacaoEstoqueService      : [ESTOQUE] Lendo VW_ECOMMERCE_ESTOQUE no banco de dados...
2026-09-04T04:48:00.127-03:00  INFO 22468 --- [ecommerce] [scheduling-1] c.d.e.s.SincronizacaoEstoqueService      : [ESTOQUE] Ciclo finalizado. Total de atualizações enviadas: 0
2026-09-04T04:48:59.999-03:00  INFO 22468 --- [ecommerce] [scheduling-1] c.d.e.service.SincronizacaoService       : Lendo VW_ECOMMERCE_PRECOS no banco de dados...
2026-09-04T04:49:00.069-03:00  INFO 22468 --- [ecommerce] [scheduling-1] c.d.e.service.SincronizacaoService       : Ciclo finalizado. Total de atualizações enviadas: 0
2026-09-04T04:49:00.070-03:00  INFO 22468 --- [ecommerce] [scheduling-1] c.d.e.s.SincronizacaoEstoqueService      : [ESTOQUE] Lendo VW_ECOMMERCE_ESTOQUE no banco de dados...
2026-09-04T04:49:00.102-03:00  INFO 22468 --- [ecommerce] [scheduling-1] c.d.e.s.SincronizacaoEstoqueService      : [ESTOQUE] Ciclo finalizado. Total de atualizações enviadas: 0
2026-09-04T04:50:00.001-03:00  INFO 22468 --- [ecommerce] [scheduling-1] c.d.e.service.SincronizacaoService       : Lendo VW_ECOMMERCE_PRECOS no banco de dados...
2026-09-04T04:50:00.112-03:00  INFO 22468 --- [ecommerce] [scheduling-1] c.d.e.service.SincronizacaoService       : Ciclo finalizado. Total de atualizações enviadas: 0
2026-09-04T04:50:00.113-03:00  INFO 22468 --- [ecommerce] [scheduling-1] c.d.e.s.SincronizacaoEstoqueService      : [ESTOQUE] Lendo VW_ECOMMERCE_ESTOQUE no banco de dados...
2026-09-04T04:50:00.136-03:00  INFO 22468 --- [ecommerce] [scheduling-1] c.d.e.s.SincronizacaoEstoqueService      : [ESTOQUE] Ciclo finalizado. Total de atualizações enviadas: 0
2026-09-04T04:51:00.000-03:00  INFO 22468 --- [ecommerce] [scheduling-1] c.d.e.service.SincronizacaoService       : Lendo VW_ECOMMERCE_PRECOS no banco de dados...
2026-09-04T04:51:00.083-03:00  INFO 22468 --- [ecommerce] [scheduling-1] c.d.e.service.SincronizacaoService       : Ciclo finalizado. Total de atualizações enviadas: 0
2026-09-04T04:51:00.083-03:00  INFO 22468 --- [ecommerce] [scheduling-1] c.d.e.s.SincronizacaoEstoqueService      : [ESTOQUE] Lendo VW_ECOMMERCE_ESTOQUE no banco de dados...
2026-09-04T04:51:00.108-03:00  INFO 22468 --- [ecommerce] [scheduling-1] c.d.e.s.SincronizacaoEstoqueService      : [ESTOQUE] Ciclo finalizado. Total de atualizações enviadas: 0
2026-09-04T04:52:00.001-03:00  INFO 22468 --- [ecommerce] [scheduling-1] c.d.e.s.SincronizacaoEstoqueService      : [ESTOQUE] Lendo VW_ECOMMERCE_ESTOQUE no banco de dados...
2026-09-04T04:52:00.091-03:00  INFO 22468 --- [ecommerce] [scheduling-1] c.d.e.s.SincronizacaoEstoqueService      : [ESTOQUE] Ciclo finalizado. Total de atualizações enviadas: 0
2026-09-04T04:52:00.091-03:00  INFO 22468 --- [ecommerce] [scheduling-1] c.d.e.service.SincronizacaoService       : Lendo VW_ECOMMERCE_PRECOS no banco de dados...
2026-09-04T04:52:00.229-03:00  INFO 22468 --- [ecommerce] [scheduling-1] c.d.e.service.SincronizacaoService       : Ciclo finalizado. Total de atualizações enviadas: 0
2026-09-04T04:53:00.000-03:00  INFO 22468 --- [ecommerce] [scheduling-1] c.d.e.s.SincronizacaoEstoqueService      : [ESTOQUE] Lendo VW_ECOMMERCE_ESTOQUE no banco de dados...
2026-09-04T04:53:00.048-03:00  INFO 22468 --- [ecommerce] [scheduling-1] c.d.e.s.SincronizacaoEstoqueService      : [ESTOQUE] Ciclo finalizado. Total de atualizações enviadas: 0
2026-09-04T04:53:00.048-03:00  INFO 22468 --- [ecommerce] [scheduling-1] c.d.e.service.SincronizacaoService       : Lendo VW_ECOMMERCE_PRECOS no banco de dados...
2026-09-04T04:53:00.100-03:00  INFO 22468 --- [ecommerce] [scheduling-1] c.d.e.service.SincronizacaoService       : Ciclo finalizado. Total de atualizações enviadas: 0
2026-09-04T04:54:00.000-03:00  INFO 22468 --- [ecommerce] [scheduling-1] c.d.e.service.SincronizacaoService       : Lendo VW_ECOMMERCE_PRECOS no banco de dados...
2026-09-04T04:54:00.093-03:00  INFO 22468 --- [ecommerce] [scheduling-1] c.d.e.service.SincronizacaoService       : Ciclo finalizado. Total de atualizações enviadas: 0
2026-09-04T04:54:00.093-03:00  INFO 22468 --- [ecommerce] [scheduling-1] c.d.e.s.SincronizacaoEstoqueService      : [ESTOQUE] Lendo VW_ECOMMERCE_ESTOQUE no banco de dados...
2026-09-04T04:54:00.119-03:00  INFO 22468 --- [ecommerce] [scheduling-1] c.d.e.s.SincronizacaoEstoqueService      : [ESTOQUE] Ciclo finalizado. Total de atualizações enviadas: 0
2026-09-04T04:55:00.000-03:00  INFO 22468 --- [ecommerce] [scheduling-1] c.d.e.service.SincronizacaoService       : Lendo VW_ECOMMERCE_PRECOS no banco de dados...
2026-09-04T04:55:00.098-03:00  INFO 22468 --- [ecommerce] [scheduling-1] c.d.e.service.SincronizacaoService       : Ciclo finalizado. Total de atualizações enviadas: 0
2026-09-04T04:55:00.099-03:00  INFO 22468 --- [ecommerce] [scheduling-1] c.d.e.s.SincronizacaoEstoqueService      : [ESTOQUE] Lendo VW_ECOMMERCE_ESTOQUE no banco de dados...
2026-09-04T04:55:00.124-03:00  INFO 22468 --- [ecommerce] [scheduling-1] c.d.e.s.SincronizacaoEstoqueService      : [ESTOQUE] Ciclo finalizado. Total de atualizações enviadas: 0
2026-09-04T04:56:00.000-03:00  INFO 22468 --- [ecommerce] [scheduling-1] c.d.e.s.SincronizacaoEstoqueService      : [ESTOQUE] Lendo VW_ECOMMERCE_ESTOQUE no banco de dados...
2026-09-04T04:56:00.083-03:00  INFO 22468 --- [ecommerce] [scheduling-1] c.d.e.s.SincronizacaoEstoqueService      : [ESTOQUE] Ciclo finalizado. Total de atualizações enviadas: 0
2026-09-04T04:56:00.083-03:00  INFO 22468 --- [ecommerce] [scheduling-1] c.d.e.service.SincronizacaoService       : Lendo VW_ECOMMERCE_PRECOS no banco de dados...
2026-09-04T04:56:00.129-03:00  INFO 22468 --- [ecommerce] [scheduling-1] c.d.e.service.SincronizacaoService       : Ciclo finalizado. Total de atualizações enviadas: 0
2026-09-04T04:57:00.001-03:00  INFO 22468 --- [ecommerce] [scheduling-1] c.d.e.s.SincronizacaoEstoqueService      : [ESTOQUE] Lendo VW_ECOMMERCE_ESTOQUE no banco de dados...
2026-09-04T04:57:00.083-03:00  INFO 22468 --- [ecommerce] [scheduling-1] c.d.e.s.SincronizacaoEstoqueService      : [ESTOQUE] Ciclo finalizado. Total de atualizações enviadas: 0
2026-09-04T04:57:00.083-03:00  INFO 22468 --- [ecommerce] [scheduling-1] c.d.e.service.SincronizacaoService       : Lendo VW_ECOMMERCE_PRECOS no banco de dados...
2026-09-04T04:57:00.127-03:00  INFO 22468 --- [ecommerce] [scheduling-1] c.d.e.service.SincronizacaoService       : Ciclo finalizado. Total de atualizações enviadas: 0
2026-09-04T04:58:00.000-03:00  INFO 22468 --- [ecommerce] [scheduling-1] c.d.e.s.SincronizacaoEstoqueService      : [ESTOQUE] Lendo VW_ECOMMERCE_ESTOQUE no banco de dados...
2026-09-04T04:58:00.073-03:00  INFO 22468 --- [ecommerce] [scheduling-1] c.d.e.s.SincronizacaoEstoqueService      : [ESTOQUE] Ciclo finalizado. Total de atualizações enviadas: 0
2026-09-04T04:58:00.073-03:00  INFO 22468 --- [ecommerce] [scheduling-1] c.d.e.service.SincronizacaoService       : Lendo VW_ECOMMERCE_PRECOS no banco de dados...
2026-09-04T04:58:00.194-03:00  INFO 22468 --- [ecommerce] [scheduling-1] c.d.e.service.SincronizacaoService       : Ciclo finalizado. Total de atualizações enviadas: 0
2026-09-04T04:59:00.000-03:00  INFO 22468 --- [ecommerce] [scheduling-1] c.d.e.service.SincronizacaoService       : Lendo VW_ECOMMERCE_PRECOS no banco de dados...
2026-09-04T04:59:00.080-03:00  INFO 22468 --- [ecommerce] [scheduling-1] c.d.e.service.SincronizacaoService       : Ciclo finalizado. Total de atualizações enviadas: 0
2026-09-04T04:59:00.080-03:00  INFO 22468 --- [ecommerce] [scheduling-1] c.d.e.s.SincronizacaoEstoqueService      : [ESTOQUE] Lendo VW_ECOMMERCE_ESTOQUE no banco de dados...
2026-09-04T04:59:00.111-03:00  INFO 22468 --- [ecommerce] [scheduling-1] c.d.e.s.SincronizacaoEstoqueService      : [ESTOQUE] Ciclo finalizado. Total de atualizações enviadas: 0
2026-09-04T05:00:00.000-03:00  INFO 22468 --- [ecommerce] [scheduling-1] c.d.e.service.SincronizacaoService       : Lendo VW_ECOMMERCE_PRECOS no banco de dados...
2026-09-04T05:00:00.157-03:00  INFO 22468 --- [ecommerce] [scheduling-1] c.d.e.service.SincronizacaoService       : Ciclo finalizado. Total de atualizações enviadas: 0
2026-09-04T05:00:00.157-03:00  INFO 22468 --- [ecommerce] [scheduling-1] c.d.e.s.SincronizacaoEstoqueService      : [ESTOQUE] Lendo VW_ECOMMERCE_ESTOQUE no banco de dados...
2026-09-04T05:00:00.182-03:00  INFO 22468 --- [ecommerce] [scheduling-1] c.d.e.s.SincronizacaoEstoqueService      : [ESTOQUE] Ciclo finalizado. Total de atualizações enviadas: 0
2026-09-04T05:01:00.001-03:00  INFO 22468 --- [ecommerce] [scheduling-1] c.d.e.s.SincronizacaoEstoqueService      : [ESTOQUE] Lendo VW_ECOMMERCE_ESTOQUE no banco de dados...
2026-09-04T05:01:00.082-03:00  INFO 22468 --- [ecommerce] [scheduling-1] c.d.e.s.SincronizacaoEstoqueService      : [ESTOQUE] Ciclo finalizado. Total de atualizações enviadas: 0
2026-09-04T05:01:00.083-03:00  INFO 22468 --- [ecommerce] [scheduling-1] c.d.e.service.SincronizacaoService       : Lendo VW_ECOMMERCE_PRECOS no banco de dados...
2026-09-04T05:01:00.135-03:00  INFO 22468 --- [ecommerce] [scheduling-1] c.d.e.service.SincronizacaoService       : Ciclo finalizado. Total de atualizações enviadas: 0
2026-09-04T05:01:59.999-03:00  INFO 22468 --- [ecommerce] [scheduling-1] c.d.e.s.SincronizacaoEstoqueService      : [ESTOQUE] Lendo VW_ECOMMERCE_ESTOQUE no banco de dados...
2026-09-04T05:02:00.101-03:00  INFO 22468 --- [ecommerce] [scheduling-1] c.d.e.s.SincronizacaoEstoqueService      : [ESTOQUE] Ciclo finalizado. Total de atualizações enviadas: 0
2026-09-04T05:02:00.101-03:00  INFO 22468 --- [ecommerce] [scheduling-1] c.d.e.service.SincronizacaoService       : Lendo VW_ECOMMERCE_PRECOS no banco de dados...
2026-09-04T05:02:00.149-03:00  INFO 22468 --- [ecommerce] [scheduling-1] c.d.e.service.SincronizacaoService       : Ciclo finalizado. Total de atualizações enviadas: 0
2026-09-04T05:03:00.001-03:00  INFO 22468 --- [ecommerce] [scheduling-1] c.d.e.s.SincronizacaoEstoqueService      : [ESTOQUE] Lendo VW_ECOMMERCE_ESTOQUE no banco de dados...
2026-09-04T05:03:00.055-03:00  INFO 22468 --- [ecommerce] [scheduling-1] c.d.e.s.SincronizacaoEstoqueService      : [ESTOQUE] Ciclo finalizado. Total de atualizações enviadas: 0
2026-09-04T05:03:00.055-03:00  INFO 22468 --- [ecommerce] [scheduling-1] c.d.e.service.SincronizacaoService       : Lendo VW_ECOMMERCE_PRECOS no banco de dados...
2026-09-04T05:03:00.106-03:00  INFO 22468 --- [ecommerce] [scheduling-1] c.d.e.service.SincronizacaoService       : Ciclo finalizado. Total de atualizações enviadas: 0
2026-09-04T05:04:00.000-03:00  INFO 22468 --- [ecommerce] [scheduling-1] c.d.e.s.SincronizacaoEstoqueService      : [ESTOQUE] Lendo VW_ECOMMERCE_ESTOQUE no banco de dados...
2026-09-04T05:04:00.045-03:00  INFO 22468 --- [ecommerce] [scheduling-1] c.d.e.s.SincronizacaoEstoqueService      : [ESTOQUE] Ciclo finalizado. Total de atualizações enviadas: 0
2026-09-04T05:04:00.046-03:00  INFO 22468 --- [ecommerce] [scheduling-1] c.d.e.service.SincronizacaoService       : Lendo VW_ECOMMERCE_PRECOS no banco de dados...
2026-09-04T05:04:00.284-03:00  INFO 22468 --- [ecommerce] [scheduling-1] c.d.e.service.SincronizacaoService       : Ciclo finalizado. Total de atualizações enviadas: 0
2026-09-04T05:05:00.000-03:00  INFO 22468 --- [ecommerce] [scheduling-1] c.d.e.s.SincronizacaoEstoqueService      : [ESTOQUE] Lendo VW_ECOMMERCE_ESTOQUE no banco de dados...
2026-09-04T05:05:00.058-03:00  INFO 22468 --- [ecommerce] [scheduling-1] c.d.e.s.SincronizacaoEstoqueService      : [ESTOQUE] Ciclo finalizado. Total de atualizações enviadas: 0
2026-09-04T05:05:00.058-03:00  INFO 22468 --- [ecommerce] [scheduling-1] c.d.e.service.SincronizacaoService       : Lendo VW_ECOMMERCE_PRECOS no banco de dados...
2026-09-04T05:05:00.154-03:00  INFO 22468 --- [ecommerce] [scheduling-1] c.d.e.service.SincronizacaoService       : Ciclo finalizado. Total de atualizações enviadas: 0
2026-09-04T05:06:00.000-03:00  INFO 22468 --- [ecommerce] [scheduling-1] c.d.e.s.SincronizacaoEstoqueService      : [ESTOQUE] Lendo VW_ECOMMERCE_ESTOQUE no banco de dados...
2026-09-04T05:06:00.085-03:00  INFO 22468 --- [ecommerce] [scheduling-1] c.d.e.s.SincronizacaoEstoqueService      : [ESTOQUE] Ciclo finalizado. Total de atualizações enviadas: 0
2026-09-04T05:06:00.086-03:00  INFO 22468 --- [ecommerce] [scheduling-1] c.d.e.service.SincronizacaoService       : Lendo VW_ECOMMERCE_PRECOS no banco de dados...
2026-09-04T05:06:00.183-03:00  INFO 22468 --- [ecommerce] [scheduling-1] c.d.e.service.SincronizacaoService       : Ciclo finalizado. Total de atualizações enviadas: 0
2026-09-04T05:06:59.999-03:00  INFO 22468 --- [ecommerce] [scheduling-1] c.d.e.s.SincronizacaoEstoqueService      : [ESTOQUE] Lendo VW_ECOMMERCE_ESTOQUE no banco de dados...
2026-09-04T05:07:00.082-03:00  INFO 22468 --- [ecommerce] [scheduling-1] c.d.e.s.SincronizacaoEstoqueService      : [ESTOQUE] Ciclo finalizado. Total de atualizações enviadas: 0
2026-09-04T05:07:00.083-03:00  INFO 22468 --- [ecommerce] [scheduling-1] c.d.e.service.SincronizacaoService       : Lendo VW_ECOMMERCE_PRECOS no banco de dados...
2026-09-04T05:07:00.146-03:00  INFO 22468 --- [ecommerce] [scheduling-1] c.d.e.service.SincronizacaoService       : Ciclo finalizado. Total de atualizações enviadas: 0
2026-09-04T05:08:00.000-03:00  INFO 22468 --- [ecommerce] [scheduling-1] c.d.e.service.SincronizacaoService       : Lendo VW_ECOMMERCE_PRECOS no banco de dados...
2026-09-04T05:08:00.051-03:00  INFO 22468 --- [ecommerce] [scheduling-1] c.d.e.service.SincronizacaoService       : Ciclo finalizado. Total de atualizações enviadas: 0
2026-09-04T05:08:00.052-03:00  INFO 22468 --- [ecommerce] [scheduling-1] c.d.e.s.SincronizacaoEstoqueService      : [ESTOQUE] Lendo VW_ECOMMERCE_ESTOQUE no banco de dados...
2026-09-04T05:08:00.071-03:00  INFO 22468 --- [ecommerce] [scheduling-1] c.d.e.s.SincronizacaoEstoqueService      : [ESTOQUE] Ciclo finalizado. Total de atualizações enviadas: 0
2026-09-04T05:09:00.000-03:00  INFO 22468 --- [ecommerce] [scheduling-1] c.d.e.service.SincronizacaoService       : Lendo VW_ECOMMERCE_PRECOS no banco de dados...
2026-09-04T05:09:00.102-03:00  INFO 22468 --- [ecommerce] [scheduling-1] c.d.e.service.SincronizacaoService       : Ciclo finalizado. Total de atualizações enviadas: 0
2026-09-04T05:09:00.103-03:00  INFO 22468 --- [ecommerce] [scheduling-1] c.d.e.s.SincronizacaoEstoqueService      : [ESTOQUE] Lendo VW_ECOMMERCE_ESTOQUE no banco de dados...
2026-09-04T05:09:00.126-03:00  INFO 22468 --- [ecommerce] [scheduling-1] c.d.e.s.SincronizacaoEstoqueService      : [ESTOQUE] Ciclo finalizado. Total de atualizações enviadas: 0
2026-09-04T05:10:00.000-03:00  INFO 22468 --- [ecommerce] [scheduling-1] c.d.e.service.SincronizacaoService       : Lendo VW_ECOMMERCE_PRECOS no banco de dados...
2026-09-04T05:10:00.187-03:00  INFO 22468 --- [ecommerce] [scheduling-1] c.d.e.service.SincronizacaoService       : Ciclo finalizado. Total de atualizações enviadas: 0
2026-09-04T05:10:00.187-03:00  INFO 22468 --- [ecommerce] [scheduling-1] c.d.e.s.SincronizacaoEstoqueService      : [ESTOQUE] Lendo VW_ECOMMERCE_ESTOQUE no banco de dados...
2026-09-04T05:10:00.233-03:00  INFO 22468 --- [ecommerce] [scheduling-1] c.d.e.s.SincronizacaoEstoqueService      : [ESTOQUE] Ciclo finalizado. Total de atualizações enviadas: 0
2026-09-04T05:11:00.002-03:00  INFO 22468 --- [ecommerce] [scheduling-1] c.d.e.s.SincronizacaoEstoqueService      : [ESTOQUE] Lendo VW_ECOMMERCE_ESTOQUE no banco de dados...
2026-09-04T05:11:00.084-03:00  INFO 22468 --- [ecommerce] [scheduling-1] c.d.e.s.SincronizacaoEstoqueService      : [ESTOQUE] Ciclo finalizado. Total de atualizações enviadas: 0
2026-09-04T05:11:00.084-03:00  INFO 22468 --- [ecommerce] [scheduling-1] c.d.e.service.SincronizacaoService       : Lendo VW_ECOMMERCE_PRECOS no banco de dados...
2026-09-04T05:11:00.134-03:00  INFO 22468 --- [ecommerce] [scheduling-1] c.d.e.service.SincronizacaoService       : Ciclo finalizado. Total de atualizações enviadas: 0
2026-09-04T05:12:00.000-03:00  INFO 22468 --- [ecommerce] [scheduling-1] c.d.e.s.SincronizacaoEstoqueService      : [ESTOQUE] Lendo VW_ECOMMERCE_ESTOQUE no banco de dados...
2026-09-04T05:12:00.084-03:00  INFO 22468 --- [ecommerce] [scheduling-1] c.d.e.s.SincronizacaoEstoqueService      : [ESTOQUE] Ciclo finalizado. Total de atualizações enviadas: 0
2026-09-04T05:12:00.084-03:00  INFO 22468 --- [ecommerce] [scheduling-1] c.d.e.service.SincronizacaoService       : Lendo VW_ECOMMERCE_PRECOS no banco de dados...
2026-09-04T05:12:00.130-03:00  INFO 22468 --- [ecommerce] [scheduling-1] c.d.e.service.SincronizacaoService       : Ciclo finalizado. Total de atualizações enviadas: 0
2026-09-04T05:13:00.001-03:00  INFO 22468 --- [ecommerce] [scheduling-1] c.d.e.s.SincronizacaoEstoqueService      : [ESTOQUE] Lendo VW_ECOMMERCE_ESTOQUE no banco de dados...
2026-09-04T05:13:00.049-03:00  INFO 22468 --- [ecommerce] [scheduling-1] c.d.e.s.SincronizacaoEstoqueService      : [ESTOQUE] Ciclo finalizado. Total de atualizações enviadas: 0
2026-09-04T05:13:00.050-03:00  INFO 22468 --- [ecommerce] [scheduling-1] c.d.e.service.SincronizacaoService       : Lendo VW_ECOMMERCE_PRECOS no banco de dados...
2026-09-04T05:13:00.110-03:00  INFO 22468 --- [ecommerce] [scheduling-1] c.d.e.service.SincronizacaoService       : Ciclo finalizado. Total de atualizações enviadas: 0
2026-09-04T05:14:00.000-03:00  INFO 22468 --- [ecommerce] [scheduling-1] c.d.e.s.SincronizacaoEstoqueService      : [ESTOQUE] Lendo VW_ECOMMERCE_ESTOQUE no banco de dados...
2026-09-04T05:14:00.082-03:00  INFO 22468 --- [ecommerce] [scheduling-1] c.d.e.s.SincronizacaoEstoqueService      : [ESTOQUE] Ciclo finalizado. Total de atualizações enviadas: 0
2026-09-04T05:14:00.082-03:00  INFO 22468 --- [ecommerce] [scheduling-1] c.d.e.service.SincronizacaoService       : Lendo VW_ECOMMERCE_PRECOS no banco de dados...
2026-09-04T05:14:00.129-03:00  INFO 22468 --- [ecommerce] [scheduling-1] c.d.e.service.SincronizacaoService       : Ciclo finalizado. Total de atualizações enviadas: 0
2026-09-04T05:15:00.000-03:00  INFO 22468 --- [ecommerce] [scheduling-1] c.d.e.s.SincronizacaoEstoqueService      : [ESTOQUE] Lendo VW_ECOMMERCE_ESTOQUE no banco de dados...
2026-09-04T05:15:00.052-03:00  INFO 22468 --- [ecommerce] [scheduling-1] c.d.e.s.SincronizacaoEstoqueService      : [ESTOQUE] Ciclo finalizado. Total de atualizações enviadas: 0
2026-09-04T05:15:00.052-03:00  INFO 22468 --- [ecommerce] [scheduling-1] c.d.e.service.SincronizacaoService       : Lendo VW_ECOMMERCE_PRECOS no banco de dados...
2026-09-04T05:15:00.454-03:00  INFO 22468 --- [ecommerce] [scheduling-1] c.d.e.service.SincronizacaoService       : Ciclo finalizado. Total de atualizações enviadas: 0
2026-09-04T05:15:59.999-03:00  INFO 22468 --- [ecommerce] [scheduling-1] c.d.e.service.SincronizacaoService       : Lendo VW_ECOMMERCE_PRECOS no banco de dados...
2026-09-04T05:16:00.059-03:00  INFO 22468 --- [ecommerce] [scheduling-1] c.d.e.service.SincronizacaoService       : Ciclo finalizado. Total de atualizações enviadas: 0
2026-09-04T05:16:00.060-03:00  INFO 22468 --- [ecommerce] [scheduling-1] c.d.e.s.SincronizacaoEstoqueService      : [ESTOQUE] Lendo VW_ECOMMERCE_ESTOQUE no banco de dados...
2026-09-04T05:16:00.093-03:00  INFO 22468 --- [ecommerce] [scheduling-1] c.d.e.s.SincronizacaoEstoqueService      : [ESTOQUE] Ciclo finalizado. Total de atualizações enviadas: 0
2026-09-04T05:17:00.000-03:00  INFO 22468 --- [ecommerce] [scheduling-1] c.d.e.service.SincronizacaoService       : Lendo VW_ECOMMERCE_PRECOS no banco de dados...
2026-09-04T05:17:00.052-03:00  INFO 22468 --- [ecommerce] [scheduling-1] c.d.e.service.SincronizacaoService       : Ciclo finalizado. Total de atualizações enviadas: 0
2026-09-04T05:17:00.053-03:00  INFO 22468 --- [ecommerce] [scheduling-1] c.d.e.s.SincronizacaoEstoqueService      : [ESTOQUE] Lendo VW_ECOMMERCE_ESTOQUE no banco de dados...
2026-09-04T05:17:00.089-03:00  INFO 22468 --- [ecommerce] [scheduling-1] c.d.e.s.SincronizacaoEstoqueService      : [ESTOQUE] Ciclo finalizado. Total de atualizações enviadas: 0
2026-09-04T05:17:59.999-03:00  INFO 22468 --- [ecommerce] [scheduling-1] c.d.e.service.SincronizacaoService       : Lendo VW_ECOMMERCE_PRECOS no banco de dados...
2026-09-04T05:18:00.110-03:00  INFO 22468 --- [ecommerce] [scheduling-1] c.d.e.service.SincronizacaoService       : Ciclo finalizado. Total de atualizações enviadas: 0
2026-09-04T05:18:00.110-03:00  INFO 22468 --- [ecommerce] [scheduling-1] c.d.e.s.SincronizacaoEstoqueService      : [ESTOQUE] Lendo VW_ECOMMERCE_ESTOQUE no banco de dados...
2026-09-04T05:18:00.133-03:00  INFO 22468 --- [ecommerce] [scheduling-1] c.d.e.s.SincronizacaoEstoqueService      : [ESTOQUE] Ciclo finalizado. Total de atualizações enviadas: 0
2026-09-04T05:19:00.001-03:00  INFO 22468 --- [ecommerce] [scheduling-1] c.d.e.service.SincronizacaoService       : Lendo VW_ECOMMERCE_PRECOS no banco de dados...
2026-09-04T05:19:00.165-03:00  INFO 22468 --- [ecommerce] [scheduling-1] c.d.e.service.SincronizacaoService       : Ciclo finalizado. Total de atualizações enviadas: 0
2026-09-04T05:19:00.165-03:00  INFO 22468 --- [ecommerce] [scheduling-1] c.d.e.s.SincronizacaoEstoqueService      : [ESTOQUE] Lendo VW_ECOMMERCE_ESTOQUE no banco de dados...
2026-09-04T05:19:00.193-03:00  INFO 22468 --- [ecommerce] [scheduling-1] c.d.e.s.SincronizacaoEstoqueService      : [ESTOQUE] Ciclo finalizado. Total de atualizações enviadas: 0
2026-09-04T05:20:00.000-03:00  INFO 22468 --- [ecommerce] [scheduling-1] c.d.e.s.SincronizacaoEstoqueService      : [ESTOQUE] Lendo VW_ECOMMERCE_ESTOQUE no banco de dados...
2026-09-04T05:20:00.027-03:00  INFO 22468 --- [ecommerce] [scheduling-1] c.d.e.s.SincronizacaoEstoqueService      : [ESTOQUE] Ciclo finalizado. Total de atualizações enviadas: 0
2026-09-04T05:20:00.027-03:00  INFO 22468 --- [ecommerce] [scheduling-1] c.d.e.service.SincronizacaoService       : Lendo VW_ECOMMERCE_PRECOS no banco de dados...
2026-09-04T05:20:00.093-03:00  INFO 22468 --- [ecommerce] [scheduling-1] c.d.e.service.SincronizacaoService       : Ciclo finalizado. Total de atualizações enviadas: 0
2026-09-04T05:21:00.001-03:00  INFO 22468 --- [ecommerce] [scheduling-1] c.d.e.service.SincronizacaoService       : Lendo VW_ECOMMERCE_PRECOS no banco de dados...
2026-09-04T05:21:00.156-03:00  INFO 22468 --- [ecommerce] [scheduling-1] c.d.e.service.SincronizacaoService       : Ciclo finalizado. Total de atualizações enviadas: 0
2026-09-04T05:21:00.156-03:00  INFO 22468 --- [ecommerce] [scheduling-1] c.d.e.s.SincronizacaoEstoqueService      : [ESTOQUE] Lendo VW_ECOMMERCE_ESTOQUE no banco de dados...
2026-09-04T05:21:00.186-03:00  INFO 22468 --- [ecommerce] [scheduling-1] c.d.e.s.SincronizacaoEstoqueService      : [ESTOQUE] Ciclo finalizado. Total de atualizações enviadas: 0
2026-09-04T05:21:59.999-03:00  INFO 22468 --- [ecommerce] [scheduling-1] c.d.e.s.SincronizacaoEstoqueService      : [ESTOQUE] Lendo VW_ECOMMERCE_ESTOQUE no banco de dados...
2026-09-04T05:22:00.046-03:00  INFO 22468 --- [ecommerce] [scheduling-1] c.d.e.s.SincronizacaoEstoqueService      : [ESTOQUE] Ciclo finalizado. Total de atualizações enviadas: 0
2026-09-04T05:22:00.046-03:00  INFO 22468 --- [ecommerce] [scheduling-1] c.d.e.service.SincronizacaoService       : Lendo VW_ECOMMERCE_PRECOS no banco de dados...
2026-09-04T05:22:00.100-03:00  INFO 22468 --- [ecommerce] [scheduling-1] c.d.e.service.SincronizacaoService       : Ciclo finalizado. Total de atualizações enviadas: 0
2026-09-04T05:23:00.000-03:00  INFO 22468 --- [ecommerce] [scheduling-1] c.d.e.service.SincronizacaoService       : Lendo VW_ECOMMERCE_PRECOS no banco de dados...
2026-09-04T05:23:00.116-03:00  INFO 22468 --- [ecommerce] [scheduling-1] c.d.e.service.SincronizacaoService       : Ciclo finalizado. Total de atualizações enviadas: 0
2026-09-04T05:23:00.116-03:00  INFO 22468 --- [ecommerce] [scheduling-1] c.d.e.s.SincronizacaoEstoqueService      : [ESTOQUE] Lendo VW_ECOMMERCE_ESTOQUE no banco de dados...
2026-09-04T05:23:00.147-03:00  INFO 22468 --- [ecommerce] [scheduling-1] c.d.e.s.SincronizacaoEstoqueService      : [ESTOQUE] Ciclo finalizado. Total de atualizações enviadas: 0
2026-09-04T05:24:00.001-03:00  INFO 22468 --- [ecommerce] [scheduling-1] c.d.e.s.SincronizacaoEstoqueService      : [ESTOQUE] Lendo VW_ECOMMERCE_ESTOQUE no banco de dados...
2026-09-04T05:24:00.103-03:00  INFO 22468 --- [ecommerce] [scheduling-1] c.d.e.s.SincronizacaoEstoqueService      : [ESTOQUE] Ciclo finalizado. Total de atualizações enviadas: 0
2026-09-04T05:24:00.104-03:00  INFO 22468 --- [ecommerce] [scheduling-1] c.d.e.service.SincronizacaoService       : Lendo VW_ECOMMERCE_PRECOS no banco de dados...
2026-09-04T05:24:00.160-03:00  INFO 22468 --- [ecommerce] [scheduling-1] c.d.e.service.SincronizacaoService       : Ciclo finalizado. Total de atualizações enviadas: 0
2026-09-04T05:25:00.000-03:00  INFO 22468 --- [ecommerce] [scheduling-1] c.d.e.service.SincronizacaoService       : Lendo VW_ECOMMERCE_PRECOS no banco de dados...
2026-09-04T05:25:00.088-03:00  INFO 22468 --- [ecommerce] [scheduling-1] c.d.e.service.SincronizacaoService       : Ciclo finalizado. Total de atualizações enviadas: 0
2026-09-04T05:25:00.088-03:00  INFO 22468 --- [ecommerce] [scheduling-1] c.d.e.s.SincronizacaoEstoqueService      : [ESTOQUE] Lendo VW_ECOMMERCE_ESTOQUE no banco de dados...
2026-09-04T05:25:00.117-03:00  INFO 22468 --- [ecommerce] [scheduling-1] c.d.e.s.SincronizacaoEstoqueService      : [ESTOQUE] Ciclo finalizado. Total de atualizações enviadas: 0
2026-09-04T05:26:00.001-03:00  INFO 22468 --- [ecommerce] [scheduling-1] c.d.e.service.SincronizacaoService       : Lendo VW_ECOMMERCE_PRECOS no banco de dados...
2026-09-04T05:26:00.058-03:00  INFO 22468 --- [ecommerce] [scheduling-1] c.d.e.service.SincronizacaoService       : Ciclo finalizado. Total de atualizações enviadas: 0
2026-09-04T05:26:00.058-03:00  INFO 22468 --- [ecommerce] [scheduling-1] c.d.e.s.SincronizacaoEstoqueService      : [ESTOQUE] Lendo VW_ECOMMERCE_ESTOQUE no banco de dados...
2026-09-04T05:26:00.088-03:00  INFO 22468 --- [ecommerce] [scheduling-1] c.d.e.s.SincronizacaoEstoqueService      : [ESTOQUE] Ciclo finalizado. Total de atualizações enviadas: 0
2026-09-04T05:27:00.000-03:00  INFO 22468 --- [ecommerce] [scheduling-1] c.d.e.s.SincronizacaoEstoqueService      : [ESTOQUE] Lendo VW_ECOMMERCE_ESTOQUE no banco de dados...
2026-09-04T05:27:00.084-03:00  INFO 22468 --- [ecommerce] [scheduling-1] c.d.e.s.SincronizacaoEstoqueService      : [ESTOQUE] Ciclo finalizado. Total de atualizações enviadas: 0
2026-09-04T05:27:00.084-03:00  INFO 22468 --- [ecommerce] [scheduling-1] c.d.e.service.SincronizacaoService       : Lendo VW_ECOMMERCE_PRECOS no banco de dados...
2026-09-04T05:27:00.135-03:00  INFO 22468 --- [ecommerce] [scheduling-1] c.d.e.service.SincronizacaoService       : Ciclo finalizado. Total de atualizações enviadas: 0
2026-09-04T05:28:00.000-03:00  INFO 22468 --- [ecommerce] [scheduling-1] c.d.e.service.SincronizacaoService       : Lendo VW_ECOMMERCE_PRECOS no banco de dados...
2026-09-04T05:28:00.246-03:00  INFO 22468 --- [ecommerce] [scheduling-1] c.d.e.service.SincronizacaoService       : Ciclo finalizado. Total de atualizações enviadas: 0
2026-09-04T05:28:00.246-03:00  INFO 22468 --- [ecommerce] [scheduling-1] c.d.e.s.SincronizacaoEstoqueService      : [ESTOQUE] Lendo VW_ECOMMERCE_ESTOQUE no banco de dados...
2026-09-04T05:28:00.270-03:00  INFO 22468 --- [ecommerce] [scheduling-1] c.d.e.s.SincronizacaoEstoqueService      : [ESTOQUE] Ciclo finalizado. Total de atualizações enviadas: 0
2026-09-04T05:29:00.000-03:00  INFO 22468 --- [ecommerce] [scheduling-1] c.d.e.s.SincronizacaoEstoqueService      : [ESTOQUE] Lendo VW_ECOMMERCE_ESTOQUE no banco de dados...
2026-09-04T05:29:00.076-03:00  INFO 22468 --- [ecommerce] [scheduling-1] c.d.e.s.SincronizacaoEstoqueService      : [ESTOQUE] Ciclo finalizado. Total de atualizações enviadas: 0
2026-09-04T05:29:00.077-03:00  INFO 22468 --- [ecommerce] [scheduling-1] c.d.e.service.SincronizacaoService       : Lendo VW_ECOMMERCE_PRECOS no banco de dados...
2026-09-04T05:29:00.123-03:00  INFO 22468 --- [ecommerce] [scheduling-1] c.d.e.service.SincronizacaoService       : Ciclo finalizado. Total de atualizações enviadas: 0
2026-09-04T05:30:00.000-03:00  INFO 22468 --- [ecommerce] [scheduling-1] c.d.e.s.SincronizacaoEstoqueService      : [ESTOQUE] Lendo VW_ECOMMERCE_ESTOQUE no banco de dados...
2026-09-04T05:30:00.099-03:00  INFO 22468 --- [ecommerce] [scheduling-1] c.d.e.s.SincronizacaoEstoqueService      : [ESTOQUE] Ciclo finalizado. Total de atualizações enviadas: 0
2026-09-04T05:30:00.100-03:00  INFO 22468 --- [ecommerce] [scheduling-1] c.d.e.service.SincronizacaoService       : Lendo VW_ECOMMERCE_PRECOS no banco de dados...
2026-09-04T05:30:00.153-03:00  INFO 22468 --- [ecommerce] [scheduling-1] c.d.e.service.SincronizacaoService       : Ciclo finalizado. Total de atualizações enviadas: 0
2026-09-04T05:31:00.000-03:00  INFO 22468 --- [ecommerce] [scheduling-1] c.d.e.s.SincronizacaoEstoqueService      : [ESTOQUE] Lendo VW_ECOMMERCE_ESTOQUE no banco de dados...
2026-09-04T05:31:00.053-03:00  INFO 22468 --- [ecommerce] [scheduling-1] c.d.e.s.SincronizacaoEstoqueService      : [ESTOQUE] Ciclo finalizado. Total de atualizações enviadas: 0
2026-09-04T05:31:00.053-03:00  INFO 22468 --- [ecommerce] [scheduling-1] c.d.e.service.SincronizacaoService       : Lendo VW_ECOMMERCE_PRECOS no banco de dados...
2026-09-04T05:31:00.133-03:00  INFO 22468 --- [ecommerce] [scheduling-1] c.d.e.service.SincronizacaoService       : Ciclo finalizado. Total de atualizações enviadas: 0
2026-09-04T05:31:59.999-03:00  INFO 22468 --- [ecommerce] [scheduling-1] c.d.e.s.SincronizacaoEstoqueService      : [ESTOQUE] Lendo VW_ECOMMERCE_ESTOQUE no banco de dados...
2026-09-04T05:32:00.083-03:00  INFO 22468 --- [ecommerce] [scheduling-1] c.d.e.s.SincronizacaoEstoqueService      : [ESTOQUE] Ciclo finalizado. Total de atualizações enviadas: 0
2026-09-04T05:32:00.084-03:00  INFO 22468 --- [ecommerce] [scheduling-1] c.d.e.service.SincronizacaoService       : Lendo VW_ECOMMERCE_PRECOS no banco de dados...
2026-09-04T05:32:00.148-03:00  INFO 22468 --- [ecommerce] [scheduling-1] c.d.e.service.SincronizacaoService       : Ciclo finalizado. Total de atualizações enviadas: 0
2026-09-04T05:33:00.000-03:00  INFO 22468 --- [ecommerce] [scheduling-1] c.d.e.service.SincronizacaoService       : Lendo VW_ECOMMERCE_PRECOS no banco de dados...
2026-09-04T05:33:00.093-03:00  INFO 22468 --- [ecommerce] [scheduling-1] c.d.e.service.SincronizacaoService       : Ciclo finalizado. Total de atualizações enviadas: 0
2026-09-04T05:33:00.094-03:00  INFO 22468 --- [ecommerce] [scheduling-1] c.d.e.s.SincronizacaoEstoqueService      : [ESTOQUE] Lendo VW_ECOMMERCE_ESTOQUE no banco de dados...
2026-09-04T05:33:00.125-03:00  INFO 22468 --- [ecommerce] [scheduling-1] c.d.e.s.SincronizacaoEstoqueService      : [ESTOQUE] Ciclo finalizado. Total de atualizações enviadas: 0
2026-09-04T05:34:00.000-03:00  INFO 22468 --- [ecommerce] [scheduling-1] c.d.e.service.SincronizacaoService       : Lendo VW_ECOMMERCE_PRECOS no banco de dados...
2026-09-04T05:34:00.064-03:00  INFO 22468 --- [ecommerce] [scheduling-1] c.d.e.service.SincronizacaoService       : Ciclo finalizado. Total de atualizações enviadas: 0
2026-09-04T05:34:00.064-03:00  INFO 22468 --- [ecommerce] [scheduling-1] c.d.e.s.SincronizacaoEstoqueService      : [ESTOQUE] Lendo VW_ECOMMERCE_ESTOQUE no banco de dados...
2026-09-04T05:34:00.095-03:00  INFO 22468 --- [ecommerce] [scheduling-1] c.d.e.s.SincronizacaoEstoqueService      : [ESTOQUE] Ciclo finalizado. Total de atualizações enviadas: 0
2026-09-04T05:35:00.000-03:00  INFO 22468 --- [ecommerce] [scheduling-1] c.d.e.s.SincronizacaoEstoqueService      : [ESTOQUE] Lendo VW_ECOMMERCE_ESTOQUE no banco de dados...
2026-09-04T05:35:00.070-03:00  INFO 22468 --- [ecommerce] [scheduling-1] c.d.e.s.SincronizacaoEstoqueService      : [ESTOQUE] Ciclo finalizado. Total de atualizações enviadas: 0
2026-09-04T05:35:00.070-03:00  INFO 22468 --- [ecommerce] [scheduling-1] c.d.e.service.SincronizacaoService       : Lendo VW_ECOMMERCE_PRECOS no banco de dados...
2026-09-04T05:35:00.150-03:00  INFO 22468 --- [ecommerce] [scheduling-1] c.d.e.service.SincronizacaoService       : Ciclo finalizado. Total de atualizações enviadas: 0
2026-09-04T05:36:00.001-03:00  INFO 22468 --- [ecommerce] [scheduling-1] c.d.e.s.SincronizacaoEstoqueService      : [ESTOQUE] Lendo VW_ECOMMERCE_ESTOQUE no banco de dados...
2026-09-04T05:36:00.033-03:00  INFO 22468 --- [ecommerce] [scheduling-1] c.d.e.s.SincronizacaoEstoqueService      : [ESTOQUE] Ciclo finalizado. Total de atualizações enviadas: 0
2026-09-04T05:36:00.033-03:00  INFO 22468 --- [ecommerce] [scheduling-1] c.d.e.service.SincronizacaoService       : Lendo VW_ECOMMERCE_PRECOS no banco de dados...
2026-09-04T05:36:00.089-03:00  INFO 22468 --- [ecommerce] [scheduling-1] c.d.e.service.SincronizacaoService       : Ciclo finalizado. Total de atualizações enviadas: 0
2026-09-04T05:36:59.999-03:00  INFO 22468 --- [ecommerce] [scheduling-1] c.d.e.service.SincronizacaoService       : Lendo VW_ECOMMERCE_PRECOS no banco de dados...
2026-09-04T05:37:00.520-03:00  INFO 22468 --- [ecommerce] [scheduling-1] c.d.e.service.SincronizacaoService       : Ciclo finalizado. Total de atualizações enviadas: 0
2026-09-04T05:37:00.520-03:00  INFO 22468 --- [ecommerce] [scheduling-1] c.d.e.s.SincronizacaoEstoqueService      : [ESTOQUE] Lendo VW_ECOMMERCE_ESTOQUE no banco de dados...
2026-09-04T05:37:00.573-03:00  INFO 22468 --- [ecommerce] [scheduling-1] c.d.e.s.SincronizacaoEstoqueService      : [ESTOQUE] Ciclo finalizado. Total de atualizações enviadas: 0
2026-09-04T05:38:00.000-03:00  INFO 22468 --- [ecommerce] [scheduling-1] c.d.e.service.SincronizacaoService       : Lendo VW_ECOMMERCE_PRECOS no banco de dados...
2026-09-04T05:38:00.060-03:00  INFO 22468 --- [ecommerce] [scheduling-1] c.d.e.service.SincronizacaoService       : Ciclo finalizado. Total de atualizações enviadas: 0
2026-09-04T05:38:00.060-03:00  INFO 22468 --- [ecommerce] [scheduling-1] c.d.e.s.SincronizacaoEstoqueService      : [ESTOQUE] Lendo VW_ECOMMERCE_ESTOQUE no banco de dados...
2026-09-04T05:38:00.092-03:00  INFO 22468 --- [ecommerce] [scheduling-1] c.d.e.s.SincronizacaoEstoqueService      : [ESTOQUE] Ciclo finalizado. Total de atualizações enviadas: 0
2026-09-04T05:39:00.001-03:00  INFO 22468 --- [ecommerce] [scheduling-1] c.d.e.s.SincronizacaoEstoqueService      : [ESTOQUE] Lendo VW_ECOMMERCE_ESTOQUE no banco de dados...
2026-09-04T05:39:00.158-03:00  INFO 22468 --- [ecommerce] [scheduling-1] c.d.e.s.SincronizacaoEstoqueService      : [ESTOQUE] Ciclo finalizado. Total de atualizações enviadas: 0
2026-09-04T05:39:00.158-03:00  INFO 22468 --- [ecommerce] [scheduling-1] c.d.e.service.SincronizacaoService       : Lendo VW_ECOMMERCE_PRECOS no banco de dados...
2026-09-04T05:39:00.220-03:00  INFO 22468 --- [ecommerce] [scheduling-1] c.d.e.service.SincronizacaoService       : Ciclo finalizado. Total de atualizações enviadas: 0
2026-09-04T05:39:59.999-03:00  INFO 22468 --- [ecommerce] [scheduling-1] c.d.e.s.SincronizacaoEstoqueService      : [ESTOQUE] Lendo VW_ECOMMERCE_ESTOQUE no banco de dados...
2026-09-04T05:40:00.045-03:00  INFO 22468 --- [ecommerce] [scheduling-1] c.d.e.s.SincronizacaoEstoqueService      : [ESTOQUE] Ciclo finalizado. Total de atualizações enviadas: 0
2026-09-04T05:40:00.046-03:00  INFO 22468 --- [ecommerce] [scheduling-1] c.d.e.service.SincronizacaoService       : Lendo VW_ECOMMERCE_PRECOS no banco de dados...
2026-09-04T05:40:00.096-03:00  INFO 22468 --- [ecommerce] [scheduling-1] c.d.e.service.SincronizacaoService       : Ciclo finalizado. Total de atualizações enviadas: 0
2026-09-04T05:40:59.999-03:00  INFO 22468 --- [ecommerce] [scheduling-1] c.d.e.s.SincronizacaoEstoqueService      : [ESTOQUE] Lendo VW_ECOMMERCE_ESTOQUE no banco de dados...
2026-09-04T05:41:00.073-03:00  INFO 22468 --- [ecommerce] [scheduling-1] c.d.e.s.SincronizacaoEstoqueService      : [ESTOQUE] Ciclo finalizado. Total de atualizações enviadas: 0
2026-09-04T05:41:00.074-03:00  INFO 22468 --- [ecommerce] [scheduling-1] c.d.e.service.SincronizacaoService       : Lendo VW_ECOMMERCE_PRECOS no banco de dados...
2026-09-04T05:41:00.181-03:00  INFO 22468 --- [ecommerce] [scheduling-1] c.d.e.service.SincronizacaoService       : Ciclo finalizado. Total de atualizações enviadas: 0
2026-09-04T05:42:00.000-03:00  INFO 22468 --- [ecommerce] [scheduling-1] c.d.e.s.SincronizacaoEstoqueService      : [ESTOQUE] Lendo VW_ECOMMERCE_ESTOQUE no banco de dados...
2026-09-04T05:42:00.057-03:00  INFO 22468 --- [ecommerce] [scheduling-1] c.d.e.s.SincronizacaoEstoqueService      : [ESTOQUE] Ciclo finalizado. Total de atualizações enviadas: 0
2026-09-04T05:42:00.057-03:00  INFO 22468 --- [ecommerce] [scheduling-1] c.d.e.service.SincronizacaoService       : Lendo VW_ECOMMERCE_PRECOS no banco de dados...
2026-09-04T05:42:00.107-03:00  INFO 22468 --- [ecommerce] [scheduling-1] c.d.e.service.SincronizacaoService       : Ciclo finalizado. Total de atualizações enviadas: 0
2026-09-04T05:43:00.002-03:00  INFO 22468 --- [ecommerce] [scheduling-1] c.d.e.service.SincronizacaoService       : Lendo VW_ECOMMERCE_PRECOS no banco de dados...
2026-09-04T05:43:00.107-03:00  INFO 22468 --- [ecommerce] [scheduling-1] c.d.e.service.SincronizacaoService       : Ciclo finalizado. Total de atualizações enviadas: 0
2026-09-04T05:43:00.107-03:00  INFO 22468 --- [ecommerce] [scheduling-1] c.d.e.s.SincronizacaoEstoqueService      : [ESTOQUE] Lendo VW_ECOMMERCE_ESTOQUE no banco de dados...
2026-09-04T05:43:00.136-03:00  INFO 22468 --- [ecommerce] [scheduling-1] c.d.e.s.SincronizacaoEstoqueService      : [ESTOQUE] Ciclo finalizado. Total de atualizações enviadas: 0
2026-09-04T05:44:00.000-03:00  INFO 22468 --- [ecommerce] [scheduling-1] c.d.e.service.SincronizacaoService       : Lendo VW_ECOMMERCE_PRECOS no banco de dados...
2026-09-04T05:44:00.066-03:00  INFO 22468 --- [ecommerce] [scheduling-1] c.d.e.service.SincronizacaoService       : Ciclo finalizado. Total de atualizações enviadas: 0
2026-09-04T05:44:00.066-03:00  INFO 22468 --- [ecommerce] [scheduling-1] c.d.e.s.SincronizacaoEstoqueService      : [ESTOQUE] Lendo VW_ECOMMERCE_ESTOQUE no banco de dados...
2026-09-04T05:44:00.093-03:00  INFO 22468 --- [ecommerce] [scheduling-1] c.d.e.s.SincronizacaoEstoqueService      : [ESTOQUE] Ciclo finalizado. Total de atualizações enviadas: 0
2026-09-04T05:45:00.000-03:00  INFO 22468 --- [ecommerce] [scheduling-1] c.d.e.s.SincronizacaoEstoqueService      : [ESTOQUE] Lendo VW_ECOMMERCE_ESTOQUE no banco de dados...
2026-09-04T05:45:00.080-03:00  INFO 22468 --- [ecommerce] [scheduling-1] c.d.e.s.SincronizacaoEstoqueService      : [ESTOQUE] Ciclo finalizado. Total de atualizações enviadas: 0
2026-09-04T05:45:00.080-03:00  INFO 22468 --- [ecommerce] [scheduling-1] c.d.e.service.SincronizacaoService       : Lendo VW_ECOMMERCE_PRECOS no banco de dados...
2026-09-04T05:45:00.158-03:00  INFO 22468 --- [ecommerce] [scheduling-1] c.d.e.service.SincronizacaoService       : Ciclo finalizado. Total de atualizações enviadas: 0
2026-09-04T05:45:59.999-03:00  INFO 22468 --- [ecommerce] [scheduling-1] c.d.e.service.SincronizacaoService       : Lendo VW_ECOMMERCE_PRECOS no banco de dados...
2026-09-04T05:46:00.105-03:00  INFO 22468 --- [ecommerce] [scheduling-1] c.d.e.service.SincronizacaoService       : Ciclo finalizado. Total de atualizações enviadas: 0
2026-09-04T05:46:00.105-03:00  INFO 22468 --- [ecommerce] [scheduling-1] c.d.e.s.SincronizacaoEstoqueService      : [ESTOQUE] Lendo VW_ECOMMERCE_ESTOQUE no banco de dados...
2026-09-04T05:46:00.129-03:00  INFO 22468 --- [ecommerce] [scheduling-1] c.d.e.s.SincronizacaoEstoqueService      : [ESTOQUE] Ciclo finalizado. Total de atualizações enviadas: 0
2026-09-04T05:47:00.000-03:00  INFO 22468 --- [ecommerce] [scheduling-1] c.d.e.service.SincronizacaoService       : Lendo VW_ECOMMERCE_PRECOS no banco de dados...
2026-09-04T05:47:00.219-03:00  INFO 22468 --- [ecommerce] [scheduling-1] c.d.e.service.SincronizacaoService       : Ciclo finalizado. Total de atualizações enviadas: 0
2026-09-04T05:47:00.219-03:00  INFO 22468 --- [ecommerce] [scheduling-1] c.d.e.s.SincronizacaoEstoqueService      : [ESTOQUE] Lendo VW_ECOMMERCE_ESTOQUE no banco de dados...
2026-09-04T05:47:00.243-03:00  INFO 22468 --- [ecommerce] [scheduling-1] c.d.e.s.SincronizacaoEstoqueService      : [ESTOQUE] Ciclo finalizado. Total de atualizações enviadas: 0
2026-09-04T05:47:59.999-03:00  INFO 22468 --- [ecommerce] [scheduling-1] c.d.e.s.SincronizacaoEstoqueService      : [ESTOQUE] Lendo VW_ECOMMERCE_ESTOQUE no banco de dados...
2026-09-04T05:48:00.074-03:00  INFO 22468 --- [ecommerce] [scheduling-1] c.d.e.s.SincronizacaoEstoqueService      : [ESTOQUE] Ciclo finalizado. Total de atualizações enviadas: 0
2026-09-04T05:48:00.074-03:00  INFO 22468 --- [ecommerce] [scheduling-1] c.d.e.service.SincronizacaoService       : Lendo VW_ECOMMERCE_PRECOS no banco de dados...
2026-09-04T05:48:00.125-03:00  INFO 22468 --- [ecommerce] [scheduling-1] c.d.e.service.SincronizacaoService       : Ciclo finalizado. Total de atualizações enviadas: 0
2026-09-04T05:49:00.001-03:00  INFO 22468 --- [ecommerce] [scheduling-1] c.d.e.service.SincronizacaoService       : Lendo VW_ECOMMERCE_PRECOS no banco de dados...
2026-09-04T05:49:00.085-03:00  INFO 22468 --- [ecommerce] [scheduling-1] c.d.e.service.SincronizacaoService       : Ciclo finalizado. Total de atualizações enviadas: 0
2026-09-04T05:49:00.085-03:00  INFO 22468 --- [ecommerce] [scheduling-1] c.d.e.s.SincronizacaoEstoqueService      : [ESTOQUE] Lendo VW_ECOMMERCE_ESTOQUE no banco de dados...
2026-09-04T05:49:00.109-03:00  INFO 22468 --- [ecommerce] [scheduling-1] c.d.e.s.SincronizacaoEstoqueService      : [ESTOQUE] Ciclo finalizado. Total de atualizações enviadas: 0
2026-09-04T05:50:00.000-03:00  INFO 22468 --- [ecommerce] [scheduling-1] c.d.e.s.SincronizacaoEstoqueService      : [ESTOQUE] Lendo VW_ECOMMERCE_ESTOQUE no banco de dados...
2026-09-04T05:50:00.048-03:00  INFO 22468 --- [ecommerce] [scheduling-1] c.d.e.s.SincronizacaoEstoqueService      : [ESTOQUE] Ciclo finalizado. Total de atualizações enviadas: 0
2026-09-04T05:50:00.052-03:00  INFO 22468 --- [ecommerce] [scheduling-1] c.d.e.service.SincronizacaoService       : Lendo VW_ECOMMERCE_PRECOS no banco de dados...
2026-09-04T05:50:00.098-03:00  INFO 22468 --- [ecommerce] [scheduling-1] c.d.e.service.SincronizacaoService       : Ciclo finalizado. Total de atualizações enviadas: 0
2026-09-04T05:51:00.001-03:00  INFO 22468 --- [ecommerce] [scheduling-1] c.d.e.s.SincronizacaoEstoqueService      : [ESTOQUE] Lendo VW_ECOMMERCE_ESTOQUE no banco de dados...
2026-09-04T05:51:00.063-03:00  INFO 22468 --- [ecommerce] [scheduling-1] c.d.e.s.SincronizacaoEstoqueService      : [ESTOQUE] Ciclo finalizado. Total de atualizações enviadas: 0
2026-09-04T05:51:00.063-03:00  INFO 22468 --- [ecommerce] [scheduling-1] c.d.e.service.SincronizacaoService       : Lendo VW_ECOMMERCE_PRECOS no banco de dados...
2026-09-04T05:51:00.168-03:00  INFO 22468 --- [ecommerce] [scheduling-1] c.d.e.service.SincronizacaoService       : Ciclo finalizado. Total de atualizações enviadas: 0
2026-09-04T05:51:59.999-03:00  INFO 22468 --- [ecommerce] [scheduling-1] c.d.e.s.SincronizacaoEstoqueService      : [ESTOQUE] Lendo VW_ECOMMERCE_ESTOQUE no banco de dados...
2026-09-04T05:52:00.101-03:00  INFO 22468 --- [ecommerce] [scheduling-1] c.d.e.s.SincronizacaoEstoqueService      : [ESTOQUE] Ciclo finalizado. Total de atualizações enviadas: 0
2026-09-04T05:52:00.101-03:00  INFO 22468 --- [ecommerce] [scheduling-1] c.d.e.service.SincronizacaoService       : Lendo VW_ECOMMERCE_PRECOS no banco de dados...
2026-09-04T05:52:00.145-03:00  INFO 22468 --- [ecommerce] [scheduling-1] c.d.e.service.SincronizacaoService       : Ciclo finalizado. Total de atualizações enviadas: 0
2026-09-04T05:52:59.999-03:00  INFO 22468 --- [ecommerce] [scheduling-1] c.d.e.service.SincronizacaoService       : Lendo VW_ECOMMERCE_PRECOS no banco de dados...
2026-09-04T05:53:00.047-03:00  INFO 22468 --- [ecommerce] [scheduling-1] c.d.e.service.SincronizacaoService       : Ciclo finalizado. Total de atualizações enviadas: 0
2026-09-04T05:53:00.047-03:00  INFO 22468 --- [ecommerce] [scheduling-1] c.d.e.s.SincronizacaoEstoqueService      : [ESTOQUE] Lendo VW_ECOMMERCE_ESTOQUE no banco de dados...
2026-09-04T05:53:00.079-03:00  INFO 22468 --- [ecommerce] [scheduling-1] c.d.e.s.SincronizacaoEstoqueService      : [ESTOQUE] Ciclo finalizado. Total de atualizações enviadas: 0
2026-09-04T05:53:59.999-03:00  INFO 22468 --- [ecommerce] [scheduling-1] c.d.e.s.SincronizacaoEstoqueService      : [ESTOQUE] Lendo VW_ECOMMERCE_ESTOQUE no banco de dados...
2026-09-04T05:54:00.067-03:00  INFO 22468 --- [ecommerce] [scheduling-1] c.d.e.s.SincronizacaoEstoqueService      : [ESTOQUE] Ciclo finalizado. Total de atualizações enviadas: 0
2026-09-04T05:54:00.068-03:00  INFO 22468 --- [ecommerce] [scheduling-1] c.d.e.service.SincronizacaoService       : Lendo VW_ECOMMERCE_PRECOS no banco de dados...
2026-09-04T05:54:00.112-03:00  INFO 22468 --- [ecommerce] [scheduling-1] c.d.e.service.SincronizacaoService       : Ciclo finalizado. Total de atualizações enviadas: 0
2026-09-04T05:55:00.000-03:00  INFO 22468 --- [ecommerce] [scheduling-1] c.d.e.s.SincronizacaoEstoqueService      : [ESTOQUE] Lendo VW_ECOMMERCE_ESTOQUE no banco de dados...
2026-09-04T05:55:00.072-03:00  INFO 22468 --- [ecommerce] [scheduling-1] c.d.e.s.SincronizacaoEstoqueService      : [ESTOQUE] Ciclo finalizado. Total de atualizações enviadas: 0
2026-09-04T05:55:00.072-03:00  INFO 22468 --- [ecommerce] [scheduling-1] c.d.e.service.SincronizacaoService       : Lendo VW_ECOMMERCE_PRECOS no banco de dados...
2026-09-04T05:55:00.116-03:00  INFO 22468 --- [ecommerce] [scheduling-1] c.d.e.service.SincronizacaoService       : Ciclo finalizado. Total de atualizações enviadas: 0
2026-09-04T05:56:00.000-03:00  INFO 22468 --- [ecommerce] [scheduling-1] c.d.e.service.SincronizacaoService       : Lendo VW_ECOMMERCE_PRECOS no banco de dados...
2026-09-04T05:56:00.052-03:00  INFO 22468 --- [ecommerce] [scheduling-1] c.d.e.service.SincronizacaoService       : Ciclo finalizado. Total de atualizações enviadas: 0
2026-09-04T05:56:00.052-03:00  INFO 22468 --- [ecommerce] [scheduling-1] c.d.e.s.SincronizacaoEstoqueService      : [ESTOQUE] Lendo VW_ECOMMERCE_ESTOQUE no banco de dados...
2026-09-04T05:56:00.086-03:00  INFO 22468 --- [ecommerce] [scheduling-1] c.d.e.s.SincronizacaoEstoqueService      : [ESTOQUE] Ciclo finalizado. Total de atualizações enviadas: 0
2026-09-04T05:57:00.000-03:00  INFO 22468 --- [ecommerce] [scheduling-1] c.d.e.s.SincronizacaoEstoqueService      : [ESTOQUE] Lendo VW_ECOMMERCE_ESTOQUE no banco de dados...
2026-09-04T05:57:00.094-03:00  INFO 22468 --- [ecommerce] [scheduling-1] c.d.e.s.SincronizacaoEstoqueService      : [ESTOQUE] Ciclo finalizado. Total de atualizações enviadas: 0
2026-09-04T05:57:00.095-03:00  INFO 22468 --- [ecommerce] [scheduling-1] c.d.e.service.SincronizacaoService       : Lendo VW_ECOMMERCE_PRECOS no banco de dados...
2026-09-04T05:57:00.183-03:00  INFO 22468 --- [ecommerce] [scheduling-1] c.d.e.service.SincronizacaoService       : Ciclo finalizado. Total de atualizações enviadas: 0
2026-09-04T05:58:00.000-03:00  INFO 22468 --- [ecommerce] [scheduling-1] c.d.e.s.SincronizacaoEstoqueService      : [ESTOQUE] Lendo VW_ECOMMERCE_ESTOQUE no banco de dados...
2026-09-04T05:58:00.089-03:00  INFO 22468 --- [ecommerce] [scheduling-1] c.d.e.s.SincronizacaoEstoqueService      : [ESTOQUE] Ciclo finalizado. Total de atualizações enviadas: 0
2026-09-04T05:58:00.089-03:00  INFO 22468 --- [ecommerce] [scheduling-1] c.d.e.service.SincronizacaoService       : Lendo VW_ECOMMERCE_PRECOS no banco de dados...
2026-09-04T05:58:00.134-03:00  INFO 22468 --- [ecommerce] [scheduling-1] c.d.e.service.SincronizacaoService       : Ciclo finalizado. Total de atualizações enviadas: 0
2026-09-04T05:59:00.000-03:00  INFO 22468 --- [ecommerce] [scheduling-1] c.d.e.s.SincronizacaoEstoqueService      : [ESTOQUE] Lendo VW_ECOMMERCE_ESTOQUE no banco de dados...
2026-09-04T05:59:00.082-03:00  INFO 22468 --- [ecommerce] [scheduling-1] c.d.e.s.SincronizacaoEstoqueService      : [ESTOQUE] Ciclo finalizado. Total de atualizações enviadas: 0
2026-09-04T05:59:00.082-03:00  INFO 22468 --- [ecommerce] [scheduling-1] c.d.e.service.SincronizacaoService       : Lendo VW_ECOMMERCE_PRECOS no banco de dados...
2026-09-04T05:59:00.161-03:00  INFO 22468 --- [ecommerce] [scheduling-1] c.d.e.service.SincronizacaoService       : Ciclo finalizado. Total de atualizações enviadas: 0
2026-09-04T05:59:59.999-03:00  INFO 22468 --- [ecommerce] [scheduling-1] c.d.e.service.SincronizacaoService       : Lendo VW_ECOMMERCE_PRECOS no banco de dados...
2026-09-04T06:00:00.056-03:00  INFO 22468 --- [ecommerce] [scheduling-1] c.d.e.service.SincronizacaoService       : Ciclo finalizado. Total de atualizações enviadas: 0
2026-09-04T06:00:00.056-03:00  INFO 22468 --- [ecommerce] [scheduling-1] c.d.e.s.SincronizacaoEstoqueService      : [ESTOQUE] Lendo VW_ECOMMERCE_ESTOQUE no banco de dados...
2026-09-04T06:00:00.088-03:00  INFO 22468 --- [ecommerce] [scheduling-1] c.d.e.s.SincronizacaoEstoqueService      : [ESTOQUE] Ciclo finalizado. Total de atualizações enviadas: 0
2026-09-04T06:01:00.000-03:00  INFO 22468 --- [ecommerce] [scheduling-1] c.d.e.s.SincronizacaoEstoqueService      : [ESTOQUE] Lendo VW_ECOMMERCE_ESTOQUE no banco de dados...
2026-09-04T06:01:00.084-03:00  INFO 22468 --- [ecommerce] [scheduling-1] c.d.e.s.SincronizacaoEstoqueService      : [ESTOQUE] Ciclo finalizado. Total de atualizações enviadas: 0
2026-09-04T06:01:00.084-03:00  INFO 22468 --- [ecommerce] [scheduling-1] c.d.e.service.SincronizacaoService       : Lendo VW_ECOMMERCE_PRECOS no banco de dados...
2026-09-04T06:01:00.156-03:00  INFO 22468 --- [ecommerce] [scheduling-1] c.d.e.service.SincronizacaoService       : Ciclo finalizado. Total de atualizações enviadas: 0
2026-09-04T06:02:00.000-03:00  INFO 22468 --- [ecommerce] [scheduling-1] c.d.e.s.SincronizacaoEstoqueService      : [ESTOQUE] Lendo VW_ECOMMERCE_ESTOQUE no banco de dados...
2026-09-04T06:02:00.045-03:00  INFO 22468 --- [ecommerce] [scheduling-1] c.d.e.s.SincronizacaoEstoqueService      : [ESTOQUE] Ciclo finalizado. Total de atualizações enviadas: 0
2026-09-04T06:02:00.045-03:00  INFO 22468 --- [ecommerce] [scheduling-1] c.d.e.service.SincronizacaoService       : Lendo VW_ECOMMERCE_PRECOS no banco de dados...
2026-09-04T06:02:00.130-03:00  INFO 22468 --- [ecommerce] [scheduling-1] c.d.e.service.SincronizacaoService       : Ciclo finalizado. Total de atualizações enviadas: 0
2026-09-04T06:03:00.000-03:00  INFO 22468 --- [ecommerce] [scheduling-1] c.d.e.s.SincronizacaoEstoqueService      : [ESTOQUE] Lendo VW_ECOMMERCE_ESTOQUE no banco de dados...
2026-09-04T06:03:00.080-03:00  INFO 22468 --- [ecommerce] [scheduling-1] c.d.e.s.SincronizacaoEstoqueService      : [ESTOQUE] Ciclo finalizado. Total de atualizações enviadas: 0
2026-09-04T06:03:00.080-03:00  INFO 22468 --- [ecommerce] [scheduling-1] c.d.e.service.SincronizacaoService       : Lendo VW_ECOMMERCE_PRECOS no banco de dados...
2026-09-04T06:03:00.127-03:00  INFO 22468 --- [ecommerce] [scheduling-1] c.d.e.service.SincronizacaoService       : Ciclo finalizado. Total de atualizações enviadas: 0
2026-09-04T06:04:00.001-03:00  INFO 22468 --- [ecommerce] [scheduling-1] c.d.e.s.SincronizacaoEstoqueService      : [ESTOQUE] Lendo VW_ECOMMERCE_ESTOQUE no banco de dados...
2026-09-04T06:04:00.043-03:00  INFO 22468 --- [ecommerce] [scheduling-1] c.d.e.s.SincronizacaoEstoqueService      : [ESTOQUE] Ciclo finalizado. Total de atualizações enviadas: 0
2026-09-04T06:04:00.043-03:00  INFO 22468 --- [ecommerce] [scheduling-1] c.d.e.service.SincronizacaoService       : Lendo VW_ECOMMERCE_PRECOS no banco de dados...
2026-09-04T06:04:00.151-03:00  INFO 22468 --- [ecommerce] [scheduling-1] c.d.e.service.SincronizacaoService       : Ciclo finalizado. Total de atualizações enviadas: 0
2026-09-04T06:05:00.000-03:00  INFO 22468 --- [ecommerce] [scheduling-1] c.d.e.s.SincronizacaoEstoqueService      : [ESTOQUE] Lendo VW_ECOMMERCE_ESTOQUE no banco de dados...
2026-09-04T06:05:00.111-03:00  INFO 22468 --- [ecommerce] [scheduling-1] c.d.e.s.SincronizacaoEstoqueService      : [ESTOQUE] Ciclo finalizado. Total de atualizações enviadas: 0
2026-09-04T06:05:00.111-03:00  INFO 22468 --- [ecommerce] [scheduling-1] c.d.e.service.SincronizacaoService       : Lendo VW_ECOMMERCE_PRECOS no banco de dados...
2026-09-04T06:05:00.388-03:00  INFO 22468 --- [ecommerce] [scheduling-1] c.d.e.service.SincronizacaoService       : Ciclo finalizado. Total de atualizações enviadas: 0
2026-09-04T06:06:00.001-03:00  INFO 22468 --- [ecommerce] [scheduling-1] c.d.e.service.SincronizacaoService       : Lendo VW_ECOMMERCE_PRECOS no banco de dados...
2026-09-04T06:06:00.353-03:00  INFO 22468 --- [ecommerce] [scheduling-1] c.d.e.service.SincronizacaoService       : Ciclo finalizado. Total de atualizações enviadas: 0
2026-09-04T06:06:00.354-03:00  INFO 22468 --- [ecommerce] [scheduling-1] c.d.e.s.SincronizacaoEstoqueService      : [ESTOQUE] Lendo VW_ECOMMERCE_ESTOQUE no banco de dados...
2026-09-04T06:06:00.401-03:00  INFO 22468 --- [ecommerce] [scheduling-1] c.d.e.s.SincronizacaoEstoqueService      : [ESTOQUE] Ciclo finalizado. Total de atualizações enviadas: 0
2026-09-04T06:07:00.000-03:00  INFO 22468 --- [ecommerce] [scheduling-1] c.d.e.service.SincronizacaoService       : Lendo VW_ECOMMERCE_PRECOS no banco de dados...
2026-09-04T06:07:00.191-03:00  INFO 22468 --- [ecommerce] [scheduling-1] c.d.e.service.SincronizacaoService       : Ciclo finalizado. Total de atualizações enviadas: 0
2026-09-04T06:07:00.191-03:00  INFO 22468 --- [ecommerce] [scheduling-1] c.d.e.s.SincronizacaoEstoqueService      : [ESTOQUE] Lendo VW_ECOMMERCE_ESTOQUE no banco de dados...
2026-09-04T06:07:00.255-03:00  INFO 22468 --- [ecommerce] [scheduling-1] c.d.e.s.SincronizacaoEstoqueService      : [ESTOQUE] Ciclo finalizado. Total de atualizações enviadas: 0
2026-09-04T06:08:00.000-03:00  INFO 22468 --- [ecommerce] [scheduling-1] c.d.e.service.SincronizacaoService       : Lendo VW_ECOMMERCE_PRECOS no banco de dados...
2026-09-04T06:08:00.112-03:00  INFO 22468 --- [ecommerce] [scheduling-1] c.d.e.service.SincronizacaoService       : Ciclo finalizado. Total de atualizações enviadas: 0
2026-09-04T06:08:00.113-03:00  INFO 22468 --- [ecommerce] [scheduling-1] c.d.e.s.SincronizacaoEstoqueService      : [ESTOQUE] Lendo VW_ECOMMERCE_ESTOQUE no banco de dados...
2026-09-04T06:08:00.131-03:00  INFO 22468 --- [ecommerce] [scheduling-1] c.d.e.s.SincronizacaoEstoqueService      : [ESTOQUE] Ciclo finalizado. Total de atualizações enviadas: 0
2026-09-04T06:08:59.999-03:00  INFO 22468 --- [ecommerce] [scheduling-1] c.d.e.service.SincronizacaoService       : Lendo VW_ECOMMERCE_PRECOS no banco de dados...
2026-09-04T06:09:00.114-03:00  INFO 22468 --- [ecommerce] [scheduling-1] c.d.e.service.SincronizacaoService       : Ciclo finalizado. Total de atualizações enviadas: 0
2026-09-04T06:09:00.114-03:00  INFO 22468 --- [ecommerce] [scheduling-1] c.d.e.s.SincronizacaoEstoqueService      : [ESTOQUE] Lendo VW_ECOMMERCE_ESTOQUE no banco de dados...
2026-09-04T06:09:00.136-03:00  INFO 22468 --- [ecommerce] [scheduling-1] c.d.e.s.SincronizacaoEstoqueService      : [ESTOQUE] Ciclo finalizado. Total de atualizações enviadas: 0
2026-09-04T06:10:00.000-03:00  INFO 22468 --- [ecommerce] [scheduling-1] c.d.e.s.SincronizacaoEstoqueService      : [ESTOQUE] Lendo VW_ECOMMERCE_ESTOQUE no banco de dados...
2026-09-04T06:10:00.052-03:00  INFO 22468 --- [ecommerce] [scheduling-1] c.d.e.s.SincronizacaoEstoqueService      : [ESTOQUE] Ciclo finalizado. Total de atualizações enviadas: 0
2026-09-04T06:10:00.052-03:00  INFO 22468 --- [ecommerce] [scheduling-1] c.d.e.service.SincronizacaoService       : Lendo VW_ECOMMERCE_PRECOS no banco de dados...
2026-09-04T06:10:00.099-03:00  INFO 22468 --- [ecommerce] [scheduling-1] c.d.e.service.SincronizacaoService       : Ciclo finalizado. Total de atualizações enviadas: 0
2026-09-04T06:11:00.000-03:00  INFO 22468 --- [ecommerce] [scheduling-1] c.d.e.service.SincronizacaoService       : Lendo VW_ECOMMERCE_PRECOS no banco de dados...
2026-09-04T06:11:00.080-03:00  INFO 22468 --- [ecommerce] [scheduling-1] c.d.e.service.SincronizacaoService       : Ciclo finalizado. Total de atualizações enviadas: 0
2026-09-04T06:11:00.080-03:00  INFO 22468 --- [ecommerce] [scheduling-1] c.d.e.s.SincronizacaoEstoqueService      : [ESTOQUE] Lendo VW_ECOMMERCE_ESTOQUE no banco de dados...
2026-09-04T06:11:00.113-03:00  INFO 22468 --- [ecommerce] [scheduling-1] c.d.e.s.SincronizacaoEstoqueService      : [ESTOQUE] Ciclo finalizado. Total de atualizações enviadas: 0
2026-09-04T06:12:00.000-03:00  INFO 22468 --- [ecommerce] [scheduling-1] c.d.e.s.SincronizacaoEstoqueService      : [ESTOQUE] Lendo VW_ECOMMERCE_ESTOQUE no banco de dados...
2026-09-04T06:12:00.037-03:00  INFO 22468 --- [ecommerce] [scheduling-1] c.d.e.s.SincronizacaoEstoqueService      : [ESTOQUE] Ciclo finalizado. Total de atualizações enviadas: 0
2026-09-04T06:12:00.038-03:00  INFO 22468 --- [ecommerce] [scheduling-1] c.d.e.service.SincronizacaoService       : Lendo VW_ECOMMERCE_PRECOS no banco de dados...
2026-09-04T06:12:00.084-03:00  INFO 22468 --- [ecommerce] [scheduling-1] c.d.e.service.SincronizacaoService       : Ciclo finalizado. Total de atualizações enviadas: 0
2026-09-04T06:12:59.999-03:00  INFO 22468 --- [ecommerce] [scheduling-1] c.d.e.service.SincronizacaoService       : Lendo VW_ECOMMERCE_PRECOS no banco de dados...
2026-09-04T06:13:00.154-03:00  INFO 22468 --- [ecommerce] [scheduling-1] c.d.e.service.SincronizacaoService       : Ciclo finalizado. Total de atualizações enviadas: 0
2026-09-04T06:13:00.154-03:00  INFO 22468 --- [ecommerce] [scheduling-1] c.d.e.s.SincronizacaoEstoqueService      : [ESTOQUE] Lendo VW_ECOMMERCE_ESTOQUE no banco de dados...
2026-09-04T06:13:00.188-03:00  INFO 22468 --- [ecommerce] [scheduling-1] c.d.e.s.SincronizacaoEstoqueService      : [ESTOQUE] Ciclo finalizado. Total de atualizações enviadas: 0
2026-09-04T06:13:59.999-03:00  INFO 22468 --- [ecommerce] [scheduling-1] c.d.e.s.SincronizacaoEstoqueService      : [ESTOQUE] Lendo VW_ECOMMERCE_ESTOQUE no banco de dados...
2026-09-04T06:14:00.093-03:00  INFO 22468 --- [ecommerce] [scheduling-1] c.d.e.s.SincronizacaoEstoqueService      : [ESTOQUE] Ciclo finalizado. Total de atualizações enviadas: 0
2026-09-04T06:14:00.093-03:00  INFO 22468 --- [ecommerce] [scheduling-1] c.d.e.service.SincronizacaoService       : Lendo VW_ECOMMERCE_PRECOS no banco de dados...
2026-09-04T06:14:00.144-03:00  INFO 22468 --- [ecommerce] [scheduling-1] c.d.e.service.SincronizacaoService       : Ciclo finalizado. Total de atualizações enviadas: 0
2026-09-04T06:15:00.000-03:00  INFO 22468 --- [ecommerce] [scheduling-1] c.d.e.service.SincronizacaoService       : Lendo VW_ECOMMERCE_PRECOS no banco de dados...
2026-09-04T06:15:00.095-03:00  INFO 22468 --- [ecommerce] [scheduling-1] c.d.e.service.SincronizacaoService       : Ciclo finalizado. Total de atualizações enviadas: 0
2026-09-04T06:15:00.095-03:00  INFO 22468 --- [ecommerce] [scheduling-1] c.d.e.s.SincronizacaoEstoqueService      : [ESTOQUE] Lendo VW_ECOMMERCE_ESTOQUE no banco de dados...
2026-09-04T06:15:00.124-03:00  INFO 22468 --- [ecommerce] [scheduling-1] c.d.e.s.SincronizacaoEstoqueService      : [ESTOQUE] Ciclo finalizado. Total de atualizações enviadas: 0
2026-09-04T06:16:00.000-03:00  INFO 22468 --- [ecommerce] [scheduling-1] c.d.e.service.SincronizacaoService       : Lendo VW_ECOMMERCE_PRECOS no banco de dados...
2026-09-04T06:16:00.089-03:00  INFO 22468 --- [ecommerce] [scheduling-1] c.d.e.service.SincronizacaoService       : Ciclo finalizado. Total de atualizações enviadas: 0
2026-09-04T06:16:00.089-03:00  INFO 22468 --- [ecommerce] [scheduling-1] c.d.e.s.SincronizacaoEstoqueService      : [ESTOQUE] Lendo VW_ECOMMERCE_ESTOQUE no banco de dados...
2026-09-04T06:16:00.113-03:00  INFO 22468 --- [ecommerce] [scheduling-1] c.d.e.s.SincronizacaoEstoqueService      : [ESTOQUE] Ciclo finalizado. Total de atualizações enviadas: 0
2026-09-04T06:17:00.000-03:00  INFO 22468 --- [ecommerce] [scheduling-1] c.d.e.service.SincronizacaoService       : Lendo VW_ECOMMERCE_PRECOS no banco de dados...
2026-09-04T06:17:00.104-03:00  INFO 22468 --- [ecommerce] [scheduling-1] c.d.e.service.SincronizacaoService       : Ciclo finalizado. Total de atualizações enviadas: 0
2026-09-04T06:17:00.104-03:00  INFO 22468 --- [ecommerce] [scheduling-1] c.d.e.s.SincronizacaoEstoqueService      : [ESTOQUE] Lendo VW_ECOMMERCE_ESTOQUE no banco de dados...
2026-09-04T06:17:00.130-03:00  INFO 22468 --- [ecommerce] [scheduling-1] c.d.e.s.SincronizacaoEstoqueService      : [ESTOQUE] Ciclo finalizado. Total de atualizações enviadas: 0
2026-09-04T06:18:00.000-03:00  INFO 22468 --- [ecommerce] [scheduling-1] c.d.e.service.SincronizacaoService       : Lendo VW_ECOMMERCE_PRECOS no banco de dados...
2026-09-04T06:18:00.072-03:00  INFO 22468 --- [ecommerce] [scheduling-1] c.d.e.service.SincronizacaoService       : Ciclo finalizado. Total de atualizações enviadas: 0
2026-09-04T06:18:00.072-03:00  INFO 22468 --- [ecommerce] [scheduling-1] c.d.e.s.SincronizacaoEstoqueService      : [ESTOQUE] Lendo VW_ECOMMERCE_ESTOQUE no banco de dados...
2026-09-04T06:18:00.106-03:00  INFO 22468 --- [ecommerce] [scheduling-1] c.d.e.s.SincronizacaoEstoqueService      : [ESTOQUE] Ciclo finalizado. Total de atualizações enviadas: 0
2026-09-04T06:19:00.000-03:00  INFO 22468 --- [ecommerce] [scheduling-1] c.d.e.s.SincronizacaoEstoqueService      : [ESTOQUE] Lendo VW_ECOMMERCE_ESTOQUE no banco de dados...
2026-09-04T06:19:00.087-03:00  INFO 22468 --- [ecommerce] [scheduling-1] c.d.e.s.SincronizacaoEstoqueService      : [ESTOQUE] Ciclo finalizado. Total de atualizações enviadas: 0
2026-09-04T06:19:00.087-03:00  INFO 22468 --- [ecommerce] [scheduling-1] c.d.e.service.SincronizacaoService       : Lendo VW_ECOMMERCE_PRECOS no banco de dados...
2026-09-04T06:19:00.149-03:00  INFO 22468 --- [ecommerce] [scheduling-1] c.d.e.service.SincronizacaoService       : Ciclo finalizado. Total de atualizações enviadas: 0
2026-09-04T06:20:00.000-03:00  INFO 22468 --- [ecommerce] [scheduling-1] c.d.e.s.SincronizacaoEstoqueService      : [ESTOQUE] Lendo VW_ECOMMERCE_ESTOQUE no banco de dados...
2026-09-04T06:20:00.073-03:00  INFO 22468 --- [ecommerce] [scheduling-1] c.d.e.s.SincronizacaoEstoqueService      : [ESTOQUE] Ciclo finalizado. Total de atualizações enviadas: 0
2026-09-04T06:20:00.073-03:00  INFO 22468 --- [ecommerce] [scheduling-1] c.d.e.service.SincronizacaoService       : Lendo VW_ECOMMERCE_PRECOS no banco de dados...
2026-09-04T06:20:00.392-03:00  INFO 22468 --- [ecommerce] [scheduling-1] c.d.e.service.SincronizacaoService       : Ciclo finalizado. Total de atualizações enviadas: 0
2026-09-04T06:20:59.999-03:00  INFO 22468 --- [ecommerce] [scheduling-1] c.d.e.s.SincronizacaoEstoqueService      : [ESTOQUE] Lendo VW_ECOMMERCE_ESTOQUE no banco de dados...
2026-09-04T06:21:00.084-03:00  INFO 22468 --- [ecommerce] [scheduling-1] c.d.e.s.SincronizacaoEstoqueService      : [ESTOQUE] Ciclo finalizado. Total de atualizações enviadas: 0
2026-09-04T06:21:00.085-03:00  INFO 22468 --- [ecommerce] [scheduling-1] c.d.e.service.SincronizacaoService       : Lendo VW_ECOMMERCE_PRECOS no banco de dados...
2026-09-04T06:21:00.221-03:00  INFO 22468 --- [ecommerce] [scheduling-1] c.d.e.service.SincronizacaoService       : Ciclo finalizado. Total de atualizações enviadas: 0
2026-09-04T06:22:00.000-03:00  INFO 22468 --- [ecommerce] [scheduling-1] c.d.e.s.SincronizacaoEstoqueService      : [ESTOQUE] Lendo VW_ECOMMERCE_ESTOQUE no banco de dados...
2026-09-04T06:22:00.038-03:00  INFO 22468 --- [ecommerce] [scheduling-1] c.d.e.s.SincronizacaoEstoqueService      : [ESTOQUE] Ciclo finalizado. Total de atualizações enviadas: 0
2026-09-04T06:22:00.038-03:00  INFO 22468 --- [ecommerce] [scheduling-1] c.d.e.service.SincronizacaoService       : Lendo VW_ECOMMERCE_PRECOS no banco de dados...
2026-09-04T06:22:00.085-03:00  INFO 22468 --- [ecommerce] [scheduling-1] c.d.e.service.SincronizacaoService       : Ciclo finalizado. Total de atualizações enviadas: 0
2026-09-04T06:23:00.000-03:00  INFO 22468 --- [ecommerce] [scheduling-1] c.d.e.service.SincronizacaoService       : Lendo VW_ECOMMERCE_PRECOS no banco de dados...
2026-09-04T06:23:00.079-03:00  INFO 22468 --- [ecommerce] [scheduling-1] c.d.e.service.SincronizacaoService       : Ciclo finalizado. Total de atualizações enviadas: 0
2026-09-04T06:23:00.079-03:00  INFO 22468 --- [ecommerce] [scheduling-1] c.d.e.s.SincronizacaoEstoqueService      : [ESTOQUE] Lendo VW_ECOMMERCE_ESTOQUE no banco de dados...
2026-09-04T06:23:00.109-03:00  INFO 22468 --- [ecommerce] [scheduling-1] c.d.e.s.SincronizacaoEstoqueService      : [ESTOQUE] Ciclo finalizado. Total de atualizações enviadas: 0
2026-09-04T06:24:00.001-03:00  INFO 22468 --- [ecommerce] [scheduling-1] c.d.e.service.SincronizacaoService       : Lendo VW_ECOMMERCE_PRECOS no banco de dados...
2026-09-04T06:24:00.079-03:00  INFO 22468 --- [ecommerce] [scheduling-1] c.d.e.service.SincronizacaoService       : Ciclo finalizado. Total de atualizações enviadas: 0
2026-09-04T06:24:00.080-03:00  INFO 22468 --- [ecommerce] [scheduling-1] c.d.e.s.SincronizacaoEstoqueService      : [ESTOQUE] Lendo VW_ECOMMERCE_ESTOQUE no banco de dados...
2026-09-04T06:24:00.112-03:00  INFO 22468 --- [ecommerce] [scheduling-1] c.d.e.s.SincronizacaoEstoqueService      : [ESTOQUE] Ciclo finalizado. Total de atualizações enviadas: 0
2026-09-04T06:25:00.000-03:00  INFO 22468 --- [ecommerce] [scheduling-1] c.d.e.s.SincronizacaoEstoqueService      : [ESTOQUE] Lendo VW_ECOMMERCE_ESTOQUE no banco de dados...
2026-09-04T06:25:00.049-03:00  INFO 22468 --- [ecommerce] [scheduling-1] c.d.e.s.SincronizacaoEstoqueService      : [ESTOQUE] Ciclo finalizado. Total de atualizações enviadas: 0
2026-09-04T06:25:00.049-03:00  INFO 22468 --- [ecommerce] [scheduling-1] c.d.e.service.SincronizacaoService       : Lendo VW_ECOMMERCE_PRECOS no banco de dados...
2026-09-04T06:25:00.128-03:00  INFO 22468 --- [ecommerce] [scheduling-1] c.d.e.service.SincronizacaoService       : Ciclo finalizado. Total de atualizações enviadas: 0
2026-09-04T06:26:00.000-03:00  INFO 22468 --- [ecommerce] [scheduling-1] c.d.e.s.SincronizacaoEstoqueService      : [ESTOQUE] Lendo VW_ECOMMERCE_ESTOQUE no banco de dados...
2026-09-04T06:26:00.119-03:00  INFO 22468 --- [ecommerce] [scheduling-1] c.d.e.s.SincronizacaoEstoqueService      : [ESTOQUE] Ciclo finalizado. Total de atualizações enviadas: 0
2026-09-04T06:26:00.120-03:00  INFO 22468 --- [ecommerce] [scheduling-1] c.d.e.service.SincronizacaoService       : Lendo VW_ECOMMERCE_PRECOS no banco de dados...
2026-09-04T06:26:00.240-03:00  INFO 22468 --- [ecommerce] [scheduling-1] c.d.e.service.SincronizacaoService       : Ciclo finalizado. Total de atualizações enviadas: 0
2026-09-04T06:27:00.000-03:00  INFO 22468 --- [ecommerce] [scheduling-1] c.d.e.s.SincronizacaoEstoqueService      : [ESTOQUE] Lendo VW_ECOMMERCE_ESTOQUE no banco de dados...
2026-09-04T06:27:00.032-03:00  INFO 22468 --- [ecommerce] [scheduling-1] c.d.e.s.SincronizacaoEstoqueService      : [ESTOQUE] Ciclo finalizado. Total de atualizações enviadas: 0
2026-09-04T06:27:00.034-03:00  INFO 22468 --- [ecommerce] [scheduling-1] c.d.e.service.SincronizacaoService       : Lendo VW_ECOMMERCE_PRECOS no banco de dados...
2026-09-04T06:27:00.076-03:00  INFO 22468 --- [ecommerce] [scheduling-1] c.d.e.service.SincronizacaoService       : Ciclo finalizado. Total de atualizações enviadas: 0
2026-09-04T06:27:59.999-03:00  INFO 22468 --- [ecommerce] [scheduling-1] c.d.e.s.SincronizacaoEstoqueService      : [ESTOQUE] Lendo VW_ECOMMERCE_ESTOQUE no banco de dados...
2026-09-04T06:28:00.098-03:00  INFO 22468 --- [ecommerce] [scheduling-1] c.d.e.s.SincronizacaoEstoqueService      : [ESTOQUE] Ciclo finalizado. Total de atualizações enviadas: 0
2026-09-04T06:28:00.098-03:00  INFO 22468 --- [ecommerce] [scheduling-1] c.d.e.service.SincronizacaoService       : Lendo VW_ECOMMERCE_PRECOS no banco de dados...
2026-09-04T06:28:00.140-03:00  INFO 22468 --- [ecommerce] [scheduling-1] c.d.e.service.SincronizacaoService       : Ciclo finalizado. Total de atualizações enviadas: 0
2026-09-04T06:29:00.000-03:00  INFO 22468 --- [ecommerce] [scheduling-1] c.d.e.s.SincronizacaoEstoqueService      : [ESTOQUE] Lendo VW_ECOMMERCE_ESTOQUE no banco de dados...
2026-09-04T06:29:00.093-03:00  INFO 22468 --- [ecommerce] [scheduling-1] c.d.e.s.SincronizacaoEstoqueService      : [ESTOQUE] Ciclo finalizado. Total de atualizações enviadas: 0
2026-09-04T06:29:00.093-03:00  INFO 22468 --- [ecommerce] [scheduling-1] c.d.e.service.SincronizacaoService       : Lendo VW_ECOMMERCE_PRECOS no banco de dados...
2026-09-04T06:29:00.156-03:00  INFO 22468 --- [ecommerce] [scheduling-1] c.d.e.service.SincronizacaoService       : Ciclo finalizado. Total de atualizações enviadas: 0
2026-09-04T06:30:00.000-03:00  INFO 22468 --- [ecommerce] [scheduling-1] c.d.e.service.SincronizacaoService       : Lendo VW_ECOMMERCE_PRECOS no banco de dados...
2026-09-04T06:30:00.084-03:00  INFO 22468 --- [ecommerce] [scheduling-1] c.d.e.service.SincronizacaoService       : Ciclo finalizado. Total de atualizações enviadas: 0
2026-09-04T06:30:00.084-03:00  INFO 22468 --- [ecommerce] [scheduling-1] c.d.e.s.SincronizacaoEstoqueService      : [ESTOQUE] Lendo VW_ECOMMERCE_ESTOQUE no banco de dados...
2026-09-04T06:30:00.111-03:00  INFO 22468 --- [ecommerce] [scheduling-1] c.d.e.s.SincronizacaoEstoqueService      : [ESTOQUE] Ciclo finalizado. Total de atualizações enviadas: 0
2026-09-04T06:30:59.999-03:00  INFO 22468 --- [ecommerce] [scheduling-1] c.d.e.s.SincronizacaoEstoqueService      : [ESTOQUE] Lendo VW_ECOMMERCE_ESTOQUE no banco de dados...
2026-09-04T06:31:00.075-03:00  INFO 22468 --- [ecommerce] [scheduling-1] c.d.e.s.SincronizacaoEstoqueService      : [ESTOQUE] Ciclo finalizado. Total de atualizações enviadas: 0
2026-09-04T06:31:00.076-03:00  INFO 22468 --- [ecommerce] [scheduling-1] c.d.e.service.SincronizacaoService       : Lendo VW_ECOMMERCE_PRECOS no banco de dados...
2026-09-04T06:31:00.119-03:00  INFO 22468 --- [ecommerce] [scheduling-1] c.d.e.service.SincronizacaoService       : Ciclo finalizado. Total de atualizações enviadas: 0
2026-09-04T06:32:00.001-03:00  INFO 22468 --- [ecommerce] [scheduling-1] c.d.e.service.SincronizacaoService       : Lendo VW_ECOMMERCE_PRECOS no banco de dados...
2026-09-04T06:32:00.059-03:00  INFO 22468 --- [ecommerce] [scheduling-1] c.d.e.service.SincronizacaoService       : Ciclo finalizado. Total de atualizações enviadas: 0
2026-09-04T06:32:00.059-03:00  INFO 22468 --- [ecommerce] [scheduling-1] c.d.e.s.SincronizacaoEstoqueService      : [ESTOQUE] Lendo VW_ECOMMERCE_ESTOQUE no banco de dados...
2026-09-04T06:32:00.092-03:00  INFO 22468 --- [ecommerce] [scheduling-1] c.d.e.s.SincronizacaoEstoqueService      : [ESTOQUE] Ciclo finalizado. Total de atualizações enviadas: 0
2026-09-04T06:33:00.000-03:00  INFO 22468 --- [ecommerce] [scheduling-1] c.d.e.service.SincronizacaoService       : Lendo VW_ECOMMERCE_PRECOS no banco de dados...
2026-09-04T06:33:00.117-03:00  INFO 22468 --- [ecommerce] [scheduling-1] c.d.e.service.SincronizacaoService       : Ciclo finalizado. Total de atualizações enviadas: 0
2026-09-04T06:33:00.117-03:00  INFO 22468 --- [ecommerce] [scheduling-1] c.d.e.s.SincronizacaoEstoqueService      : [ESTOQUE] Lendo VW_ECOMMERCE_ESTOQUE no banco de dados...
2026-09-04T06:33:00.156-03:00  INFO 22468 --- [ecommerce] [scheduling-1] c.d.e.s.SincronizacaoEstoqueService      : [ESTOQUE] Ciclo finalizado. Total de atualizações enviadas: 0
2026-09-04T06:34:00.000-03:00  INFO 22468 --- [ecommerce] [scheduling-1] c.d.e.s.SincronizacaoEstoqueService      : [ESTOQUE] Lendo VW_ECOMMERCE_ESTOQUE no banco de dados...
2026-09-04T06:34:00.025-03:00  INFO 22468 --- [ecommerce] [scheduling-1] c.d.e.s.SincronizacaoEstoqueService      : [ESTOQUE] Ciclo finalizado. Total de atualizações enviadas: 0
2026-09-04T06:34:00.025-03:00  INFO 22468 --- [ecommerce] [scheduling-1] c.d.e.service.SincronizacaoService       : Lendo VW_ECOMMERCE_PRECOS no banco de dados...
2026-09-04T06:34:00.075-03:00  INFO 22468 --- [ecommerce] [scheduling-1] c.d.e.service.SincronizacaoService       : Ciclo finalizado. Total de atualizações enviadas: 0
2026-09-04T06:34:59.999-03:00  INFO 22468 --- [ecommerce] [scheduling-1] c.d.e.s.SincronizacaoEstoqueService      : [ESTOQUE] Lendo VW_ECOMMERCE_ESTOQUE no banco de dados...
2026-09-04T06:35:00.083-03:00  INFO 22468 --- [ecommerce] [scheduling-1] c.d.e.s.SincronizacaoEstoqueService      : [ESTOQUE] Ciclo finalizado. Total de atualizações enviadas: 0
2026-09-04T06:35:00.083-03:00  INFO 22468 --- [ecommerce] [scheduling-1] c.d.e.service.SincronizacaoService       : Lendo VW_ECOMMERCE_PRECOS no banco de dados...
2026-09-04T06:35:00.168-03:00  INFO 22468 --- [ecommerce] [scheduling-1] c.d.e.service.SincronizacaoService       : Ciclo finalizado. Total de atualizações enviadas: 0
2026-09-04T06:36:00.000-03:00  INFO 22468 --- [ecommerce] [scheduling-1] c.d.e.s.SincronizacaoEstoqueService      : [ESTOQUE] Lendo VW_ECOMMERCE_ESTOQUE no banco de dados...
2026-09-04T06:36:00.107-03:00  INFO 22468 --- [ecommerce] [scheduling-1] c.d.e.s.SincronizacaoEstoqueService      : [ESTOQUE] Ciclo finalizado. Total de atualizações enviadas: 0
2026-09-04T06:36:00.107-03:00  INFO 22468 --- [ecommerce] [scheduling-1] c.d.e.service.SincronizacaoService       : Lendo VW_ECOMMERCE_PRECOS no banco de dados...
2026-09-04T06:36:00.584-03:00  INFO 22468 --- [ecommerce] [scheduling-1] c.d.e.service.SincronizacaoService       : Ciclo finalizado. Total de atualizações enviadas: 0
2026-09-04T06:37:00.000-03:00  INFO 22468 --- [ecommerce] [scheduling-1] c.d.e.s.SincronizacaoEstoqueService      : [ESTOQUE] Lendo VW_ECOMMERCE_ESTOQUE no banco de dados...
2026-09-04T06:37:00.099-03:00  INFO 22468 --- [ecommerce] [scheduling-1] c.d.e.s.SincronizacaoEstoqueService      : [ESTOQUE] Ciclo finalizado. Total de atualizações enviadas: 0
2026-09-04T06:37:00.099-03:00  INFO 22468 --- [ecommerce] [scheduling-1] c.d.e.service.SincronizacaoService       : Lendo VW_ECOMMERCE_PRECOS no banco de dados...
2026-09-04T06:37:00.144-03:00  INFO 22468 --- [ecommerce] [scheduling-1] c.d.e.service.SincronizacaoService       : Ciclo finalizado. Total de atualizações enviadas: 0
2026-09-04T06:38:00.000-03:00  INFO 22468 --- [ecommerce] [scheduling-1] c.d.e.service.SincronizacaoService       : Lendo VW_ECOMMERCE_PRECOS no banco de dados...
2026-09-04T06:38:00.088-03:00  INFO 22468 --- [ecommerce] [scheduling-1] c.d.e.service.SincronizacaoService       : Ciclo finalizado. Total de atualizações enviadas: 0
2026-09-04T06:38:00.088-03:00  INFO 22468 --- [ecommerce] [scheduling-1] c.d.e.s.SincronizacaoEstoqueService      : [ESTOQUE] Lendo VW_ECOMMERCE_ESTOQUE no banco de dados...
2026-09-04T06:38:00.113-03:00  INFO 22468 --- [ecommerce] [scheduling-1] c.d.e.s.SincronizacaoEstoqueService      : [ESTOQUE] Ciclo finalizado. Total de atualizações enviadas: 0
2026-09-04T06:39:00.000-03:00  INFO 22468 --- [ecommerce] [scheduling-1] c.d.e.service.SincronizacaoService       : Lendo VW_ECOMMERCE_PRECOS no banco de dados...
2026-09-04T06:39:00.070-03:00  INFO 22468 --- [ecommerce] [scheduling-1] c.d.e.service.SincronizacaoService       : Ciclo finalizado. Total de atualizações enviadas: 0
2026-09-04T06:39:00.070-03:00  INFO 22468 --- [ecommerce] [scheduling-1] c.d.e.s.SincronizacaoEstoqueService      : [ESTOQUE] Lendo VW_ECOMMERCE_ESTOQUE no banco de dados...
2026-09-04T06:39:00.103-03:00  INFO 22468 --- [ecommerce] [scheduling-1] c.d.e.s.SincronizacaoEstoqueService      : [ESTOQUE] Ciclo finalizado. Total de atualizações enviadas: 0
2026-09-04T06:40:00.000-03:00  INFO 22468 --- [ecommerce] [scheduling-1] c.d.e.service.SincronizacaoService       : Lendo VW_ECOMMERCE_PRECOS no banco de dados...
2026-09-04T06:40:00.199-03:00  INFO 22468 --- [ecommerce] [scheduling-1] c.d.e.service.SincronizacaoService       : Ciclo finalizado. Total de atualizações enviadas: 0
2026-09-04T06:40:00.199-03:00  INFO 22468 --- [ecommerce] [scheduling-1] c.d.e.s.SincronizacaoEstoqueService      : [ESTOQUE] Lendo VW_ECOMMERCE_ESTOQUE no banco de dados...
2026-09-04T06:40:00.254-03:00  INFO 22468 --- [ecommerce] [scheduling-1] c.d.e.s.SincronizacaoEstoqueService      : [ESTOQUE] Ciclo finalizado. Total de atualizações enviadas: 0
2026-09-04T06:41:00.000-03:00  INFO 22468 --- [ecommerce] [scheduling-1] c.d.e.s.SincronizacaoEstoqueService      : [ESTOQUE] Lendo VW_ECOMMERCE_ESTOQUE no banco de dados...
2026-09-04T06:41:00.101-03:00  INFO 22468 --- [ecommerce] [scheduling-1] c.d.e.s.SincronizacaoEstoqueService      : [ESTOQUE] Ciclo finalizado. Total de atualizações enviadas: 0
2026-09-04T06:41:00.101-03:00  INFO 22468 --- [ecommerce] [scheduling-1] c.d.e.service.SincronizacaoService       : Lendo VW_ECOMMERCE_PRECOS no banco de dados...
2026-09-04T06:41:00.402-03:00  INFO 22468 --- [ecommerce] [scheduling-1] c.d.e.service.SincronizacaoService       : Ciclo finalizado. Total de atualizações enviadas: 0
2026-09-04T06:42:00.001-03:00  INFO 22468 --- [ecommerce] [scheduling-1] c.d.e.s.SincronizacaoEstoqueService      : [ESTOQUE] Lendo VW_ECOMMERCE_ESTOQUE no banco de dados...
2026-09-04T06:42:00.050-03:00  INFO 22468 --- [ecommerce] [scheduling-1] c.d.e.s.SincronizacaoEstoqueService      : [ESTOQUE] Ciclo finalizado. Total de atualizações enviadas: 0
2026-09-04T06:42:00.050-03:00  INFO 22468 --- [ecommerce] [scheduling-1] c.d.e.service.SincronizacaoService       : Lendo VW_ECOMMERCE_PRECOS no banco de dados...
2026-09-04T06:42:00.132-03:00  INFO 22468 --- [ecommerce] [scheduling-1] c.d.e.service.SincronizacaoService       : Ciclo finalizado. Total de atualizações enviadas: 0
2026-09-04T06:43:00.001-03:00  INFO 22468 --- [ecommerce] [scheduling-1] c.d.e.s.SincronizacaoEstoqueService      : [ESTOQUE] Lendo VW_ECOMMERCE_ESTOQUE no banco de dados...
2026-09-04T06:43:00.044-03:00  INFO 22468 --- [ecommerce] [scheduling-1] c.d.e.s.SincronizacaoEstoqueService      : [ESTOQUE] Ciclo finalizado. Total de atualizações enviadas: 0
2026-09-04T06:43:00.044-03:00  INFO 22468 --- [ecommerce] [scheduling-1] c.d.e.service.SincronizacaoService       : Lendo VW_ECOMMERCE_PRECOS no banco de dados...
2026-09-04T06:43:00.089-03:00  INFO 22468 --- [ecommerce] [scheduling-1] c.d.e.service.SincronizacaoService       : Ciclo finalizado. Total de atualizações enviadas: 0
2026-09-04T06:43:59.999-03:00  INFO 22468 --- [ecommerce] [scheduling-1] c.d.e.service.SincronizacaoService       : Lendo VW_ECOMMERCE_PRECOS no banco de dados...
2026-09-04T06:44:00.058-03:00  INFO 22468 --- [ecommerce] [scheduling-1] c.d.e.service.SincronizacaoService       : Ciclo finalizado. Total de atualizações enviadas: 0
2026-09-04T06:44:00.058-03:00  INFO 22468 --- [ecommerce] [scheduling-1] c.d.e.s.SincronizacaoEstoqueService      : [ESTOQUE] Lendo VW_ECOMMERCE_ESTOQUE no banco de dados...
2026-09-04T06:44:00.091-03:00  INFO 22468 --- [ecommerce] [scheduling-1] c.d.e.s.SincronizacaoEstoqueService      : [ESTOQUE] Ciclo finalizado. Total de atualizações enviadas: 0
2026-09-04T06:45:00.000-03:00  INFO 22468 --- [ecommerce] [scheduling-1] c.d.e.s.SincronizacaoEstoqueService      : [ESTOQUE] Lendo VW_ECOMMERCE_ESTOQUE no banco de dados...
2026-09-04T06:45:00.057-03:00  INFO 22468 --- [ecommerce] [scheduling-1] c.d.e.s.SincronizacaoEstoqueService      : [ESTOQUE] Ciclo finalizado. Total de atualizações enviadas: 0
2026-09-04T06:45:00.058-03:00  INFO 22468 --- [ecommerce] [scheduling-1] c.d.e.service.SincronizacaoService       : Lendo VW_ECOMMERCE_PRECOS no banco de dados...
2026-09-04T06:45:00.195-03:00  INFO 22468 --- [ecommerce] [scheduling-1] c.d.e.service.SincronizacaoService       : Ciclo finalizado. Total de atualizações enviadas: 0
2026-09-04T06:46:00.000-03:00  INFO 22468 --- [ecommerce] [scheduling-1] c.d.e.s.SincronizacaoEstoqueService      : [ESTOQUE] Lendo VW_ECOMMERCE_ESTOQUE no banco de dados...
2026-09-04T06:46:00.047-03:00  INFO 22468 --- [ecommerce] [scheduling-1] c.d.e.s.SincronizacaoEstoqueService      : [ESTOQUE] Ciclo finalizado. Total de atualizações enviadas: 0
2026-09-04T06:46:00.047-03:00  INFO 22468 --- [ecommerce] [scheduling-1] c.d.e.service.SincronizacaoService       : Lendo VW_ECOMMERCE_PRECOS no banco de dados...
2026-09-04T06:46:00.156-03:00  INFO 22468 --- [ecommerce] [scheduling-1] c.d.e.service.SincronizacaoService       : Ciclo finalizado. Total de atualizações enviadas: 0
2026-09-04T06:47:00.000-03:00  INFO 22468 --- [ecommerce] [scheduling-1] c.d.e.service.SincronizacaoService       : Lendo VW_ECOMMERCE_PRECOS no banco de dados...
2026-09-04T06:47:00.222-03:00  INFO 22468 --- [ecommerce] [scheduling-1] c.d.e.service.SincronizacaoService       : Ciclo finalizado. Total de atualizações enviadas: 0
2026-09-04T06:47:00.222-03:00  INFO 22468 --- [ecommerce] [scheduling-1] c.d.e.s.SincronizacaoEstoqueService      : [ESTOQUE] Lendo VW_ECOMMERCE_ESTOQUE no banco de dados...
2026-09-04T06:47:00.248-03:00  INFO 22468 --- [ecommerce] [scheduling-1] c.d.e.s.SincronizacaoEstoqueService      : [ESTOQUE] Ciclo finalizado. Total de atualizações enviadas: 0
2026-09-04T06:48:00.000-03:00  INFO 22468 --- [ecommerce] [scheduling-1] c.d.e.s.SincronizacaoEstoqueService      : [ESTOQUE] Lendo VW_ECOMMERCE_ESTOQUE no banco de dados...
2026-09-04T06:48:00.049-03:00  INFO 22468 --- [ecommerce] [scheduling-1] c.d.e.s.SincronizacaoEstoqueService      : [ESTOQUE] Ciclo finalizado. Total de atualizações enviadas: 0
2026-09-04T06:48:00.049-03:00  INFO 22468 --- [ecommerce] [scheduling-1] c.d.e.service.SincronizacaoService       : Lendo VW_ECOMMERCE_PRECOS no banco de dados...
2026-09-04T06:48:00.134-03:00  INFO 22468 --- [ecommerce] [scheduling-1] c.d.e.service.SincronizacaoService       : Ciclo finalizado. Total de atualizações enviadas: 0
2026-09-04T06:49:00.000-03:00  INFO 22468 --- [ecommerce] [scheduling-1] c.d.e.service.SincronizacaoService       : Lendo VW_ECOMMERCE_PRECOS no banco de dados...
2026-09-04T06:49:00.104-03:00  INFO 22468 --- [ecommerce] [scheduling-1] c.d.e.service.SincronizacaoService       : Ciclo finalizado. Total de atualizações enviadas: 0
2026-09-04T06:49:00.104-03:00  INFO 22468 --- [ecommerce] [scheduling-1] c.d.e.s.SincronizacaoEstoqueService      : [ESTOQUE] Lendo VW_ECOMMERCE_ESTOQUE no banco de dados...
2026-09-04T06:49:00.126-03:00  INFO 22468 --- [ecommerce] [scheduling-1] c.d.e.s.SincronizacaoEstoqueService      : [ESTOQUE] Ciclo finalizado. Total de atualizações enviadas: 0
2026-09-04T06:50:00.001-03:00  INFO 22468 --- [ecommerce] [scheduling-1] c.d.e.s.SincronizacaoEstoqueService      : [ESTOQUE] Lendo VW_ECOMMERCE_ESTOQUE no banco de dados...
2026-09-04T06:50:00.055-03:00  INFO 22468 --- [ecommerce] [scheduling-1] c.d.e.s.SincronizacaoEstoqueService      : [ESTOQUE] Ciclo finalizado. Total de atualizações enviadas: 0
2026-09-04T06:50:00.055-03:00  INFO 22468 --- [ecommerce] [scheduling-1] c.d.e.service.SincronizacaoService       : Lendo VW_ECOMMERCE_PRECOS no banco de dados...
2026-09-04T06:50:00.170-03:00  INFO 22468 --- [ecommerce] [scheduling-1] c.d.e.service.SincronizacaoService       : Ciclo finalizado. Total de atualizações enviadas: 0
2026-09-04T06:51:00.000-03:00  INFO 22468 --- [ecommerce] [scheduling-1] c.d.e.service.SincronizacaoService       : Lendo VW_ECOMMERCE_PRECOS no banco de dados...
2026-09-04T06:51:00.096-03:00  INFO 22468 --- [ecommerce] [scheduling-1] c.d.e.service.SincronizacaoService       : Ciclo finalizado. Total de atualizações enviadas: 0
2026-09-04T06:51:00.096-03:00  INFO 22468 --- [ecommerce] [scheduling-1] c.d.e.s.SincronizacaoEstoqueService      : [ESTOQUE] Lendo VW_ECOMMERCE_ESTOQUE no banco de dados...
2026-09-04T06:51:00.116-03:00  INFO 22468 --- [ecommerce] [scheduling-1] c.d.e.s.SincronizacaoEstoqueService      : [ESTOQUE] Ciclo finalizado. Total de atualizações enviadas: 0
2026-09-04T06:52:00.000-03:00  INFO 22468 --- [ecommerce] [scheduling-1] c.d.e.service.SincronizacaoService       : Lendo VW_ECOMMERCE_PRECOS no banco de dados...
2026-09-04T06:52:00.252-03:00  INFO 22468 --- [ecommerce] [scheduling-1] c.d.e.service.SincronizacaoService       : Ciclo finalizado. Total de atualizações enviadas: 0
2026-09-04T06:52:00.253-03:00  INFO 22468 --- [ecommerce] [scheduling-1] c.d.e.s.SincronizacaoEstoqueService      : [ESTOQUE] Lendo VW_ECOMMERCE_ESTOQUE no banco de dados...
2026-09-04T06:52:00.284-03:00  INFO 22468 --- [ecommerce] [scheduling-1] c.d.e.s.SincronizacaoEstoqueService      : [ESTOQUE] Ciclo finalizado. Total de atualizações enviadas: 0
2026-09-04T06:53:00.000-03:00  INFO 22468 --- [ecommerce] [scheduling-1] c.d.e.service.SincronizacaoService       : Lendo VW_ECOMMERCE_PRECOS no banco de dados...
2026-09-04T06:53:00.316-03:00  INFO 22468 --- [ecommerce] [scheduling-1] c.d.e.service.SincronizacaoService       : Ciclo finalizado. Total de atualizações enviadas: 0
2026-09-04T06:53:00.317-03:00  INFO 22468 --- [ecommerce] [scheduling-1] c.d.e.s.SincronizacaoEstoqueService      : [ESTOQUE] Lendo VW_ECOMMERCE_ESTOQUE no banco de dados...
2026-09-04T06:53:00.343-03:00  INFO 22468 --- [ecommerce] [scheduling-1] c.d.e.s.SincronizacaoEstoqueService      : [ESTOQUE] Ciclo finalizado. Total de atualizações enviadas: 0
2026-09-04T06:53:59.999-03:00  INFO 22468 --- [ecommerce] [scheduling-1] c.d.e.service.SincronizacaoService       : Lendo VW_ECOMMERCE_PRECOS no banco de dados...
2026-09-04T06:54:00.090-03:00  INFO 22468 --- [ecommerce] [scheduling-1] c.d.e.service.SincronizacaoService       : Ciclo finalizado. Total de atualizações enviadas: 0
2026-09-04T06:54:00.090-03:00  INFO 22468 --- [ecommerce] [scheduling-1] c.d.e.s.SincronizacaoEstoqueService      : [ESTOQUE] Lendo VW_ECOMMERCE_ESTOQUE no banco de dados...
2026-09-04T06:54:00.114-03:00  INFO 22468 --- [ecommerce] [scheduling-1] c.d.e.s.SincronizacaoEstoqueService      : [ESTOQUE] Ciclo finalizado. Total de atualizações enviadas: 0
2026-09-04T06:55:00.000-03:00  INFO 22468 --- [ecommerce] [scheduling-1] c.d.e.s.SincronizacaoEstoqueService      : [ESTOQUE] Lendo VW_ECOMMERCE_ESTOQUE no banco de dados...
2026-09-04T06:55:00.050-03:00  INFO 22468 --- [ecommerce] [scheduling-1] c.d.e.s.SincronizacaoEstoqueService      : [ESTOQUE] Ciclo finalizado. Total de atualizações enviadas: 0
2026-09-04T06:55:00.051-03:00  INFO 22468 --- [ecommerce] [scheduling-1] c.d.e.service.SincronizacaoService       : Lendo VW_ECOMMERCE_PRECOS no banco de dados...
2026-09-04T06:55:00.099-03:00  INFO 22468 --- [ecommerce] [scheduling-1] c.d.e.service.SincronizacaoService       : Ciclo finalizado. Total de atualizações enviadas: 0
2026-09-04T06:56:00.000-03:00  INFO 22468 --- [ecommerce] [scheduling-1] c.d.e.s.SincronizacaoEstoqueService      : [ESTOQUE] Lendo VW_ECOMMERCE_ESTOQUE no banco de dados...
2026-09-04T06:56:00.089-03:00  INFO 22468 --- [ecommerce] [scheduling-1] c.d.e.s.SincronizacaoEstoqueService      : [ESTOQUE] Ciclo finalizado. Total de atualizações enviadas: 0
2026-09-04T06:56:00.089-03:00  INFO 22468 --- [ecommerce] [scheduling-1] c.d.e.service.SincronizacaoService       : Lendo VW_ECOMMERCE_PRECOS no banco de dados...
2026-09-04T06:56:00.206-03:00  INFO 22468 --- [ecommerce] [scheduling-1] c.d.e.service.SincronizacaoService       : Ciclo finalizado. Total de atualizações enviadas: 0
2026-09-04T06:57:00.000-03:00  INFO 22468 --- [ecommerce] [scheduling-1] c.d.e.s.SincronizacaoEstoqueService      : [ESTOQUE] Lendo VW_ECOMMERCE_ESTOQUE no banco de dados...
2026-09-04T06:57:00.071-03:00  INFO 22468 --- [ecommerce] [scheduling-1] c.d.e.s.SincronizacaoEstoqueService      : [ESTOQUE] Ciclo finalizado. Total de atualizações enviadas: 0
2026-09-04T06:57:00.071-03:00  INFO 22468 --- [ecommerce] [scheduling-1] c.d.e.service.SincronizacaoService       : Lendo VW_ECOMMERCE_PRECOS no banco de dados...
2026-09-04T06:57:00.115-03:00  INFO 22468 --- [ecommerce] [scheduling-1] c.d.e.service.SincronizacaoService       : Ciclo finalizado. Total de atualizações enviadas: 0
2026-09-04T06:58:00.000-03:00  INFO 22468 --- [ecommerce] [scheduling-1] c.d.e.s.SincronizacaoEstoqueService      : [ESTOQUE] Lendo VW_ECOMMERCE_ESTOQUE no banco de dados...
2026-09-04T06:58:00.034-03:00  INFO 22468 --- [ecommerce] [scheduling-1] c.d.e.s.SincronizacaoEstoqueService      : [ESTOQUE] Ciclo finalizado. Total de atualizações enviadas: 0
2026-09-04T06:58:00.034-03:00  INFO 22468 --- [ecommerce] [scheduling-1] c.d.e.service.SincronizacaoService       : Lendo VW_ECOMMERCE_PRECOS no banco de dados...
2026-09-04T06:58:00.082-03:00  INFO 22468 --- [ecommerce] [scheduling-1] c.d.e.service.SincronizacaoService       : Ciclo finalizado. Total de atualizações enviadas: 0
2026-09-04T06:59:00.000-03:00  INFO 22468 --- [ecommerce] [scheduling-1] c.d.e.service.SincronizacaoService       : Lendo VW_ECOMMERCE_PRECOS no banco de dados...
2026-09-04T06:59:00.183-03:00  INFO 22468 --- [ecommerce] [scheduling-1] c.d.e.service.SincronizacaoService       : Ciclo finalizado. Total de atualizações enviadas: 0
2026-09-04T06:59:00.184-03:00  INFO 22468 --- [ecommerce] [scheduling-1] c.d.e.s.SincronizacaoEstoqueService      : [ESTOQUE] Lendo VW_ECOMMERCE_ESTOQUE no banco de dados...
2026-09-04T06:59:00.225-03:00  INFO 22468 --- [ecommerce] [scheduling-1] c.d.e.s.SincronizacaoEstoqueService      : [ESTOQUE] Ciclo finalizado. Total de atualizações enviadas: 0
2026-09-04T07:00:00.000-03:00  INFO 22468 --- [ecommerce] [scheduling-1] c.d.e.service.SincronizacaoService       : Lendo VW_ECOMMERCE_PRECOS no banco de dados...
2026-09-04T07:00:00.206-03:00  INFO 22468 --- [ecommerce] [scheduling-1] c.d.e.service.SincronizacaoService       : Ciclo finalizado. Total de atualizações enviadas: 0
2026-09-04T07:00:00.206-03:00  INFO 22468 --- [ecommerce] [scheduling-1] c.d.e.s.SincronizacaoEstoqueService      : [ESTOQUE] Lendo VW_ECOMMERCE_ESTOQUE no banco de dados...
2026-09-04T07:00:00.247-03:00  INFO 22468 --- [ecommerce] [scheduling-1] c.d.e.s.SincronizacaoEstoqueService      : [ESTOQUE] Ciclo finalizado. Total de atualizações enviadas: 0
2026-09-04T07:01:00.001-03:00  INFO 22468 --- [ecommerce] [scheduling-1] c.d.e.s.SincronizacaoEstoqueService      : [ESTOQUE] Lendo VW_ECOMMERCE_ESTOQUE no banco de dados...
2026-09-04T07:01:00.075-03:00  INFO 22468 --- [ecommerce] [scheduling-1] c.d.e.s.SincronizacaoEstoqueService      : [ESTOQUE] Ciclo finalizado. Total de atualizações enviadas: 0
2026-09-04T07:01:00.076-03:00  INFO 22468 --- [ecommerce] [scheduling-1] c.d.e.service.SincronizacaoService       : Lendo VW_ECOMMERCE_PRECOS no banco de dados...
2026-09-04T07:01:00.128-03:00  INFO 22468 --- [ecommerce] [scheduling-1] c.d.e.service.SincronizacaoService       : Ciclo finalizado. Total de atualizações enviadas: 0
2026-09-04T07:02:00.000-03:00  INFO 22468 --- [ecommerce] [scheduling-1] c.d.e.s.SincronizacaoEstoqueService      : [ESTOQUE] Lendo VW_ECOMMERCE_ESTOQUE no banco de dados...
2026-09-04T07:02:00.063-03:00  INFO 22468 --- [ecommerce] [scheduling-1] c.d.e.s.SincronizacaoEstoqueService      : [ESTOQUE] Ciclo finalizado. Total de atualizações enviadas: 0
2026-09-04T07:02:00.063-03:00  INFO 22468 --- [ecommerce] [scheduling-1] c.d.e.service.SincronizacaoService       : Lendo VW_ECOMMERCE_PRECOS no banco de dados...
2026-09-04T07:02:00.123-03:00  INFO 22468 --- [ecommerce] [scheduling-1] c.d.e.service.SincronizacaoService       : Ciclo finalizado. Total de atualizações enviadas: 0
2026-09-04T07:03:00.001-03:00  INFO 22468 --- [ecommerce] [scheduling-1] c.d.e.service.SincronizacaoService       : Lendo VW_ECOMMERCE_PRECOS no banco de dados...
2026-09-04T07:03:00.113-03:00  INFO 22468 --- [ecommerce] [scheduling-1] c.d.e.service.SincronizacaoService       : Ciclo finalizado. Total de atualizações enviadas: 0
2026-09-04T07:03:00.113-03:00  INFO 22468 --- [ecommerce] [scheduling-1] c.d.e.s.SincronizacaoEstoqueService      : [ESTOQUE] Lendo VW_ECOMMERCE_ESTOQUE no banco de dados...
2026-09-04T07:03:00.134-03:00  INFO 22468 --- [ecommerce] [scheduling-1] c.d.e.s.SincronizacaoEstoqueService      : [ESTOQUE] Ciclo finalizado. Total de atualizações enviadas: 0
2026-09-04T07:04:00.000-03:00  INFO 22468 --- [ecommerce] [scheduling-1] c.d.e.service.SincronizacaoService       : Lendo VW_ECOMMERCE_PRECOS no banco de dados...
2026-09-04T07:04:00.113-03:00  INFO 22468 --- [ecommerce] [scheduling-1] c.d.e.service.SincronizacaoService       : Ciclo finalizado. Total de atualizações enviadas: 0
2026-09-04T07:04:00.113-03:00  INFO 22468 --- [ecommerce] [scheduling-1] c.d.e.s.SincronizacaoEstoqueService      : [ESTOQUE] Lendo VW_ECOMMERCE_ESTOQUE no banco de dados...
2026-09-04T07:04:00.135-03:00  INFO 22468 --- [ecommerce] [scheduling-1] c.d.e.s.SincronizacaoEstoqueService      : [ESTOQUE] Ciclo finalizado. Total de atualizações enviadas: 0
2026-09-04T07:05:00.000-03:00  INFO 22468 --- [ecommerce] [scheduling-1] c.d.e.service.SincronizacaoService       : Lendo VW_ECOMMERCE_PRECOS no banco de dados...
2026-09-04T07:05:00.109-03:00  INFO 22468 --- [ecommerce] [scheduling-1] c.d.e.service.SincronizacaoService       : Ciclo finalizado. Total de atualizações enviadas: 0
2026-09-04T07:05:00.109-03:00  INFO 22468 --- [ecommerce] [scheduling-1] c.d.e.s.SincronizacaoEstoqueService      : [ESTOQUE] Lendo VW_ECOMMERCE_ESTOQUE no banco de dados...
2026-09-04T07:05:00.128-03:00  INFO 22468 --- [ecommerce] [scheduling-1] c.d.e.s.SincronizacaoEstoqueService      : [ESTOQUE] Ciclo finalizado. Total de atualizações enviadas: 0
2026-09-04T07:06:00.000-03:00  INFO 22468 --- [ecommerce] [scheduling-1] c.d.e.service.SincronizacaoService       : Lendo VW_ECOMMERCE_PRECOS no banco de dados...
2026-09-04T07:06:00.098-03:00  INFO 22468 --- [ecommerce] [scheduling-1] c.d.e.service.SincronizacaoService       : Ciclo finalizado. Total de atualizações enviadas: 0
2026-09-04T07:06:00.099-03:00  INFO 22468 --- [ecommerce] [scheduling-1] c.d.e.s.SincronizacaoEstoqueService      : [ESTOQUE] Lendo VW_ECOMMERCE_ESTOQUE no banco de dados...
2026-09-04T07:06:00.129-03:00  INFO 22468 --- [ecommerce] [scheduling-1] c.d.e.s.SincronizacaoEstoqueService      : [ESTOQUE] Ciclo finalizado. Total de atualizações enviadas: 0
2026-09-04T07:07:00.000-03:00  INFO 22468 --- [ecommerce] [scheduling-1] c.d.e.s.SincronizacaoEstoqueService      : [ESTOQUE] Lendo VW_ECOMMERCE_ESTOQUE no banco de dados...
2026-09-04T07:07:00.049-03:00  INFO 22468 --- [ecommerce] [scheduling-1] c.d.e.s.SincronizacaoEstoqueService      : [ESTOQUE] Ciclo finalizado. Total de atualizações enviadas: 0
2026-09-04T07:07:00.049-03:00  INFO 22468 --- [ecommerce] [scheduling-1] c.d.e.service.SincronizacaoService       : Lendo VW_ECOMMERCE_PRECOS no banco de dados...
2026-09-04T07:07:00.122-03:00  INFO 22468 --- [ecommerce] [scheduling-1] c.d.e.service.SincronizacaoService       : Ciclo finalizado. Total de atualizações enviadas: 0
2026-09-04T07:08:00.000-03:00  INFO 22468 --- [ecommerce] [scheduling-1] c.d.e.service.SincronizacaoService       : Lendo VW_ECOMMERCE_PRECOS no banco de dados...
2026-09-04T07:08:00.089-03:00  INFO 22468 --- [ecommerce] [scheduling-1] c.d.e.service.SincronizacaoService       : Ciclo finalizado. Total de atualizações enviadas: 0
2026-09-04T07:08:00.089-03:00  INFO 22468 --- [ecommerce] [scheduling-1] c.d.e.s.SincronizacaoEstoqueService      : [ESTOQUE] Lendo VW_ECOMMERCE_ESTOQUE no banco de dados...
2026-09-04T07:08:00.111-03:00  INFO 22468 --- [ecommerce] [scheduling-1] c.d.e.s.SincronizacaoEstoqueService      : [ESTOQUE] Ciclo finalizado. Total de atualizações enviadas: 0
2026-09-04T07:09:00.000-03:00  INFO 22468 --- [ecommerce] [scheduling-1] c.d.e.s.SincronizacaoEstoqueService      : [ESTOQUE] Lendo VW_ECOMMERCE_ESTOQUE no banco de dados...
2026-09-04T07:09:00.058-03:00  INFO 22468 --- [ecommerce] [scheduling-1] c.d.e.s.SincronizacaoEstoqueService      : [ESTOQUE] Ciclo finalizado. Total de atualizações enviadas: 0
2026-09-04T07:09:00.059-03:00  INFO 22468 --- [ecommerce] [scheduling-1] c.d.e.service.SincronizacaoService       : Lendo VW_ECOMMERCE_PRECOS no banco de dados...
2026-09-04T07:09:00.204-03:00  INFO 22468 --- [ecommerce] [scheduling-1] c.d.e.service.SincronizacaoService       : Ciclo finalizado. Total de atualizações enviadas: 0
2026-09-04T07:10:00.000-03:00  INFO 22468 --- [ecommerce] [scheduling-1] c.d.e.s.SincronizacaoEstoqueService      : [ESTOQUE] Lendo VW_ECOMMERCE_ESTOQUE no banco de dados...
2026-09-04T07:10:00.086-03:00  INFO 22468 --- [ecommerce] [scheduling-1] c.d.e.s.SincronizacaoEstoqueService      : [ESTOQUE] Ciclo finalizado. Total de atualizações enviadas: 0
2026-09-04T07:10:00.087-03:00  INFO 22468 --- [ecommerce] [scheduling-1] c.d.e.service.SincronizacaoService       : Lendo VW_ECOMMERCE_PRECOS no banco de dados...
2026-09-04T07:10:00.137-03:00  INFO 22468 --- [ecommerce] [scheduling-1] c.d.e.service.SincronizacaoService       : Ciclo finalizado. Total de atualizações enviadas: 0
2026-09-04T07:11:00.000-03:00  INFO 22468 --- [ecommerce] [scheduling-1] c.d.e.s.SincronizacaoEstoqueService      : [ESTOQUE] Lendo VW_ECOMMERCE_ESTOQUE no banco de dados...
2026-09-04T07:11:00.076-03:00  INFO 22468 --- [ecommerce] [scheduling-1] c.d.e.s.SincronizacaoEstoqueService      : [ESTOQUE] Ciclo finalizado. Total de atualizações enviadas: 0
2026-09-04T07:11:00.076-03:00  INFO 22468 --- [ecommerce] [scheduling-1] c.d.e.service.SincronizacaoService       : Lendo VW_ECOMMERCE_PRECOS no banco de dados...
2026-09-04T07:11:00.447-03:00  INFO 22468 --- [ecommerce] [scheduling-1] c.d.e.service.SincronizacaoService       : Ciclo finalizado. Total de atualizações enviadas: 0
2026-09-04T07:12:00.001-03:00  INFO 22468 --- [ecommerce] [scheduling-1] c.d.e.service.SincronizacaoService       : Lendo VW_ECOMMERCE_PRECOS no banco de dados...
2026-09-04T07:12:00.051-03:00  INFO 22468 --- [ecommerce] [scheduling-1] c.d.e.service.SincronizacaoService       : Ciclo finalizado. Total de atualizações enviadas: 0
2026-09-04T07:12:00.051-03:00  INFO 22468 --- [ecommerce] [scheduling-1] c.d.e.s.SincronizacaoEstoqueService      : [ESTOQUE] Lendo VW_ECOMMERCE_ESTOQUE no banco de dados...
2026-09-04T07:12:00.083-03:00  INFO 22468 --- [ecommerce] [scheduling-1] c.d.e.s.SincronizacaoEstoqueService      : [ESTOQUE] Ciclo finalizado. Total de atualizações enviadas: 0
2026-09-04T07:13:00.000-03:00  INFO 22468 --- [ecommerce] [scheduling-1] c.d.e.s.SincronizacaoEstoqueService      : [ESTOQUE] Lendo VW_ECOMMERCE_ESTOQUE no banco de dados...
2026-09-04T07:13:00.079-03:00  INFO 22468 --- [ecommerce] [scheduling-1] c.d.e.s.SincronizacaoEstoqueService      : [ESTOQUE] Ciclo finalizado. Total de atualizações enviadas: 0
2026-09-04T07:13:00.079-03:00  INFO 22468 --- [ecommerce] [scheduling-1] c.d.e.service.SincronizacaoService       : Lendo VW_ECOMMERCE_PRECOS no banco de dados...
2026-09-04T07:13:00.126-03:00  INFO 22468 --- [ecommerce] [scheduling-1] c.d.e.service.SincronizacaoService       : Ciclo finalizado. Total de atualizações enviadas: 0
2026-09-04T07:14:00.000-03:00  INFO 22468 --- [ecommerce] [scheduling-1] c.d.e.s.SincronizacaoEstoqueService      : [ESTOQUE] Lendo VW_ECOMMERCE_ESTOQUE no banco de dados...
2026-09-04T07:14:00.101-03:00  INFO 22468 --- [ecommerce] [scheduling-1] c.d.e.s.SincronizacaoEstoqueService      : [ESTOQUE] Ciclo finalizado. Total de atualizações enviadas: 0
2026-09-04T07:14:00.102-03:00  INFO 22468 --- [ecommerce] [scheduling-1] c.d.e.service.SincronizacaoService       : Lendo VW_ECOMMERCE_PRECOS no banco de dados...
2026-09-04T07:14:00.155-03:00  INFO 22468 --- [ecommerce] [scheduling-1] c.d.e.service.SincronizacaoService       : Ciclo finalizado. Total de atualizações enviadas: 0
2026-09-04T07:15:00.001-03:00  INFO 22468 --- [ecommerce] [scheduling-1] c.d.e.service.SincronizacaoService       : Lendo VW_ECOMMERCE_PRECOS no banco de dados...
2026-09-04T07:15:00.096-03:00  INFO 22468 --- [ecommerce] [scheduling-1] c.d.e.service.SincronizacaoService       : Ciclo finalizado. Total de atualizações enviadas: 0
2026-09-04T07:15:00.097-03:00  INFO 22468 --- [ecommerce] [scheduling-1] c.d.e.s.SincronizacaoEstoqueService      : [ESTOQUE] Lendo VW_ECOMMERCE_ESTOQUE no banco de dados...
2026-09-04T07:15:00.117-03:00  INFO 22468 --- [ecommerce] [scheduling-1] c.d.e.s.SincronizacaoEstoqueService      : [ESTOQUE] Ciclo finalizado. Total de atualizações enviadas: 0
2026-09-04T07:15:59.999-03:00  INFO 22468 --- [ecommerce] [scheduling-1] c.d.e.service.SincronizacaoService       : Lendo VW_ECOMMERCE_PRECOS no banco de dados...
2026-09-04T07:16:00.333-03:00  INFO 22468 --- [ecommerce] [scheduling-1] c.d.e.service.SincronizacaoService       : Ciclo finalizado. Total de atualizações enviadas: 0
2026-09-04T07:16:00.333-03:00  INFO 22468 --- [ecommerce] [scheduling-1] c.d.e.s.SincronizacaoEstoqueService      : [ESTOQUE] Lendo VW_ECOMMERCE_ESTOQUE no banco de dados...
2026-09-04T07:16:00.399-03:00  INFO 22468 --- [ecommerce] [scheduling-1] c.d.e.s.SincronizacaoEstoqueService      : [ESTOQUE] Ciclo finalizado. Total de atualizações enviadas: 0
2026-09-04T07:17:00.000-03:00  INFO 22468 --- [ecommerce] [scheduling-1] c.d.e.s.SincronizacaoEstoqueService      : [ESTOQUE] Lendo VW_ECOMMERCE_ESTOQUE no banco de dados...
2026-09-04T07:17:00.050-03:00  INFO 22468 --- [ecommerce] [scheduling-1] c.d.e.s.SincronizacaoEstoqueService      : [ESTOQUE] Ciclo finalizado. Total de atualizações enviadas: 0
2026-09-04T07:17:00.050-03:00  INFO 22468 --- [ecommerce] [scheduling-1] c.d.e.service.SincronizacaoService       : Lendo VW_ECOMMERCE_PRECOS no banco de dados...
2026-09-04T07:17:00.253-03:00  INFO 22468 --- [ecommerce] [scheduling-1] c.d.e.service.SincronizacaoService       : Ciclo finalizado. Total de atualizações enviadas: 0
2026-09-04T07:18:00.001-03:00  INFO 22468 --- [ecommerce] [scheduling-1] c.d.e.s.SincronizacaoEstoqueService      : [ESTOQUE] Lendo VW_ECOMMERCE_ESTOQUE no banco de dados...
2026-09-04T07:18:00.102-03:00  INFO 22468 --- [ecommerce] [scheduling-1] c.d.e.s.SincronizacaoEstoqueService      : [ESTOQUE] Ciclo finalizado. Total de atualizações enviadas: 0
2026-09-04T07:18:00.102-03:00  INFO 22468 --- [ecommerce] [scheduling-1] c.d.e.service.SincronizacaoService       : Lendo VW_ECOMMERCE_PRECOS no banco de dados...
2026-09-04T07:18:00.231-03:00  INFO 22468 --- [ecommerce] [scheduling-1] c.d.e.service.SincronizacaoService       : Ciclo finalizado. Total de atualizações enviadas: 0
2026-09-04T07:19:00.000-03:00  INFO 22468 --- [ecommerce] [scheduling-1] c.d.e.service.SincronizacaoService       : Lendo VW_ECOMMERCE_PRECOS no banco de dados...
2026-09-04T07:19:00.194-03:00  INFO 22468 --- [ecommerce] [scheduling-1] c.d.e.service.SincronizacaoService       : Ciclo finalizado. Total de atualizações enviadas: 0
2026-09-04T07:19:00.195-03:00  INFO 22468 --- [ecommerce] [scheduling-1] c.d.e.s.SincronizacaoEstoqueService      : [ESTOQUE] Lendo VW_ECOMMERCE_ESTOQUE no banco de dados...
2026-09-04T07:19:00.226-03:00  INFO 22468 --- [ecommerce] [scheduling-1] c.d.e.s.SincronizacaoEstoqueService      : [ESTOQUE] Ciclo finalizado. Total de atualizações enviadas: 0
2026-09-04T07:20:00.000-03:00  INFO 22468 --- [ecommerce] [scheduling-1] c.d.e.service.SincronizacaoService       : Lendo VW_ECOMMERCE_PRECOS no banco de dados...
2026-09-04T07:20:00.081-03:00  INFO 22468 --- [ecommerce] [scheduling-1] c.d.e.service.SincronizacaoService       : Ciclo finalizado. Total de atualizações enviadas: 0
2026-09-04T07:20:00.081-03:00  INFO 22468 --- [ecommerce] [scheduling-1] c.d.e.s.SincronizacaoEstoqueService      : [ESTOQUE] Lendo VW_ECOMMERCE_ESTOQUE no banco de dados...
2026-09-04T07:20:00.112-03:00  INFO 22468 --- [ecommerce] [scheduling-1] c.d.e.s.SincronizacaoEstoqueService      : [ESTOQUE] Ciclo finalizado. Total de atualizações enviadas: 0
2026-09-04T07:21:00.001-03:00  INFO 22468 --- [ecommerce] [scheduling-1] c.d.e.service.SincronizacaoService       : Lendo VW_ECOMMERCE_PRECOS no banco de dados...
2026-09-04T07:21:00.072-03:00  INFO 22468 --- [ecommerce] [scheduling-1] c.d.e.service.SincronizacaoService       : Ciclo finalizado. Total de atualizações enviadas: 0
2026-09-04T07:21:00.073-03:00  INFO 22468 --- [ecommerce] [scheduling-1] c.d.e.s.SincronizacaoEstoqueService      : [ESTOQUE] Lendo VW_ECOMMERCE_ESTOQUE no banco de dados...
2026-09-04T07:21:00.094-03:00  INFO 22468 --- [ecommerce] [scheduling-1] c.d.e.s.SincronizacaoEstoqueService      : [ESTOQUE] Ciclo finalizado. Total de atualizações enviadas: 0
2026-09-04T07:21:59.999-03:00  INFO 22468 --- [ecommerce] [scheduling-1] c.d.e.service.SincronizacaoService       : Lendo VW_ECOMMERCE_PRECOS no banco de dados...
2026-09-04T07:22:00.162-03:00  INFO 22468 --- [ecommerce] [scheduling-1] c.d.e.service.SincronizacaoService       : Ciclo finalizado. Total de atualizações enviadas: 0
2026-09-04T07:22:00.162-03:00  INFO 22468 --- [ecommerce] [scheduling-1] c.d.e.s.SincronizacaoEstoqueService      : [ESTOQUE] Lendo VW_ECOMMERCE_ESTOQUE no banco de dados...
2026-09-04T07:22:00.188-03:00  INFO 22468 --- [ecommerce] [scheduling-1] c.d.e.s.SincronizacaoEstoqueService      : [ESTOQUE] Ciclo finalizado. Total de atualizações enviadas: 0
2026-09-04T07:23:00.001-03:00  INFO 22468 --- [ecommerce] [scheduling-1] c.d.e.service.SincronizacaoService       : Lendo VW_ECOMMERCE_PRECOS no banco de dados...
2026-09-04T07:23:00.093-03:00  INFO 22468 --- [ecommerce] [scheduling-1] c.d.e.service.SincronizacaoService       : Ciclo finalizado. Total de atualizações enviadas: 0
2026-09-04T07:23:00.094-03:00  INFO 22468 --- [ecommerce] [scheduling-1] c.d.e.s.SincronizacaoEstoqueService      : [ESTOQUE] Lendo VW_ECOMMERCE_ESTOQUE no banco de dados...
2026-09-04T07:23:00.124-03:00  INFO 22468 --- [ecommerce] [scheduling-1] c.d.e.s.SincronizacaoEstoqueService      : [ESTOQUE] Ciclo finalizado. Total de atualizações enviadas: 0
2026-09-04T07:24:00.000-03:00  INFO 22468 --- [ecommerce] [scheduling-1] c.d.e.service.SincronizacaoService       : Lendo VW_ECOMMERCE_PRECOS no banco de dados...
2026-09-04T07:24:00.167-03:00  INFO 22468 --- [ecommerce] [scheduling-1] c.d.e.service.SincronizacaoService       : Ciclo finalizado. Total de atualizações enviadas: 0
2026-09-04T07:24:00.167-03:00  INFO 22468 --- [ecommerce] [scheduling-1] c.d.e.s.SincronizacaoEstoqueService      : [ESTOQUE] Lendo VW_ECOMMERCE_ESTOQUE no banco de dados...
2026-09-04T07:24:00.190-03:00  INFO 22468 --- [ecommerce] [scheduling-1] c.d.e.s.SincronizacaoEstoqueService      : [ESTOQUE] Ciclo finalizado. Total de atualizações enviadas: 0
2026-09-04T07:25:00.000-03:00  INFO 22468 --- [ecommerce] [scheduling-1] c.d.e.service.SincronizacaoService       : Lendo VW_ECOMMERCE_PRECOS no banco de dados...
2026-09-04T07:25:00.289-03:00  INFO 22468 --- [ecommerce] [scheduling-1] c.d.e.service.SincronizacaoService       : Ciclo finalizado. Total de atualizações enviadas: 0
2026-09-04T07:25:00.289-03:00  INFO 22468 --- [ecommerce] [scheduling-1] c.d.e.s.SincronizacaoEstoqueService      : [ESTOQUE] Lendo VW_ECOMMERCE_ESTOQUE no banco de dados...
2026-09-04T07:25:00.371-03:00  INFO 22468 --- [ecommerce] [scheduling-1] c.d.e.s.SincronizacaoEstoqueService      : [ESTOQUE] Ciclo finalizado. Total de atualizações enviadas: 0
2026-09-04T07:26:00.000-03:00  INFO 22468 --- [ecommerce] [scheduling-1] c.d.e.service.SincronizacaoService       : Lendo VW_ECOMMERCE_PRECOS no banco de dados...
2026-09-04T07:26:00.158-03:00  INFO 22468 --- [ecommerce] [scheduling-1] c.d.e.service.SincronizacaoService       : Ciclo finalizado. Total de atualizações enviadas: 0
2026-09-04T07:26:00.158-03:00  INFO 22468 --- [ecommerce] [scheduling-1] c.d.e.s.SincronizacaoEstoqueService      : [ESTOQUE] Lendo VW_ECOMMERCE_ESTOQUE no banco de dados...
2026-09-04T07:26:00.209-03:00  INFO 22468 --- [ecommerce] [scheduling-1] c.d.e.s.SincronizacaoEstoqueService      : [ESTOQUE] Ciclo finalizado. Total de atualizações enviadas: 0
2026-09-04T07:26:59.999-03:00  INFO 22468 --- [ecommerce] [scheduling-1] c.d.e.s.SincronizacaoEstoqueService      : [ESTOQUE] Lendo VW_ECOMMERCE_ESTOQUE no banco de dados...
2026-09-04T07:27:00.054-03:00  INFO 22468 --- [ecommerce] [scheduling-1] c.d.e.s.SincronizacaoEstoqueService      : [ESTOQUE] Ciclo finalizado. Total de atualizações enviadas: 0
2026-09-04T07:27:00.055-03:00  INFO 22468 --- [ecommerce] [scheduling-1] c.d.e.service.SincronizacaoService       : Lendo VW_ECOMMERCE_PRECOS no banco de dados...
2026-09-04T07:27:00.130-03:00  INFO 22468 --- [ecommerce] [scheduling-1] c.d.e.service.SincronizacaoService       : Ciclo finalizado. Total de atualizações enviadas: 0
2026-09-04T07:28:00.001-03:00  INFO 22468 --- [ecommerce] [scheduling-1] c.d.e.s.SincronizacaoEstoqueService      : [ESTOQUE] Lendo VW_ECOMMERCE_ESTOQUE no banco de dados...
2026-09-04T07:28:00.047-03:00  INFO 22468 --- [ecommerce] [scheduling-1] c.d.e.s.SincronizacaoEstoqueService      : [ESTOQUE] Ciclo finalizado. Total de atualizações enviadas: 0
2026-09-04T07:28:00.047-03:00  INFO 22468 --- [ecommerce] [scheduling-1] c.d.e.service.SincronizacaoService       : Lendo VW_ECOMMERCE_PRECOS no banco de dados...
2026-09-04T07:28:00.100-03:00  INFO 22468 --- [ecommerce] [scheduling-1] c.d.e.service.SincronizacaoService       : Ciclo finalizado. Total de atualizações enviadas: 0
2026-09-04T07:29:00.000-03:00  INFO 22468 --- [ecommerce] [scheduling-1] c.d.e.service.SincronizacaoService       : Lendo VW_ECOMMERCE_PRECOS no banco de dados...
2026-09-04T07:29:00.150-03:00  INFO 22468 --- [ecommerce] [scheduling-1] c.d.e.service.SincronizacaoService       : Ciclo finalizado. Total de atualizações enviadas: 0
2026-09-04T07:29:00.152-03:00  INFO 22468 --- [ecommerce] [scheduling-1] c.d.e.s.SincronizacaoEstoqueService      : [ESTOQUE] Lendo VW_ECOMMERCE_ESTOQUE no banco de dados...
2026-09-04T07:29:00.177-03:00  INFO 22468 --- [ecommerce] [scheduling-1] c.d.e.s.SincronizacaoEstoqueService      : [ESTOQUE] Ciclo finalizado. Total de atualizações enviadas: 0
2026-09-04T07:30:00.000-03:00  INFO 22468 --- [ecommerce] [scheduling-1] c.d.e.service.SincronizacaoService       : Lendo VW_ECOMMERCE_PRECOS no banco de dados...
2026-09-04T07:30:00.112-03:00  INFO 22468 --- [ecommerce] [scheduling-1] c.d.e.service.SincronizacaoService       : Ciclo finalizado. Total de atualizações enviadas: 0
2026-09-04T07:30:00.112-03:00  INFO 22468 --- [ecommerce] [scheduling-1] c.d.e.s.SincronizacaoEstoqueService      : [ESTOQUE] Lendo VW_ECOMMERCE_ESTOQUE no banco de dados...
2026-09-04T07:30:00.131-03:00  INFO 22468 --- [ecommerce] [scheduling-1] c.d.e.s.SincronizacaoEstoqueService      : [ESTOQUE] Ciclo finalizado. Total de atualizações enviadas: 0
2026-09-04T07:31:00.000-03:00  INFO 22468 --- [ecommerce] [scheduling-1] c.d.e.s.SincronizacaoEstoqueService      : [ESTOQUE] Lendo VW_ECOMMERCE_ESTOQUE no banco de dados...
2026-09-04T07:31:00.081-03:00  INFO 22468 --- [ecommerce] [scheduling-1] c.d.e.s.SincronizacaoEstoqueService      : [ESTOQUE] Ciclo finalizado. Total de atualizações enviadas: 0
2026-09-04T07:31:00.081-03:00  INFO 22468 --- [ecommerce] [scheduling-1] c.d.e.service.SincronizacaoService       : Lendo VW_ECOMMERCE_PRECOS no banco de dados...
2026-09-04T07:31:00.170-03:00  INFO 22468 --- [ecommerce] [scheduling-1] c.d.e.service.SincronizacaoService       : Ciclo finalizado. Total de atualizações enviadas: 0
2026-09-04T07:32:00.000-03:00  INFO 22468 --- [ecommerce] [scheduling-1] c.d.e.service.SincronizacaoService       : Lendo VW_ECOMMERCE_PRECOS no banco de dados...
2026-09-04T07:32:00.127-03:00  INFO 22468 --- [ecommerce] [scheduling-1] c.d.e.service.SincronizacaoService       : Ciclo finalizado. Total de atualizações enviadas: 0
2026-09-04T07:32:00.128-03:00  INFO 22468 --- [ecommerce] [scheduling-1] c.d.e.s.SincronizacaoEstoqueService      : [ESTOQUE] Lendo VW_ECOMMERCE_ESTOQUE no banco de dados...
2026-09-04T07:32:00.152-03:00  INFO 22468 --- [ecommerce] [scheduling-1] c.d.e.s.SincronizacaoEstoqueService      : [ESTOQUE] Ciclo finalizado. Total de atualizações enviadas: 0
2026-09-04T07:33:00.000-03:00  INFO 22468 --- [ecommerce] [scheduling-1] c.d.e.service.SincronizacaoService       : Lendo VW_ECOMMERCE_PRECOS no banco de dados...
2026-09-04T07:33:00.115-03:00  INFO 22468 --- [ecommerce] [scheduling-1] c.d.e.service.SincronizacaoService       : Ciclo finalizado. Total de atualizações enviadas: 0
2026-09-04T07:33:00.115-03:00  INFO 22468 --- [ecommerce] [scheduling-1] c.d.e.s.SincronizacaoEstoqueService      : [ESTOQUE] Lendo VW_ECOMMERCE_ESTOQUE no banco de dados...
2026-09-04T07:33:00.142-03:00  INFO 22468 --- [ecommerce] [scheduling-1] c.d.e.s.SincronizacaoEstoqueService      : [ESTOQUE] Ciclo finalizado. Total de atualizações enviadas: 0
2026-09-04T07:34:00.000-03:00  INFO 22468 --- [ecommerce] [scheduling-1] c.d.e.service.SincronizacaoService       : Lendo VW_ECOMMERCE_PRECOS no banco de dados...
2026-09-04T07:34:00.051-03:00  INFO 22468 --- [ecommerce] [scheduling-1] c.d.e.service.SincronizacaoService       : Ciclo finalizado. Total de atualizações enviadas: 0
2026-09-04T07:34:00.052-03:00  INFO 22468 --- [ecommerce] [scheduling-1] c.d.e.s.SincronizacaoEstoqueService      : [ESTOQUE] Lendo VW_ECOMMERCE_ESTOQUE no banco de dados...
2026-09-04T07:34:00.085-03:00  INFO 22468 --- [ecommerce] [scheduling-1] c.d.e.s.SincronizacaoEstoqueService      : [ESTOQUE] Ciclo finalizado. Total de atualizações enviadas: 0
2026-09-04T07:35:00.000-03:00  INFO 22468 --- [ecommerce] [scheduling-1] c.d.e.service.SincronizacaoService       : Lendo VW_ECOMMERCE_PRECOS no banco de dados...
2026-09-04T07:35:00.126-03:00  INFO 22468 --- [ecommerce] [scheduling-1] c.d.e.service.SincronizacaoService       : Ciclo finalizado. Total de atualizações enviadas: 0
2026-09-04T07:35:00.126-03:00  INFO 22468 --- [ecommerce] [scheduling-1] c.d.e.s.SincronizacaoEstoqueService      : [ESTOQUE] Lendo VW_ECOMMERCE_ESTOQUE no banco de dados...
2026-09-04T07:35:00.149-03:00  INFO 22468 --- [ecommerce] [scheduling-1] c.d.e.s.SincronizacaoEstoqueService      : [ESTOQUE] Ciclo finalizado. Total de atualizações enviadas: 0
2026-09-04T07:36:00.001-03:00  INFO 22468 --- [ecommerce] [scheduling-1] c.d.e.service.SincronizacaoService       : Lendo VW_ECOMMERCE_PRECOS no banco de dados...
2026-09-04T07:36:00.067-03:00  INFO 22468 --- [ecommerce] [scheduling-1] c.d.e.service.SincronizacaoService       : Ciclo finalizado. Total de atualizações enviadas: 0
2026-09-04T07:36:00.067-03:00  INFO 22468 --- [ecommerce] [scheduling-1] c.d.e.s.SincronizacaoEstoqueService      : [ESTOQUE] Lendo VW_ECOMMERCE_ESTOQUE no banco de dados...
2026-09-04T07:36:00.098-03:00  INFO 22468 --- [ecommerce] [scheduling-1] c.d.e.s.SincronizacaoEstoqueService      : [ESTOQUE] Ciclo finalizado. Total de atualizações enviadas: 0
2026-09-04T07:37:00.000-03:00  INFO 22468 --- [ecommerce] [scheduling-1] c.d.e.service.SincronizacaoService       : Lendo VW_ECOMMERCE_PRECOS no banco de dados...
2026-09-04T07:37:00.087-03:00  INFO 22468 --- [ecommerce] [scheduling-1] c.d.e.service.SincronizacaoService       : Ciclo finalizado. Total de atualizações enviadas: 0
2026-09-04T07:37:00.087-03:00  INFO 22468 --- [ecommerce] [scheduling-1] c.d.e.s.SincronizacaoEstoqueService      : [ESTOQUE] Lendo VW_ECOMMERCE_ESTOQUE no banco de dados...
2026-09-04T07:37:00.110-03:00  INFO 22468 --- [ecommerce] [scheduling-1] c.d.e.s.SincronizacaoEstoqueService      : [ESTOQUE] Ciclo finalizado. Total de atualizações enviadas: 0
2026-09-04T07:38:00.000-03:00  INFO 22468 --- [ecommerce] [scheduling-1] c.d.e.s.SincronizacaoEstoqueService      : [ESTOQUE] Lendo VW_ECOMMERCE_ESTOQUE no banco de dados...
2026-09-04T07:38:00.056-03:00  INFO 22468 --- [ecommerce] [scheduling-1] c.d.e.s.SincronizacaoEstoqueService      : [ESTOQUE] Ciclo finalizado. Total de atualizações enviadas: 0
2026-09-04T07:38:00.056-03:00  INFO 22468 --- [ecommerce] [scheduling-1] c.d.e.service.SincronizacaoService       : Lendo VW_ECOMMERCE_PRECOS no banco de dados...
2026-09-04T07:38:00.198-03:00  INFO 22468 --- [ecommerce] [scheduling-1] c.d.e.service.SincronizacaoService       : Ciclo finalizado. Total de atualizações enviadas: 0
2026-09-04T07:39:00.000-03:00  INFO 22468 --- [ecommerce] [scheduling-1] c.d.e.s.SincronizacaoEstoqueService      : [ESTOQUE] Lendo VW_ECOMMERCE_ESTOQUE no banco de dados...
2026-09-04T07:39:00.105-03:00  INFO 22468 --- [ecommerce] [scheduling-1] c.d.e.s.SincronizacaoEstoqueService      : [ESTOQUE] Ciclo finalizado. Total de atualizações enviadas: 0
2026-09-04T07:39:00.105-03:00  INFO 22468 --- [ecommerce] [scheduling-1] c.d.e.service.SincronizacaoService       : Lendo VW_ECOMMERCE_PRECOS no banco de dados...
2026-09-04T07:39:00.161-03:00  INFO 22468 --- [ecommerce] [scheduling-1] c.d.e.service.SincronizacaoService       : Ciclo finalizado. Total de atualizações enviadas: 0
2026-09-04T07:40:00.000-03:00  INFO 22468 --- [ecommerce] [scheduling-1] c.d.e.service.SincronizacaoService       : Lendo VW_ECOMMERCE_PRECOS no banco de dados...
2026-09-04T07:40:00.104-03:00  INFO 22468 --- [ecommerce] [scheduling-1] c.d.e.service.SincronizacaoService       : Ciclo finalizado. Total de atualizações enviadas: 0
2026-09-04T07:40:00.104-03:00  INFO 22468 --- [ecommerce] [scheduling-1] c.d.e.s.SincronizacaoEstoqueService      : [ESTOQUE] Lendo VW_ECOMMERCE_ESTOQUE no banco de dados...
2026-09-04T07:40:00.126-03:00  INFO 22468 --- [ecommerce] [scheduling-1] c.d.e.s.SincronizacaoEstoqueService      : [ESTOQUE] Ciclo finalizado. Total de atualizações enviadas: 0
2026-09-04T07:41:00.000-03:00  INFO 22468 --- [ecommerce] [scheduling-1] c.d.e.service.SincronizacaoService       : Lendo VW_ECOMMERCE_PRECOS no banco de dados...
2026-09-04T07:41:00.050-03:00  INFO 22468 --- [ecommerce] [scheduling-1] c.d.e.service.SincronizacaoService       : Ciclo finalizado. Total de atualizações enviadas: 0
2026-09-04T07:41:00.050-03:00  INFO 22468 --- [ecommerce] [scheduling-1] c.d.e.s.SincronizacaoEstoqueService      : [ESTOQUE] Lendo VW_ECOMMERCE_ESTOQUE no banco de dados...
2026-09-04T07:41:00.082-03:00  INFO 22468 --- [ecommerce] [scheduling-1] c.d.e.s.SincronizacaoEstoqueService      : [ESTOQUE] Ciclo finalizado. Total de atualizações enviadas: 0
2026-09-04T07:41:59.999-03:00  INFO 22468 --- [ecommerce] [scheduling-1] c.d.e.service.SincronizacaoService       : Lendo VW_ECOMMERCE_PRECOS no banco de dados...
2026-09-04T07:42:00.123-03:00  INFO 22468 --- [ecommerce] [scheduling-1] c.d.e.service.SincronizacaoService       : Ciclo finalizado. Total de atualizações enviadas: 0
2026-09-04T07:42:00.124-03:00  INFO 22468 --- [ecommerce] [scheduling-1] c.d.e.s.SincronizacaoEstoqueService      : [ESTOQUE] Lendo VW_ECOMMERCE_ESTOQUE no banco de dados...
2026-09-04T07:42:00.151-03:00  INFO 22468 --- [ecommerce] [scheduling-1] c.d.e.s.SincronizacaoEstoqueService      : [ESTOQUE] Ciclo finalizado. Total de atualizações enviadas: 0
2026-09-04T07:43:00.000-03:00  INFO 22468 --- [ecommerce] [scheduling-1] c.d.e.s.SincronizacaoEstoqueService      : [ESTOQUE] Lendo VW_ECOMMERCE_ESTOQUE no banco de dados...
2026-09-04T07:43:00.090-03:00  INFO 22468 --- [ecommerce] [scheduling-1] c.d.e.s.SincronizacaoEstoqueService      : [ESTOQUE] Ciclo finalizado. Total de atualizações enviadas: 0
2026-09-04T07:43:00.090-03:00  INFO 22468 --- [ecommerce] [scheduling-1] c.d.e.service.SincronizacaoService       : Lendo VW_ECOMMERCE_PRECOS no banco de dados...
2026-09-04T07:43:00.139-03:00  INFO 22468 --- [ecommerce] [scheduling-1] c.d.e.service.SincronizacaoService       : Ciclo finalizado. Total de atualizações enviadas: 0
2026-09-04T07:44:00.001-03:00  INFO 22468 --- [ecommerce] [scheduling-1] c.d.e.service.SincronizacaoService       : Lendo VW_ECOMMERCE_PRECOS no banco de dados...
2026-09-04T07:44:00.236-03:00  INFO 22468 --- [ecommerce] [scheduling-1] c.d.e.service.SincronizacaoService       : Ciclo finalizado. Total de atualizações enviadas: 0
2026-09-04T07:44:00.236-03:00  INFO 22468 --- [ecommerce] [scheduling-1] c.d.e.s.SincronizacaoEstoqueService      : [ESTOQUE] Lendo VW_ECOMMERCE_ESTOQUE no banco de dados...
2026-09-04T07:44:00.274-03:00  INFO 22468 --- [ecommerce] [scheduling-1] c.d.e.s.SincronizacaoEstoqueService      : [ESTOQUE] Ciclo finalizado. Total de atualizações enviadas: 0
2026-09-04T07:44:59.999-03:00  INFO 22468 --- [ecommerce] [scheduling-1] c.d.e.s.SincronizacaoEstoqueService      : [ESTOQUE] Lendo VW_ECOMMERCE_ESTOQUE no banco de dados...
2026-09-04T07:45:00.074-03:00  INFO 22468 --- [ecommerce] [scheduling-1] c.d.e.s.SincronizacaoEstoqueService      : [ESTOQUE] Ciclo finalizado. Total de atualizações enviadas: 0
2026-09-04T07:45:00.074-03:00  INFO 22468 --- [ecommerce] [scheduling-1] c.d.e.service.SincronizacaoService       : Lendo VW_ECOMMERCE_PRECOS no banco de dados...
2026-09-04T07:45:00.154-03:00  INFO 22468 --- [ecommerce] [scheduling-1] c.d.e.service.SincronizacaoService       : Ciclo finalizado. Total de atualizações enviadas: 0
2026-09-04T07:46:00.000-03:00  INFO 22468 --- [ecommerce] [scheduling-1] c.d.e.service.SincronizacaoService       : Lendo VW_ECOMMERCE_PRECOS no banco de dados...
2026-09-04T07:46:00.055-03:00  INFO 22468 --- [ecommerce] [scheduling-1] c.d.e.service.SincronizacaoService       : Ciclo finalizado. Total de atualizações enviadas: 0
2026-09-04T07:46:00.055-03:00  INFO 22468 --- [ecommerce] [scheduling-1] c.d.e.s.SincronizacaoEstoqueService      : [ESTOQUE] Lendo VW_ECOMMERCE_ESTOQUE no banco de dados...
2026-09-04T07:46:00.088-03:00  INFO 22468 --- [ecommerce] [scheduling-1] c.d.e.s.SincronizacaoEstoqueService      : [ESTOQUE] Ciclo finalizado. Total de atualizações enviadas: 0
2026-09-04T07:47:00.000-03:00  INFO 22468 --- [ecommerce] [scheduling-1] c.d.e.service.SincronizacaoService       : Lendo VW_ECOMMERCE_PRECOS no banco de dados...
2026-09-04T07:47:00.136-03:00  INFO 22468 --- [ecommerce] [scheduling-1] c.d.e.service.SincronizacaoService       : Ciclo finalizado. Total de atualizações enviadas: 0
2026-09-04T07:47:00.136-03:00  INFO 22468 --- [ecommerce] [scheduling-1] c.d.e.s.SincronizacaoEstoqueService      : [ESTOQUE] Lendo VW_ECOMMERCE_ESTOQUE no banco de dados...
2026-09-04T07:47:00.162-03:00  INFO 22468 --- [ecommerce] [scheduling-1] c.d.e.s.SincronizacaoEstoqueService      : [ESTOQUE] Ciclo finalizado. Total de atualizações enviadas: 0
2026-09-04T07:48:00.002-03:00  INFO 22468 --- [ecommerce] [scheduling-1] c.d.e.service.SincronizacaoService       : Lendo VW_ECOMMERCE_PRECOS no banco de dados...
2026-09-04T07:48:00.143-03:00  INFO 22468 --- [ecommerce] [scheduling-1] c.d.e.service.SincronizacaoService       : Ciclo finalizado. Total de atualizações enviadas: 0
2026-09-04T07:48:00.143-03:00  INFO 22468 --- [ecommerce] [scheduling-1] c.d.e.s.SincronizacaoEstoqueService      : [ESTOQUE] Lendo VW_ECOMMERCE_ESTOQUE no banco de dados...
2026-09-04T07:48:00.164-03:00  INFO 22468 --- [ecommerce] [scheduling-1] c.d.e.s.SincronizacaoEstoqueService      : [ESTOQUE] Ciclo finalizado. Total de atualizações enviadas: 0
2026-09-04T07:49:00.001-03:00  INFO 22468 --- [ecommerce] [scheduling-1] c.d.e.s.SincronizacaoEstoqueService      : [ESTOQUE] Lendo VW_ECOMMERCE_ESTOQUE no banco de dados...
2026-09-04T07:49:00.033-03:00  INFO 22468 --- [ecommerce] [scheduling-1] c.d.e.s.SincronizacaoEstoqueService      : [ESTOQUE] Ciclo finalizado. Total de atualizações enviadas: 0
2026-09-04T07:49:00.033-03:00  INFO 22468 --- [ecommerce] [scheduling-1] c.d.e.service.SincronizacaoService       : Lendo VW_ECOMMERCE_PRECOS no banco de dados...
2026-09-04T07:49:00.081-03:00  INFO 22468 --- [ecommerce] [scheduling-1] c.d.e.service.SincronizacaoService       : Ciclo finalizado. Total de atualizações enviadas: 0
2026-09-04T07:50:00.000-03:00  INFO 22468 --- [ecommerce] [scheduling-1] c.d.e.s.SincronizacaoEstoqueService      : [ESTOQUE] Lendo VW_ECOMMERCE_ESTOQUE no banco de dados...
2026-09-04T07:50:00.064-03:00  INFO 22468 --- [ecommerce] [scheduling-1] c.d.e.s.SincronizacaoEstoqueService      : [ESTOQUE] Ciclo finalizado. Total de atualizações enviadas: 0
2026-09-04T07:50:00.065-03:00  INFO 22468 --- [ecommerce] [scheduling-1] c.d.e.service.SincronizacaoService       : Lendo VW_ECOMMERCE_PRECOS no banco de dados...
2026-09-04T07:50:00.203-03:00  INFO 22468 --- [ecommerce] [scheduling-1] c.d.e.service.SincronizacaoService       : Ciclo finalizado. Total de atualizações enviadas: 0
2026-09-04T07:51:00.000-03:00  INFO 22468 --- [ecommerce] [scheduling-1] c.d.e.service.SincronizacaoService       : Lendo VW_ECOMMERCE_PRECOS no banco de dados...
2026-09-04T07:51:00.097-03:00  INFO 22468 --- [ecommerce] [scheduling-1] c.d.e.service.SincronizacaoService       : Ciclo finalizado. Total de atualizações enviadas: 0
2026-09-04T07:51:00.097-03:00  INFO 22468 --- [ecommerce] [scheduling-1] c.d.e.s.SincronizacaoEstoqueService      : [ESTOQUE] Lendo VW_ECOMMERCE_ESTOQUE no banco de dados...
2026-09-04T07:51:00.119-03:00  INFO 22468 --- [ecommerce] [scheduling-1] c.d.e.s.SincronizacaoEstoqueService      : [ESTOQUE] Ciclo finalizado. Total de atualizações enviadas: 0
2026-09-04T07:52:00.000-03:00  INFO 22468 --- [ecommerce] [scheduling-1] c.d.e.s.SincronizacaoEstoqueService      : [ESTOQUE] Lendo VW_ECOMMERCE_ESTOQUE no banco de dados...
2026-09-04T07:52:00.050-03:00  INFO 22468 --- [ecommerce] [scheduling-1] c.d.e.s.SincronizacaoEstoqueService      : [ESTOQUE] Ciclo finalizado. Total de atualizações enviadas: 0
2026-09-04T07:52:00.051-03:00  INFO 22468 --- [ecommerce] [scheduling-1] c.d.e.service.SincronizacaoService       : Lendo VW_ECOMMERCE_PRECOS no banco de dados...
2026-09-04T07:52:00.195-03:00  INFO 22468 --- [ecommerce] [scheduling-1] c.d.e.service.SincronizacaoService       : Ciclo finalizado. Total de atualizações enviadas: 0
2026-09-04T07:53:00.000-03:00  INFO 22468 --- [ecommerce] [scheduling-1] c.d.e.s.SincronizacaoEstoqueService      : [ESTOQUE] Lendo VW_ECOMMERCE_ESTOQUE no banco de dados...
2026-09-04T07:53:00.046-03:00  INFO 22468 --- [ecommerce] [scheduling-1] c.d.e.s.SincronizacaoEstoqueService      : [ESTOQUE] Ciclo finalizado. Total de atualizações enviadas: 0
2026-09-04T07:53:00.046-03:00  INFO 22468 --- [ecommerce] [scheduling-1] c.d.e.service.SincronizacaoService       : Lendo VW_ECOMMERCE_PRECOS no banco de dados...
2026-09-04T07:53:00.091-03:00  INFO 22468 --- [ecommerce] [scheduling-1] c.d.e.service.SincronizacaoService       : Ciclo finalizado. Total de atualizações enviadas: 0
2026-09-04T07:54:00.000-03:00  INFO 22468 --- [ecommerce] [scheduling-1] c.d.e.service.SincronizacaoService       : Lendo VW_ECOMMERCE_PRECOS no banco de dados...
2026-09-04T07:54:00.082-03:00  INFO 22468 --- [ecommerce] [scheduling-1] c.d.e.service.SincronizacaoService       : Ciclo finalizado. Total de atualizações enviadas: 0
2026-09-04T07:54:00.082-03:00  INFO 22468 --- [ecommerce] [scheduling-1] c.d.e.s.SincronizacaoEstoqueService      : [ESTOQUE] Lendo VW_ECOMMERCE_ESTOQUE no banco de dados...
2026-09-04T07:54:00.110-03:00  INFO 22468 --- [ecommerce] [scheduling-1] c.d.e.s.SincronizacaoEstoqueService      : [ESTOQUE] Ciclo finalizado. Total de atualizações enviadas: 0
2026-09-04T07:54:59.999-03:00  INFO 22468 --- [ecommerce] [scheduling-1] c.d.e.s.SincronizacaoEstoqueService      : [ESTOQUE] Lendo VW_ECOMMERCE_ESTOQUE no banco de dados...
2026-09-04T07:55:00.047-03:00  INFO 22468 --- [ecommerce] [scheduling-1] c.d.e.s.SincronizacaoEstoqueService      : [ESTOQUE] Ciclo finalizado. Total de atualizações enviadas: 0
2026-09-04T07:55:00.048-03:00  INFO 22468 --- [ecommerce] [scheduling-1] c.d.e.service.SincronizacaoService       : Lendo VW_ECOMMERCE_PRECOS no banco de dados...
2026-09-04T07:55:00.095-03:00  INFO 22468 --- [ecommerce] [scheduling-1] c.d.e.service.SincronizacaoService       : Ciclo finalizado. Total de atualizações enviadas: 0
2026-09-04T07:55:59.999-03:00  INFO 22468 --- [ecommerce] [scheduling-1] c.d.e.s.SincronizacaoEstoqueService      : [ESTOQUE] Lendo VW_ECOMMERCE_ESTOQUE no banco de dados...
2026-09-04T07:56:00.041-03:00  INFO 22468 --- [ecommerce] [scheduling-1] c.d.e.s.SincronizacaoEstoqueService      : [ESTOQUE] Ciclo finalizado. Total de atualizações enviadas: 0
2026-09-04T07:56:00.041-03:00  INFO 22468 --- [ecommerce] [scheduling-1] c.d.e.service.SincronizacaoService       : Lendo VW_ECOMMERCE_PRECOS no banco de dados...
2026-09-04T07:56:00.267-03:00  INFO 22468 --- [ecommerce] [scheduling-1] c.d.e.service.SincronizacaoService       : Ciclo finalizado. Total de atualizações enviadas: 0
2026-09-04T07:57:00.000-03:00  INFO 22468 --- [ecommerce] [scheduling-1] c.d.e.service.SincronizacaoService       : Lendo VW_ECOMMERCE_PRECOS no banco de dados...
2026-09-04T07:57:00.352-03:00  INFO 22468 --- [ecommerce] [scheduling-1] c.d.e.service.SincronizacaoService       : Ciclo finalizado. Total de atualizações enviadas: 0
2026-09-04T07:57:00.352-03:00  INFO 22468 --- [ecommerce] [scheduling-1] c.d.e.s.SincronizacaoEstoqueService      : [ESTOQUE] Lendo VW_ECOMMERCE_ESTOQUE no banco de dados...
2026-09-04T07:57:00.384-03:00  INFO 22468 --- [ecommerce] [scheduling-1] c.d.e.s.SincronizacaoEstoqueService      : [ESTOQUE] Ciclo finalizado. Total de atualizações enviadas: 0
2026-09-04T07:58:00.000-03:00  INFO 22468 --- [ecommerce] [scheduling-1] c.d.e.s.SincronizacaoEstoqueService      : [ESTOQUE] Lendo VW_ECOMMERCE_ESTOQUE no banco de dados...
2026-09-04T07:58:00.046-03:00  INFO 22468 --- [ecommerce] [scheduling-1] c.d.e.s.SincronizacaoEstoqueService      : [ESTOQUE] Ciclo finalizado. Total de atualizações enviadas: 0
2026-09-04T07:58:00.046-03:00  INFO 22468 --- [ecommerce] [scheduling-1] c.d.e.service.SincronizacaoService       : Lendo VW_ECOMMERCE_PRECOS no banco de dados...
2026-09-04T07:58:00.112-03:00  INFO 22468 --- [ecommerce] [scheduling-1] c.d.e.service.SincronizacaoService       : Ciclo finalizado. Total de atualizações enviadas: 0
2026-09-04T07:59:00.000-03:00  INFO 22468 --- [ecommerce] [scheduling-1] c.d.e.s.SincronizacaoEstoqueService      : [ESTOQUE] Lendo VW_ECOMMERCE_ESTOQUE no banco de dados...
2026-09-04T07:59:00.092-03:00  INFO 22468 --- [ecommerce] [scheduling-1] c.d.e.s.SincronizacaoEstoqueService      : [ESTOQUE] Ciclo finalizado. Total de atualizações enviadas: 0
2026-09-04T07:59:00.092-03:00  INFO 22468 --- [ecommerce] [scheduling-1] c.d.e.service.SincronizacaoService       : Lendo VW_ECOMMERCE_PRECOS no banco de dados...
2026-09-04T07:59:00.217-03:00  INFO 22468 --- [ecommerce] [scheduling-1] c.d.e.service.SincronizacaoService       : Ciclo finalizado. Total de atualizações enviadas: 0
2026-09-04T08:00:00.001-03:00  INFO 22468 --- [ecommerce] [scheduling-1] c.d.e.service.SincronizacaoService       : Lendo VW_ECOMMERCE_PRECOS no banco de dados...
2026-09-04T08:00:00.115-03:00  INFO 22468 --- [ecommerce] [scheduling-1] c.d.e.service.SincronizacaoService       : Ciclo finalizado. Total de atualizações enviadas: 0
2026-09-04T08:00:00.116-03:00  INFO 22468 --- [ecommerce] [scheduling-1] c.d.e.s.SincronizacaoEstoqueService      : [ESTOQUE] Lendo VW_ECOMMERCE_ESTOQUE no banco de dados...
2026-09-04T08:00:00.139-03:00  INFO 22468 --- [ecommerce] [scheduling-1] c.d.e.s.SincronizacaoEstoqueService      : [ESTOQUE] Ciclo finalizado. Total de atualizações enviadas: 0
2026-09-04T08:01:00.000-03:00  INFO 22468 --- [ecommerce] [scheduling-1] c.d.e.service.SincronizacaoService       : Lendo VW_ECOMMERCE_PRECOS no banco de dados...
2026-09-04T08:01:00.145-03:00  INFO 22468 --- [ecommerce] [scheduling-1] c.d.e.service.SincronizacaoService       : Ciclo finalizado. Total de atualizações enviadas: 0
2026-09-04T08:01:00.146-03:00  INFO 22468 --- [ecommerce] [scheduling-1] c.d.e.s.SincronizacaoEstoqueService      : [ESTOQUE] Lendo VW_ECOMMERCE_ESTOQUE no banco de dados...
2026-09-04T08:01:00.171-03:00  INFO 22468 --- [ecommerce] [scheduling-1] c.d.e.s.SincronizacaoEstoqueService      : [ESTOQUE] Ciclo finalizado. Total de atualizações enviadas: 0
2026-09-04T08:01:59.999-03:00  INFO 22468 --- [ecommerce] [scheduling-1] c.d.e.service.SincronizacaoService       : Lendo VW_ECOMMERCE_PRECOS no banco de dados...
2026-09-04T08:02:00.086-03:00  INFO 22468 --- [ecommerce] [scheduling-1] c.d.e.service.SincronizacaoService       : Ciclo finalizado. Total de atualizações enviadas: 0
2026-09-04T08:02:00.086-03:00  INFO 22468 --- [ecommerce] [scheduling-1] c.d.e.s.SincronizacaoEstoqueService      : [ESTOQUE] Lendo VW_ECOMMERCE_ESTOQUE no banco de dados...
2026-09-04T08:02:00.111-03:00  INFO 22468 --- [ecommerce] [scheduling-1] c.d.e.s.SincronizacaoEstoqueService      : [ESTOQUE] Ciclo finalizado. Total de atualizações enviadas: 0
2026-09-04T08:03:00.000-03:00  INFO 22468 --- [ecommerce] [scheduling-1] c.d.e.s.SincronizacaoEstoqueService      : [ESTOQUE] Lendo VW_ECOMMERCE_ESTOQUE no banco de dados...
2026-09-04T08:03:00.081-03:00  INFO 22468 --- [ecommerce] [scheduling-1] c.d.e.s.SincronizacaoEstoqueService      : [ESTOQUE] Ciclo finalizado. Total de atualizações enviadas: 0
2026-09-04T08:03:00.082-03:00  INFO 22468 --- [ecommerce] [scheduling-1] c.d.e.service.SincronizacaoService       : Lendo VW_ECOMMERCE_PRECOS no banco de dados...
2026-09-04T08:03:00.262-03:00  INFO 22468 --- [ecommerce] [scheduling-1] c.d.e.service.SincronizacaoService       : Ciclo finalizado. Total de atualizações enviadas: 0
2026-09-04T08:03:59.999-03:00  INFO 22468 --- [ecommerce] [scheduling-1] c.d.e.service.SincronizacaoService       : Lendo VW_ECOMMERCE_PRECOS no banco de dados...
2026-09-04T08:04:00.062-03:00  INFO 22468 --- [ecommerce] [scheduling-1] c.d.e.service.SincronizacaoService       : Ciclo finalizado. Total de atualizações enviadas: 0
2026-09-04T08:04:00.062-03:00  INFO 22468 --- [ecommerce] [scheduling-1] c.d.e.s.SincronizacaoEstoqueService      : [ESTOQUE] Lendo VW_ECOMMERCE_ESTOQUE no banco de dados...
2026-09-04T08:04:00.094-03:00  INFO 22468 --- [ecommerce] [scheduling-1] c.d.e.s.SincronizacaoEstoqueService      : [ESTOQUE] Ciclo finalizado. Total de atualizações enviadas: 0
2026-09-04T08:05:00.000-03:00  INFO 22468 --- [ecommerce] [scheduling-1] c.d.e.service.SincronizacaoService       : Lendo VW_ECOMMERCE_PRECOS no banco de dados...
2026-09-04T08:05:00.119-03:00  INFO 22468 --- [ecommerce] [scheduling-1] c.d.e.service.SincronizacaoService       : Ciclo finalizado. Total de atualizações enviadas: 0
2026-09-04T08:05:00.119-03:00  INFO 22468 --- [ecommerce] [scheduling-1] c.d.e.s.SincronizacaoEstoqueService      : [ESTOQUE] Lendo VW_ECOMMERCE_ESTOQUE no banco de dados...
2026-09-04T08:05:00.140-03:00  INFO 22468 --- [ecommerce] [scheduling-1] c.d.e.s.SincronizacaoEstoqueService      : [ESTOQUE] Ciclo finalizado. Total de atualizações enviadas: 0
2026-09-04T08:06:00.000-03:00  INFO 22468 --- [ecommerce] [scheduling-1] c.d.e.s.SincronizacaoEstoqueService      : [ESTOQUE] Lendo VW_ECOMMERCE_ESTOQUE no banco de dados...
2026-09-04T08:06:00.092-03:00  INFO 22468 --- [ecommerce] [scheduling-1] c.d.e.s.SincronizacaoEstoqueService      : [ESTOQUE] Ciclo finalizado. Total de atualizações enviadas: 0
2026-09-04T08:06:00.092-03:00  INFO 22468 --- [ecommerce] [scheduling-1] c.d.e.service.SincronizacaoService       : Lendo VW_ECOMMERCE_PRECOS no banco de dados...
2026-09-04T08:06:00.161-03:00  INFO 22468 --- [ecommerce] [scheduling-1] c.d.e.service.SincronizacaoService       : Ciclo finalizado. Total de atualizações enviadas: 0
2026-09-04T08:07:00.000-03:00  INFO 22468 --- [ecommerce] [scheduling-1] c.d.e.s.SincronizacaoEstoqueService      : [ESTOQUE] Lendo VW_ECOMMERCE_ESTOQUE no banco de dados...
2026-09-04T08:07:00.073-03:00  INFO 22468 --- [ecommerce] [scheduling-1] c.d.e.s.SincronizacaoEstoqueService      : [ESTOQUE] Ciclo finalizado. Total de atualizações enviadas: 0
2026-09-04T08:07:00.073-03:00  INFO 22468 --- [ecommerce] [scheduling-1] c.d.e.service.SincronizacaoService       : Lendo VW_ECOMMERCE_PRECOS no banco de dados...
2026-09-04T08:07:00.121-03:00  INFO 22468 --- [ecommerce] [scheduling-1] c.d.e.service.SincronizacaoService       : Ciclo finalizado. Total de atualizações enviadas: 0
2026-09-04T08:08:00.000-03:00  INFO 22468 --- [ecommerce] [scheduling-1] c.d.e.s.SincronizacaoEstoqueService      : [ESTOQUE] Lendo VW_ECOMMERCE_ESTOQUE no banco de dados...
2026-09-04T08:08:00.111-03:00  INFO 22468 --- [ecommerce] [scheduling-1] c.d.e.s.SincronizacaoEstoqueService      : [ESTOQUE] Ciclo finalizado. Total de atualizações enviadas: 0
2026-09-04T08:08:00.112-03:00  INFO 22468 --- [ecommerce] [scheduling-1] c.d.e.service.SincronizacaoService       : Lendo VW_ECOMMERCE_PRECOS no banco de dados...
2026-09-04T08:08:00.162-03:00  INFO 22468 --- [ecommerce] [scheduling-1] c.d.e.service.SincronizacaoService       : Ciclo finalizado. Total de atualizações enviadas: 0
2026-09-04T08:09:00.001-03:00  INFO 22468 --- [ecommerce] [scheduling-1] c.d.e.s.SincronizacaoEstoqueService      : [ESTOQUE] Lendo VW_ECOMMERCE_ESTOQUE no banco de dados...
2026-09-04T08:09:00.068-03:00  INFO 22468 --- [ecommerce] [scheduling-1] c.d.e.s.SincronizacaoEstoqueService      : [ESTOQUE] Ciclo finalizado. Total de atualizações enviadas: 0
2026-09-04T08:09:00.068-03:00  INFO 22468 --- [ecommerce] [scheduling-1] c.d.e.service.SincronizacaoService       : Lendo VW_ECOMMERCE_PRECOS no banco de dados...
2026-09-04T08:09:00.115-03:00  INFO 22468 --- [ecommerce] [scheduling-1] c.d.e.service.SincronizacaoService       : Ciclo finalizado. Total de atualizações enviadas: 0
2026-09-04T08:10:00.000-03:00  INFO 22468 --- [ecommerce] [scheduling-1] c.d.e.s.SincronizacaoEstoqueService      : [ESTOQUE] Lendo VW_ECOMMERCE_ESTOQUE no banco de dados...
2026-09-04T08:10:00.057-03:00  INFO 22468 --- [ecommerce] [scheduling-1] c.d.e.s.SincronizacaoEstoqueService      : [ESTOQUE] Ciclo finalizado. Total de atualizações enviadas: 0
2026-09-04T08:10:00.057-03:00  INFO 22468 --- [ecommerce] [scheduling-1] c.d.e.service.SincronizacaoService       : Lendo VW_ECOMMERCE_PRECOS no banco de dados...
2026-09-04T08:10:00.107-03:00  INFO 22468 --- [ecommerce] [scheduling-1] c.d.e.service.SincronizacaoService       : Ciclo finalizado. Total de atualizações enviadas: 0
2026-09-04T08:11:00.000-03:00  INFO 22468 --- [ecommerce] [scheduling-1] c.d.e.s.SincronizacaoEstoqueService      : [ESTOQUE] Lendo VW_ECOMMERCE_ESTOQUE no banco de dados...
2026-09-04T08:11:00.035-03:00  INFO 22468 --- [ecommerce] [scheduling-1] c.d.e.s.SincronizacaoEstoqueService      : [ESTOQUE] Ciclo finalizado. Total de atualizações enviadas: 0
2026-09-04T08:11:00.035-03:00  INFO 22468 --- [ecommerce] [scheduling-1] c.d.e.service.SincronizacaoService       : Lendo VW_ECOMMERCE_PRECOS no banco de dados...
2026-09-04T08:11:00.178-03:00  INFO 22468 --- [ecommerce] [scheduling-1] c.d.e.service.SincronizacaoService       : Ciclo finalizado. Total de atualizações enviadas: 0
2026-09-04T08:12:00.000-03:00  INFO 22468 --- [ecommerce] [scheduling-1] c.d.e.s.SincronizacaoEstoqueService      : [ESTOQUE] Lendo VW_ECOMMERCE_ESTOQUE no banco de dados...
2026-09-04T08:12:00.057-03:00  INFO 22468 --- [ecommerce] [scheduling-1] c.d.e.s.SincronizacaoEstoqueService      : [ESTOQUE] Ciclo finalizado. Total de atualizações enviadas: 0
2026-09-04T08:12:00.057-03:00  INFO 22468 --- [ecommerce] [scheduling-1] c.d.e.service.SincronizacaoService       : Lendo VW_ECOMMERCE_PRECOS no banco de dados...
2026-09-04T08:12:00.174-03:00  INFO 22468 --- [ecommerce] [scheduling-1] c.d.e.service.SincronizacaoService       : Ciclo finalizado. Total de atualizações enviadas: 0
2026-09-04T08:13:00.000-03:00  INFO 22468 --- [ecommerce] [scheduling-1] c.d.e.s.SincronizacaoEstoqueService      : [ESTOQUE] Lendo VW_ECOMMERCE_ESTOQUE no banco de dados...
2026-09-04T08:13:00.081-03:00  INFO 22468 --- [ecommerce] [scheduling-1] c.d.e.s.SincronizacaoEstoqueService      : [ESTOQUE] Ciclo finalizado. Total de atualizações enviadas: 0
2026-09-04T08:13:00.081-03:00  INFO 22468 --- [ecommerce] [scheduling-1] c.d.e.service.SincronizacaoService       : Lendo VW_ECOMMERCE_PRECOS no banco de dados...
2026-09-04T08:13:00.175-03:00  INFO 22468 --- [ecommerce] [scheduling-1] c.d.e.service.SincronizacaoService       : Ciclo finalizado. Total de atualizações enviadas: 0
2026-09-04T08:14:00.001-03:00  INFO 22468 --- [ecommerce] [scheduling-1] c.d.e.s.SincronizacaoEstoqueService      : [ESTOQUE] Lendo VW_ECOMMERCE_ESTOQUE no banco de dados...
2026-09-04T08:14:00.057-03:00  INFO 22468 --- [ecommerce] [scheduling-1] c.d.e.s.SincronizacaoEstoqueService      : [ESTOQUE] Ciclo finalizado. Total de atualizações enviadas: 0
2026-09-04T08:14:00.057-03:00  INFO 22468 --- [ecommerce] [scheduling-1] c.d.e.service.SincronizacaoService       : Lendo VW_ECOMMERCE_PRECOS no banco de dados...
2026-09-04T08:14:00.141-03:00  INFO 22468 --- [ecommerce] [scheduling-1] c.d.e.service.SincronizacaoService       : Ciclo finalizado. Total de atualizações enviadas: 0
2026-09-04T08:15:00.001-03:00  INFO 22468 --- [ecommerce] [scheduling-1] c.d.e.service.SincronizacaoService       : Lendo VW_ECOMMERCE_PRECOS no banco de dados...
2026-09-04T08:15:00.166-03:00  INFO 22468 --- [ecommerce] [scheduling-1] c.d.e.service.SincronizacaoService       : Ciclo finalizado. Total de atualizações enviadas: 0
2026-09-04T08:15:00.167-03:00  INFO 22468 --- [ecommerce] [scheduling-1] c.d.e.s.SincronizacaoEstoqueService      : [ESTOQUE] Lendo VW_ECOMMERCE_ESTOQUE no banco de dados...
2026-09-04T08:15:00.195-03:00  INFO 22468 --- [ecommerce] [scheduling-1] c.d.e.s.SincronizacaoEstoqueService      : [ESTOQUE] Ciclo finalizado. Total de atualizações enviadas: 0
2026-09-04T08:16:00.000-03:00  INFO 22468 --- [ecommerce] [scheduling-1] c.d.e.service.SincronizacaoService       : Lendo VW_ECOMMERCE_PRECOS no banco de dados...
2026-09-04T08:16:00.210-03:00  INFO 22468 --- [ecommerce] [scheduling-1] c.d.e.service.SincronizacaoService       : Ciclo finalizado. Total de atualizações enviadas: 0
2026-09-04T08:16:00.210-03:00  INFO 22468 --- [ecommerce] [scheduling-1] c.d.e.s.SincronizacaoEstoqueService      : [ESTOQUE] Lendo VW_ECOMMERCE_ESTOQUE no banco de dados...
2026-09-04T08:16:00.236-03:00  INFO 22468 --- [ecommerce] [scheduling-1] c.d.e.s.SincronizacaoEstoqueService      : [ESTOQUE] Ciclo finalizado. Total de atualizações enviadas: 0
2026-09-04T08:17:00.000-03:00  INFO 22468 --- [ecommerce] [scheduling-1] c.d.e.s.SincronizacaoEstoqueService      : [ESTOQUE] Lendo VW_ECOMMERCE_ESTOQUE no banco de dados...
2026-09-04T08:17:00.027-03:00  INFO 22468 --- [ecommerce] [scheduling-1] c.d.e.s.SincronizacaoEstoqueService      : [ESTOQUE] Ciclo finalizado. Total de atualizações enviadas: 0
2026-09-04T08:17:00.027-03:00  INFO 22468 --- [ecommerce] [scheduling-1] c.d.e.service.SincronizacaoService       : Lendo VW_ECOMMERCE_PRECOS no banco de dados...
2026-09-04T08:17:00.078-03:00  INFO 22468 --- [ecommerce] [scheduling-1] c.d.e.service.SincronizacaoService       : Ciclo finalizado. Total de atualizações enviadas: 0
2026-09-04T08:18:00.000-03:00  INFO 22468 --- [ecommerce] [scheduling-1] c.d.e.s.SincronizacaoEstoqueService      : [ESTOQUE] Lendo VW_ECOMMERCE_ESTOQUE no banco de dados...
2026-09-04T08:18:00.057-03:00  INFO 22468 --- [ecommerce] [scheduling-1] c.d.e.s.SincronizacaoEstoqueService      : [ESTOQUE] Ciclo finalizado. Total de atualizações enviadas: 0
2026-09-04T08:18:00.057-03:00  INFO 22468 --- [ecommerce] [scheduling-1] c.d.e.service.SincronizacaoService       : Lendo VW_ECOMMERCE_PRECOS no banco de dados...
2026-09-04T08:18:00.204-03:00  INFO 22468 --- [ecommerce] [scheduling-1] c.d.e.service.SincronizacaoService       : Ciclo finalizado. Total de atualizações enviadas: 0
2026-09-04T08:19:00.000-03:00  INFO 22468 --- [ecommerce] [scheduling-1] c.d.e.service.SincronizacaoService       : Lendo VW_ECOMMERCE_PRECOS no banco de dados...
2026-09-04T08:19:00.389-03:00  INFO 22468 --- [ecommerce] [scheduling-1] c.d.e.service.SincronizacaoService       : Ciclo finalizado. Total de atualizações enviadas: 0
2026-09-04T08:19:00.389-03:00  INFO 22468 --- [ecommerce] [scheduling-1] c.d.e.s.SincronizacaoEstoqueService      : [ESTOQUE] Lendo VW_ECOMMERCE_ESTOQUE no banco de dados...
2026-09-04T08:19:00.428-03:00  INFO 22468 --- [ecommerce] [scheduling-1] c.d.e.s.SincronizacaoEstoqueService      : [ESTOQUE] Ciclo finalizado. Total de atualizações enviadas: 0
2026-09-04T08:20:00.001-03:00  INFO 22468 --- [ecommerce] [scheduling-1] c.d.e.s.SincronizacaoEstoqueService      : [ESTOQUE] Lendo VW_ECOMMERCE_ESTOQUE no banco de dados...
2026-09-04T08:20:00.042-03:00  INFO 22468 --- [ecommerce] [scheduling-1] c.d.e.s.SincronizacaoEstoqueService      : [ESTOQUE] Ciclo finalizado. Total de atualizações enviadas: 0
2026-09-04T08:20:00.042-03:00  INFO 22468 --- [ecommerce] [scheduling-1] c.d.e.service.SincronizacaoService       : Lendo VW_ECOMMERCE_PRECOS no banco de dados...
2026-09-04T08:20:00.193-03:00  INFO 22468 --- [ecommerce] [scheduling-1] c.d.e.service.SincronizacaoService       : Ciclo finalizado. Total de atualizações enviadas: 0
2026-09-04T08:21:00.000-03:00  INFO 22468 --- [ecommerce] [scheduling-1] c.d.e.service.SincronizacaoService       : Lendo VW_ECOMMERCE_PRECOS no banco de dados...
2026-09-04T08:21:00.272-03:00  INFO 22468 --- [ecommerce] [scheduling-1] c.d.e.service.SincronizacaoService       : Ciclo finalizado. Total de atualizações enviadas: 0
2026-09-04T08:21:00.272-03:00  INFO 22468 --- [ecommerce] [scheduling-1] c.d.e.s.SincronizacaoEstoqueService      : [ESTOQUE] Lendo VW_ECOMMERCE_ESTOQUE no banco de dados...
2026-09-04T08:21:00.331-03:00  INFO 22468 --- [ecommerce] [scheduling-1] c.d.e.s.SincronizacaoEstoqueService      : [ESTOQUE] Ciclo finalizado. Total de atualizações enviadas: 0
2026-09-04T08:22:00.001-03:00  INFO 22468 --- [ecommerce] [scheduling-1] c.d.e.service.SincronizacaoService       : Lendo VW_ECOMMERCE_PRECOS no banco de dados...
2026-09-04T08:22:00.236-03:00  INFO 22468 --- [ecommerce] [scheduling-1] c.d.e.service.SincronizacaoService       : Ciclo finalizado. Total de atualizações enviadas: 0
2026-09-04T08:22:00.237-03:00  INFO 22468 --- [ecommerce] [scheduling-1] c.d.e.s.SincronizacaoEstoqueService      : [ESTOQUE] Lendo VW_ECOMMERCE_ESTOQUE no banco de dados...
2026-09-04T08:22:00.271-03:00  INFO 22468 --- [ecommerce] [scheduling-1] c.d.e.s.SincronizacaoEstoqueService      : [ESTOQUE] Ciclo finalizado. Total de atualizações enviadas: 0
2026-09-04T08:22:59.999-03:00  INFO 22468 --- [ecommerce] [scheduling-1] c.d.e.service.SincronizacaoService       : Lendo VW_ECOMMERCE_PRECOS no banco de dados...
2026-09-04T08:23:00.125-03:00  INFO 22468 --- [ecommerce] [scheduling-1] c.d.e.service.SincronizacaoService       : Ciclo finalizado. Total de atualizações enviadas: 0
2026-09-04T08:23:00.126-03:00  INFO 22468 --- [ecommerce] [scheduling-1] c.d.e.s.SincronizacaoEstoqueService      : [ESTOQUE] Lendo VW_ECOMMERCE_ESTOQUE no banco de dados...
2026-09-04T08:23:00.154-03:00  INFO 22468 --- [ecommerce] [scheduling-1] c.d.e.s.SincronizacaoEstoqueService      : [ESTOQUE] Ciclo finalizado. Total de atualizações enviadas: 0
2026-09-04T08:24:00.000-03:00  INFO 22468 --- [ecommerce] [scheduling-1] c.d.e.s.SincronizacaoEstoqueService      : [ESTOQUE] Lendo VW_ECOMMERCE_ESTOQUE no banco de dados...
2026-09-04T08:24:00.036-03:00  INFO 22468 --- [ecommerce] [scheduling-1] c.d.e.s.SincronizacaoEstoqueService      : [ESTOQUE] Ciclo finalizado. Total de atualizações enviadas: 0
2026-09-04T08:24:00.036-03:00  INFO 22468 --- [ecommerce] [scheduling-1] c.d.e.service.SincronizacaoService       : Lendo VW_ECOMMERCE_PRECOS no banco de dados...
2026-09-04T08:24:00.141-03:00  INFO 22468 --- [ecommerce] [scheduling-1] c.d.e.service.SincronizacaoService       : Ciclo finalizado. Total de atualizações enviadas: 0
2026-09-04T08:25:00.000-03:00  INFO 22468 --- [ecommerce] [scheduling-1] c.d.e.s.SincronizacaoEstoqueService      : [ESTOQUE] Lendo VW_ECOMMERCE_ESTOQUE no banco de dados...
2026-09-04T08:25:00.062-03:00  INFO 22468 --- [ecommerce] [scheduling-1] c.d.e.s.SincronizacaoEstoqueService      : [ESTOQUE] Ciclo finalizado. Total de atualizações enviadas: 0
2026-09-04T08:25:00.062-03:00  INFO 22468 --- [ecommerce] [scheduling-1] c.d.e.service.SincronizacaoService       : Lendo VW_ECOMMERCE_PRECOS no banco de dados...
2026-09-04T08:25:00.213-03:00  INFO 22468 --- [ecommerce] [scheduling-1] c.d.e.service.SincronizacaoService       : Ciclo finalizado. Total de atualizações enviadas: 0
2026-09-04T08:26:00.000-03:00  INFO 22468 --- [ecommerce] [scheduling-1] c.d.e.s.SincronizacaoEstoqueService      : [ESTOQUE] Lendo VW_ECOMMERCE_ESTOQUE no banco de dados...
2026-09-04T08:26:00.061-03:00  INFO 22468 --- [ecommerce] [scheduling-1] c.d.e.s.SincronizacaoEstoqueService      : [ESTOQUE] Ciclo finalizado. Total de atualizações enviadas: 0
2026-09-04T08:26:00.061-03:00  INFO 22468 --- [ecommerce] [scheduling-1] c.d.e.service.SincronizacaoService       : Lendo VW_ECOMMERCE_PRECOS no banco de dados...
2026-09-04T08:26:00.161-03:00  INFO 22468 --- [ecommerce] [scheduling-1] c.d.e.service.SincronizacaoService       : Ciclo finalizado. Total de atualizações enviadas: 0
2026-09-04T08:27:00.000-03:00  INFO 22468 --- [ecommerce] [scheduling-1] c.d.e.s.SincronizacaoEstoqueService      : [ESTOQUE] Lendo VW_ECOMMERCE_ESTOQUE no banco de dados...
2026-09-04T08:27:00.093-03:00  INFO 22468 --- [ecommerce] [scheduling-1] c.d.e.s.SincronizacaoEstoqueService      : [ESTOQUE] Ciclo finalizado. Total de atualizações enviadas: 0
2026-09-04T08:27:00.093-03:00  INFO 22468 --- [ecommerce] [scheduling-1] c.d.e.service.SincronizacaoService       : Lendo VW_ECOMMERCE_PRECOS no banco de dados...
2026-09-04T08:27:00.323-03:00  INFO 22468 --- [ecommerce] [scheduling-1] c.d.e.service.SincronizacaoService       : Ciclo finalizado. Total de atualizações enviadas: 0
2026-09-04T08:28:00.001-03:00  INFO 22468 --- [ecommerce] [scheduling-1] c.d.e.service.SincronizacaoService       : Lendo VW_ECOMMERCE_PRECOS no banco de dados...
2026-09-04T08:28:00.564-03:00  INFO 22468 --- [ecommerce] [scheduling-1] c.d.e.service.SincronizacaoService       : Ciclo finalizado. Total de atualizações enviadas: 0
2026-09-04T08:28:00.565-03:00  INFO 22468 --- [ecommerce] [scheduling-1] c.d.e.s.SincronizacaoEstoqueService      : [ESTOQUE] Lendo VW_ECOMMERCE_ESTOQUE no banco de dados...
2026-09-04T08:28:00.631-03:00  INFO 22468 --- [ecommerce] [scheduling-1] c.d.e.s.SincronizacaoEstoqueService      : [ESTOQUE] Ciclo finalizado. Total de atualizações enviadas: 0
2026-09-04T08:29:00.000-03:00  INFO 22468 --- [ecommerce] [scheduling-1] c.d.e.s.SincronizacaoEstoqueService      : [ESTOQUE] Lendo VW_ECOMMERCE_ESTOQUE no banco de dados...
2026-09-04T08:29:00.106-03:00  INFO 22468 --- [ecommerce] [scheduling-1] c.d.e.s.SincronizacaoEstoqueService      : [ESTOQUE] Ciclo finalizado. Total de atualizações enviadas: 0
2026-09-04T08:29:00.106-03:00  INFO 22468 --- [ecommerce] [scheduling-1] c.d.e.service.SincronizacaoService       : Lendo VW_ECOMMERCE_PRECOS no banco de dados...
2026-09-04T08:29:00.193-03:00  INFO 22468 --- [ecommerce] [scheduling-1] c.d.e.service.SincronizacaoService       : Ciclo finalizado. Total de atualizações enviadas: 0
2026-09-04T08:30:00.001-03:00  INFO 22468 --- [ecommerce] [scheduling-1] c.d.e.s.SincronizacaoEstoqueService      : [ESTOQUE] Lendo VW_ECOMMERCE_ESTOQUE no banco de dados...
2026-09-04T08:30:00.091-03:00  INFO 22468 --- [ecommerce] [scheduling-1] c.d.e.s.SincronizacaoEstoqueService      : [ESTOQUE] Ciclo finalizado. Total de atualizações enviadas: 0
2026-09-04T08:30:00.091-03:00  INFO 22468 --- [ecommerce] [scheduling-1] c.d.e.service.SincronizacaoService       : Lendo VW_ECOMMERCE_PRECOS no banco de dados...
2026-09-04T08:30:00.409-03:00  INFO 22468 --- [ecommerce] [scheduling-1] c.d.e.service.SincronizacaoService       : Ciclo finalizado. Total de atualizações enviadas: 0
2026-09-04T08:31:00.000-03:00  INFO 22468 --- [ecommerce] [scheduling-1] c.d.e.s.SincronizacaoEstoqueService      : [ESTOQUE] Lendo VW_ECOMMERCE_ESTOQUE no banco de dados...
2026-09-04T08:31:00.115-03:00  INFO 22468 --- [ecommerce] [scheduling-1] c.d.e.s.SincronizacaoEstoqueService      : [ESTOQUE] Ciclo finalizado. Total de atualizações enviadas: 0
2026-09-04T08:31:00.115-03:00  INFO 22468 --- [ecommerce] [scheduling-1] c.d.e.service.SincronizacaoService       : Lendo VW_ECOMMERCE_PRECOS no banco de dados...
2026-09-04T08:31:00.492-03:00  INFO 22468 --- [ecommerce] [scheduling-1] c.d.e.service.SincronizacaoService       : Ciclo finalizado. Total de atualizações enviadas: 0
2026-09-04T08:32:00.000-03:00  INFO 22468 --- [ecommerce] [scheduling-1] c.d.e.s.SincronizacaoEstoqueService      : [ESTOQUE] Lendo VW_ECOMMERCE_ESTOQUE no banco de dados...
2026-09-04T08:32:00.058-03:00  INFO 22468 --- [ecommerce] [scheduling-1] c.d.e.s.SincronizacaoEstoqueService      : [ESTOQUE] Ciclo finalizado. Total de atualizações enviadas: 0
2026-09-04T08:32:00.058-03:00  INFO 22468 --- [ecommerce] [scheduling-1] c.d.e.service.SincronizacaoService       : Lendo VW_ECOMMERCE_PRECOS no banco de dados...
2026-09-04T08:32:00.124-03:00  INFO 22468 --- [ecommerce] [scheduling-1] c.d.e.service.SincronizacaoService       : Ciclo finalizado. Total de atualizações enviadas: 0
2026-09-04T08:32:59.999-03:00  INFO 22468 --- [ecommerce] [scheduling-1] c.d.e.service.SincronizacaoService       : Lendo VW_ECOMMERCE_PRECOS no banco de dados...
2026-09-04T08:33:00.374-03:00  INFO 22468 --- [ecommerce] [scheduling-1] c.d.e.service.SincronizacaoService       : Ciclo finalizado. Total de atualizações enviadas: 0
2026-09-04T08:33:00.375-03:00  INFO 22468 --- [ecommerce] [scheduling-1] c.d.e.s.SincronizacaoEstoqueService      : [ESTOQUE] Lendo VW_ECOMMERCE_ESTOQUE no banco de dados...
2026-09-04T08:33:00.427-03:00  INFO 22468 --- [ecommerce] [scheduling-1] c.d.e.s.SincronizacaoEstoqueService      : [ESTOQUE] Ciclo finalizado. Total de atualizações enviadas: 0
2026-09-04T08:34:00.000-03:00  INFO 22468 --- [ecommerce] [scheduling-1] c.d.e.service.SincronizacaoService       : Lendo VW_ECOMMERCE_PRECOS no banco de dados...
2026-09-04T08:34:00.100-03:00  INFO 22468 --- [ecommerce] [scheduling-1] c.d.e.service.SincronizacaoService       : Ciclo finalizado. Total de atualizações enviadas: 0
2026-09-04T08:34:00.100-03:00  INFO 22468 --- [ecommerce] [scheduling-1] c.d.e.s.SincronizacaoEstoqueService      : [ESTOQUE] Lendo VW_ECOMMERCE_ESTOQUE no banco de dados...
2026-09-04T08:34:00.127-03:00  INFO 22468 --- [ecommerce] [scheduling-1] c.d.e.s.SincronizacaoEstoqueService      : [ESTOQUE] Ciclo finalizado. Total de atualizações enviadas: 0
2026-09-04T08:35:00.000-03:00  INFO 22468 --- [ecommerce] [scheduling-1] c.d.e.s.SincronizacaoEstoqueService      : [ESTOQUE] Lendo VW_ECOMMERCE_ESTOQUE no banco de dados...
2026-09-04T08:35:00.083-03:00  INFO 22468 --- [ecommerce] [scheduling-1] c.d.e.s.SincronizacaoEstoqueService      : [ESTOQUE] Ciclo finalizado. Total de atualizações enviadas: 0
2026-09-04T08:35:00.083-03:00  INFO 22468 --- [ecommerce] [scheduling-1] c.d.e.service.SincronizacaoService       : Lendo VW_ECOMMERCE_PRECOS no banco de dados...
2026-09-04T08:35:00.221-03:00  INFO 22468 --- [ecommerce] [scheduling-1] c.d.e.service.SincronizacaoService       : Ciclo finalizado. Total de atualizações enviadas: 0
2026-09-04T08:36:00.001-03:00  INFO 22468 --- [ecommerce] [scheduling-1] c.d.e.service.SincronizacaoService       : Lendo VW_ECOMMERCE_PRECOS no banco de dados...
2026-09-04T08:36:00.157-03:00  INFO 22468 --- [ecommerce] [scheduling-1] c.d.e.service.SincronizacaoService       : Ciclo finalizado. Total de atualizações enviadas: 0
2026-09-04T08:36:00.158-03:00  INFO 22468 --- [ecommerce] [scheduling-1] c.d.e.s.SincronizacaoEstoqueService      : [ESTOQUE] Lendo VW_ECOMMERCE_ESTOQUE no banco de dados...
2026-09-04T08:36:00.183-03:00  INFO 22468 --- [ecommerce] [scheduling-1] c.d.e.s.SincronizacaoEstoqueService      : [ESTOQUE] Ciclo finalizado. Total de atualizações enviadas: 0
2026-09-04T08:37:00.000-03:00  INFO 22468 --- [ecommerce] [scheduling-1] c.d.e.service.SincronizacaoService       : Lendo VW_ECOMMERCE_PRECOS no banco de dados...
2026-09-04T08:37:00.378-03:00  INFO 22468 --- [ecommerce] [scheduling-1] c.d.e.service.SincronizacaoService       : Ciclo finalizado. Total de atualizações enviadas: 0
2026-09-04T08:37:00.379-03:00  INFO 22468 --- [ecommerce] [scheduling-1] c.d.e.s.SincronizacaoEstoqueService      : [ESTOQUE] Lendo VW_ECOMMERCE_ESTOQUE no banco de dados...
2026-09-04T08:37:00.476-03:00  INFO 22468 --- [ecommerce] [scheduling-1] c.d.e.s.SincronizacaoEstoqueService      : [ESTOQUE] Ciclo finalizado. Total de atualizações enviadas: 0
2026-09-04T08:38:00.000-03:00  INFO 22468 --- [ecommerce] [scheduling-1] c.d.e.service.SincronizacaoService       : Lendo VW_ECOMMERCE_PRECOS no banco de dados...
2026-09-04T08:38:00.052-03:00  INFO 22468 --- [ecommerce] [scheduling-1] c.d.e.service.SincronizacaoService       : Ciclo finalizado. Total de atualizações enviadas: 0
2026-09-04T08:38:00.052-03:00  INFO 22468 --- [ecommerce] [scheduling-1] c.d.e.s.SincronizacaoEstoqueService      : [ESTOQUE] Lendo VW_ECOMMERCE_ESTOQUE no banco de dados...
2026-09-04T08:38:00.074-03:00  INFO 22468 --- [ecommerce] [scheduling-1] c.d.e.s.SincronizacaoEstoqueService      : [ESTOQUE] Ciclo finalizado. Total de atualizações enviadas: 0
2026-09-04T08:39:00.000-03:00  INFO 22468 --- [ecommerce] [scheduling-1] c.d.e.s.SincronizacaoEstoqueService      : [ESTOQUE] Lendo VW_ECOMMERCE_ESTOQUE no banco de dados...
2026-09-04T08:39:00.131-03:00  INFO 22468 --- [ecommerce] [scheduling-1] c.d.e.s.SincronizacaoEstoqueService      : [ESTOQUE] Ciclo finalizado. Total de atualizações enviadas: 0
2026-09-04T08:39:00.131-03:00  INFO 22468 --- [ecommerce] [scheduling-1] c.d.e.service.SincronizacaoService       : Lendo VW_ECOMMERCE_PRECOS no banco de dados...
2026-09-04T08:39:00.365-03:00  INFO 22468 --- [ecommerce] [scheduling-1] c.d.e.service.SincronizacaoService       : Ciclo finalizado. Total de atualizações enviadas: 0
2026-09-04T08:40:00.001-03:00  INFO 22468 --- [ecommerce] [scheduling-1] c.d.e.service.SincronizacaoService       : Lendo VW_ECOMMERCE_PRECOS no banco de dados...
2026-09-04T08:40:00.346-03:00  INFO 22468 --- [ecommerce] [scheduling-1] c.d.e.service.SincronizacaoService       : Ciclo finalizado. Total de atualizações enviadas: 0
2026-09-04T08:40:00.346-03:00  INFO 22468 --- [ecommerce] [scheduling-1] c.d.e.s.SincronizacaoEstoqueService      : [ESTOQUE] Lendo VW_ECOMMERCE_ESTOQUE no banco de dados...
2026-09-04T08:40:00.409-03:00  INFO 22468 --- [ecommerce] [scheduling-1] c.d.e.s.SincronizacaoEstoqueService      : [ESTOQUE] Ciclo finalizado. Total de atualizações enviadas: 0
2026-09-04T08:41:00.000-03:00  INFO 22468 --- [ecommerce] [scheduling-1] c.d.e.service.SincronizacaoService       : Lendo VW_ECOMMERCE_PRECOS no banco de dados...
2026-09-04T08:41:00.164-03:00  INFO 22468 --- [ecommerce] [scheduling-1] c.d.e.service.SincronizacaoService       : Ciclo finalizado. Total de atualizações enviadas: 0
2026-09-04T08:41:00.164-03:00  INFO 22468 --- [ecommerce] [scheduling-1] c.d.e.s.SincronizacaoEstoqueService      : [ESTOQUE] Lendo VW_ECOMMERCE_ESTOQUE no banco de dados...
2026-09-04T08:41:00.188-03:00  INFO 22468 --- [ecommerce] [scheduling-1] c.d.e.s.SincronizacaoEstoqueService      : [ESTOQUE] Ciclo finalizado. Total de atualizações enviadas: 0
2026-09-04T08:42:00.000-03:00  INFO 22468 --- [ecommerce] [scheduling-1] c.d.e.service.SincronizacaoService       : Lendo VW_ECOMMERCE_PRECOS no banco de dados...
2026-09-04T08:42:00.056-03:00  INFO 22468 --- [ecommerce] [scheduling-1] c.d.e.service.SincronizacaoService       : Ciclo finalizado. Total de atualizações enviadas: 0
2026-09-04T08:42:00.056-03:00  INFO 22468 --- [ecommerce] [scheduling-1] c.d.e.s.SincronizacaoEstoqueService      : [ESTOQUE] Lendo VW_ECOMMERCE_ESTOQUE no banco de dados...
2026-09-04T08:42:00.089-03:00  INFO 22468 --- [ecommerce] [scheduling-1] c.d.e.s.SincronizacaoEstoqueService      : [ESTOQUE] Ciclo finalizado. Total de atualizações enviadas: 0
2026-09-04T08:43:00.000-03:00  INFO 22468 --- [ecommerce] [scheduling-1] c.d.e.s.SincronizacaoEstoqueService      : [ESTOQUE] Lendo VW_ECOMMERCE_ESTOQUE no banco de dados...
2026-09-04T08:43:00.087-03:00  INFO 22468 --- [ecommerce] [scheduling-1] c.d.e.s.SincronizacaoEstoqueService      : [ESTOQUE] Ciclo finalizado. Total de atualizações enviadas: 0
2026-09-04T08:43:00.088-03:00  INFO 22468 --- [ecommerce] [scheduling-1] c.d.e.service.SincronizacaoService       : Lendo VW_ECOMMERCE_PRECOS no banco de dados...
2026-09-04T08:43:00.198-03:00  INFO 22468 --- [ecommerce] [scheduling-1] c.d.e.service.SincronizacaoService       : Ciclo finalizado. Total de atualizações enviadas: 0
2026-09-04T08:43:59.999-03:00  INFO 22468 --- [ecommerce] [scheduling-1] c.d.e.service.SincronizacaoService       : Lendo VW_ECOMMERCE_PRECOS no banco de dados...
2026-09-04T08:44:00.051-03:00  INFO 22468 --- [ecommerce] [scheduling-1] c.d.e.service.SincronizacaoService       : Ciclo finalizado. Total de atualizações enviadas: 0
2026-09-04T08:44:00.052-03:00  INFO 22468 --- [ecommerce] [scheduling-1] c.d.e.s.SincronizacaoEstoqueService      : [ESTOQUE] Lendo VW_ECOMMERCE_ESTOQUE no banco de dados...
2026-09-04T08:44:00.085-03:00  INFO 22468 --- [ecommerce] [scheduling-1] c.d.e.s.SincronizacaoEstoqueService      : [ESTOQUE] Ciclo finalizado. Total de atualizações enviadas: 0
2026-09-04T08:45:00.000-03:00  INFO 22468 --- [ecommerce] [scheduling-1] c.d.e.service.SincronizacaoService       : Lendo VW_ECOMMERCE_PRECOS no banco de dados...
2026-09-04T08:45:00.218-03:00  INFO 22468 --- [ecommerce] [scheduling-1] c.d.e.service.SincronizacaoService       : Ciclo finalizado. Total de atualizações enviadas: 0
2026-09-04T08:45:00.218-03:00  INFO 22468 --- [ecommerce] [scheduling-1] c.d.e.s.SincronizacaoEstoqueService      : [ESTOQUE] Lendo VW_ECOMMERCE_ESTOQUE no banco de dados...
2026-09-04T08:45:00.254-03:00  INFO 22468 --- [ecommerce] [scheduling-1] c.d.e.s.SincronizacaoEstoqueService      : [ESTOQUE] Ciclo finalizado. Total de atualizações enviadas: 0
2026-09-04T08:46:00.000-03:00  INFO 22468 --- [ecommerce] [scheduling-1] c.d.e.s.SincronizacaoEstoqueService      : [ESTOQUE] Lendo VW_ECOMMERCE_ESTOQUE no banco de dados...
2026-09-04T08:46:00.089-03:00  INFO 22468 --- [ecommerce] [scheduling-1] c.d.e.s.SincronizacaoEstoqueService      : [ESTOQUE] Ciclo finalizado. Total de atualizações enviadas: 0
2026-09-04T08:46:00.090-03:00  INFO 22468 --- [ecommerce] [scheduling-1] c.d.e.service.SincronizacaoService       : Lendo VW_ECOMMERCE_PRECOS no banco de dados...
2026-09-04T08:46:00.192-03:00  INFO 22468 --- [ecommerce] [scheduling-1] c.d.e.service.SincronizacaoService       : Ciclo finalizado. Total de atualizações enviadas: 0
2026-09-04T08:47:00.000-03:00  INFO 22468 --- [ecommerce] [scheduling-1] c.d.e.s.SincronizacaoEstoqueService      : [ESTOQUE] Lendo VW_ECOMMERCE_ESTOQUE no banco de dados...
2026-09-04T08:47:00.070-03:00  INFO 22468 --- [ecommerce] [scheduling-1] c.d.e.s.SincronizacaoEstoqueService      : [ESTOQUE] Ciclo finalizado. Total de atualizações enviadas: 0
2026-09-04T08:47:00.070-03:00  INFO 22468 --- [ecommerce] [scheduling-1] c.d.e.service.SincronizacaoService       : Lendo VW_ECOMMERCE_PRECOS no banco de dados...
2026-09-04T08:47:00.116-03:00  INFO 22468 --- [ecommerce] [scheduling-1] c.d.e.service.SincronizacaoService       : Ciclo finalizado. Total de atualizações enviadas: 0
2026-09-04T08:48:00.001-03:00  INFO 22468 --- [ecommerce] [scheduling-1] c.d.e.s.SincronizacaoEstoqueService      : [ESTOQUE] Lendo VW_ECOMMERCE_ESTOQUE no banco de dados...
2026-09-04T08:48:00.039-03:00  INFO 22468 --- [ecommerce] [scheduling-1] c.d.e.s.SincronizacaoEstoqueService      : [ESTOQUE] Ciclo finalizado. Total de atualizações enviadas: 0
2026-09-04T08:48:00.039-03:00  INFO 22468 --- [ecommerce] [scheduling-1] c.d.e.service.SincronizacaoService       : Lendo VW_ECOMMERCE_PRECOS no banco de dados...
2026-09-04T08:48:00.082-03:00  INFO 22468 --- [ecommerce] [scheduling-1] c.d.e.service.SincronizacaoService       : Ciclo finalizado. Total de atualizações enviadas: 0
2026-09-04T08:49:00.000-03:00  INFO 22468 --- [ecommerce] [scheduling-1] c.d.e.service.SincronizacaoService       : Lendo VW_ECOMMERCE_PRECOS no banco de dados...
2026-09-04T08:49:00.082-03:00  INFO 22468 --- [ecommerce] [scheduling-1] c.d.e.service.SincronizacaoService       : Ciclo finalizado. Total de atualizações enviadas: 0
2026-09-04T08:49:00.083-03:00  INFO 22468 --- [ecommerce] [scheduling-1] c.d.e.s.SincronizacaoEstoqueService      : [ESTOQUE] Lendo VW_ECOMMERCE_ESTOQUE no banco de dados...
2026-09-04T08:49:00.112-03:00  INFO 22468 --- [ecommerce] [scheduling-1] c.d.e.s.SincronizacaoEstoqueService      : [ESTOQUE] Ciclo finalizado. Total de atualizações enviadas: 0
2026-09-04T08:50:00.000-03:00  INFO 22468 --- [ecommerce] [scheduling-1] c.d.e.service.SincronizacaoService       : Lendo VW_ECOMMERCE_PRECOS no banco de dados...
2026-09-04T08:50:00.112-03:00  INFO 22468 --- [ecommerce] [scheduling-1] c.d.e.service.SincronizacaoService       : Ciclo finalizado. Total de atualizações enviadas: 0
2026-09-04T08:50:00.112-03:00  INFO 22468 --- [ecommerce] [scheduling-1] c.d.e.s.SincronizacaoEstoqueService      : [ESTOQUE] Lendo VW_ECOMMERCE_ESTOQUE no banco de dados...
2026-09-04T08:50:00.131-03:00  INFO 22468 --- [ecommerce] [scheduling-1] c.d.e.s.SincronizacaoEstoqueService      : [ESTOQUE] Ciclo finalizado. Total de atualizações enviadas: 0
2026-09-04T08:51:00.000-03:00  INFO 22468 --- [ecommerce] [scheduling-1] c.d.e.s.SincronizacaoEstoqueService      : [ESTOQUE] Lendo VW_ECOMMERCE_ESTOQUE no banco de dados...
2026-09-04T08:51:00.073-03:00  INFO 22468 --- [ecommerce] [scheduling-1] c.d.e.s.SincronizacaoEstoqueService      : [ESTOQUE] Ciclo finalizado. Total de atualizações enviadas: 0
2026-09-04T08:51:00.074-03:00  INFO 22468 --- [ecommerce] [scheduling-1] c.d.e.service.SincronizacaoService       : Lendo VW_ECOMMERCE_PRECOS no banco de dados...
2026-09-04T08:51:00.123-03:00  INFO 22468 --- [ecommerce] [scheduling-1] c.d.e.service.SincronizacaoService       : Ciclo finalizado. Total de atualizações enviadas: 0
2026-09-04T08:52:00.001-03:00  INFO 22468 --- [ecommerce] [scheduling-1] c.d.e.s.SincronizacaoEstoqueService      : [ESTOQUE] Lendo VW_ECOMMERCE_ESTOQUE no banco de dados...
2026-09-04T08:52:00.072-03:00  INFO 22468 --- [ecommerce] [scheduling-1] c.d.e.s.SincronizacaoEstoqueService      : [ESTOQUE] Ciclo finalizado. Total de atualizações enviadas: 0
2026-09-04T08:52:00.072-03:00  INFO 22468 --- [ecommerce] [scheduling-1] c.d.e.service.SincronizacaoService       : Lendo VW_ECOMMERCE_PRECOS no banco de dados...
2026-09-04T08:52:00.444-03:00  INFO 22468 --- [ecommerce] [scheduling-1] c.d.e.service.SincronizacaoService       : Ciclo finalizado. Total de atualizações enviadas: 0
2026-09-04T08:53:00.000-03:00  INFO 22468 --- [ecommerce] [scheduling-1] c.d.e.service.SincronizacaoService       : Lendo VW_ECOMMERCE_PRECOS no banco de dados...
2026-09-04T08:53:00.062-03:00  INFO 22468 --- [ecommerce] [scheduling-1] c.d.e.service.SincronizacaoService       : Ciclo finalizado. Total de atualizações enviadas: 0
2026-09-04T08:53:00.062-03:00  INFO 22468 --- [ecommerce] [scheduling-1] c.d.e.s.SincronizacaoEstoqueService      : [ESTOQUE] Lendo VW_ECOMMERCE_ESTOQUE no banco de dados...
2026-09-04T08:53:00.083-03:00  INFO 22468 --- [ecommerce] [scheduling-1] c.d.e.s.SincronizacaoEstoqueService      : [ESTOQUE] Ciclo finalizado. Total de atualizações enviadas: 0
2026-09-04T08:54:00.001-03:00  INFO 22468 --- [ecommerce] [scheduling-1] c.d.e.service.SincronizacaoService       : Lendo VW_ECOMMERCE_PRECOS no banco de dados...
2026-09-04T08:54:00.108-03:00  INFO 22468 --- [ecommerce] [scheduling-1] c.d.e.service.SincronizacaoService       : Ciclo finalizado. Total de atualizações enviadas: 0
2026-09-04T08:54:00.108-03:00  INFO 22468 --- [ecommerce] [scheduling-1] c.d.e.s.SincronizacaoEstoqueService      : [ESTOQUE] Lendo VW_ECOMMERCE_ESTOQUE no banco de dados...
2026-09-04T08:54:00.131-03:00  INFO 22468 --- [ecommerce] [scheduling-1] c.d.e.s.SincronizacaoEstoqueService      : [ESTOQUE] Ciclo finalizado. Total de atualizações enviadas: 0
2026-09-04T08:54:59.999-03:00  INFO 22468 --- [ecommerce] [scheduling-1] c.d.e.s.SincronizacaoEstoqueService      : [ESTOQUE] Lendo VW_ECOMMERCE_ESTOQUE no banco de dados...
2026-09-04T08:55:00.053-03:00  INFO 22468 --- [ecommerce] [scheduling-1] c.d.e.s.SincronizacaoEstoqueService      : [ESTOQUE] Ciclo finalizado. Total de atualizações enviadas: 0
2026-09-04T08:55:00.053-03:00  INFO 22468 --- [ecommerce] [scheduling-1] c.d.e.service.SincronizacaoService       : Lendo VW_ECOMMERCE_PRECOS no banco de dados...
2026-09-04T08:55:00.131-03:00  INFO 22468 --- [ecommerce] [scheduling-1] c.d.e.service.SincronizacaoService       : Ciclo finalizado. Total de atualizações enviadas: 0
2026-09-04T08:56:00.000-03:00  INFO 22468 --- [ecommerce] [scheduling-1] c.d.e.service.SincronizacaoService       : Lendo VW_ECOMMERCE_PRECOS no banco de dados...
2026-09-04T08:56:00.061-03:00  INFO 22468 --- [ecommerce] [scheduling-1] c.d.e.service.SincronizacaoService       : Ciclo finalizado. Total de atualizações enviadas: 0
2026-09-04T08:56:00.061-03:00  INFO 22468 --- [ecommerce] [scheduling-1] c.d.e.s.SincronizacaoEstoqueService      : [ESTOQUE] Lendo VW_ECOMMERCE_ESTOQUE no banco de dados...
2026-09-04T08:56:00.094-03:00  INFO 22468 --- [ecommerce] [scheduling-1] c.d.e.s.SincronizacaoEstoqueService      : [ESTOQUE] Ciclo finalizado. Total de atualizações enviadas: 0
2026-09-04T08:57:00.000-03:00  INFO 22468 --- [ecommerce] [scheduling-1] c.d.e.s.SincronizacaoEstoqueService      : [ESTOQUE] Lendo VW_ECOMMERCE_ESTOQUE no banco de dados...
2026-09-04T08:57:00.060-03:00  INFO 22468 --- [ecommerce] [scheduling-1] c.d.e.s.SincronizacaoEstoqueService      : [ESTOQUE] Ciclo finalizado. Total de atualizações enviadas: 0
2026-09-04T08:57:00.060-03:00  INFO 22468 --- [ecommerce] [scheduling-1] c.d.e.service.SincronizacaoService       : Lendo VW_ECOMMERCE_PRECOS no banco de dados...
2026-09-04T08:57:00.333-03:00  INFO 22468 --- [ecommerce] [scheduling-1] c.d.e.service.SincronizacaoService       : Ciclo finalizado. Total de atualizações enviadas: 0
2026-09-04T08:58:00.001-03:00  INFO 22468 --- [ecommerce] [scheduling-1] c.d.e.s.SincronizacaoEstoqueService      : [ESTOQUE] Lendo VW_ECOMMERCE_ESTOQUE no banco de dados...
2026-09-04T08:58:00.096-03:00  INFO 22468 --- [ecommerce] [scheduling-1] c.d.e.s.SincronizacaoEstoqueService      : [ESTOQUE] Ciclo finalizado. Total de atualizações enviadas: 0
2026-09-04T08:58:00.096-03:00  INFO 22468 --- [ecommerce] [scheduling-1] c.d.e.service.SincronizacaoService       : Lendo VW_ECOMMERCE_PRECOS no banco de dados...
2026-09-04T08:58:00.140-03:00  INFO 22468 --- [ecommerce] [scheduling-1] c.d.e.service.SincronizacaoService       : Ciclo finalizado. Total de atualizações enviadas: 0
2026-09-04T08:59:00.000-03:00  INFO 22468 --- [ecommerce] [scheduling-1] c.d.e.service.SincronizacaoService       : Lendo VW_ECOMMERCE_PRECOS no banco de dados...
2026-09-04T08:59:00.077-03:00  INFO 22468 --- [ecommerce] [scheduling-1] c.d.e.service.SincronizacaoService       : Ciclo finalizado. Total de atualizações enviadas: 0
2026-09-04T08:59:00.078-03:00  INFO 22468 --- [ecommerce] [scheduling-1] c.d.e.s.SincronizacaoEstoqueService      : [ESTOQUE] Lendo VW_ECOMMERCE_ESTOQUE no banco de dados...
2026-09-04T08:59:00.110-03:00  INFO 22468 --- [ecommerce] [scheduling-1] c.d.e.s.SincronizacaoEstoqueService      : [ESTOQUE] Ciclo finalizado. Total de atualizações enviadas: 0
2026-09-04T08:59:59.999-03:00  INFO 22468 --- [ecommerce] [scheduling-1] c.d.e.service.SincronizacaoService       : Lendo VW_ECOMMERCE_PRECOS no banco de dados...
2026-09-04T09:00:00.061-03:00  INFO 22468 --- [ecommerce] [scheduling-1] c.d.e.service.SincronizacaoService       : Ciclo finalizado. Total de atualizações enviadas: 0
2026-09-04T09:00:00.061-03:00  INFO 22468 --- [ecommerce] [scheduling-1] c.d.e.s.SincronizacaoEstoqueService      : [ESTOQUE] Lendo VW_ECOMMERCE_ESTOQUE no banco de dados...
2026-09-04T09:00:00.093-03:00  INFO 22468 --- [ecommerce] [scheduling-1] c.d.e.s.SincronizacaoEstoqueService      : [ESTOQUE] Ciclo finalizado. Total de atualizações enviadas: 0
2026-09-04T09:01:00.000-03:00  INFO 22468 --- [ecommerce] [scheduling-1] c.d.e.service.SincronizacaoService       : Lendo VW_ECOMMERCE_PRECOS no banco de dados...
2026-09-04T09:01:00.091-03:00  INFO 22468 --- [ecommerce] [scheduling-1] c.d.e.service.SincronizacaoService       : Ciclo finalizado. Total de atualizações enviadas: 0
2026-09-04T09:01:00.092-03:00  INFO 22468 --- [ecommerce] [scheduling-1] c.d.e.s.SincronizacaoEstoqueService      : [ESTOQUE] Lendo VW_ECOMMERCE_ESTOQUE no banco de dados...
2026-09-04T09:01:00.123-03:00  INFO 22468 --- [ecommerce] [scheduling-1] c.d.e.s.SincronizacaoEstoqueService      : [ESTOQUE] Ciclo finalizado. Total de atualizações enviadas: 0
2026-09-04T09:02:00.000-03:00  INFO 22468 --- [ecommerce] [scheduling-1] c.d.e.s.SincronizacaoEstoqueService      : [ESTOQUE] Lendo VW_ECOMMERCE_ESTOQUE no banco de dados...
2026-09-04T09:02:00.088-03:00  INFO 22468 --- [ecommerce] [scheduling-1] c.d.e.s.SincronizacaoEstoqueService      : [ESTOQUE] Ciclo finalizado. Total de atualizações enviadas: 0
2026-09-04T09:02:00.088-03:00  INFO 22468 --- [ecommerce] [scheduling-1] c.d.e.service.SincronizacaoService       : Lendo VW_ECOMMERCE_PRECOS no banco de dados...
2026-09-04T09:02:00.159-03:00  INFO 22468 --- [ecommerce] [scheduling-1] c.d.e.service.SincronizacaoService       : Ciclo finalizado. Total de atualizações enviadas: 0
2026-09-04T09:03:00.000-03:00  INFO 22468 --- [ecommerce] [scheduling-1] c.d.e.service.SincronizacaoService       : Lendo VW_ECOMMERCE_PRECOS no banco de dados...
2026-09-04T09:03:00.056-03:00  INFO 22468 --- [ecommerce] [scheduling-1] c.d.e.service.SincronizacaoService       : Ciclo finalizado. Total de atualizações enviadas: 0
2026-09-04T09:03:00.056-03:00  INFO 22468 --- [ecommerce] [scheduling-1] c.d.e.s.SincronizacaoEstoqueService      : [ESTOQUE] Lendo VW_ECOMMERCE_ESTOQUE no banco de dados...
2026-09-04T09:03:00.089-03:00  INFO 22468 --- [ecommerce] [scheduling-1] c.d.e.s.SincronizacaoEstoqueService      : [ESTOQUE] Ciclo finalizado. Total de atualizações enviadas: 0
2026-09-04T09:03:59.999-03:00  INFO 22468 --- [ecommerce] [scheduling-1] c.d.e.service.SincronizacaoService       : Lendo VW_ECOMMERCE_PRECOS no banco de dados...
2026-09-04T09:04:00.246-03:00  INFO 22468 --- [ecommerce] [scheduling-1] c.d.e.service.SincronizacaoService       : Ciclo finalizado. Total de atualizações enviadas: 0
2026-09-04T09:04:00.247-03:00  INFO 22468 --- [ecommerce] [scheduling-1] c.d.e.s.SincronizacaoEstoqueService      : [ESTOQUE] Lendo VW_ECOMMERCE_ESTOQUE no banco de dados...
2026-09-04T09:04:00.286-03:00  INFO 22468 --- [ecommerce] [scheduling-1] c.d.e.s.SincronizacaoEstoqueService      : [ESTOQUE] Ciclo finalizado. Total de atualizações enviadas: 0
2026-09-04T09:04:59.999-03:00  INFO 22468 --- [ecommerce] [scheduling-1] c.d.e.service.SincronizacaoService       : Lendo VW_ECOMMERCE_PRECOS no banco de dados...
2026-09-04T09:05:00.104-03:00  INFO 22468 --- [ecommerce] [scheduling-1] c.d.e.service.SincronizacaoService       : Ciclo finalizado. Total de atualizações enviadas: 0
2026-09-04T09:05:00.104-03:00  INFO 22468 --- [ecommerce] [scheduling-1] c.d.e.s.SincronizacaoEstoqueService      : [ESTOQUE] Lendo VW_ECOMMERCE_ESTOQUE no banco de dados...
2026-09-04T09:05:00.133-03:00  INFO 22468 --- [ecommerce] [scheduling-1] c.d.e.s.SincronizacaoEstoqueService      : [ESTOQUE] Ciclo finalizado. Total de atualizações enviadas: 0
2026-09-04T09:06:00.000-03:00  INFO 22468 --- [ecommerce] [scheduling-1] c.d.e.s.SincronizacaoEstoqueService      : [ESTOQUE] Lendo VW_ECOMMERCE_ESTOQUE no banco de dados...
2026-09-04T09:06:00.047-03:00  INFO 22468 --- [ecommerce] [scheduling-1] c.d.e.s.SincronizacaoEstoqueService      : [ESTOQUE] Ciclo finalizado. Total de atualizações enviadas: 0
2026-09-04T09:06:00.047-03:00  INFO 22468 --- [ecommerce] [scheduling-1] c.d.e.service.SincronizacaoService       : Lendo VW_ECOMMERCE_PRECOS no banco de dados...
2026-09-04T09:06:00.144-03:00  INFO 22468 --- [ecommerce] [scheduling-1] c.d.e.service.SincronizacaoService       : Ciclo finalizado. Total de atualizações enviadas: 0
2026-09-04T09:06:59.999-03:00  INFO 22468 --- [ecommerce] [scheduling-1] c.d.e.service.SincronizacaoService       : Lendo VW_ECOMMERCE_PRECOS no banco de dados...
2026-09-04T09:07:00.085-03:00  INFO 22468 --- [ecommerce] [scheduling-1] c.d.e.service.SincronizacaoService       : Ciclo finalizado. Total de atualizações enviadas: 0
2026-09-04T09:07:00.085-03:00  INFO 22468 --- [ecommerce] [scheduling-1] c.d.e.s.SincronizacaoEstoqueService      : [ESTOQUE] Lendo VW_ECOMMERCE_ESTOQUE no banco de dados...
2026-09-04T09:07:00.118-03:00  INFO 22468 --- [ecommerce] [scheduling-1] c.d.e.s.SincronizacaoEstoqueService      : [ESTOQUE] Ciclo finalizado. Total de atualizações enviadas: 0
2026-09-04T09:07:59.999-03:00  INFO 22468 --- [ecommerce] [scheduling-1] c.d.e.s.SincronizacaoEstoqueService      : [ESTOQUE] Lendo VW_ECOMMERCE_ESTOQUE no banco de dados...
2026-09-04T09:08:00.080-03:00  INFO 22468 --- [ecommerce] [scheduling-1] c.d.e.s.SincronizacaoEstoqueService      : [ESTOQUE] Ciclo finalizado. Total de atualizações enviadas: 0
2026-09-04T09:08:00.080-03:00  INFO 22468 --- [ecommerce] [scheduling-1] c.d.e.service.SincronizacaoService       : Lendo VW_ECOMMERCE_PRECOS no banco de dados...
2026-09-04T09:08:00.128-03:00  INFO 22468 --- [ecommerce] [scheduling-1] c.d.e.service.SincronizacaoService       : Ciclo finalizado. Total de atualizações enviadas: 0
2026-09-04T09:09:00.001-03:00  INFO 22468 --- [ecommerce] [scheduling-1] c.d.e.service.SincronizacaoService       : Lendo VW_ECOMMERCE_PRECOS no banco de dados...
2026-09-04T09:09:00.154-03:00  INFO 22468 --- [ecommerce] [scheduling-1] c.d.e.service.SincronizacaoService       : Ciclo finalizado. Total de atualizações enviadas: 0
2026-09-04T09:09:00.154-03:00  INFO 22468 --- [ecommerce] [scheduling-1] c.d.e.s.SincronizacaoEstoqueService      : [ESTOQUE] Lendo VW_ECOMMERCE_ESTOQUE no banco de dados...
2026-09-04T09:09:00.191-03:00  INFO 22468 --- [ecommerce] [scheduling-1] c.d.e.s.SincronizacaoEstoqueService      : [ESTOQUE] Ciclo finalizado. Total de atualizações enviadas: 0
2026-09-04T09:10:00.001-03:00  INFO 22468 --- [ecommerce] [scheduling-1] c.d.e.s.SincronizacaoEstoqueService      : [ESTOQUE] Lendo VW_ECOMMERCE_ESTOQUE no banco de dados...
2026-09-04T09:10:00.201-03:00  INFO 22468 --- [ecommerce] [scheduling-1] c.d.e.s.SincronizacaoEstoqueService      : [ESTOQUE] Ciclo finalizado. Total de atualizações enviadas: 0
2026-09-04T09:10:00.201-03:00  INFO 22468 --- [ecommerce] [scheduling-1] c.d.e.service.SincronizacaoService       : Lendo VW_ECOMMERCE_PRECOS no banco de dados...
2026-09-04T09:10:00.604-03:00  INFO 22468 --- [ecommerce] [scheduling-1] c.d.e.service.SincronizacaoService       : Ciclo finalizado. Total de atualizações enviadas: 0
2026-09-04T09:11:00.001-03:00  INFO 22468 --- [ecommerce] [scheduling-1] c.d.e.service.SincronizacaoService       : Lendo VW_ECOMMERCE_PRECOS no banco de dados...
2026-09-04T09:11:00.216-03:00  INFO 22468 --- [ecommerce] [scheduling-1] c.d.e.service.SincronizacaoService       : Ciclo finalizado. Total de atualizações enviadas: 0
2026-09-04T09:11:00.220-03:00  INFO 22468 --- [ecommerce] [scheduling-1] c.d.e.s.SincronizacaoEstoqueService      : [ESTOQUE] Lendo VW_ECOMMERCE_ESTOQUE no banco de dados...
2026-09-04T09:11:00.257-03:00  INFO 22468 --- [ecommerce] [scheduling-1] c.d.e.s.SincronizacaoEstoqueService      : [ESTOQUE] Ciclo finalizado. Total de atualizações enviadas: 0
2026-09-04T09:11:59.999-03:00  INFO 22468 --- [ecommerce] [scheduling-1] c.d.e.service.SincronizacaoService       : Lendo VW_ECOMMERCE_PRECOS no banco de dados...
2026-09-04T09:12:00.090-03:00  INFO 22468 --- [ecommerce] [scheduling-1] c.d.e.service.SincronizacaoService       : Ciclo finalizado. Total de atualizações enviadas: 0
2026-09-04T09:12:00.090-03:00  INFO 22468 --- [ecommerce] [scheduling-1] c.d.e.s.SincronizacaoEstoqueService      : [ESTOQUE] Lendo VW_ECOMMERCE_ESTOQUE no banco de dados...
2026-09-04T09:12:00.121-03:00  INFO 22468 --- [ecommerce] [scheduling-1] c.d.e.s.SincronizacaoEstoqueService      : [ESTOQUE] Ciclo finalizado. Total de atualizações enviadas: 0
2026-09-04T09:13:00.000-03:00  INFO 22468 --- [ecommerce] [scheduling-1] c.d.e.s.SincronizacaoEstoqueService      : [ESTOQUE] Lendo VW_ECOMMERCE_ESTOQUE no banco de dados...
2026-09-04T09:13:00.032-03:00  INFO 22468 --- [ecommerce] [scheduling-1] c.d.e.s.SincronizacaoEstoqueService      : [ESTOQUE] Ciclo finalizado. Total de atualizações enviadas: 0
2026-09-04T09:13:00.032-03:00  INFO 22468 --- [ecommerce] [scheduling-1] c.d.e.service.SincronizacaoService       : Lendo VW_ECOMMERCE_PRECOS no banco de dados...
2026-09-04T09:13:00.163-03:00  INFO 22468 --- [ecommerce] [scheduling-1] c.d.e.service.SincronizacaoService       : Ciclo finalizado. Total de atualizações enviadas: 0
2026-09-04T09:14:00.000-03:00  INFO 22468 --- [ecommerce] [scheduling-1] c.d.e.s.SincronizacaoEstoqueService      : [ESTOQUE] Lendo VW_ECOMMERCE_ESTOQUE no banco de dados...
2026-09-04T09:14:00.051-03:00  INFO 22468 --- [ecommerce] [scheduling-1] c.d.e.s.SincronizacaoEstoqueService      : [ESTOQUE] Ciclo finalizado. Total de atualizações enviadas: 0
2026-09-04T09:14:00.051-03:00  INFO 22468 --- [ecommerce] [scheduling-1] c.d.e.service.SincronizacaoService       : Lendo VW_ECOMMERCE_PRECOS no banco de dados...
2026-09-04T09:14:00.184-03:00  INFO 22468 --- [ecommerce] [scheduling-1] c.d.e.service.SincronizacaoService       : Ciclo finalizado. Total de atualizações enviadas: 0
2026-09-04T09:15:00.000-03:00  INFO 22468 --- [ecommerce] [scheduling-1] c.d.e.service.SincronizacaoService       : Lendo VW_ECOMMERCE_PRECOS no banco de dados...
2026-09-04T09:15:00.204-03:00  INFO 22468 --- [ecommerce] [scheduling-1] c.d.e.service.SincronizacaoService       : Ciclo finalizado. Total de atualizações enviadas: 0
2026-09-04T09:15:00.205-03:00  INFO 22468 --- [ecommerce] [scheduling-1] c.d.e.s.SincronizacaoEstoqueService      : [ESTOQUE] Lendo VW_ECOMMERCE_ESTOQUE no banco de dados...
2026-09-04T09:15:00.255-03:00  INFO 22468 --- [ecommerce] [scheduling-1] c.d.e.s.SincronizacaoEstoqueService      : [ESTOQUE] Ciclo finalizado. Total de atualizações enviadas: 0
2026-09-04T09:16:00.001-03:00  INFO 22468 --- [ecommerce] [scheduling-1] c.d.e.service.SincronizacaoService       : Lendo VW_ECOMMERCE_PRECOS no banco de dados...
2026-09-04T09:16:00.073-03:00  INFO 22468 --- [ecommerce] [scheduling-1] c.d.e.service.SincronizacaoService       : Ciclo finalizado. Total de atualizações enviadas: 0
2026-09-04T09:16:00.073-03:00  INFO 22468 --- [ecommerce] [scheduling-1] c.d.e.s.SincronizacaoEstoqueService      : [ESTOQUE] Lendo VW_ECOMMERCE_ESTOQUE no banco de dados...
2026-09-04T09:16:00.105-03:00  INFO 22468 --- [ecommerce] [scheduling-1] c.d.e.s.SincronizacaoEstoqueService      : [ESTOQUE] Ciclo finalizado. Total de atualizações enviadas: 0
2026-09-04T09:17:00.000-03:00  INFO 22468 --- [ecommerce] [scheduling-1] c.d.e.service.SincronizacaoService       : Lendo VW_ECOMMERCE_PRECOS no banco de dados...
2026-09-04T09:17:00.197-03:00  INFO 22468 --- [ecommerce] [scheduling-1] c.d.e.service.SincronizacaoService       : Ciclo finalizado. Total de atualizações enviadas: 0
2026-09-04T09:17:00.197-03:00  INFO 22468 --- [ecommerce] [scheduling-1] c.d.e.s.SincronizacaoEstoqueService      : [ESTOQUE] Lendo VW_ECOMMERCE_ESTOQUE no banco de dados...
2026-09-04T09:17:00.250-03:00  INFO 22468 --- [ecommerce] [scheduling-1] c.d.e.s.SincronizacaoEstoqueService      : [ESTOQUE] Ciclo finalizado. Total de atualizações enviadas: 0
2026-09-04T09:18:00.001-03:00  INFO 22468 --- [ecommerce] [scheduling-1] c.d.e.s.SincronizacaoEstoqueService      : [ESTOQUE] Lendo VW_ECOMMERCE_ESTOQUE no banco de dados...
2026-09-04T09:18:00.044-03:00  INFO 22468 --- [ecommerce] [scheduling-1] c.d.e.s.SincronizacaoEstoqueService      : [ESTOQUE] Ciclo finalizado. Total de atualizações enviadas: 0
2026-09-04T09:18:00.045-03:00  INFO 22468 --- [ecommerce] [scheduling-1] c.d.e.service.SincronizacaoService       : Lendo VW_ECOMMERCE_PRECOS no banco de dados...
2026-09-04T09:18:00.188-03:00  INFO 22468 --- [ecommerce] [scheduling-1] c.d.e.service.SincronizacaoService       : Ciclo finalizado. Total de atualizações enviadas: 0
2026-09-04T09:18:59.999-03:00  INFO 22468 --- [ecommerce] [scheduling-1] c.d.e.s.SincronizacaoEstoqueService      : [ESTOQUE] Lendo VW_ECOMMERCE_ESTOQUE no banco de dados...
2026-09-04T09:19:00.029-03:00  INFO 22468 --- [ecommerce] [scheduling-1] c.d.e.s.SincronizacaoEstoqueService      : [ESTOQUE] Ciclo finalizado. Total de atualizações enviadas: 0
2026-09-04T09:19:00.029-03:00  INFO 22468 --- [ecommerce] [scheduling-1] c.d.e.service.SincronizacaoService       : Lendo VW_ECOMMERCE_PRECOS no banco de dados...
2026-09-04T09:19:00.075-03:00  INFO 22468 --- [ecommerce] [scheduling-1] c.d.e.service.SincronizacaoService       : Ciclo finalizado. Total de atualizações enviadas: 0
2026-09-04T09:20:00.000-03:00  INFO 22468 --- [ecommerce] [scheduling-1] c.d.e.service.SincronizacaoService       : Lendo VW_ECOMMERCE_PRECOS no banco de dados...
2026-09-04T09:20:00.053-03:00  INFO 22468 --- [ecommerce] [scheduling-1] c.d.e.service.SincronizacaoService       : Ciclo finalizado. Total de atualizações enviadas: 0
2026-09-04T09:20:00.054-03:00  INFO 22468 --- [ecommerce] [scheduling-1] c.d.e.s.SincronizacaoEstoqueService      : [ESTOQUE] Lendo VW_ECOMMERCE_ESTOQUE no banco de dados...
2026-09-04T09:20:00.091-03:00  INFO 22468 --- [ecommerce] [scheduling-1] c.d.e.s.SincronizacaoEstoqueService      : [ESTOQUE] Ciclo finalizado. Total de atualizações enviadas: 0
2026-09-04T09:21:00.000-03:00  INFO 22468 --- [ecommerce] [scheduling-1] c.d.e.service.SincronizacaoService       : Lendo VW_ECOMMERCE_PRECOS no banco de dados...
2026-09-04T09:21:00.104-03:00  INFO 22468 --- [ecommerce] [scheduling-1] c.d.e.service.SincronizacaoService       : Ciclo finalizado. Total de atualizações enviadas: 0
2026-09-04T09:21:00.104-03:00  INFO 22468 --- [ecommerce] [scheduling-1] c.d.e.s.SincronizacaoEstoqueService      : [ESTOQUE] Lendo VW_ECOMMERCE_ESTOQUE no banco de dados...
2026-09-04T09:21:00.126-03:00  INFO 22468 --- [ecommerce] [scheduling-1] c.d.e.s.SincronizacaoEstoqueService      : [ESTOQUE] Ciclo finalizado. Total de atualizações enviadas: 0
2026-09-04T09:22:00.000-03:00  INFO 22468 --- [ecommerce] [scheduling-1] c.d.e.s.SincronizacaoEstoqueService      : [ESTOQUE] Lendo VW_ECOMMERCE_ESTOQUE no banco de dados...
2026-09-04T09:22:00.081-03:00  INFO 22468 --- [ecommerce] [scheduling-1] c.d.e.s.SincronizacaoEstoqueService      : [ESTOQUE] Ciclo finalizado. Total de atualizações enviadas: 0
2026-09-04T09:22:00.081-03:00  INFO 22468 --- [ecommerce] [scheduling-1] c.d.e.service.SincronizacaoService       : Lendo VW_ECOMMERCE_PRECOS no banco de dados...
2026-09-04T09:22:00.251-03:00  INFO 22468 --- [ecommerce] [scheduling-1] c.d.e.service.SincronizacaoService       : Ciclo finalizado. Total de atualizações enviadas: 0
2026-09-04T09:23:00.001-03:00  INFO 22468 --- [ecommerce] [scheduling-1] c.d.e.s.SincronizacaoEstoqueService      : [ESTOQUE] Lendo VW_ECOMMERCE_ESTOQUE no banco de dados...
2026-09-04T09:23:00.067-03:00  INFO 22468 --- [ecommerce] [scheduling-1] c.d.e.s.SincronizacaoEstoqueService      : [ESTOQUE] Ciclo finalizado. Total de atualizações enviadas: 0
2026-09-04T09:23:00.067-03:00  INFO 22468 --- [ecommerce] [scheduling-1] c.d.e.service.SincronizacaoService       : Lendo VW_ECOMMERCE_PRECOS no banco de dados...
2026-09-04T09:23:00.279-03:00  INFO 22468 --- [ecommerce] [scheduling-1] c.d.e.service.SincronizacaoService       : Ciclo finalizado. Total de atualizações enviadas: 0
2026-09-04T09:24:00.001-03:00  INFO 22468 --- [ecommerce] [scheduling-1] c.d.e.s.SincronizacaoEstoqueService      : [ESTOQUE] Lendo VW_ECOMMERCE_ESTOQUE no banco de dados...
2026-09-04T09:24:00.051-03:00  INFO 22468 --- [ecommerce] [scheduling-1] c.d.e.s.SincronizacaoEstoqueService      : [ESTOQUE] Ciclo finalizado. Total de atualizações enviadas: 0
2026-09-04T09:24:00.051-03:00  INFO 22468 --- [ecommerce] [scheduling-1] c.d.e.service.SincronizacaoService       : Lendo VW_ECOMMERCE_PRECOS no banco de dados...
2026-09-04T09:24:00.138-03:00  INFO 22468 --- [ecommerce] [scheduling-1] c.d.e.service.SincronizacaoService       : Ciclo finalizado. Total de atualizações enviadas: 0
2026-09-04T09:25:00.000-03:00  INFO 22468 --- [ecommerce] [scheduling-1] c.d.e.s.SincronizacaoEstoqueService      : [ESTOQUE] Lendo VW_ECOMMERCE_ESTOQUE no banco de dados...
2026-09-04T09:25:00.037-03:00  INFO 22468 --- [ecommerce] [scheduling-1] c.d.e.s.SincronizacaoEstoqueService      : [ESTOQUE] Ciclo finalizado. Total de atualizações enviadas: 0
2026-09-04T09:25:00.037-03:00  INFO 22468 --- [ecommerce] [scheduling-1] c.d.e.service.SincronizacaoService       : Lendo VW_ECOMMERCE_PRECOS no banco de dados...
2026-09-04T09:25:00.135-03:00  INFO 22468 --- [ecommerce] [scheduling-1] c.d.e.service.SincronizacaoService       : Ciclo finalizado. Total de atualizações enviadas: 0
2026-09-04T09:26:00.001-03:00  INFO 22468 --- [ecommerce] [scheduling-1] c.d.e.s.SincronizacaoEstoqueService      : [ESTOQUE] Lendo VW_ECOMMERCE_ESTOQUE no banco de dados...
2026-09-04T09:26:00.058-03:00  INFO 22468 --- [ecommerce] [scheduling-1] c.d.e.s.SincronizacaoEstoqueService      : [ESTOQUE] Ciclo finalizado. Total de atualizações enviadas: 0
2026-09-04T09:26:00.058-03:00  INFO 22468 --- [ecommerce] [scheduling-1] c.d.e.service.SincronizacaoService       : Lendo VW_ECOMMERCE_PRECOS no banco de dados...
2026-09-04T09:26:00.206-03:00  INFO 22468 --- [ecommerce] [scheduling-1] c.d.e.service.SincronizacaoService       : Ciclo finalizado. Total de atualizações enviadas: 0
2026-09-04T09:27:00.000-03:00  INFO 22468 --- [ecommerce] [scheduling-1] c.d.e.service.SincronizacaoService       : Lendo VW_ECOMMERCE_PRECOS no banco de dados...
2026-09-04T09:27:00.118-03:00  INFO 22468 --- [ecommerce] [scheduling-1] c.d.e.service.SincronizacaoService       : Ciclo finalizado. Total de atualizações enviadas: 0
2026-09-04T09:27:00.118-03:00  INFO 22468 --- [ecommerce] [scheduling-1] c.d.e.s.SincronizacaoEstoqueService      : [ESTOQUE] Lendo VW_ECOMMERCE_ESTOQUE no banco de dados...
2026-09-04T09:27:00.143-03:00  INFO 22468 --- [ecommerce] [scheduling-1] c.d.e.s.SincronizacaoEstoqueService      : [ESTOQUE] Ciclo finalizado. Total de atualizações enviadas: 0
2026-09-04T09:27:59.999-03:00  INFO 22468 --- [ecommerce] [scheduling-1] c.d.e.service.SincronizacaoService       : Lendo VW_ECOMMERCE_PRECOS no banco de dados...
2026-09-04T09:28:00.115-03:00  INFO 22468 --- [ecommerce] [scheduling-1] c.d.e.service.SincronizacaoService       : Ciclo finalizado. Total de atualizações enviadas: 0
2026-09-04T09:28:00.115-03:00  INFO 22468 --- [ecommerce] [scheduling-1] c.d.e.s.SincronizacaoEstoqueService      : [ESTOQUE] Lendo VW_ECOMMERCE_ESTOQUE no banco de dados...
2026-09-04T09:28:00.143-03:00  INFO 22468 --- [ecommerce] [scheduling-1] c.d.e.s.SincronizacaoEstoqueService      : [ESTOQUE] Ciclo finalizado. Total de atualizações enviadas: 0
2026-09-04T09:28:59.999-03:00  INFO 22468 --- [ecommerce] [scheduling-1] c.d.e.s.SincronizacaoEstoqueService      : [ESTOQUE] Lendo VW_ECOMMERCE_ESTOQUE no banco de dados...
2026-09-04T09:29:00.062-03:00  INFO 22468 --- [ecommerce] [scheduling-1] c.d.e.s.SincronizacaoEstoqueService      : [ESTOQUE] Ciclo finalizado. Total de atualizações enviadas: 0
2026-09-04T09:29:00.063-03:00  INFO 22468 --- [ecommerce] [scheduling-1] c.d.e.service.SincronizacaoService       : Lendo VW_ECOMMERCE_PRECOS no banco de dados...
2026-09-04T09:29:00.109-03:00  INFO 22468 --- [ecommerce] [scheduling-1] c.d.e.service.SincronizacaoService       : Ciclo finalizado. Total de atualizações enviadas: 0
2026-09-04T09:29:59.999-03:00  INFO 22468 --- [ecommerce] [scheduling-1] c.d.e.s.SincronizacaoEstoqueService      : [ESTOQUE] Lendo VW_ECOMMERCE_ESTOQUE no banco de dados...
2026-09-04T09:30:00.081-03:00  INFO 22468 --- [ecommerce] [scheduling-1] c.d.e.s.SincronizacaoEstoqueService      : [ESTOQUE] Ciclo finalizado. Total de atualizações enviadas: 0
2026-09-04T09:30:00.081-03:00  INFO 22468 --- [ecommerce] [scheduling-1] c.d.e.service.SincronizacaoService       : Lendo VW_ECOMMERCE_PRECOS no banco de dados...
2026-09-04T09:30:00.133-03:00  INFO 22468 --- [ecommerce] [scheduling-1] c.d.e.service.SincronizacaoService       : Ciclo finalizado. Total de atualizações enviadas: 0
2026-09-04T09:31:00.000-03:00  INFO 22468 --- [ecommerce] [scheduling-1] c.d.e.service.SincronizacaoService       : Lendo VW_ECOMMERCE_PRECOS no banco de dados...
2026-09-04T09:31:00.081-03:00  INFO 22468 --- [ecommerce] [scheduling-1] c.d.e.service.SincronizacaoService       : Ciclo finalizado. Total de atualizações enviadas: 0
2026-09-04T09:31:00.081-03:00  INFO 22468 --- [ecommerce] [scheduling-1] c.d.e.s.SincronizacaoEstoqueService      : [ESTOQUE] Lendo VW_ECOMMERCE_ESTOQUE no banco de dados...
2026-09-04T09:31:00.112-03:00  INFO 22468 --- [ecommerce] [scheduling-1] c.d.e.s.SincronizacaoEstoqueService      : [ESTOQUE] Ciclo finalizado. Total de atualizações enviadas: 0
2026-09-04T09:32:00.001-03:00  INFO 22468 --- [ecommerce] [scheduling-1] c.d.e.service.SincronizacaoService       : Lendo VW_ECOMMERCE_PRECOS no banco de dados...
2026-09-04T09:32:00.231-03:00  INFO 22468 --- [ecommerce] [scheduling-1] c.d.e.service.SincronizacaoService       : Ciclo finalizado. Total de atualizações enviadas: 0
2026-09-04T09:32:00.231-03:00  INFO 22468 --- [ecommerce] [scheduling-1] c.d.e.s.SincronizacaoEstoqueService      : [ESTOQUE] Lendo VW_ECOMMERCE_ESTOQUE no banco de dados...
2026-09-04T09:32:00.266-03:00  INFO 22468 --- [ecommerce] [scheduling-1] c.d.e.s.SincronizacaoEstoqueService      : [ESTOQUE] Ciclo finalizado. Total de atualizações enviadas: 0
2026-09-04T09:33:00.000-03:00  INFO 22468 --- [ecommerce] [scheduling-1] c.d.e.service.SincronizacaoService       : Lendo VW_ECOMMERCE_PRECOS no banco de dados...
2026-09-04T09:33:00.157-03:00  INFO 22468 --- [ecommerce] [scheduling-1] c.d.e.service.SincronizacaoService       : Ciclo finalizado. Total de atualizações enviadas: 0
2026-09-04T09:33:00.157-03:00  INFO 22468 --- [ecommerce] [scheduling-1] c.d.e.s.SincronizacaoEstoqueService      : [ESTOQUE] Lendo VW_ECOMMERCE_ESTOQUE no banco de dados...
2026-09-04T09:33:00.182-03:00  INFO 22468 --- [ecommerce] [scheduling-1] c.d.e.s.SincronizacaoEstoqueService      : [ESTOQUE] Ciclo finalizado. Total de atualizações enviadas: 0
2026-09-04T09:33:59.999-03:00  INFO 22468 --- [ecommerce] [scheduling-1] c.d.e.service.SincronizacaoService       : Lendo VW_ECOMMERCE_PRECOS no banco de dados...
2026-09-04T09:34:00.396-03:00  INFO 22468 --- [ecommerce] [scheduling-1] c.d.e.service.SincronizacaoService       : Ciclo finalizado. Total de atualizações enviadas: 0
2026-09-04T09:34:00.396-03:00  INFO 22468 --- [ecommerce] [scheduling-1] c.d.e.s.SincronizacaoEstoqueService      : [ESTOQUE] Lendo VW_ECOMMERCE_ESTOQUE no banco de dados...
2026-09-04T09:34:00.462-03:00  INFO 22468 --- [ecommerce] [scheduling-1] c.d.e.s.SincronizacaoEstoqueService      : [ESTOQUE] Ciclo finalizado. Total de atualizações enviadas: 0
2026-09-04T09:34:59.999-03:00  INFO 22468 --- [ecommerce] [scheduling-1] c.d.e.s.SincronizacaoEstoqueService      : [ESTOQUE] Lendo VW_ECOMMERCE_ESTOQUE no banco de dados...
2026-09-04T09:35:00.069-03:00  INFO 22468 --- [ecommerce] [scheduling-1] c.d.e.s.SincronizacaoEstoqueService      : [ESTOQUE] Ciclo finalizado. Total de atualizações enviadas: 0
2026-09-04T09:35:00.069-03:00  INFO 22468 --- [ecommerce] [scheduling-1] c.d.e.service.SincronizacaoService       : Lendo VW_ECOMMERCE_PRECOS no banco de dados...
2026-09-04T09:35:00.363-03:00  INFO 22468 --- [ecommerce] [scheduling-1] c.d.e.service.SincronizacaoService       : Ciclo finalizado. Total de atualizações enviadas: 0
2026-09-04T09:36:00.000-03:00  INFO 22468 --- [ecommerce] [scheduling-1] c.d.e.service.SincronizacaoService       : Lendo VW_ECOMMERCE_PRECOS no banco de dados...
2026-09-04T09:36:00.429-03:00  INFO 22468 --- [ecommerce] [scheduling-1] c.d.e.service.SincronizacaoService       : Ciclo finalizado. Total de atualizações enviadas: 0
2026-09-04T09:36:00.429-03:00  INFO 22468 --- [ecommerce] [scheduling-1] c.d.e.s.SincronizacaoEstoqueService      : [ESTOQUE] Lendo VW_ECOMMERCE_ESTOQUE no banco de dados...
2026-09-04T09:36:00.570-03:00  INFO 22468 --- [ecommerce] [scheduling-1] c.d.e.s.SincronizacaoEstoqueService      : [ESTOQUE] Ciclo finalizado. Total de atualizações enviadas: 0
2026-09-04T09:37:00.000-03:00  INFO 22468 --- [ecommerce] [scheduling-1] c.d.e.s.SincronizacaoEstoqueService      : [ESTOQUE] Lendo VW_ECOMMERCE_ESTOQUE no banco de dados...
2026-09-04T09:37:00.110-03:00  INFO 22468 --- [ecommerce] [scheduling-1] c.d.e.s.SincronizacaoEstoqueService      : [ESTOQUE] Ciclo finalizado. Total de atualizações enviadas: 0
2026-09-04T09:37:00.111-03:00  INFO 22468 --- [ecommerce] [scheduling-1] c.d.e.service.SincronizacaoService       : Lendo VW_ECOMMERCE_PRECOS no banco de dados...
2026-09-04T09:37:00.626-03:00  INFO 22468 --- [ecommerce] [scheduling-1] c.d.e.service.SincronizacaoService       : Ciclo finalizado. Total de atualizações enviadas: 0
2026-09-04T09:38:00.000-03:00  INFO 22468 --- [ecommerce] [scheduling-1] c.d.e.s.SincronizacaoEstoqueService      : [ESTOQUE] Lendo VW_ECOMMERCE_ESTOQUE no banco de dados...
2026-09-04T09:38:00.059-03:00  INFO 22468 --- [ecommerce] [scheduling-1] c.d.e.s.SincronizacaoEstoqueService      : [ESTOQUE] Ciclo finalizado. Total de atualizações enviadas: 0
2026-09-04T09:38:00.060-03:00  INFO 22468 --- [ecommerce] [scheduling-1] c.d.e.service.SincronizacaoService       : Lendo VW_ECOMMERCE_PRECOS no banco de dados...
2026-09-04T09:38:00.139-03:00  INFO 22468 --- [ecommerce] [scheduling-1] c.d.e.service.SincronizacaoService       : Ciclo finalizado. Total de atualizações enviadas: 0
2026-09-04T09:39:00.000-03:00  INFO 22468 --- [ecommerce] [scheduling-1] c.d.e.s.SincronizacaoEstoqueService      : [ESTOQUE] Lendo VW_ECOMMERCE_ESTOQUE no banco de dados...
2026-09-04T09:39:00.105-03:00  INFO 22468 --- [ecommerce] [scheduling-1] c.d.e.s.SincronizacaoEstoqueService      : [ESTOQUE] Ciclo finalizado. Total de atualizações enviadas: 0
2026-09-04T09:39:00.106-03:00  INFO 22468 --- [ecommerce] [scheduling-1] c.d.e.service.SincronizacaoService       : Lendo VW_ECOMMERCE_PRECOS no banco de dados...
2026-09-04T09:39:00.278-03:00  INFO 22468 --- [ecommerce] [scheduling-1] c.d.e.service.SincronizacaoService       : Ciclo finalizado. Total de atualizações enviadas: 0
2026-09-04T09:40:00.000-03:00  INFO 22468 --- [ecommerce] [scheduling-1] c.d.e.s.SincronizacaoEstoqueService      : [ESTOQUE] Lendo VW_ECOMMERCE_ESTOQUE no banco de dados...
2026-09-04T09:40:00.110-03:00  INFO 22468 --- [ecommerce] [scheduling-1] c.d.e.s.SincronizacaoEstoqueService      : [ESTOQUE] Ciclo finalizado. Total de atualizações enviadas: 0
2026-09-04T09:40:00.111-03:00  INFO 22468 --- [ecommerce] [scheduling-1] c.d.e.service.SincronizacaoService       : Lendo VW_ECOMMERCE_PRECOS no banco de dados...
2026-09-04T09:40:00.447-03:00  INFO 22468 --- [ecommerce] [scheduling-1] c.d.e.service.SincronizacaoService       : Ciclo finalizado. Total de atualizações enviadas: 0
2026-09-04T09:41:00.000-03:00  INFO 22468 --- [ecommerce] [scheduling-1] c.d.e.s.SincronizacaoEstoqueService      : [ESTOQUE] Lendo VW_ECOMMERCE_ESTOQUE no banco de dados...
2026-09-04T09:41:00.081-03:00  INFO 22468 --- [ecommerce] [scheduling-1] c.d.e.s.SincronizacaoEstoqueService      : [ESTOQUE] Ciclo finalizado. Total de atualizações enviadas: 0
2026-09-04T09:41:00.082-03:00  INFO 22468 --- [ecommerce] [scheduling-1] c.d.e.service.SincronizacaoService       : Lendo VW_ECOMMERCE_PRECOS no banco de dados...
2026-09-04T09:41:00.206-03:00  INFO 22468 --- [ecommerce] [scheduling-1] c.d.e.service.SincronizacaoService       : Ciclo finalizado. Total de atualizações enviadas: 0
2026-09-04T09:41:59.999-03:00  INFO 22468 --- [ecommerce] [scheduling-1] c.d.e.s.SincronizacaoEstoqueService      : [ESTOQUE] Lendo VW_ECOMMERCE_ESTOQUE no banco de dados...
2026-09-04T09:42:00.052-03:00  INFO 22468 --- [ecommerce] [scheduling-1] c.d.e.s.SincronizacaoEstoqueService      : [ESTOQUE] Ciclo finalizado. Total de atualizações enviadas: 0
2026-09-04T09:42:00.052-03:00  INFO 22468 --- [ecommerce] [scheduling-1] c.d.e.service.SincronizacaoService       : Lendo VW_ECOMMERCE_PRECOS no banco de dados...
2026-09-04T09:42:00.096-03:00  INFO 22468 --- [ecommerce] [scheduling-1] c.d.e.service.SincronizacaoService       : Ciclo finalizado. Total de atualizações enviadas: 0
2026-09-04T09:43:00.001-03:00  INFO 22468 --- [ecommerce] [scheduling-1] c.d.e.service.SincronizacaoService       : Lendo VW_ECOMMERCE_PRECOS no banco de dados...
2026-09-04T09:43:00.191-03:00  INFO 22468 --- [ecommerce] [scheduling-1] c.d.e.service.SincronizacaoService       : Ciclo finalizado. Total de atualizações enviadas: 0
2026-09-04T09:43:00.192-03:00  INFO 22468 --- [ecommerce] [scheduling-1] c.d.e.s.SincronizacaoEstoqueService      : [ESTOQUE] Lendo VW_ECOMMERCE_ESTOQUE no banco de dados...
2026-09-04T09:43:00.229-03:00  INFO 22468 --- [ecommerce] [scheduling-1] c.d.e.s.SincronizacaoEstoqueService      : [ESTOQUE] Ciclo finalizado. Total de atualizações enviadas: 0
2026-09-04T09:44:00.000-03:00  INFO 22468 --- [ecommerce] [scheduling-1] c.d.e.s.SincronizacaoEstoqueService      : [ESTOQUE] Lendo VW_ECOMMERCE_ESTOQUE no banco de dados...
2026-09-04T09:44:00.103-03:00  INFO 22468 --- [ecommerce] [scheduling-1] c.d.e.s.SincronizacaoEstoqueService      : [ESTOQUE] Ciclo finalizado. Total de atualizações enviadas: 0
2026-09-04T09:44:00.103-03:00  INFO 22468 --- [ecommerce] [scheduling-1] c.d.e.service.SincronizacaoService       : Lendo VW_ECOMMERCE_PRECOS no banco de dados...
2026-09-04T09:44:00.512-03:00  INFO 22468 --- [ecommerce] [scheduling-1] c.d.e.service.SincronizacaoService       : Ciclo finalizado. Total de atualizações enviadas: 0
2026-09-04T09:45:00.000-03:00  INFO 22468 --- [ecommerce] [scheduling-1] c.d.e.service.SincronizacaoService       : Lendo VW_ECOMMERCE_PRECOS no banco de dados...
2026-09-04T09:45:00.231-03:00  INFO 22468 --- [ecommerce] [scheduling-1] c.d.e.service.SincronizacaoService       : Ciclo finalizado. Total de atualizações enviadas: 0
2026-09-04T09:45:00.233-03:00  INFO 22468 --- [ecommerce] [scheduling-1] c.d.e.s.SincronizacaoEstoqueService      : [ESTOQUE] Lendo VW_ECOMMERCE_ESTOQUE no banco de dados...
2026-09-04T09:45:00.275-03:00  INFO 22468 --- [ecommerce] [scheduling-1] c.d.e.s.SincronizacaoEstoqueService      : [ESTOQUE] Ciclo finalizado. Total de atualizações enviadas: 0
2026-09-04T09:46:00.000-03:00  INFO 22468 --- [ecommerce] [scheduling-1] c.d.e.service.SincronizacaoService       : Lendo VW_ECOMMERCE_PRECOS no banco de dados...
2026-09-04T09:46:00.219-03:00  INFO 22468 --- [ecommerce] [scheduling-1] c.d.e.service.SincronizacaoService       : Ciclo finalizado. Total de atualizações enviadas: 0
2026-09-04T09:46:00.220-03:00  INFO 22468 --- [ecommerce] [scheduling-1] c.d.e.s.SincronizacaoEstoqueService      : [ESTOQUE] Lendo VW_ECOMMERCE_ESTOQUE no banco de dados...
2026-09-04T09:46:00.254-03:00  INFO 22468 --- [ecommerce] [scheduling-1] c.d.e.s.SincronizacaoEstoqueService      : [ESTOQUE] Ciclo finalizado. Total de atualizações enviadas: 0
2026-09-04T09:47:00.001-03:00  INFO 22468 --- [ecommerce] [scheduling-1] c.d.e.service.SincronizacaoService       : Lendo VW_ECOMMERCE_PRECOS no banco de dados...
2026-09-04T09:47:00.095-03:00  INFO 22468 --- [ecommerce] [scheduling-1] c.d.e.service.SincronizacaoService       : Ciclo finalizado. Total de atualizações enviadas: 0
2026-09-04T09:47:00.095-03:00  INFO 22468 --- [ecommerce] [scheduling-1] c.d.e.s.SincronizacaoEstoqueService      : [ESTOQUE] Lendo VW_ECOMMERCE_ESTOQUE no banco de dados...
2026-09-04T09:47:00.125-03:00  INFO 22468 --- [ecommerce] [scheduling-1] c.d.e.s.SincronizacaoEstoqueService      : [ESTOQUE] Ciclo finalizado. Total de atualizações enviadas: 0
2026-09-04T09:48:00.000-03:00  INFO 22468 --- [ecommerce] [scheduling-1] c.d.e.service.SincronizacaoService       : Lendo VW_ECOMMERCE_PRECOS no banco de dados...
2026-09-04T09:48:00.063-03:00  INFO 22468 --- [ecommerce] [scheduling-1] c.d.e.service.SincronizacaoService       : Ciclo finalizado. Total de atualizações enviadas: 0
2026-09-04T09:48:00.063-03:00  INFO 22468 --- [ecommerce] [scheduling-1] c.d.e.s.SincronizacaoEstoqueService      : [ESTOQUE] Lendo VW_ECOMMERCE_ESTOQUE no banco de dados...
2026-09-04T09:48:00.093-03:00  INFO 22468 --- [ecommerce] [scheduling-1] c.d.e.s.SincronizacaoEstoqueService      : [ESTOQUE] Ciclo finalizado. Total de atualizações enviadas: 0
2026-09-04T09:48:59.999-03:00  INFO 22468 --- [ecommerce] [scheduling-1] c.d.e.s.SincronizacaoEstoqueService      : [ESTOQUE] Lendo VW_ECOMMERCE_ESTOQUE no banco de dados...
2026-09-04T09:49:00.090-03:00  INFO 22468 --- [ecommerce] [scheduling-1] c.d.e.s.SincronizacaoEstoqueService      : [ESTOQUE] Ciclo finalizado. Total de atualizações enviadas: 0
2026-09-04T09:49:00.090-03:00  INFO 22468 --- [ecommerce] [scheduling-1] c.d.e.service.SincronizacaoService       : Lendo VW_ECOMMERCE_PRECOS no banco de dados...
2026-09-04T09:49:00.238-03:00  INFO 22468 --- [ecommerce] [scheduling-1] c.d.e.service.SincronizacaoService       : Ciclo finalizado. Total de atualizações enviadas: 0
2026-09-04T09:50:00.000-03:00  INFO 22468 --- [ecommerce] [scheduling-1] c.d.e.service.SincronizacaoService       : Lendo VW_ECOMMERCE_PRECOS no banco de dados...
2026-09-04T09:50:00.095-03:00  INFO 22468 --- [ecommerce] [scheduling-1] c.d.e.service.SincronizacaoService       : Ciclo finalizado. Total de atualizações enviadas: 0
2026-09-04T09:50:00.095-03:00  INFO 22468 --- [ecommerce] [scheduling-1] c.d.e.s.SincronizacaoEstoqueService      : [ESTOQUE] Lendo VW_ECOMMERCE_ESTOQUE no banco de dados...
2026-09-04T09:50:00.119-03:00  INFO 22468 --- [ecommerce] [scheduling-1] c.d.e.s.SincronizacaoEstoqueService      : [ESTOQUE] Ciclo finalizado. Total de atualizações enviadas: 0
2026-09-04T09:50:59.999-03:00  INFO 22468 --- [ecommerce] [scheduling-1] c.d.e.s.SincronizacaoEstoqueService      : [ESTOQUE] Lendo VW_ECOMMERCE_ESTOQUE no banco de dados...
2026-09-04T09:51:00.092-03:00  INFO 22468 --- [ecommerce] [scheduling-1] c.d.e.s.SincronizacaoEstoqueService      : [ESTOQUE] Ciclo finalizado. Total de atualizações enviadas: 0
2026-09-04T09:51:00.092-03:00  INFO 22468 --- [ecommerce] [scheduling-1] c.d.e.service.SincronizacaoService       : Lendo VW_ECOMMERCE_PRECOS no banco de dados...
2026-09-04T09:51:00.191-03:00  INFO 22468 --- [ecommerce] [scheduling-1] c.d.e.service.SincronizacaoService       : Ciclo finalizado. Total de atualizações enviadas: 0
2026-09-04T09:51:59.999-03:00  INFO 22468 --- [ecommerce] [scheduling-1] c.d.e.service.SincronizacaoService       : Lendo VW_ECOMMERCE_PRECOS no banco de dados...
2026-09-04T09:52:00.073-03:00  INFO 22468 --- [ecommerce] [scheduling-1] c.d.e.service.SincronizacaoService       : Ciclo finalizado. Total de atualizações enviadas: 0
2026-09-04T09:52:00.073-03:00  INFO 22468 --- [ecommerce] [scheduling-1] c.d.e.s.SincronizacaoEstoqueService      : [ESTOQUE] Lendo VW_ECOMMERCE_ESTOQUE no banco de dados...
2026-09-04T09:52:00.100-03:00  INFO 22468 --- [ecommerce] [scheduling-1] c.d.e.s.SincronizacaoEstoqueService      : [ESTOQUE] Ciclo finalizado. Total de atualizações enviadas: 0
2026-09-04T09:53:00.000-03:00  INFO 22468 --- [ecommerce] [scheduling-1] c.d.e.s.SincronizacaoEstoqueService      : [ESTOQUE] Lendo VW_ECOMMERCE_ESTOQUE no banco de dados...
2026-09-04T09:53:00.081-03:00  INFO 22468 --- [ecommerce] [scheduling-1] c.d.e.s.SincronizacaoEstoqueService      : [ESTOQUE] Ciclo finalizado. Total de atualizações enviadas: 0
2026-09-04T09:53:00.081-03:00  INFO 22468 --- [ecommerce] [scheduling-1] c.d.e.service.SincronizacaoService       : Lendo VW_ECOMMERCE_PRECOS no banco de dados...
2026-09-04T09:53:00.136-03:00  INFO 22468 --- [ecommerce] [scheduling-1] c.d.e.service.SincronizacaoService       : Ciclo finalizado. Total de atualizações enviadas: 0
2026-09-04T09:54:00.000-03:00  INFO 22468 --- [ecommerce] [scheduling-1] c.d.e.service.SincronizacaoService       : Lendo VW_ECOMMERCE_PRECOS no banco de dados...
2026-09-04T09:54:00.067-03:00  INFO 22468 --- [ecommerce] [scheduling-1] c.d.e.service.SincronizacaoService       : Ciclo finalizado. Total de atualizações enviadas: 0
2026-09-04T09:54:00.067-03:00  INFO 22468 --- [ecommerce] [scheduling-1] c.d.e.s.SincronizacaoEstoqueService      : [ESTOQUE] Lendo VW_ECOMMERCE_ESTOQUE no banco de dados...
2026-09-04T09:54:00.091-03:00  INFO 22468 --- [ecommerce] [scheduling-1] c.d.e.s.SincronizacaoEstoqueService      : [ESTOQUE] Ciclo finalizado. Total de atualizações enviadas: 0
2026-09-04T09:55:00.000-03:00  INFO 22468 --- [ecommerce] [scheduling-1] c.d.e.s.SincronizacaoEstoqueService      : [ESTOQUE] Lendo VW_ECOMMERCE_ESTOQUE no banco de dados...
2026-09-04T09:55:00.084-03:00  INFO 22468 --- [ecommerce] [scheduling-1] c.d.e.s.SincronizacaoEstoqueService      : [ESTOQUE] Ciclo finalizado. Total de atualizações enviadas: 0
2026-09-04T09:55:00.084-03:00  INFO 22468 --- [ecommerce] [scheduling-1] c.d.e.service.SincronizacaoService       : Lendo VW_ECOMMERCE_PRECOS no banco de dados...
2026-09-04T09:55:00.165-03:00  INFO 22468 --- [ecommerce] [scheduling-1] c.d.e.service.SincronizacaoService       : Ciclo finalizado. Total de atualizações enviadas: 0
2026-09-04T09:56:00.000-03:00  INFO 22468 --- [ecommerce] [scheduling-1] c.d.e.s.SincronizacaoEstoqueService      : [ESTOQUE] Lendo VW_ECOMMERCE_ESTOQUE no banco de dados...
2026-09-04T09:56:00.048-03:00  INFO 22468 --- [ecommerce] [scheduling-1] c.d.e.s.SincronizacaoEstoqueService      : [ESTOQUE] Ciclo finalizado. Total de atualizações enviadas: 0
2026-09-04T09:56:00.049-03:00  INFO 22468 --- [ecommerce] [scheduling-1] c.d.e.service.SincronizacaoService       : Lendo VW_ECOMMERCE_PRECOS no banco de dados...
2026-09-04T09:56:00.162-03:00  INFO 22468 --- [ecommerce] [scheduling-1] c.d.e.service.SincronizacaoService       : Ciclo finalizado. Total de atualizações enviadas: 0
2026-09-04T09:56:59.999-03:00  INFO 22468 --- [ecommerce] [scheduling-1] c.d.e.s.SincronizacaoEstoqueService      : [ESTOQUE] Lendo VW_ECOMMERCE_ESTOQUE no banco de dados...
2026-09-04T09:57:00.095-03:00  INFO 22468 --- [ecommerce] [scheduling-1] c.d.e.s.SincronizacaoEstoqueService      : [ESTOQUE] Ciclo finalizado. Total de atualizações enviadas: 0
2026-09-04T09:57:00.095-03:00  INFO 22468 --- [ecommerce] [scheduling-1] c.d.e.service.SincronizacaoService       : Lendo VW_ECOMMERCE_PRECOS no banco de dados...
2026-09-04T09:57:00.605-03:00  INFO 22468 --- [ecommerce] [scheduling-1] c.d.e.service.SincronizacaoService       : Ciclo finalizado. Total de atualizações enviadas: 0
2026-09-04T09:58:00.000-03:00  INFO 22468 --- [ecommerce] [scheduling-1] c.d.e.service.SincronizacaoService       : Lendo VW_ECOMMERCE_PRECOS no banco de dados...
2026-09-04T09:58:00.054-03:00  INFO 22468 --- [ecommerce] [scheduling-1] c.d.e.service.SincronizacaoService       : Ciclo finalizado. Total de atualizações enviadas: 0
2026-09-04T09:58:00.054-03:00  INFO 22468 --- [ecommerce] [scheduling-1] c.d.e.s.SincronizacaoEstoqueService      : [ESTOQUE] Lendo VW_ECOMMERCE_ESTOQUE no banco de dados...
2026-09-04T09:58:00.087-03:00  INFO 22468 --- [ecommerce] [scheduling-1] c.d.e.s.SincronizacaoEstoqueService      : [ESTOQUE] Ciclo finalizado. Total de atualizações enviadas: 0
2026-09-04T09:59:00.000-03:00  INFO 22468 --- [ecommerce] [scheduling-1] c.d.e.s.SincronizacaoEstoqueService      : [ESTOQUE] Lendo VW_ECOMMERCE_ESTOQUE no banco de dados...
2026-09-04T09:59:00.045-03:00  INFO 22468 --- [ecommerce] [scheduling-1] c.d.e.s.SincronizacaoEstoqueService      : [ESTOQUE] Ciclo finalizado. Total de atualizações enviadas: 0
2026-09-04T09:59:00.045-03:00  INFO 22468 --- [ecommerce] [scheduling-1] c.d.e.service.SincronizacaoService       : Lendo VW_ECOMMERCE_PRECOS no banco de dados...
2026-09-04T09:59:00.128-03:00  INFO 22468 --- [ecommerce] [scheduling-1] c.d.e.service.SincronizacaoService       : Ciclo finalizado. Total de atualizações enviadas: 0
2026-09-04T09:59:59.999-03:00  INFO 22468 --- [ecommerce] [scheduling-1] c.d.e.s.SincronizacaoEstoqueService      : [ESTOQUE] Lendo VW_ECOMMERCE_ESTOQUE no banco de dados...
2026-09-04T10:00:00.095-03:00  INFO 22468 --- [ecommerce] [scheduling-1] c.d.e.s.SincronizacaoEstoqueService      : [ESTOQUE] Ciclo finalizado. Total de atualizações enviadas: 0
2026-09-04T10:00:00.096-03:00  INFO 22468 --- [ecommerce] [scheduling-1] c.d.e.service.SincronizacaoService       : Lendo VW_ECOMMERCE_PRECOS no banco de dados...
2026-09-04T10:00:00.174-03:00  INFO 22468 --- [ecommerce] [scheduling-1] c.d.e.service.SincronizacaoService       : Ciclo finalizado. Total de atualizações enviadas: 0
2026-09-04T10:01:00.000-03:00  INFO 22468 --- [ecommerce] [scheduling-1] c.d.e.service.SincronizacaoService       : Lendo VW_ECOMMERCE_PRECOS no banco de dados...
2026-09-04T10:01:00.480-03:00  INFO 22468 --- [ecommerce] [scheduling-1] c.d.e.service.SincronizacaoService       : Ciclo finalizado. Total de atualizações enviadas: 0
2026-09-04T10:01:00.480-03:00  INFO 22468 --- [ecommerce] [scheduling-1] c.d.e.s.SincronizacaoEstoqueService      : [ESTOQUE] Lendo VW_ECOMMERCE_ESTOQUE no banco de dados...
2026-09-04T10:01:00.579-03:00  INFO 22468 --- [ecommerce] [scheduling-1] c.d.e.s.SincronizacaoEstoqueService      : [ESTOQUE] Ciclo finalizado. Total de atualizações enviadas: 0
2026-09-04T10:02:00.000-03:00  INFO 22468 --- [ecommerce] [scheduling-1] c.d.e.service.SincronizacaoService       : Lendo VW_ECOMMERCE_PRECOS no banco de dados...
2026-09-04T10:02:00.062-03:00  INFO 22468 --- [ecommerce] [scheduling-1] c.d.e.service.SincronizacaoService       : Ciclo finalizado. Total de atualizações enviadas: 0
2026-09-04T10:02:00.062-03:00  INFO 22468 --- [ecommerce] [scheduling-1] c.d.e.s.SincronizacaoEstoqueService      : [ESTOQUE] Lendo VW_ECOMMERCE_ESTOQUE no banco de dados...
2026-09-04T10:02:00.096-03:00  INFO 22468 --- [ecommerce] [scheduling-1] c.d.e.s.SincronizacaoEstoqueService      : [ESTOQUE] Ciclo finalizado. Total de atualizações enviadas: 0
2026-09-04T10:03:00.001-03:00  INFO 22468 --- [ecommerce] [scheduling-1] c.d.e.service.SincronizacaoService       : Lendo VW_ECOMMERCE_PRECOS no banco de dados...
2026-09-04T10:03:00.086-03:00  INFO 22468 --- [ecommerce] [scheduling-1] c.d.e.service.SincronizacaoService       : Ciclo finalizado. Total de atualizações enviadas: 0
2026-09-04T10:03:00.086-03:00  INFO 22468 --- [ecommerce] [scheduling-1] c.d.e.s.SincronizacaoEstoqueService      : [ESTOQUE] Lendo VW_ECOMMERCE_ESTOQUE no banco de dados...
2026-09-04T10:03:00.115-03:00  INFO 22468 --- [ecommerce] [scheduling-1] c.d.e.s.SincronizacaoEstoqueService      : [ESTOQUE] Ciclo finalizado. Total de atualizações enviadas: 0
2026-09-04T10:04:00.001-03:00  INFO 22468 --- [ecommerce] [scheduling-1] c.d.e.s.SincronizacaoEstoqueService      : [ESTOQUE] Lendo VW_ECOMMERCE_ESTOQUE no banco de dados...
2026-09-04T10:04:00.080-03:00  INFO 22468 --- [ecommerce] [scheduling-1] c.d.e.s.SincronizacaoEstoqueService      : [ESTOQUE] Ciclo finalizado. Total de atualizações enviadas: 0
2026-09-04T10:04:00.080-03:00  INFO 22468 --- [ecommerce] [scheduling-1] c.d.e.service.SincronizacaoService       : Lendo VW_ECOMMERCE_PRECOS no banco de dados...
2026-09-04T10:04:00.128-03:00  INFO 22468 --- [ecommerce] [scheduling-1] c.d.e.service.SincronizacaoService       : Ciclo finalizado. Total de atualizações enviadas: 0
2026-09-04T10:04:59.999-03:00  INFO 22468 --- [ecommerce] [scheduling-1] c.d.e.service.SincronizacaoService       : Lendo VW_ECOMMERCE_PRECOS no banco de dados...
2026-09-04T10:05:00.429-03:00  INFO 22468 --- [ecommerce] [scheduling-1] c.d.e.service.SincronizacaoService       : Ciclo finalizado. Total de atualizações enviadas: 0
2026-09-04T10:05:00.429-03:00  INFO 22468 --- [ecommerce] [scheduling-1] c.d.e.s.SincronizacaoEstoqueService      : [ESTOQUE] Lendo VW_ECOMMERCE_ESTOQUE no banco de dados...
2026-09-04T10:05:00.470-03:00  INFO 22468 --- [ecommerce] [scheduling-1] c.d.e.s.SincronizacaoEstoqueService      : [ESTOQUE] Ciclo finalizado. Total de atualizações enviadas: 0
2026-09-04T10:06:00.001-03:00  INFO 22468 --- [ecommerce] [scheduling-1] c.d.e.service.SincronizacaoService       : Lendo VW_ECOMMERCE_PRECOS no banco de dados...
2026-09-04T10:06:00.120-03:00  INFO 22468 --- [ecommerce] [scheduling-1] c.d.e.service.SincronizacaoService       : Ciclo finalizado. Total de atualizações enviadas: 0
2026-09-04T10:06:00.120-03:00  INFO 22468 --- [ecommerce] [scheduling-1] c.d.e.s.SincronizacaoEstoqueService      : [ESTOQUE] Lendo VW_ECOMMERCE_ESTOQUE no banco de dados...
2026-09-04T10:06:00.139-03:00  INFO 22468 --- [ecommerce] [scheduling-1] c.d.e.s.SincronizacaoEstoqueService      : [ESTOQUE] Ciclo finalizado. Total de atualizações enviadas: 0
2026-09-04T10:07:00.000-03:00  INFO 22468 --- [ecommerce] [scheduling-1] c.d.e.s.SincronizacaoEstoqueService      : [ESTOQUE] Lendo VW_ECOMMERCE_ESTOQUE no banco de dados...
2026-09-04T10:07:00.042-03:00  INFO 22468 --- [ecommerce] [scheduling-1] c.d.e.s.SincronizacaoEstoqueService      : [ESTOQUE] Ciclo finalizado. Total de atualizações enviadas: 0
2026-09-04T10:07:00.043-03:00  INFO 22468 --- [ecommerce] [scheduling-1] c.d.e.service.SincronizacaoService       : Lendo VW_ECOMMERCE_PRECOS no banco de dados...
2026-09-04T10:07:00.094-03:00  INFO 22468 --- [ecommerce] [scheduling-1] c.d.e.service.SincronizacaoService       : Ciclo finalizado. Total de atualizações enviadas: 0
2026-09-04T10:08:00.000-03:00  INFO 22468 --- [ecommerce] [scheduling-1] c.d.e.service.SincronizacaoService       : Lendo VW_ECOMMERCE_PRECOS no banco de dados...
2026-09-04T10:08:00.166-03:00  INFO 22468 --- [ecommerce] [scheduling-1] c.d.e.service.SincronizacaoService       : Ciclo finalizado. Total de atualizações enviadas: 0
2026-09-04T10:08:00.166-03:00  INFO 22468 --- [ecommerce] [scheduling-1] c.d.e.s.SincronizacaoEstoqueService      : [ESTOQUE] Lendo VW_ECOMMERCE_ESTOQUE no banco de dados...
2026-09-04T10:08:00.217-03:00  INFO 22468 --- [ecommerce] [scheduling-1] c.d.e.s.SincronizacaoEstoqueService      : [ESTOQUE] Ciclo finalizado. Total de atualizações enviadas: 0
2026-09-04T10:09:00.000-03:00  INFO 22468 --- [ecommerce] [scheduling-1] c.d.e.service.SincronizacaoService       : Lendo VW_ECOMMERCE_PRECOS no banco de dados...
2026-09-04T10:09:00.108-03:00  INFO 22468 --- [ecommerce] [scheduling-1] c.d.e.service.SincronizacaoService       : Ciclo finalizado. Total de atualizações enviadas: 0
2026-09-04T10:09:00.108-03:00  INFO 22468 --- [ecommerce] [scheduling-1] c.d.e.s.SincronizacaoEstoqueService      : [ESTOQUE] Lendo VW_ECOMMERCE_ESTOQUE no banco de dados...
2026-09-04T10:09:00.136-03:00  INFO 22468 --- [ecommerce] [scheduling-1] c.d.e.s.SincronizacaoEstoqueService      : [ESTOQUE] Ciclo finalizado. Total de atualizações enviadas: 0
2026-09-04T10:10:00.000-03:00  INFO 22468 --- [ecommerce] [scheduling-1] c.d.e.service.SincronizacaoService       : Lendo VW_ECOMMERCE_PRECOS no banco de dados...
2026-09-04T10:10:00.280-03:00  INFO 22468 --- [ecommerce] [scheduling-1] c.d.e.service.SincronizacaoService       : Ciclo finalizado. Total de atualizações enviadas: 0
2026-09-04T10:10:00.280-03:00  INFO 22468 --- [ecommerce] [scheduling-1] c.d.e.s.SincronizacaoEstoqueService      : [ESTOQUE] Lendo VW_ECOMMERCE_ESTOQUE no banco de dados...
2026-09-04T10:10:00.308-03:00  INFO 22468 --- [ecommerce] [scheduling-1] c.d.e.s.SincronizacaoEstoqueService      : [ESTOQUE] Ciclo finalizado. Total de atualizações enviadas: 0
2026-09-04T10:11:00.001-03:00  INFO 22468 --- [ecommerce] [scheduling-1] c.d.e.s.SincronizacaoEstoqueService      : [ESTOQUE] Lendo VW_ECOMMERCE_ESTOQUE no banco de dados...
2026-09-04T10:11:00.099-03:00  INFO 22468 --- [ecommerce] [scheduling-1] c.d.e.s.SincronizacaoEstoqueService      : [ESTOQUE] Ciclo finalizado. Total de atualizações enviadas: 0
2026-09-04T10:11:00.099-03:00  INFO 22468 --- [ecommerce] [scheduling-1] c.d.e.service.SincronizacaoService       : Lendo VW_ECOMMERCE_PRECOS no banco de dados...
2026-09-04T10:11:00.351-03:00  INFO 22468 --- [ecommerce] [scheduling-1] c.d.e.service.SincronizacaoService       : Ciclo finalizado. Total de atualizações enviadas: 0
2026-09-04T10:12:00.000-03:00  INFO 22468 --- [ecommerce] [scheduling-1] c.d.e.s.SincronizacaoEstoqueService      : [ESTOQUE] Lendo VW_ECOMMERCE_ESTOQUE no banco de dados...
2026-09-04T10:12:00.050-03:00  INFO 22468 --- [ecommerce] [scheduling-1] c.d.e.s.SincronizacaoEstoqueService      : [ESTOQUE] Ciclo finalizado. Total de atualizações enviadas: 0
2026-09-04T10:12:00.050-03:00  INFO 22468 --- [ecommerce] [scheduling-1] c.d.e.service.SincronizacaoService       : Lendo VW_ECOMMERCE_PRECOS no banco de dados...
2026-09-04T10:12:00.149-03:00  INFO 22468 --- [ecommerce] [scheduling-1] c.d.e.service.SincronizacaoService       : Ciclo finalizado. Total de atualizações enviadas: 0
2026-09-04T10:13:00.000-03:00  INFO 22468 --- [ecommerce] [scheduling-1] c.d.e.service.SincronizacaoService       : Lendo VW_ECOMMERCE_PRECOS no banco de dados...
2026-09-04T10:13:00.146-03:00  INFO 22468 --- [ecommerce] [scheduling-1] c.d.e.service.SincronizacaoService       : Ciclo finalizado. Total de atualizações enviadas: 0
2026-09-04T10:13:00.147-03:00  INFO 22468 --- [ecommerce] [scheduling-1] c.d.e.s.SincronizacaoEstoqueService      : [ESTOQUE] Lendo VW_ECOMMERCE_ESTOQUE no banco de dados...
2026-09-04T10:13:00.186-03:00  INFO 22468 --- [ecommerce] [scheduling-1] c.d.e.s.SincronizacaoEstoqueService      : [ESTOQUE] Ciclo finalizado. Total de atualizações enviadas: 0
2026-09-04T10:14:00.000-03:00  INFO 22468 --- [ecommerce] [scheduling-1] c.d.e.service.SincronizacaoService       : Lendo VW_ECOMMERCE_PRECOS no banco de dados...
2026-09-04T10:14:00.158-03:00  INFO 22468 --- [ecommerce] [scheduling-1] c.d.e.service.SincronizacaoService       : Ciclo finalizado. Total de atualizações enviadas: 0
2026-09-04T10:14:00.158-03:00  INFO 22468 --- [ecommerce] [scheduling-1] c.d.e.s.SincronizacaoEstoqueService      : [ESTOQUE] Lendo VW_ECOMMERCE_ESTOQUE no banco de dados...
2026-09-04T10:14:00.204-03:00  INFO 22468 --- [ecommerce] [scheduling-1] c.d.e.s.SincronizacaoEstoqueService      : [ESTOQUE] Ciclo finalizado. Total de atualizações enviadas: 0
2026-09-04T10:15:00.000-03:00  INFO 22468 --- [ecommerce] [scheduling-1] c.d.e.s.SincronizacaoEstoqueService      : [ESTOQUE] Lendo VW_ECOMMERCE_ESTOQUE no banco de dados...
2026-09-04T10:15:00.084-03:00  INFO 22468 --- [ecommerce] [scheduling-1] c.d.e.s.SincronizacaoEstoqueService      : [ESTOQUE] Ciclo finalizado. Total de atualizações enviadas: 0
2026-09-04T10:15:00.085-03:00  INFO 22468 --- [ecommerce] [scheduling-1] c.d.e.service.SincronizacaoService       : Lendo VW_ECOMMERCE_PRECOS no banco de dados...
2026-09-04T10:15:00.237-03:00  INFO 22468 --- [ecommerce] [scheduling-1] c.d.e.service.SincronizacaoService       : Ciclo finalizado. Total de atualizações enviadas: 0
2026-09-04T10:16:00.000-03:00  INFO 22468 --- [ecommerce] [scheduling-1] c.d.e.s.SincronizacaoEstoqueService      : [ESTOQUE] Lendo VW_ECOMMERCE_ESTOQUE no banco de dados...
2026-09-04T10:16:00.029-03:00  INFO 22468 --- [ecommerce] [scheduling-1] c.d.e.s.SincronizacaoEstoqueService      : [ESTOQUE] Ciclo finalizado. Total de atualizações enviadas: 0
2026-09-04T10:16:00.029-03:00  INFO 22468 --- [ecommerce] [scheduling-1] c.d.e.service.SincronizacaoService       : Lendo VW_ECOMMERCE_PRECOS no banco de dados...
2026-09-04T10:16:00.093-03:00  INFO 22468 --- [ecommerce] [scheduling-1] c.d.e.service.SincronizacaoService       : Ciclo finalizado. Total de atualizações enviadas: 0
2026-09-04T10:17:00.000-03:00  INFO 22468 --- [ecommerce] [scheduling-1] c.d.e.s.SincronizacaoEstoqueService      : [ESTOQUE] Lendo VW_ECOMMERCE_ESTOQUE no banco de dados...
2026-09-04T10:17:00.093-03:00  INFO 22468 --- [ecommerce] [scheduling-1] c.d.e.s.SincronizacaoEstoqueService      : [ESTOQUE] Ciclo finalizado. Total de atualizações enviadas: 0
2026-09-04T10:17:00.093-03:00  INFO 22468 --- [ecommerce] [scheduling-1] c.d.e.service.SincronizacaoService       : Lendo VW_ECOMMERCE_PRECOS no banco de dados...
2026-09-04T10:17:00.222-03:00  INFO 22468 --- [ecommerce] [scheduling-1] c.d.e.service.SincronizacaoService       : Ciclo finalizado. Total de atualizações enviadas: 0
2026-09-04T10:18:00.000-03:00  INFO 22468 --- [ecommerce] [scheduling-1] c.d.e.service.SincronizacaoService       : Lendo VW_ECOMMERCE_PRECOS no banco de dados...
2026-09-04T10:18:00.522-03:00  INFO 22468 --- [ecommerce] [scheduling-1] c.d.e.service.SincronizacaoService       : Ciclo finalizado. Total de atualizações enviadas: 0
2026-09-04T10:18:00.523-03:00  INFO 22468 --- [ecommerce] [scheduling-1] c.d.e.s.SincronizacaoEstoqueService      : [ESTOQUE] Lendo VW_ECOMMERCE_ESTOQUE no banco de dados...
2026-09-04T10:18:00.600-03:00  INFO 22468 --- [ecommerce] [scheduling-1] c.d.e.s.SincronizacaoEstoqueService      : [ESTOQUE] Ciclo finalizado. Total de atualizações enviadas: 0
2026-09-04T10:18:59.999-03:00  INFO 22468 --- [ecommerce] [scheduling-1] c.d.e.service.SincronizacaoService       : Lendo VW_ECOMMERCE_PRECOS no banco de dados...
2026-09-04T10:19:00.224-03:00  INFO 22468 --- [ecommerce] [scheduling-1] c.d.e.service.SincronizacaoService       : Ciclo finalizado. Total de atualizações enviadas: 0
2026-09-04T10:19:00.225-03:00  INFO 22468 --- [ecommerce] [scheduling-1] c.d.e.s.SincronizacaoEstoqueService      : [ESTOQUE] Lendo VW_ECOMMERCE_ESTOQUE no banco de dados...
2026-09-04T10:19:00.259-03:00  INFO 22468 --- [ecommerce] [scheduling-1] c.d.e.s.SincronizacaoEstoqueService      : [ESTOQUE] Ciclo finalizado. Total de atualizações enviadas: 0
2026-09-04T10:20:00.000-03:00  INFO 22468 --- [ecommerce] [scheduling-1] c.d.e.s.SincronizacaoEstoqueService      : [ESTOQUE] Lendo VW_ECOMMERCE_ESTOQUE no banco de dados...
2026-09-04T10:20:00.102-03:00  INFO 22468 --- [ecommerce] [scheduling-1] c.d.e.s.SincronizacaoEstoqueService      : [ESTOQUE] Ciclo finalizado. Total de atualizações enviadas: 0
2026-09-04T10:20:00.102-03:00  INFO 22468 --- [ecommerce] [scheduling-1] c.d.e.service.SincronizacaoService       : Lendo VW_ECOMMERCE_PRECOS no banco de dados...
2026-09-04T10:20:00.254-03:00  INFO 22468 --- [ecommerce] [scheduling-1] c.d.e.service.SincronizacaoService       : Ciclo finalizado. Total de atualizações enviadas: 0
2026-09-04T10:21:00.000-03:00  INFO 22468 --- [ecommerce] [scheduling-1] c.d.e.service.SincronizacaoService       : Lendo VW_ECOMMERCE_PRECOS no banco de dados...
2026-09-04T10:21:00.180-03:00  INFO 22468 --- [ecommerce] [scheduling-1] c.d.e.service.SincronizacaoService       : Ciclo finalizado. Total de atualizações enviadas: 0
2026-09-04T10:21:00.180-03:00  INFO 22468 --- [ecommerce] [scheduling-1] c.d.e.s.SincronizacaoEstoqueService      : [ESTOQUE] Lendo VW_ECOMMERCE_ESTOQUE no banco de dados...
2026-09-04T10:21:00.223-03:00  INFO 22468 --- [ecommerce] [scheduling-1] c.d.e.s.SincronizacaoEstoqueService      : [ESTOQUE] Ciclo finalizado. Total de atualizações enviadas: 0
2026-09-04T10:22:00.001-03:00  INFO 22468 --- [ecommerce] [scheduling-1] c.d.e.s.SincronizacaoEstoqueService      : [ESTOQUE] Lendo VW_ECOMMERCE_ESTOQUE no banco de dados...
2026-09-04T10:22:00.039-03:00  INFO 22468 --- [ecommerce] [scheduling-1] c.d.e.s.SincronizacaoEstoqueService      : [ESTOQUE] Ciclo finalizado. Total de atualizações enviadas: 0
2026-09-04T10:22:00.039-03:00  INFO 22468 --- [ecommerce] [scheduling-1] c.d.e.service.SincronizacaoService       : Lendo VW_ECOMMERCE_PRECOS no banco de dados...
2026-09-04T10:22:00.088-03:00  INFO 22468 --- [ecommerce] [scheduling-1] c.d.e.service.SincronizacaoService       : Ciclo finalizado. Total de atualizações enviadas: 0
2026-09-04T10:23:00.000-03:00  INFO 22468 --- [ecommerce] [scheduling-1] c.d.e.service.SincronizacaoService       : Lendo VW_ECOMMERCE_PRECOS no banco de dados...
2026-09-04T10:23:00.376-03:00  INFO 22468 --- [ecommerce] [scheduling-1] c.d.e.service.SincronizacaoService       : Ciclo finalizado. Total de atualizações enviadas: 0
2026-09-04T10:23:00.376-03:00  INFO 22468 --- [ecommerce] [scheduling-1] c.d.e.s.SincronizacaoEstoqueService      : [ESTOQUE] Lendo VW_ECOMMERCE_ESTOQUE no banco de dados...
2026-09-04T10:23:00.446-03:00  INFO 22468 --- [ecommerce] [scheduling-1] c.d.e.s.SincronizacaoEstoqueService      : [ESTOQUE] Ciclo finalizado. Total de atualizações enviadas: 0
2026-09-04T10:23:59.999-03:00  INFO 22468 --- [ecommerce] [scheduling-1] c.d.e.s.SincronizacaoEstoqueService      : [ESTOQUE] Lendo VW_ECOMMERCE_ESTOQUE no banco de dados...
2026-09-04T10:24:00.107-03:00  INFO 22468 --- [ecommerce] [scheduling-1] c.d.e.s.SincronizacaoEstoqueService      : [ESTOQUE] Ciclo finalizado. Total de atualizações enviadas: 0
2026-09-04T10:24:00.108-03:00  INFO 22468 --- [ecommerce] [scheduling-1] c.d.e.service.SincronizacaoService       : Lendo VW_ECOMMERCE_PRECOS no banco de dados...
2026-09-04T10:24:00.254-03:00  INFO 22468 --- [ecommerce] [scheduling-1] c.d.e.service.SincronizacaoService       : Ciclo finalizado. Total de atualizações enviadas: 0
2026-09-04T10:25:00.000-03:00  INFO 22468 --- [ecommerce] [scheduling-1] c.d.e.s.SincronizacaoEstoqueService      : [ESTOQUE] Lendo VW_ECOMMERCE_ESTOQUE no banco de dados...
2026-09-04T10:25:00.042-03:00  INFO 22468 --- [ecommerce] [scheduling-1] c.d.e.s.SincronizacaoEstoqueService      : [ESTOQUE] Ciclo finalizado. Total de atualizações enviadas: 0
2026-09-04T10:25:00.043-03:00  INFO 22468 --- [ecommerce] [scheduling-1] c.d.e.service.SincronizacaoService       : Lendo VW_ECOMMERCE_PRECOS no banco de dados...
2026-09-04T10:25:00.093-03:00  INFO 22468 --- [ecommerce] [scheduling-1] c.d.e.service.SincronizacaoService       : Ciclo finalizado. Total de atualizações enviadas: 0
2026-09-04T10:25:59.999-03:00  INFO 22468 --- [ecommerce] [scheduling-1] c.d.e.s.SincronizacaoEstoqueService      : [ESTOQUE] Lendo VW_ECOMMERCE_ESTOQUE no banco de dados...
2026-09-04T10:26:00.078-03:00  INFO 22468 --- [ecommerce] [scheduling-1] c.d.e.s.SincronizacaoEstoqueService      : [ESTOQUE] Ciclo finalizado. Total de atualizações enviadas: 0
2026-09-04T10:26:00.078-03:00  INFO 22468 --- [ecommerce] [scheduling-1] c.d.e.service.SincronizacaoService       : Lendo VW_ECOMMERCE_PRECOS no banco de dados...
2026-09-04T10:26:00.271-03:00  INFO 22468 --- [ecommerce] [scheduling-1] c.d.e.service.SincronizacaoService       : Ciclo finalizado. Total de atualizações enviadas: 0
2026-09-04T10:27:00.000-03:00  INFO 22468 --- [ecommerce] [scheduling-1] c.d.e.service.SincronizacaoService       : Lendo VW_ECOMMERCE_PRECOS no banco de dados...
2026-09-04T10:27:00.283-03:00  INFO 22468 --- [ecommerce] [scheduling-1] c.d.e.service.SincronizacaoService       : Ciclo finalizado. Total de atualizações enviadas: 0
2026-09-04T10:27:00.283-03:00  INFO 22468 --- [ecommerce] [scheduling-1] c.d.e.s.SincronizacaoEstoqueService      : [ESTOQUE] Lendo VW_ECOMMERCE_ESTOQUE no banco de dados...
2026-09-04T10:27:00.312-03:00  INFO 22468 --- [ecommerce] [scheduling-1] c.d.e.s.SincronizacaoEstoqueService      : [ESTOQUE] Ciclo finalizado. Total de atualizações enviadas: 0
2026-09-04T10:28:00.001-03:00  INFO 22468 --- [ecommerce] [scheduling-1] c.d.e.service.SincronizacaoService       : Lendo VW_ECOMMERCE_PRECOS no banco de dados...
2026-09-04T10:28:00.243-03:00  INFO 22468 --- [ecommerce] [scheduling-1] c.d.e.service.SincronizacaoService       : Ciclo finalizado. Total de atualizações enviadas: 0
2026-09-04T10:28:00.243-03:00  INFO 22468 --- [ecommerce] [scheduling-1] c.d.e.s.SincronizacaoEstoqueService      : [ESTOQUE] Lendo VW_ECOMMERCE_ESTOQUE no banco de dados...
2026-09-04T10:28:00.281-03:00  INFO 22468 --- [ecommerce] [scheduling-1] c.d.e.s.SincronizacaoEstoqueService      : [ESTOQUE] Ciclo finalizado. Total de atualizações enviadas: 0
2026-09-04T10:29:00.000-03:00  INFO 22468 --- [ecommerce] [scheduling-1] c.d.e.s.SincronizacaoEstoqueService      : [ESTOQUE] Lendo VW_ECOMMERCE_ESTOQUE no banco de dados...
2026-09-04T10:29:00.107-03:00  INFO 22468 --- [ecommerce] [scheduling-1] c.d.e.s.SincronizacaoEstoqueService      : [ESTOQUE] Ciclo finalizado. Total de atualizações enviadas: 0
2026-09-04T10:29:00.107-03:00  INFO 22468 --- [ecommerce] [scheduling-1] c.d.e.service.SincronizacaoService       : Lendo VW_ECOMMERCE_PRECOS no banco de dados...
2026-09-04T10:29:00.592-03:00  INFO 22468 --- [ecommerce] [scheduling-1] c.d.e.service.SincronizacaoService       : Ciclo finalizado. Total de atualizações enviadas: 0
2026-09-04T10:30:00.001-03:00  INFO 22468 --- [ecommerce] [scheduling-1] c.d.e.service.SincronizacaoService       : Lendo VW_ECOMMERCE_PRECOS no banco de dados...
2026-09-04T10:30:00.198-03:00  INFO 22468 --- [ecommerce] [scheduling-1] c.d.e.service.SincronizacaoService       : Ciclo finalizado. Total de atualizações enviadas: 0
2026-09-04T10:30:00.198-03:00  INFO 22468 --- [ecommerce] [scheduling-1] c.d.e.s.SincronizacaoEstoqueService      : [ESTOQUE] Lendo VW_ECOMMERCE_ESTOQUE no banco de dados...
2026-09-04T10:30:00.239-03:00  INFO 22468 --- [ecommerce] [scheduling-1] c.d.e.s.SincronizacaoEstoqueService      : [ESTOQUE] Ciclo finalizado. Total de atualizações enviadas: 0
2026-09-04T10:31:00.001-03:00  INFO 22468 --- [ecommerce] [scheduling-1] c.d.e.s.SincronizacaoEstoqueService      : [ESTOQUE] Lendo VW_ECOMMERCE_ESTOQUE no banco de dados...
2026-09-04T10:31:00.060-03:00  INFO 22468 --- [ecommerce] [scheduling-1] c.d.e.s.SincronizacaoEstoqueService      : [ESTOQUE] Ciclo finalizado. Total de atualizações enviadas: 0
2026-09-04T10:31:00.060-03:00  INFO 22468 --- [ecommerce] [scheduling-1] c.d.e.service.SincronizacaoService       : Lendo VW_ECOMMERCE_PRECOS no banco de dados...
2026-09-04T10:31:00.383-03:00  INFO 22468 --- [ecommerce] [scheduling-1] c.d.e.service.SincronizacaoService       : Ciclo finalizado. Total de atualizações enviadas: 0
2026-09-04T10:32:00.000-03:00  INFO 22468 --- [ecommerce] [scheduling-1] c.d.e.s.SincronizacaoEstoqueService      : [ESTOQUE] Lendo VW_ECOMMERCE_ESTOQUE no banco de dados...
2026-09-04T10:32:00.097-03:00  INFO 22468 --- [ecommerce] [scheduling-1] c.d.e.s.SincronizacaoEstoqueService      : [ESTOQUE] Ciclo finalizado. Total de atualizações enviadas: 0
2026-09-04T10:32:00.098-03:00  INFO 22468 --- [ecommerce] [scheduling-1] c.d.e.service.SincronizacaoService       : Lendo VW_ECOMMERCE_PRECOS no banco de dados...
2026-09-04T10:32:00.143-03:00  INFO 22468 --- [ecommerce] [scheduling-1] c.d.e.service.SincronizacaoService       : Ciclo finalizado. Total de atualizações enviadas: 0
2026-09-04T10:33:00.001-03:00  INFO 22468 --- [ecommerce] [scheduling-1] c.d.e.s.SincronizacaoEstoqueService      : [ESTOQUE] Lendo VW_ECOMMERCE_ESTOQUE no banco de dados...
2026-09-04T10:33:00.049-03:00  INFO 22468 --- [ecommerce] [scheduling-1] c.d.e.s.SincronizacaoEstoqueService      : [ESTOQUE] Ciclo finalizado. Total de atualizações enviadas: 0
2026-09-04T10:33:00.049-03:00  INFO 22468 --- [ecommerce] [scheduling-1] c.d.e.service.SincronizacaoService       : Lendo VW_ECOMMERCE_PRECOS no banco de dados...
2026-09-04T10:33:00.097-03:00  INFO 22468 --- [ecommerce] [scheduling-1] c.d.e.service.SincronizacaoService       : Ciclo finalizado. Total de atualizações enviadas: 0
2026-09-04T10:34:00.000-03:00  INFO 22468 --- [ecommerce] [scheduling-1] c.d.e.service.SincronizacaoService       : Lendo VW_ECOMMERCE_PRECOS no banco de dados...
2026-09-04T10:34:00.456-03:00  INFO 22468 --- [ecommerce] [scheduling-1] c.d.e.service.SincronizacaoService       : Ciclo finalizado. Total de atualizações enviadas: 0
2026-09-04T10:34:00.456-03:00  INFO 22468 --- [ecommerce] [scheduling-1] c.d.e.s.SincronizacaoEstoqueService      : [ESTOQUE] Lendo VW_ECOMMERCE_ESTOQUE no banco de dados...
2026-09-04T10:34:00.513-03:00  INFO 22468 --- [ecommerce] [scheduling-1] c.d.e.s.SincronizacaoEstoqueService      : [ESTOQUE] Ciclo finalizado. Total de atualizações enviadas: 0
2026-09-04T10:35:00.000-03:00  INFO 22468 --- [ecommerce] [scheduling-1] c.d.e.service.SincronizacaoService       : Lendo VW_ECOMMERCE_PRECOS no banco de dados...
2026-09-04T10:35:00.058-03:00  INFO 22468 --- [ecommerce] [scheduling-1] c.d.e.service.SincronizacaoService       : Ciclo finalizado. Total de atualizações enviadas: 0
2026-09-04T10:35:00.058-03:00  INFO 22468 --- [ecommerce] [scheduling-1] c.d.e.s.SincronizacaoEstoqueService      : [ESTOQUE] Lendo VW_ECOMMERCE_ESTOQUE no banco de dados...
2026-09-04T10:35:00.086-03:00  INFO 22468 --- [ecommerce] [scheduling-1] c.d.e.s.SincronizacaoEstoqueService      : [ESTOQUE] Ciclo finalizado. Total de atualizações enviadas: 0
2026-09-04T10:36:00.000-03:00  INFO 22468 --- [ecommerce] [scheduling-1] c.d.e.service.SincronizacaoService       : Lendo VW_ECOMMERCE_PRECOS no banco de dados...
2026-09-04T10:36:00.097-03:00  INFO 22468 --- [ecommerce] [scheduling-1] c.d.e.service.SincronizacaoService       : Ciclo finalizado. Total de atualizações enviadas: 0
2026-09-04T10:36:00.097-03:00  INFO 22468 --- [ecommerce] [scheduling-1] c.d.e.s.SincronizacaoEstoqueService      : [ESTOQUE] Lendo VW_ECOMMERCE_ESTOQUE no banco de dados...
2026-09-04T10:36:00.127-03:00  INFO 22468 --- [ecommerce] [scheduling-1] c.d.e.s.SincronizacaoEstoqueService      : [ESTOQUE] Ciclo finalizado. Total de atualizações enviadas: 0
2026-09-04T10:37:00.000-03:00  INFO 22468 --- [ecommerce] [scheduling-1] c.d.e.s.SincronizacaoEstoqueService      : [ESTOQUE] Lendo VW_ECOMMERCE_ESTOQUE no banco de dados...
2026-09-04T10:37:00.098-03:00  INFO 22468 --- [ecommerce] [scheduling-1] c.d.e.s.SincronizacaoEstoqueService      : [ESTOQUE] Ciclo finalizado. Total de atualizações enviadas: 0
2026-09-04T10:37:00.098-03:00  INFO 22468 --- [ecommerce] [scheduling-1] c.d.e.service.SincronizacaoService       : Lendo VW_ECOMMERCE_PRECOS no banco de dados...
2026-09-04T10:37:00.539-03:00  INFO 22468 --- [ecommerce] [scheduling-1] c.d.e.service.SincronizacaoService       : Ciclo finalizado. Total de atualizações enviadas: 0
2026-09-04T10:37:59.999-03:00  INFO 22468 --- [ecommerce] [scheduling-1] c.d.e.s.SincronizacaoEstoqueService      : [ESTOQUE] Lendo VW_ECOMMERCE_ESTOQUE no banco de dados...
2026-09-04T10:38:00.070-03:00  INFO 22468 --- [ecommerce] [scheduling-1] c.d.e.s.SincronizacaoEstoqueService      : [ESTOQUE] Ciclo finalizado. Total de atualizações enviadas: 0
2026-09-04T10:38:00.070-03:00  INFO 22468 --- [ecommerce] [scheduling-1] c.d.e.service.SincronizacaoService       : Lendo VW_ECOMMERCE_PRECOS no banco de dados...
2026-09-04T10:38:00.146-03:00  INFO 22468 --- [ecommerce] [scheduling-1] c.d.e.service.SincronizacaoService       : Ciclo finalizado. Total de atualizações enviadas: 0
2026-09-04T10:39:00.001-03:00  INFO 22468 --- [ecommerce] [scheduling-1] c.d.e.service.SincronizacaoService       : Lendo VW_ECOMMERCE_PRECOS no banco de dados...
2026-09-04T10:39:00.246-03:00  INFO 22468 --- [ecommerce] [scheduling-1] c.d.e.service.SincronizacaoService       : Ciclo finalizado. Total de atualizações enviadas: 0
2026-09-04T10:39:00.247-03:00  INFO 22468 --- [ecommerce] [scheduling-1] c.d.e.s.SincronizacaoEstoqueService      : [ESTOQUE] Lendo VW_ECOMMERCE_ESTOQUE no banco de dados...
2026-09-04T10:39:00.286-03:00  INFO 22468 --- [ecommerce] [scheduling-1] c.d.e.s.SincronizacaoEstoqueService      : [ESTOQUE] Ciclo finalizado. Total de atualizações enviadas: 0
2026-09-04T10:40:00.000-03:00  INFO 22468 --- [ecommerce] [scheduling-1] c.d.e.service.SincronizacaoService       : Lendo VW_ECOMMERCE_PRECOS no banco de dados...
2026-09-04T10:40:00.096-03:00  INFO 22468 --- [ecommerce] [scheduling-1] c.d.e.service.SincronizacaoService       : Ciclo finalizado. Total de atualizações enviadas: 0
2026-09-04T10:40:00.097-03:00  INFO 22468 --- [ecommerce] [scheduling-1] c.d.e.s.SincronizacaoEstoqueService      : [ESTOQUE] Lendo VW_ECOMMERCE_ESTOQUE no banco de dados...
2026-09-04T10:40:00.116-03:00  INFO 22468 --- [ecommerce] [scheduling-1] c.d.e.s.SincronizacaoEstoqueService      : [ESTOQUE] Ciclo finalizado. Total de atualizações enviadas: 0
2026-09-04T10:41:00.000-03:00  INFO 22468 --- [ecommerce] [scheduling-1] c.d.e.service.SincronizacaoService       : Lendo VW_ECOMMERCE_PRECOS no banco de dados...
2026-09-04T10:41:00.264-03:00  INFO 22468 --- [ecommerce] [scheduling-1] c.d.e.service.SincronizacaoService       : Ciclo finalizado. Total de atualizações enviadas: 0
2026-09-04T10:41:00.264-03:00  INFO 22468 --- [ecommerce] [scheduling-1] c.d.e.s.SincronizacaoEstoqueService      : [ESTOQUE] Lendo VW_ECOMMERCE_ESTOQUE no banco de dados...
2026-09-04T10:41:00.302-03:00  INFO 22468 --- [ecommerce] [scheduling-1] c.d.e.s.SincronizacaoEstoqueService      : [ESTOQUE] Ciclo finalizado. Total de atualizações enviadas: 0
2026-09-04T10:42:00.000-03:00  INFO 22468 --- [ecommerce] [scheduling-1] c.d.e.service.SincronizacaoService       : Lendo VW_ECOMMERCE_PRECOS no banco de dados...
2026-09-04T10:42:00.076-03:00  INFO 22468 --- [ecommerce] [scheduling-1] c.d.e.service.SincronizacaoService       : Ciclo finalizado. Total de atualizações enviadas: 0
2026-09-04T10:42:00.076-03:00  INFO 22468 --- [ecommerce] [scheduling-1] c.d.e.s.SincronizacaoEstoqueService      : [ESTOQUE] Lendo VW_ECOMMERCE_ESTOQUE no banco de dados...
2026-09-04T10:42:00.097-03:00  INFO 22468 --- [ecommerce] [scheduling-1] c.d.e.s.SincronizacaoEstoqueService      : [ESTOQUE] Ciclo finalizado. Total de atualizações enviadas: 0
2026-09-04T10:43:00.000-03:00  INFO 22468 --- [ecommerce] [scheduling-1] c.d.e.service.SincronizacaoService       : Lendo VW_ECOMMERCE_PRECOS no banco de dados...
2026-09-04T10:43:00.070-03:00  INFO 22468 --- [ecommerce] [scheduling-1] c.d.e.service.SincronizacaoService       : Ciclo finalizado. Total de atualizações enviadas: 0
2026-09-04T10:43:00.070-03:00  INFO 22468 --- [ecommerce] [scheduling-1] c.d.e.s.SincronizacaoEstoqueService      : [ESTOQUE] Lendo VW_ECOMMERCE_ESTOQUE no banco de dados...
2026-09-04T10:43:00.101-03:00  INFO 22468 --- [ecommerce] [scheduling-1] c.d.e.s.SincronizacaoEstoqueService      : [ESTOQUE] Ciclo finalizado. Total de atualizações enviadas: 0
2026-09-04T10:44:00.000-03:00  INFO 22468 --- [ecommerce] [scheduling-1] c.d.e.s.SincronizacaoEstoqueService      : [ESTOQUE] Lendo VW_ECOMMERCE_ESTOQUE no banco de dados...
2026-09-04T10:44:00.062-03:00  INFO 22468 --- [ecommerce] [scheduling-1] c.d.e.s.SincronizacaoEstoqueService      : [ESTOQUE] Ciclo finalizado. Total de atualizações enviadas: 0
2026-09-04T10:44:00.062-03:00  INFO 22468 --- [ecommerce] [scheduling-1] c.d.e.service.SincronizacaoService       : Lendo VW_ECOMMERCE_PRECOS no banco de dados...
2026-09-04T10:44:00.105-03:00  INFO 22468 --- [ecommerce] [scheduling-1] c.d.e.service.SincronizacaoService       : Ciclo finalizado. Total de atualizações enviadas: 0
2026-09-04T10:45:00.000-03:00  INFO 22468 --- [ecommerce] [scheduling-1] c.d.e.s.SincronizacaoEstoqueService      : [ESTOQUE] Lendo VW_ECOMMERCE_ESTOQUE no banco de dados...
2026-09-04T10:45:00.123-03:00  INFO 22468 --- [ecommerce] [scheduling-1] c.d.e.s.SincronizacaoEstoqueService      : [ESTOQUE] Ciclo finalizado. Total de atualizações enviadas: 0
2026-09-04T10:45:00.123-03:00  INFO 22468 --- [ecommerce] [scheduling-1] c.d.e.service.SincronizacaoService       : Lendo VW_ECOMMERCE_PRECOS no banco de dados...
2026-09-04T10:45:00.283-03:00  INFO 22468 --- [ecommerce] [scheduling-1] c.d.e.service.SincronizacaoService       : Ciclo finalizado. Total de atualizações enviadas: 0
2026-09-04T10:46:00.000-03:00  INFO 22468 --- [ecommerce] [scheduling-1] c.d.e.s.SincronizacaoEstoqueService      : [ESTOQUE] Lendo VW_ECOMMERCE_ESTOQUE no banco de dados...
2026-09-04T10:46:00.069-03:00  INFO 22468 --- [ecommerce] [scheduling-1] c.d.e.s.SincronizacaoEstoqueService      : [ESTOQUE] Ciclo finalizado. Total de atualizações enviadas: 0
2026-09-04T10:46:00.070-03:00  INFO 22468 --- [ecommerce] [scheduling-1] c.d.e.service.SincronizacaoService       : Lendo VW_ECOMMERCE_PRECOS no banco de dados...
2026-09-04T10:46:00.117-03:00  INFO 22468 --- [ecommerce] [scheduling-1] c.d.e.service.SincronizacaoService       : Ciclo finalizado. Total de atualizações enviadas: 0
2026-09-04T10:47:00.000-03:00  INFO 22468 --- [ecommerce] [scheduling-1] c.d.e.s.SincronizacaoEstoqueService      : [ESTOQUE] Lendo VW_ECOMMERCE_ESTOQUE no banco de dados...
2026-09-04T10:47:00.066-03:00  INFO 22468 --- [ecommerce] [scheduling-1] c.d.e.s.SincronizacaoEstoqueService      : [ESTOQUE] Ciclo finalizado. Total de atualizações enviadas: 0
2026-09-04T10:47:00.067-03:00  INFO 22468 --- [ecommerce] [scheduling-1] c.d.e.service.SincronizacaoService       : Lendo VW_ECOMMERCE_PRECOS no banco de dados...
2026-09-04T10:47:00.227-03:00  INFO 22468 --- [ecommerce] [scheduling-1] c.d.e.service.SincronizacaoService       : Ciclo finalizado. Total de atualizações enviadas: 0
2026-09-04T10:48:00.001-03:00  INFO 22468 --- [ecommerce] [scheduling-1] c.d.e.service.SincronizacaoService       : Lendo VW_ECOMMERCE_PRECOS no banco de dados...
2026-09-04T10:48:00.080-03:00  INFO 22468 --- [ecommerce] [scheduling-1] c.d.e.service.SincronizacaoService       : Ciclo finalizado. Total de atualizações enviadas: 0
2026-09-04T10:48:00.080-03:00  INFO 22468 --- [ecommerce] [scheduling-1] c.d.e.s.SincronizacaoEstoqueService      : [ESTOQUE] Lendo VW_ECOMMERCE_ESTOQUE no banco de dados...
2026-09-04T10:48:00.109-03:00  INFO 22468 --- [ecommerce] [scheduling-1] c.d.e.s.SincronizacaoEstoqueService      : [ESTOQUE] Ciclo finalizado. Total de atualizações enviadas: 0
2026-09-04T10:49:00.001-03:00  INFO 22468 --- [ecommerce] [scheduling-1] c.d.e.s.SincronizacaoEstoqueService      : [ESTOQUE] Lendo VW_ECOMMERCE_ESTOQUE no banco de dados...
2026-09-04T10:49:00.046-03:00  INFO 22468 --- [ecommerce] [scheduling-1] c.d.e.s.SincronizacaoEstoqueService      : [ESTOQUE] Ciclo finalizado. Total de atualizações enviadas: 0
2026-09-04T10:49:00.047-03:00  INFO 22468 --- [ecommerce] [scheduling-1] c.d.e.service.SincronizacaoService       : Lendo VW_ECOMMERCE_PRECOS no banco de dados...
2026-09-04T10:49:00.110-03:00  INFO 22468 --- [ecommerce] [scheduling-1] c.d.e.service.SincronizacaoService       : Ciclo finalizado. Total de atualizações enviadas: 0
2026-09-04T10:50:00.000-03:00  INFO 22468 --- [ecommerce] [scheduling-1] c.d.e.service.SincronizacaoService       : Lendo VW_ECOMMERCE_PRECOS no banco de dados...
2026-09-04T10:50:00.235-03:00  INFO 22468 --- [ecommerce] [scheduling-1] c.d.e.service.SincronizacaoService       : Ciclo finalizado. Total de atualizações enviadas: 0
2026-09-04T10:50:00.236-03:00  INFO 22468 --- [ecommerce] [scheduling-1] c.d.e.s.SincronizacaoEstoqueService      : [ESTOQUE] Lendo VW_ECOMMERCE_ESTOQUE no banco de dados...
2026-09-04T10:50:00.267-03:00  INFO 22468 --- [ecommerce] [scheduling-1] c.d.e.s.SincronizacaoEstoqueService      : [ESTOQUE] Ciclo finalizado. Total de atualizações enviadas: 0
2026-09-04T10:51:00.001-03:00  INFO 22468 --- [ecommerce] [scheduling-1] c.d.e.service.SincronizacaoService       : Lendo VW_ECOMMERCE_PRECOS no banco de dados...
2026-09-04T10:51:00.336-03:00  INFO 22468 --- [ecommerce] [scheduling-1] c.d.e.service.SincronizacaoService       : Ciclo finalizado. Total de atualizações enviadas: 0
2026-09-04T10:51:00.337-03:00  INFO 22468 --- [ecommerce] [scheduling-1] c.d.e.s.SincronizacaoEstoqueService      : [ESTOQUE] Lendo VW_ECOMMERCE_ESTOQUE no banco de dados...
2026-09-04T10:51:00.372-03:00  INFO 22468 --- [ecommerce] [scheduling-1] c.d.e.s.SincronizacaoEstoqueService      : [ESTOQUE] Ciclo finalizado. Total de atualizações enviadas: 0
2026-09-04T10:52:00.000-03:00  INFO 22468 --- [ecommerce] [scheduling-1] c.d.e.s.SincronizacaoEstoqueService      : [ESTOQUE] Lendo VW_ECOMMERCE_ESTOQUE no banco de dados...
2026-09-04T10:52:00.091-03:00  INFO 22468 --- [ecommerce] [scheduling-1] c.d.e.s.SincronizacaoEstoqueService      : [ESTOQUE] Ciclo finalizado. Total de atualizações enviadas: 0
2026-09-04T10:52:00.091-03:00  INFO 22468 --- [ecommerce] [scheduling-1] c.d.e.service.SincronizacaoService       : Lendo VW_ECOMMERCE_PRECOS no banco de dados...
2026-09-04T10:52:00.149-03:00  INFO 22468 --- [ecommerce] [scheduling-1] c.d.e.service.SincronizacaoService       : Ciclo finalizado. Total de atualizações enviadas: 0
2026-09-04T10:53:00.000-03:00  INFO 22468 --- [ecommerce] [scheduling-1] c.d.e.s.SincronizacaoEstoqueService      : [ESTOQUE] Lendo VW_ECOMMERCE_ESTOQUE no banco de dados...
2026-09-04T10:53:00.076-03:00  INFO 22468 --- [ecommerce] [scheduling-1] c.d.e.s.SincronizacaoEstoqueService      : [ESTOQUE] Ciclo finalizado. Total de atualizações enviadas: 0
2026-09-04T10:53:00.077-03:00  INFO 22468 --- [ecommerce] [scheduling-1] c.d.e.service.SincronizacaoService       : Lendo VW_ECOMMERCE_PRECOS no banco de dados...
2026-09-04T10:53:00.122-03:00  INFO 22468 --- [ecommerce] [scheduling-1] c.d.e.service.SincronizacaoService       : Ciclo finalizado. Total de atualizações enviadas: 0
2026-09-04T10:54:00.000-03:00  INFO 22468 --- [ecommerce] [scheduling-1] c.d.e.s.SincronizacaoEstoqueService      : [ESTOQUE] Lendo VW_ECOMMERCE_ESTOQUE no banco de dados...
2026-09-04T10:54:00.072-03:00  INFO 22468 --- [ecommerce] [scheduling-1] c.d.e.s.SincronizacaoEstoqueService      : [ESTOQUE] Ciclo finalizado. Total de atualizações enviadas: 0
2026-09-04T10:54:00.072-03:00  INFO 22468 --- [ecommerce] [scheduling-1] c.d.e.service.SincronizacaoService       : Lendo VW_ECOMMERCE_PRECOS no banco de dados...
2026-09-04T10:54:00.249-03:00  INFO 22468 --- [ecommerce] [scheduling-1] c.d.e.service.SincronizacaoService       : Ciclo finalizado. Total de atualizações enviadas: 0
2026-09-04T10:55:00.000-03:00  INFO 22468 --- [ecommerce] [scheduling-1] c.d.e.service.SincronizacaoService       : Lendo VW_ECOMMERCE_PRECOS no banco de dados...
2026-09-04T10:55:00.099-03:00  INFO 22468 --- [ecommerce] [scheduling-1] c.d.e.service.SincronizacaoService       : Ciclo finalizado. Total de atualizações enviadas: 0
2026-09-04T10:55:00.099-03:00  INFO 22468 --- [ecommerce] [scheduling-1] c.d.e.s.SincronizacaoEstoqueService      : [ESTOQUE] Lendo VW_ECOMMERCE_ESTOQUE no banco de dados...
2026-09-04T10:55:00.129-03:00  INFO 22468 --- [ecommerce] [scheduling-1] c.d.e.s.SincronizacaoEstoqueService      : [ESTOQUE] Ciclo finalizado. Total de atualizações enviadas: 0
2026-09-04T10:56:00.000-03:00  INFO 22468 --- [ecommerce] [scheduling-1] c.d.e.service.SincronizacaoService       : Lendo VW_ECOMMERCE_PRECOS no banco de dados...
2026-09-04T10:56:00.096-03:00  INFO 22468 --- [ecommerce] [scheduling-1] c.d.e.service.SincronizacaoService       : Ciclo finalizado. Total de atualizações enviadas: 0
2026-09-04T10:56:00.096-03:00  INFO 22468 --- [ecommerce] [scheduling-1] c.d.e.s.SincronizacaoEstoqueService      : [ESTOQUE] Lendo VW_ECOMMERCE_ESTOQUE no banco de dados...
2026-09-04T10:56:00.130-03:00  INFO 22468 --- [ecommerce] [scheduling-1] c.d.e.s.SincronizacaoEstoqueService      : [ESTOQUE] Ciclo finalizado. Total de atualizações enviadas: 0
2026-09-04T10:56:59.999-03:00  INFO 22468 --- [ecommerce] [scheduling-1] c.d.e.s.SincronizacaoEstoqueService      : [ESTOQUE] Lendo VW_ECOMMERCE_ESTOQUE no banco de dados...
2026-09-04T10:57:00.053-03:00  INFO 22468 --- [ecommerce] [scheduling-1] c.d.e.s.SincronizacaoEstoqueService      : [ESTOQUE] Ciclo finalizado. Total de atualizações enviadas: 0
2026-09-04T10:57:00.054-03:00  INFO 22468 --- [ecommerce] [scheduling-1] c.d.e.service.SincronizacaoService       : Lendo VW_ECOMMERCE_PRECOS no banco de dados...
2026-09-04T10:57:00.377-03:00  INFO 22468 --- [ecommerce] [scheduling-1] c.d.e.service.SincronizacaoService       : Ciclo finalizado. Total de atualizações enviadas: 0
2026-09-04T10:58:00.000-03:00  INFO 22468 --- [ecommerce] [scheduling-1] c.d.e.s.SincronizacaoEstoqueService      : [ESTOQUE] Lendo VW_ECOMMERCE_ESTOQUE no banco de dados...
2026-09-04T10:58:00.075-03:00  INFO 22468 --- [ecommerce] [scheduling-1] c.d.e.s.SincronizacaoEstoqueService      : [ESTOQUE] Ciclo finalizado. Total de atualizações enviadas: 0
2026-09-04T10:58:00.075-03:00  INFO 22468 --- [ecommerce] [scheduling-1] c.d.e.service.SincronizacaoService       : Lendo VW_ECOMMERCE_PRECOS no banco de dados...
2026-09-04T10:58:00.174-03:00  INFO 22468 --- [ecommerce] [scheduling-1] c.d.e.service.SincronizacaoService       : Ciclo finalizado. Total de atualizações enviadas: 0
2026-09-04T10:59:00.000-03:00  INFO 22468 --- [ecommerce] [scheduling-1] c.d.e.service.SincronizacaoService       : Lendo VW_ECOMMERCE_PRECOS no banco de dados...
2026-09-04T10:59:00.218-03:00  INFO 22468 --- [ecommerce] [scheduling-1] c.d.e.service.SincronizacaoService       : Ciclo finalizado. Total de atualizações enviadas: 0
2026-09-04T10:59:00.219-03:00  INFO 22468 --- [ecommerce] [scheduling-1] c.d.e.s.SincronizacaoEstoqueService      : [ESTOQUE] Lendo VW_ECOMMERCE_ESTOQUE no banco de dados...
2026-09-04T10:59:00.260-03:00  INFO 22468 --- [ecommerce] [scheduling-1] c.d.e.s.SincronizacaoEstoqueService      : [ESTOQUE] Ciclo finalizado. Total de atualizações enviadas: 0
2026-09-04T10:59:59.999-03:00  INFO 22468 --- [ecommerce] [scheduling-1] c.d.e.service.SincronizacaoService       : Lendo VW_ECOMMERCE_PRECOS no banco de dados...
2026-09-04T11:00:00.133-03:00  INFO 22468 --- [ecommerce] [scheduling-1] c.d.e.service.SincronizacaoService       : Ciclo finalizado. Total de atualizações enviadas: 0
2026-09-04T11:00:00.134-03:00  INFO 22468 --- [ecommerce] [scheduling-1] c.d.e.s.SincronizacaoEstoqueService      : [ESTOQUE] Lendo VW_ECOMMERCE_ESTOQUE no banco de dados...
2026-09-04T11:00:00.153-03:00  INFO 22468 --- [ecommerce] [scheduling-1] c.d.e.s.SincronizacaoEstoqueService      : [ESTOQUE] Ciclo finalizado. Total de atualizações enviadas: 0
2026-09-04T11:01:00.000-03:00  INFO 22468 --- [ecommerce] [scheduling-1] c.d.e.s.SincronizacaoEstoqueService      : [ESTOQUE] Lendo VW_ECOMMERCE_ESTOQUE no banco de dados...
2026-09-04T11:01:00.109-03:00  INFO 22468 --- [ecommerce] [scheduling-1] c.d.e.s.SincronizacaoEstoqueService      : [ESTOQUE] Ciclo finalizado. Total de atualizações enviadas: 0
2026-09-04T11:01:00.109-03:00  INFO 22468 --- [ecommerce] [scheduling-1] c.d.e.service.SincronizacaoService       : Lendo VW_ECOMMERCE_PRECOS no banco de dados...
2026-09-04T11:01:00.216-03:00  INFO 22468 --- [ecommerce] [scheduling-1] c.d.e.service.SincronizacaoService       : Ciclo finalizado. Total de atualizações enviadas: 0
2026-09-04T11:02:00.000-03:00  INFO 22468 --- [ecommerce] [scheduling-1] c.d.e.s.SincronizacaoEstoqueService      : [ESTOQUE] Lendo VW_ECOMMERCE_ESTOQUE no banco de dados...
2026-09-04T11:02:00.058-03:00  INFO 22468 --- [ecommerce] [scheduling-1] c.d.e.s.SincronizacaoEstoqueService      : [ESTOQUE] Ciclo finalizado. Total de atualizações enviadas: 0
2026-09-04T11:02:00.058-03:00  INFO 22468 --- [ecommerce] [scheduling-1] c.d.e.service.SincronizacaoService       : Lendo VW_ECOMMERCE_PRECOS no banco de dados...
2026-09-04T11:02:00.127-03:00  INFO 22468 --- [ecommerce] [scheduling-1] c.d.e.service.SincronizacaoService       : Ciclo finalizado. Total de atualizações enviadas: 0
2026-09-04T11:03:00.001-03:00  INFO 22468 --- [ecommerce] [scheduling-1] c.d.e.s.SincronizacaoEstoqueService      : [ESTOQUE] Lendo VW_ECOMMERCE_ESTOQUE no banco de dados...
2026-09-04T11:03:00.078-03:00  INFO 22468 --- [ecommerce] [scheduling-1] c.d.e.s.SincronizacaoEstoqueService      : [ESTOQUE] Ciclo finalizado. Total de atualizações enviadas: 0
2026-09-04T11:03:00.078-03:00  INFO 22468 --- [ecommerce] [scheduling-1] c.d.e.service.SincronizacaoService       : Lendo VW_ECOMMERCE_PRECOS no banco de dados...
2026-09-04T11:03:00.152-03:00  INFO 22468 --- [ecommerce] [scheduling-1] c.d.e.service.SincronizacaoService       : Ciclo finalizado. Total de atualizações enviadas: 0
2026-09-04T11:04:00.001-03:00  INFO 22468 --- [ecommerce] [scheduling-1] c.d.e.service.SincronizacaoService       : Lendo VW_ECOMMERCE_PRECOS no banco de dados...
2026-09-04T11:04:00.105-03:00  INFO 22468 --- [ecommerce] [scheduling-1] c.d.e.service.SincronizacaoService       : Ciclo finalizado. Total de atualizações enviadas: 0
2026-09-04T11:04:00.106-03:00  INFO 22468 --- [ecommerce] [scheduling-1] c.d.e.s.SincronizacaoEstoqueService      : [ESTOQUE] Lendo VW_ECOMMERCE_ESTOQUE no banco de dados...
2026-09-04T11:04:00.127-03:00  INFO 22468 --- [ecommerce] [scheduling-1] c.d.e.s.SincronizacaoEstoqueService      : [ESTOQUE] Ciclo finalizado. Total de atualizações enviadas: 0
2026-09-04T11:05:00.000-03:00  INFO 22468 --- [ecommerce] [scheduling-1] c.d.e.service.SincronizacaoService       : Lendo VW_ECOMMERCE_PRECOS no banco de dados...
2026-09-04T11:05:00.883-03:00  INFO 22468 --- [ecommerce] [scheduling-1] c.d.e.service.SincronizacaoService       : Ciclo finalizado. Total de atualizações enviadas: 0
2026-09-04T11:05:00.885-03:00  INFO 22468 --- [ecommerce] [scheduling-1] c.d.e.s.SincronizacaoEstoqueService      : [ESTOQUE] Lendo VW_ECOMMERCE_ESTOQUE no banco de dados...
2026-09-04T11:05:00.997-03:00  INFO 22468 --- [ecommerce] [scheduling-1] c.d.e.s.SincronizacaoEstoqueService      : [ESTOQUE] Ciclo finalizado. Total de atualizações enviadas: 0
2026-09-04T11:06:00.001-03:00  INFO 22468 --- [ecommerce] [scheduling-1] c.d.e.s.SincronizacaoEstoqueService      : [ESTOQUE] Lendo VW_ECOMMERCE_ESTOQUE no banco de dados...
2026-09-04T11:06:00.091-03:00  INFO 22468 --- [ecommerce] [scheduling-1] c.d.e.s.SincronizacaoEstoqueService      : [ESTOQUE] Ciclo finalizado. Total de atualizações enviadas: 0
2026-09-04T11:06:00.091-03:00  INFO 22468 --- [ecommerce] [scheduling-1] c.d.e.service.SincronizacaoService       : Lendo VW_ECOMMERCE_PRECOS no banco de dados...
2026-09-04T11:06:00.211-03:00  INFO 22468 --- [ecommerce] [scheduling-1] c.d.e.service.SincronizacaoService       : Ciclo finalizado. Total de atualizações enviadas: 0
2026-09-04T11:07:00.000-03:00  INFO 22468 --- [ecommerce] [scheduling-1] c.d.e.s.SincronizacaoEstoqueService      : [ESTOQUE] Lendo VW_ECOMMERCE_ESTOQUE no banco de dados...
2026-09-04T11:07:00.047-03:00  INFO 22468 --- [ecommerce] [scheduling-1] c.d.e.s.SincronizacaoEstoqueService      : [ESTOQUE] Ciclo finalizado. Total de atualizações enviadas: 0
2026-09-04T11:07:00.048-03:00  INFO 22468 --- [ecommerce] [scheduling-1] c.d.e.service.SincronizacaoService       : Lendo VW_ECOMMERCE_PRECOS no banco de dados...
2026-09-04T11:07:00.150-03:00  INFO 22468 --- [ecommerce] [scheduling-1] c.d.e.service.SincronizacaoService       : Ciclo finalizado. Total de atualizações enviadas: 0
2026-09-04T11:07:59.999-03:00  INFO 22468 --- [ecommerce] [scheduling-1] c.d.e.s.SincronizacaoEstoqueService      : [ESTOQUE] Lendo VW_ECOMMERCE_ESTOQUE no banco de dados...
2026-09-04T11:08:00.101-03:00  INFO 22468 --- [ecommerce] [scheduling-1] c.d.e.s.SincronizacaoEstoqueService      : [ESTOQUE] Ciclo finalizado. Total de atualizações enviadas: 0
2026-09-04T11:08:00.101-03:00  INFO 22468 --- [ecommerce] [scheduling-1] c.d.e.service.SincronizacaoService       : Lendo VW_ECOMMERCE_PRECOS no banco de dados...
2026-09-04T11:08:00.179-03:00  INFO 22468 --- [ecommerce] [scheduling-1] c.d.e.service.SincronizacaoService       : Ciclo finalizado. Total de atualizações enviadas: 0
2026-09-04T11:08:59.999-03:00  INFO 22468 --- [ecommerce] [scheduling-1] c.d.e.s.SincronizacaoEstoqueService      : [ESTOQUE] Lendo VW_ECOMMERCE_ESTOQUE no banco de dados...
2026-09-04T11:09:00.072-03:00  INFO 22468 --- [ecommerce] [scheduling-1] c.d.e.s.SincronizacaoEstoqueService      : [ESTOQUE] Ciclo finalizado. Total de atualizações enviadas: 0
2026-09-04T11:09:00.072-03:00  INFO 22468 --- [ecommerce] [scheduling-1] c.d.e.service.SincronizacaoService       : Lendo VW_ECOMMERCE_PRECOS no banco de dados...
2026-09-04T11:09:00.124-03:00  INFO 22468 --- [ecommerce] [scheduling-1] c.d.e.service.SincronizacaoService       : Ciclo finalizado. Total de atualizações enviadas: 0
2026-09-04T11:09:59.999-03:00  INFO 22468 --- [ecommerce] [scheduling-1] c.d.e.service.SincronizacaoService       : Lendo VW_ECOMMERCE_PRECOS no banco de dados...
2026-09-04T11:10:00.108-03:00  INFO 22468 --- [ecommerce] [scheduling-1] c.d.e.service.SincronizacaoService       : Ciclo finalizado. Total de atualizações enviadas: 0
2026-09-04T11:10:00.108-03:00  INFO 22468 --- [ecommerce] [scheduling-1] c.d.e.s.SincronizacaoEstoqueService      : [ESTOQUE] Lendo VW_ECOMMERCE_ESTOQUE no banco de dados...
2026-09-04T11:10:00.132-03:00  INFO 22468 --- [ecommerce] [scheduling-1] c.d.e.s.SincronizacaoEstoqueService      : [ESTOQUE] Ciclo finalizado. Total de atualizações enviadas: 0
2026-09-04T11:11:00.000-03:00  INFO 22468 --- [ecommerce] [scheduling-1] c.d.e.s.SincronizacaoEstoqueService      : [ESTOQUE] Lendo VW_ECOMMERCE_ESTOQUE no banco de dados...
2026-09-04T11:11:00.044-03:00  INFO 22468 --- [ecommerce] [scheduling-1] c.d.e.s.SincronizacaoEstoqueService      : [ESTOQUE] Ciclo finalizado. Total de atualizações enviadas: 0
2026-09-04T11:11:00.044-03:00  INFO 22468 --- [ecommerce] [scheduling-1] c.d.e.service.SincronizacaoService       : Lendo VW_ECOMMERCE_PRECOS no banco de dados...
2026-09-04T11:11:00.095-03:00  INFO 22468 --- [ecommerce] [scheduling-1] c.d.e.service.SincronizacaoService       : Ciclo finalizado. Total de atualizações enviadas: 0
2026-09-04T11:12:00.000-03:00  INFO 22468 --- [ecommerce] [scheduling-1] c.d.e.s.SincronizacaoEstoqueService      : [ESTOQUE] Lendo VW_ECOMMERCE_ESTOQUE no banco de dados...
2026-09-04T11:12:00.057-03:00  INFO 22468 --- [ecommerce] [scheduling-1] c.d.e.s.SincronizacaoEstoqueService      : [ESTOQUE] Ciclo finalizado. Total de atualizações enviadas: 0
2026-09-04T11:12:00.057-03:00  INFO 22468 --- [ecommerce] [scheduling-1] c.d.e.service.SincronizacaoService       : Lendo VW_ECOMMERCE_PRECOS no banco de dados...
2026-09-04T11:12:00.163-03:00  INFO 22468 --- [ecommerce] [scheduling-1] c.d.e.service.SincronizacaoService       : Ciclo finalizado. Total de atualizações enviadas: 0
2026-09-04T11:13:00.000-03:00  INFO 22468 --- [ecommerce] [scheduling-1] c.d.e.service.SincronizacaoService       : Lendo VW_ECOMMERCE_PRECOS no banco de dados...
2026-09-04T11:13:00.057-03:00  INFO 22468 --- [ecommerce] [scheduling-1] c.d.e.service.SincronizacaoService       : Ciclo finalizado. Total de atualizações enviadas: 0
2026-09-04T11:13:00.058-03:00  INFO 22468 --- [ecommerce] [scheduling-1] c.d.e.s.SincronizacaoEstoqueService      : [ESTOQUE] Lendo VW_ECOMMERCE_ESTOQUE no banco de dados...
2026-09-04T11:13:00.095-03:00  INFO 22468 --- [ecommerce] [scheduling-1] c.d.e.s.SincronizacaoEstoqueService      : [ESTOQUE] Ciclo finalizado. Total de atualizações enviadas: 0
2026-09-04T11:13:59.999-03:00  INFO 22468 --- [ecommerce] [scheduling-1] c.d.e.service.SincronizacaoService       : Lendo VW_ECOMMERCE_PRECOS no banco de dados...
2026-09-04T11:14:00.616-03:00  INFO 22468 --- [ecommerce] [scheduling-1] c.d.e.service.SincronizacaoService       : Ciclo finalizado. Total de atualizações enviadas: 0
2026-09-04T11:14:00.617-03:00  INFO 22468 --- [ecommerce] [scheduling-1] c.d.e.s.SincronizacaoEstoqueService      : [ESTOQUE] Lendo VW_ECOMMERCE_ESTOQUE no banco de dados...
2026-09-04T11:14:00.684-03:00  INFO 22468 --- [ecommerce] [scheduling-1] c.d.e.s.SincronizacaoEstoqueService      : [ESTOQUE] Ciclo finalizado. Total de atualizações enviadas: 0
2026-09-04T11:14:59.999-03:00  INFO 22468 --- [ecommerce] [scheduling-1] c.d.e.s.SincronizacaoEstoqueService      : [ESTOQUE] Lendo VW_ECOMMERCE_ESTOQUE no banco de dados...
2026-09-04T11:15:00.047-03:00  INFO 22468 --- [ecommerce] [scheduling-1] c.d.e.s.SincronizacaoEstoqueService      : [ESTOQUE] Ciclo finalizado. Total de atualizações enviadas: 0
2026-09-04T11:15:00.047-03:00  INFO 22468 --- [ecommerce] [scheduling-1] c.d.e.service.SincronizacaoService       : Lendo VW_ECOMMERCE_PRECOS no banco de dados...
2026-09-04T11:15:00.238-03:00  INFO 22468 --- [ecommerce] [scheduling-1] c.d.e.service.SincronizacaoService       : Ciclo finalizado. Total de atualizações enviadas: 0
2026-09-04T11:15:59.999-03:00  INFO 22468 --- [ecommerce] [scheduling-1] c.d.e.s.SincronizacaoEstoqueService      : [ESTOQUE] Lendo VW_ECOMMERCE_ESTOQUE no banco de dados...
2026-09-04T11:16:00.056-03:00  INFO 22468 --- [ecommerce] [scheduling-1] c.d.e.s.SincronizacaoEstoqueService      : [ESTOQUE] Ciclo finalizado. Total de atualizações enviadas: 0
2026-09-04T11:16:00.057-03:00  INFO 22468 --- [ecommerce] [scheduling-1] c.d.e.service.SincronizacaoService       : Lendo VW_ECOMMERCE_PRECOS no banco de dados...
2026-09-04T11:16:00.338-03:00  INFO 22468 --- [ecommerce] [scheduling-1] c.d.e.service.SincronizacaoService       : Ciclo finalizado. Total de atualizações enviadas: 0
2026-09-04T11:16:59.999-03:00  INFO 22468 --- [ecommerce] [scheduling-1] c.d.e.s.SincronizacaoEstoqueService      : [ESTOQUE] Lendo VW_ECOMMERCE_ESTOQUE no banco de dados...
2026-09-04T11:17:00.033-03:00  INFO 22468 --- [ecommerce] [scheduling-1] c.d.e.s.SincronizacaoEstoqueService      : [ESTOQUE] Ciclo finalizado. Total de atualizações enviadas: 0
2026-09-04T11:17:00.033-03:00  INFO 22468 --- [ecommerce] [scheduling-1] c.d.e.service.SincronizacaoService       : Lendo VW_ECOMMERCE_PRECOS no banco de dados...
2026-09-04T11:17:00.103-03:00  INFO 22468 --- [ecommerce] [scheduling-1] c.d.e.service.SincronizacaoService       : Ciclo finalizado. Total de atualizações enviadas: 0
2026-09-04T11:17:59.999-03:00  INFO 22468 --- [ecommerce] [scheduling-1] c.d.e.s.SincronizacaoEstoqueService      : [ESTOQUE] Lendo VW_ECOMMERCE_ESTOQUE no banco de dados...
2026-09-04T11:18:00.029-03:00  INFO 22468 --- [ecommerce] [scheduling-1] c.d.e.s.SincronizacaoEstoqueService      : [ESTOQUE] Ciclo finalizado. Total de atualizações enviadas: 0
2026-09-04T11:18:00.029-03:00  INFO 22468 --- [ecommerce] [scheduling-1] c.d.e.service.SincronizacaoService       : Lendo VW_ECOMMERCE_PRECOS no banco de dados...
2026-09-04T11:18:00.207-03:00  INFO 22468 --- [ecommerce] [scheduling-1] c.d.e.service.SincronizacaoService       : Ciclo finalizado. Total de atualizações enviadas: 0
2026-09-04T11:19:00.002-03:00  INFO 22468 --- [ecommerce] [scheduling-1] c.d.e.s.SincronizacaoEstoqueService      : [ESTOQUE] Lendo VW_ECOMMERCE_ESTOQUE no banco de dados...
2026-09-04T11:19:00.054-03:00  INFO 22468 --- [ecommerce] [scheduling-1] c.d.e.s.SincronizacaoEstoqueService      : [ESTOQUE] Ciclo finalizado. Total de atualizações enviadas: 0
2026-09-04T11:19:00.054-03:00  INFO 22468 --- [ecommerce] [scheduling-1] c.d.e.service.SincronizacaoService       : Lendo VW_ECOMMERCE_PRECOS no banco de dados...
2026-09-04T11:19:00.147-03:00  INFO 22468 --- [ecommerce] [scheduling-1] c.d.e.service.SincronizacaoService       : Ciclo finalizado. Total de atualizações enviadas: 0
2026-09-04T11:20:00.000-03:00  INFO 22468 --- [ecommerce] [scheduling-1] c.d.e.service.SincronizacaoService       : Lendo VW_ECOMMERCE_PRECOS no banco de dados...
2026-09-04T11:20:00.114-03:00  INFO 22468 --- [ecommerce] [scheduling-1] c.d.e.service.SincronizacaoService       : Ciclo finalizado. Total de atualizações enviadas: 0
2026-09-04T11:20:00.115-03:00  INFO 22468 --- [ecommerce] [scheduling-1] c.d.e.s.SincronizacaoEstoqueService      : [ESTOQUE] Lendo VW_ECOMMERCE_ESTOQUE no banco de dados...
2026-09-04T11:20:00.137-03:00  INFO 22468 --- [ecommerce] [scheduling-1] c.d.e.s.SincronizacaoEstoqueService      : [ESTOQUE] Ciclo finalizado. Total de atualizações enviadas: 0
2026-09-04T11:21:00.000-03:00  INFO 22468 --- [ecommerce] [scheduling-1] c.d.e.service.SincronizacaoService       : Lendo VW_ECOMMERCE_PRECOS no banco de dados...
2026-09-04T11:21:00.081-03:00  INFO 22468 --- [ecommerce] [scheduling-1] c.d.e.service.SincronizacaoService       : Ciclo finalizado. Total de atualizações enviadas: 0
2026-09-04T11:21:00.081-03:00  INFO 22468 --- [ecommerce] [scheduling-1] c.d.e.s.SincronizacaoEstoqueService      : [ESTOQUE] Lendo VW_ECOMMERCE_ESTOQUE no banco de dados...
2026-09-04T11:21:00.110-03:00  INFO 22468 --- [ecommerce] [scheduling-1] c.d.e.s.SincronizacaoEstoqueService      : [ESTOQUE] Ciclo finalizado. Total de atualizações enviadas: 0
2026-09-04T11:22:00.000-03:00  INFO 22468 --- [ecommerce] [scheduling-1] c.d.e.s.SincronizacaoEstoqueService      : [ESTOQUE] Lendo VW_ECOMMERCE_ESTOQUE no banco de dados...
2026-09-04T11:22:00.119-03:00  INFO 22468 --- [ecommerce] [scheduling-1] c.d.e.s.SincronizacaoEstoqueService      : [ESTOQUE] Ciclo finalizado. Total de atualizações enviadas: 0
2026-09-04T11:22:00.119-03:00  INFO 22468 --- [ecommerce] [scheduling-1] c.d.e.service.SincronizacaoService       : Lendo VW_ECOMMERCE_PRECOS no banco de dados...
2026-09-04T11:22:00.568-03:00  INFO 22468 --- [ecommerce] [scheduling-1] c.d.e.service.SincronizacaoService       : Ciclo finalizado. Total de atualizações enviadas: 0
2026-09-04T11:23:00.000-03:00  INFO 22468 --- [ecommerce] [scheduling-1] c.d.e.s.SincronizacaoEstoqueService      : [ESTOQUE] Lendo VW_ECOMMERCE_ESTOQUE no banco de dados...
2026-09-04T11:23:00.147-03:00  INFO 22468 --- [ecommerce] [scheduling-1] c.d.e.s.SincronizacaoEstoqueService      : [ESTOQUE] Ciclo finalizado. Total de atualizações enviadas: 0
2026-09-04T11:23:00.147-03:00  INFO 22468 --- [ecommerce] [scheduling-1] c.d.e.service.SincronizacaoService       : Lendo VW_ECOMMERCE_PRECOS no banco de dados...
2026-09-04T11:23:00.229-03:00  INFO 22468 --- [ecommerce] [scheduling-1] c.d.e.service.SincronizacaoService       : Ciclo finalizado. Total de atualizações enviadas: 0
2026-09-04T11:24:00.001-03:00  INFO 22468 --- [ecommerce] [scheduling-1] c.d.e.service.SincronizacaoService       : Lendo VW_ECOMMERCE_PRECOS no banco de dados...
2026-09-04T11:24:00.058-03:00  INFO 22468 --- [ecommerce] [scheduling-1] c.d.e.service.SincronizacaoService       : Ciclo finalizado. Total de atualizações enviadas: 0
2026-09-04T11:24:00.059-03:00  INFO 22468 --- [ecommerce] [scheduling-1] c.d.e.s.SincronizacaoEstoqueService      : [ESTOQUE] Lendo VW_ECOMMERCE_ESTOQUE no banco de dados...
2026-09-04T11:24:00.090-03:00  INFO 22468 --- [ecommerce] [scheduling-1] c.d.e.s.SincronizacaoEstoqueService      : [ESTOQUE] Ciclo finalizado. Total de atualizações enviadas: 0
2026-09-04T11:25:00.000-03:00  INFO 22468 --- [ecommerce] [scheduling-1] c.d.e.service.SincronizacaoService       : Lendo VW_ECOMMERCE_PRECOS no banco de dados...
2026-09-04T11:25:00.056-03:00  INFO 22468 --- [ecommerce] [scheduling-1] c.d.e.service.SincronizacaoService       : Ciclo finalizado. Total de atualizações enviadas: 0
2026-09-04T11:25:00.056-03:00  INFO 22468 --- [ecommerce] [scheduling-1] c.d.e.s.SincronizacaoEstoqueService      : [ESTOQUE] Lendo VW_ECOMMERCE_ESTOQUE no banco de dados...
2026-09-04T11:25:00.085-03:00  INFO 22468 --- [ecommerce] [scheduling-1] c.d.e.s.SincronizacaoEstoqueService      : [ESTOQUE] Ciclo finalizado. Total de atualizações enviadas: 0
2026-09-04T11:26:00.000-03:00  INFO 22468 --- [ecommerce] [scheduling-1] c.d.e.service.SincronizacaoService       : Lendo VW_ECOMMERCE_PRECOS no banco de dados...
2026-09-04T11:26:00.082-03:00  INFO 22468 --- [ecommerce] [scheduling-1] c.d.e.service.SincronizacaoService       : Ciclo finalizado. Total de atualizações enviadas: 0
2026-09-04T11:26:00.082-03:00  INFO 22468 --- [ecommerce] [scheduling-1] c.d.e.s.SincronizacaoEstoqueService      : [ESTOQUE] Lendo VW_ECOMMERCE_ESTOQUE no banco de dados...
2026-09-04T11:26:00.107-03:00  INFO 22468 --- [ecommerce] [scheduling-1] c.d.e.s.SincronizacaoEstoqueService      : [ESTOQUE] Ciclo finalizado. Total de atualizações enviadas: 0
2026-09-04T11:27:00.000-03:00  INFO 22468 --- [ecommerce] [scheduling-1] c.d.e.s.SincronizacaoEstoqueService      : [ESTOQUE] Lendo VW_ECOMMERCE_ESTOQUE no banco de dados...
2026-09-04T11:27:00.043-03:00  INFO 22468 --- [ecommerce] [scheduling-1] c.d.e.s.SincronizacaoEstoqueService      : [ESTOQUE] Ciclo finalizado. Total de atualizações enviadas: 0
2026-09-04T11:27:00.043-03:00  INFO 22468 --- [ecommerce] [scheduling-1] c.d.e.service.SincronizacaoService       : Lendo VW_ECOMMERCE_PRECOS no banco de dados...
2026-09-04T11:27:00.104-03:00  INFO 22468 --- [ecommerce] [scheduling-1] c.d.e.service.SincronizacaoService       : Ciclo finalizado. Total de atualizações enviadas: 0
2026-09-04T11:28:00.000-03:00  INFO 22468 --- [ecommerce] [scheduling-1] c.d.e.service.SincronizacaoService       : Lendo VW_ECOMMERCE_PRECOS no banco de dados...
2026-09-04T11:28:00.152-03:00  INFO 22468 --- [ecommerce] [scheduling-1] c.d.e.service.SincronizacaoService       : Ciclo finalizado. Total de atualizações enviadas: 0
2026-09-04T11:28:00.152-03:00  INFO 22468 --- [ecommerce] [scheduling-1] c.d.e.s.SincronizacaoEstoqueService      : [ESTOQUE] Lendo VW_ECOMMERCE_ESTOQUE no banco de dados...
2026-09-04T11:28:00.224-03:00  INFO 22468 --- [ecommerce] [scheduling-1] c.d.e.s.SincronizacaoEstoqueService      : [ESTOQUE] Ciclo finalizado. Total de atualizações enviadas: 0
2026-09-04T11:28:59.999-03:00  INFO 22468 --- [ecommerce] [scheduling-1] c.d.e.s.SincronizacaoEstoqueService      : [ESTOQUE] Lendo VW_ECOMMERCE_ESTOQUE no banco de dados...
2026-09-04T11:29:00.096-03:00  INFO 22468 --- [ecommerce] [scheduling-1] c.d.e.s.SincronizacaoEstoqueService      : [ESTOQUE] Ciclo finalizado. Total de atualizações enviadas: 0
2026-09-04T11:29:00.096-03:00  INFO 22468 --- [ecommerce] [scheduling-1] c.d.e.service.SincronizacaoService       : Lendo VW_ECOMMERCE_PRECOS no banco de dados...
2026-09-04T11:29:00.378-03:00  INFO 22468 --- [ecommerce] [scheduling-1] c.d.e.service.SincronizacaoService       : Ciclo finalizado. Total de atualizações enviadas: 0
2026-09-04T11:30:00.001-03:00  INFO 22468 --- [ecommerce] [scheduling-1] c.d.e.s.SincronizacaoEstoqueService      : [ESTOQUE] Lendo VW_ECOMMERCE_ESTOQUE no banco de dados...
2026-09-04T11:30:00.030-03:00  INFO 22468 --- [ecommerce] [scheduling-1] c.d.e.s.SincronizacaoEstoqueService      : [ESTOQUE] Ciclo finalizado. Total de atualizações enviadas: 0
2026-09-04T11:30:00.030-03:00  INFO 22468 --- [ecommerce] [scheduling-1] c.d.e.service.SincronizacaoService       : Lendo VW_ECOMMERCE_PRECOS no banco de dados...
2026-09-04T11:30:00.079-03:00  INFO 22468 --- [ecommerce] [scheduling-1] c.d.e.service.SincronizacaoService       : Ciclo finalizado. Total de atualizações enviadas: 0
2026-09-04T11:31:00.000-03:00  INFO 22468 --- [ecommerce] [scheduling-1] c.d.e.service.SincronizacaoService       : Lendo VW_ECOMMERCE_PRECOS no banco de dados...
2026-09-04T11:31:00.226-03:00  INFO 22468 --- [ecommerce] [scheduling-1] c.d.e.service.SincronizacaoService       : Ciclo finalizado. Total de atualizações enviadas: 0
2026-09-04T11:31:00.226-03:00  INFO 22468 --- [ecommerce] [scheduling-1] c.d.e.s.SincronizacaoEstoqueService      : [ESTOQUE] Lendo VW_ECOMMERCE_ESTOQUE no banco de dados...
2026-09-04T11:31:00.259-03:00  INFO 22468 --- [ecommerce] [scheduling-1] c.d.e.s.SincronizacaoEstoqueService      : [ESTOQUE] Ciclo finalizado. Total de atualizações enviadas: 0
2026-09-04T11:32:00.000-03:00  INFO 22468 --- [ecommerce] [scheduling-1] c.d.e.s.SincronizacaoEstoqueService      : [ESTOQUE] Lendo VW_ECOMMERCE_ESTOQUE no banco de dados...
2026-09-04T11:32:00.093-03:00  INFO 22468 --- [ecommerce] [scheduling-1] c.d.e.s.SincronizacaoEstoqueService      : [ESTOQUE] Ciclo finalizado. Total de atualizações enviadas: 0
2026-09-04T11:32:00.093-03:00  INFO 22468 --- [ecommerce] [scheduling-1] c.d.e.service.SincronizacaoService       : Lendo VW_ECOMMERCE_PRECOS no banco de dados...
2026-09-04T11:32:00.139-03:00  INFO 22468 --- [ecommerce] [scheduling-1] c.d.e.service.SincronizacaoService       : Ciclo finalizado. Total de atualizações enviadas: 0
2026-09-04T11:32:59.999-03:00  INFO 22468 --- [ecommerce] [scheduling-1] c.d.e.service.SincronizacaoService       : Lendo VW_ECOMMERCE_PRECOS no banco de dados...
2026-09-04T11:33:00.084-03:00  INFO 22468 --- [ecommerce] [scheduling-1] c.d.e.service.SincronizacaoService       : Ciclo finalizado. Total de atualizações enviadas: 0
2026-09-04T11:33:00.085-03:00  INFO 22468 --- [ecommerce] [scheduling-1] c.d.e.s.SincronizacaoEstoqueService      : [ESTOQUE] Lendo VW_ECOMMERCE_ESTOQUE no banco de dados...
2026-09-04T11:33:00.108-03:00  INFO 22468 --- [ecommerce] [scheduling-1] c.d.e.s.SincronizacaoEstoqueService      : [ESTOQUE] Ciclo finalizado. Total de atualizações enviadas: 0
2026-09-04T11:34:00.000-03:00  INFO 22468 --- [ecommerce] [scheduling-1] c.d.e.service.SincronizacaoService       : Lendo VW_ECOMMERCE_PRECOS no banco de dados...
2026-09-04T11:34:00.098-03:00  INFO 22468 --- [ecommerce] [scheduling-1] c.d.e.service.SincronizacaoService       : Ciclo finalizado. Total de atualizações enviadas: 0
2026-09-04T11:34:00.098-03:00  INFO 22468 --- [ecommerce] [scheduling-1] c.d.e.s.SincronizacaoEstoqueService      : [ESTOQUE] Lendo VW_ECOMMERCE_ESTOQUE no banco de dados...
2026-09-04T11:34:00.120-03:00  INFO 22468 --- [ecommerce] [scheduling-1] c.d.e.s.SincronizacaoEstoqueService      : [ESTOQUE] Ciclo finalizado. Total de atualizações enviadas: 0
2026-09-04T11:35:00.000-03:00  INFO 22468 --- [ecommerce] [scheduling-1] c.d.e.s.SincronizacaoEstoqueService      : [ESTOQUE] Lendo VW_ECOMMERCE_ESTOQUE no banco de dados...
2026-09-04T11:35:00.085-03:00  INFO 22468 --- [ecommerce] [scheduling-1] c.d.e.s.SincronizacaoEstoqueService      : [ESTOQUE] Ciclo finalizado. Total de atualizações enviadas: 0
2026-09-04T11:35:00.085-03:00  INFO 22468 --- [ecommerce] [scheduling-1] c.d.e.service.SincronizacaoService       : Lendo VW_ECOMMERCE_PRECOS no banco de dados...
2026-09-04T11:35:00.246-03:00  INFO 22468 --- [ecommerce] [scheduling-1] c.d.e.service.SincronizacaoService       : Ciclo finalizado. Total de atualizações enviadas: 0
2026-09-04T11:36:00.001-03:00  INFO 22468 --- [ecommerce] [scheduling-1] c.d.e.s.SincronizacaoEstoqueService      : [ESTOQUE] Lendo VW_ECOMMERCE_ESTOQUE no banco de dados...
2026-09-04T11:36:00.054-03:00  INFO 22468 --- [ecommerce] [scheduling-1] c.d.e.s.SincronizacaoEstoqueService      : [ESTOQUE] Ciclo finalizado. Total de atualizações enviadas: 0
2026-09-04T11:36:00.054-03:00  INFO 22468 --- [ecommerce] [scheduling-1] c.d.e.service.SincronizacaoService       : Lendo VW_ECOMMERCE_PRECOS no banco de dados...
2026-09-04T11:36:00.225-03:00  INFO 22468 --- [ecommerce] [scheduling-1] c.d.e.service.SincronizacaoService       : Ciclo finalizado. Total de atualizações enviadas: 0
2026-09-04T11:37:00.001-03:00  INFO 22468 --- [ecommerce] [scheduling-1] c.d.e.service.SincronizacaoService       : Lendo VW_ECOMMERCE_PRECOS no banco de dados...
2026-09-04T11:37:00.117-03:00  INFO 22468 --- [ecommerce] [scheduling-1] c.d.e.service.SincronizacaoService       : Ciclo finalizado. Total de atualizações enviadas: 0
2026-09-04T11:37:00.117-03:00  INFO 22468 --- [ecommerce] [scheduling-1] c.d.e.s.SincronizacaoEstoqueService      : [ESTOQUE] Lendo VW_ECOMMERCE_ESTOQUE no banco de dados...
2026-09-04T11:37:00.141-03:00  INFO 22468 --- [ecommerce] [scheduling-1] c.d.e.s.SincronizacaoEstoqueService      : [ESTOQUE] Ciclo finalizado. Total de atualizações enviadas: 0
2026-09-04T11:37:59.999-03:00  INFO 22468 --- [ecommerce] [scheduling-1] c.d.e.s.SincronizacaoEstoqueService      : [ESTOQUE] Lendo VW_ECOMMERCE_ESTOQUE no banco de dados...
2026-09-04T11:38:00.062-03:00  INFO 22468 --- [ecommerce] [scheduling-1] c.d.e.s.SincronizacaoEstoqueService      : [ESTOQUE] Ciclo finalizado. Total de atualizações enviadas: 0
2026-09-04T11:38:00.062-03:00  INFO 22468 --- [ecommerce] [scheduling-1] c.d.e.service.SincronizacaoService       : Lendo VW_ECOMMERCE_PRECOS no banco de dados...
2026-09-04T11:38:00.204-03:00  INFO 22468 --- [ecommerce] [scheduling-1] c.d.e.service.SincronizacaoService       : Ciclo finalizado. Total de atualizações enviadas: 0
2026-09-04T11:39:00.000-03:00  INFO 22468 --- [ecommerce] [scheduling-1] c.d.e.s.SincronizacaoEstoqueService      : [ESTOQUE] Lendo VW_ECOMMERCE_ESTOQUE no banco de dados...
2026-09-04T11:39:00.038-03:00  INFO 22468 --- [ecommerce] [scheduling-1] c.d.e.s.SincronizacaoEstoqueService      : [ESTOQUE] Ciclo finalizado. Total de atualizações enviadas: 0
2026-09-04T11:39:00.038-03:00  INFO 22468 --- [ecommerce] [scheduling-1] c.d.e.service.SincronizacaoService       : Lendo VW_ECOMMERCE_PRECOS no banco de dados...
2026-09-04T11:39:00.105-03:00  INFO 22468 --- [ecommerce] [scheduling-1] c.d.e.service.SincronizacaoService       : Ciclo finalizado. Total de atualizações enviadas: 0
2026-09-04T11:40:00.000-03:00  INFO 22468 --- [ecommerce] [scheduling-1] c.d.e.s.SincronizacaoEstoqueService      : [ESTOQUE] Lendo VW_ECOMMERCE_ESTOQUE no banco de dados...
2026-09-04T11:40:00.094-03:00  INFO 22468 --- [ecommerce] [scheduling-1] c.d.e.s.SincronizacaoEstoqueService      : [ESTOQUE] Ciclo finalizado. Total de atualizações enviadas: 0
2026-09-04T11:40:00.094-03:00  INFO 22468 --- [ecommerce] [scheduling-1] c.d.e.service.SincronizacaoService       : Lendo VW_ECOMMERCE_PRECOS no banco de dados...
2026-09-04T11:40:00.217-03:00  INFO 22468 --- [ecommerce] [scheduling-1] c.d.e.service.SincronizacaoService       : Ciclo finalizado. Total de atualizações enviadas: 0
2026-09-04T11:40:59.999-03:00  INFO 22468 --- [ecommerce] [scheduling-1] c.d.e.s.SincronizacaoEstoqueService      : [ESTOQUE] Lendo VW_ECOMMERCE_ESTOQUE no banco de dados...
2026-09-04T11:41:00.059-03:00  INFO 22468 --- [ecommerce] [scheduling-1] c.d.e.s.SincronizacaoEstoqueService      : [ESTOQUE] Ciclo finalizado. Total de atualizações enviadas: 0
2026-09-04T11:41:00.059-03:00  INFO 22468 --- [ecommerce] [scheduling-1] c.d.e.service.SincronizacaoService       : Lendo VW_ECOMMERCE_PRECOS no banco de dados...
2026-09-04T11:41:00.107-03:00  INFO 22468 --- [ecommerce] [scheduling-1] c.d.e.service.SincronizacaoService       : Ciclo finalizado. Total de atualizações enviadas: 0
2026-09-04T11:42:00.001-03:00  INFO 22468 --- [ecommerce] [scheduling-1] c.d.e.service.SincronizacaoService       : Lendo VW_ECOMMERCE_PRECOS no banco de dados...
2026-09-04T11:42:00.225-03:00  INFO 22468 --- [ecommerce] [scheduling-1] c.d.e.service.SincronizacaoService       : Ciclo finalizado. Total de atualizações enviadas: 0
2026-09-04T11:42:00.226-03:00  INFO 22468 --- [ecommerce] [scheduling-1] c.d.e.s.SincronizacaoEstoqueService      : [ESTOQUE] Lendo VW_ECOMMERCE_ESTOQUE no banco de dados...
2026-09-04T11:42:00.286-03:00  INFO 22468 --- [ecommerce] [scheduling-1] c.d.e.s.SincronizacaoEstoqueService      : [ESTOQUE] Ciclo finalizado. Total de atualizações enviadas: 0
2026-09-04T11:43:00.000-03:00  INFO 22468 --- [ecommerce] [scheduling-1] c.d.e.service.SincronizacaoService       : Lendo VW_ECOMMERCE_PRECOS no banco de dados...
2026-09-04T11:43:00.138-03:00  INFO 22468 --- [ecommerce] [scheduling-1] c.d.e.service.SincronizacaoService       : Ciclo finalizado. Total de atualizações enviadas: 0
2026-09-04T11:43:00.138-03:00  INFO 22468 --- [ecommerce] [scheduling-1] c.d.e.s.SincronizacaoEstoqueService      : [ESTOQUE] Lendo VW_ECOMMERCE_ESTOQUE no banco de dados...
2026-09-04T11:43:00.160-03:00  INFO 22468 --- [ecommerce] [scheduling-1] c.d.e.s.SincronizacaoEstoqueService      : [ESTOQUE] Ciclo finalizado. Total de atualizações enviadas: 0
2026-09-04T11:44:00.000-03:00  INFO 22468 --- [ecommerce] [scheduling-1] c.d.e.service.SincronizacaoService       : Lendo VW_ECOMMERCE_PRECOS no banco de dados...
2026-09-04T11:44:00.116-03:00  INFO 22468 --- [ecommerce] [scheduling-1] c.d.e.service.SincronizacaoService       : Ciclo finalizado. Total de atualizações enviadas: 0
2026-09-04T11:44:00.116-03:00  INFO 22468 --- [ecommerce] [scheduling-1] c.d.e.s.SincronizacaoEstoqueService      : [ESTOQUE] Lendo VW_ECOMMERCE_ESTOQUE no banco de dados...
2026-09-04T11:44:00.160-03:00  INFO 22468 --- [ecommerce] [scheduling-1] c.d.e.s.SincronizacaoEstoqueService      : [ESTOQUE] Ciclo finalizado. Total de atualizações enviadas: 0
2026-09-04T11:45:00.000-03:00  INFO 22468 --- [ecommerce] [scheduling-1] c.d.e.service.SincronizacaoService       : Lendo VW_ECOMMERCE_PRECOS no banco de dados...
2026-09-04T11:45:00.141-03:00  INFO 22468 --- [ecommerce] [scheduling-1] c.d.e.service.SincronizacaoService       : Ciclo finalizado. Total de atualizações enviadas: 0
2026-09-04T11:45:00.142-03:00  INFO 22468 --- [ecommerce] [scheduling-1] c.d.e.s.SincronizacaoEstoqueService      : [ESTOQUE] Lendo VW_ECOMMERCE_ESTOQUE no banco de dados...
2026-09-04T11:45:00.162-03:00  INFO 22468 --- [ecommerce] [scheduling-1] c.d.e.s.SincronizacaoEstoqueService      : [ESTOQUE] Ciclo finalizado. Total de atualizações enviadas: 0
2026-09-04T11:46:00.000-03:00  INFO 22468 --- [ecommerce] [scheduling-1] c.d.e.service.SincronizacaoService       : Lendo VW_ECOMMERCE_PRECOS no banco de dados...
2026-09-04T11:46:00.059-03:00  INFO 22468 --- [ecommerce] [scheduling-1] c.d.e.service.SincronizacaoService       : Ciclo finalizado. Total de atualizações enviadas: 0
2026-09-04T11:46:00.059-03:00  INFO 22468 --- [ecommerce] [scheduling-1] c.d.e.s.SincronizacaoEstoqueService      : [ESTOQUE] Lendo VW_ECOMMERCE_ESTOQUE no banco de dados...
2026-09-04T11:46:00.090-03:00  INFO 22468 --- [ecommerce] [scheduling-1] c.d.e.s.SincronizacaoEstoqueService      : [ESTOQUE] Ciclo finalizado. Total de atualizações enviadas: 0
2026-09-04T11:47:00.000-03:00  INFO 22468 --- [ecommerce] [scheduling-1] c.d.e.s.SincronizacaoEstoqueService      : [ESTOQUE] Lendo VW_ECOMMERCE_ESTOQUE no banco de dados...
2026-09-04T11:47:00.038-03:00  INFO 22468 --- [ecommerce] [scheduling-1] c.d.e.s.SincronizacaoEstoqueService      : [ESTOQUE] Ciclo finalizado. Total de atualizações enviadas: 0
2026-09-04T11:47:00.038-03:00  INFO 22468 --- [ecommerce] [scheduling-1] c.d.e.service.SincronizacaoService       : Lendo VW_ECOMMERCE_PRECOS no banco de dados...
2026-09-04T11:47:00.169-03:00  INFO 22468 --- [ecommerce] [scheduling-1] c.d.e.service.SincronizacaoService       : Ciclo finalizado. Total de atualizações enviadas: 0
2026-09-04T11:48:00.001-03:00  INFO 22468 --- [ecommerce] [scheduling-1] c.d.e.service.SincronizacaoService       : Lendo VW_ECOMMERCE_PRECOS no banco de dados...
2026-09-04T11:48:00.107-03:00  INFO 22468 --- [ecommerce] [scheduling-1] c.d.e.service.SincronizacaoService       : Ciclo finalizado. Total de atualizações enviadas: 0
2026-09-04T11:48:00.107-03:00  INFO 22468 --- [ecommerce] [scheduling-1] c.d.e.s.SincronizacaoEstoqueService      : [ESTOQUE] Lendo VW_ECOMMERCE_ESTOQUE no banco de dados...
2026-09-04T11:48:00.129-03:00  INFO 22468 --- [ecommerce] [scheduling-1] c.d.e.s.SincronizacaoEstoqueService      : [ESTOQUE] Ciclo finalizado. Total de atualizações enviadas: 0
2026-09-04T11:49:00.001-03:00  INFO 22468 --- [ecommerce] [scheduling-1] c.d.e.service.SincronizacaoService       : Lendo VW_ECOMMERCE_PRECOS no banco de dados...
2026-09-04T11:49:00.536-03:00  INFO 22468 --- [ecommerce] [scheduling-1] c.d.e.service.SincronizacaoService       : Ciclo finalizado. Total de atualizações enviadas: 0
2026-09-04T11:49:00.537-03:00  INFO 22468 --- [ecommerce] [scheduling-1] c.d.e.s.SincronizacaoEstoqueService      : [ESTOQUE] Lendo VW_ECOMMERCE_ESTOQUE no banco de dados...
2026-09-04T11:49:00.607-03:00  INFO 22468 --- [ecommerce] [scheduling-1] c.d.e.s.SincronizacaoEstoqueService      : [ESTOQUE] Ciclo finalizado. Total de atualizações enviadas: 0
2026-09-04T11:49:59.999-03:00  INFO 22468 --- [ecommerce] [scheduling-1] c.d.e.service.SincronizacaoService       : Lendo VW_ECOMMERCE_PRECOS no banco de dados...
2026-09-04T11:50:00.108-03:00  INFO 22468 --- [ecommerce] [scheduling-1] c.d.e.service.SincronizacaoService       : Ciclo finalizado. Total de atualizações enviadas: 0
2026-09-04T11:50:00.109-03:00  INFO 22468 --- [ecommerce] [scheduling-1] c.d.e.s.SincronizacaoEstoqueService      : [ESTOQUE] Lendo VW_ECOMMERCE_ESTOQUE no banco de dados...
2026-09-04T11:50:00.132-03:00  INFO 22468 --- [ecommerce] [scheduling-1] c.d.e.s.SincronizacaoEstoqueService      : [ESTOQUE] Ciclo finalizado. Total de atualizações enviadas: 0
2026-09-04T11:51:00.001-03:00  INFO 22468 --- [ecommerce] [scheduling-1] c.d.e.s.SincronizacaoEstoqueService      : [ESTOQUE] Lendo VW_ECOMMERCE_ESTOQUE no banco de dados...
2026-09-04T11:51:00.084-03:00  INFO 22468 --- [ecommerce] [scheduling-1] c.d.e.s.SincronizacaoEstoqueService      : [ESTOQUE] Ciclo finalizado. Total de atualizações enviadas: 0
2026-09-04T11:51:00.084-03:00  INFO 22468 --- [ecommerce] [scheduling-1] c.d.e.service.SincronizacaoService       : Lendo VW_ECOMMERCE_PRECOS no banco de dados...
2026-09-04T11:51:00.194-03:00  INFO 22468 --- [ecommerce] [scheduling-1] c.d.e.service.SincronizacaoService       : Ciclo finalizado. Total de atualizações enviadas: 0
2026-09-04T11:52:00.000-03:00  INFO 22468 --- [ecommerce] [scheduling-1] c.d.e.s.SincronizacaoEstoqueService      : [ESTOQUE] Lendo VW_ECOMMERCE_ESTOQUE no banco de dados...
2026-09-04T11:52:00.086-03:00  INFO 22468 --- [ecommerce] [scheduling-1] c.d.e.s.SincronizacaoEstoqueService      : [ESTOQUE] Ciclo finalizado. Total de atualizações enviadas: 0
2026-09-04T11:52:00.086-03:00  INFO 22468 --- [ecommerce] [scheduling-1] c.d.e.service.SincronizacaoService       : Lendo VW_ECOMMERCE_PRECOS no banco de dados...
2026-09-04T11:52:00.433-03:00  INFO 22468 --- [ecommerce] [scheduling-1] c.d.e.service.SincronizacaoService       : Ciclo finalizado. Total de atualizações enviadas: 0
2026-09-04T11:53:00.001-03:00  INFO 22468 --- [ecommerce] [scheduling-1] c.d.e.service.SincronizacaoService       : Lendo VW_ECOMMERCE_PRECOS no banco de dados...
2026-09-04T11:53:00.087-03:00  INFO 22468 --- [ecommerce] [scheduling-1] c.d.e.service.SincronizacaoService       : Ciclo finalizado. Total de atualizações enviadas: 0
2026-09-04T11:53:00.087-03:00  INFO 22468 --- [ecommerce] [scheduling-1] c.d.e.s.SincronizacaoEstoqueService      : [ESTOQUE] Lendo VW_ECOMMERCE_ESTOQUE no banco de dados...
2026-09-04T11:53:00.119-03:00  INFO 22468 --- [ecommerce] [scheduling-1] c.d.e.s.SincronizacaoEstoqueService      : [ESTOQUE] Ciclo finalizado. Total de atualizações enviadas: 0
2026-09-04T11:54:00.001-03:00  INFO 22468 --- [ecommerce] [scheduling-1] c.d.e.s.SincronizacaoEstoqueService      : [ESTOQUE] Lendo VW_ECOMMERCE_ESTOQUE no banco de dados...
2026-09-04T11:54:00.082-03:00  INFO 22468 --- [ecommerce] [scheduling-1] c.d.e.s.SincronizacaoEstoqueService      : [ESTOQUE] Ciclo finalizado. Total de atualizações enviadas: 0
2026-09-04T11:54:00.082-03:00  INFO 22468 --- [ecommerce] [scheduling-1] c.d.e.service.SincronizacaoService       : Lendo VW_ECOMMERCE_PRECOS no banco de dados...
2026-09-04T11:54:00.159-03:00  INFO 22468 --- [ecommerce] [scheduling-1] c.d.e.service.SincronizacaoService       : Ciclo finalizado. Total de atualizações enviadas: 0
2026-09-04T11:55:00.000-03:00  INFO 22468 --- [ecommerce] [scheduling-1] c.d.e.service.SincronizacaoService       : Lendo VW_ECOMMERCE_PRECOS no banco de dados...
2026-09-04T11:55:00.071-03:00  INFO 22468 --- [ecommerce] [scheduling-1] c.d.e.service.SincronizacaoService       : Ciclo finalizado. Total de atualizações enviadas: 0
2026-09-04T11:55:00.072-03:00  INFO 22468 --- [ecommerce] [scheduling-1] c.d.e.s.SincronizacaoEstoqueService      : [ESTOQUE] Lendo VW_ECOMMERCE_ESTOQUE no banco de dados...
2026-09-04T11:55:00.098-03:00  INFO 22468 --- [ecommerce] [scheduling-1] c.d.e.s.SincronizacaoEstoqueService      : [ESTOQUE] Ciclo finalizado. Total de atualizações enviadas: 0
2026-09-04T11:56:00.000-03:00  INFO 22468 --- [ecommerce] [scheduling-1] c.d.e.service.SincronizacaoService       : Lendo VW_ECOMMERCE_PRECOS no banco de dados...
2026-09-04T11:56:00.444-03:00  INFO 22468 --- [ecommerce] [scheduling-1] c.d.e.service.SincronizacaoService       : Ciclo finalizado. Total de atualizações enviadas: 0
2026-09-04T11:56:00.445-03:00  INFO 22468 --- [ecommerce] [scheduling-1] c.d.e.s.SincronizacaoEstoqueService      : [ESTOQUE] Lendo VW_ECOMMERCE_ESTOQUE no banco de dados...
2026-09-04T11:56:00.488-03:00  INFO 22468 --- [ecommerce] [scheduling-1] c.d.e.s.SincronizacaoEstoqueService      : [ESTOQUE] Ciclo finalizado. Total de atualizações enviadas: 0
2026-09-04T11:57:00.000-03:00  INFO 22468 --- [ecommerce] [scheduling-1] c.d.e.service.SincronizacaoService       : Lendo VW_ECOMMERCE_PRECOS no banco de dados...
2026-09-04T11:57:00.109-03:00  INFO 22468 --- [ecommerce] [scheduling-1] c.d.e.service.SincronizacaoService       : Ciclo finalizado. Total de atualizações enviadas: 0
2026-09-04T11:57:00.109-03:00  INFO 22468 --- [ecommerce] [scheduling-1] c.d.e.s.SincronizacaoEstoqueService      : [ESTOQUE] Lendo VW_ECOMMERCE_ESTOQUE no banco de dados...
2026-09-04T11:57:00.131-03:00  INFO 22468 --- [ecommerce] [scheduling-1] c.d.e.s.SincronizacaoEstoqueService      : [ESTOQUE] Ciclo finalizado. Total de atualizações enviadas: 0
2026-09-04T11:58:00.000-03:00  INFO 22468 --- [ecommerce] [scheduling-1] c.d.e.s.SincronizacaoEstoqueService      : [ESTOQUE] Lendo VW_ECOMMERCE_ESTOQUE no banco de dados...
2026-09-04T11:58:00.080-03:00  INFO 22468 --- [ecommerce] [scheduling-1] c.d.e.s.SincronizacaoEstoqueService      : [ESTOQUE] Ciclo finalizado. Total de atualizações enviadas: 0
2026-09-04T11:58:00.080-03:00  INFO 22468 --- [ecommerce] [scheduling-1] c.d.e.service.SincronizacaoService       : Lendo VW_ECOMMERCE_PRECOS no banco de dados...
2026-09-04T11:58:00.124-03:00  INFO 22468 --- [ecommerce] [scheduling-1] c.d.e.service.SincronizacaoService       : Ciclo finalizado. Total de atualizações enviadas: 0
2026-09-04T11:59:00.000-03:00  INFO 22468 --- [ecommerce] [scheduling-1] c.d.e.service.SincronizacaoService       : Lendo VW_ECOMMERCE_PRECOS no banco de dados...
2026-09-04T11:59:00.238-03:00  INFO 22468 --- [ecommerce] [scheduling-1] c.d.e.service.SincronizacaoService       : Ciclo finalizado. Total de atualizações enviadas: 0
2026-09-04T11:59:00.239-03:00  INFO 22468 --- [ecommerce] [scheduling-1] c.d.e.s.SincronizacaoEstoqueService      : [ESTOQUE] Lendo VW_ECOMMERCE_ESTOQUE no banco de dados...
2026-09-04T11:59:00.275-03:00  INFO 22468 --- [ecommerce] [scheduling-1] c.d.e.s.SincronizacaoEstoqueService      : [ESTOQUE] Ciclo finalizado. Total de atualizações enviadas: 0
2026-09-04T11:59:59.999-03:00  INFO 22468 --- [ecommerce] [scheduling-1] c.d.e.service.SincronizacaoService       : Lendo VW_ECOMMERCE_PRECOS no banco de dados...
2026-09-04T12:00:00.104-03:00  INFO 22468 --- [ecommerce] [scheduling-1] c.d.e.service.SincronizacaoService       : Ciclo finalizado. Total de atualizações enviadas: 0
2026-09-04T12:00:00.104-03:00  INFO 22468 --- [ecommerce] [scheduling-1] c.d.e.s.SincronizacaoEstoqueService      : [ESTOQUE] Lendo VW_ECOMMERCE_ESTOQUE no banco de dados...
2026-09-04T12:00:00.126-03:00  INFO 22468 --- [ecommerce] [scheduling-1] c.d.e.s.SincronizacaoEstoqueService      : [ESTOQUE] Ciclo finalizado. Total de atualizações enviadas: 0
2026-09-04T12:00:59.999-03:00  INFO 22468 --- [ecommerce] [scheduling-1] c.d.e.s.SincronizacaoEstoqueService      : [ESTOQUE] Lendo VW_ECOMMERCE_ESTOQUE no banco de dados...
2026-09-04T12:01:00.056-03:00  INFO 22468 --- [ecommerce] [scheduling-1] c.d.e.s.SincronizacaoEstoqueService      : [ESTOQUE] Ciclo finalizado. Total de atualizações enviadas: 0
2026-09-04T12:01:00.057-03:00  INFO 22468 --- [ecommerce] [scheduling-1] c.d.e.service.SincronizacaoService       : Lendo VW_ECOMMERCE_PRECOS no banco de dados...
2026-09-04T12:01:00.239-03:00  INFO 22468 --- [ecommerce] [scheduling-1] c.d.e.service.SincronizacaoService       : Ciclo finalizado. Total de atualizações enviadas: 0
2026-09-04T12:02:00.000-03:00  INFO 22468 --- [ecommerce] [scheduling-1] c.d.e.s.SincronizacaoEstoqueService      : [ESTOQUE] Lendo VW_ECOMMERCE_ESTOQUE no banco de dados...
2026-09-04T12:02:00.095-03:00  INFO 22468 --- [ecommerce] [scheduling-1] c.d.e.s.SincronizacaoEstoqueService      : [ESTOQUE] Ciclo finalizado. Total de atualizações enviadas: 0
2026-09-04T12:02:00.095-03:00  INFO 22468 --- [ecommerce] [scheduling-1] c.d.e.service.SincronizacaoService       : Lendo VW_ECOMMERCE_PRECOS no banco de dados...
2026-09-04T12:02:00.290-03:00  INFO 22468 --- [ecommerce] [scheduling-1] c.d.e.service.SincronizacaoService       : Ciclo finalizado. Total de atualizações enviadas: 0
2026-09-04T12:03:00.000-03:00  INFO 22468 --- [ecommerce] [scheduling-1] c.d.e.s.SincronizacaoEstoqueService      : [ESTOQUE] Lendo VW_ECOMMERCE_ESTOQUE no banco de dados...
2026-09-04T12:03:00.040-03:00  INFO 22468 --- [ecommerce] [scheduling-1] c.d.e.s.SincronizacaoEstoqueService      : [ESTOQUE] Ciclo finalizado. Total de atualizações enviadas: 0
2026-09-04T12:03:00.040-03:00  INFO 22468 --- [ecommerce] [scheduling-1] c.d.e.service.SincronizacaoService       : Lendo VW_ECOMMERCE_PRECOS no banco de dados...
2026-09-04T12:03:00.124-03:00  INFO 22468 --- [ecommerce] [scheduling-1] c.d.e.service.SincronizacaoService       : Ciclo finalizado. Total de atualizações enviadas: 0
2026-09-04T12:03:59.999-03:00  INFO 22468 --- [ecommerce] [scheduling-1] c.d.e.service.SincronizacaoService       : Lendo VW_ECOMMERCE_PRECOS no banco de dados...
2026-09-04T12:04:00.060-03:00  INFO 22468 --- [ecommerce] [scheduling-1] c.d.e.service.SincronizacaoService       : Ciclo finalizado. Total de atualizações enviadas: 0
2026-09-04T12:04:00.061-03:00  INFO 22468 --- [ecommerce] [scheduling-1] c.d.e.s.SincronizacaoEstoqueService      : [ESTOQUE] Lendo VW_ECOMMERCE_ESTOQUE no banco de dados...
2026-09-04T12:04:00.091-03:00  INFO 22468 --- [ecommerce] [scheduling-1] c.d.e.s.SincronizacaoEstoqueService      : [ESTOQUE] Ciclo finalizado. Total de atualizações enviadas: 0
2026-09-04T12:05:00.000-03:00  INFO 22468 --- [ecommerce] [scheduling-1] c.d.e.service.SincronizacaoService       : Lendo VW_ECOMMERCE_PRECOS no banco de dados...
2026-09-04T12:05:00.514-03:00  INFO 22468 --- [ecommerce] [scheduling-1] c.d.e.service.SincronizacaoService       : Ciclo finalizado. Total de atualizações enviadas: 0
2026-09-04T12:05:00.514-03:00  INFO 22468 --- [ecommerce] [scheduling-1] c.d.e.s.SincronizacaoEstoqueService      : [ESTOQUE] Lendo VW_ECOMMERCE_ESTOQUE no banco de dados...
2026-09-04T12:05:00.617-03:00  INFO 22468 --- [ecommerce] [scheduling-1] c.d.e.s.SincronizacaoEstoqueService      : [ESTOQUE] Ciclo finalizado. Total de atualizações enviadas: 0
2026-09-04T12:05:59.999-03:00  INFO 22468 --- [ecommerce] [scheduling-1] c.d.e.s.SincronizacaoEstoqueService      : [ESTOQUE] Lendo VW_ECOMMERCE_ESTOQUE no banco de dados...
2026-09-04T12:06:00.058-03:00  INFO 22468 --- [ecommerce] [scheduling-1] c.d.e.s.SincronizacaoEstoqueService      : [ESTOQUE] Ciclo finalizado. Total de atualizações enviadas: 0
2026-09-04T12:06:00.058-03:00  INFO 22468 --- [ecommerce] [scheduling-1] c.d.e.service.SincronizacaoService       : Lendo VW_ECOMMERCE_PRECOS no banco de dados...
2026-09-04T12:06:00.180-03:00  INFO 22468 --- [ecommerce] [scheduling-1] c.d.e.service.SincronizacaoService       : Ciclo finalizado. Total de atualizações enviadas: 0
2026-09-04T12:07:00.000-03:00  INFO 22468 --- [ecommerce] [scheduling-1] c.d.e.service.SincronizacaoService       : Lendo VW_ECOMMERCE_PRECOS no banco de dados...
2026-09-04T12:07:00.070-03:00  INFO 22468 --- [ecommerce] [scheduling-1] c.d.e.service.SincronizacaoService       : Ciclo finalizado. Total de atualizações enviadas: 0
2026-09-04T12:07:00.070-03:00  INFO 22468 --- [ecommerce] [scheduling-1] c.d.e.s.SincronizacaoEstoqueService      : [ESTOQUE] Lendo VW_ECOMMERCE_ESTOQUE no banco de dados...
2026-09-04T12:07:00.102-03:00  INFO 22468 --- [ecommerce] [scheduling-1] c.d.e.s.SincronizacaoEstoqueService      : [ESTOQUE] Ciclo finalizado. Total de atualizações enviadas: 0
2026-09-04T12:08:00.000-03:00  INFO 22468 --- [ecommerce] [scheduling-1] c.d.e.service.SincronizacaoService       : Lendo VW_ECOMMERCE_PRECOS no banco de dados...
2026-09-04T12:08:00.049-03:00  INFO 22468 --- [ecommerce] [scheduling-1] c.d.e.service.SincronizacaoService       : Ciclo finalizado. Total de atualizações enviadas: 0
2026-09-04T12:08:00.049-03:00  INFO 22468 --- [ecommerce] [scheduling-1] c.d.e.s.SincronizacaoEstoqueService      : [ESTOQUE] Lendo VW_ECOMMERCE_ESTOQUE no banco de dados...
2026-09-04T12:08:00.110-03:00  INFO 22468 --- [ecommerce] [scheduling-1] c.d.e.s.SincronizacaoEstoqueService      : [ESTOQUE] Ciclo finalizado. Total de atualizações enviadas: 0
2026-09-04T12:08:59.999-03:00  INFO 22468 --- [ecommerce] [scheduling-1] c.d.e.s.SincronizacaoEstoqueService      : [ESTOQUE] Lendo VW_ECOMMERCE_ESTOQUE no banco de dados...
2026-09-04T12:09:00.075-03:00  INFO 22468 --- [ecommerce] [scheduling-1] c.d.e.s.SincronizacaoEstoqueService      : [ESTOQUE] Ciclo finalizado. Total de atualizações enviadas: 0
2026-09-04T12:09:00.076-03:00  INFO 22468 --- [ecommerce] [scheduling-1] c.d.e.service.SincronizacaoService       : Lendo VW_ECOMMERCE_PRECOS no banco de dados...
2026-09-04T12:09:00.352-03:00  INFO 22468 --- [ecommerce] [scheduling-1] c.d.e.service.SincronizacaoService       : Ciclo finalizado. Total de atualizações enviadas: 0
2026-09-04T12:10:00.000-03:00  INFO 22468 --- [ecommerce] [scheduling-1] c.d.e.s.SincronizacaoEstoqueService      : [ESTOQUE] Lendo VW_ECOMMERCE_ESTOQUE no banco de dados...
2026-09-04T12:10:00.108-03:00  INFO 22468 --- [ecommerce] [scheduling-1] c.d.e.s.SincronizacaoEstoqueService      : [ESTOQUE] Ciclo finalizado. Total de atualizações enviadas: 0
2026-09-04T12:10:00.108-03:00  INFO 22468 --- [ecommerce] [scheduling-1] c.d.e.service.SincronizacaoService       : Lendo VW_ECOMMERCE_PRECOS no banco de dados...
2026-09-04T12:10:00.714-03:00  INFO 22468 --- [ecommerce] [scheduling-1] c.d.e.service.SincronizacaoService       : Ciclo finalizado. Total de atualizações enviadas: 0
2026-09-04T12:10:59.999-03:00  INFO 22468 --- [ecommerce] [scheduling-1] c.d.e.s.SincronizacaoEstoqueService      : [ESTOQUE] Lendo VW_ECOMMERCE_ESTOQUE no banco de dados...
2026-09-04T12:11:00.048-03:00  INFO 22468 --- [ecommerce] [scheduling-1] c.d.e.s.SincronizacaoEstoqueService      : [ESTOQUE] Ciclo finalizado. Total de atualizações enviadas: 0
2026-09-04T12:11:00.049-03:00  INFO 22468 --- [ecommerce] [scheduling-1] c.d.e.service.SincronizacaoService       : Lendo VW_ECOMMERCE_PRECOS no banco de dados...
2026-09-04T12:11:00.126-03:00  INFO 22468 --- [ecommerce] [scheduling-1] c.d.e.service.SincronizacaoService       : Ciclo finalizado. Total de atualizações enviadas: 0
2026-09-04T12:11:59.999-03:00  INFO 22468 --- [ecommerce] [scheduling-1] c.d.e.s.SincronizacaoEstoqueService      : [ESTOQUE] Lendo VW_ECOMMERCE_ESTOQUE no banco de dados...
2026-09-04T12:12:00.082-03:00  INFO 22468 --- [ecommerce] [scheduling-1] c.d.e.s.SincronizacaoEstoqueService      : [ESTOQUE] Ciclo finalizado. Total de atualizações enviadas: 0
2026-09-04T12:12:00.083-03:00  INFO 22468 --- [ecommerce] [scheduling-1] c.d.e.service.SincronizacaoService       : Lendo VW_ECOMMERCE_PRECOS no banco de dados...
2026-09-04T12:12:00.154-03:00  INFO 22468 --- [ecommerce] [scheduling-1] c.d.e.service.SincronizacaoService       : Ciclo finalizado. Total de atualizações enviadas: 0
2026-09-04T12:13:00.000-03:00  INFO 22468 --- [ecommerce] [scheduling-1] c.d.e.service.SincronizacaoService       : Lendo VW_ECOMMERCE_PRECOS no banco de dados...
2026-09-04T12:13:00.201-03:00  INFO 22468 --- [ecommerce] [scheduling-1] c.d.e.service.SincronizacaoService       : Ciclo finalizado. Total de atualizações enviadas: 0
2026-09-04T12:13:00.201-03:00  INFO 22468 --- [ecommerce] [scheduling-1] c.d.e.s.SincronizacaoEstoqueService      : [ESTOQUE] Lendo VW_ECOMMERCE_ESTOQUE no banco de dados...
2026-09-04T12:13:00.231-03:00  INFO 22468 --- [ecommerce] [scheduling-1] c.d.e.s.SincronizacaoEstoqueService      : [ESTOQUE] Ciclo finalizado. Total de atualizações enviadas: 0
2026-09-04T12:14:00.001-03:00  INFO 22468 --- [ecommerce] [scheduling-1] c.d.e.s.SincronizacaoEstoqueService      : [ESTOQUE] Lendo VW_ECOMMERCE_ESTOQUE no banco de dados...
2026-09-04T12:14:00.072-03:00  INFO 22468 --- [ecommerce] [scheduling-1] c.d.e.s.SincronizacaoEstoqueService      : [ESTOQUE] Ciclo finalizado. Total de atualizações enviadas: 0
2026-09-04T12:14:00.072-03:00  INFO 22468 --- [ecommerce] [scheduling-1] c.d.e.service.SincronizacaoService       : Lendo VW_ECOMMERCE_PRECOS no banco de dados...
2026-09-04T12:14:00.164-03:00  INFO 22468 --- [ecommerce] [scheduling-1] c.d.e.service.SincronizacaoService       : Ciclo finalizado. Total de atualizações enviadas: 0
2026-09-04T12:15:00.000-03:00  INFO 22468 --- [ecommerce] [scheduling-1] c.d.e.s.SincronizacaoEstoqueService      : [ESTOQUE] Lendo VW_ECOMMERCE_ESTOQUE no banco de dados...
2026-09-04T12:15:00.039-03:00  INFO 22468 --- [ecommerce] [scheduling-1] c.d.e.s.SincronizacaoEstoqueService      : [ESTOQUE] Ciclo finalizado. Total de atualizações enviadas: 0
2026-09-04T12:15:00.039-03:00  INFO 22468 --- [ecommerce] [scheduling-1] c.d.e.service.SincronizacaoService       : Lendo VW_ECOMMERCE_PRECOS no banco de dados...
2026-09-04T12:15:00.084-03:00  INFO 22468 --- [ecommerce] [scheduling-1] c.d.e.service.SincronizacaoService       : Ciclo finalizado. Total de atualizações enviadas: 0
2026-09-04T12:15:59.999-03:00  INFO 22468 --- [ecommerce] [scheduling-1] c.d.e.service.SincronizacaoService       : Lendo VW_ECOMMERCE_PRECOS no banco de dados...
2026-09-04T12:16:00.167-03:00  INFO 22468 --- [ecommerce] [scheduling-1] c.d.e.service.SincronizacaoService       : Ciclo finalizado. Total de atualizações enviadas: 0
2026-09-04T12:16:00.167-03:00  INFO 22468 --- [ecommerce] [scheduling-1] c.d.e.s.SincronizacaoEstoqueService      : [ESTOQUE] Lendo VW_ECOMMERCE_ESTOQUE no banco de dados...
2026-09-04T12:16:00.229-03:00  INFO 22468 --- [ecommerce] [scheduling-1] c.d.e.s.SincronizacaoEstoqueService      : [ESTOQUE] Ciclo finalizado. Total de atualizações enviadas: 0
2026-09-04T12:17:00.001-03:00  INFO 22468 --- [ecommerce] [scheduling-1] c.d.e.service.SincronizacaoService       : Lendo VW_ECOMMERCE_PRECOS no banco de dados...
2026-09-04T12:17:00.200-03:00  INFO 22468 --- [ecommerce] [scheduling-1] c.d.e.service.SincronizacaoService       : Ciclo finalizado. Total de atualizações enviadas: 0
2026-09-04T12:17:00.201-03:00  INFO 22468 --- [ecommerce] [scheduling-1] c.d.e.s.SincronizacaoEstoqueService      : [ESTOQUE] Lendo VW_ECOMMERCE_ESTOQUE no banco de dados...
2026-09-04T12:17:00.239-03:00  INFO 22468 --- [ecommerce] [scheduling-1] c.d.e.s.SincronizacaoEstoqueService      : [ESTOQUE] Ciclo finalizado. Total de atualizações enviadas: 0
2026-09-04T12:17:59.999-03:00  INFO 22468 --- [ecommerce] [scheduling-1] c.d.e.service.SincronizacaoService       : Lendo VW_ECOMMERCE_PRECOS no banco de dados...
2026-09-04T12:18:00.053-03:00  INFO 22468 --- [ecommerce] [scheduling-1] c.d.e.service.SincronizacaoService       : Ciclo finalizado. Total de atualizações enviadas: 0
2026-09-04T12:18:00.053-03:00  INFO 22468 --- [ecommerce] [scheduling-1] c.d.e.s.SincronizacaoEstoqueService      : [ESTOQUE] Lendo VW_ECOMMERCE_ESTOQUE no banco de dados...
2026-09-04T12:18:00.086-03:00  INFO 22468 --- [ecommerce] [scheduling-1] c.d.e.s.SincronizacaoEstoqueService      : [ESTOQUE] Ciclo finalizado. Total de atualizações enviadas: 0
2026-09-04T12:19:00.000-03:00  INFO 22468 --- [ecommerce] [scheduling-1] c.d.e.service.SincronizacaoService       : Lendo VW_ECOMMERCE_PRECOS no banco de dados...
2026-09-04T12:19:00.098-03:00  INFO 22468 --- [ecommerce] [scheduling-1] c.d.e.service.SincronizacaoService       : Ciclo finalizado. Total de atualizações enviadas: 0
2026-09-04T12:19:00.098-03:00  INFO 22468 --- [ecommerce] [scheduling-1] c.d.e.s.SincronizacaoEstoqueService      : [ESTOQUE] Lendo VW_ECOMMERCE_ESTOQUE no banco de dados...
2026-09-04T12:19:00.127-03:00  INFO 22468 --- [ecommerce] [scheduling-1] c.d.e.s.SincronizacaoEstoqueService      : [ESTOQUE] Ciclo finalizado. Total de atualizações enviadas: 0
2026-09-04T12:20:00.000-03:00  INFO 22468 --- [ecommerce] [scheduling-1] c.d.e.service.SincronizacaoService       : Lendo VW_ECOMMERCE_PRECOS no banco de dados...
2026-09-04T12:20:00.062-03:00  INFO 22468 --- [ecommerce] [scheduling-1] c.d.e.service.SincronizacaoService       : Ciclo finalizado. Total de atualizações enviadas: 0
2026-09-04T12:20:00.062-03:00  INFO 22468 --- [ecommerce] [scheduling-1] c.d.e.s.SincronizacaoEstoqueService      : [ESTOQUE] Lendo VW_ECOMMERCE_ESTOQUE no banco de dados...
2026-09-04T12:20:00.093-03:00  INFO 22468 --- [ecommerce] [scheduling-1] c.d.e.s.SincronizacaoEstoqueService      : [ESTOQUE] Ciclo finalizado. Total de atualizações enviadas: 0
2026-09-04T12:21:00.000-03:00  INFO 22468 --- [ecommerce] [scheduling-1] c.d.e.s.SincronizacaoEstoqueService      : [ESTOQUE] Lendo VW_ECOMMERCE_ESTOQUE no banco de dados...
2026-09-04T12:21:00.094-03:00  INFO 22468 --- [ecommerce] [scheduling-1] c.d.e.s.SincronizacaoEstoqueService      : [ESTOQUE] Ciclo finalizado. Total de atualizações enviadas: 0
2026-09-04T12:21:00.094-03:00  INFO 22468 --- [ecommerce] [scheduling-1] c.d.e.service.SincronizacaoService       : Lendo VW_ECOMMERCE_PRECOS no banco de dados...
2026-09-04T12:21:00.294-03:00  INFO 22468 --- [ecommerce] [scheduling-1] c.d.e.service.SincronizacaoService       : Ciclo finalizado. Total de atualizações enviadas: 0
2026-09-04T12:22:00.000-03:00  INFO 22468 --- [ecommerce] [scheduling-1] c.d.e.service.SincronizacaoService       : Lendo VW_ECOMMERCE_PRECOS no banco de dados...
2026-09-04T12:22:00.156-03:00  INFO 22468 --- [ecommerce] [scheduling-1] c.d.e.service.SincronizacaoService       : Ciclo finalizado. Total de atualizações enviadas: 0
2026-09-04T12:22:00.156-03:00  INFO 22468 --- [ecommerce] [scheduling-1] c.d.e.s.SincronizacaoEstoqueService      : [ESTOQUE] Lendo VW_ECOMMERCE_ESTOQUE no banco de dados...
2026-09-04T12:22:00.190-03:00  INFO 22468 --- [ecommerce] [scheduling-1] c.d.e.s.SincronizacaoEstoqueService      : [ESTOQUE] Ciclo finalizado. Total de atualizações enviadas: 0
2026-09-04T12:23:00.001-03:00  INFO 22468 --- [ecommerce] [scheduling-1] c.d.e.service.SincronizacaoService       : Lendo VW_ECOMMERCE_PRECOS no banco de dados...
2026-09-04T12:23:00.111-03:00  INFO 22468 --- [ecommerce] [scheduling-1] c.d.e.service.SincronizacaoService       : Ciclo finalizado. Total de atualizações enviadas: 0
2026-09-04T12:23:00.111-03:00  INFO 22468 --- [ecommerce] [scheduling-1] c.d.e.s.SincronizacaoEstoqueService      : [ESTOQUE] Lendo VW_ECOMMERCE_ESTOQUE no banco de dados...
2026-09-04T12:23:00.142-03:00  INFO 22468 --- [ecommerce] [scheduling-1] c.d.e.s.SincronizacaoEstoqueService      : [ESTOQUE] Ciclo finalizado. Total de atualizações enviadas: 0
2026-09-04T12:24:00.000-03:00  INFO 22468 --- [ecommerce] [scheduling-1] c.d.e.s.SincronizacaoEstoqueService      : [ESTOQUE] Lendo VW_ECOMMERCE_ESTOQUE no banco de dados...
2026-09-04T12:24:00.051-03:00  INFO 22468 --- [ecommerce] [scheduling-1] c.d.e.s.SincronizacaoEstoqueService      : [ESTOQUE] Ciclo finalizado. Total de atualizações enviadas: 0
2026-09-04T12:24:00.052-03:00  INFO 22468 --- [ecommerce] [scheduling-1] c.d.e.service.SincronizacaoService       : Lendo VW_ECOMMERCE_PRECOS no banco de dados...
2026-09-04T12:24:00.157-03:00  INFO 22468 --- [ecommerce] [scheduling-1] c.d.e.service.SincronizacaoService       : Ciclo finalizado. Total de atualizações enviadas: 0
2026-09-04T12:24:59.999-03:00  INFO 22468 --- [ecommerce] [scheduling-1] c.d.e.s.SincronizacaoEstoqueService      : [ESTOQUE] Lendo VW_ECOMMERCE_ESTOQUE no banco de dados...
2026-09-04T12:25:00.072-03:00  INFO 22468 --- [ecommerce] [scheduling-1] c.d.e.s.SincronizacaoEstoqueService      : [ESTOQUE] Ciclo finalizado. Total de atualizações enviadas: 0
2026-09-04T12:25:00.073-03:00  INFO 22468 --- [ecommerce] [scheduling-1] c.d.e.service.SincronizacaoService       : Lendo VW_ECOMMERCE_PRECOS no banco de dados...
2026-09-04T12:25:00.149-03:00  INFO 22468 --- [ecommerce] [scheduling-1] c.d.e.service.SincronizacaoService       : Ciclo finalizado. Total de atualizações enviadas: 0
2026-09-04T12:25:59.999-03:00  INFO 22468 --- [ecommerce] [scheduling-1] c.d.e.s.SincronizacaoEstoqueService      : [ESTOQUE] Lendo VW_ECOMMERCE_ESTOQUE no banco de dados...
2026-09-04T12:26:00.043-03:00  INFO 22468 --- [ecommerce] [scheduling-1] c.d.e.s.SincronizacaoEstoqueService      : [ESTOQUE] Ciclo finalizado. Total de atualizações enviadas: 0
2026-09-04T12:26:00.043-03:00  INFO 22468 --- [ecommerce] [scheduling-1] c.d.e.service.SincronizacaoService       : Lendo VW_ECOMMERCE_PRECOS no banco de dados...
2026-09-04T12:26:00.131-03:00  INFO 22468 --- [ecommerce] [scheduling-1] c.d.e.service.SincronizacaoService       : Ciclo finalizado. Total de atualizações enviadas: 0
2026-09-04T12:26:59.999-03:00  INFO 22468 --- [ecommerce] [scheduling-1] c.d.e.s.SincronizacaoEstoqueService      : [ESTOQUE] Lendo VW_ECOMMERCE_ESTOQUE no banco de dados...
2026-09-04T12:27:00.042-03:00  INFO 22468 --- [ecommerce] [scheduling-1] c.d.e.s.SincronizacaoEstoqueService      : [ESTOQUE] Ciclo finalizado. Total de atualizações enviadas: 0
2026-09-04T12:27:00.042-03:00  INFO 22468 --- [ecommerce] [scheduling-1] c.d.e.service.SincronizacaoService       : Lendo VW_ECOMMERCE_PRECOS no banco de dados...
2026-09-04T12:27:00.184-03:00  INFO 22468 --- [ecommerce] [scheduling-1] c.d.e.service.SincronizacaoService       : Ciclo finalizado. Total de atualizações enviadas: 0
2026-09-04T12:28:00.001-03:00  INFO 22468 --- [ecommerce] [scheduling-1] c.d.e.s.SincronizacaoEstoqueService      : [ESTOQUE] Lendo VW_ECOMMERCE_ESTOQUE no banco de dados...
2026-09-04T12:28:00.089-03:00  INFO 22468 --- [ecommerce] [scheduling-1] c.d.e.s.SincronizacaoEstoqueService      : [ESTOQUE] Ciclo finalizado. Total de atualizações enviadas: 0
2026-09-04T12:28:00.090-03:00  INFO 22468 --- [ecommerce] [scheduling-1] c.d.e.service.SincronizacaoService       : Lendo VW_ECOMMERCE_PRECOS no banco de dados...
2026-09-04T12:28:00.263-03:00  INFO 22468 --- [ecommerce] [scheduling-1] c.d.e.service.SincronizacaoService       : Ciclo finalizado. Total de atualizações enviadas: 0
2026-09-04T12:29:00.000-03:00  INFO 22468 --- [ecommerce] [scheduling-1] c.d.e.s.SincronizacaoEstoqueService      : [ESTOQUE] Lendo VW_ECOMMERCE_ESTOQUE no banco de dados...
2026-09-04T12:29:00.057-03:00  INFO 22468 --- [ecommerce] [scheduling-1] c.d.e.s.SincronizacaoEstoqueService      : [ESTOQUE] Ciclo finalizado. Total de atualizações enviadas: 0
2026-09-04T12:29:00.057-03:00  INFO 22468 --- [ecommerce] [scheduling-1] c.d.e.service.SincronizacaoService       : Lendo VW_ECOMMERCE_PRECOS no banco de dados...
2026-09-04T12:29:00.175-03:00  INFO 22468 --- [ecommerce] [scheduling-1] c.d.e.service.SincronizacaoService       : Ciclo finalizado. Total de atualizações enviadas: 0
2026-09-04T12:30:00.000-03:00  INFO 22468 --- [ecommerce] [scheduling-1] c.d.e.s.SincronizacaoEstoqueService      : [ESTOQUE] Lendo VW_ECOMMERCE_ESTOQUE no banco de dados...
2026-09-04T12:30:00.041-03:00  INFO 22468 --- [ecommerce] [scheduling-1] c.d.e.s.SincronizacaoEstoqueService      : [ESTOQUE] Ciclo finalizado. Total de atualizações enviadas: 0
2026-09-04T12:30:00.042-03:00  INFO 22468 --- [ecommerce] [scheduling-1] c.d.e.service.SincronizacaoService       : Lendo VW_ECOMMERCE_PRECOS no banco de dados...
2026-09-04T12:30:00.108-03:00  INFO 22468 --- [ecommerce] [scheduling-1] c.d.e.service.SincronizacaoService       : Ciclo finalizado. Total de atualizações enviadas: 0
2026-09-04T12:31:00.000-03:00  INFO 22468 --- [ecommerce] [scheduling-1] c.d.e.s.SincronizacaoEstoqueService      : [ESTOQUE] Lendo VW_ECOMMERCE_ESTOQUE no banco de dados...
2026-09-04T12:31:00.104-03:00  INFO 22468 --- [ecommerce] [scheduling-1] c.d.e.s.SincronizacaoEstoqueService      : [ESTOQUE] Ciclo finalizado. Total de atualizações enviadas: 0
2026-09-04T12:31:00.105-03:00  INFO 22468 --- [ecommerce] [scheduling-1] c.d.e.service.SincronizacaoService       : Lendo VW_ECOMMERCE_PRECOS no banco de dados...
2026-09-04T12:31:00.331-03:00  INFO 22468 --- [ecommerce] [scheduling-1] c.d.e.service.SincronizacaoService       : Ciclo finalizado. Total de atualizações enviadas: 0
2026-09-04T12:31:59.999-03:00  INFO 22468 --- [ecommerce] [scheduling-1] c.d.e.service.SincronizacaoService       : Lendo VW_ECOMMERCE_PRECOS no banco de dados...
2026-09-04T12:32:00.244-03:00  INFO 22468 --- [ecommerce] [scheduling-1] c.d.e.service.SincronizacaoService       : Ciclo finalizado. Total de atualizações enviadas: 0
2026-09-04T12:32:00.244-03:00  INFO 22468 --- [ecommerce] [scheduling-1] c.d.e.s.SincronizacaoEstoqueService      : [ESTOQUE] Lendo VW_ECOMMERCE_ESTOQUE no banco de dados...
2026-09-04T12:32:00.284-03:00  INFO 22468 --- [ecommerce] [scheduling-1] c.d.e.s.SincronizacaoEstoqueService      : [ESTOQUE] Ciclo finalizado. Total de atualizações enviadas: 0
2026-09-04T12:32:59.999-03:00  INFO 22468 --- [ecommerce] [scheduling-1] c.d.e.service.SincronizacaoService       : Lendo VW_ECOMMERCE_PRECOS no banco de dados...
2026-09-04T12:33:00.165-03:00  INFO 22468 --- [ecommerce] [scheduling-1] c.d.e.service.SincronizacaoService       : Ciclo finalizado. Total de atualizações enviadas: 0
2026-09-04T12:33:00.165-03:00  INFO 22468 --- [ecommerce] [scheduling-1] c.d.e.s.SincronizacaoEstoqueService      : [ESTOQUE] Lendo VW_ECOMMERCE_ESTOQUE no banco de dados...
2026-09-04T12:33:00.196-03:00  INFO 22468 --- [ecommerce] [scheduling-1] c.d.e.s.SincronizacaoEstoqueService      : [ESTOQUE] Ciclo finalizado. Total de atualizações enviadas: 0
2026-09-04T12:34:00.000-03:00  INFO 22468 --- [ecommerce] [scheduling-1] c.d.e.s.SincronizacaoEstoqueService      : [ESTOQUE] Lendo VW_ECOMMERCE_ESTOQUE no banco de dados...
2026-09-04T12:34:00.077-03:00  INFO 22468 --- [ecommerce] [scheduling-1] c.d.e.s.SincronizacaoEstoqueService      : [ESTOQUE] Ciclo finalizado. Total de atualizações enviadas: 0
2026-09-04T12:34:00.078-03:00  INFO 22468 --- [ecommerce] [scheduling-1] c.d.e.service.SincronizacaoService       : Lendo VW_ECOMMERCE_PRECOS no banco de dados...
2026-09-04T12:34:00.128-03:00  INFO 22468 --- [ecommerce] [scheduling-1] c.d.e.service.SincronizacaoService       : Ciclo finalizado. Total de atualizações enviadas: 0
2026-09-04T12:34:59.999-03:00  INFO 22468 --- [ecommerce] [scheduling-1] c.d.e.service.SincronizacaoService       : Lendo VW_ECOMMERCE_PRECOS no banco de dados...
2026-09-04T12:35:00.157-03:00  INFO 22468 --- [ecommerce] [scheduling-1] c.d.e.service.SincronizacaoService       : Ciclo finalizado. Total de atualizações enviadas: 0
2026-09-04T12:35:00.157-03:00  INFO 22468 --- [ecommerce] [scheduling-1] c.d.e.s.SincronizacaoEstoqueService      : [ESTOQUE] Lendo VW_ECOMMERCE_ESTOQUE no banco de dados...
2026-09-04T12:35:00.187-03:00  INFO 22468 --- [ecommerce] [scheduling-1] c.d.e.s.SincronizacaoEstoqueService      : [ESTOQUE] Ciclo finalizado. Total de atualizações enviadas: 0
2026-09-04T12:35:59.999-03:00  INFO 22468 --- [ecommerce] [scheduling-1] c.d.e.s.SincronizacaoEstoqueService      : [ESTOQUE] Lendo VW_ECOMMERCE_ESTOQUE no banco de dados...
2026-09-04T12:36:00.029-03:00  INFO 22468 --- [ecommerce] [scheduling-1] c.d.e.s.SincronizacaoEstoqueService      : [ESTOQUE] Ciclo finalizado. Total de atualizações enviadas: 0
2026-09-04T12:36:00.030-03:00  INFO 22468 --- [ecommerce] [scheduling-1] c.d.e.service.SincronizacaoService       : Lendo VW_ECOMMERCE_PRECOS no banco de dados...
2026-09-04T12:36:00.089-03:00  INFO 22468 --- [ecommerce] [scheduling-1] c.d.e.service.SincronizacaoService       : Ciclo finalizado. Total de atualizações enviadas: 0
2026-09-04T12:37:00.000-03:00  INFO 22468 --- [ecommerce] [scheduling-1] c.d.e.s.SincronizacaoEstoqueService      : [ESTOQUE] Lendo VW_ECOMMERCE_ESTOQUE no banco de dados...
2026-09-04T12:37:00.123-03:00  INFO 22468 --- [ecommerce] [scheduling-1] c.d.e.s.SincronizacaoEstoqueService      : [ESTOQUE] Ciclo finalizado. Total de atualizações enviadas: 0
2026-09-04T12:37:00.124-03:00  INFO 22468 --- [ecommerce] [scheduling-1] c.d.e.service.SincronizacaoService       : Lendo VW_ECOMMERCE_PRECOS no banco de dados...
2026-09-04T12:37:00.331-03:00  INFO 22468 --- [ecommerce] [scheduling-1] c.d.e.service.SincronizacaoService       : Ciclo finalizado. Total de atualizações enviadas: 0
2026-09-04T12:38:00.001-03:00  INFO 22468 --- [ecommerce] [scheduling-1] c.d.e.s.SincronizacaoEstoqueService      : [ESTOQUE] Lendo VW_ECOMMERCE_ESTOQUE no banco de dados...
2026-09-04T12:38:00.053-03:00  INFO 22468 --- [ecommerce] [scheduling-1] c.d.e.s.SincronizacaoEstoqueService      : [ESTOQUE] Ciclo finalizado. Total de atualizações enviadas: 0
2026-09-04T12:38:00.053-03:00  INFO 22468 --- [ecommerce] [scheduling-1] c.d.e.service.SincronizacaoService       : Lendo VW_ECOMMERCE_PRECOS no banco de dados...
2026-09-04T12:38:00.096-03:00  INFO 22468 --- [ecommerce] [scheduling-1] c.d.e.service.SincronizacaoService       : Ciclo finalizado. Total de atualizações enviadas: 0
2026-09-04T12:39:00.000-03:00  INFO 22468 --- [ecommerce] [scheduling-1] c.d.e.s.SincronizacaoEstoqueService      : [ESTOQUE] Lendo VW_ECOMMERCE_ESTOQUE no banco de dados...
2026-09-04T12:39:00.073-03:00  INFO 22468 --- [ecommerce] [scheduling-1] c.d.e.s.SincronizacaoEstoqueService      : [ESTOQUE] Ciclo finalizado. Total de atualizações enviadas: 0
2026-09-04T12:39:00.073-03:00  INFO 22468 --- [ecommerce] [scheduling-1] c.d.e.service.SincronizacaoService       : Lendo VW_ECOMMERCE_PRECOS no banco de dados...
2026-09-04T12:39:00.139-03:00  INFO 22468 --- [ecommerce] [scheduling-1] c.d.e.service.SincronizacaoService       : Ciclo finalizado. Total de atualizações enviadas: 0
2026-09-04T12:40:00.000-03:00  INFO 22468 --- [ecommerce] [scheduling-1] c.d.e.s.SincronizacaoEstoqueService      : [ESTOQUE] Lendo VW_ECOMMERCE_ESTOQUE no banco de dados...
2026-09-04T12:40:00.062-03:00  INFO 22468 --- [ecommerce] [scheduling-1] c.d.e.s.SincronizacaoEstoqueService      : [ESTOQUE] Ciclo finalizado. Total de atualizações enviadas: 0
2026-09-04T12:40:00.063-03:00  INFO 22468 --- [ecommerce] [scheduling-1] c.d.e.service.SincronizacaoService       : Lendo VW_ECOMMERCE_PRECOS no banco de dados...
2026-09-04T12:40:00.225-03:00  INFO 22468 --- [ecommerce] [scheduling-1] c.d.e.service.SincronizacaoService       : Ciclo finalizado. Total de atualizações enviadas: 0
2026-09-04T12:40:59.999-03:00  INFO 22468 --- [ecommerce] [scheduling-1] c.d.e.service.SincronizacaoService       : Lendo VW_ECOMMERCE_PRECOS no banco de dados...
2026-09-04T12:41:00.176-03:00  INFO 22468 --- [ecommerce] [scheduling-1] c.d.e.service.SincronizacaoService       : Ciclo finalizado. Total de atualizações enviadas: 0
2026-09-04T12:41:00.176-03:00  INFO 22468 --- [ecommerce] [scheduling-1] c.d.e.s.SincronizacaoEstoqueService      : [ESTOQUE] Lendo VW_ECOMMERCE_ESTOQUE no banco de dados...
2026-09-04T12:41:00.224-03:00  INFO 22468 --- [ecommerce] [scheduling-1] c.d.e.s.SincronizacaoEstoqueService      : [ESTOQUE] Ciclo finalizado. Total de atualizações enviadas: 0
2026-09-04T12:42:00.000-03:00  INFO 22468 --- [ecommerce] [scheduling-1] c.d.e.service.SincronizacaoService       : Lendo VW_ECOMMERCE_PRECOS no banco de dados...
2026-09-04T12:42:00.090-03:00  INFO 22468 --- [ecommerce] [scheduling-1] c.d.e.service.SincronizacaoService       : Ciclo finalizado. Total de atualizações enviadas: 0
2026-09-04T12:42:00.090-03:00  INFO 22468 --- [ecommerce] [scheduling-1] c.d.e.s.SincronizacaoEstoqueService      : [ESTOQUE] Lendo VW_ECOMMERCE_ESTOQUE no banco de dados...
2026-09-04T12:42:00.116-03:00  INFO 22468 --- [ecommerce] [scheduling-1] c.d.e.s.SincronizacaoEstoqueService      : [ESTOQUE] Ciclo finalizado. Total de atualizações enviadas: 0
2026-09-04T12:42:59.999-03:00  INFO 22468 --- [ecommerce] [scheduling-1] c.d.e.service.SincronizacaoService       : Lendo VW_ECOMMERCE_PRECOS no banco de dados...
2026-09-04T12:43:00.473-03:00  INFO 22468 --- [ecommerce] [scheduling-1] c.d.e.service.SincronizacaoService       : Ciclo finalizado. Total de atualizações enviadas: 0
2026-09-04T12:43:00.473-03:00  INFO 22468 --- [ecommerce] [scheduling-1] c.d.e.s.SincronizacaoEstoqueService      : [ESTOQUE] Lendo VW_ECOMMERCE_ESTOQUE no banco de dados...
2026-09-04T12:43:00.507-03:00  INFO 22468 --- [ecommerce] [scheduling-1] c.d.e.s.SincronizacaoEstoqueService      : [ESTOQUE] Ciclo finalizado. Total de atualizações enviadas: 0
2026-09-04T12:44:00.001-03:00  INFO 22468 --- [ecommerce] [scheduling-1] c.d.e.s.SincronizacaoEstoqueService      : [ESTOQUE] Lendo VW_ECOMMERCE_ESTOQUE no banco de dados...
2026-09-04T12:44:00.089-03:00  INFO 22468 --- [ecommerce] [scheduling-1] c.d.e.s.SincronizacaoEstoqueService      : [ESTOQUE] Ciclo finalizado. Total de atualizações enviadas: 0
2026-09-04T12:44:00.089-03:00  INFO 22468 --- [ecommerce] [scheduling-1] c.d.e.service.SincronizacaoService       : Lendo VW_ECOMMERCE_PRECOS no banco de dados...
2026-09-04T12:44:00.144-03:00  INFO 22468 --- [ecommerce] [scheduling-1] c.d.e.service.SincronizacaoService       : Ciclo finalizado. Total de atualizações enviadas: 0
2026-09-04T12:45:00.000-03:00  INFO 22468 --- [ecommerce] [scheduling-1] c.d.e.service.SincronizacaoService       : Lendo VW_ECOMMERCE_PRECOS no banco de dados...
2026-09-04T12:45:00.153-03:00  INFO 22468 --- [ecommerce] [scheduling-1] c.d.e.service.SincronizacaoService       : Ciclo finalizado. Total de atualizações enviadas: 0
2026-09-04T12:45:00.153-03:00  INFO 22468 --- [ecommerce] [scheduling-1] c.d.e.s.SincronizacaoEstoqueService      : [ESTOQUE] Lendo VW_ECOMMERCE_ESTOQUE no banco de dados...
2026-09-04T12:45:00.176-03:00  INFO 22468 --- [ecommerce] [scheduling-1] c.d.e.s.SincronizacaoEstoqueService      : [ESTOQUE] Ciclo finalizado. Total de atualizações enviadas: 0
2026-09-04T12:46:00.000-03:00  INFO 22468 --- [ecommerce] [scheduling-1] c.d.e.service.SincronizacaoService       : Lendo VW_ECOMMERCE_PRECOS no banco de dados...
2026-09-04T12:46:00.267-03:00  INFO 22468 --- [ecommerce] [scheduling-1] c.d.e.service.SincronizacaoService       : Ciclo finalizado. Total de atualizações enviadas: 0
2026-09-04T12:46:00.267-03:00  INFO 22468 --- [ecommerce] [scheduling-1] c.d.e.s.SincronizacaoEstoqueService      : [ESTOQUE] Lendo VW_ECOMMERCE_ESTOQUE no banco de dados...
2026-09-04T12:46:00.313-03:00  INFO 22468 --- [ecommerce] [scheduling-1] c.d.e.s.SincronizacaoEstoqueService      : [ESTOQUE] Ciclo finalizado. Total de atualizações enviadas: 0
2026-09-04T12:47:00.000-03:00  INFO 22468 --- [ecommerce] [scheduling-1] c.d.e.s.SincronizacaoEstoqueService      : [ESTOQUE] Lendo VW_ECOMMERCE_ESTOQUE no banco de dados...
2026-09-04T12:47:00.089-03:00  INFO 22468 --- [ecommerce] [scheduling-1] c.d.e.s.SincronizacaoEstoqueService      : [ESTOQUE] Ciclo finalizado. Total de atualizações enviadas: 0
2026-09-04T12:47:00.089-03:00  INFO 22468 --- [ecommerce] [scheduling-1] c.d.e.service.SincronizacaoService       : Lendo VW_ECOMMERCE_PRECOS no banco de dados...
2026-09-04T12:47:00.238-03:00  INFO 22468 --- [ecommerce] [scheduling-1] c.d.e.service.SincronizacaoService       : Ciclo finalizado. Total de atualizações enviadas: 0
2026-09-04T12:48:00.001-03:00  INFO 22468 --- [ecommerce] [scheduling-1] c.d.e.s.SincronizacaoEstoqueService      : [ESTOQUE] Lendo VW_ECOMMERCE_ESTOQUE no banco de dados...
2026-09-04T12:48:00.044-03:00  INFO 22468 --- [ecommerce] [scheduling-1] c.d.e.s.SincronizacaoEstoqueService      : [ESTOQUE] Ciclo finalizado. Total de atualizações enviadas: 0
2026-09-04T12:48:00.044-03:00  INFO 22468 --- [ecommerce] [scheduling-1] c.d.e.service.SincronizacaoService       : Lendo VW_ECOMMERCE_PRECOS no banco de dados...
2026-09-04T12:48:00.097-03:00  INFO 22468 --- [ecommerce] [scheduling-1] c.d.e.service.SincronizacaoService       : Ciclo finalizado. Total de atualizações enviadas: 0
2026-09-04T12:49:00.000-03:00  INFO 22468 --- [ecommerce] [scheduling-1] c.d.e.service.SincronizacaoService       : Lendo VW_ECOMMERCE_PRECOS no banco de dados...
2026-09-04T12:49:00.232-03:00  INFO 22468 --- [ecommerce] [scheduling-1] c.d.e.service.SincronizacaoService       : Ciclo finalizado. Total de atualizações enviadas: 0
2026-09-04T12:49:00.233-03:00  INFO 22468 --- [ecommerce] [scheduling-1] c.d.e.s.SincronizacaoEstoqueService      : [ESTOQUE] Lendo VW_ECOMMERCE_ESTOQUE no banco de dados...
2026-09-04T12:49:00.258-03:00  INFO 22468 --- [ecommerce] [scheduling-1] c.d.e.s.SincronizacaoEstoqueService      : [ESTOQUE] Ciclo finalizado. Total de atualizações enviadas: 0
2026-09-04T12:50:00.000-03:00  INFO 22468 --- [ecommerce] [scheduling-1] c.d.e.service.SincronizacaoService       : Lendo VW_ECOMMERCE_PRECOS no banco de dados...
2026-09-04T12:50:00.096-03:00  INFO 22468 --- [ecommerce] [scheduling-1] c.d.e.service.SincronizacaoService       : Ciclo finalizado. Total de atualizações enviadas: 0
2026-09-04T12:50:00.097-03:00  INFO 22468 --- [ecommerce] [scheduling-1] c.d.e.s.SincronizacaoEstoqueService      : [ESTOQUE] Lendo VW_ECOMMERCE_ESTOQUE no banco de dados...
2026-09-04T12:50:00.117-03:00  INFO 22468 --- [ecommerce] [scheduling-1] c.d.e.s.SincronizacaoEstoqueService      : [ESTOQUE] Ciclo finalizado. Total de atualizações enviadas: 0
2026-09-04T12:51:00.000-03:00  INFO 22468 --- [ecommerce] [scheduling-1] c.d.e.service.SincronizacaoService       : Lendo VW_ECOMMERCE_PRECOS no banco de dados...
2026-09-04T12:51:00.113-03:00  INFO 22468 --- [ecommerce] [scheduling-1] c.d.e.service.SincronizacaoService       : Ciclo finalizado. Total de atualizações enviadas: 0
2026-09-04T12:51:00.113-03:00  INFO 22468 --- [ecommerce] [scheduling-1] c.d.e.s.SincronizacaoEstoqueService      : [ESTOQUE] Lendo VW_ECOMMERCE_ESTOQUE no banco de dados...
2026-09-04T12:51:00.133-03:00  INFO 22468 --- [ecommerce] [scheduling-1] c.d.e.s.SincronizacaoEstoqueService      : [ESTOQUE] Ciclo finalizado. Total de atualizações enviadas: 0
2026-09-04T12:51:59.999-03:00  INFO 22468 --- [ecommerce] [scheduling-1] c.d.e.s.SincronizacaoEstoqueService      : [ESTOQUE] Lendo VW_ECOMMERCE_ESTOQUE no banco de dados...
2026-09-04T12:52:00.051-03:00  INFO 22468 --- [ecommerce] [scheduling-1] c.d.e.s.SincronizacaoEstoqueService      : [ESTOQUE] Ciclo finalizado. Total de atualizações enviadas: 0
2026-09-04T12:52:00.051-03:00  INFO 22468 --- [ecommerce] [scheduling-1] c.d.e.service.SincronizacaoService       : Lendo VW_ECOMMERCE_PRECOS no banco de dados...
2026-09-04T12:52:00.121-03:00  INFO 22468 --- [ecommerce] [scheduling-1] c.d.e.service.SincronizacaoService       : Ciclo finalizado. Total de atualizações enviadas: 0
2026-09-04T12:53:00.000-03:00  INFO 22468 --- [ecommerce] [scheduling-1] c.d.e.s.SincronizacaoEstoqueService      : [ESTOQUE] Lendo VW_ECOMMERCE_ESTOQUE no banco de dados...
2026-09-04T12:53:00.034-03:00  INFO 22468 --- [ecommerce] [scheduling-1] c.d.e.s.SincronizacaoEstoqueService      : [ESTOQUE] Ciclo finalizado. Total de atualizações enviadas: 0
2026-09-04T12:53:00.034-03:00  INFO 22468 --- [ecommerce] [scheduling-1] c.d.e.service.SincronizacaoService       : Lendo VW_ECOMMERCE_PRECOS no banco de dados...
2026-09-04T12:53:00.154-03:00  INFO 22468 --- [ecommerce] [scheduling-1] c.d.e.service.SincronizacaoService       : Ciclo finalizado. Total de atualizações enviadas: 0
2026-09-04T12:54:00.000-03:00  INFO 22468 --- [ecommerce] [scheduling-1] c.d.e.s.SincronizacaoEstoqueService      : [ESTOQUE] Lendo VW_ECOMMERCE_ESTOQUE no banco de dados...
2026-09-04T12:54:00.065-03:00  INFO 22468 --- [ecommerce] [scheduling-1] c.d.e.s.SincronizacaoEstoqueService      : [ESTOQUE] Ciclo finalizado. Total de atualizações enviadas: 0
2026-09-04T12:54:00.065-03:00  INFO 22468 --- [ecommerce] [scheduling-1] c.d.e.service.SincronizacaoService       : Lendo VW_ECOMMERCE_PRECOS no banco de dados...
2026-09-04T12:54:00.322-03:00  INFO 22468 --- [ecommerce] [scheduling-1] c.d.e.service.SincronizacaoService       : Ciclo finalizado. Total de atualizações enviadas: 0
2026-09-04T12:55:00.000-03:00  INFO 22468 --- [ecommerce] [scheduling-1] c.d.e.service.SincronizacaoService       : Lendo VW_ECOMMERCE_PRECOS no banco de dados...
2026-09-04T12:55:00.083-03:00  INFO 22468 --- [ecommerce] [scheduling-1] c.d.e.service.SincronizacaoService       : Ciclo finalizado. Total de atualizações enviadas: 0
2026-09-04T12:55:00.083-03:00  INFO 22468 --- [ecommerce] [scheduling-1] c.d.e.s.SincronizacaoEstoqueService      : [ESTOQUE] Lendo VW_ECOMMERCE_ESTOQUE no banco de dados...
2026-09-04T12:55:00.108-03:00  INFO 22468 --- [ecommerce] [scheduling-1] c.d.e.s.SincronizacaoEstoqueService      : [ESTOQUE] Ciclo finalizado. Total de atualizações enviadas: 0
2026-09-04T12:55:59.999-03:00  INFO 22468 --- [ecommerce] [scheduling-1] c.d.e.s.SincronizacaoEstoqueService      : [ESTOQUE] Lendo VW_ECOMMERCE_ESTOQUE no banco de dados...
2026-09-04T12:56:00.046-03:00  INFO 22468 --- [ecommerce] [scheduling-1] c.d.e.s.SincronizacaoEstoqueService      : [ESTOQUE] Ciclo finalizado. Total de atualizações enviadas: 0
2026-09-04T12:56:00.046-03:00  INFO 22468 --- [ecommerce] [scheduling-1] c.d.e.service.SincronizacaoService       : Lendo VW_ECOMMERCE_PRECOS no banco de dados...
2026-09-04T12:56:00.098-03:00  INFO 22468 --- [ecommerce] [scheduling-1] c.d.e.service.SincronizacaoService       : Ciclo finalizado. Total de atualizações enviadas: 0
2026-09-04T12:57:00.000-03:00  INFO 22468 --- [ecommerce] [scheduling-1] c.d.e.service.SincronizacaoService       : Lendo VW_ECOMMERCE_PRECOS no banco de dados...
2026-09-04T12:57:00.085-03:00  INFO 22468 --- [ecommerce] [scheduling-1] c.d.e.service.SincronizacaoService       : Ciclo finalizado. Total de atualizações enviadas: 0
2026-09-04T12:57:00.086-03:00  INFO 22468 --- [ecommerce] [scheduling-1] c.d.e.s.SincronizacaoEstoqueService      : [ESTOQUE] Lendo VW_ECOMMERCE_ESTOQUE no banco de dados...
2026-09-04T12:57:00.115-03:00  INFO 22468 --- [ecommerce] [scheduling-1] c.d.e.s.SincronizacaoEstoqueService      : [ESTOQUE] Ciclo finalizado. Total de atualizações enviadas: 0
2026-09-04T12:58:00.000-03:00  INFO 22468 --- [ecommerce] [scheduling-1] c.d.e.service.SincronizacaoService       : Lendo VW_ECOMMERCE_PRECOS no banco de dados...
2026-09-04T12:58:00.150-03:00  INFO 22468 --- [ecommerce] [scheduling-1] c.d.e.service.SincronizacaoService       : Ciclo finalizado. Total de atualizações enviadas: 0
2026-09-04T12:58:00.150-03:00  INFO 22468 --- [ecommerce] [scheduling-1] c.d.e.s.SincronizacaoEstoqueService      : [ESTOQUE] Lendo VW_ECOMMERCE_ESTOQUE no banco de dados...
2026-09-04T12:58:00.174-03:00  INFO 22468 --- [ecommerce] [scheduling-1] c.d.e.s.SincronizacaoEstoqueService      : [ESTOQUE] Ciclo finalizado. Total de atualizações enviadas: 0
2026-09-04T12:58:59.999-03:00  INFO 22468 --- [ecommerce] [scheduling-1] c.d.e.s.SincronizacaoEstoqueService      : [ESTOQUE] Lendo VW_ECOMMERCE_ESTOQUE no banco de dados...
2026-09-04T12:59:00.053-03:00  INFO 22468 --- [ecommerce] [scheduling-1] c.d.e.s.SincronizacaoEstoqueService      : [ESTOQUE] Ciclo finalizado. Total de atualizações enviadas: 0
2026-09-04T12:59:00.053-03:00  INFO 22468 --- [ecommerce] [scheduling-1] c.d.e.service.SincronizacaoService       : Lendo VW_ECOMMERCE_PRECOS no banco de dados...
2026-09-04T12:59:00.253-03:00  INFO 22468 --- [ecommerce] [scheduling-1] c.d.e.service.SincronizacaoService       : Ciclo finalizado. Total de atualizações enviadas: 0
2026-09-04T13:00:00.000-03:00  INFO 22468 --- [ecommerce] [scheduling-1] c.d.e.service.SincronizacaoService       : Lendo VW_ECOMMERCE_PRECOS no banco de dados...
2026-09-04T13:00:00.201-03:00  INFO 22468 --- [ecommerce] [scheduling-1] c.d.e.service.SincronizacaoService       : Ciclo finalizado. Total de atualizações enviadas: 0
2026-09-04T13:00:00.202-03:00  INFO 22468 --- [ecommerce] [scheduling-1] c.d.e.s.SincronizacaoEstoqueService      : [ESTOQUE] Lendo VW_ECOMMERCE_ESTOQUE no banco de dados...
2026-09-04T13:00:00.230-03:00  INFO 22468 --- [ecommerce] [scheduling-1] c.d.e.s.SincronizacaoEstoqueService      : [ESTOQUE] Ciclo finalizado. Total de atualizações enviadas: 0
2026-09-04T13:00:59.999-03:00  INFO 22468 --- [ecommerce] [scheduling-1] c.d.e.service.SincronizacaoService       : Lendo VW_ECOMMERCE_PRECOS no banco de dados...
2026-09-04T13:01:00.064-03:00  INFO 22468 --- [ecommerce] [scheduling-1] c.d.e.service.SincronizacaoService       : Ciclo finalizado. Total de atualizações enviadas: 0
2026-09-04T13:01:00.064-03:00  INFO 22468 --- [ecommerce] [scheduling-1] c.d.e.s.SincronizacaoEstoqueService      : [ESTOQUE] Lendo VW_ECOMMERCE_ESTOQUE no banco de dados...
2026-09-04T13:01:00.097-03:00  INFO 22468 --- [ecommerce] [scheduling-1] c.d.e.s.SincronizacaoEstoqueService      : [ESTOQUE] Ciclo finalizado. Total de atualizações enviadas: 0
2026-09-04T13:02:00.000-03:00  INFO 22468 --- [ecommerce] [scheduling-1] c.d.e.s.SincronizacaoEstoqueService      : [ESTOQUE] Lendo VW_ECOMMERCE_ESTOQUE no banco de dados...
2026-09-04T13:02:00.042-03:00  INFO 22468 --- [ecommerce] [scheduling-1] c.d.e.s.SincronizacaoEstoqueService      : [ESTOQUE] Ciclo finalizado. Total de atualizações enviadas: 0
2026-09-04T13:02:00.042-03:00  INFO 22468 --- [ecommerce] [scheduling-1] c.d.e.service.SincronizacaoService       : Lendo VW_ECOMMERCE_PRECOS no banco de dados...
2026-09-04T13:02:00.092-03:00  INFO 22468 --- [ecommerce] [scheduling-1] c.d.e.service.SincronizacaoService       : Ciclo finalizado. Total de atualizações enviadas: 0
2026-09-04T13:03:00.000-03:00  INFO 22468 --- [ecommerce] [scheduling-1] c.d.e.s.SincronizacaoEstoqueService      : [ESTOQUE] Lendo VW_ECOMMERCE_ESTOQUE no banco de dados...
2026-09-04T13:03:00.040-03:00  INFO 22468 --- [ecommerce] [scheduling-1] c.d.e.s.SincronizacaoEstoqueService      : [ESTOQUE] Ciclo finalizado. Total de atualizações enviadas: 0
2026-09-04T13:03:00.040-03:00  INFO 22468 --- [ecommerce] [scheduling-1] c.d.e.service.SincronizacaoService       : Lendo VW_ECOMMERCE_PRECOS no banco de dados...
2026-09-04T13:03:00.093-03:00  INFO 22468 --- [ecommerce] [scheduling-1] c.d.e.service.SincronizacaoService       : Ciclo finalizado. Total de atualizações enviadas: 0
2026-09-04T13:04:00.000-03:00  INFO 22468 --- [ecommerce] [scheduling-1] c.d.e.service.SincronizacaoService       : Lendo VW_ECOMMERCE_PRECOS no banco de dados...
2026-09-04T13:04:00.089-03:00  INFO 22468 --- [ecommerce] [scheduling-1] c.d.e.service.SincronizacaoService       : Ciclo finalizado. Total de atualizações enviadas: 0
2026-09-04T13:04:00.089-03:00  INFO 22468 --- [ecommerce] [scheduling-1] c.d.e.s.SincronizacaoEstoqueService      : [ESTOQUE] Lendo VW_ECOMMERCE_ESTOQUE no banco de dados...
2026-09-04T13:04:00.119-03:00  INFO 22468 --- [ecommerce] [scheduling-1] c.d.e.s.SincronizacaoEstoqueService      : [ESTOQUE] Ciclo finalizado. Total de atualizações enviadas: 0
2026-09-04T13:05:00.000-03:00  INFO 22468 --- [ecommerce] [scheduling-1] c.d.e.service.SincronizacaoService       : Lendo VW_ECOMMERCE_PRECOS no banco de dados...
2026-09-04T13:05:00.150-03:00  INFO 22468 --- [ecommerce] [scheduling-1] c.d.e.service.SincronizacaoService       : Ciclo finalizado. Total de atualizações enviadas: 0
2026-09-04T13:05:00.150-03:00  INFO 22468 --- [ecommerce] [scheduling-1] c.d.e.s.SincronizacaoEstoqueService      : [ESTOQUE] Lendo VW_ECOMMERCE_ESTOQUE no banco de dados...
2026-09-04T13:05:00.173-03:00  INFO 22468 --- [ecommerce] [scheduling-1] c.d.e.s.SincronizacaoEstoqueService      : [ESTOQUE] Ciclo finalizado. Total de atualizações enviadas: 0
2026-09-04T13:05:59.999-03:00  INFO 22468 --- [ecommerce] [scheduling-1] c.d.e.service.SincronizacaoService       : Lendo VW_ECOMMERCE_PRECOS no banco de dados...
2026-09-04T13:06:00.221-03:00  INFO 22468 --- [ecommerce] [scheduling-1] c.d.e.service.SincronizacaoService       : Ciclo finalizado. Total de atualizações enviadas: 0
2026-09-04T13:06:00.221-03:00  INFO 22468 --- [ecommerce] [scheduling-1] c.d.e.s.SincronizacaoEstoqueService      : [ESTOQUE] Lendo VW_ECOMMERCE_ESTOQUE no banco de dados...
2026-09-04T13:06:00.255-03:00  INFO 22468 --- [ecommerce] [scheduling-1] c.d.e.s.SincronizacaoEstoqueService      : [ESTOQUE] Ciclo finalizado. Total de atualizações enviadas: 0
2026-09-04T13:07:00.000-03:00  INFO 22468 --- [ecommerce] [scheduling-1] c.d.e.service.SincronizacaoService       : Lendo VW_ECOMMERCE_PRECOS no banco de dados...
2026-09-04T13:07:00.254-03:00  INFO 22468 --- [ecommerce] [scheduling-1] c.d.e.service.SincronizacaoService       : Ciclo finalizado. Total de atualizações enviadas: 0
2026-09-04T13:07:00.254-03:00  INFO 22468 --- [ecommerce] [scheduling-1] c.d.e.s.SincronizacaoEstoqueService      : [ESTOQUE] Lendo VW_ECOMMERCE_ESTOQUE no banco de dados...
2026-09-04T13:07:00.291-03:00  INFO 22468 --- [ecommerce] [scheduling-1] c.d.e.s.SincronizacaoEstoqueService      : [ESTOQUE] Ciclo finalizado. Total de atualizações enviadas: 0
2026-09-04T13:07:59.999-03:00  INFO 22468 --- [ecommerce] [scheduling-1] c.d.e.service.SincronizacaoService       : Lendo VW_ECOMMERCE_PRECOS no banco de dados...
2026-09-04T13:08:00.172-03:00  INFO 22468 --- [ecommerce] [scheduling-1] c.d.e.service.SincronizacaoService       : Ciclo finalizado. Total de atualizações enviadas: 0
2026-09-04T13:08:00.172-03:00  INFO 22468 --- [ecommerce] [scheduling-1] c.d.e.s.SincronizacaoEstoqueService      : [ESTOQUE] Lendo VW_ECOMMERCE_ESTOQUE no banco de dados...
2026-09-04T13:08:00.228-03:00  INFO 22468 --- [ecommerce] [scheduling-1] c.d.e.s.SincronizacaoEstoqueService      : [ESTOQUE] Ciclo finalizado. Total de atualizações enviadas: 0
2026-09-04T13:08:59.999-03:00  INFO 22468 --- [ecommerce] [scheduling-1] c.d.e.service.SincronizacaoService       : Lendo VW_ECOMMERCE_PRECOS no banco de dados...
2026-09-04T13:09:00.185-03:00  INFO 22468 --- [ecommerce] [scheduling-1] c.d.e.service.SincronizacaoService       : Ciclo finalizado. Total de atualizações enviadas: 0
2026-09-04T13:09:00.185-03:00  INFO 22468 --- [ecommerce] [scheduling-1] c.d.e.s.SincronizacaoEstoqueService      : [ESTOQUE] Lendo VW_ECOMMERCE_ESTOQUE no banco de dados...
2026-09-04T13:09:00.219-03:00  INFO 22468 --- [ecommerce] [scheduling-1] c.d.e.s.SincronizacaoEstoqueService      : [ESTOQUE] Ciclo finalizado. Total de atualizações enviadas: 0
2026-09-04T13:10:00.001-03:00  INFO 22468 --- [ecommerce] [scheduling-1] c.d.e.s.SincronizacaoEstoqueService      : [ESTOQUE] Lendo VW_ECOMMERCE_ESTOQUE no banco de dados...
2026-09-04T13:10:00.131-03:00  INFO 22468 --- [ecommerce] [scheduling-1] c.d.e.s.SincronizacaoEstoqueService      : [ESTOQUE] Ciclo finalizado. Total de atualizações enviadas: 0
2026-09-04T13:10:00.131-03:00  INFO 22468 --- [ecommerce] [scheduling-1] c.d.e.service.SincronizacaoService       : Lendo VW_ECOMMERCE_PRECOS no banco de dados...
2026-09-04T13:10:00.449-03:00  INFO 22468 --- [ecommerce] [scheduling-1] c.d.e.service.SincronizacaoService       : Ciclo finalizado. Total de atualizações enviadas: 0
2026-09-04T13:10:59.999-03:00  INFO 22468 --- [ecommerce] [scheduling-1] c.d.e.s.SincronizacaoEstoqueService      : [ESTOQUE] Lendo VW_ECOMMERCE_ESTOQUE no banco de dados...
2026-09-04T13:11:00.047-03:00  INFO 22468 --- [ecommerce] [scheduling-1] c.d.e.s.SincronizacaoEstoqueService      : [ESTOQUE] Ciclo finalizado. Total de atualizações enviadas: 0
2026-09-04T13:11:00.047-03:00  INFO 22468 --- [ecommerce] [scheduling-1] c.d.e.service.SincronizacaoService       : Lendo VW_ECOMMERCE_PRECOS no banco de dados...
2026-09-04T13:11:00.103-03:00  INFO 22468 --- [ecommerce] [scheduling-1] c.d.e.service.SincronizacaoService       : Ciclo finalizado. Total de atualizações enviadas: 0
2026-09-04T13:12:00.000-03:00  INFO 22468 --- [ecommerce] [scheduling-1] c.d.e.s.SincronizacaoEstoqueService      : [ESTOQUE] Lendo VW_ECOMMERCE_ESTOQUE no banco de dados...
2026-09-04T13:12:00.062-03:00  INFO 22468 --- [ecommerce] [scheduling-1] c.d.e.s.SincronizacaoEstoqueService      : [ESTOQUE] Ciclo finalizado. Total de atualizações enviadas: 0
2026-09-04T13:12:00.062-03:00  INFO 22468 --- [ecommerce] [scheduling-1] c.d.e.service.SincronizacaoService       : Lendo VW_ECOMMERCE_PRECOS no banco de dados...
2026-09-04T13:12:00.301-03:00  INFO 22468 --- [ecommerce] [scheduling-1] c.d.e.service.SincronizacaoService       : Ciclo finalizado. Total de atualizações enviadas: 0
2026-09-04T13:13:00.000-03:00  INFO 22468 --- [ecommerce] [scheduling-1] c.d.e.service.SincronizacaoService       : Lendo VW_ECOMMERCE_PRECOS no banco de dados...
2026-09-04T13:13:00.103-03:00  INFO 22468 --- [ecommerce] [scheduling-1] c.d.e.service.SincronizacaoService       : Ciclo finalizado. Total de atualizações enviadas: 0
2026-09-04T13:13:00.103-03:00  INFO 22468 --- [ecommerce] [scheduling-1] c.d.e.s.SincronizacaoEstoqueService      : [ESTOQUE] Lendo VW_ECOMMERCE_ESTOQUE no banco de dados...
2026-09-04T13:13:00.127-03:00  INFO 22468 --- [ecommerce] [scheduling-1] c.d.e.s.SincronizacaoEstoqueService      : [ESTOQUE] Ciclo finalizado. Total de atualizações enviadas: 0
2026-09-04T13:14:00.000-03:00  INFO 22468 --- [ecommerce] [scheduling-1] c.d.e.s.SincronizacaoEstoqueService      : [ESTOQUE] Lendo VW_ECOMMERCE_ESTOQUE no banco de dados...
2026-09-04T13:14:00.042-03:00  INFO 22468 --- [ecommerce] [scheduling-1] c.d.e.s.SincronizacaoEstoqueService      : [ESTOQUE] Ciclo finalizado. Total de atualizações enviadas: 0
2026-09-04T13:14:00.042-03:00  INFO 22468 --- [ecommerce] [scheduling-1] c.d.e.service.SincronizacaoService       : Lendo VW_ECOMMERCE_PRECOS no banco de dados...
2026-09-04T13:14:00.103-03:00  INFO 22468 --- [ecommerce] [scheduling-1] c.d.e.service.SincronizacaoService       : Ciclo finalizado. Total de atualizações enviadas: 0
2026-09-04T13:15:00.000-03:00  INFO 22468 --- [ecommerce] [scheduling-1] c.d.e.service.SincronizacaoService       : Lendo VW_ECOMMERCE_PRECOS no banco de dados...
2026-09-04T13:15:00.120-03:00  INFO 22468 --- [ecommerce] [scheduling-1] c.d.e.service.SincronizacaoService       : Ciclo finalizado. Total de atualizações enviadas: 0
2026-09-04T13:15:00.120-03:00  INFO 22468 --- [ecommerce] [scheduling-1] c.d.e.s.SincronizacaoEstoqueService      : [ESTOQUE] Lendo VW_ECOMMERCE_ESTOQUE no banco de dados...
2026-09-04T13:15:00.148-03:00  INFO 22468 --- [ecommerce] [scheduling-1] c.d.e.s.SincronizacaoEstoqueService      : [ESTOQUE] Ciclo finalizado. Total de atualizações enviadas: 0
2026-09-04T13:16:00.000-03:00  INFO 22468 --- [ecommerce] [scheduling-1] c.d.e.s.SincronizacaoEstoqueService      : [ESTOQUE] Lendo VW_ECOMMERCE_ESTOQUE no banco de dados...
2026-09-04T13:16:00.072-03:00  INFO 22468 --- [ecommerce] [scheduling-1] c.d.e.s.SincronizacaoEstoqueService      : [ESTOQUE] Ciclo finalizado. Total de atualizações enviadas: 0
2026-09-04T13:16:00.072-03:00  INFO 22468 --- [ecommerce] [scheduling-1] c.d.e.service.SincronizacaoService       : Lendo VW_ECOMMERCE_PRECOS no banco de dados...
2026-09-04T13:16:00.194-03:00  INFO 22468 --- [ecommerce] [scheduling-1] c.d.e.service.SincronizacaoService       : Ciclo finalizado. Total de atualizações enviadas: 0
2026-09-04T13:16:59.999-03:00  INFO 22468 --- [ecommerce] [scheduling-1] c.d.e.s.SincronizacaoEstoqueService      : [ESTOQUE] Lendo VW_ECOMMERCE_ESTOQUE no banco de dados...
2026-09-04T13:17:00.103-03:00  INFO 22468 --- [ecommerce] [scheduling-1] c.d.e.s.SincronizacaoEstoqueService      : [ESTOQUE] Ciclo finalizado. Total de atualizações enviadas: 0
2026-09-04T13:17:00.104-03:00  INFO 22468 --- [ecommerce] [scheduling-1] c.d.e.service.SincronizacaoService       : Lendo VW_ECOMMERCE_PRECOS no banco de dados...
2026-09-04T13:17:00.495-03:00  INFO 22468 --- [ecommerce] [scheduling-1] c.d.e.service.SincronizacaoService       : Ciclo finalizado. Total de atualizações enviadas: 0
2026-09-04T13:17:59.999-03:00  INFO 22468 --- [ecommerce] [scheduling-1] c.d.e.s.SincronizacaoEstoqueService      : [ESTOQUE] Lendo VW_ECOMMERCE_ESTOQUE no banco de dados...
2026-09-04T13:18:00.063-03:00  INFO 22468 --- [ecommerce] [scheduling-1] c.d.e.s.SincronizacaoEstoqueService      : [ESTOQUE] Ciclo finalizado. Total de atualizações enviadas: 0
2026-09-04T13:18:00.063-03:00  INFO 22468 --- [ecommerce] [scheduling-1] c.d.e.service.SincronizacaoService       : Lendo VW_ECOMMERCE_PRECOS no banco de dados...
2026-09-04T13:18:00.427-03:00  INFO 22468 --- [ecommerce] [scheduling-1] c.d.e.service.SincronizacaoService       : Ciclo finalizado. Total de atualizações enviadas: 0
2026-09-04T13:18:59.999-03:00  INFO 22468 --- [ecommerce] [scheduling-1] c.d.e.s.SincronizacaoEstoqueService      : [ESTOQUE] Lendo VW_ECOMMERCE_ESTOQUE no banco de dados...
2026-09-04T13:19:00.052-03:00  INFO 22468 --- [ecommerce] [scheduling-1] c.d.e.s.SincronizacaoEstoqueService      : [ESTOQUE] Ciclo finalizado. Total de atualizações enviadas: 0
2026-09-04T13:19:00.052-03:00  INFO 22468 --- [ecommerce] [scheduling-1] c.d.e.service.SincronizacaoService       : Lendo VW_ECOMMERCE_PRECOS no banco de dados...
2026-09-04T13:19:00.107-03:00  INFO 22468 --- [ecommerce] [scheduling-1] c.d.e.service.SincronizacaoService       : Ciclo finalizado. Total de atualizações enviadas: 0
2026-09-04T13:19:59.999-03:00  INFO 22468 --- [ecommerce] [scheduling-1] c.d.e.service.SincronizacaoService       : Lendo VW_ECOMMERCE_PRECOS no banco de dados...
2026-09-04T13:20:00.105-03:00  INFO 22468 --- [ecommerce] [scheduling-1] c.d.e.service.SincronizacaoService       : Ciclo finalizado. Total de atualizações enviadas: 0
2026-09-04T13:20:00.105-03:00  INFO 22468 --- [ecommerce] [scheduling-1] c.d.e.s.SincronizacaoEstoqueService      : [ESTOQUE] Lendo VW_ECOMMERCE_ESTOQUE no banco de dados...
2026-09-04T13:20:00.132-03:00  INFO 22468 --- [ecommerce] [scheduling-1] c.d.e.s.SincronizacaoEstoqueService      : [ESTOQUE] Ciclo finalizado. Total de atualizações enviadas: 0
2026-09-04T13:20:59.999-03:00  INFO 22468 --- [ecommerce] [scheduling-1] c.d.e.service.SincronizacaoService       : Lendo VW_ECOMMERCE_PRECOS no banco de dados...
2026-09-04T13:21:00.151-03:00  INFO 22468 --- [ecommerce] [scheduling-1] c.d.e.service.SincronizacaoService       : Ciclo finalizado. Total de atualizações enviadas: 0
2026-09-04T13:21:00.152-03:00  INFO 22468 --- [ecommerce] [scheduling-1] c.d.e.s.SincronizacaoEstoqueService      : [ESTOQUE] Lendo VW_ECOMMERCE_ESTOQUE no banco de dados...
2026-09-04T13:21:00.175-03:00  INFO 22468 --- [ecommerce] [scheduling-1] c.d.e.s.SincronizacaoEstoqueService      : [ESTOQUE] Ciclo finalizado. Total de atualizações enviadas: 0
2026-09-04T13:22:00.000-03:00  INFO 22468 --- [ecommerce] [scheduling-1] c.d.e.s.SincronizacaoEstoqueService      : [ESTOQUE] Lendo VW_ECOMMERCE_ESTOQUE no banco de dados...
2026-09-04T13:22:00.038-03:00  INFO 22468 --- [ecommerce] [scheduling-1] c.d.e.s.SincronizacaoEstoqueService      : [ESTOQUE] Ciclo finalizado. Total de atualizações enviadas: 0
2026-09-04T13:22:00.038-03:00  INFO 22468 --- [ecommerce] [scheduling-1] c.d.e.service.SincronizacaoService       : Lendo VW_ECOMMERCE_PRECOS no banco de dados...
2026-09-04T13:22:00.093-03:00  INFO 22468 --- [ecommerce] [scheduling-1] c.d.e.service.SincronizacaoService       : Ciclo finalizado. Total de atualizações enviadas: 0
2026-09-04T13:23:00.000-03:00  INFO 22468 --- [ecommerce] [scheduling-1] c.d.e.service.SincronizacaoService       : Lendo VW_ECOMMERCE_PRECOS no banco de dados...
2026-09-04T13:23:00.063-03:00  INFO 22468 --- [ecommerce] [scheduling-1] c.d.e.service.SincronizacaoService       : Ciclo finalizado. Total de atualizações enviadas: 0
2026-09-04T13:23:00.063-03:00  INFO 22468 --- [ecommerce] [scheduling-1] c.d.e.s.SincronizacaoEstoqueService      : [ESTOQUE] Lendo VW_ECOMMERCE_ESTOQUE no banco de dados...
2026-09-04T13:23:00.096-03:00  INFO 22468 --- [ecommerce] [scheduling-1] c.d.e.s.SincronizacaoEstoqueService      : [ESTOQUE] Ciclo finalizado. Total de atualizações enviadas: 0
2026-09-04T13:24:00.001-03:00  INFO 22468 --- [ecommerce] [scheduling-1] c.d.e.service.SincronizacaoService       : Lendo VW_ECOMMERCE_PRECOS no banco de dados...
2026-09-04T13:24:00.094-03:00  INFO 22468 --- [ecommerce] [scheduling-1] c.d.e.service.SincronizacaoService       : Ciclo finalizado. Total de atualizações enviadas: 0
2026-09-04T13:24:00.094-03:00  INFO 22468 --- [ecommerce] [scheduling-1] c.d.e.s.SincronizacaoEstoqueService      : [ESTOQUE] Lendo VW_ECOMMERCE_ESTOQUE no banco de dados...
2026-09-04T13:24:00.123-03:00  INFO 22468 --- [ecommerce] [scheduling-1] c.d.e.s.SincronizacaoEstoqueService      : [ESTOQUE] Ciclo finalizado. Total de atualizações enviadas: 0
2026-09-04T13:24:59.999-03:00  INFO 22468 --- [ecommerce] [scheduling-1] c.d.e.s.SincronizacaoEstoqueService      : [ESTOQUE] Lendo VW_ECOMMERCE_ESTOQUE no banco de dados...
2026-09-04T13:25:00.073-03:00  INFO 22468 --- [ecommerce] [scheduling-1] c.d.e.s.SincronizacaoEstoqueService      : [ESTOQUE] Ciclo finalizado. Total de atualizações enviadas: 0
2026-09-04T13:25:00.074-03:00  INFO 22468 --- [ecommerce] [scheduling-1] c.d.e.service.SincronizacaoService       : Lendo VW_ECOMMERCE_PRECOS no banco de dados...
2026-09-04T13:25:00.403-03:00  INFO 22468 --- [ecommerce] [scheduling-1] c.d.e.service.SincronizacaoService       : Ciclo finalizado. Total de atualizações enviadas: 0
2026-09-04T13:25:59.999-03:00  INFO 22468 --- [ecommerce] [scheduling-1] c.d.e.service.SincronizacaoService       : Lendo VW_ECOMMERCE_PRECOS no banco de dados...
2026-09-04T13:26:00.079-03:00  INFO 22468 --- [ecommerce] [scheduling-1] c.d.e.service.SincronizacaoService       : Ciclo finalizado. Total de atualizações enviadas: 0
2026-09-04T13:26:00.079-03:00  INFO 22468 --- [ecommerce] [scheduling-1] c.d.e.s.SincronizacaoEstoqueService      : [ESTOQUE] Lendo VW_ECOMMERCE_ESTOQUE no banco de dados...
2026-09-04T13:26:00.101-03:00  INFO 22468 --- [ecommerce] [scheduling-1] c.d.e.s.SincronizacaoEstoqueService      : [ESTOQUE] Ciclo finalizado. Total de atualizações enviadas: 0
2026-09-04T13:27:00.000-03:00  INFO 22468 --- [ecommerce] [scheduling-1] c.d.e.s.SincronizacaoEstoqueService      : [ESTOQUE] Lendo VW_ECOMMERCE_ESTOQUE no banco de dados...
2026-09-04T13:27:00.056-03:00  INFO 22468 --- [ecommerce] [scheduling-1] c.d.e.s.SincronizacaoEstoqueService      : [ESTOQUE] Ciclo finalizado. Total de atualizações enviadas: 0
2026-09-04T13:27:00.057-03:00  INFO 22468 --- [ecommerce] [scheduling-1] c.d.e.service.SincronizacaoService       : Lendo VW_ECOMMERCE_PRECOS no banco de dados...
2026-09-04T13:27:00.200-03:00  INFO 22468 --- [ecommerce] [scheduling-1] c.d.e.service.SincronizacaoService       : Ciclo finalizado. Total de atualizações enviadas: 0
2026-09-04T13:28:00.000-03:00  INFO 22468 --- [ecommerce] [scheduling-1] c.d.e.s.SincronizacaoEstoqueService      : [ESTOQUE] Lendo VW_ECOMMERCE_ESTOQUE no banco de dados...
2026-09-04T13:28:00.059-03:00  INFO 22468 --- [ecommerce] [scheduling-1] c.d.e.s.SincronizacaoEstoqueService      : [ESTOQUE] Ciclo finalizado. Total de atualizações enviadas: 0
2026-09-04T13:28:00.059-03:00  INFO 22468 --- [ecommerce] [scheduling-1] c.d.e.service.SincronizacaoService       : Lendo VW_ECOMMERCE_PRECOS no banco de dados...
2026-09-04T13:28:00.107-03:00  INFO 22468 --- [ecommerce] [scheduling-1] c.d.e.service.SincronizacaoService       : Ciclo finalizado. Total de atualizações enviadas: 0
2026-09-04T13:28:59.999-03:00  INFO 22468 --- [ecommerce] [scheduling-1] c.d.e.service.SincronizacaoService       : Lendo VW_ECOMMERCE_PRECOS no banco de dados...
2026-09-04T13:29:00.157-03:00  INFO 22468 --- [ecommerce] [scheduling-1] c.d.e.service.SincronizacaoService       : Ciclo finalizado. Total de atualizações enviadas: 0
2026-09-04T13:29:00.157-03:00  INFO 22468 --- [ecommerce] [scheduling-1] c.d.e.s.SincronizacaoEstoqueService      : [ESTOQUE] Lendo VW_ECOMMERCE_ESTOQUE no banco de dados...
2026-09-04T13:29:00.185-03:00  INFO 22468 --- [ecommerce] [scheduling-1] c.d.e.s.SincronizacaoEstoqueService      : [ESTOQUE] Ciclo finalizado. Total de atualizações enviadas: 0
2026-09-04T13:29:59.999-03:00  INFO 22468 --- [ecommerce] [scheduling-1] c.d.e.s.SincronizacaoEstoqueService      : [ESTOQUE] Lendo VW_ECOMMERCE_ESTOQUE no banco de dados...
2026-09-04T13:30:00.097-03:00  INFO 22468 --- [ecommerce] [scheduling-1] c.d.e.s.SincronizacaoEstoqueService      : [ESTOQUE] Ciclo finalizado. Total de atualizações enviadas: 0
2026-09-04T13:30:00.099-03:00  INFO 22468 --- [ecommerce] [scheduling-1] c.d.e.service.SincronizacaoService       : Lendo VW_ECOMMERCE_PRECOS no banco de dados...
2026-09-04T13:30:00.179-03:00  INFO 22468 --- [ecommerce] [scheduling-1] c.d.e.service.SincronizacaoService       : Ciclo finalizado. Total de atualizações enviadas: 0
2026-09-04T13:30:59.999-03:00  INFO 22468 --- [ecommerce] [scheduling-1] c.d.e.s.SincronizacaoEstoqueService      : [ESTOQUE] Lendo VW_ECOMMERCE_ESTOQUE no banco de dados...
2026-09-04T13:31:00.082-03:00  INFO 22468 --- [ecommerce] [scheduling-1] c.d.e.s.SincronizacaoEstoqueService      : [ESTOQUE] Ciclo finalizado. Total de atualizações enviadas: 0
2026-09-04T13:31:00.082-03:00  INFO 22468 --- [ecommerce] [scheduling-1] c.d.e.service.SincronizacaoService       : Lendo VW_ECOMMERCE_PRECOS no banco de dados...
2026-09-04T13:31:00.131-03:00  INFO 22468 --- [ecommerce] [scheduling-1] c.d.e.service.SincronizacaoService       : Ciclo finalizado. Total de atualizações enviadas: 0
2026-09-04T13:31:59.999-03:00  INFO 22468 --- [ecommerce] [scheduling-1] c.d.e.s.SincronizacaoEstoqueService      : [ESTOQUE] Lendo VW_ECOMMERCE_ESTOQUE no banco de dados...
2026-09-04T13:32:00.066-03:00  INFO 22468 --- [ecommerce] [scheduling-1] c.d.e.s.SincronizacaoEstoqueService      : [ESTOQUE] Ciclo finalizado. Total de atualizações enviadas: 0
2026-09-04T13:32:00.066-03:00  INFO 22468 --- [ecommerce] [scheduling-1] c.d.e.service.SincronizacaoService       : Lendo VW_ECOMMERCE_PRECOS no banco de dados...
2026-09-04T13:32:00.172-03:00  INFO 22468 --- [ecommerce] [scheduling-1] c.d.e.service.SincronizacaoService       : Ciclo finalizado. Total de atualizações enviadas: 0
2026-09-04T13:33:00.000-03:00  INFO 22468 --- [ecommerce] [scheduling-1] c.d.e.service.SincronizacaoService       : Lendo VW_ECOMMERCE_PRECOS no banco de dados...
2026-09-04T13:33:00.139-03:00  INFO 22468 --- [ecommerce] [scheduling-1] c.d.e.service.SincronizacaoService       : Ciclo finalizado. Total de atualizações enviadas: 0
2026-09-04T13:33:00.139-03:00  INFO 22468 --- [ecommerce] [scheduling-1] c.d.e.s.SincronizacaoEstoqueService      : [ESTOQUE] Lendo VW_ECOMMERCE_ESTOQUE no banco de dados...
2026-09-04T13:33:00.191-03:00  INFO 22468 --- [ecommerce] [scheduling-1] c.d.e.s.SincronizacaoEstoqueService      : [ESTOQUE] Ciclo finalizado. Total de atualizações enviadas: 0
2026-09-04T13:34:00.000-03:00  INFO 22468 --- [ecommerce] [scheduling-1] c.d.e.service.SincronizacaoService       : Lendo VW_ECOMMERCE_PRECOS no banco de dados...
2026-09-04T13:34:00.149-03:00  INFO 22468 --- [ecommerce] [scheduling-1] c.d.e.service.SincronizacaoService       : Ciclo finalizado. Total de atualizações enviadas: 0
2026-09-04T13:34:00.150-03:00  INFO 22468 --- [ecommerce] [scheduling-1] c.d.e.s.SincronizacaoEstoqueService      : [ESTOQUE] Lendo VW_ECOMMERCE_ESTOQUE no banco de dados...
2026-09-04T13:34:00.184-03:00  INFO 22468 --- [ecommerce] [scheduling-1] c.d.e.s.SincronizacaoEstoqueService      : [ESTOQUE] Ciclo finalizado. Total de atualizações enviadas: 0
2026-09-04T13:34:59.999-03:00  INFO 22468 --- [ecommerce] [scheduling-1] c.d.e.service.SincronizacaoService       : Lendo VW_ECOMMERCE_PRECOS no banco de dados...
2026-09-04T13:35:00.176-03:00  INFO 22468 --- [ecommerce] [scheduling-1] c.d.e.service.SincronizacaoService       : Ciclo finalizado. Total de atualizações enviadas: 0
2026-09-04T13:35:00.176-03:00  INFO 22468 --- [ecommerce] [scheduling-1] c.d.e.s.SincronizacaoEstoqueService      : [ESTOQUE] Lendo VW_ECOMMERCE_ESTOQUE no banco de dados...
2026-09-04T13:35:00.210-03:00  INFO 22468 --- [ecommerce] [scheduling-1] c.d.e.s.SincronizacaoEstoqueService      : [ESTOQUE] Ciclo finalizado. Total de atualizações enviadas: 0
2026-09-04T13:36:00.001-03:00  INFO 22468 --- [ecommerce] [scheduling-1] c.d.e.s.SincronizacaoEstoqueService      : [ESTOQUE] Lendo VW_ECOMMERCE_ESTOQUE no banco de dados...
2026-09-04T13:36:00.043-03:00  INFO 22468 --- [ecommerce] [scheduling-1] c.d.e.s.SincronizacaoEstoqueService      : [ESTOQUE] Ciclo finalizado. Total de atualizações enviadas: 0
2026-09-04T13:36:00.044-03:00  INFO 22468 --- [ecommerce] [scheduling-1] c.d.e.service.SincronizacaoService       : Lendo VW_ECOMMERCE_PRECOS no banco de dados...
2026-09-04T13:36:00.102-03:00  INFO 22468 --- [ecommerce] [scheduling-1] c.d.e.service.SincronizacaoService       : Ciclo finalizado. Total de atualizações enviadas: 0
2026-09-04T13:37:00.000-03:00  INFO 22468 --- [ecommerce] [scheduling-1] c.d.e.service.SincronizacaoService       : Lendo VW_ECOMMERCE_PRECOS no banco de dados...
2026-09-04T13:37:00.173-03:00  INFO 22468 --- [ecommerce] [scheduling-1] c.d.e.service.SincronizacaoService       : Ciclo finalizado. Total de atualizações enviadas: 0
2026-09-04T13:37:00.174-03:00  INFO 22468 --- [ecommerce] [scheduling-1] c.d.e.s.SincronizacaoEstoqueService      : [ESTOQUE] Lendo VW_ECOMMERCE_ESTOQUE no banco de dados...
2026-09-04T13:37:00.215-03:00  INFO 22468 --- [ecommerce] [scheduling-1] c.d.e.s.SincronizacaoEstoqueService      : [ESTOQUE] Ciclo finalizado. Total de atualizações enviadas: 0
2026-09-04T13:37:59.999-03:00  INFO 22468 --- [ecommerce] [scheduling-1] c.d.e.service.SincronizacaoService       : Lendo VW_ECOMMERCE_PRECOS no banco de dados...
2026-09-04T13:38:00.050-03:00  INFO 22468 --- [ecommerce] [scheduling-1] c.d.e.service.SincronizacaoService       : Ciclo finalizado. Total de atualizações enviadas: 0
2026-09-04T13:38:00.050-03:00  INFO 22468 --- [ecommerce] [scheduling-1] c.d.e.s.SincronizacaoEstoqueService      : [ESTOQUE] Lendo VW_ECOMMERCE_ESTOQUE no banco de dados...
2026-09-04T13:38:00.082-03:00  INFO 22468 --- [ecommerce] [scheduling-1] c.d.e.s.SincronizacaoEstoqueService      : [ESTOQUE] Ciclo finalizado. Total de atualizações enviadas: 0
2026-09-04T13:39:00.000-03:00  INFO 22468 --- [ecommerce] [scheduling-1] c.d.e.service.SincronizacaoService       : Lendo VW_ECOMMERCE_PRECOS no banco de dados...
2026-09-04T13:39:00.082-03:00  INFO 22468 --- [ecommerce] [scheduling-1] c.d.e.service.SincronizacaoService       : Ciclo finalizado. Total de atualizações enviadas: 0
2026-09-04T13:39:00.083-03:00  INFO 22468 --- [ecommerce] [scheduling-1] c.d.e.s.SincronizacaoEstoqueService      : [ESTOQUE] Lendo VW_ECOMMERCE_ESTOQUE no banco de dados...
2026-09-04T13:39:00.112-03:00  INFO 22468 --- [ecommerce] [scheduling-1] c.d.e.s.SincronizacaoEstoqueService      : [ESTOQUE] Ciclo finalizado. Total de atualizações enviadas: 0
2026-09-04T13:39:59.999-03:00  INFO 22468 --- [ecommerce] [scheduling-1] c.d.e.service.SincronizacaoService       : Lendo VW_ECOMMERCE_PRECOS no banco de dados...
2026-09-04T13:40:00.141-03:00  INFO 22468 --- [ecommerce] [scheduling-1] c.d.e.service.SincronizacaoService       : Ciclo finalizado. Total de atualizações enviadas: 0
2026-09-04T13:40:00.141-03:00  INFO 22468 --- [ecommerce] [scheduling-1] c.d.e.s.SincronizacaoEstoqueService      : [ESTOQUE] Lendo VW_ECOMMERCE_ESTOQUE no banco de dados...
2026-09-04T13:40:00.170-03:00  INFO 22468 --- [ecommerce] [scheduling-1] c.d.e.s.SincronizacaoEstoqueService      : [ESTOQUE] Ciclo finalizado. Total de atualizações enviadas: 0
2026-09-04T13:41:00.001-03:00  INFO 22468 --- [ecommerce] [scheduling-1] c.d.e.s.SincronizacaoEstoqueService      : [ESTOQUE] Lendo VW_ECOMMERCE_ESTOQUE no banco de dados...
2026-09-04T13:41:00.051-03:00  INFO 22468 --- [ecommerce] [scheduling-1] c.d.e.s.SincronizacaoEstoqueService      : [ESTOQUE] Ciclo finalizado. Total de atualizações enviadas: 0
2026-09-04T13:41:00.051-03:00  INFO 22468 --- [ecommerce] [scheduling-1] c.d.e.service.SincronizacaoService       : Lendo VW_ECOMMERCE_PRECOS no banco de dados...
2026-09-04T13:41:00.183-03:00  INFO 22468 --- [ecommerce] [scheduling-1] c.d.e.service.SincronizacaoService       : Ciclo finalizado. Total de atualizações enviadas: 0
2026-09-04T13:42:00.000-03:00  INFO 22468 --- [ecommerce] [scheduling-1] c.d.e.service.SincronizacaoService       : Lendo VW_ECOMMERCE_PRECOS no banco de dados...
2026-09-04T13:42:00.104-03:00  INFO 22468 --- [ecommerce] [scheduling-1] c.d.e.service.SincronizacaoService       : Ciclo finalizado. Total de atualizações enviadas: 0
2026-09-04T13:42:00.106-03:00  INFO 22468 --- [ecommerce] [scheduling-1] c.d.e.s.SincronizacaoEstoqueService      : [ESTOQUE] Lendo VW_ECOMMERCE_ESTOQUE no banco de dados...
2026-09-04T13:42:00.127-03:00  INFO 22468 --- [ecommerce] [scheduling-1] c.d.e.s.SincronizacaoEstoqueService      : [ESTOQUE] Ciclo finalizado. Total de atualizações enviadas: 0
2026-09-04T13:43:00.000-03:00  INFO 22468 --- [ecommerce] [scheduling-1] c.d.e.service.SincronizacaoService       : Lendo VW_ECOMMERCE_PRECOS no banco de dados...
2026-09-04T13:43:00.052-03:00  INFO 22468 --- [ecommerce] [scheduling-1] c.d.e.service.SincronizacaoService       : Ciclo finalizado. Total de atualizações enviadas: 0
2026-09-04T13:43:00.053-03:00  INFO 22468 --- [ecommerce] [scheduling-1] c.d.e.s.SincronizacaoEstoqueService      : [ESTOQUE] Lendo VW_ECOMMERCE_ESTOQUE no banco de dados...
2026-09-04T13:43:00.086-03:00  INFO 22468 --- [ecommerce] [scheduling-1] c.d.e.s.SincronizacaoEstoqueService      : [ESTOQUE] Ciclo finalizado. Total de atualizações enviadas: 0
2026-09-04T13:43:59.999-03:00  INFO 22468 --- [ecommerce] [scheduling-1] c.d.e.service.SincronizacaoService       : Lendo VW_ECOMMERCE_PRECOS no banco de dados...
2026-09-04T13:44:00.090-03:00  INFO 22468 --- [ecommerce] [scheduling-1] c.d.e.service.SincronizacaoService       : Ciclo finalizado. Total de atualizações enviadas: 0
2026-09-04T13:44:00.090-03:00  INFO 22468 --- [ecommerce] [scheduling-1] c.d.e.s.SincronizacaoEstoqueService      : [ESTOQUE] Lendo VW_ECOMMERCE_ESTOQUE no banco de dados...
2026-09-04T13:44:00.118-03:00  INFO 22468 --- [ecommerce] [scheduling-1] c.d.e.s.SincronizacaoEstoqueService      : [ESTOQUE] Ciclo finalizado. Total de atualizações enviadas: 0
2026-09-04T13:45:00.000-03:00  INFO 22468 --- [ecommerce] [scheduling-1] c.d.e.service.SincronizacaoService       : Lendo VW_ECOMMERCE_PRECOS no banco de dados...
2026-09-04T13:45:00.052-03:00  INFO 22468 --- [ecommerce] [scheduling-1] c.d.e.service.SincronizacaoService       : Ciclo finalizado. Total de atualizações enviadas: 0
2026-09-04T13:45:00.052-03:00  INFO 22468 --- [ecommerce] [scheduling-1] c.d.e.s.SincronizacaoEstoqueService      : [ESTOQUE] Lendo VW_ECOMMERCE_ESTOQUE no banco de dados...
2026-09-04T13:45:00.083-03:00  INFO 22468 --- [ecommerce] [scheduling-1] c.d.e.s.SincronizacaoEstoqueService      : [ESTOQUE] Ciclo finalizado. Total de atualizações enviadas: 0
2026-09-04T13:46:00.000-03:00  INFO 22468 --- [ecommerce] [scheduling-1] c.d.e.s.SincronizacaoEstoqueService      : [ESTOQUE] Lendo VW_ECOMMERCE_ESTOQUE no banco de dados...
2026-09-04T13:46:00.075-03:00  INFO 22468 --- [ecommerce] [scheduling-1] c.d.e.s.SincronizacaoEstoqueService      : [ESTOQUE] Ciclo finalizado. Total de atualizações enviadas: 0
2026-09-04T13:46:00.075-03:00  INFO 22468 --- [ecommerce] [scheduling-1] c.d.e.service.SincronizacaoService       : Lendo VW_ECOMMERCE_PRECOS no banco de dados...
2026-09-04T13:46:00.149-03:00  INFO 22468 --- [ecommerce] [scheduling-1] c.d.e.service.SincronizacaoService       : Ciclo finalizado. Total de atualizações enviadas: 0
2026-09-04T13:47:00.000-03:00  INFO 22468 --- [ecommerce] [scheduling-1] c.d.e.service.SincronizacaoService       : Lendo VW_ECOMMERCE_PRECOS no banco de dados...
2026-09-04T13:47:00.083-03:00  INFO 22468 --- [ecommerce] [scheduling-1] c.d.e.service.SincronizacaoService       : Ciclo finalizado. Total de atualizações enviadas: 0
2026-09-04T13:47:00.083-03:00  INFO 22468 --- [ecommerce] [scheduling-1] c.d.e.s.SincronizacaoEstoqueService      : [ESTOQUE] Lendo VW_ECOMMERCE_ESTOQUE no banco de dados...
2026-09-04T13:47:00.106-03:00  INFO 22468 --- [ecommerce] [scheduling-1] c.d.e.s.SincronizacaoEstoqueService      : [ESTOQUE] Ciclo finalizado. Total de atualizações enviadas: 0
2026-09-04T13:48:00.000-03:00  INFO 22468 --- [ecommerce] [scheduling-1] c.d.e.service.SincronizacaoService       : Lendo VW_ECOMMERCE_PRECOS no banco de dados...
2026-09-04T13:48:00.116-03:00  INFO 22468 --- [ecommerce] [scheduling-1] c.d.e.service.SincronizacaoService       : Ciclo finalizado. Total de atualizações enviadas: 0
2026-09-04T13:48:00.116-03:00  INFO 22468 --- [ecommerce] [scheduling-1] c.d.e.s.SincronizacaoEstoqueService      : [ESTOQUE] Lendo VW_ECOMMERCE_ESTOQUE no banco de dados...
2026-09-04T13:48:00.139-03:00  INFO 22468 --- [ecommerce] [scheduling-1] c.d.e.s.SincronizacaoEstoqueService      : [ESTOQUE] Ciclo finalizado. Total de atualizações enviadas: 0
2026-09-04T13:49:00.000-03:00  INFO 22468 --- [ecommerce] [scheduling-1] c.d.e.s.SincronizacaoEstoqueService      : [ESTOQUE] Lendo VW_ECOMMERCE_ESTOQUE no banco de dados...
2026-09-04T13:49:00.037-03:00  INFO 22468 --- [ecommerce] [scheduling-1] c.d.e.s.SincronizacaoEstoqueService      : [ESTOQUE] Ciclo finalizado. Total de atualizações enviadas: 0
2026-09-04T13:49:00.037-03:00  INFO 22468 --- [ecommerce] [scheduling-1] c.d.e.service.SincronizacaoService       : Lendo VW_ECOMMERCE_PRECOS no banco de dados...
2026-09-04T13:49:00.088-03:00  INFO 22468 --- [ecommerce] [scheduling-1] c.d.e.service.SincronizacaoService       : Ciclo finalizado. Total de atualizações enviadas: 0
2026-09-04T13:50:00.000-03:00  INFO 22468 --- [ecommerce] [scheduling-1] c.d.e.s.SincronizacaoEstoqueService      : [ESTOQUE] Lendo VW_ECOMMERCE_ESTOQUE no banco de dados...
2026-09-04T13:50:00.069-03:00  INFO 22468 --- [ecommerce] [scheduling-1] c.d.e.s.SincronizacaoEstoqueService      : [ESTOQUE] Ciclo finalizado. Total de atualizações enviadas: 0
2026-09-04T13:50:00.070-03:00  INFO 22468 --- [ecommerce] [scheduling-1] c.d.e.service.SincronizacaoService       : Lendo VW_ECOMMERCE_PRECOS no banco de dados...
2026-09-04T13:50:00.115-03:00  INFO 22468 --- [ecommerce] [scheduling-1] c.d.e.service.SincronizacaoService       : Ciclo finalizado. Total de atualizações enviadas: 0
2026-09-04T13:51:00.000-03:00  INFO 22468 --- [ecommerce] [scheduling-1] c.d.e.service.SincronizacaoService       : Lendo VW_ECOMMERCE_PRECOS no banco de dados...
2026-09-04T13:51:00.129-03:00  INFO 22468 --- [ecommerce] [scheduling-1] c.d.e.service.SincronizacaoService       : Ciclo finalizado. Total de atualizações enviadas: 0
2026-09-04T13:51:00.129-03:00  INFO 22468 --- [ecommerce] [scheduling-1] c.d.e.s.SincronizacaoEstoqueService      : [ESTOQUE] Lendo VW_ECOMMERCE_ESTOQUE no banco de dados...
2026-09-04T13:51:00.155-03:00  INFO 22468 --- [ecommerce] [scheduling-1] c.d.e.s.SincronizacaoEstoqueService      : [ESTOQUE] Ciclo finalizado. Total de atualizações enviadas: 0
2026-09-04T13:52:00.000-03:00  INFO 22468 --- [ecommerce] [scheduling-1] c.d.e.s.SincronizacaoEstoqueService      : [ESTOQUE] Lendo VW_ECOMMERCE_ESTOQUE no banco de dados...
2026-09-04T13:52:00.099-03:00  INFO 22468 --- [ecommerce] [scheduling-1] c.d.e.s.SincronizacaoEstoqueService      : [ESTOQUE] Ciclo finalizado. Total de atualizações enviadas: 0
2026-09-04T13:52:00.099-03:00  INFO 22468 --- [ecommerce] [scheduling-1] c.d.e.service.SincronizacaoService       : Lendo VW_ECOMMERCE_PRECOS no banco de dados...
2026-09-04T13:52:00.143-03:00  INFO 22468 --- [ecommerce] [scheduling-1] c.d.e.service.SincronizacaoService       : Ciclo finalizado. Total de atualizações enviadas: 0
2026-09-04T13:52:59.999-03:00  INFO 22468 --- [ecommerce] [scheduling-1] c.d.e.s.SincronizacaoEstoqueService      : [ESTOQUE] Lendo VW_ECOMMERCE_ESTOQUE no banco de dados...
2026-09-04T13:53:00.080-03:00  INFO 22468 --- [ecommerce] [scheduling-1] c.d.e.s.SincronizacaoEstoqueService      : [ESTOQUE] Ciclo finalizado. Total de atualizações enviadas: 0
2026-09-04T13:53:00.080-03:00  INFO 22468 --- [ecommerce] [scheduling-1] c.d.e.service.SincronizacaoService       : Lendo VW_ECOMMERCE_PRECOS no banco de dados...
2026-09-04T13:53:00.159-03:00  INFO 22468 --- [ecommerce] [scheduling-1] c.d.e.service.SincronizacaoService       : Ciclo finalizado. Total de atualizações enviadas: 0
2026-09-04T13:54:00.000-03:00  INFO 22468 --- [ecommerce] [scheduling-1] c.d.e.service.SincronizacaoService       : Lendo VW_ECOMMERCE_PRECOS no banco de dados...
2026-09-04T13:54:00.253-03:00  INFO 22468 --- [ecommerce] [scheduling-1] c.d.e.service.SincronizacaoService       : Ciclo finalizado. Total de atualizações enviadas: 0
2026-09-04T13:54:00.253-03:00  INFO 22468 --- [ecommerce] [scheduling-1] c.d.e.s.SincronizacaoEstoqueService      : [ESTOQUE] Lendo VW_ECOMMERCE_ESTOQUE no banco de dados...
2026-09-04T13:54:00.289-03:00  INFO 22468 --- [ecommerce] [scheduling-1] c.d.e.s.SincronizacaoEstoqueService      : [ESTOQUE] Ciclo finalizado. Total de atualizações enviadas: 0
2026-09-04T13:55:00.000-03:00  INFO 22468 --- [ecommerce] [scheduling-1] c.d.e.s.SincronizacaoEstoqueService      : [ESTOQUE] Lendo VW_ECOMMERCE_ESTOQUE no banco de dados...
2026-09-04T13:55:00.100-03:00  INFO 22468 --- [ecommerce] [scheduling-1] c.d.e.s.SincronizacaoEstoqueService      : [ESTOQUE] Ciclo finalizado. Total de atualizações enviadas: 0
2026-09-04T13:55:00.101-03:00  INFO 22468 --- [ecommerce] [scheduling-1] c.d.e.service.SincronizacaoService       : Lendo VW_ECOMMERCE_PRECOS no banco de dados...
2026-09-04T13:55:00.205-03:00  INFO 22468 --- [ecommerce] [scheduling-1] c.d.e.service.SincronizacaoService       : Ciclo finalizado. Total de atualizações enviadas: 0
2026-09-04T13:56:00.000-03:00  INFO 22468 --- [ecommerce] [scheduling-1] c.d.e.service.SincronizacaoService       : Lendo VW_ECOMMERCE_PRECOS no banco de dados...
2026-09-04T13:56:00.101-03:00  INFO 22468 --- [ecommerce] [scheduling-1] c.d.e.service.SincronizacaoService       : Ciclo finalizado. Total de atualizações enviadas: 0
2026-09-04T13:56:00.101-03:00  INFO 22468 --- [ecommerce] [scheduling-1] c.d.e.s.SincronizacaoEstoqueService      : [ESTOQUE] Lendo VW_ECOMMERCE_ESTOQUE no banco de dados...
2026-09-04T13:56:00.127-03:00  INFO 22468 --- [ecommerce] [scheduling-1] c.d.e.s.SincronizacaoEstoqueService      : [ESTOQUE] Ciclo finalizado. Total de atualizações enviadas: 0
2026-09-04T13:57:00.000-03:00  INFO 22468 --- [ecommerce] [scheduling-1] c.d.e.s.SincronizacaoEstoqueService      : [ESTOQUE] Lendo VW_ECOMMERCE_ESTOQUE no banco de dados...
2026-09-04T13:57:00.035-03:00  INFO 22468 --- [ecommerce] [scheduling-1] c.d.e.s.SincronizacaoEstoqueService      : [ESTOQUE] Ciclo finalizado. Total de atualizações enviadas: 0
2026-09-04T13:57:00.035-03:00  INFO 22468 --- [ecommerce] [scheduling-1] c.d.e.service.SincronizacaoService       : Lendo VW_ECOMMERCE_PRECOS no banco de dados...
2026-09-04T13:57:00.088-03:00  INFO 22468 --- [ecommerce] [scheduling-1] c.d.e.service.SincronizacaoService       : Ciclo finalizado. Total de atualizações enviadas: 0
2026-09-04T13:58:00.000-03:00  INFO 22468 --- [ecommerce] [scheduling-1] c.d.e.service.SincronizacaoService       : Lendo VW_ECOMMERCE_PRECOS no banco de dados...
2026-09-04T13:58:00.088-03:00  INFO 22468 --- [ecommerce] [scheduling-1] c.d.e.service.SincronizacaoService       : Ciclo finalizado. Total de atualizações enviadas: 0
2026-09-04T13:58:00.089-03:00  INFO 22468 --- [ecommerce] [scheduling-1] c.d.e.s.SincronizacaoEstoqueService      : [ESTOQUE] Lendo VW_ECOMMERCE_ESTOQUE no banco de dados...
2026-09-04T13:58:00.118-03:00  INFO 22468 --- [ecommerce] [scheduling-1] c.d.e.s.SincronizacaoEstoqueService      : [ESTOQUE] Ciclo finalizado. Total de atualizações enviadas: 0
2026-09-04T13:58:59.999-03:00  INFO 22468 --- [ecommerce] [scheduling-1] c.d.e.service.SincronizacaoService       : Lendo VW_ECOMMERCE_PRECOS no banco de dados...
2026-09-04T13:59:00.229-03:00  INFO 22468 --- [ecommerce] [scheduling-1] c.d.e.service.SincronizacaoService       : Ciclo finalizado. Total de atualizações enviadas: 0
2026-09-04T13:59:00.230-03:00  INFO 22468 --- [ecommerce] [scheduling-1] c.d.e.s.SincronizacaoEstoqueService      : [ESTOQUE] Lendo VW_ECOMMERCE_ESTOQUE no banco de dados...
2026-09-04T13:59:00.261-03:00  INFO 22468 --- [ecommerce] [scheduling-1] c.d.e.s.SincronizacaoEstoqueService      : [ESTOQUE] Ciclo finalizado. Total de atualizações enviadas: 0
2026-09-04T14:00:00.000-03:00  INFO 22468 --- [ecommerce] [scheduling-1] c.d.e.s.SincronizacaoEstoqueService      : [ESTOQUE] Lendo VW_ECOMMERCE_ESTOQUE no banco de dados...
2026-09-04T14:00:00.060-03:00  INFO 22468 --- [ecommerce] [scheduling-1] c.d.e.s.SincronizacaoEstoqueService      : [ESTOQUE] Ciclo finalizado. Total de atualizações enviadas: 0
2026-09-04T14:00:00.060-03:00  INFO 22468 --- [ecommerce] [scheduling-1] c.d.e.service.SincronizacaoService       : Lendo VW_ECOMMERCE_PRECOS no banco de dados...
2026-09-04T14:00:00.244-03:00  INFO 22468 --- [ecommerce] [scheduling-1] c.d.e.service.SincronizacaoService       : Ciclo finalizado. Total de atualizações enviadas: 0
2026-09-04T14:01:00.000-03:00  INFO 22468 --- [ecommerce] [scheduling-1] c.d.e.s.SincronizacaoEstoqueService      : [ESTOQUE] Lendo VW_ECOMMERCE_ESTOQUE no banco de dados...
2026-09-04T14:01:00.067-03:00  INFO 22468 --- [ecommerce] [scheduling-1] c.d.e.s.SincronizacaoEstoqueService      : [ESTOQUE] Ciclo finalizado. Total de atualizações enviadas: 0
2026-09-04T14:01:00.067-03:00  INFO 22468 --- [ecommerce] [scheduling-1] c.d.e.service.SincronizacaoService       : Lendo VW_ECOMMERCE_PRECOS no banco de dados...
2026-09-04T14:01:00.292-03:00  INFO 22468 --- [ecommerce] [scheduling-1] c.d.e.service.SincronizacaoService       : Ciclo finalizado. Total de atualizações enviadas: 0
2026-09-04T14:02:00.001-03:00  INFO 22468 --- [ecommerce] [scheduling-1] c.d.e.service.SincronizacaoService       : Lendo VW_ECOMMERCE_PRECOS no banco de dados...
2026-09-04T14:02:00.093-03:00  INFO 22468 --- [ecommerce] [scheduling-1] c.d.e.service.SincronizacaoService       : Ciclo finalizado. Total de atualizações enviadas: 0
2026-09-04T14:02:00.093-03:00  INFO 22468 --- [ecommerce] [scheduling-1] c.d.e.s.SincronizacaoEstoqueService      : [ESTOQUE] Lendo VW_ECOMMERCE_ESTOQUE no banco de dados...
2026-09-04T14:02:00.117-03:00  INFO 22468 --- [ecommerce] [scheduling-1] c.d.e.s.SincronizacaoEstoqueService      : [ESTOQUE] Ciclo finalizado. Total de atualizações enviadas: 0
2026-09-04T14:03:00.000-03:00  INFO 22468 --- [ecommerce] [scheduling-1] c.d.e.s.SincronizacaoEstoqueService      : [ESTOQUE] Lendo VW_ECOMMERCE_ESTOQUE no banco de dados...
2026-09-04T14:03:00.052-03:00  INFO 22468 --- [ecommerce] [scheduling-1] c.d.e.s.SincronizacaoEstoqueService      : [ESTOQUE] Ciclo finalizado. Total de atualizações enviadas: 0
2026-09-04T14:03:00.052-03:00  INFO 22468 --- [ecommerce] [scheduling-1] c.d.e.service.SincronizacaoService       : Lendo VW_ECOMMERCE_PRECOS no banco de dados...
2026-09-04T14:03:00.098-03:00  INFO 22468 --- [ecommerce] [scheduling-1] c.d.e.service.SincronizacaoService       : Ciclo finalizado. Total de atualizações enviadas: 0
2026-09-04T14:04:00.001-03:00  INFO 22468 --- [ecommerce] [scheduling-1] c.d.e.service.SincronizacaoService       : Lendo VW_ECOMMERCE_PRECOS no banco de dados...
2026-09-04T14:04:00.080-03:00  INFO 22468 --- [ecommerce] [scheduling-1] c.d.e.service.SincronizacaoService       : Ciclo finalizado. Total de atualizações enviadas: 0
2026-09-04T14:04:00.080-03:00  INFO 22468 --- [ecommerce] [scheduling-1] c.d.e.s.SincronizacaoEstoqueService      : [ESTOQUE] Lendo VW_ECOMMERCE_ESTOQUE no banco de dados...
2026-09-04T14:04:00.113-03:00  INFO 22468 --- [ecommerce] [scheduling-1] c.d.e.s.SincronizacaoEstoqueService      : [ESTOQUE] Ciclo finalizado. Total de atualizações enviadas: 0
2026-09-04T14:05:00.000-03:00  INFO 22468 --- [ecommerce] [scheduling-1] c.d.e.s.SincronizacaoEstoqueService      : [ESTOQUE] Lendo VW_ECOMMERCE_ESTOQUE no banco de dados...
2026-09-04T14:05:00.104-03:00  INFO 22468 --- [ecommerce] [scheduling-1] c.d.e.s.SincronizacaoEstoqueService      : [ESTOQUE] Ciclo finalizado. Total de atualizações enviadas: 0
2026-09-04T14:05:00.104-03:00  INFO 22468 --- [ecommerce] [scheduling-1] c.d.e.service.SincronizacaoService       : Lendo VW_ECOMMERCE_PRECOS no banco de dados...
2026-09-04T14:05:00.159-03:00  INFO 22468 --- [ecommerce] [scheduling-1] c.d.e.service.SincronizacaoService       : Ciclo finalizado. Total de atualizações enviadas: 0
2026-09-04T14:06:00.000-03:00  INFO 22468 --- [ecommerce] [scheduling-1] c.d.e.s.SincronizacaoEstoqueService      : [ESTOQUE] Lendo VW_ECOMMERCE_ESTOQUE no banco de dados...
2026-09-04T14:06:00.082-03:00  INFO 22468 --- [ecommerce] [scheduling-1] c.d.e.s.SincronizacaoEstoqueService      : [ESTOQUE] Ciclo finalizado. Total de atualizações enviadas: 0
2026-09-04T14:06:00.082-03:00  INFO 22468 --- [ecommerce] [scheduling-1] c.d.e.service.SincronizacaoService       : Lendo VW_ECOMMERCE_PRECOS no banco de dados...
2026-09-04T14:06:00.184-03:00  INFO 22468 --- [ecommerce] [scheduling-1] c.d.e.service.SincronizacaoService       : Ciclo finalizado. Total de atualizações enviadas: 0
2026-09-04T14:07:00.001-03:00  INFO 22468 --- [ecommerce] [scheduling-1] c.d.e.service.SincronizacaoService       : Lendo VW_ECOMMERCE_PRECOS no banco de dados...
2026-09-04T14:07:00.548-03:00  INFO 22468 --- [ecommerce] [scheduling-1] c.d.e.service.SincronizacaoService       : Ciclo finalizado. Total de atualizações enviadas: 0
2026-09-04T14:07:00.581-03:00  INFO 22468 --- [ecommerce] [scheduling-1] c.d.e.s.SincronizacaoEstoqueService      : [ESTOQUE] Lendo VW_ECOMMERCE_ESTOQUE no banco de dados...
2026-09-04T14:07:00.641-03:00  INFO 22468 --- [ecommerce] [scheduling-1] c.d.e.s.SincronizacaoEstoqueService      : [ESTOQUE] Ciclo finalizado. Total de atualizações enviadas: 0
2026-09-04T14:08:00.000-03:00  INFO 22468 --- [ecommerce] [scheduling-1] c.d.e.service.SincronizacaoService       : Lendo VW_ECOMMERCE_PRECOS no banco de dados...
2026-09-04T14:08:00.079-03:00  INFO 22468 --- [ecommerce] [scheduling-1] c.d.e.service.SincronizacaoService       : Ciclo finalizado. Total de atualizações enviadas: 0
2026-09-04T14:08:00.079-03:00  INFO 22468 --- [ecommerce] [scheduling-1] c.d.e.s.SincronizacaoEstoqueService      : [ESTOQUE] Lendo VW_ECOMMERCE_ESTOQUE no banco de dados...
2026-09-04T14:08:00.110-03:00  INFO 22468 --- [ecommerce] [scheduling-1] c.d.e.s.SincronizacaoEstoqueService      : [ESTOQUE] Ciclo finalizado. Total de atualizações enviadas: 0
2026-09-04T14:09:00.000-03:00  INFO 22468 --- [ecommerce] [scheduling-1] c.d.e.service.SincronizacaoService       : Lendo VW_ECOMMERCE_PRECOS no banco de dados...
2026-09-04T14:09:00.178-03:00  INFO 22468 --- [ecommerce] [scheduling-1] c.d.e.service.SincronizacaoService       : Ciclo finalizado. Total de atualizações enviadas: 0
2026-09-04T14:09:00.178-03:00  INFO 22468 --- [ecommerce] [scheduling-1] c.d.e.s.SincronizacaoEstoqueService      : [ESTOQUE] Lendo VW_ECOMMERCE_ESTOQUE no banco de dados...
2026-09-04T14:09:00.201-03:00  INFO 22468 --- [ecommerce] [scheduling-1] c.d.e.s.SincronizacaoEstoqueService      : [ESTOQUE] Ciclo finalizado. Total de atualizações enviadas: 0
2026-09-04T14:09:59.999-03:00  INFO 22468 --- [ecommerce] [scheduling-1] c.d.e.s.SincronizacaoEstoqueService      : [ESTOQUE] Lendo VW_ECOMMERCE_ESTOQUE no banco de dados...
2026-09-04T14:10:00.082-03:00  INFO 22468 --- [ecommerce] [scheduling-1] c.d.e.s.SincronizacaoEstoqueService      : [ESTOQUE] Ciclo finalizado. Total de atualizações enviadas: 0
2026-09-04T14:10:00.083-03:00  INFO 22468 --- [ecommerce] [scheduling-1] c.d.e.service.SincronizacaoService       : Lendo VW_ECOMMERCE_PRECOS no banco de dados...
2026-09-04T14:10:00.134-03:00  INFO 22468 --- [ecommerce] [scheduling-1] c.d.e.service.SincronizacaoService       : Ciclo finalizado. Total de atualizações enviadas: 0
2026-09-04T14:11:00.000-03:00  INFO 22468 --- [ecommerce] [scheduling-1] c.d.e.s.SincronizacaoEstoqueService      : [ESTOQUE] Lendo VW_ECOMMERCE_ESTOQUE no banco de dados...
2026-09-04T14:11:00.173-03:00  INFO 22468 --- [ecommerce] [scheduling-1] c.d.e.s.SincronizacaoEstoqueService      : [ESTOQUE] Ciclo finalizado. Total de atualizações enviadas: 0
2026-09-04T14:11:00.173-03:00  INFO 22468 --- [ecommerce] [scheduling-1] c.d.e.service.SincronizacaoService       : Lendo VW_ECOMMERCE_PRECOS no banco de dados...
2026-09-04T14:11:00.759-03:00  INFO 22468 --- [ecommerce] [scheduling-1] c.d.e.service.SincronizacaoService       : Ciclo finalizado. Total de atualizações enviadas: 0
2026-09-04T14:12:00.000-03:00  INFO 22468 --- [ecommerce] [scheduling-1] c.d.e.service.SincronizacaoService       : Lendo VW_ECOMMERCE_PRECOS no banco de dados...
2026-09-04T14:12:00.586-03:00  INFO 22468 --- [ecommerce] [scheduling-1] c.d.e.service.SincronizacaoService       : Ciclo finalizado. Total de atualizações enviadas: 0
2026-09-04T14:12:00.586-03:00  INFO 22468 --- [ecommerce] [scheduling-1] c.d.e.s.SincronizacaoEstoqueService      : [ESTOQUE] Lendo VW_ECOMMERCE_ESTOQUE no banco de dados...
2026-09-04T14:12:00.735-03:00  INFO 22468 --- [ecommerce] [scheduling-1] c.d.e.s.SincronizacaoEstoqueService      : [ESTOQUE] Ciclo finalizado. Total de atualizações enviadas: 0
2026-09-04T14:13:00.001-03:00  INFO 22468 --- [ecommerce] [scheduling-1] c.d.e.service.SincronizacaoService       : Lendo VW_ECOMMERCE_PRECOS no banco de dados...
2026-09-04T14:13:00.690-03:00  INFO 22468 --- [ecommerce] [scheduling-1] c.d.e.service.SincronizacaoService       : Ciclo finalizado. Total de atualizações enviadas: 0
2026-09-04T14:13:00.691-03:00  INFO 22468 --- [ecommerce] [scheduling-1] c.d.e.s.SincronizacaoEstoqueService      : [ESTOQUE] Lendo VW_ECOMMERCE_ESTOQUE no banco de dados...
2026-09-04T14:13:00.799-03:00  INFO 22468 --- [ecommerce] [scheduling-1] c.d.e.s.SincronizacaoEstoqueService      : [ESTOQUE] Ciclo finalizado. Total de atualizações enviadas: 0
2026-09-04T14:14:00.000-03:00  INFO 22468 --- [ecommerce] [scheduling-1] c.d.e.service.SincronizacaoService       : Lendo VW_ECOMMERCE_PRECOS no banco de dados...
2026-09-04T14:14:00.642-03:00  INFO 22468 --- [ecommerce] [scheduling-1] c.d.e.service.SincronizacaoService       : Ciclo finalizado. Total de atualizações enviadas: 0
2026-09-04T14:14:00.643-03:00  INFO 22468 --- [ecommerce] [scheduling-1] c.d.e.s.SincronizacaoEstoqueService      : [ESTOQUE] Lendo VW_ECOMMERCE_ESTOQUE no banco de dados...
2026-09-04T14:14:00.705-03:00  INFO 22468 --- [ecommerce] [scheduling-1] c.d.e.s.SincronizacaoEstoqueService      : [ESTOQUE] Ciclo finalizado. Total de atualizações enviadas: 0
2026-09-04T14:14:59.999-03:00  INFO 22468 --- [ecommerce] [scheduling-1] c.d.e.s.SincronizacaoEstoqueService      : [ESTOQUE] Lendo VW_ECOMMERCE_ESTOQUE no banco de dados...
2026-09-04T14:15:00.036-03:00  INFO 22468 --- [ecommerce] [scheduling-1] c.d.e.s.SincronizacaoEstoqueService      : [ESTOQUE] Ciclo finalizado. Total de atualizações enviadas: 0
2026-09-04T14:15:00.036-03:00  INFO 22468 --- [ecommerce] [scheduling-1] c.d.e.service.SincronizacaoService       : Lendo VW_ECOMMERCE_PRECOS no banco de dados...
2026-09-04T14:15:00.167-03:00  INFO 22468 --- [ecommerce] [scheduling-1] c.d.e.service.SincronizacaoService       : Ciclo finalizado. Total de atualizações enviadas: 0
2026-09-04T14:15:26.548-03:00  INFO 22468 --- [ecommerce] [SpringApplicationShutdownHook] o.s.boot.tomcat.GracefulShutdown         : Commencing graceful shutdown. Waiting for active requests to complete
2026-09-04T14:15:26.570-03:00  INFO 22468 --- [ecommerce] [tomcat-shutdown] o.s.boot.tomcat.GracefulShutdown         : Graceful shutdown complete
2026-09-04T14:15:26.589-03:00  INFO 22468 --- [ecommerce] [SpringApplicationShutdownHook] com.zaxxer.hikari.HikariDataSource       : HikariPool-1 - Shutdown initiated...
2026-09-04T14:15:26.591-03:00  INFO 22468 --- [ecommerce] [SpringApplicationShutdownHook] com.zaxxer.hikari.HikariDataSource       : HikariPool-1 - Shutdown completed.
2026-09-04T14:15:37.964-03:00  INFO 12340 --- [ecommerce] [main] c.d.ecommerce.EcommerceApplication       : Starting EcommerceApplication using Java 26.0.2.1 with PID 12340 (C:\Users\User\Documents\atualizadordepreco\target\classes started by User in C:\Users\User\Documents\atualizadordepreco)
2026-09-04T14:15:37.970-03:00  INFO 12340 --- [ecommerce] [main] c.d.ecommerce.EcommerceApplication       : No active profile set, falling back to 1 default profile: "default"
2026-09-04T14:15:39.572-03:00  INFO 12340 --- [ecommerce] [main] o.s.boot.tomcat.TomcatWebServer          : Tomcat initialized with port 8080 (http)
2026-09-04T14:15:39.591-03:00  INFO 12340 --- [ecommerce] [main] o.apache.catalina.core.StandardService   : Starting service [Tomcat]
2026-09-04T14:15:39.592-03:00  INFO 12340 --- [ecommerce] [main] o.apache.catalina.core.StandardEngine    : Starting Servlet engine: [Apache Tomcat/11.0.24]
2026-09-04T14:15:39.652-03:00  INFO 12340 --- [ecommerce] [main] b.w.c.s.WebApplicationContextInitializer : Root WebApplicationContext: initialization completed in 1552 ms
2026-09-04T14:15:40.417-03:00  INFO 12340 --- [ecommerce] [main] o.s.boot.tomcat.TomcatWebServer          : Tomcat started on port 8080 (http) with context path '/'
2026-09-04T14:15:40.427-03:00  INFO 12340 --- [ecommerce] [main] c.d.ecommerce.EcommerceApplication       : Started EcommerceApplication in 3.361 seconds (process running for 7.014)
2026-09-04T14:16:00.020-03:00  INFO 12340 --- [ecommerce] [scheduling-1] c.d.e.service.SincronizacaoService       : Lendo VW_ECOMMERCE_PRECOS no banco de dados...
2026-09-04T14:16:00.043-03:00  INFO 12340 --- [ecommerce] [scheduling-1] com.zaxxer.hikari.HikariDataSource       : HikariPool-1 - Starting...
2026-09-04T14:16:00.475-03:00  INFO 12340 --- [ecommerce] [scheduling-1] com.zaxxer.hikari.pool.HikariPool        : HikariPool-1 - Added connection ConnectionID:1 ClientConnectionId: d40f08e9-9720-4d36-add1-c9095c107f48
2026-09-04T14:16:00.477-03:00  INFO 12340 --- [ecommerce] [scheduling-1] com.zaxxer.hikari.HikariDataSource       : HikariPool-1 - Start completed.
2026-09-04T14:16:00.665-03:00  INFO 12340 --- [ecommerce] [scheduling-1] c.d.e.service.SincronizacaoService       : Memória inicial carregada com 2142 produtos.
2026-09-04T14:16:00.667-03:00  INFO 12340 --- [ecommerce] [scheduling-1] c.d.e.s.SincronizacaoEstoqueService      : [ESTOQUE] Lendo VW_ECOMMERCE_ESTOQUE no banco de dados...
2026-09-04T14:16:00.705-03:00  INFO 12340 --- [ecommerce] [scheduling-1] c.d.e.s.SincronizacaoEstoqueService      : [ESTOQUE] Memória inicial carregada com 18009 produtos.
2026-09-04T14:17:00.001-03:00  INFO 12340 --- [ecommerce] [scheduling-1] c.d.e.s.SincronizacaoEstoqueService      : [ESTOQUE] Lendo VW_ECOMMERCE_ESTOQUE no banco de dados...
2026-09-04T14:17:00.047-03:00  INFO 12340 --- [ecommerce] [scheduling-1] c.d.e.s.SincronizacaoEstoqueService      : [ESTOQUE] Ciclo finalizado. Total de atualizações enviadas: 0
2026-09-04T14:17:00.048-03:00  INFO 12340 --- [ecommerce] [scheduling-1] c.d.e.service.SincronizacaoService       : Lendo VW_ECOMMERCE_PRECOS no banco de dados...
2026-09-04T14:17:00.122-03:00  INFO 12340 --- [ecommerce] [scheduling-1] c.d.e.service.SincronizacaoService       : Ciclo finalizado. Total de atualizações enviadas: 0
2026-09-04T14:18:00.000-03:00  INFO 12340 --- [ecommerce] [scheduling-1] c.d.e.s.SincronizacaoEstoqueService      : [ESTOQUE] Lendo VW_ECOMMERCE_ESTOQUE no banco de dados...
2026-09-04T14:18:00.063-03:00  INFO 12340 --- [ecommerce] [scheduling-1] c.d.e.s.SincronizacaoEstoqueService      : [ESTOQUE] Ciclo finalizado. Total de atualizações enviadas: 0
2026-09-04T14:18:00.064-03:00  INFO 12340 --- [ecommerce] [scheduling-1] c.d.e.service.SincronizacaoService       : Lendo VW_ECOMMERCE_PRECOS no banco de dados...
2026-09-04T14:18:00.113-03:00  INFO 12340 --- [ecommerce] [scheduling-1] c.d.e.service.SincronizacaoService       : Ciclo finalizado. Total de atualizações enviadas: 0
2026-09-04T14:18:59.999-03:00  INFO 12340 --- [ecommerce] [scheduling-1] c.d.e.s.SincronizacaoEstoqueService      : [ESTOQUE] Lendo VW_ECOMMERCE_ESTOQUE no banco de dados...
2026-09-04T14:19:00.063-03:00  INFO 12340 --- [ecommerce] [scheduling-1] c.d.e.s.SincronizacaoEstoqueService      : [ESTOQUE] Ciclo finalizado. Total de atualizações enviadas: 0
2026-09-04T14:19:00.064-03:00  INFO 12340 --- [ecommerce] [scheduling-1] c.d.e.service.SincronizacaoService       : Lendo VW_ECOMMERCE_PRECOS no banco de dados...
2026-09-04T14:19:00.111-03:00  INFO 12340 --- [ecommerce] [scheduling-1] c.d.e.service.SincronizacaoService       : Ciclo finalizado. Total de atualizações enviadas: 0
2026-09-04T14:20:00.001-03:00  INFO 12340 --- [ecommerce] [scheduling-1] c.d.e.service.SincronizacaoService       : Lendo VW_ECOMMERCE_PRECOS no banco de dados...
2026-09-04T14:20:00.084-03:00  INFO 12340 --- [ecommerce] [scheduling-1] c.d.e.service.SincronizacaoService       : Ciclo finalizado. Total de atualizações enviadas: 0
2026-09-04T14:20:00.085-03:00  INFO 12340 --- [ecommerce] [scheduling-1] c.d.e.s.SincronizacaoEstoqueService      : [ESTOQUE] Lendo VW_ECOMMERCE_ESTOQUE no banco de dados...
2026-09-04T14:20:00.107-03:00  INFO 12340 --- [ecommerce] [scheduling-1] c.d.e.s.SincronizacaoEstoqueService      : [ESTOQUE] Ciclo finalizado. Total de atualizações enviadas: 0
2026-09-04T14:21:00.001-03:00  INFO 12340 --- [ecommerce] [scheduling-1] c.d.e.service.SincronizacaoService       : Lendo VW_ECOMMERCE_PRECOS no banco de dados...
2026-09-04T14:21:00.074-03:00  INFO 12340 --- [ecommerce] [scheduling-1] c.d.e.service.SincronizacaoService       : Ciclo finalizado. Total de atualizações enviadas: 0
2026-09-04T14:21:00.074-03:00  INFO 12340 --- [ecommerce] [scheduling-1] c.d.e.s.SincronizacaoEstoqueService      : [ESTOQUE] Lendo VW_ECOMMERCE_ESTOQUE no banco de dados...
2026-09-04T14:21:00.098-03:00  INFO 12340 --- [ecommerce] [scheduling-1] c.d.e.s.SincronizacaoEstoqueService      : [ESTOQUE] Ciclo finalizado. Total de atualizações enviadas: 0
2026-09-04T14:22:00.000-03:00  INFO 12340 --- [ecommerce] [scheduling-1] c.d.e.s.SincronizacaoEstoqueService      : [ESTOQUE] Lendo VW_ECOMMERCE_ESTOQUE no banco de dados...
2026-09-04T14:22:00.048-03:00  INFO 12340 --- [ecommerce] [scheduling-1] c.d.e.s.SincronizacaoEstoqueService      : [ESTOQUE] Ciclo finalizado. Total de atualizações enviadas: 0
2026-09-04T14:22:00.049-03:00  INFO 12340 --- [ecommerce] [scheduling-1] c.d.e.service.SincronizacaoService       : Lendo VW_ECOMMERCE_PRECOS no banco de dados...
2026-09-04T14:22:00.128-03:00  INFO 12340 --- [ecommerce] [scheduling-1] c.d.e.service.SincronizacaoService       : Ciclo finalizado. Total de atualizações enviadas: 0
2026-09-04T14:22:59.999-03:00  INFO 12340 --- [ecommerce] [scheduling-1] c.d.e.s.SincronizacaoEstoqueService      : [ESTOQUE] Lendo VW_ECOMMERCE_ESTOQUE no banco de dados...
2026-09-04T14:23:00.082-03:00  INFO 12340 --- [ecommerce] [scheduling-1] c.d.e.s.SincronizacaoEstoqueService      : [ESTOQUE] Ciclo finalizado. Total de atualizações enviadas: 0
2026-09-04T14:23:00.082-03:00  INFO 12340 --- [ecommerce] [scheduling-1] c.d.e.service.SincronizacaoService       : Lendo VW_ECOMMERCE_PRECOS no banco de dados...
2026-09-04T14:23:00.138-03:00  INFO 12340 --- [ecommerce] [scheduling-1] c.d.e.service.SincronizacaoService       : Ciclo finalizado. Total de atualizações enviadas: 0
2026-09-04T14:24:00.000-03:00  INFO 12340 --- [ecommerce] [scheduling-1] c.d.e.service.SincronizacaoService       : Lendo VW_ECOMMERCE_PRECOS no banco de dados...
2026-09-04T14:24:00.524-03:00  INFO 12340 --- [ecommerce] [scheduling-1] c.d.e.service.SincronizacaoService       : Ciclo finalizado. Total de atualizações enviadas: 0
2026-09-04T14:24:00.524-03:00  INFO 12340 --- [ecommerce] [scheduling-1] c.d.e.s.SincronizacaoEstoqueService      : [ESTOQUE] Lendo VW_ECOMMERCE_ESTOQUE no banco de dados...
2026-09-04T14:24:00.591-03:00  INFO 12340 --- [ecommerce] [scheduling-1] c.d.e.s.SincronizacaoEstoqueService      : [ESTOQUE] Ciclo finalizado. Total de atualizações enviadas: 0
2026-09-04T14:24:59.999-03:00  INFO 12340 --- [ecommerce] [scheduling-1] c.d.e.s.SincronizacaoEstoqueService      : [ESTOQUE] Lendo VW_ECOMMERCE_ESTOQUE no banco de dados...
2026-09-04T14:25:00.057-03:00  INFO 12340 --- [ecommerce] [scheduling-1] c.d.e.s.SincronizacaoEstoqueService      : [ESTOQUE] Ciclo finalizado. Total de atualizações enviadas: 0
2026-09-04T14:25:00.057-03:00  INFO 12340 --- [ecommerce] [scheduling-1] c.d.e.service.SincronizacaoService       : Lendo VW_ECOMMERCE_PRECOS no banco de dados...
2026-09-04T14:25:00.119-03:00  INFO 12340 --- [ecommerce] [scheduling-1] c.d.e.service.SincronizacaoService       : Ciclo finalizado. Total de atualizações enviadas: 0
2026-09-04T14:26:00.000-03:00  INFO 12340 --- [ecommerce] [scheduling-1] c.d.e.service.SincronizacaoService       : Lendo VW_ECOMMERCE_PRECOS no banco de dados...
2026-09-04T14:26:00.083-03:00  INFO 12340 --- [ecommerce] [scheduling-1] c.d.e.service.SincronizacaoService       : Ciclo finalizado. Total de atualizações enviadas: 0
2026-09-04T14:26:00.083-03:00  INFO 12340 --- [ecommerce] [scheduling-1] c.d.e.s.SincronizacaoEstoqueService      : [ESTOQUE] Lendo VW_ECOMMERCE_ESTOQUE no banco de dados...
2026-09-04T14:26:00.104-03:00  INFO 12340 --- [ecommerce] [scheduling-1] c.d.e.s.SincronizacaoEstoqueService      : [ESTOQUE] Ciclo finalizado. Total de atualizações enviadas: 0
2026-09-04T14:27:00.001-03:00  INFO 12340 --- [ecommerce] [scheduling-1] c.d.e.s.SincronizacaoEstoqueService      : [ESTOQUE] Lendo VW_ECOMMERCE_ESTOQUE no banco de dados...
2026-09-04T14:27:00.066-03:00  INFO 12340 --- [ecommerce] [scheduling-1] c.d.e.s.SincronizacaoEstoqueService      : [ESTOQUE] Ciclo finalizado. Total de atualizações enviadas: 0
2026-09-04T14:27:00.066-03:00  INFO 12340 --- [ecommerce] [scheduling-1] c.d.e.service.SincronizacaoService       : Lendo VW_ECOMMERCE_PRECOS no banco de dados...
2026-09-04T14:27:00.272-03:00  INFO 12340 --- [ecommerce] [scheduling-1] c.d.e.service.SincronizacaoService       : Ciclo finalizado. Total de atualizações enviadas: 0
2026-09-04T14:28:00.001-03:00  INFO 12340 --- [ecommerce] [scheduling-1] c.d.e.s.SincronizacaoEstoqueService      : [ESTOQUE] Lendo VW_ECOMMERCE_ESTOQUE no banco de dados...
2026-09-04T14:28:00.068-03:00  INFO 12340 --- [ecommerce] [scheduling-1] c.d.e.s.SincronizacaoEstoqueService      : [ESTOQUE] Ciclo finalizado. Total de atualizações enviadas: 0
2026-09-04T14:28:00.069-03:00  INFO 12340 --- [ecommerce] [scheduling-1] c.d.e.service.SincronizacaoService       : Lendo VW_ECOMMERCE_PRECOS no banco de dados...
2026-09-04T14:28:00.113-03:00  INFO 12340 --- [ecommerce] [scheduling-1] c.d.e.service.SincronizacaoService       : Ciclo finalizado. Total de atualizações enviadas: 0
2026-09-04T14:28:59.999-03:00  INFO 12340 --- [ecommerce] [scheduling-1] c.d.e.s.SincronizacaoEstoqueService      : [ESTOQUE] Lendo VW_ECOMMERCE_ESTOQUE no banco de dados...
2026-09-04T14:29:00.048-03:00  INFO 12340 --- [ecommerce] [scheduling-1] c.d.e.s.SincronizacaoEstoqueService      : [ESTOQUE] Ciclo finalizado. Total de atualizações enviadas: 0
2026-09-04T14:29:00.049-03:00  INFO 12340 --- [ecommerce] [scheduling-1] c.d.e.service.SincronizacaoService       : Lendo VW_ECOMMERCE_PRECOS no banco de dados...
2026-09-04T14:29:00.176-03:00  INFO 12340 --- [ecommerce] [scheduling-1] c.d.e.service.SincronizacaoService       : Ciclo finalizado. Total de atualizações enviadas: 0
2026-09-04T14:30:00.000-03:00  INFO 12340 --- [ecommerce] [scheduling-1] c.d.e.service.SincronizacaoService       : Lendo VW_ECOMMERCE_PRECOS no banco de dados...
2026-09-04T14:30:00.147-03:00  INFO 12340 --- [ecommerce] [scheduling-1] c.d.e.service.SincronizacaoService       : Ciclo finalizado. Total de atualizações enviadas: 0
2026-09-04T14:30:00.148-03:00  INFO 12340 --- [ecommerce] [scheduling-1] c.d.e.s.SincronizacaoEstoqueService      : [ESTOQUE] Lendo VW_ECOMMERCE_ESTOQUE no banco de dados...
2026-09-04T14:30:00.171-03:00  INFO 12340 --- [ecommerce] [scheduling-1] c.d.e.s.SincronizacaoEstoqueService      : [ESTOQUE] Ciclo finalizado. Total de atualizações enviadas: 0
2026-09-04T14:31:00.000-03:00  INFO 12340 --- [ecommerce] [scheduling-1] c.d.e.service.SincronizacaoService       : Lendo VW_ECOMMERCE_PRECOS no banco de dados...
2026-09-04T14:31:00.296-03:00  INFO 12340 --- [ecommerce] [scheduling-1] c.d.e.service.SincronizacaoService       : Ciclo finalizado. Total de atualizações enviadas: 0
2026-09-04T14:31:00.296-03:00  INFO 12340 --- [ecommerce] [scheduling-1] c.d.e.s.SincronizacaoEstoqueService      : [ESTOQUE] Lendo VW_ECOMMERCE_ESTOQUE no banco de dados...
2026-09-04T14:31:00.348-03:00  INFO 12340 --- [ecommerce] [scheduling-1] c.d.e.s.SincronizacaoEstoqueService      : [ESTOQUE] Ciclo finalizado. Total de atualizações enviadas: 0
2026-09-04T14:32:00.000-03:00  INFO 12340 --- [ecommerce] [scheduling-1] c.d.e.s.SincronizacaoEstoqueService      : [ESTOQUE] Lendo VW_ECOMMERCE_ESTOQUE no banco de dados...
2026-09-04T14:32:00.094-03:00  INFO 12340 --- [ecommerce] [scheduling-1] c.d.e.s.SincronizacaoEstoqueService      : [ESTOQUE] Ciclo finalizado. Total de atualizações enviadas: 0
2026-09-04T14:32:00.095-03:00  INFO 12340 --- [ecommerce] [scheduling-1] c.d.e.service.SincronizacaoService       : Lendo VW_ECOMMERCE_PRECOS no banco de dados...
2026-09-04T14:32:00.372-03:00  INFO 12340 --- [ecommerce] [scheduling-1] c.d.e.service.SincronizacaoService       : Ciclo finalizado. Total de atualizações enviadas: 0
2026-09-04T14:33:00.000-03:00  INFO 12340 --- [ecommerce] [scheduling-1] c.d.e.service.SincronizacaoService       : Lendo VW_ECOMMERCE_PRECOS no banco de dados...
2026-09-04T14:33:00.152-03:00  INFO 12340 --- [ecommerce] [scheduling-1] c.d.e.service.SincronizacaoService       : Ciclo finalizado. Total de atualizações enviadas: 0
2026-09-04T14:33:00.152-03:00  INFO 12340 --- [ecommerce] [scheduling-1] c.d.e.s.SincronizacaoEstoqueService      : [ESTOQUE] Lendo VW_ECOMMERCE_ESTOQUE no banco de dados...
2026-09-04T14:33:00.178-03:00  INFO 12340 --- [ecommerce] [scheduling-1] c.d.e.s.SincronizacaoEstoqueService      : [ESTOQUE] Ciclo finalizado. Total de atualizações enviadas: 0
2026-09-04T14:34:00.000-03:00  INFO 12340 --- [ecommerce] [scheduling-1] c.d.e.s.SincronizacaoEstoqueService      : [ESTOQUE] Lendo VW_ECOMMERCE_ESTOQUE no banco de dados...
2026-09-04T14:34:00.076-03:00  INFO 12340 --- [ecommerce] [scheduling-1] c.d.e.s.SincronizacaoEstoqueService      : [ESTOQUE] Ciclo finalizado. Total de atualizações enviadas: 0
2026-09-04T14:34:00.076-03:00  INFO 12340 --- [ecommerce] [scheduling-1] c.d.e.service.SincronizacaoService       : Lendo VW_ECOMMERCE_PRECOS no banco de dados...
2026-09-04T14:34:00.124-03:00  INFO 12340 --- [ecommerce] [scheduling-1] c.d.e.service.SincronizacaoService       : Ciclo finalizado. Total de atualizações enviadas: 0
2026-09-04T14:35:00.000-03:00  INFO 12340 --- [ecommerce] [scheduling-1] c.d.e.s.SincronizacaoEstoqueService      : [ESTOQUE] Lendo VW_ECOMMERCE_ESTOQUE no banco de dados...
2026-09-04T14:35:00.039-03:00  INFO 12340 --- [ecommerce] [scheduling-1] c.d.e.s.SincronizacaoEstoqueService      : [ESTOQUE] Ciclo finalizado. Total de atualizações enviadas: 0
2026-09-04T14:35:00.040-03:00  INFO 12340 --- [ecommerce] [scheduling-1] c.d.e.service.SincronizacaoService       : Lendo VW_ECOMMERCE_PRECOS no banco de dados...
2026-09-04T14:35:00.087-03:00  INFO 12340 --- [ecommerce] [scheduling-1] c.d.e.service.SincronizacaoService       : Ciclo finalizado. Total de atualizações enviadas: 0
2026-09-04T14:36:00.000-03:00  INFO 12340 --- [ecommerce] [scheduling-1] c.d.e.s.SincronizacaoEstoqueService      : [ESTOQUE] Lendo VW_ECOMMERCE_ESTOQUE no banco de dados...
2026-09-04T14:36:00.056-03:00  INFO 12340 --- [ecommerce] [scheduling-1] c.d.e.s.SincronizacaoEstoqueService      : [ESTOQUE] Ciclo finalizado. Total de atualizações enviadas: 0
2026-09-04T14:36:00.057-03:00  INFO 12340 --- [ecommerce] [scheduling-1] c.d.e.service.SincronizacaoService       : Lendo VW_ECOMMERCE_PRECOS no banco de dados...
2026-09-04T14:36:00.120-03:00  INFO 12340 --- [ecommerce] [scheduling-1] c.d.e.service.SincronizacaoService       : Ciclo finalizado. Total de atualizações enviadas: 0
2026-09-04T14:37:00.000-03:00  INFO 12340 --- [ecommerce] [scheduling-1] c.d.e.s.SincronizacaoEstoqueService      : [ESTOQUE] Lendo VW_ECOMMERCE_ESTOQUE no banco de dados...
2026-09-04T14:37:00.059-03:00  INFO 12340 --- [ecommerce] [scheduling-1] c.d.e.s.SincronizacaoEstoqueService      : [ESTOQUE] Ciclo finalizado. Total de atualizações enviadas: 0
2026-09-04T14:37:00.060-03:00  INFO 12340 --- [ecommerce] [scheduling-1] c.d.e.service.SincronizacaoService       : Lendo VW_ECOMMERCE_PRECOS no banco de dados...
2026-09-04T14:37:00.119-03:00  INFO 12340 --- [ecommerce] [scheduling-1] c.d.e.service.SincronizacaoService       : Ciclo finalizado. Total de atualizações enviadas: 0
2026-09-04T14:38:00.001-03:00  INFO 12340 --- [ecommerce] [scheduling-1] c.d.e.service.SincronizacaoService       : Lendo VW_ECOMMERCE_PRECOS no banco de dados...
2026-09-04T14:38:00.135-03:00  INFO 12340 --- [ecommerce] [scheduling-1] c.d.e.service.SincronizacaoService       : Ciclo finalizado. Total de atualizações enviadas: 0
2026-09-04T14:38:00.135-03:00  INFO 12340 --- [ecommerce] [scheduling-1] c.d.e.s.SincronizacaoEstoqueService      : [ESTOQUE] Lendo VW_ECOMMERCE_ESTOQUE no banco de dados...
2026-09-04T14:38:00.161-03:00  INFO 12340 --- [ecommerce] [scheduling-1] c.d.e.s.SincronizacaoEstoqueService      : [ESTOQUE] Ciclo finalizado. Total de atualizações enviadas: 0
2026-09-04T14:39:00.000-03:00  INFO 12340 --- [ecommerce] [scheduling-1] c.d.e.service.SincronizacaoService       : Lendo VW_ECOMMERCE_PRECOS no banco de dados...
2026-09-04T14:39:00.263-03:00  INFO 12340 --- [ecommerce] [scheduling-1] c.d.e.service.SincronizacaoService       : Ciclo finalizado. Total de atualizações enviadas: 0
2026-09-04T14:39:00.263-03:00  INFO 12340 --- [ecommerce] [scheduling-1] c.d.e.s.SincronizacaoEstoqueService      : [ESTOQUE] Lendo VW_ECOMMERCE_ESTOQUE no banco de dados...
2026-09-04T14:39:00.287-03:00  INFO 12340 --- [ecommerce] [scheduling-1] c.d.e.s.SincronizacaoEstoqueService      : [ESTOQUE] Ciclo finalizado. Total de atualizações enviadas: 0
2026-09-04T14:40:00.000-03:00  INFO 12340 --- [ecommerce] [scheduling-1] c.d.e.s.SincronizacaoEstoqueService      : [ESTOQUE] Lendo VW_ECOMMERCE_ESTOQUE no banco de dados...
2026-09-04T14:40:00.056-03:00  INFO 12340 --- [ecommerce] [scheduling-1] c.d.e.s.SincronizacaoEstoqueService      : [ESTOQUE] Ciclo finalizado. Total de atualizações enviadas: 0
2026-09-04T14:40:00.058-03:00  INFO 12340 --- [ecommerce] [scheduling-1] c.d.e.service.SincronizacaoService       : Lendo VW_ECOMMERCE_PRECOS no banco de dados...
2026-09-04T14:40:00.143-03:00  INFO 12340 --- [ecommerce] [scheduling-1] c.d.e.service.SincronizacaoService       : Ciclo finalizado. Total de atualizações enviadas: 0
2026-09-04T14:41:00.000-03:00  INFO 12340 --- [ecommerce] [scheduling-1] c.d.e.service.SincronizacaoService       : Lendo VW_ECOMMERCE_PRECOS no banco de dados...
2026-09-04T14:41:00.093-03:00  INFO 12340 --- [ecommerce] [scheduling-1] c.d.e.service.SincronizacaoService       : Ciclo finalizado. Total de atualizações enviadas: 0
2026-09-04T14:41:00.094-03:00  INFO 12340 --- [ecommerce] [scheduling-1] c.d.e.s.SincronizacaoEstoqueService      : [ESTOQUE] Lendo VW_ECOMMERCE_ESTOQUE no banco de dados...
2026-09-04T14:41:00.113-03:00  INFO 12340 --- [ecommerce] [scheduling-1] c.d.e.s.SincronizacaoEstoqueService      : [ESTOQUE] Ciclo finalizado. Total de atualizações enviadas: 0
2026-09-04T14:42:00.000-03:00  INFO 12340 --- [ecommerce] [scheduling-1] c.d.e.service.SincronizacaoService       : Lendo VW_ECOMMERCE_PRECOS no banco de dados...
2026-09-04T14:42:00.081-03:00  INFO 12340 --- [ecommerce] [scheduling-1] c.d.e.service.SincronizacaoService       : Ciclo finalizado. Total de atualizações enviadas: 0
2026-09-04T14:42:00.082-03:00  INFO 12340 --- [ecommerce] [scheduling-1] c.d.e.s.SincronizacaoEstoqueService      : [ESTOQUE] Lendo VW_ECOMMERCE_ESTOQUE no banco de dados...
2026-09-04T14:42:00.103-03:00  INFO 12340 --- [ecommerce] [scheduling-1] c.d.e.s.SincronizacaoEstoqueService      : [ESTOQUE] Ciclo finalizado. Total de atualizações enviadas: 0
2026-09-04T14:42:59.999-03:00  INFO 12340 --- [ecommerce] [scheduling-1] c.d.e.service.SincronizacaoService       : Lendo VW_ECOMMERCE_PRECOS no banco de dados...
2026-09-04T14:43:00.051-03:00  INFO 12340 --- [ecommerce] [scheduling-1] c.d.e.service.SincronizacaoService       : Ciclo finalizado. Total de atualizações enviadas: 0
2026-09-04T14:43:00.051-03:00  INFO 12340 --- [ecommerce] [scheduling-1] c.d.e.s.SincronizacaoEstoqueService      : [ESTOQUE] Lendo VW_ECOMMERCE_ESTOQUE no banco de dados...
2026-09-04T14:43:00.073-03:00  INFO 12340 --- [ecommerce] [scheduling-1] c.d.e.s.SincronizacaoEstoqueService      : [ESTOQUE] Ciclo finalizado. Total de atualizações enviadas: 0
2026-09-04T14:43:59.999-03:00  INFO 12340 --- [ecommerce] [scheduling-1] c.d.e.service.SincronizacaoService       : Lendo VW_ECOMMERCE_PRECOS no banco de dados...
2026-09-04T14:44:00.062-03:00  INFO 12340 --- [ecommerce] [scheduling-1] c.d.e.service.SincronizacaoService       : Ciclo finalizado. Total de atualizações enviadas: 0
2026-09-04T14:44:00.063-03:00  INFO 12340 --- [ecommerce] [scheduling-1] c.d.e.s.SincronizacaoEstoqueService      : [ESTOQUE] Lendo VW_ECOMMERCE_ESTOQUE no banco de dados...
2026-09-04T14:44:00.082-03:00  INFO 12340 --- [ecommerce] [scheduling-1] c.d.e.s.SincronizacaoEstoqueService      : [ESTOQUE] Ciclo finalizado. Total de atualizações enviadas: 0
2026-09-04T14:45:00.000-03:00  INFO 12340 --- [ecommerce] [scheduling-1] c.d.e.service.SincronizacaoService       : Lendo VW_ECOMMERCE_PRECOS no banco de dados...
2026-09-04T14:45:00.065-03:00  INFO 12340 --- [ecommerce] [scheduling-1] c.d.e.service.SincronizacaoService       : Ciclo finalizado. Total de atualizações enviadas: 0
2026-09-04T14:45:00.065-03:00  INFO 12340 --- [ecommerce] [scheduling-1] c.d.e.s.SincronizacaoEstoqueService      : [ESTOQUE] Lendo VW_ECOMMERCE_ESTOQUE no banco de dados...
2026-09-04T14:45:00.085-03:00  INFO 12340 --- [ecommerce] [scheduling-1] c.d.e.s.SincronizacaoEstoqueService      : [ESTOQUE] Ciclo finalizado. Total de atualizações enviadas: 0
2026-09-04T14:45:59.999-03:00  INFO 12340 --- [ecommerce] [scheduling-1] c.d.e.s.SincronizacaoEstoqueService      : [ESTOQUE] Lendo VW_ECOMMERCE_ESTOQUE no banco de dados...
2026-09-04T14:46:00.069-03:00  INFO 12340 --- [ecommerce] [scheduling-1] c.d.e.s.SincronizacaoEstoqueService      : [ESTOQUE] Ciclo finalizado. Total de atualizações enviadas: 0
2026-09-04T14:46:00.070-03:00  INFO 12340 --- [ecommerce] [scheduling-1] c.d.e.service.SincronizacaoService       : Lendo VW_ECOMMERCE_PRECOS no banco de dados...
2026-09-04T14:46:00.125-03:00  INFO 12340 --- [ecommerce] [scheduling-1] c.d.e.service.SincronizacaoService       : Ciclo finalizado. Total de atualizações enviadas: 0
2026-09-04T14:47:00.000-03:00  INFO 12340 --- [ecommerce] [scheduling-1] c.d.e.service.SincronizacaoService       : Lendo VW_ECOMMERCE_PRECOS no banco de dados...
2026-09-04T14:47:00.324-03:00  INFO 12340 --- [ecommerce] [scheduling-1] c.d.e.service.SincronizacaoService       : Ciclo finalizado. Total de atualizações enviadas: 0
2026-09-04T14:47:00.325-03:00  INFO 12340 --- [ecommerce] [scheduling-1] c.d.e.s.SincronizacaoEstoqueService      : [ESTOQUE] Lendo VW_ECOMMERCE_ESTOQUE no banco de dados...
2026-09-04T14:47:00.418-03:00  INFO 12340 --- [ecommerce] [scheduling-1] c.d.e.s.SincronizacaoEstoqueService      : [ESTOQUE] Ciclo finalizado. Total de atualizações enviadas: 0
2026-09-04T14:48:00.000-03:00  INFO 12340 --- [ecommerce] [scheduling-1] c.d.e.service.SincronizacaoService       : Lendo VW_ECOMMERCE_PRECOS no banco de dados...
2026-09-04T14:48:00.178-03:00  INFO 12340 --- [ecommerce] [scheduling-1] c.d.e.service.SincronizacaoService       : Ciclo finalizado. Total de atualizações enviadas: 0
2026-09-04T14:48:00.178-03:00  INFO 12340 --- [ecommerce] [scheduling-1] c.d.e.s.SincronizacaoEstoqueService      : [ESTOQUE] Lendo VW_ECOMMERCE_ESTOQUE no banco de dados...
2026-09-04T14:48:00.201-03:00  INFO 12340 --- [ecommerce] [scheduling-1] c.d.e.s.SincronizacaoEstoqueService      : [ESTOQUE] Ciclo finalizado. Total de atualizações enviadas: 0
2026-09-04T14:49:00.000-03:00  INFO 12340 --- [ecommerce] [scheduling-1] c.d.e.s.SincronizacaoEstoqueService      : [ESTOQUE] Lendo VW_ECOMMERCE_ESTOQUE no banco de dados...
2026-09-04T14:49:00.073-03:00  INFO 12340 --- [ecommerce] [scheduling-1] c.d.e.s.SincronizacaoEstoqueService      : [ESTOQUE] Ciclo finalizado. Total de atualizações enviadas: 0
2026-09-04T14:49:00.073-03:00  INFO 12340 --- [ecommerce] [scheduling-1] c.d.e.service.SincronizacaoService       : Lendo VW_ECOMMERCE_PRECOS no banco de dados...
2026-09-04T14:49:00.122-03:00  INFO 12340 --- [ecommerce] [scheduling-1] c.d.e.service.SincronizacaoService       : Ciclo finalizado. Total de atualizações enviadas: 0
2026-09-04T14:50:00.000-03:00  INFO 12340 --- [ecommerce] [scheduling-1] c.d.e.service.SincronizacaoService       : Lendo VW_ECOMMERCE_PRECOS no banco de dados...
2026-09-04T14:50:00.064-03:00  INFO 12340 --- [ecommerce] [scheduling-1] c.d.e.service.SincronizacaoService       : Ciclo finalizado. Total de atualizações enviadas: 0
2026-09-04T14:50:00.064-03:00  INFO 12340 --- [ecommerce] [scheduling-1] c.d.e.s.SincronizacaoEstoqueService      : [ESTOQUE] Lendo VW_ECOMMERCE_ESTOQUE no banco de dados...
2026-09-04T14:50:00.084-03:00  INFO 12340 --- [ecommerce] [scheduling-1] c.d.e.s.SincronizacaoEstoqueService      : [ESTOQUE] Ciclo finalizado. Total de atualizações enviadas: 0
2026-09-04T14:51:00.000-03:00  INFO 12340 --- [ecommerce] [scheduling-1] c.d.e.service.SincronizacaoService       : Lendo VW_ECOMMERCE_PRECOS no banco de dados...
2026-09-04T14:51:00.109-03:00  INFO 12340 --- [ecommerce] [scheduling-1] c.d.e.service.SincronizacaoService       : Ciclo finalizado. Total de atualizações enviadas: 0
2026-09-04T14:51:00.110-03:00  INFO 12340 --- [ecommerce] [scheduling-1] c.d.e.s.SincronizacaoEstoqueService      : [ESTOQUE] Lendo VW_ECOMMERCE_ESTOQUE no banco de dados...
2026-09-04T14:51:00.130-03:00  INFO 12340 --- [ecommerce] [scheduling-1] c.d.e.s.SincronizacaoEstoqueService      : [ESTOQUE] Ciclo finalizado. Total de atualizações enviadas: 0
2026-09-04T14:52:00.000-03:00  INFO 12340 --- [ecommerce] [scheduling-1] c.d.e.s.SincronizacaoEstoqueService      : [ESTOQUE] Lendo VW_ECOMMERCE_ESTOQUE no banco de dados...
2026-09-04T14:52:00.068-03:00  INFO 12340 --- [ecommerce] [scheduling-1] c.d.e.s.SincronizacaoEstoqueService      : [ESTOQUE] Ciclo finalizado. Total de atualizações enviadas: 0
2026-09-04T14:52:00.068-03:00  INFO 12340 --- [ecommerce] [scheduling-1] c.d.e.service.SincronizacaoService       : Lendo VW_ECOMMERCE_PRECOS no banco de dados...
2026-09-04T14:52:00.114-03:00  INFO 12340 --- [ecommerce] [scheduling-1] c.d.e.service.SincronizacaoService       : Ciclo finalizado. Total de atualizações enviadas: 0
2026-09-04T14:53:00.001-03:00  INFO 12340 --- [ecommerce] [scheduling-1] c.d.e.s.SincronizacaoEstoqueService      : [ESTOQUE] Lendo VW_ECOMMERCE_ESTOQUE no banco de dados...
2026-09-04T14:53:00.044-03:00  INFO 12340 --- [ecommerce] [scheduling-1] c.d.e.s.SincronizacaoEstoqueService      : [ESTOQUE] Ciclo finalizado. Total de atualizações enviadas: 0
2026-09-04T14:53:00.045-03:00  INFO 12340 --- [ecommerce] [scheduling-1] c.d.e.service.SincronizacaoService       : Lendo VW_ECOMMERCE_PRECOS no banco de dados...
2026-09-04T14:53:00.089-03:00  INFO 12340 --- [ecommerce] [scheduling-1] c.d.e.service.SincronizacaoService       : Ciclo finalizado. Total de atualizações enviadas: 0
2026-09-04T14:54:00.000-03:00  INFO 12340 --- [ecommerce] [scheduling-1] c.d.e.service.SincronizacaoService       : Lendo VW_ECOMMERCE_PRECOS no banco de dados...
2026-09-04T14:54:00.433-03:00  INFO 12340 --- [ecommerce] [scheduling-1] c.d.e.service.SincronizacaoService       : Ciclo finalizado. Total de atualizações enviadas: 0
2026-09-04T14:54:00.434-03:00  INFO 12340 --- [ecommerce] [scheduling-1] c.d.e.s.SincronizacaoEstoqueService      : [ESTOQUE] Lendo VW_ECOMMERCE_ESTOQUE no banco de dados...
2026-09-04T14:54:00.493-03:00  INFO 12340 --- [ecommerce] [scheduling-1] c.d.e.s.SincronizacaoEstoqueService      : [ESTOQUE] Ciclo finalizado. Total de atualizações enviadas: 0
2026-09-04T14:55:00.000-03:00  INFO 12340 --- [ecommerce] [scheduling-1] c.d.e.service.SincronizacaoService       : Lendo VW_ECOMMERCE_PRECOS no banco de dados...
2026-09-04T14:55:00.208-03:00  INFO 12340 --- [ecommerce] [scheduling-1] c.d.e.service.SincronizacaoService       : Ciclo finalizado. Total de atualizações enviadas: 0
2026-09-04T14:55:00.209-03:00  INFO 12340 --- [ecommerce] [scheduling-1] c.d.e.s.SincronizacaoEstoqueService      : [ESTOQUE] Lendo VW_ECOMMERCE_ESTOQUE no banco de dados...
2026-09-04T14:55:00.245-03:00  INFO 12340 --- [ecommerce] [scheduling-1] c.d.e.s.SincronizacaoEstoqueService      : [ESTOQUE] Ciclo finalizado. Total de atualizações enviadas: 0
2026-09-04T14:56:00.001-03:00  INFO 12340 --- [ecommerce] [scheduling-1] c.d.e.s.SincronizacaoEstoqueService      : [ESTOQUE] Lendo VW_ECOMMERCE_ESTOQUE no banco de dados...
2026-09-04T14:56:00.074-03:00  INFO 12340 --- [ecommerce] [scheduling-1] c.d.e.s.SincronizacaoEstoqueService      : [ESTOQUE] Ciclo finalizado. Total de atualizações enviadas: 0
2026-09-04T14:56:00.074-03:00  INFO 12340 --- [ecommerce] [scheduling-1] c.d.e.service.SincronizacaoService       : Lendo VW_ECOMMERCE_PRECOS no banco de dados...
2026-09-04T14:56:00.192-03:00  INFO 12340 --- [ecommerce] [scheduling-1] c.d.e.service.SincronizacaoService       : Ciclo finalizado. Total de atualizações enviadas: 0
2026-09-04T14:57:00.000-03:00  INFO 12340 --- [ecommerce] [scheduling-1] c.d.e.service.SincronizacaoService       : Lendo VW_ECOMMERCE_PRECOS no banco de dados...
2026-09-04T14:57:00.108-03:00  INFO 12340 --- [ecommerce] [scheduling-1] c.d.e.service.SincronizacaoService       : Ciclo finalizado. Total de atualizações enviadas: 0
2026-09-04T14:57:00.108-03:00  INFO 12340 --- [ecommerce] [scheduling-1] c.d.e.s.SincronizacaoEstoqueService      : [ESTOQUE] Lendo VW_ECOMMERCE_ESTOQUE no banco de dados...
2026-09-04T14:57:00.133-03:00  INFO 12340 --- [ecommerce] [scheduling-1] c.d.e.s.SincronizacaoEstoqueService      : [ESTOQUE] Ciclo finalizado. Total de atualizações enviadas: 0
2026-09-04T14:57:59.999-03:00  INFO 12340 --- [ecommerce] [scheduling-1] c.d.e.s.SincronizacaoEstoqueService      : [ESTOQUE] Lendo VW_ECOMMERCE_ESTOQUE no banco de dados...
2026-09-04T14:58:00.040-03:00  INFO 12340 --- [ecommerce] [scheduling-1] c.d.e.s.SincronizacaoEstoqueService      : [ESTOQUE] Ciclo finalizado. Total de atualizações enviadas: 0
2026-09-04T14:58:00.041-03:00  INFO 12340 --- [ecommerce] [scheduling-1] c.d.e.service.SincronizacaoService       : Lendo VW_ECOMMERCE_PRECOS no banco de dados...
2026-09-04T14:58:00.087-03:00  INFO 12340 --- [ecommerce] [scheduling-1] c.d.e.service.SincronizacaoService       : Ciclo finalizado. Total de atualizações enviadas: 0
2026-09-04T14:59:00.000-03:00  INFO 12340 --- [ecommerce] [scheduling-1] c.d.e.s.SincronizacaoEstoqueService      : [ESTOQUE] Lendo VW_ECOMMERCE_ESTOQUE no banco de dados...
2026-09-04T14:59:00.069-03:00  INFO 12340 --- [ecommerce] [scheduling-1] c.d.e.s.SincronizacaoEstoqueService      : [ESTOQUE] Ciclo finalizado. Total de atualizações enviadas: 0
2026-09-04T14:59:00.069-03:00  INFO 12340 --- [ecommerce] [scheduling-1] c.d.e.service.SincronizacaoService       : Lendo VW_ECOMMERCE_PRECOS no banco de dados...
2026-09-04T14:59:00.192-03:00  INFO 12340 --- [ecommerce] [scheduling-1] c.d.e.service.SincronizacaoService       : Ciclo finalizado. Total de atualizações enviadas: 0
2026-09-04T15:00:00.000-03:00  INFO 12340 --- [ecommerce] [scheduling-1] c.d.e.service.SincronizacaoService       : Lendo VW_ECOMMERCE_PRECOS no banco de dados...
2026-09-04T15:00:00.072-03:00  INFO 12340 --- [ecommerce] [scheduling-1] c.d.e.service.SincronizacaoService       : Ciclo finalizado. Total de atualizações enviadas: 0
2026-09-04T15:00:00.072-03:00  INFO 12340 --- [ecommerce] [scheduling-1] c.d.e.s.SincronizacaoEstoqueService      : [ESTOQUE] Lendo VW_ECOMMERCE_ESTOQUE no banco de dados...
2026-09-04T15:00:00.092-03:00  INFO 12340 --- [ecommerce] [scheduling-1] c.d.e.s.SincronizacaoEstoqueService      : [ESTOQUE] Ciclo finalizado. Total de atualizações enviadas: 0
2026-09-04T15:01:00.000-03:00  INFO 12340 --- [ecommerce] [scheduling-1] c.d.e.service.SincronizacaoService       : Lendo VW_ECOMMERCE_PRECOS no banco de dados...
2026-09-04T15:01:00.083-03:00  INFO 12340 --- [ecommerce] [scheduling-1] c.d.e.service.SincronizacaoService       : Ciclo finalizado. Total de atualizações enviadas: 0
2026-09-04T15:01:00.084-03:00  INFO 12340 --- [ecommerce] [scheduling-1] c.d.e.s.SincronizacaoEstoqueService      : [ESTOQUE] Lendo VW_ECOMMERCE_ESTOQUE no banco de dados...
2026-09-04T15:01:00.104-03:00  INFO 12340 --- [ecommerce] [scheduling-1] c.d.e.s.SincronizacaoEstoqueService      : [ESTOQUE] Ciclo finalizado. Total de atualizações enviadas: 0
2026-09-04T15:02:00.001-03:00  INFO 12340 --- [ecommerce] [scheduling-1] c.d.e.service.SincronizacaoService       : Lendo VW_ECOMMERCE_PRECOS no banco de dados...
2026-09-04T15:02:00.098-03:00  INFO 12340 --- [ecommerce] [scheduling-1] c.d.e.service.SincronizacaoService       : Ciclo finalizado. Total de atualizações enviadas: 0
2026-09-04T15:02:00.099-03:00  INFO 12340 --- [ecommerce] [scheduling-1] c.d.e.s.SincronizacaoEstoqueService      : [ESTOQUE] Lendo VW_ECOMMERCE_ESTOQUE no banco de dados...
2026-09-04T15:02:00.121-03:00  INFO 12340 --- [ecommerce] [scheduling-1] c.d.e.s.SincronizacaoEstoqueService      : [ESTOQUE] Ciclo finalizado. Total de atualizações enviadas: 0
2026-09-04T15:03:00.001-03:00  INFO 12340 --- [ecommerce] [scheduling-1] c.d.e.service.SincronizacaoService       : Lendo VW_ECOMMERCE_PRECOS no banco de dados...
2026-09-04T15:03:00.051-03:00  INFO 12340 --- [ecommerce] [scheduling-1] c.d.e.service.SincronizacaoService       : Ciclo finalizado. Total de atualizações enviadas: 0
2026-09-04T15:03:00.052-03:00  INFO 12340 --- [ecommerce] [scheduling-1] c.d.e.s.SincronizacaoEstoqueService      : [ESTOQUE] Lendo VW_ECOMMERCE_ESTOQUE no banco de dados...
2026-09-04T15:03:00.079-03:00  INFO 12340 --- [ecommerce] [scheduling-1] c.d.e.s.SincronizacaoEstoqueService      : [ESTOQUE] Ciclo finalizado. Total de atualizações enviadas: 0
2026-09-04T15:04:00.000-03:00  INFO 12340 --- [ecommerce] [scheduling-1] c.d.e.s.SincronizacaoEstoqueService      : [ESTOQUE] Lendo VW_ECOMMERCE_ESTOQUE no banco de dados...
2026-09-04T15:04:00.042-03:00  INFO 12340 --- [ecommerce] [scheduling-1] c.d.e.s.SincronizacaoEstoqueService      : [ESTOQUE] Ciclo finalizado. Total de atualizações enviadas: 0
2026-09-04T15:04:00.043-03:00  INFO 12340 --- [ecommerce] [scheduling-1] c.d.e.service.SincronizacaoService       : Lendo VW_ECOMMERCE_PRECOS no banco de dados...
2026-09-04T15:04:00.129-03:00  INFO 12340 --- [ecommerce] [scheduling-1] c.d.e.service.SincronizacaoService       : Ciclo finalizado. Total de atualizações enviadas: 0
2026-09-04T15:05:00.000-03:00  INFO 12340 --- [ecommerce] [scheduling-1] c.d.e.service.SincronizacaoService       : Lendo VW_ECOMMERCE_PRECOS no banco de dados...
2026-09-04T15:05:00.129-03:00  INFO 12340 --- [ecommerce] [scheduling-1] c.d.e.service.SincronizacaoService       : Ciclo finalizado. Total de atualizações enviadas: 0
2026-09-04T15:05:00.129-03:00  INFO 12340 --- [ecommerce] [scheduling-1] c.d.e.s.SincronizacaoEstoqueService      : [ESTOQUE] Lendo VW_ECOMMERCE_ESTOQUE no banco de dados...
2026-09-04T15:05:00.185-03:00  INFO 12340 --- [ecommerce] [scheduling-1] c.d.e.s.SincronizacaoEstoqueService      : [ESTOQUE] Ciclo finalizado. Total de atualizações enviadas: 0
2026-09-04T15:05:59.999-03:00  INFO 12340 --- [ecommerce] [scheduling-1] c.d.e.s.SincronizacaoEstoqueService      : [ESTOQUE] Lendo VW_ECOMMERCE_ESTOQUE no banco de dados...
2026-09-04T15:06:00.042-03:00  INFO 12340 --- [ecommerce] [scheduling-1] c.d.e.s.SincronizacaoEstoqueService      : [ESTOQUE] Ciclo finalizado. Total de atualizações enviadas: 0
2026-09-04T15:06:00.042-03:00  INFO 12340 --- [ecommerce] [scheduling-1] c.d.e.service.SincronizacaoService       : Lendo VW_ECOMMERCE_PRECOS no banco de dados...
2026-09-04T15:06:00.220-03:00  INFO 12340 --- [ecommerce] [scheduling-1] c.d.e.service.SincronizacaoService       : Ciclo finalizado. Total de atualizações enviadas: 0
2026-09-04T15:07:00.000-03:00  INFO 12340 --- [ecommerce] [scheduling-1] c.d.e.s.SincronizacaoEstoqueService      : [ESTOQUE] Lendo VW_ECOMMERCE_ESTOQUE no banco de dados...
2026-09-04T15:07:00.042-03:00  INFO 12340 --- [ecommerce] [scheduling-1] c.d.e.s.SincronizacaoEstoqueService      : [ESTOQUE] Ciclo finalizado. Total de atualizações enviadas: 0
2026-09-04T15:07:00.043-03:00  INFO 12340 --- [ecommerce] [scheduling-1] c.d.e.service.SincronizacaoService       : Lendo VW_ECOMMERCE_PRECOS no banco de dados...
2026-09-04T15:07:00.186-03:00  INFO 12340 --- [ecommerce] [scheduling-1] c.d.e.service.SincronizacaoService       : Ciclo finalizado. Total de atualizações enviadas: 0
2026-09-04T15:08:00.001-03:00  INFO 12340 --- [ecommerce] [scheduling-1] c.d.e.service.SincronizacaoService       : Lendo VW_ECOMMERCE_PRECOS no banco de dados...
2026-09-04T15:08:00.052-03:00  INFO 12340 --- [ecommerce] [scheduling-1] c.d.e.service.SincronizacaoService       : Ciclo finalizado. Total de atualizações enviadas: 0
2026-09-04T15:08:00.052-03:00  INFO 12340 --- [ecommerce] [scheduling-1] c.d.e.s.SincronizacaoEstoqueService      : [ESTOQUE] Lendo VW_ECOMMERCE_ESTOQUE no banco de dados...
2026-09-04T15:08:00.071-03:00  INFO 12340 --- [ecommerce] [scheduling-1] c.d.e.s.SincronizacaoEstoqueService      : [ESTOQUE] Ciclo finalizado. Total de atualizações enviadas: 0
2026-09-04T15:08:59.999-03:00  INFO 12340 --- [ecommerce] [scheduling-1] c.d.e.s.SincronizacaoEstoqueService      : [ESTOQUE] Lendo VW_ECOMMERCE_ESTOQUE no banco de dados...
2026-09-04T15:09:00.052-03:00  INFO 12340 --- [ecommerce] [scheduling-1] c.d.e.s.SincronizacaoEstoqueService      : [ESTOQUE] Ciclo finalizado. Total de atualizações enviadas: 0
2026-09-04T15:09:00.052-03:00  INFO 12340 --- [ecommerce] [scheduling-1] c.d.e.service.SincronizacaoService       : Lendo VW_ECOMMERCE_PRECOS no banco de dados...
2026-09-04T15:09:00.226-03:00  INFO 12340 --- [ecommerce] [scheduling-1] c.d.e.service.SincronizacaoService       : Ciclo finalizado. Total de atualizações enviadas: 0
2026-09-04T15:10:00.000-03:00  INFO 12340 --- [ecommerce] [scheduling-1] c.d.e.s.SincronizacaoEstoqueService      : [ESTOQUE] Lendo VW_ECOMMERCE_ESTOQUE no banco de dados...
2026-09-04T15:10:00.043-03:00  INFO 12340 --- [ecommerce] [scheduling-1] c.d.e.s.SincronizacaoEstoqueService      : [ESTOQUE] Ciclo finalizado. Total de atualizações enviadas: 0
2026-09-04T15:10:00.044-03:00  INFO 12340 --- [ecommerce] [scheduling-1] c.d.e.service.SincronizacaoService       : Lendo VW_ECOMMERCE_PRECOS no banco de dados...
2026-09-04T15:10:00.159-03:00  INFO 12340 --- [ecommerce] [scheduling-1] c.d.e.service.SincronizacaoService       : Ciclo finalizado. Total de atualizações enviadas: 0
2026-09-04T15:11:00.000-03:00  INFO 12340 --- [ecommerce] [scheduling-1] c.d.e.s.SincronizacaoEstoqueService      : [ESTOQUE] Lendo VW_ECOMMERCE_ESTOQUE no banco de dados...
2026-09-04T15:11:00.072-03:00  INFO 12340 --- [ecommerce] [scheduling-1] c.d.e.s.SincronizacaoEstoqueService      : [ESTOQUE] Ciclo finalizado. Total de atualizações enviadas: 0
2026-09-04T15:11:00.073-03:00  INFO 12340 --- [ecommerce] [scheduling-1] c.d.e.service.SincronizacaoService       : Lendo VW_ECOMMERCE_PRECOS no banco de dados...
2026-09-04T15:11:00.226-03:00  INFO 12340 --- [ecommerce] [scheduling-1] c.d.e.service.SincronizacaoService       : Ciclo finalizado. Total de atualizações enviadas: 0
2026-09-04T15:12:00.000-03:00  INFO 12340 --- [ecommerce] [scheduling-1] c.d.e.s.SincronizacaoEstoqueService      : [ESTOQUE] Lendo VW_ECOMMERCE_ESTOQUE no banco de dados...
2026-09-04T15:12:00.078-03:00  INFO 12340 --- [ecommerce] [scheduling-1] c.d.e.s.SincronizacaoEstoqueService      : [ESTOQUE] Ciclo finalizado. Total de atualizações enviadas: 0
2026-09-04T15:12:00.079-03:00  INFO 12340 --- [ecommerce] [scheduling-1] c.d.e.service.SincronizacaoService       : Lendo VW_ECOMMERCE_PRECOS no banco de dados...
2026-09-04T15:12:00.129-03:00  INFO 12340 --- [ecommerce] [scheduling-1] c.d.e.service.SincronizacaoService       : Ciclo finalizado. Total de atualizações enviadas: 0
2026-09-04T15:12:59.999-03:00  INFO 12340 --- [ecommerce] [scheduling-1] c.d.e.s.SincronizacaoEstoqueService      : [ESTOQUE] Lendo VW_ECOMMERCE_ESTOQUE no banco de dados...
2026-09-04T15:13:00.029-03:00  INFO 12340 --- [ecommerce] [scheduling-1] c.d.e.s.SincronizacaoEstoqueService      : [ESTOQUE] Ciclo finalizado. Total de atualizações enviadas: 0
2026-09-04T15:13:00.029-03:00  INFO 12340 --- [ecommerce] [scheduling-1] c.d.e.service.SincronizacaoService       : Lendo VW_ECOMMERCE_PRECOS no banco de dados...
2026-09-04T15:13:00.087-03:00  INFO 12340 --- [ecommerce] [scheduling-1] c.d.e.service.SincronizacaoService       : Ciclo finalizado. Total de atualizações enviadas: 0
2026-09-04T15:14:00.000-03:00  INFO 12340 --- [ecommerce] [scheduling-1] c.d.e.service.SincronizacaoService       : Lendo VW_ECOMMERCE_PRECOS no banco de dados...
2026-09-04T15:14:00.081-03:00  INFO 12340 --- [ecommerce] [scheduling-1] c.d.e.service.SincronizacaoService       : Ciclo finalizado. Total de atualizações enviadas: 0
2026-09-04T15:14:00.081-03:00  INFO 12340 --- [ecommerce] [scheduling-1] c.d.e.s.SincronizacaoEstoqueService      : [ESTOQUE] Lendo VW_ECOMMERCE_ESTOQUE no banco de dados...
2026-09-04T15:14:00.103-03:00  INFO 12340 --- [ecommerce] [scheduling-1] c.d.e.s.SincronizacaoEstoqueService      : [ESTOQUE] Ciclo finalizado. Total de atualizações enviadas: 0
2026-09-04T15:15:00.000-03:00  INFO 12340 --- [ecommerce] [scheduling-1] c.d.e.service.SincronizacaoService       : Lendo VW_ECOMMERCE_PRECOS no banco de dados...
2026-09-04T15:15:00.236-03:00  INFO 12340 --- [ecommerce] [scheduling-1] c.d.e.service.SincronizacaoService       : Ciclo finalizado. Total de atualizações enviadas: 0
2026-09-04T15:15:00.237-03:00  INFO 12340 --- [ecommerce] [scheduling-1] c.d.e.s.SincronizacaoEstoqueService      : [ESTOQUE] Lendo VW_ECOMMERCE_ESTOQUE no banco de dados...
2026-09-04T15:15:00.265-03:00  INFO 12340 --- [ecommerce] [scheduling-1] c.d.e.s.SincronizacaoEstoqueService      : [ESTOQUE] Ciclo finalizado. Total de atualizações enviadas: 0
2026-09-04T15:15:59.999-03:00  INFO 12340 --- [ecommerce] [scheduling-1] c.d.e.service.SincronizacaoService       : Lendo VW_ECOMMERCE_PRECOS no banco de dados...
2026-09-04T15:16:00.088-03:00  INFO 12340 --- [ecommerce] [scheduling-1] c.d.e.service.SincronizacaoService       : Ciclo finalizado. Total de atualizações enviadas: 0
2026-09-04T15:16:00.089-03:00  INFO 12340 --- [ecommerce] [scheduling-1] c.d.e.s.SincronizacaoEstoqueService      : [ESTOQUE] Lendo VW_ECOMMERCE_ESTOQUE no banco de dados...
2026-09-04T15:16:00.109-03:00  INFO 12340 --- [ecommerce] [scheduling-1] c.d.e.s.SincronizacaoEstoqueService      : [ESTOQUE] Ciclo finalizado. Total de atualizações enviadas: 0
2026-09-04T15:17:00.000-03:00  INFO 12340 --- [ecommerce] [scheduling-1] c.d.e.service.SincronizacaoService       : Lendo VW_ECOMMERCE_PRECOS no banco de dados...
2026-09-04T15:17:00.250-03:00  INFO 12340 --- [ecommerce] [scheduling-1] c.d.e.service.SincronizacaoService       : Ciclo finalizado. Total de atualizações enviadas: 0
2026-09-04T15:17:00.250-03:00  INFO 12340 --- [ecommerce] [scheduling-1] c.d.e.s.SincronizacaoEstoqueService      : [ESTOQUE] Lendo VW_ECOMMERCE_ESTOQUE no banco de dados...
2026-09-04T15:17:00.302-03:00  INFO 12340 --- [ecommerce] [scheduling-1] c.d.e.s.SincronizacaoEstoqueService      : [ESTOQUE] Ciclo finalizado. Total de atualizações enviadas: 0
2026-09-04T15:18:00.000-03:00  INFO 12340 --- [ecommerce] [scheduling-1] c.d.e.service.SincronizacaoService       : Lendo VW_ECOMMERCE_PRECOS no banco de dados...
2026-09-04T15:18:00.055-03:00  INFO 12340 --- [ecommerce] [scheduling-1] c.d.e.service.SincronizacaoService       : Ciclo finalizado. Total de atualizações enviadas: 0
2026-09-04T15:18:00.056-03:00  INFO 12340 --- [ecommerce] [scheduling-1] c.d.e.s.SincronizacaoEstoqueService      : [ESTOQUE] Lendo VW_ECOMMERCE_ESTOQUE no banco de dados...
2026-09-04T15:18:00.077-03:00  INFO 12340 --- [ecommerce] [scheduling-1] c.d.e.s.SincronizacaoEstoqueService      : [ESTOQUE] Ciclo finalizado. Total de atualizações enviadas: 0
2026-09-04T15:19:00.000-03:00  INFO 12340 --- [ecommerce] [scheduling-1] c.d.e.s.SincronizacaoEstoqueService      : [ESTOQUE] Lendo VW_ECOMMERCE_ESTOQUE no banco de dados...
2026-09-04T15:19:00.068-03:00  INFO 12340 --- [ecommerce] [scheduling-1] c.d.e.s.SincronizacaoEstoqueService      : [ESTOQUE] Ciclo finalizado. Total de atualizações enviadas: 0
2026-09-04T15:19:00.069-03:00  INFO 12340 --- [ecommerce] [scheduling-1] c.d.e.service.SincronizacaoService       : Lendo VW_ECOMMERCE_PRECOS no banco de dados...
2026-09-04T15:19:00.309-03:00  INFO 12340 --- [ecommerce] [scheduling-1] c.d.e.service.SincronizacaoService       : Ciclo finalizado. Total de atualizações enviadas: 0
2026-09-04T15:20:00.000-03:00  INFO 12340 --- [ecommerce] [scheduling-1] c.d.e.s.SincronizacaoEstoqueService      : [ESTOQUE] Lendo VW_ECOMMERCE_ESTOQUE no banco de dados...
2026-09-04T15:20:00.057-03:00  INFO 12340 --- [ecommerce] [scheduling-1] c.d.e.s.SincronizacaoEstoqueService      : [ESTOQUE] Ciclo finalizado. Total de atualizações enviadas: 0
2026-09-04T15:20:00.057-03:00  INFO 12340 --- [ecommerce] [scheduling-1] c.d.e.service.SincronizacaoService       : Lendo VW_ECOMMERCE_PRECOS no banco de dados...
2026-09-04T15:20:00.332-03:00  INFO 12340 --- [ecommerce] [scheduling-1] c.d.e.service.SincronizacaoService       : Ciclo finalizado. Total de atualizações enviadas: 0
2026-09-04T15:21:00.000-03:00  INFO 12340 --- [ecommerce] [scheduling-1] c.d.e.service.SincronizacaoService       : Lendo VW_ECOMMERCE_PRECOS no banco de dados...
2026-09-04T15:21:00.114-03:00  INFO 12340 --- [ecommerce] [scheduling-1] c.d.e.service.SincronizacaoService       : Ciclo finalizado. Total de atualizações enviadas: 0
2026-09-04T15:21:00.114-03:00  INFO 12340 --- [ecommerce] [scheduling-1] c.d.e.s.SincronizacaoEstoqueService      : [ESTOQUE] Lendo VW_ECOMMERCE_ESTOQUE no banco de dados...
2026-09-04T15:21:00.180-03:00  INFO 12340 --- [ecommerce] [scheduling-1] c.d.e.s.SincronizacaoEstoqueService      : [ESTOQUE] Ciclo finalizado. Total de atualizações enviadas: 0
2026-09-04T15:22:00.000-03:00  INFO 12340 --- [ecommerce] [scheduling-1] c.d.e.s.SincronizacaoEstoqueService      : [ESTOQUE] Lendo VW_ECOMMERCE_ESTOQUE no banco de dados...
2026-09-04T15:22:00.125-03:00  INFO 12340 --- [ecommerce] [scheduling-1] c.d.e.s.SincronizacaoEstoqueService      : [ESTOQUE] Ciclo finalizado. Total de atualizações enviadas: 0
2026-09-04T15:22:00.125-03:00  INFO 12340 --- [ecommerce] [scheduling-1] c.d.e.service.SincronizacaoService       : Lendo VW_ECOMMERCE_PRECOS no banco de dados...
2026-09-04T15:22:00.796-03:00  INFO 12340 --- [ecommerce] [scheduling-1] c.d.e.service.SincronizacaoService       : Ciclo finalizado. Total de atualizações enviadas: 0
2026-09-04T15:23:00.000-03:00  INFO 12340 --- [ecommerce] [scheduling-1] c.d.e.service.SincronizacaoService       : Lendo VW_ECOMMERCE_PRECOS no banco de dados...
2026-09-04T15:23:00.112-03:00  INFO 12340 --- [ecommerce] [scheduling-1] c.d.e.service.SincronizacaoService       : Ciclo finalizado. Total de atualizações enviadas: 0
2026-09-04T15:23:00.113-03:00  INFO 12340 --- [ecommerce] [scheduling-1] c.d.e.s.SincronizacaoEstoqueService      : [ESTOQUE] Lendo VW_ECOMMERCE_ESTOQUE no banco de dados...
2026-09-04T15:23:00.137-03:00  INFO 12340 --- [ecommerce] [scheduling-1] c.d.e.s.SincronizacaoEstoqueService      : [ESTOQUE] Ciclo finalizado. Total de atualizações enviadas: 0
2026-09-04T15:24:00.000-03:00  INFO 12340 --- [ecommerce] [scheduling-1] c.d.e.s.SincronizacaoEstoqueService      : [ESTOQUE] Lendo VW_ECOMMERCE_ESTOQUE no banco de dados...
2026-09-04T15:24:00.057-03:00  INFO 12340 --- [ecommerce] [scheduling-1] c.d.e.s.SincronizacaoEstoqueService      : [ESTOQUE] Ciclo finalizado. Total de atualizações enviadas: 0
2026-09-04T15:24:00.057-03:00  INFO 12340 --- [ecommerce] [scheduling-1] c.d.e.service.SincronizacaoService       : Lendo VW_ECOMMERCE_PRECOS no banco de dados...
2026-09-04T15:24:00.332-03:00  INFO 12340 --- [ecommerce] [scheduling-1] c.d.e.service.SincronizacaoService       : Ciclo finalizado. Total de atualizações enviadas: 0
2026-09-04T15:25:00.000-03:00  INFO 12340 --- [ecommerce] [scheduling-1] c.d.e.s.SincronizacaoEstoqueService      : [ESTOQUE] Lendo VW_ECOMMERCE_ESTOQUE no banco de dados...
2026-09-04T15:25:00.057-03:00  INFO 12340 --- [ecommerce] [scheduling-1] c.d.e.s.SincronizacaoEstoqueService      : [ESTOQUE] Ciclo finalizado. Total de atualizações enviadas: 0
2026-09-04T15:25:00.058-03:00  INFO 12340 --- [ecommerce] [scheduling-1] c.d.e.service.SincronizacaoService       : Lendo VW_ECOMMERCE_PRECOS no banco de dados...
2026-09-04T15:25:00.118-03:00  INFO 12340 --- [ecommerce] [scheduling-1] c.d.e.service.SincronizacaoService       : Ciclo finalizado. Total de atualizações enviadas: 0
2026-09-04T15:26:00.000-03:00  INFO 12340 --- [ecommerce] [scheduling-1] c.d.e.service.SincronizacaoService       : Lendo VW_ECOMMERCE_PRECOS no banco de dados...
2026-09-04T15:26:00.200-03:00  INFO 12340 --- [ecommerce] [scheduling-1] c.d.e.service.SincronizacaoService       : Ciclo finalizado. Total de atualizações enviadas: 0
2026-09-04T15:26:00.200-03:00  INFO 12340 --- [ecommerce] [scheduling-1] c.d.e.s.SincronizacaoEstoqueService      : [ESTOQUE] Lendo VW_ECOMMERCE_ESTOQUE no banco de dados...
2026-09-04T15:26:00.241-03:00  INFO 12340 --- [ecommerce] [scheduling-1] c.d.e.s.SincronizacaoEstoqueService      : [ESTOQUE] Ciclo finalizado. Total de atualizações enviadas: 0
2026-09-04T15:27:00.001-03:00  INFO 12340 --- [ecommerce] [scheduling-1] c.d.e.s.SincronizacaoEstoqueService      : [ESTOQUE] Lendo VW_ECOMMERCE_ESTOQUE no banco de dados...
2026-09-04T15:27:00.084-03:00  INFO 12340 --- [ecommerce] [scheduling-1] c.d.e.s.SincronizacaoEstoqueService      : [ESTOQUE] Ciclo finalizado. Total de atualizações enviadas: 0
2026-09-04T15:27:00.084-03:00  INFO 12340 --- [ecommerce] [scheduling-1] c.d.e.service.SincronizacaoService       : Lendo VW_ECOMMERCE_PRECOS no banco de dados...
2026-09-04T15:27:00.170-03:00  INFO 12340 --- [ecommerce] [scheduling-1] c.d.e.service.SincronizacaoService       : Ciclo finalizado. Total de atualizações enviadas: 0
2026-09-04T15:27:59.999-03:00  INFO 12340 --- [ecommerce] [scheduling-1] c.d.e.service.SincronizacaoService       : Lendo VW_ECOMMERCE_PRECOS no banco de dados...
2026-09-04T15:28:00.245-03:00  INFO 12340 --- [ecommerce] [scheduling-1] c.d.e.service.SincronizacaoService       : Ciclo finalizado. Total de atualizações enviadas: 0
2026-09-04T15:28:00.246-03:00  INFO 12340 --- [ecommerce] [scheduling-1] c.d.e.s.SincronizacaoEstoqueService      : [ESTOQUE] Lendo VW_ECOMMERCE_ESTOQUE no banco de dados...
2026-09-04T15:28:00.283-03:00  INFO 12340 --- [ecommerce] [scheduling-1] c.d.e.s.SincronizacaoEstoqueService      : [ESTOQUE] Ciclo finalizado. Total de atualizações enviadas: 0
2026-09-04T15:28:59.999-03:00  INFO 12340 --- [ecommerce] [scheduling-1] c.d.e.s.SincronizacaoEstoqueService      : [ESTOQUE] Lendo VW_ECOMMERCE_ESTOQUE no banco de dados...
2026-09-04T15:29:00.058-03:00  INFO 12340 --- [ecommerce] [scheduling-1] c.d.e.s.SincronizacaoEstoqueService      : [ESTOQUE] Ciclo finalizado. Total de atualizações enviadas: 0
2026-09-04T15:29:00.059-03:00  INFO 12340 --- [ecommerce] [scheduling-1] c.d.e.service.SincronizacaoService       : Lendo VW_ECOMMERCE_PRECOS no banco de dados...
2026-09-04T15:29:00.123-03:00  INFO 12340 --- [ecommerce] [scheduling-1] c.d.e.service.SincronizacaoService       : Ciclo finalizado. Total de atualizações enviadas: 0
2026-09-04T15:30:00.000-03:00  INFO 12340 --- [ecommerce] [scheduling-1] c.d.e.s.SincronizacaoEstoqueService      : [ESTOQUE] Lendo VW_ECOMMERCE_ESTOQUE no banco de dados...
2026-09-04T15:30:00.055-03:00  INFO 12340 --- [ecommerce] [scheduling-1] c.d.e.s.SincronizacaoEstoqueService      : [ESTOQUE] Ciclo finalizado. Total de atualizações enviadas: 0
2026-09-04T15:30:00.055-03:00  INFO 12340 --- [ecommerce] [scheduling-1] c.d.e.service.SincronizacaoService       : Lendo VW_ECOMMERCE_PRECOS no banco de dados...
2026-09-04T15:30:00.131-03:00  INFO 12340 --- [ecommerce] [scheduling-1] c.d.e.service.SincronizacaoService       : Ciclo finalizado. Total de atualizações enviadas: 0
2026-09-04T15:31:00.000-03:00  INFO 12340 --- [ecommerce] [scheduling-1] c.d.e.s.SincronizacaoEstoqueService      : [ESTOQUE] Lendo VW_ECOMMERCE_ESTOQUE no banco de dados...
2026-09-04T15:31:00.160-03:00  INFO 12340 --- [ecommerce] [scheduling-1] c.d.e.s.SincronizacaoEstoqueService      : [ESTOQUE] Ciclo finalizado. Total de atualizações enviadas: 0
2026-09-04T15:31:00.160-03:00  INFO 12340 --- [ecommerce] [scheduling-1] c.d.e.service.SincronizacaoService       : Lendo VW_ECOMMERCE_PRECOS no banco de dados...
2026-09-04T15:31:01.146-03:00  INFO 12340 --- [ecommerce] [scheduling-1] c.d.e.service.SincronizacaoService       : Ciclo finalizado. Total de atualizações enviadas: 0
2026-09-04T15:32:00.000-03:00  INFO 12340 --- [ecommerce] [scheduling-1] c.d.e.service.SincronizacaoService       : Lendo VW_ECOMMERCE_PRECOS no banco de dados...
2026-09-04T15:32:00.064-03:00  INFO 12340 --- [ecommerce] [scheduling-1] c.d.e.service.SincronizacaoService       : Ciclo finalizado. Total de atualizações enviadas: 0
2026-09-04T15:32:00.064-03:00  INFO 12340 --- [ecommerce] [scheduling-1] c.d.e.s.SincronizacaoEstoqueService      : [ESTOQUE] Lendo VW_ECOMMERCE_ESTOQUE no banco de dados...
2026-09-04T15:32:00.084-03:00  INFO 12340 --- [ecommerce] [scheduling-1] c.d.e.s.SincronizacaoEstoqueService      : [ESTOQUE] Ciclo finalizado. Total de atualizações enviadas: 0
2026-09-04T15:32:59.999-03:00  INFO 12340 --- [ecommerce] [scheduling-1] c.d.e.service.SincronizacaoService       : Lendo VW_ECOMMERCE_PRECOS no banco de dados...
2026-09-04T15:33:00.052-03:00  INFO 12340 --- [ecommerce] [scheduling-1] c.d.e.service.SincronizacaoService       : Ciclo finalizado. Total de atualizações enviadas: 0
2026-09-04T15:33:00.052-03:00  INFO 12340 --- [ecommerce] [scheduling-1] c.d.e.s.SincronizacaoEstoqueService      : [ESTOQUE] Lendo VW_ECOMMERCE_ESTOQUE no banco de dados...
2026-09-04T15:33:00.074-03:00  INFO 12340 --- [ecommerce] [scheduling-1] c.d.e.s.SincronizacaoEstoqueService      : [ESTOQUE] Ciclo finalizado. Total de atualizações enviadas: 0
2026-09-04T15:34:00.000-03:00  INFO 12340 --- [ecommerce] [scheduling-1] c.d.e.s.SincronizacaoEstoqueService      : [ESTOQUE] Lendo VW_ECOMMERCE_ESTOQUE no banco de dados...
2026-09-04T15:34:00.083-03:00  INFO 12340 --- [ecommerce] [scheduling-1] c.d.e.s.SincronizacaoEstoqueService      : [ESTOQUE] Ciclo finalizado. Total de atualizações enviadas: 0
2026-09-04T15:34:00.083-03:00  INFO 12340 --- [ecommerce] [scheduling-1] c.d.e.service.SincronizacaoService       : Lendo VW_ECOMMERCE_PRECOS no banco de dados...
2026-09-04T15:34:00.153-03:00  INFO 12340 --- [ecommerce] [scheduling-1] c.d.e.service.SincronizacaoService       : Ciclo finalizado. Total de atualizações enviadas: 0
2026-09-04T15:34:59.999-03:00  INFO 12340 --- [ecommerce] [scheduling-1] c.d.e.service.SincronizacaoService       : Lendo VW_ECOMMERCE_PRECOS no banco de dados...
2026-09-04T15:35:00.095-03:00  INFO 12340 --- [ecommerce] [scheduling-1] c.d.e.service.SincronizacaoService       : Ciclo finalizado. Total de atualizações enviadas: 0
2026-09-04T15:35:00.095-03:00  INFO 12340 --- [ecommerce] [scheduling-1] c.d.e.s.SincronizacaoEstoqueService      : [ESTOQUE] Lendo VW_ECOMMERCE_ESTOQUE no banco de dados...
2026-09-04T15:35:00.122-03:00  INFO 12340 --- [ecommerce] [scheduling-1] c.d.e.s.SincronizacaoEstoqueService      : [ESTOQUE] Ciclo finalizado. Total de atualizações enviadas: 0
2026-09-04T15:36:00.000-03:00  INFO 12340 --- [ecommerce] [scheduling-1] c.d.e.service.SincronizacaoService       : Lendo VW_ECOMMERCE_PRECOS no banco de dados...
2026-09-04T15:36:00.116-03:00  INFO 12340 --- [ecommerce] [scheduling-1] c.d.e.service.SincronizacaoService       : Ciclo finalizado. Total de atualizações enviadas: 0
2026-09-04T15:36:00.116-03:00  INFO 12340 --- [ecommerce] [scheduling-1] c.d.e.s.SincronizacaoEstoqueService      : [ESTOQUE] Lendo VW_ECOMMERCE_ESTOQUE no banco de dados...
2026-09-04T15:36:00.138-03:00  INFO 12340 --- [ecommerce] [scheduling-1] c.d.e.s.SincronizacaoEstoqueService      : [ESTOQUE] Ciclo finalizado. Total de atualizações enviadas: 0
2026-09-04T15:37:00.000-03:00  INFO 12340 --- [ecommerce] [scheduling-1] c.d.e.service.SincronizacaoService       : Lendo VW_ECOMMERCE_PRECOS no banco de dados...
2026-09-04T15:37:00.134-03:00  INFO 12340 --- [ecommerce] [scheduling-1] c.d.e.service.SincronizacaoService       : Ciclo finalizado. Total de atualizações enviadas: 0
2026-09-04T15:37:00.134-03:00  INFO 12340 --- [ecommerce] [scheduling-1] c.d.e.s.SincronizacaoEstoqueService      : [ESTOQUE] Lendo VW_ECOMMERCE_ESTOQUE no banco de dados...
2026-09-04T15:37:00.159-03:00  INFO 12340 --- [ecommerce] [scheduling-1] c.d.e.s.SincronizacaoEstoqueService      : [ESTOQUE] Ciclo finalizado. Total de atualizações enviadas: 0
2026-09-04T15:38:00.001-03:00  INFO 12340 --- [ecommerce] [scheduling-1] c.d.e.service.SincronizacaoService       : Lendo VW_ECOMMERCE_PRECOS no banco de dados...
2026-09-04T15:38:00.293-03:00  INFO 12340 --- [ecommerce] [scheduling-1] c.d.e.service.SincronizacaoService       : Ciclo finalizado. Total de atualizações enviadas: 0
2026-09-04T15:38:00.293-03:00  INFO 12340 --- [ecommerce] [scheduling-1] c.d.e.s.SincronizacaoEstoqueService      : [ESTOQUE] Lendo VW_ECOMMERCE_ESTOQUE no banco de dados...
2026-09-04T15:38:00.315-03:00  INFO 12340 --- [ecommerce] [scheduling-1] c.d.e.s.SincronizacaoEstoqueService      : [ESTOQUE] Ciclo finalizado. Total de atualizações enviadas: 0
2026-09-04T15:39:00.000-03:00  INFO 12340 --- [ecommerce] [scheduling-1] c.d.e.service.SincronizacaoService       : Lendo VW_ECOMMERCE_PRECOS no banco de dados...
2026-09-04T15:39:00.211-03:00  INFO 12340 --- [ecommerce] [scheduling-1] c.d.e.service.SincronizacaoService       : Ciclo finalizado. Total de atualizações enviadas: 0
2026-09-04T15:39:00.212-03:00  INFO 12340 --- [ecommerce] [scheduling-1] c.d.e.s.SincronizacaoEstoqueService      : [ESTOQUE] Lendo VW_ECOMMERCE_ESTOQUE no banco de dados...
2026-09-04T15:39:00.251-03:00  INFO 12340 --- [ecommerce] [scheduling-1] c.d.e.s.SincronizacaoEstoqueService      : [ESTOQUE] Ciclo finalizado. Total de atualizações enviadas: 0
2026-09-04T15:40:00.000-03:00  INFO 12340 --- [ecommerce] [scheduling-1] c.d.e.s.SincronizacaoEstoqueService      : [ESTOQUE] Lendo VW_ECOMMERCE_ESTOQUE no banco de dados...
2026-09-04T15:40:00.058-03:00  INFO 12340 --- [ecommerce] [scheduling-1] c.d.e.s.SincronizacaoEstoqueService      : [ESTOQUE] Ciclo finalizado. Total de atualizações enviadas: 0
2026-09-04T15:40:00.058-03:00  INFO 12340 --- [ecommerce] [scheduling-1] c.d.e.service.SincronizacaoService       : Lendo VW_ECOMMERCE_PRECOS no banco de dados...
2026-09-04T15:40:00.191-03:00  INFO 12340 --- [ecommerce] [scheduling-1] c.d.e.service.SincronizacaoService       : Ciclo finalizado. Total de atualizações enviadas: 0
2026-09-04T15:41:00.000-03:00  INFO 12340 --- [ecommerce] [scheduling-1] c.d.e.service.SincronizacaoService       : Lendo VW_ECOMMERCE_PRECOS no banco de dados...
2026-09-04T15:41:00.415-03:00  INFO 12340 --- [ecommerce] [scheduling-1] c.d.e.service.SincronizacaoService       : Ciclo finalizado. Total de atualizações enviadas: 0
2026-09-04T15:41:00.415-03:00  INFO 12340 --- [ecommerce] [scheduling-1] c.d.e.s.SincronizacaoEstoqueService      : [ESTOQUE] Lendo VW_ECOMMERCE_ESTOQUE no banco de dados...
2026-09-04T15:41:00.471-03:00  INFO 12340 --- [ecommerce] [scheduling-1] c.d.e.s.SincronizacaoEstoqueService      : [ESTOQUE] Ciclo finalizado. Total de atualizações enviadas: 0
2026-09-04T15:42:00.000-03:00  INFO 12340 --- [ecommerce] [scheduling-1] c.d.e.s.SincronizacaoEstoqueService      : [ESTOQUE] Lendo VW_ECOMMERCE_ESTOQUE no banco de dados...
2026-09-04T15:42:00.042-03:00  INFO 12340 --- [ecommerce] [scheduling-1] c.d.e.s.SincronizacaoEstoqueService      : [ESTOQUE] Ciclo finalizado. Total de atualizações enviadas: 0
2026-09-04T15:42:00.042-03:00  INFO 12340 --- [ecommerce] [scheduling-1] c.d.e.service.SincronizacaoService       : Lendo VW_ECOMMERCE_PRECOS no banco de dados...
2026-09-04T15:42:00.110-03:00  INFO 12340 --- [ecommerce] [scheduling-1] c.d.e.service.SincronizacaoService       : Ciclo finalizado. Total de atualizações enviadas: 0
2026-09-04T15:43:00.000-03:00  INFO 12340 --- [ecommerce] [scheduling-1] c.d.e.service.SincronizacaoService       : Lendo VW_ECOMMERCE_PRECOS no banco de dados...
2026-09-04T15:43:00.122-03:00  INFO 12340 --- [ecommerce] [scheduling-1] c.d.e.service.SincronizacaoService       : Ciclo finalizado. Total de atualizações enviadas: 0
2026-09-04T15:43:00.122-03:00  INFO 12340 --- [ecommerce] [scheduling-1] c.d.e.s.SincronizacaoEstoqueService      : [ESTOQUE] Lendo VW_ECOMMERCE_ESTOQUE no banco de dados...
2026-09-04T15:43:00.142-03:00  INFO 12340 --- [ecommerce] [scheduling-1] c.d.e.s.SincronizacaoEstoqueService      : [ESTOQUE] Ciclo finalizado. Total de atualizações enviadas: 0
2026-09-04T15:44:00.000-03:00  INFO 12340 --- [ecommerce] [scheduling-1] c.d.e.service.SincronizacaoService       : Lendo VW_ECOMMERCE_PRECOS no banco de dados...
2026-09-04T15:44:00.191-03:00  INFO 12340 --- [ecommerce] [scheduling-1] c.d.e.service.SincronizacaoService       : Ciclo finalizado. Total de atualizações enviadas: 0
2026-09-04T15:44:00.192-03:00  INFO 12340 --- [ecommerce] [scheduling-1] c.d.e.s.SincronizacaoEstoqueService      : [ESTOQUE] Lendo VW_ECOMMERCE_ESTOQUE no banco de dados...
2026-09-04T15:44:00.221-03:00  INFO 12340 --- [ecommerce] [scheduling-1] c.d.e.s.SincronizacaoEstoqueService      : [ESTOQUE] Ciclo finalizado. Total de atualizações enviadas: 0
2026-09-04T15:45:00.000-03:00  INFO 12340 --- [ecommerce] [scheduling-1] c.d.e.s.SincronizacaoEstoqueService      : [ESTOQUE] Lendo VW_ECOMMERCE_ESTOQUE no banco de dados...
2026-09-04T15:45:00.064-03:00  INFO 12340 --- [ecommerce] [scheduling-1] c.d.e.s.SincronizacaoEstoqueService      : [ESTOQUE] Ciclo finalizado. Total de atualizações enviadas: 0
2026-09-04T15:45:00.065-03:00  INFO 12340 --- [ecommerce] [scheduling-1] c.d.e.service.SincronizacaoService       : Lendo VW_ECOMMERCE_PRECOS no banco de dados...
2026-09-04T15:45:00.110-03:00  INFO 12340 --- [ecommerce] [scheduling-1] c.d.e.service.SincronizacaoService       : Ciclo finalizado. Total de atualizações enviadas: 0
2026-09-04T15:45:59.999-03:00  INFO 12340 --- [ecommerce] [scheduling-1] c.d.e.s.SincronizacaoEstoqueService      : [ESTOQUE] Lendo VW_ECOMMERCE_ESTOQUE no banco de dados...
2026-09-04T15:46:00.047-03:00  INFO 12340 --- [ecommerce] [scheduling-1] c.d.e.s.SincronizacaoEstoqueService      : [ESTOQUE] Ciclo finalizado. Total de atualizações enviadas: 0
2026-09-04T15:46:00.047-03:00  INFO 12340 --- [ecommerce] [scheduling-1] c.d.e.service.SincronizacaoService       : Lendo VW_ECOMMERCE_PRECOS no banco de dados...
2026-09-04T15:46:00.116-03:00  INFO 12340 --- [ecommerce] [scheduling-1] c.d.e.service.SincronizacaoService       : Ciclo finalizado. Total de atualizações enviadas: 0
2026-09-04T15:47:00.001-03:00  INFO 12340 --- [ecommerce] [scheduling-1] c.d.e.s.SincronizacaoEstoqueService      : [ESTOQUE] Lendo VW_ECOMMERCE_ESTOQUE no banco de dados...
2026-09-04T15:47:00.055-03:00  INFO 12340 --- [ecommerce] [scheduling-1] c.d.e.s.SincronizacaoEstoqueService      : [ESTOQUE] Ciclo finalizado. Total de atualizações enviadas: 0
2026-09-04T15:47:00.055-03:00  INFO 12340 --- [ecommerce] [scheduling-1] c.d.e.service.SincronizacaoService       : Lendo VW_ECOMMERCE_PRECOS no banco de dados...
2026-09-04T15:47:00.193-03:00  INFO 12340 --- [ecommerce] [scheduling-1] c.d.e.service.SincronizacaoService       : Ciclo finalizado. Total de atualizações enviadas: 0
2026-09-04T15:48:00.000-03:00  INFO 12340 --- [ecommerce] [scheduling-1] c.d.e.service.SincronizacaoService       : Lendo VW_ECOMMERCE_PRECOS no banco de dados...
2026-09-04T15:48:00.265-03:00  INFO 12340 --- [ecommerce] [scheduling-1] c.d.e.service.SincronizacaoService       : Ciclo finalizado. Total de atualizações enviadas: 0
2026-09-04T15:48:00.265-03:00  INFO 12340 --- [ecommerce] [scheduling-1] c.d.e.s.SincronizacaoEstoqueService      : [ESTOQUE] Lendo VW_ECOMMERCE_ESTOQUE no banco de dados...
2026-09-04T15:48:00.313-03:00  INFO 12340 --- [ecommerce] [scheduling-1] c.d.e.s.SincronizacaoEstoqueService      : [ESTOQUE] Ciclo finalizado. Total de atualizações enviadas: 0
2026-09-04T15:49:00.000-03:00  INFO 12340 --- [ecommerce] [scheduling-1] c.d.e.service.SincronizacaoService       : Lendo VW_ECOMMERCE_PRECOS no banco de dados...
2026-09-04T15:49:00.101-03:00  INFO 12340 --- [ecommerce] [scheduling-1] c.d.e.service.SincronizacaoService       : Ciclo finalizado. Total de atualizações enviadas: 0
2026-09-04T15:49:00.101-03:00  INFO 12340 --- [ecommerce] [scheduling-1] c.d.e.s.SincronizacaoEstoqueService      : [ESTOQUE] Lendo VW_ECOMMERCE_ESTOQUE no banco de dados...
2026-09-04T15:49:00.123-03:00  INFO 12340 --- [ecommerce] [scheduling-1] c.d.e.s.SincronizacaoEstoqueService      : [ESTOQUE] Ciclo finalizado. Total de atualizações enviadas: 0
2026-09-04T15:50:00.000-03:00  INFO 12340 --- [ecommerce] [scheduling-1] c.d.e.s.SincronizacaoEstoqueService      : [ESTOQUE] Lendo VW_ECOMMERCE_ESTOQUE no banco de dados...
2026-09-04T15:50:00.057-03:00  INFO 12340 --- [ecommerce] [scheduling-1] c.d.e.s.SincronizacaoEstoqueService      : [ESTOQUE] Ciclo finalizado. Total de atualizações enviadas: 0
2026-09-04T15:50:00.057-03:00  INFO 12340 --- [ecommerce] [scheduling-1] c.d.e.service.SincronizacaoService       : Lendo VW_ECOMMERCE_PRECOS no banco de dados...
2026-09-04T15:50:00.102-03:00  INFO 12340 --- [ecommerce] [scheduling-1] c.d.e.service.SincronizacaoService       : Ciclo finalizado. Total de atualizações enviadas: 0
2026-09-04T15:51:00.000-03:00  INFO 12340 --- [ecommerce] [scheduling-1] c.d.e.s.SincronizacaoEstoqueService      : [ESTOQUE] Lendo VW_ECOMMERCE_ESTOQUE no banco de dados...
2026-09-04T15:51:00.093-03:00  INFO 12340 --- [ecommerce] [scheduling-1] c.d.e.s.SincronizacaoEstoqueService      : [ESTOQUE] Ciclo finalizado. Total de atualizações enviadas: 0
2026-09-04T15:51:00.093-03:00  INFO 12340 --- [ecommerce] [scheduling-1] c.d.e.service.SincronizacaoService       : Lendo VW_ECOMMERCE_PRECOS no banco de dados...
2026-09-04T15:51:00.212-03:00  INFO 12340 --- [ecommerce] [scheduling-1] c.d.e.service.SincronizacaoService       : Ciclo finalizado. Total de atualizações enviadas: 0
2026-09-04T15:52:00.000-03:00  INFO 12340 --- [ecommerce] [scheduling-1] c.d.e.s.SincronizacaoEstoqueService      : [ESTOQUE] Lendo VW_ECOMMERCE_ESTOQUE no banco de dados...
2026-09-04T15:52:00.045-03:00  INFO 12340 --- [ecommerce] [scheduling-1] c.d.e.s.SincronizacaoEstoqueService      : [ESTOQUE] Ciclo finalizado. Total de atualizações enviadas: 0
2026-09-04T15:52:00.045-03:00  INFO 12340 --- [ecommerce] [scheduling-1] c.d.e.service.SincronizacaoService       : Lendo VW_ECOMMERCE_PRECOS no banco de dados...
2026-09-04T15:52:00.094-03:00  INFO 12340 --- [ecommerce] [scheduling-1] c.d.e.service.SincronizacaoService       : Ciclo finalizado. Total de atualizações enviadas: 0
2026-09-04T15:53:00.000-03:00  INFO 12340 --- [ecommerce] [scheduling-1] c.d.e.s.SincronizacaoEstoqueService      : [ESTOQUE] Lendo VW_ECOMMERCE_ESTOQUE no banco de dados...
2026-09-04T15:53:00.097-03:00  INFO 12340 --- [ecommerce] [scheduling-1] c.d.e.s.SincronizacaoEstoqueService      : [ESTOQUE] Ciclo finalizado. Total de atualizações enviadas: 0
2026-09-04T15:53:00.098-03:00  INFO 12340 --- [ecommerce] [scheduling-1] c.d.e.service.SincronizacaoService       : Lendo VW_ECOMMERCE_PRECOS no banco de dados...
2026-09-04T15:53:00.396-03:00  INFO 12340 --- [ecommerce] [scheduling-1] c.d.e.service.SincronizacaoService       : Ciclo finalizado. Total de atualizações enviadas: 0
2026-09-04T15:54:00.001-03:00  INFO 12340 --- [ecommerce] [scheduling-1] c.d.e.s.SincronizacaoEstoqueService      : [ESTOQUE] Lendo VW_ECOMMERCE_ESTOQUE no banco de dados...
2026-09-04T15:54:00.065-03:00  INFO 12340 --- [ecommerce] [scheduling-1] c.d.e.s.SincronizacaoEstoqueService      : [ESTOQUE] Ciclo finalizado. Total de atualizações enviadas: 0
2026-09-04T15:54:00.065-03:00  INFO 12340 --- [ecommerce] [scheduling-1] c.d.e.service.SincronizacaoService       : Lendo VW_ECOMMERCE_PRECOS no banco de dados...
2026-09-04T15:54:00.309-03:00  INFO 12340 --- [ecommerce] [scheduling-1] c.d.e.service.SincronizacaoService       : Ciclo finalizado. Total de atualizações enviadas: 0
2026-09-04T15:55:00.001-03:00  INFO 12340 --- [ecommerce] [scheduling-1] c.d.e.s.SincronizacaoEstoqueService      : [ESTOQUE] Lendo VW_ECOMMERCE_ESTOQUE no banco de dados...
2026-09-04T15:55:00.066-03:00  INFO 12340 --- [ecommerce] [scheduling-1] c.d.e.s.SincronizacaoEstoqueService      : [ESTOQUE] Ciclo finalizado. Total de atualizações enviadas: 0
2026-09-04T15:55:00.066-03:00  INFO 12340 --- [ecommerce] [scheduling-1] c.d.e.service.SincronizacaoService       : Lendo VW_ECOMMERCE_PRECOS no banco de dados...
2026-09-04T15:55:00.216-03:00  INFO 12340 --- [ecommerce] [scheduling-1] c.d.e.service.SincronizacaoService       : Ciclo finalizado. Total de atualizações enviadas: 0
2026-09-04T15:56:00.001-03:00  INFO 12340 --- [ecommerce] [scheduling-1] c.d.e.s.SincronizacaoEstoqueService      : [ESTOQUE] Lendo VW_ECOMMERCE_ESTOQUE no banco de dados...
2026-09-04T15:56:00.051-03:00  INFO 12340 --- [ecommerce] [scheduling-1] c.d.e.s.SincronizacaoEstoqueService      : [ESTOQUE] Ciclo finalizado. Total de atualizações enviadas: 0
2026-09-04T15:56:00.051-03:00  INFO 12340 --- [ecommerce] [scheduling-1] c.d.e.service.SincronizacaoService       : Lendo VW_ECOMMERCE_PRECOS no banco de dados...
2026-09-04T15:56:00.210-03:00  INFO 12340 --- [ecommerce] [scheduling-1] c.d.e.service.SincronizacaoService       : Ciclo finalizado. Total de atualizações enviadas: 0
2026-09-04T15:57:00.000-03:00  INFO 12340 --- [ecommerce] [scheduling-1] c.d.e.s.SincronizacaoEstoqueService      : [ESTOQUE] Lendo VW_ECOMMERCE_ESTOQUE no banco de dados...
2026-09-04T15:57:00.053-03:00  INFO 12340 --- [ecommerce] [scheduling-1] c.d.e.s.SincronizacaoEstoqueService      : [ESTOQUE] Ciclo finalizado. Total de atualizações enviadas: 0
2026-09-04T15:57:00.054-03:00  INFO 12340 --- [ecommerce] [scheduling-1] c.d.e.service.SincronizacaoService       : Lendo VW_ECOMMERCE_PRECOS no banco de dados...
2026-09-04T15:57:00.100-03:00  INFO 12340 --- [ecommerce] [scheduling-1] c.d.e.service.SincronizacaoService       : Ciclo finalizado. Total de atualizações enviadas: 0
2026-09-04T15:57:59.999-03:00  INFO 12340 --- [ecommerce] [scheduling-1] c.d.e.s.SincronizacaoEstoqueService      : [ESTOQUE] Lendo VW_ECOMMERCE_ESTOQUE no banco de dados...
2026-09-04T15:58:00.081-03:00  INFO 12340 --- [ecommerce] [scheduling-1] c.d.e.s.SincronizacaoEstoqueService      : [ESTOQUE] Ciclo finalizado. Total de atualizações enviadas: 0
2026-09-04T15:58:00.081-03:00  INFO 12340 --- [ecommerce] [scheduling-1] c.d.e.service.SincronizacaoService       : Lendo VW_ECOMMERCE_PRECOS no banco de dados...
2026-09-04T15:58:00.154-03:00  INFO 12340 --- [ecommerce] [scheduling-1] c.d.e.service.SincronizacaoService       : Ciclo finalizado. Total de atualizações enviadas: 0
2026-09-04T15:59:00.001-03:00  INFO 12340 --- [ecommerce] [scheduling-1] c.d.e.service.SincronizacaoService       : Lendo VW_ECOMMERCE_PRECOS no banco de dados...
2026-09-04T15:59:00.112-03:00  INFO 12340 --- [ecommerce] [scheduling-1] c.d.e.service.SincronizacaoService       : Ciclo finalizado. Total de atualizações enviadas: 0
2026-09-04T15:59:00.112-03:00  INFO 12340 --- [ecommerce] [scheduling-1] c.d.e.s.SincronizacaoEstoqueService      : [ESTOQUE] Lendo VW_ECOMMERCE_ESTOQUE no banco de dados...
2026-09-04T15:59:00.136-03:00  INFO 12340 --- [ecommerce] [scheduling-1] c.d.e.s.SincronizacaoEstoqueService      : [ESTOQUE] Ciclo finalizado. Total de atualizações enviadas: 0
2026-09-04T16:00:00.000-03:00  INFO 12340 --- [ecommerce] [scheduling-1] c.d.e.service.SincronizacaoService       : Lendo VW_ECOMMERCE_PRECOS no banco de dados...
2026-09-04T16:00:00.097-03:00  INFO 12340 --- [ecommerce] [scheduling-1] c.d.e.service.SincronizacaoService       : Ciclo finalizado. Total de atualizações enviadas: 0
2026-09-04T16:00:00.098-03:00  INFO 12340 --- [ecommerce] [scheduling-1] c.d.e.s.SincronizacaoEstoqueService      : [ESTOQUE] Lendo VW_ECOMMERCE_ESTOQUE no banco de dados...
2026-09-04T16:00:00.131-03:00  INFO 12340 --- [ecommerce] [scheduling-1] c.d.e.s.SincronizacaoEstoqueService      : [ESTOQUE] Ciclo finalizado. Total de atualizações enviadas: 0
2026-09-04T16:01:00.000-03:00  INFO 12340 --- [ecommerce] [scheduling-1] c.d.e.service.SincronizacaoService       : Lendo VW_ECOMMERCE_PRECOS no banco de dados...
2026-09-04T16:01:00.403-03:00  INFO 12340 --- [ecommerce] [scheduling-1] c.d.e.service.SincronizacaoService       : Ciclo finalizado. Total de atualizações enviadas: 0
2026-09-04T16:01:00.404-03:00  INFO 12340 --- [ecommerce] [scheduling-1] c.d.e.s.SincronizacaoEstoqueService      : [ESTOQUE] Lendo VW_ECOMMERCE_ESTOQUE no banco de dados...
2026-09-04T16:01:00.459-03:00  INFO 12340 --- [ecommerce] [scheduling-1] c.d.e.s.SincronizacaoEstoqueService      : [ESTOQUE] Ciclo finalizado. Total de atualizações enviadas: 0
2026-09-04T16:01:59.999-03:00  INFO 12340 --- [ecommerce] [scheduling-1] c.d.e.service.SincronizacaoService       : Lendo VW_ECOMMERCE_PRECOS no banco de dados...
2026-09-04T16:02:00.112-03:00  INFO 12340 --- [ecommerce] [scheduling-1] c.d.e.service.SincronizacaoService       : Ciclo finalizado. Total de atualizações enviadas: 0
2026-09-04T16:02:00.112-03:00  INFO 12340 --- [ecommerce] [scheduling-1] c.d.e.s.SincronizacaoEstoqueService      : [ESTOQUE] Lendo VW_ECOMMERCE_ESTOQUE no banco de dados...
2026-09-04T16:02:00.136-03:00  INFO 12340 --- [ecommerce] [scheduling-1] c.d.e.s.SincronizacaoEstoqueService      : [ESTOQUE] Ciclo finalizado. Total de atualizações enviadas: 0
2026-09-04T16:03:00.000-03:00  INFO 12340 --- [ecommerce] [scheduling-1] c.d.e.s.SincronizacaoEstoqueService      : [ESTOQUE] Lendo VW_ECOMMERCE_ESTOQUE no banco de dados...
2026-09-04T16:03:00.050-03:00  INFO 12340 --- [ecommerce] [scheduling-1] c.d.e.s.SincronizacaoEstoqueService      : [ESTOQUE] Ciclo finalizado. Total de atualizações enviadas: 0
2026-09-04T16:03:00.051-03:00  INFO 12340 --- [ecommerce] [scheduling-1] c.d.e.service.SincronizacaoService       : Lendo VW_ECOMMERCE_PRECOS no banco de dados...
2026-09-04T16:03:00.099-03:00  INFO 12340 --- [ecommerce] [scheduling-1] c.d.e.service.SincronizacaoService       : Ciclo finalizado. Total de atualizações enviadas: 0
2026-09-04T16:03:59.999-03:00  INFO 12340 --- [ecommerce] [scheduling-1] c.d.e.s.SincronizacaoEstoqueService      : [ESTOQUE] Lendo VW_ECOMMERCE_ESTOQUE no banco de dados...
2026-09-04T16:04:00.095-03:00  INFO 12340 --- [ecommerce] [scheduling-1] c.d.e.s.SincronizacaoEstoqueService      : [ESTOQUE] Ciclo finalizado. Total de atualizações enviadas: 0
2026-09-04T16:04:00.096-03:00  INFO 12340 --- [ecommerce] [scheduling-1] c.d.e.service.SincronizacaoService       : Lendo VW_ECOMMERCE_PRECOS no banco de dados...
2026-09-04T16:04:00.153-03:00  INFO 12340 --- [ecommerce] [scheduling-1] c.d.e.service.SincronizacaoService       : Ciclo finalizado. Total de atualizações enviadas: 0
2026-09-04T16:04:59.999-03:00  INFO 12340 --- [ecommerce] [scheduling-1] c.d.e.s.SincronizacaoEstoqueService      : [ESTOQUE] Lendo VW_ECOMMERCE_ESTOQUE no banco de dados...
2026-09-04T16:05:00.057-03:00  INFO 12340 --- [ecommerce] [scheduling-1] c.d.e.s.SincronizacaoEstoqueService      : [ESTOQUE] Ciclo finalizado. Total de atualizações enviadas: 0
2026-09-04T16:05:00.057-03:00  INFO 12340 --- [ecommerce] [scheduling-1] c.d.e.service.SincronizacaoService       : Lendo VW_ECOMMERCE_PRECOS no banco de dados...
2026-09-04T16:05:00.143-03:00  INFO 12340 --- [ecommerce] [scheduling-1] c.d.e.service.SincronizacaoService       : Ciclo finalizado. Total de atualizações enviadas: 0
2026-09-04T16:06:00.000-03:00  INFO 12340 --- [ecommerce] [scheduling-1] c.d.e.s.SincronizacaoEstoqueService      : [ESTOQUE] Lendo VW_ECOMMERCE_ESTOQUE no banco de dados...
2026-09-04T16:06:00.038-03:00  INFO 12340 --- [ecommerce] [scheduling-1] c.d.e.s.SincronizacaoEstoqueService      : [ESTOQUE] Ciclo finalizado. Total de atualizações enviadas: 0
2026-09-04T16:06:00.039-03:00  INFO 12340 --- [ecommerce] [scheduling-1] c.d.e.service.SincronizacaoService       : Lendo VW_ECOMMERCE_PRECOS no banco de dados...
2026-09-04T16:06:00.116-03:00  INFO 12340 --- [ecommerce] [scheduling-1] c.d.e.service.SincronizacaoService       : Ciclo finalizado. Total de atualizações enviadas: 0
2026-09-04T16:07:00.001-03:00  INFO 12340 --- [ecommerce] [scheduling-1] c.d.e.s.SincronizacaoEstoqueService      : [ESTOQUE] Lendo VW_ECOMMERCE_ESTOQUE no banco de dados...
2026-09-04T16:07:00.096-03:00  INFO 12340 --- [ecommerce] [scheduling-1] c.d.e.s.SincronizacaoEstoqueService      : [ESTOQUE] Ciclo finalizado. Total de atualizações enviadas: 0
2026-09-04T16:07:00.096-03:00  INFO 12340 --- [ecommerce] [scheduling-1] c.d.e.service.SincronizacaoService       : Lendo VW_ECOMMERCE_PRECOS no banco de dados...
2026-09-04T16:07:00.148-03:00  INFO 12340 --- [ecommerce] [scheduling-1] c.d.e.service.SincronizacaoService       : Ciclo finalizado. Total de atualizações enviadas: 0
2026-09-04T16:08:00.000-03:00  INFO 12340 --- [ecommerce] [scheduling-1] c.d.e.service.SincronizacaoService       : Lendo VW_ECOMMERCE_PRECOS no banco de dados...
2026-09-04T16:08:00.373-03:00  INFO 12340 --- [ecommerce] [scheduling-1] c.d.e.service.SincronizacaoService       : Ciclo finalizado. Total de atualizações enviadas: 0
2026-09-04T16:08:00.374-03:00  INFO 12340 --- [ecommerce] [scheduling-1] c.d.e.s.SincronizacaoEstoqueService      : [ESTOQUE] Lendo VW_ECOMMERCE_ESTOQUE no banco de dados...
2026-09-04T16:08:00.437-03:00  INFO 12340 --- [ecommerce] [scheduling-1] c.d.e.s.SincronizacaoEstoqueService      : [ESTOQUE] Ciclo finalizado. Total de atualizações enviadas: 0
2026-09-04T16:09:00.000-03:00  INFO 12340 --- [ecommerce] [scheduling-1] c.d.e.s.SincronizacaoEstoqueService      : [ESTOQUE] Lendo VW_ECOMMERCE_ESTOQUE no banco de dados...
2026-09-04T16:09:00.078-03:00  INFO 12340 --- [ecommerce] [scheduling-1] c.d.e.s.SincronizacaoEstoqueService      : [ESTOQUE] Ciclo finalizado. Total de atualizações enviadas: 0
2026-09-04T16:09:00.078-03:00  INFO 12340 --- [ecommerce] [scheduling-1] c.d.e.service.SincronizacaoService       : Lendo VW_ECOMMERCE_PRECOS no banco de dados...
2026-09-04T16:09:00.333-03:00  INFO 12340 --- [ecommerce] [scheduling-1] c.d.e.service.SincronizacaoService       : Ciclo finalizado. Total de atualizações enviadas: 0
2026-09-04T16:10:00.000-03:00  INFO 12340 --- [ecommerce] [scheduling-1] c.d.e.service.SincronizacaoService       : Lendo VW_ECOMMERCE_PRECOS no banco de dados...
2026-09-04T16:10:00.328-03:00  INFO 12340 --- [ecommerce] [scheduling-1] c.d.e.service.SincronizacaoService       : Ciclo finalizado. Total de atualizações enviadas: 0
2026-09-04T16:10:00.328-03:00  INFO 12340 --- [ecommerce] [scheduling-1] c.d.e.s.SincronizacaoEstoqueService      : [ESTOQUE] Lendo VW_ECOMMERCE_ESTOQUE no banco de dados...
2026-09-04T16:10:00.378-03:00  INFO 12340 --- [ecommerce] [scheduling-1] c.d.e.s.SincronizacaoEstoqueService      : [ESTOQUE] Ciclo finalizado. Total de atualizações enviadas: 0
2026-09-04T16:11:00.001-03:00  INFO 12340 --- [ecommerce] [scheduling-1] c.d.e.service.SincronizacaoService       : Lendo VW_ECOMMERCE_PRECOS no banco de dados...
2026-09-04T16:11:00.586-03:00  INFO 12340 --- [ecommerce] [scheduling-1] c.d.e.service.SincronizacaoService       : Ciclo finalizado. Total de atualizações enviadas: 0
2026-09-04T16:11:00.587-03:00  INFO 12340 --- [ecommerce] [scheduling-1] c.d.e.s.SincronizacaoEstoqueService      : [ESTOQUE] Lendo VW_ECOMMERCE_ESTOQUE no banco de dados...
2026-09-04T16:11:00.652-03:00  INFO 12340 --- [ecommerce] [scheduling-1] c.d.e.s.SincronizacaoEstoqueService      : [ESTOQUE] Ciclo finalizado. Total de atualizações enviadas: 0
2026-09-04T16:11:59.999-03:00  INFO 12340 --- [ecommerce] [scheduling-1] c.d.e.service.SincronizacaoService       : Lendo VW_ECOMMERCE_PRECOS no banco de dados...
2026-09-04T16:12:00.117-03:00  INFO 12340 --- [ecommerce] [scheduling-1] c.d.e.service.SincronizacaoService       : Ciclo finalizado. Total de atualizações enviadas: 0
2026-09-04T16:12:00.118-03:00  INFO 12340 --- [ecommerce] [scheduling-1] c.d.e.s.SincronizacaoEstoqueService      : [ESTOQUE] Lendo VW_ECOMMERCE_ESTOQUE no banco de dados...
2026-09-04T16:12:00.138-03:00  INFO 12340 --- [ecommerce] [scheduling-1] c.d.e.s.SincronizacaoEstoqueService      : [ESTOQUE] Ciclo finalizado. Total de atualizações enviadas: 0
2026-09-04T16:13:00.002-03:00  INFO 12340 --- [ecommerce] [scheduling-1] c.d.e.service.SincronizacaoService       : Lendo VW_ECOMMERCE_PRECOS no banco de dados...
2026-09-04T16:13:00.440-03:00  INFO 12340 --- [ecommerce] [scheduling-1] c.d.e.service.SincronizacaoService       : Ciclo finalizado. Total de atualizações enviadas: 0
2026-09-04T16:13:00.441-03:00  INFO 12340 --- [ecommerce] [scheduling-1] c.d.e.s.SincronizacaoEstoqueService      : [ESTOQUE] Lendo VW_ECOMMERCE_ESTOQUE no banco de dados...
2026-09-04T16:13:00.517-03:00  INFO 12340 --- [ecommerce] [scheduling-1] c.d.e.s.SincronizacaoEstoqueService      : [ESTOQUE] Ciclo finalizado. Total de atualizações enviadas: 0
2026-09-04T16:13:59.999-03:00  INFO 12340 --- [ecommerce] [scheduling-1] c.d.e.service.SincronizacaoService       : Lendo VW_ECOMMERCE_PRECOS no banco de dados...
2026-09-04T16:14:00.239-03:00  INFO 12340 --- [ecommerce] [scheduling-1] c.d.e.service.SincronizacaoService       : Ciclo finalizado. Total de atualizações enviadas: 0
2026-09-04T16:14:00.239-03:00  INFO 12340 --- [ecommerce] [scheduling-1] c.d.e.s.SincronizacaoEstoqueService      : [ESTOQUE] Lendo VW_ECOMMERCE_ESTOQUE no banco de dados...
2026-09-04T16:14:00.263-03:00  INFO 12340 --- [ecommerce] [scheduling-1] c.d.e.s.SincronizacaoEstoqueService      : [ESTOQUE] Ciclo finalizado. Total de atualizações enviadas: 0
2026-09-04T16:15:00.000-03:00  INFO 12340 --- [ecommerce] [scheduling-1] c.d.e.service.SincronizacaoService       : Lendo VW_ECOMMERCE_PRECOS no banco de dados...
2026-09-04T16:15:00.090-03:00  INFO 12340 --- [ecommerce] [scheduling-1] c.d.e.service.SincronizacaoService       : Ciclo finalizado. Total de atualizações enviadas: 0
2026-09-04T16:15:00.091-03:00  INFO 12340 --- [ecommerce] [scheduling-1] c.d.e.s.SincronizacaoEstoqueService      : [ESTOQUE] Lendo VW_ECOMMERCE_ESTOQUE no banco de dados...
2026-09-04T16:15:00.122-03:00  INFO 12340 --- [ecommerce] [scheduling-1] c.d.e.s.SincronizacaoEstoqueService      : [ESTOQUE] Ciclo finalizado. Total de atualizações enviadas: 0
2026-09-04T16:15:59.999-03:00  INFO 12340 --- [ecommerce] [scheduling-1] c.d.e.s.SincronizacaoEstoqueService      : [ESTOQUE] Lendo VW_ECOMMERCE_ESTOQUE no banco de dados...
2026-09-04T16:16:00.092-03:00  INFO 12340 --- [ecommerce] [scheduling-1] c.d.e.s.SincronizacaoEstoqueService      : [ESTOQUE] Ciclo finalizado. Total de atualizações enviadas: 0
2026-09-04T16:16:00.093-03:00  INFO 12340 --- [ecommerce] [scheduling-1] c.d.e.service.SincronizacaoService       : Lendo VW_ECOMMERCE_PRECOS no banco de dados...
2026-09-04T16:16:00.192-03:00  INFO 12340 --- [ecommerce] [scheduling-1] c.d.e.service.SincronizacaoService       : Ciclo finalizado. Total de atualizações enviadas: 0
2026-09-04T16:17:00.001-03:00  INFO 12340 --- [ecommerce] [scheduling-1] c.d.e.service.SincronizacaoService       : Lendo VW_ECOMMERCE_PRECOS no banco de dados...
2026-09-04T16:17:00.136-03:00  INFO 12340 --- [ecommerce] [scheduling-1] c.d.e.service.SincronizacaoService       : Ciclo finalizado. Total de atualizações enviadas: 0
2026-09-04T16:17:00.137-03:00  INFO 12340 --- [ecommerce] [scheduling-1] c.d.e.s.SincronizacaoEstoqueService      : [ESTOQUE] Lendo VW_ECOMMERCE_ESTOQUE no banco de dados...
2026-09-04T16:17:00.156-03:00  INFO 12340 --- [ecommerce] [scheduling-1] c.d.e.s.SincronizacaoEstoqueService      : [ESTOQUE] Ciclo finalizado. Total de atualizações enviadas: 0
2026-09-04T16:17:59.999-03:00  INFO 12340 --- [ecommerce] [scheduling-1] c.d.e.service.SincronizacaoService       : Lendo VW_ECOMMERCE_PRECOS no banco de dados...
2026-09-04T16:18:00.273-03:00  INFO 12340 --- [ecommerce] [scheduling-1] c.d.e.service.SincronizacaoService       : Ciclo finalizado. Total de atualizações enviadas: 0
2026-09-04T16:18:00.274-03:00  INFO 12340 --- [ecommerce] [scheduling-1] c.d.e.s.SincronizacaoEstoqueService      : [ESTOQUE] Lendo VW_ECOMMERCE_ESTOQUE no banco de dados...
2026-09-04T16:18:00.312-03:00  INFO 12340 --- [ecommerce] [scheduling-1] c.d.e.s.SincronizacaoEstoqueService      : [ESTOQUE] Ciclo finalizado. Total de atualizações enviadas: 0
2026-09-04T16:19:00.000-03:00  INFO 12340 --- [ecommerce] [scheduling-1] c.d.e.s.SincronizacaoEstoqueService      : [ESTOQUE] Lendo VW_ECOMMERCE_ESTOQUE no banco de dados...
2026-09-04T16:19:00.054-03:00  INFO 12340 --- [ecommerce] [scheduling-1] c.d.e.s.SincronizacaoEstoqueService      : [ESTOQUE] Ciclo finalizado. Total de atualizações enviadas: 0
2026-09-04T16:19:00.054-03:00  INFO 12340 --- [ecommerce] [scheduling-1] c.d.e.service.SincronizacaoService       : Lendo VW_ECOMMERCE_PRECOS no banco de dados...
2026-09-04T16:19:00.201-03:00  INFO 12340 --- [ecommerce] [scheduling-1] c.d.e.service.SincronizacaoService       : Ciclo finalizado. Total de atualizações enviadas: 0
2026-09-04T16:20:00.000-03:00  INFO 12340 --- [ecommerce] [scheduling-1] c.d.e.s.SincronizacaoEstoqueService      : [ESTOQUE] Lendo VW_ECOMMERCE_ESTOQUE no banco de dados...
2026-09-04T16:20:00.048-03:00  INFO 12340 --- [ecommerce] [scheduling-1] c.d.e.s.SincronizacaoEstoqueService      : [ESTOQUE] Ciclo finalizado. Total de atualizações enviadas: 0
2026-09-04T16:20:00.048-03:00  INFO 12340 --- [ecommerce] [scheduling-1] c.d.e.service.SincronizacaoService       : Lendo VW_ECOMMERCE_PRECOS no banco de dados...
2026-09-04T16:20:00.130-03:00  INFO 12340 --- [ecommerce] [scheduling-1] c.d.e.service.SincronizacaoService       : Ciclo finalizado. Total de atualizações enviadas: 0
2026-09-04T16:20:59.999-03:00  INFO 12340 --- [ecommerce] [scheduling-1] c.d.e.service.SincronizacaoService       : Lendo VW_ECOMMERCE_PRECOS no banco de dados...
2026-09-04T16:21:00.275-03:00  INFO 12340 --- [ecommerce] [scheduling-1] c.d.e.service.SincronizacaoService       : Ciclo finalizado. Total de atualizações enviadas: 0
2026-09-04T16:21:00.276-03:00  INFO 12340 --- [ecommerce] [scheduling-1] c.d.e.s.SincronizacaoEstoqueService      : [ESTOQUE] Lendo VW_ECOMMERCE_ESTOQUE no banco de dados...
2026-09-04T16:21:00.324-03:00  INFO 12340 --- [ecommerce] [scheduling-1] c.d.e.s.SincronizacaoEstoqueService      : [ESTOQUE] Ciclo finalizado. Total de atualizações enviadas: 0
2026-09-04T16:22:00.000-03:00  INFO 12340 --- [ecommerce] [scheduling-1] c.d.e.s.SincronizacaoEstoqueService      : [ESTOQUE] Lendo VW_ECOMMERCE_ESTOQUE no banco de dados...
2026-09-04T16:22:00.057-03:00  INFO 12340 --- [ecommerce] [scheduling-1] c.d.e.s.SincronizacaoEstoqueService      : [ESTOQUE] Ciclo finalizado. Total de atualizações enviadas: 0
2026-09-04T16:22:00.057-03:00  INFO 12340 --- [ecommerce] [scheduling-1] c.d.e.service.SincronizacaoService       : Lendo VW_ECOMMERCE_PRECOS no banco de dados...
2026-09-04T16:22:00.273-03:00  INFO 12340 --- [ecommerce] [scheduling-1] c.d.e.service.SincronizacaoService       : Ciclo finalizado. Total de atualizações enviadas: 0
2026-09-04T16:23:00.000-03:00  INFO 12340 --- [ecommerce] [scheduling-1] c.d.e.service.SincronizacaoService       : Lendo VW_ECOMMERCE_PRECOS no banco de dados...
2026-09-04T16:23:00.059-03:00  INFO 12340 --- [ecommerce] [scheduling-1] c.d.e.service.SincronizacaoService       : Ciclo finalizado. Total de atualizações enviadas: 0
2026-09-04T16:23:00.060-03:00  INFO 12340 --- [ecommerce] [scheduling-1] c.d.e.s.SincronizacaoEstoqueService      : [ESTOQUE] Lendo VW_ECOMMERCE_ESTOQUE no banco de dados...
2026-09-04T16:23:00.091-03:00  INFO 12340 --- [ecommerce] [scheduling-1] c.d.e.s.SincronizacaoEstoqueService      : [ESTOQUE] Ciclo finalizado. Total de atualizações enviadas: 0
2026-09-04T16:24:00.000-03:00  INFO 12340 --- [ecommerce] [scheduling-1] c.d.e.s.SincronizacaoEstoqueService      : [ESTOQUE] Lendo VW_ECOMMERCE_ESTOQUE no banco de dados...
2026-09-04T16:24:00.057-03:00  INFO 12340 --- [ecommerce] [scheduling-1] c.d.e.s.SincronizacaoEstoqueService      : [ESTOQUE] Ciclo finalizado. Total de atualizações enviadas: 0
2026-09-04T16:24:00.057-03:00  INFO 12340 --- [ecommerce] [scheduling-1] c.d.e.service.SincronizacaoService       : Lendo VW_ECOMMERCE_PRECOS no banco de dados...
2026-09-04T16:24:00.384-03:00  INFO 12340 --- [ecommerce] [scheduling-1] c.d.e.service.SincronizacaoService       : Ciclo finalizado. Total de atualizações enviadas: 0
2026-09-04T16:25:00.000-03:00  INFO 12340 --- [ecommerce] [scheduling-1] c.d.e.service.SincronizacaoService       : Lendo VW_ECOMMERCE_PRECOS no banco de dados...
2026-09-04T16:25:00.071-03:00  INFO 12340 --- [ecommerce] [scheduling-1] c.d.e.service.SincronizacaoService       : Ciclo finalizado. Total de atualizações enviadas: 0
2026-09-04T16:25:00.072-03:00  INFO 12340 --- [ecommerce] [scheduling-1] c.d.e.s.SincronizacaoEstoqueService      : [ESTOQUE] Lendo VW_ECOMMERCE_ESTOQUE no banco de dados...
2026-09-04T16:25:00.103-03:00  INFO 12340 --- [ecommerce] [scheduling-1] c.d.e.s.SincronizacaoEstoqueService      : [ESTOQUE] Ciclo finalizado. Total de atualizações enviadas: 0
2026-09-04T16:26:00.001-03:00  INFO 12340 --- [ecommerce] [scheduling-1] c.d.e.s.SincronizacaoEstoqueService      : [ESTOQUE] Lendo VW_ECOMMERCE_ESTOQUE no banco de dados...
2026-09-04T16:26:00.065-03:00  INFO 12340 --- [ecommerce] [scheduling-1] c.d.e.s.SincronizacaoEstoqueService      : [ESTOQUE] Ciclo finalizado. Total de atualizações enviadas: 0
2026-09-04T16:26:00.065-03:00  INFO 12340 --- [ecommerce] [scheduling-1] c.d.e.service.SincronizacaoService       : Lendo VW_ECOMMERCE_PRECOS no banco de dados...
2026-09-04T16:26:00.357-03:00  INFO 12340 --- [ecommerce] [scheduling-1] c.d.e.service.SincronizacaoService       : Ciclo finalizado. Total de atualizações enviadas: 0
2026-09-04T16:27:00.001-03:00  INFO 12340 --- [ecommerce] [scheduling-1] c.d.e.s.SincronizacaoEstoqueService      : [ESTOQUE] Lendo VW_ECOMMERCE_ESTOQUE no banco de dados...
2026-09-04T16:27:00.090-03:00  INFO 12340 --- [ecommerce] [scheduling-1] c.d.e.s.SincronizacaoEstoqueService      : [ESTOQUE] Ciclo finalizado. Total de atualizações enviadas: 0
2026-09-04T16:27:00.091-03:00  INFO 12340 --- [ecommerce] [scheduling-1] c.d.e.service.SincronizacaoService       : Lendo VW_ECOMMERCE_PRECOS no banco de dados...
2026-09-04T16:27:00.173-03:00  INFO 12340 --- [ecommerce] [scheduling-1] c.d.e.service.SincronizacaoService       : Ciclo finalizado. Total de atualizações enviadas: 0
2026-09-04T16:27:59.999-03:00  INFO 12340 --- [ecommerce] [scheduling-1] c.d.e.s.SincronizacaoEstoqueService      : [ESTOQUE] Lendo VW_ECOMMERCE_ESTOQUE no banco de dados...
2026-09-04T16:28:00.142-03:00  INFO 12340 --- [ecommerce] [scheduling-1] c.d.e.s.SincronizacaoEstoqueService      : [ESTOQUE] Ciclo finalizado. Total de atualizações enviadas: 0
2026-09-04T16:28:00.142-03:00  INFO 12340 --- [ecommerce] [scheduling-1] c.d.e.service.SincronizacaoService       : Lendo VW_ECOMMERCE_PRECOS no banco de dados...
2026-09-04T16:28:00.680-03:00  INFO 12340 --- [ecommerce] [scheduling-1] c.d.e.service.SincronizacaoService       : Ciclo finalizado. Total de atualizações enviadas: 0
2026-09-04T16:29:00.001-03:00  INFO 12340 --- [ecommerce] [scheduling-1] c.d.e.s.SincronizacaoEstoqueService      : [ESTOQUE] Lendo VW_ECOMMERCE_ESTOQUE no banco de dados...
2026-09-04T16:29:00.037-03:00  INFO 12340 --- [ecommerce] [scheduling-1] c.d.e.s.SincronizacaoEstoqueService      : [ESTOQUE] Ciclo finalizado. Total de atualizações enviadas: 0
2026-09-04T16:29:00.037-03:00  INFO 12340 --- [ecommerce] [scheduling-1] c.d.e.service.SincronizacaoService       : Lendo VW_ECOMMERCE_PRECOS no banco de dados...
2026-09-04T16:29:00.129-03:00  INFO 12340 --- [ecommerce] [scheduling-1] c.d.e.service.SincronizacaoService       : Ciclo finalizado. Total de atualizações enviadas: 0
2026-09-04T16:30:00.000-03:00  INFO 12340 --- [ecommerce] [scheduling-1] c.d.e.service.SincronizacaoService       : Lendo VW_ECOMMERCE_PRECOS no banco de dados...
2026-09-04T16:30:00.221-03:00  INFO 12340 --- [ecommerce] [scheduling-1] c.d.e.service.SincronizacaoService       : Ciclo finalizado. Total de atualizações enviadas: 0
2026-09-04T16:30:00.222-03:00  INFO 12340 --- [ecommerce] [scheduling-1] c.d.e.s.SincronizacaoEstoqueService      : [ESTOQUE] Lendo VW_ECOMMERCE_ESTOQUE no banco de dados...
2026-09-04T16:30:00.270-03:00  INFO 12340 --- [ecommerce] [scheduling-1] c.d.e.s.SincronizacaoEstoqueService      : [ESTOQUE] Ciclo finalizado. Total de atualizações enviadas: 0
2026-09-04T16:31:00.000-03:00  INFO 12340 --- [ecommerce] [scheduling-1] c.d.e.service.SincronizacaoService       : Lendo VW_ECOMMERCE_PRECOS no banco de dados...
2026-09-04T16:31:00.173-03:00  INFO 12340 --- [ecommerce] [scheduling-1] c.d.e.service.SincronizacaoService       : Ciclo finalizado. Total de atualizações enviadas: 0
2026-09-04T16:31:00.173-03:00  INFO 12340 --- [ecommerce] [scheduling-1] c.d.e.s.SincronizacaoEstoqueService      : [ESTOQUE] Lendo VW_ECOMMERCE_ESTOQUE no banco de dados...
2026-09-04T16:31:00.200-03:00  INFO 12340 --- [ecommerce] [scheduling-1] c.d.e.s.SincronizacaoEstoqueService      : [ESTOQUE] Ciclo finalizado. Total de atualizações enviadas: 0
2026-09-04T16:32:00.001-03:00  INFO 12340 --- [ecommerce] [scheduling-1] c.d.e.service.SincronizacaoService       : Lendo VW_ECOMMERCE_PRECOS no banco de dados...
2026-09-04T16:32:00.062-03:00  INFO 12340 --- [ecommerce] [scheduling-1] c.d.e.service.SincronizacaoService       : Ciclo finalizado. Total de atualizações enviadas: 0
2026-09-04T16:32:00.062-03:00  INFO 12340 --- [ecommerce] [scheduling-1] c.d.e.s.SincronizacaoEstoqueService      : [ESTOQUE] Lendo VW_ECOMMERCE_ESTOQUE no banco de dados...
2026-09-04T16:32:00.095-03:00  INFO 12340 --- [ecommerce] [scheduling-1] c.d.e.s.SincronizacaoEstoqueService      : [ESTOQUE] Ciclo finalizado. Total de atualizações enviadas: 0
2026-09-04T16:33:00.001-03:00  INFO 12340 --- [ecommerce] [scheduling-1] c.d.e.s.SincronizacaoEstoqueService      : [ESTOQUE] Lendo VW_ECOMMERCE_ESTOQUE no banco de dados...
2026-09-04T16:33:00.120-03:00  INFO 12340 --- [ecommerce] [scheduling-1] c.d.e.s.SincronizacaoEstoqueService      : [ESTOQUE] Ciclo finalizado. Total de atualizações enviadas: 0
2026-09-04T16:33:00.120-03:00  INFO 12340 --- [ecommerce] [scheduling-1] c.d.e.service.SincronizacaoService       : Lendo VW_ECOMMERCE_PRECOS no banco de dados...
2026-09-04T16:33:00.694-03:00  INFO 12340 --- [ecommerce] [scheduling-1] c.d.e.service.SincronizacaoService       : Ciclo finalizado. Total de atualizações enviadas: 0
2026-09-04T16:34:00.000-03:00  INFO 12340 --- [ecommerce] [scheduling-1] c.d.e.service.SincronizacaoService       : Lendo VW_ECOMMERCE_PRECOS no banco de dados...
2026-09-04T16:34:00.294-03:00  INFO 12340 --- [ecommerce] [scheduling-1] c.d.e.service.SincronizacaoService       : Ciclo finalizado. Total de atualizações enviadas: 0
2026-09-04T16:34:00.295-03:00  INFO 12340 --- [ecommerce] [scheduling-1] c.d.e.s.SincronizacaoEstoqueService      : [ESTOQUE] Lendo VW_ECOMMERCE_ESTOQUE no banco de dados...
2026-09-04T16:34:00.340-03:00  INFO 12340 --- [ecommerce] [scheduling-1] c.d.e.s.SincronizacaoEstoqueService      : [ESTOQUE] Ciclo finalizado. Total de atualizações enviadas: 0
2026-09-04T16:35:00.000-03:00  INFO 12340 --- [ecommerce] [scheduling-1] c.d.e.service.SincronizacaoService       : Lendo VW_ECOMMERCE_PRECOS no banco de dados...
2026-09-04T16:35:00.067-03:00  INFO 12340 --- [ecommerce] [scheduling-1] c.d.e.service.SincronizacaoService       : Ciclo finalizado. Total de atualizações enviadas: 0
2026-09-04T16:35:00.068-03:00  INFO 12340 --- [ecommerce] [scheduling-1] c.d.e.s.SincronizacaoEstoqueService      : [ESTOQUE] Lendo VW_ECOMMERCE_ESTOQUE no banco de dados...
2026-09-04T16:35:00.101-03:00  INFO 12340 --- [ecommerce] [scheduling-1] c.d.e.s.SincronizacaoEstoqueService      : [ESTOQUE] Ciclo finalizado. Total de atualizações enviadas: 0
2026-09-04T16:36:00.001-03:00  INFO 12340 --- [ecommerce] [scheduling-1] c.d.e.s.SincronizacaoEstoqueService      : [ESTOQUE] Lendo VW_ECOMMERCE_ESTOQUE no banco de dados...
2026-09-04T16:36:00.072-03:00  INFO 12340 --- [ecommerce] [scheduling-1] c.d.e.s.SincronizacaoEstoqueService      : [ESTOQUE] Ciclo finalizado. Total de atualizações enviadas: 0
2026-09-04T16:36:00.072-03:00  INFO 12340 --- [ecommerce] [scheduling-1] c.d.e.service.SincronizacaoService       : Lendo VW_ECOMMERCE_PRECOS no banco de dados...
2026-09-04T16:36:00.148-03:00  INFO 12340 --- [ecommerce] [scheduling-1] c.d.e.service.SincronizacaoService       : Ciclo finalizado. Total de atualizações enviadas: 0
2026-09-04T16:37:00.001-03:00  INFO 12340 --- [ecommerce] [scheduling-1] c.d.e.s.SincronizacaoEstoqueService      : [ESTOQUE] Lendo VW_ECOMMERCE_ESTOQUE no banco de dados...
2026-09-04T16:37:00.097-03:00  INFO 12340 --- [ecommerce] [scheduling-1] c.d.e.s.SincronizacaoEstoqueService      : [ESTOQUE] Ciclo finalizado. Total de atualizações enviadas: 0
2026-09-04T16:37:00.097-03:00  INFO 12340 --- [ecommerce] [scheduling-1] c.d.e.service.SincronizacaoService       : Lendo VW_ECOMMERCE_PRECOS no banco de dados...
2026-09-04T16:37:00.161-03:00  INFO 12340 --- [ecommerce] [scheduling-1] c.d.e.service.SincronizacaoService       : Ciclo finalizado. Total de atualizações enviadas: 0
2026-09-04T16:38:00.001-03:00  INFO 12340 --- [ecommerce] [scheduling-1] c.d.e.service.SincronizacaoService       : Lendo VW_ECOMMERCE_PRECOS no banco de dados...
2026-09-04T16:38:00.080-03:00  INFO 12340 --- [ecommerce] [scheduling-1] c.d.e.service.SincronizacaoService       : Ciclo finalizado. Total de atualizações enviadas: 0
2026-09-04T16:38:00.080-03:00  INFO 12340 --- [ecommerce] [scheduling-1] c.d.e.s.SincronizacaoEstoqueService      : [ESTOQUE] Lendo VW_ECOMMERCE_ESTOQUE no banco de dados...
2026-09-04T16:38:00.106-03:00  INFO 12340 --- [ecommerce] [scheduling-1] c.d.e.s.SincronizacaoEstoqueService      : [ESTOQUE] Ciclo finalizado. Total de atualizações enviadas: 0
2026-09-04T16:39:00.001-03:00  INFO 12340 --- [ecommerce] [scheduling-1] c.d.e.service.SincronizacaoService       : Lendo VW_ECOMMERCE_PRECOS no banco de dados...
2026-09-04T16:39:00.103-03:00  INFO 12340 --- [ecommerce] [scheduling-1] c.d.e.service.SincronizacaoService       : Ciclo finalizado. Total de atualizações enviadas: 0
2026-09-04T16:39:00.103-03:00  INFO 12340 --- [ecommerce] [scheduling-1] c.d.e.s.SincronizacaoEstoqueService      : [ESTOQUE] Lendo VW_ECOMMERCE_ESTOQUE no banco de dados...
2026-09-04T16:39:00.143-03:00  INFO 12340 --- [ecommerce] [scheduling-1] c.d.e.s.SincronizacaoEstoqueService      : [ESTOQUE] Ciclo finalizado. Total de atualizações enviadas: 0
2026-09-04T16:39:59.999-03:00  INFO 12340 --- [ecommerce] [scheduling-1] c.d.e.s.SincronizacaoEstoqueService      : [ESTOQUE] Lendo VW_ECOMMERCE_ESTOQUE no banco de dados...
2026-09-04T16:40:00.028-03:00  INFO 12340 --- [ecommerce] [scheduling-1] c.d.e.s.SincronizacaoEstoqueService      : [ESTOQUE] Ciclo finalizado. Total de atualizações enviadas: 0
2026-09-04T16:40:00.030-03:00  INFO 12340 --- [ecommerce] [scheduling-1] c.d.e.service.SincronizacaoService       : Lendo VW_ECOMMERCE_PRECOS no banco de dados...
2026-09-04T16:40:00.077-03:00  INFO 12340 --- [ecommerce] [scheduling-1] c.d.e.service.SincronizacaoService       : Ciclo finalizado. Total de atualizações enviadas: 0
2026-09-04T16:41:00.000-03:00  INFO 12340 --- [ecommerce] [scheduling-1] c.d.e.s.SincronizacaoEstoqueService      : [ESTOQUE] Lendo VW_ECOMMERCE_ESTOQUE no banco de dados...
2026-09-04T16:41:00.109-03:00  INFO 12340 --- [ecommerce] [scheduling-1] c.d.e.s.SincronizacaoEstoqueService      : [ESTOQUE] Ciclo finalizado. Total de atualizações enviadas: 0
2026-09-04T16:41:00.109-03:00  INFO 12340 --- [ecommerce] [scheduling-1] c.d.e.service.SincronizacaoService       : Lendo VW_ECOMMERCE_PRECOS no banco de dados...
2026-09-04T16:41:00.290-03:00  INFO 12340 --- [ecommerce] [scheduling-1] c.d.e.service.SincronizacaoService       : Ciclo finalizado. Total de atualizações enviadas: 0
2026-09-04T16:42:00.000-03:00  INFO 12340 --- [ecommerce] [scheduling-1] c.d.e.s.SincronizacaoEstoqueService      : [ESTOQUE] Lendo VW_ECOMMERCE_ESTOQUE no banco de dados...
2026-09-04T16:42:00.050-03:00  INFO 12340 --- [ecommerce] [scheduling-1] c.d.e.s.SincronizacaoEstoqueService      : [ESTOQUE] Ciclo finalizado. Total de atualizações enviadas: 0
2026-09-04T16:42:00.050-03:00  INFO 12340 --- [ecommerce] [scheduling-1] c.d.e.service.SincronizacaoService       : Lendo VW_ECOMMERCE_PRECOS no banco de dados...
2026-09-04T16:42:00.105-03:00  INFO 12340 --- [ecommerce] [scheduling-1] c.d.e.service.SincronizacaoService       : Ciclo finalizado. Total de atualizações enviadas: 0
2026-09-04T16:43:00.000-03:00  INFO 12340 --- [ecommerce] [scheduling-1] c.d.e.service.SincronizacaoService       : Lendo VW_ECOMMERCE_PRECOS no banco de dados...
2026-09-04T16:43:00.066-03:00  INFO 12340 --- [ecommerce] [scheduling-1] c.d.e.service.SincronizacaoService       : Ciclo finalizado. Total de atualizações enviadas: 0
2026-09-04T16:43:00.066-03:00  INFO 12340 --- [ecommerce] [scheduling-1] c.d.e.s.SincronizacaoEstoqueService      : [ESTOQUE] Lendo VW_ECOMMERCE_ESTOQUE no banco de dados...
2026-09-04T16:43:00.098-03:00  INFO 12340 --- [ecommerce] [scheduling-1] c.d.e.s.SincronizacaoEstoqueService      : [ESTOQUE] Ciclo finalizado. Total de atualizações enviadas: 0
2026-09-04T16:44:00.000-03:00  INFO 12340 --- [ecommerce] [scheduling-1] c.d.e.service.SincronizacaoService       : Lendo VW_ECOMMERCE_PRECOS no banco de dados...
2026-09-04T16:44:00.049-03:00  INFO 12340 --- [ecommerce] [scheduling-1] c.d.e.service.SincronizacaoService       : Ciclo finalizado. Total de atualizações enviadas: 0
2026-09-04T16:44:00.050-03:00  INFO 12340 --- [ecommerce] [scheduling-1] c.d.e.s.SincronizacaoEstoqueService      : [ESTOQUE] Lendo VW_ECOMMERCE_ESTOQUE no banco de dados...
2026-09-04T16:44:00.082-03:00  INFO 12340 --- [ecommerce] [scheduling-1] c.d.e.s.SincronizacaoEstoqueService      : [ESTOQUE] Ciclo finalizado. Total de atualizações enviadas: 0
2026-09-04T16:44:59.999-03:00  INFO 12340 --- [ecommerce] [scheduling-1] c.d.e.service.SincronizacaoService       : Lendo VW_ECOMMERCE_PRECOS no banco de dados...
2026-09-04T16:45:00.448-03:00  INFO 12340 --- [ecommerce] [scheduling-1] c.d.e.service.SincronizacaoService       : Ciclo finalizado. Total de atualizações enviadas: 0
2026-09-04T16:45:00.449-03:00  INFO 12340 --- [ecommerce] [scheduling-1] c.d.e.s.SincronizacaoEstoqueService      : [ESTOQUE] Lendo VW_ECOMMERCE_ESTOQUE no banco de dados...
2026-09-04T16:45:00.505-03:00  INFO 12340 --- [ecommerce] [scheduling-1] c.d.e.s.SincronizacaoEstoqueService      : [ESTOQUE] Ciclo finalizado. Total de atualizações enviadas: 0
2026-09-04T16:46:00.000-03:00  INFO 12340 --- [ecommerce] [scheduling-1] c.d.e.service.SincronizacaoService       : Lendo VW_ECOMMERCE_PRECOS no banco de dados...
2026-09-04T16:46:00.123-03:00  INFO 12340 --- [ecommerce] [scheduling-1] c.d.e.service.SincronizacaoService       : Ciclo finalizado. Total de atualizações enviadas: 0
2026-09-04T16:46:00.123-03:00  INFO 12340 --- [ecommerce] [scheduling-1] c.d.e.s.SincronizacaoEstoqueService      : [ESTOQUE] Lendo VW_ECOMMERCE_ESTOQUE no banco de dados...
2026-09-04T16:46:00.153-03:00  INFO 12340 --- [ecommerce] [scheduling-1] c.d.e.s.SincronizacaoEstoqueService      : [ESTOQUE] Ciclo finalizado. Total de atualizações enviadas: 0
2026-09-04T16:46:59.999-03:00  INFO 12340 --- [ecommerce] [scheduling-1] c.d.e.service.SincronizacaoService       : Lendo VW_ECOMMERCE_PRECOS no banco de dados...
2026-09-04T16:47:00.055-03:00  INFO 12340 --- [ecommerce] [scheduling-1] c.d.e.service.SincronizacaoService       : Ciclo finalizado. Total de atualizações enviadas: 0
2026-09-04T16:47:00.056-03:00  INFO 12340 --- [ecommerce] [scheduling-1] c.d.e.s.SincronizacaoEstoqueService      : [ESTOQUE] Lendo VW_ECOMMERCE_ESTOQUE no banco de dados...
2026-09-04T16:47:00.088-03:00  INFO 12340 --- [ecommerce] [scheduling-1] c.d.e.s.SincronizacaoEstoqueService      : [ESTOQUE] Ciclo finalizado. Total de atualizações enviadas: 0
2026-09-04T16:47:59.999-03:00  INFO 12340 --- [ecommerce] [scheduling-1] c.d.e.service.SincronizacaoService       : Lendo VW_ECOMMERCE_PRECOS no banco de dados...
2026-09-04T16:48:00.089-03:00  INFO 12340 --- [ecommerce] [scheduling-1] c.d.e.service.SincronizacaoService       : Ciclo finalizado. Total de atualizações enviadas: 0
2026-09-04T16:48:00.089-03:00  INFO 12340 --- [ecommerce] [scheduling-1] c.d.e.s.SincronizacaoEstoqueService      : [ESTOQUE] Lendo VW_ECOMMERCE_ESTOQUE no banco de dados...
2026-09-04T16:48:00.110-03:00  INFO 12340 --- [ecommerce] [scheduling-1] c.d.e.s.SincronizacaoEstoqueService      : [ESTOQUE] Ciclo finalizado. Total de atualizações enviadas: 0
2026-09-04T16:48:59.999-03:00  INFO 12340 --- [ecommerce] [scheduling-1] c.d.e.s.SincronizacaoEstoqueService      : [ESTOQUE] Lendo VW_ECOMMERCE_ESTOQUE no banco de dados...
2026-09-04T16:49:00.037-03:00  INFO 12340 --- [ecommerce] [scheduling-1] c.d.e.s.SincronizacaoEstoqueService      : [ESTOQUE] Ciclo finalizado. Total de atualizações enviadas: 0
2026-09-04T16:49:00.037-03:00  INFO 12340 --- [ecommerce] [scheduling-1] c.d.e.service.SincronizacaoService       : Lendo VW_ECOMMERCE_PRECOS no banco de dados...
2026-09-04T16:49:00.084-03:00  INFO 12340 --- [ecommerce] [scheduling-1] c.d.e.service.SincronizacaoService       : Ciclo finalizado. Total de atualizações enviadas: 0
2026-09-04T16:50:00.000-03:00  INFO 12340 --- [ecommerce] [scheduling-1] c.d.e.service.SincronizacaoService       : Lendo VW_ECOMMERCE_PRECOS no banco de dados...
2026-09-04T16:50:00.079-03:00  INFO 12340 --- [ecommerce] [scheduling-1] c.d.e.service.SincronizacaoService       : Ciclo finalizado. Total de atualizações enviadas: 0
2026-09-04T16:50:00.079-03:00  INFO 12340 --- [ecommerce] [scheduling-1] c.d.e.s.SincronizacaoEstoqueService      : [ESTOQUE] Lendo VW_ECOMMERCE_ESTOQUE no banco de dados...
2026-09-04T16:50:00.112-03:00  INFO 12340 --- [ecommerce] [scheduling-1] c.d.e.s.SincronizacaoEstoqueService      : [ESTOQUE] Ciclo finalizado. Total de atualizações enviadas: 0
2026-09-04T16:51:00.000-03:00  INFO 12340 --- [ecommerce] [scheduling-1] c.d.e.s.SincronizacaoEstoqueService      : [ESTOQUE] Lendo VW_ECOMMERCE_ESTOQUE no banco de dados...
2026-09-04T16:51:00.052-03:00  INFO 12340 --- [ecommerce] [scheduling-1] c.d.e.s.SincronizacaoEstoqueService      : [ESTOQUE] Ciclo finalizado. Total de atualizações enviadas: 0
2026-09-04T16:51:00.052-03:00  INFO 12340 --- [ecommerce] [scheduling-1] c.d.e.service.SincronizacaoService       : Lendo VW_ECOMMERCE_PRECOS no banco de dados...
2026-09-04T16:51:00.124-03:00  INFO 12340 --- [ecommerce] [scheduling-1] c.d.e.service.SincronizacaoService       : Ciclo finalizado. Total de atualizações enviadas: 0
2026-09-04T16:52:00.001-03:00  INFO 12340 --- [ecommerce] [scheduling-1] c.d.e.service.SincronizacaoService       : Lendo VW_ECOMMERCE_PRECOS no banco de dados...
2026-09-04T16:52:00.153-03:00  INFO 12340 --- [ecommerce] [scheduling-1] c.d.e.service.SincronizacaoService       : Ciclo finalizado. Total de atualizações enviadas: 0
2026-09-04T16:52:00.154-03:00  INFO 12340 --- [ecommerce] [scheduling-1] c.d.e.s.SincronizacaoEstoqueService      : [ESTOQUE] Lendo VW_ECOMMERCE_ESTOQUE no banco de dados...
2026-09-04T16:52:00.175-03:00  INFO 12340 --- [ecommerce] [scheduling-1] c.d.e.s.SincronizacaoEstoqueService      : [ESTOQUE] Ciclo finalizado. Total de atualizações enviadas: 0
2026-09-04T16:53:00.000-03:00  INFO 12340 --- [ecommerce] [scheduling-1] c.d.e.s.SincronizacaoEstoqueService      : [ESTOQUE] Lendo VW_ECOMMERCE_ESTOQUE no banco de dados...
2026-09-04T16:53:00.093-03:00  INFO 12340 --- [ecommerce] [scheduling-1] c.d.e.s.SincronizacaoEstoqueService      : [ESTOQUE] Ciclo finalizado. Total de atualizações enviadas: 0
2026-09-04T16:53:00.094-03:00  INFO 12340 --- [ecommerce] [scheduling-1] c.d.e.service.SincronizacaoService       : Lendo VW_ECOMMERCE_PRECOS no banco de dados...
2026-09-04T16:53:00.147-03:00  INFO 12340 --- [ecommerce] [scheduling-1] c.d.e.service.SincronizacaoService       : Ciclo finalizado. Total de atualizações enviadas: 0
2026-09-04T16:54:00.000-03:00  INFO 12340 --- [ecommerce] [scheduling-1] c.d.e.s.SincronizacaoEstoqueService      : [ESTOQUE] Lendo VW_ECOMMERCE_ESTOQUE no banco de dados...
2026-09-04T16:54:00.033-03:00  INFO 12340 --- [ecommerce] [scheduling-1] c.d.e.s.SincronizacaoEstoqueService      : [ESTOQUE] Ciclo finalizado. Total de atualizações enviadas: 0
2026-09-04T16:54:00.033-03:00  INFO 12340 --- [ecommerce] [scheduling-1] c.d.e.service.SincronizacaoService       : Lendo VW_ECOMMERCE_PRECOS no banco de dados...
2026-09-04T16:54:00.111-03:00  INFO 12340 --- [ecommerce] [scheduling-1] c.d.e.service.SincronizacaoService       : Ciclo finalizado. Total de atualizações enviadas: 0
2026-09-04T16:55:00.000-03:00  INFO 12340 --- [ecommerce] [scheduling-1] c.d.e.service.SincronizacaoService       : Lendo VW_ECOMMERCE_PRECOS no banco de dados...
2026-09-04T16:55:00.085-03:00  INFO 12340 --- [ecommerce] [scheduling-1] c.d.e.service.SincronizacaoService       : Ciclo finalizado. Total de atualizações enviadas: 0
2026-09-04T16:55:00.085-03:00  INFO 12340 --- [ecommerce] [scheduling-1] c.d.e.s.SincronizacaoEstoqueService      : [ESTOQUE] Lendo VW_ECOMMERCE_ESTOQUE no banco de dados...
2026-09-04T16:55:00.114-03:00  INFO 12340 --- [ecommerce] [scheduling-1] c.d.e.s.SincronizacaoEstoqueService      : [ESTOQUE] Ciclo finalizado. Total de atualizações enviadas: 0
2026-09-04T16:56:00.000-03:00  INFO 12340 --- [ecommerce] [scheduling-1] c.d.e.service.SincronizacaoService       : Lendo VW_ECOMMERCE_PRECOS no banco de dados...
2026-09-04T16:56:00.100-03:00  INFO 12340 --- [ecommerce] [scheduling-1] c.d.e.service.SincronizacaoService       : Ciclo finalizado. Total de atualizações enviadas: 0
2026-09-04T16:56:00.101-03:00  INFO 12340 --- [ecommerce] [scheduling-1] c.d.e.s.SincronizacaoEstoqueService      : [ESTOQUE] Lendo VW_ECOMMERCE_ESTOQUE no banco de dados...
2026-09-04T16:56:00.132-03:00  INFO 12340 --- [ecommerce] [scheduling-1] c.d.e.s.SincronizacaoEstoqueService      : [ESTOQUE] Ciclo finalizado. Total de atualizações enviadas: 0
2026-09-04T16:57:00.000-03:00  INFO 12340 --- [ecommerce] [scheduling-1] c.d.e.service.SincronizacaoService       : Lendo VW_ECOMMERCE_PRECOS no banco de dados...
2026-09-04T16:57:00.079-03:00  INFO 12340 --- [ecommerce] [scheduling-1] c.d.e.service.SincronizacaoService       : Ciclo finalizado. Total de atualizações enviadas: 0
2026-09-04T16:57:00.080-03:00  INFO 12340 --- [ecommerce] [scheduling-1] c.d.e.s.SincronizacaoEstoqueService      : [ESTOQUE] Lendo VW_ECOMMERCE_ESTOQUE no banco de dados...
2026-09-04T16:57:00.112-03:00  INFO 12340 --- [ecommerce] [scheduling-1] c.d.e.s.SincronizacaoEstoqueService      : [ESTOQUE] Ciclo finalizado. Total de atualizações enviadas: 0
2026-09-04T16:58:00.000-03:00  INFO 12340 --- [ecommerce] [scheduling-1] c.d.e.service.SincronizacaoService       : Lendo VW_ECOMMERCE_PRECOS no banco de dados...
2026-09-04T16:58:00.099-03:00  INFO 12340 --- [ecommerce] [scheduling-1] c.d.e.service.SincronizacaoService       : Ciclo finalizado. Total de atualizações enviadas: 0
2026-09-04T16:58:00.099-03:00  INFO 12340 --- [ecommerce] [scheduling-1] c.d.e.s.SincronizacaoEstoqueService      : [ESTOQUE] Lendo VW_ECOMMERCE_ESTOQUE no banco de dados...
2026-09-04T16:58:00.119-03:00  INFO 12340 --- [ecommerce] [scheduling-1] c.d.e.s.SincronizacaoEstoqueService      : [ESTOQUE] Ciclo finalizado. Total de atualizações enviadas: 0
2026-09-04T16:58:59.999-03:00  INFO 12340 --- [ecommerce] [scheduling-1] c.d.e.s.SincronizacaoEstoqueService      : [ESTOQUE] Lendo VW_ECOMMERCE_ESTOQUE no banco de dados...
2026-09-04T16:59:00.088-03:00  INFO 12340 --- [ecommerce] [scheduling-1] c.d.e.s.SincronizacaoEstoqueService      : [ESTOQUE] Ciclo finalizado. Total de atualizações enviadas: 0
2026-09-04T16:59:00.088-03:00  INFO 12340 --- [ecommerce] [scheduling-1] c.d.e.service.SincronizacaoService       : Lendo VW_ECOMMERCE_PRECOS no banco de dados...
2026-09-04T16:59:00.316-03:00  INFO 12340 --- [ecommerce] [scheduling-1] c.d.e.service.SincronizacaoService       : Ciclo finalizado. Total de atualizações enviadas: 0
2026-09-04T17:00:00.000-03:00  INFO 12340 --- [ecommerce] [scheduling-1] c.d.e.s.SincronizacaoEstoqueService      : [ESTOQUE] Lendo VW_ECOMMERCE_ESTOQUE no banco de dados...
2026-09-04T17:00:00.055-03:00  INFO 12340 --- [ecommerce] [scheduling-1] c.d.e.s.SincronizacaoEstoqueService      : [ESTOQUE] Ciclo finalizado. Total de atualizações enviadas: 0
2026-09-04T17:00:00.056-03:00  INFO 12340 --- [ecommerce] [scheduling-1] c.d.e.service.SincronizacaoService       : Lendo VW_ECOMMERCE_PRECOS no banco de dados...
2026-09-04T17:00:00.101-03:00  INFO 12340 --- [ecommerce] [scheduling-1] c.d.e.service.SincronizacaoService       : Ciclo finalizado. Total de atualizações enviadas: 0
2026-09-04T17:00:59.999-03:00  INFO 12340 --- [ecommerce] [scheduling-1] c.d.e.s.SincronizacaoEstoqueService      : [ESTOQUE] Lendo VW_ECOMMERCE_ESTOQUE no banco de dados...
2026-09-04T17:01:00.095-03:00  INFO 12340 --- [ecommerce] [scheduling-1] c.d.e.s.SincronizacaoEstoqueService      : [ESTOQUE] Ciclo finalizado. Total de atualizações enviadas: 0
2026-09-04T17:01:00.095-03:00  INFO 12340 --- [ecommerce] [scheduling-1] c.d.e.service.SincronizacaoService       : Lendo VW_ECOMMERCE_PRECOS no banco de dados...
2026-09-04T17:01:00.251-03:00  INFO 12340 --- [ecommerce] [scheduling-1] c.d.e.service.SincronizacaoService       : Ciclo finalizado. Total de atualizações enviadas: 0
2026-09-04T17:02:00.000-03:00  INFO 12340 --- [ecommerce] [scheduling-1] c.d.e.service.SincronizacaoService       : Lendo VW_ECOMMERCE_PRECOS no banco de dados...
2026-09-04T17:02:00.082-03:00  INFO 12340 --- [ecommerce] [scheduling-1] c.d.e.service.SincronizacaoService       : Ciclo finalizado. Total de atualizações enviadas: 0
2026-09-04T17:02:00.082-03:00  INFO 12340 --- [ecommerce] [scheduling-1] c.d.e.s.SincronizacaoEstoqueService      : [ESTOQUE] Lendo VW_ECOMMERCE_ESTOQUE no banco de dados...
2026-09-04T17:02:00.113-03:00  INFO 12340 --- [ecommerce] [scheduling-1] c.d.e.s.SincronizacaoEstoqueService      : [ESTOQUE] Ciclo finalizado. Total de atualizações enviadas: 0
2026-09-04T17:03:00.000-03:00  INFO 12340 --- [ecommerce] [scheduling-1] c.d.e.s.SincronizacaoEstoqueService      : [ESTOQUE] Lendo VW_ECOMMERCE_ESTOQUE no banco de dados...
2026-09-04T17:03:00.064-03:00  INFO 12340 --- [ecommerce] [scheduling-1] c.d.e.s.SincronizacaoEstoqueService      : [ESTOQUE] Ciclo finalizado. Total de atualizações enviadas: 0
2026-09-04T17:03:00.064-03:00  INFO 12340 --- [ecommerce] [scheduling-1] c.d.e.service.SincronizacaoService       : Lendo VW_ECOMMERCE_PRECOS no banco de dados...
2026-09-04T17:03:00.178-03:00  INFO 12340 --- [ecommerce] [scheduling-1] c.d.e.service.SincronizacaoService       : Ciclo finalizado. Total de atualizações enviadas: 0
2026-09-04T17:04:00.000-03:00  INFO 12340 --- [ecommerce] [scheduling-1] c.d.e.service.SincronizacaoService       : Lendo VW_ECOMMERCE_PRECOS no banco de dados...
2026-09-04T17:04:00.205-03:00  INFO 12340 --- [ecommerce] [scheduling-1] c.d.e.service.SincronizacaoService       : Ciclo finalizado. Total de atualizações enviadas: 0
2026-09-04T17:04:00.205-03:00  INFO 12340 --- [ecommerce] [scheduling-1] c.d.e.s.SincronizacaoEstoqueService      : [ESTOQUE] Lendo VW_ECOMMERCE_ESTOQUE no banco de dados...
2026-09-04T17:04:00.245-03:00  INFO 12340 --- [ecommerce] [scheduling-1] c.d.e.s.SincronizacaoEstoqueService      : [ESTOQUE] Ciclo finalizado. Total de atualizações enviadas: 0
2026-09-04T17:05:00.000-03:00  INFO 12340 --- [ecommerce] [scheduling-1] c.d.e.s.SincronizacaoEstoqueService      : [ESTOQUE] Lendo VW_ECOMMERCE_ESTOQUE no banco de dados...
2026-09-04T17:05:00.038-03:00  INFO 12340 --- [ecommerce] [scheduling-1] c.d.e.s.SincronizacaoEstoqueService      : [ESTOQUE] Ciclo finalizado. Total de atualizações enviadas: 0
2026-09-04T17:05:00.038-03:00  INFO 12340 --- [ecommerce] [scheduling-1] c.d.e.service.SincronizacaoService       : Lendo VW_ECOMMERCE_PRECOS no banco de dados...
2026-09-04T17:05:00.163-03:00  INFO 12340 --- [ecommerce] [scheduling-1] c.d.e.service.SincronizacaoService       : Ciclo finalizado. Total de atualizações enviadas: 0
2026-09-04T17:05:59.999-03:00  INFO 12340 --- [ecommerce] [scheduling-1] c.d.e.service.SincronizacaoService       : Lendo VW_ECOMMERCE_PRECOS no banco de dados...
2026-09-04T17:06:00.454-03:00  INFO 12340 --- [ecommerce] [scheduling-1] c.d.e.service.SincronizacaoService       : Ciclo finalizado. Total de atualizações enviadas: 0
2026-09-04T17:06:00.454-03:00  INFO 12340 --- [ecommerce] [scheduling-1] c.d.e.s.SincronizacaoEstoqueService      : [ESTOQUE] Lendo VW_ECOMMERCE_ESTOQUE no banco de dados...
2026-09-04T17:06:00.524-03:00  INFO 12340 --- [ecommerce] [scheduling-1] c.d.e.s.SincronizacaoEstoqueService      : [ESTOQUE] Ciclo finalizado. Total de atualizações enviadas: 0
2026-09-04T17:07:00.001-03:00  INFO 12340 --- [ecommerce] [scheduling-1] c.d.e.service.SincronizacaoService       : Lendo VW_ECOMMERCE_PRECOS no banco de dados...
2026-09-04T17:07:00.194-03:00  INFO 12340 --- [ecommerce] [scheduling-1] c.d.e.service.SincronizacaoService       : Ciclo finalizado. Total de atualizações enviadas: 0
2026-09-04T17:07:00.195-03:00  INFO 12340 --- [ecommerce] [scheduling-1] c.d.e.s.SincronizacaoEstoqueService      : [ESTOQUE] Lendo VW_ECOMMERCE_ESTOQUE no banco de dados...
2026-09-04T17:07:00.251-03:00  INFO 12340 --- [ecommerce] [scheduling-1] c.d.e.s.SincronizacaoEstoqueService      : [ESTOQUE] Ciclo finalizado. Total de atualizações enviadas: 0
2026-09-04T17:07:59.999-03:00  INFO 12340 --- [ecommerce] [scheduling-1] c.d.e.service.SincronizacaoService       : Lendo VW_ECOMMERCE_PRECOS no banco de dados...
2026-09-04T17:08:00.060-03:00  INFO 12340 --- [ecommerce] [scheduling-1] c.d.e.service.SincronizacaoService       : Ciclo finalizado. Total de atualizações enviadas: 0
2026-09-04T17:08:00.060-03:00  INFO 12340 --- [ecommerce] [scheduling-1] c.d.e.s.SincronizacaoEstoqueService      : [ESTOQUE] Lendo VW_ECOMMERCE_ESTOQUE no banco de dados...
2026-09-04T17:08:00.090-03:00  INFO 12340 --- [ecommerce] [scheduling-1] c.d.e.s.SincronizacaoEstoqueService      : [ESTOQUE] Ciclo finalizado. Total de atualizações enviadas: 0
2026-09-04T17:09:00.001-03:00  INFO 12340 --- [ecommerce] [scheduling-1] c.d.e.service.SincronizacaoService       : Lendo VW_ECOMMERCE_PRECOS no banco de dados...
2026-09-04T17:09:00.096-03:00  INFO 12340 --- [ecommerce] [scheduling-1] c.d.e.service.SincronizacaoService       : Ciclo finalizado. Total de atualizações enviadas: 0
2026-09-04T17:09:00.096-03:00  INFO 12340 --- [ecommerce] [scheduling-1] c.d.e.s.SincronizacaoEstoqueService      : [ESTOQUE] Lendo VW_ECOMMERCE_ESTOQUE no banco de dados...
2026-09-04T17:09:00.124-03:00  INFO 12340 --- [ecommerce] [scheduling-1] c.d.e.s.SincronizacaoEstoqueService      : [ESTOQUE] Ciclo finalizado. Total de atualizações enviadas: 0
2026-09-04T17:10:00.000-03:00  INFO 12340 --- [ecommerce] [scheduling-1] c.d.e.service.SincronizacaoService       : Lendo VW_ECOMMERCE_PRECOS no banco de dados...
2026-09-04T17:10:00.104-03:00  INFO 12340 --- [ecommerce] [scheduling-1] c.d.e.service.SincronizacaoService       : Ciclo finalizado. Total de atualizações enviadas: 0
2026-09-04T17:10:00.104-03:00  INFO 12340 --- [ecommerce] [scheduling-1] c.d.e.s.SincronizacaoEstoqueService      : [ESTOQUE] Lendo VW_ECOMMERCE_ESTOQUE no banco de dados...
2026-09-04T17:10:00.133-03:00  INFO 12340 --- [ecommerce] [scheduling-1] c.d.e.s.SincronizacaoEstoqueService      : [ESTOQUE] Ciclo finalizado. Total de atualizações enviadas: 0
2026-09-04T17:11:00.001-03:00  INFO 12340 --- [ecommerce] [scheduling-1] c.d.e.s.SincronizacaoEstoqueService      : [ESTOQUE] Lendo VW_ECOMMERCE_ESTOQUE no banco de dados...
2026-09-04T17:11:00.078-03:00  INFO 12340 --- [ecommerce] [scheduling-1] c.d.e.s.SincronizacaoEstoqueService      : [ESTOQUE] Ciclo finalizado. Total de atualizações enviadas: 0
2026-09-04T17:11:00.078-03:00  INFO 12340 --- [ecommerce] [scheduling-1] c.d.e.service.SincronizacaoService       : Lendo VW_ECOMMERCE_PRECOS no banco de dados...
2026-09-04T17:11:00.146-03:00  INFO 12340 --- [ecommerce] [scheduling-1] c.d.e.service.SincronizacaoService       : Ciclo finalizado. Total de atualizações enviadas: 0
2026-09-04T17:12:00.000-03:00  INFO 12340 --- [ecommerce] [scheduling-1] c.d.e.s.SincronizacaoEstoqueService      : [ESTOQUE] Lendo VW_ECOMMERCE_ESTOQUE no banco de dados...
2026-09-04T17:12:00.076-03:00  INFO 12340 --- [ecommerce] [scheduling-1] c.d.e.s.SincronizacaoEstoqueService      : [ESTOQUE] Ciclo finalizado. Total de atualizações enviadas: 0
2026-09-04T17:12:00.076-03:00  INFO 12340 --- [ecommerce] [scheduling-1] c.d.e.service.SincronizacaoService       : Lendo VW_ECOMMERCE_PRECOS no banco de dados...
2026-09-04T17:12:00.148-03:00  INFO 12340 --- [ecommerce] [scheduling-1] c.d.e.service.SincronizacaoService       : Ciclo finalizado. Total de atualizações enviadas: 0
2026-09-04T17:13:00.000-03:00  INFO 12340 --- [ecommerce] [scheduling-1] c.d.e.s.SincronizacaoEstoqueService      : [ESTOQUE] Lendo VW_ECOMMERCE_ESTOQUE no banco de dados...
2026-09-04T17:13:00.279-03:00  INFO 12340 --- [ecommerce] [scheduling-1] c.d.e.s.SincronizacaoEstoqueService      : [ESTOQUE] Ciclo finalizado. Total de atualizações enviadas: 0
2026-09-04T17:13:00.280-03:00  INFO 12340 --- [ecommerce] [scheduling-1] c.d.e.service.SincronizacaoService       : Lendo VW_ECOMMERCE_PRECOS no banco de dados...
2026-09-04T17:13:00.912-03:00  INFO 12340 --- [ecommerce] [scheduling-1] c.d.e.service.SincronizacaoService       : Ciclo finalizado. Total de atualizações enviadas: 0
2026-09-04T17:13:59.999-03:00  INFO 12340 --- [ecommerce] [scheduling-1] c.d.e.service.SincronizacaoService       : Lendo VW_ECOMMERCE_PRECOS no banco de dados...
2026-09-04T17:14:00.096-03:00  INFO 12340 --- [ecommerce] [scheduling-1] c.d.e.service.SincronizacaoService       : Ciclo finalizado. Total de atualizações enviadas: 0
2026-09-04T17:14:00.097-03:00  INFO 12340 --- [ecommerce] [scheduling-1] c.d.e.s.SincronizacaoEstoqueService      : [ESTOQUE] Lendo VW_ECOMMERCE_ESTOQUE no banco de dados...
2026-09-04T17:14:00.120-03:00  INFO 12340 --- [ecommerce] [scheduling-1] c.d.e.s.SincronizacaoEstoqueService      : [ESTOQUE] Ciclo finalizado. Total de atualizações enviadas: 0
2026-09-04T17:15:00.000-03:00  INFO 12340 --- [ecommerce] [scheduling-1] c.d.e.s.SincronizacaoEstoqueService      : [ESTOQUE] Lendo VW_ECOMMERCE_ESTOQUE no banco de dados...
2026-09-04T17:15:00.054-03:00  INFO 12340 --- [ecommerce] [scheduling-1] c.d.e.s.SincronizacaoEstoqueService      : [ESTOQUE] Ciclo finalizado. Total de atualizações enviadas: 0
2026-09-04T17:15:00.055-03:00  INFO 12340 --- [ecommerce] [scheduling-1] c.d.e.service.SincronizacaoService       : Lendo VW_ECOMMERCE_PRECOS no banco de dados...
2026-09-04T17:15:00.291-03:00  INFO 12340 --- [ecommerce] [scheduling-1] c.d.e.service.SincronizacaoService       : Ciclo finalizado. Total de atualizações enviadas: 0
2026-09-04T17:16:00.000-03:00  INFO 12340 --- [ecommerce] [scheduling-1] c.d.e.service.SincronizacaoService       : Lendo VW_ECOMMERCE_PRECOS no banco de dados...
2026-09-04T17:16:00.056-03:00  INFO 12340 --- [ecommerce] [scheduling-1] c.d.e.service.SincronizacaoService       : Ciclo finalizado. Total de atualizações enviadas: 0
2026-09-04T17:16:00.056-03:00  INFO 12340 --- [ecommerce] [scheduling-1] c.d.e.s.SincronizacaoEstoqueService      : [ESTOQUE] Lendo VW_ECOMMERCE_ESTOQUE no banco de dados...
2026-09-04T17:16:00.089-03:00  INFO 12340 --- [ecommerce] [scheduling-1] c.d.e.s.SincronizacaoEstoqueService      : [ESTOQUE] Ciclo finalizado. Total de atualizações enviadas: 0
2026-09-04T17:16:59.999-03:00  INFO 12340 --- [ecommerce] [scheduling-1] c.d.e.s.SincronizacaoEstoqueService      : [ESTOQUE] Lendo VW_ECOMMERCE_ESTOQUE no banco de dados...
2026-09-04T17:17:00.128-03:00  INFO 12340 --- [ecommerce] [scheduling-1] c.d.e.s.SincronizacaoEstoqueService      : [ESTOQUE] Ciclo finalizado. Total de atualizações enviadas: 0
2026-09-04T17:17:00.129-03:00  INFO 12340 --- [ecommerce] [scheduling-1] c.d.e.service.SincronizacaoService       : Lendo VW_ECOMMERCE_PRECOS no banco de dados...
2026-09-04T17:17:00.642-03:00  INFO 12340 --- [ecommerce] [scheduling-1] c.d.e.service.SincronizacaoService       : Ciclo finalizado. Total de atualizações enviadas: 0
2026-09-04T17:18:00.000-03:00  INFO 12340 --- [ecommerce] [scheduling-1] c.d.e.s.SincronizacaoEstoqueService      : [ESTOQUE] Lendo VW_ECOMMERCE_ESTOQUE no banco de dados...
2026-09-04T17:18:00.051-03:00  INFO 12340 --- [ecommerce] [scheduling-1] c.d.e.s.SincronizacaoEstoqueService      : [ESTOQUE] Ciclo finalizado. Total de atualizações enviadas: 0
2026-09-04T17:18:00.051-03:00  INFO 12340 --- [ecommerce] [scheduling-1] c.d.e.service.SincronizacaoService       : Lendo VW_ECOMMERCE_PRECOS no banco de dados...
2026-09-04T17:18:00.103-03:00  INFO 12340 --- [ecommerce] [scheduling-1] c.d.e.service.SincronizacaoService       : Ciclo finalizado. Total de atualizações enviadas: 0
2026-09-04T17:19:00.000-03:00  INFO 12340 --- [ecommerce] [scheduling-1] c.d.e.service.SincronizacaoService       : Lendo VW_ECOMMERCE_PRECOS no banco de dados...
2026-09-04T17:19:00.247-03:00  INFO 12340 --- [ecommerce] [scheduling-1] c.d.e.service.SincronizacaoService       : Ciclo finalizado. Total de atualizações enviadas: 0
2026-09-04T17:19:00.248-03:00  INFO 12340 --- [ecommerce] [scheduling-1] c.d.e.s.SincronizacaoEstoqueService      : [ESTOQUE] Lendo VW_ECOMMERCE_ESTOQUE no banco de dados...
2026-09-04T17:19:00.305-03:00  INFO 12340 --- [ecommerce] [scheduling-1] c.d.e.s.SincronizacaoEstoqueService      : [ESTOQUE] Ciclo finalizado. Total de atualizações enviadas: 0
2026-09-04T17:20:00.001-03:00  INFO 12340 --- [ecommerce] [scheduling-1] c.d.e.s.SincronizacaoEstoqueService      : [ESTOQUE] Lendo VW_ECOMMERCE_ESTOQUE no banco de dados...
2026-09-04T17:20:00.063-03:00  INFO 12340 --- [ecommerce] [scheduling-1] c.d.e.s.SincronizacaoEstoqueService      : [ESTOQUE] Ciclo finalizado. Total de atualizações enviadas: 0
2026-09-04T17:20:00.063-03:00  INFO 12340 --- [ecommerce] [scheduling-1] c.d.e.service.SincronizacaoService       : Lendo VW_ECOMMERCE_PRECOS no banco de dados...
2026-09-04T17:20:00.249-03:00  INFO 12340 --- [ecommerce] [scheduling-1] c.d.e.service.SincronizacaoService       : Ciclo finalizado. Total de atualizações enviadas: 0
2026-09-04T17:21:00.000-03:00  INFO 12340 --- [ecommerce] [scheduling-1] c.d.e.service.SincronizacaoService       : Lendo VW_ECOMMERCE_PRECOS no banco de dados...
2026-09-04T17:21:00.117-03:00  INFO 12340 --- [ecommerce] [scheduling-1] c.d.e.service.SincronizacaoService       : Ciclo finalizado. Total de atualizações enviadas: 0
2026-09-04T17:21:00.117-03:00  INFO 12340 --- [ecommerce] [scheduling-1] c.d.e.s.SincronizacaoEstoqueService      : [ESTOQUE] Lendo VW_ECOMMERCE_ESTOQUE no banco de dados...
2026-09-04T17:21:00.143-03:00  INFO 12340 --- [ecommerce] [scheduling-1] c.d.e.s.SincronizacaoEstoqueService      : [ESTOQUE] Ciclo finalizado. Total de atualizações enviadas: 0
2026-09-04T17:21:59.999-03:00  INFO 12340 --- [ecommerce] [scheduling-1] c.d.e.s.SincronizacaoEstoqueService      : [ESTOQUE] Lendo VW_ECOMMERCE_ESTOQUE no banco de dados...
2026-09-04T17:22:00.048-03:00  INFO 12340 --- [ecommerce] [scheduling-1] c.d.e.s.SincronizacaoEstoqueService      : [ESTOQUE] Ciclo finalizado. Total de atualizações enviadas: 0
2026-09-04T17:22:00.048-03:00  INFO 12340 --- [ecommerce] [scheduling-1] c.d.e.service.SincronizacaoService       : Lendo VW_ECOMMERCE_PRECOS no banco de dados...
2026-09-04T17:22:00.187-03:00  INFO 12340 --- [ecommerce] [scheduling-1] c.d.e.service.SincronizacaoService       : Ciclo finalizado. Total de atualizações enviadas: 0
2026-09-04T17:22:59.999-03:00  INFO 12340 --- [ecommerce] [scheduling-1] c.d.e.service.SincronizacaoService       : Lendo VW_ECOMMERCE_PRECOS no banco de dados...
2026-09-04T17:23:00.175-03:00  INFO 12340 --- [ecommerce] [scheduling-1] c.d.e.service.SincronizacaoService       : Ciclo finalizado. Total de atualizações enviadas: 0
2026-09-04T17:23:00.176-03:00  INFO 12340 --- [ecommerce] [scheduling-1] c.d.e.s.SincronizacaoEstoqueService      : [ESTOQUE] Lendo VW_ECOMMERCE_ESTOQUE no banco de dados...
2026-09-04T17:23:00.233-03:00  INFO 12340 --- [ecommerce] [scheduling-1] c.d.e.s.SincronizacaoEstoqueService      : [ESTOQUE] Ciclo finalizado. Total de atualizações enviadas: 0
2026-09-04T17:24:00.000-03:00  INFO 12340 --- [ecommerce] [scheduling-1] c.d.e.service.SincronizacaoService       : Lendo VW_ECOMMERCE_PRECOS no banco de dados...
2026-09-04T17:24:00.057-03:00  INFO 12340 --- [ecommerce] [scheduling-1] c.d.e.service.SincronizacaoService       : Ciclo finalizado. Total de atualizações enviadas: 0
2026-09-04T17:24:00.058-03:00  INFO 12340 --- [ecommerce] [scheduling-1] c.d.e.s.SincronizacaoEstoqueService      : [ESTOQUE] Lendo VW_ECOMMERCE_ESTOQUE no banco de dados...
2026-09-04T17:24:00.081-03:00  INFO 12340 --- [ecommerce] [scheduling-1] c.d.e.s.SincronizacaoEstoqueService      : [ESTOQUE] Ciclo finalizado. Total de atualizações enviadas: 0
2026-09-04T17:25:00.000-03:00  INFO 12340 --- [ecommerce] [scheduling-1] c.d.e.service.SincronizacaoService       : Lendo VW_ECOMMERCE_PRECOS no banco de dados...
2026-09-04T17:25:00.098-03:00  INFO 12340 --- [ecommerce] [scheduling-1] c.d.e.service.SincronizacaoService       : Ciclo finalizado. Total de atualizações enviadas: 0
2026-09-04T17:25:00.099-03:00  INFO 12340 --- [ecommerce] [scheduling-1] c.d.e.s.SincronizacaoEstoqueService      : [ESTOQUE] Lendo VW_ECOMMERCE_ESTOQUE no banco de dados...
2026-09-04T17:25:00.123-03:00  INFO 12340 --- [ecommerce] [scheduling-1] c.d.e.s.SincronizacaoEstoqueService      : [ESTOQUE] Ciclo finalizado. Total de atualizações enviadas: 0
2026-09-04T17:26:00.000-03:00  INFO 12340 --- [ecommerce] [scheduling-1] c.d.e.service.SincronizacaoService       : Lendo VW_ECOMMERCE_PRECOS no banco de dados...
2026-09-04T17:26:00.052-03:00  INFO 12340 --- [ecommerce] [scheduling-1] c.d.e.service.SincronizacaoService       : Ciclo finalizado. Total de atualizações enviadas: 0
2026-09-04T17:26:00.052-03:00  INFO 12340 --- [ecommerce] [scheduling-1] c.d.e.s.SincronizacaoEstoqueService      : [ESTOQUE] Lendo VW_ECOMMERCE_ESTOQUE no banco de dados...
2026-09-04T17:26:00.084-03:00  INFO 12340 --- [ecommerce] [scheduling-1] c.d.e.s.SincronizacaoEstoqueService      : [ESTOQUE] Ciclo finalizado. Total de atualizações enviadas: 0
2026-09-04T17:27:00.000-03:00  INFO 12340 --- [ecommerce] [scheduling-1] c.d.e.s.SincronizacaoEstoqueService      : [ESTOQUE] Lendo VW_ECOMMERCE_ESTOQUE no banco de dados...
2026-09-04T17:27:00.098-03:00  INFO 12340 --- [ecommerce] [scheduling-1] c.d.e.s.SincronizacaoEstoqueService      : [ESTOQUE] Ciclo finalizado. Total de atualizações enviadas: 0
2026-09-04T17:27:00.098-03:00  INFO 12340 --- [ecommerce] [scheduling-1] c.d.e.service.SincronizacaoService       : Lendo VW_ECOMMERCE_PRECOS no banco de dados...
2026-09-04T17:27:00.475-03:00  INFO 12340 --- [ecommerce] [scheduling-1] c.d.e.service.SincronizacaoService       : Ciclo finalizado. Total de atualizações enviadas: 0
2026-09-04T17:28:00.000-03:00  INFO 12340 --- [ecommerce] [scheduling-1] c.d.e.s.SincronizacaoEstoqueService      : [ESTOQUE] Lendo VW_ECOMMERCE_ESTOQUE no banco de dados...
2026-09-04T17:28:00.057-03:00  INFO 12340 --- [ecommerce] [scheduling-1] c.d.e.s.SincronizacaoEstoqueService      : [ESTOQUE] Ciclo finalizado. Total de atualizações enviadas: 0
2026-09-04T17:28:00.057-03:00  INFO 12340 --- [ecommerce] [scheduling-1] c.d.e.service.SincronizacaoService       : Lendo VW_ECOMMERCE_PRECOS no banco de dados...
2026-09-04T17:28:00.193-03:00  INFO 12340 --- [ecommerce] [scheduling-1] c.d.e.service.SincronizacaoService       : Ciclo finalizado. Total de atualizações enviadas: 0
2026-09-04T17:29:00.000-03:00  INFO 12340 --- [ecommerce] [scheduling-1] c.d.e.s.SincronizacaoEstoqueService      : [ESTOQUE] Lendo VW_ECOMMERCE_ESTOQUE no banco de dados...
2026-09-04T17:29:00.039-03:00  INFO 12340 --- [ecommerce] [scheduling-1] c.d.e.s.SincronizacaoEstoqueService      : [ESTOQUE] Ciclo finalizado. Total de atualizações enviadas: 0
2026-09-04T17:29:00.039-03:00  INFO 12340 --- [ecommerce] [scheduling-1] c.d.e.service.SincronizacaoService       : Lendo VW_ECOMMERCE_PRECOS no banco de dados...
2026-09-04T17:29:00.105-03:00  INFO 12340 --- [ecommerce] [scheduling-1] c.d.e.service.SincronizacaoService       : Ciclo finalizado. Total de atualizações enviadas: 0
2026-09-04T17:30:00.000-03:00  INFO 12340 --- [ecommerce] [scheduling-1] c.d.e.service.SincronizacaoService       : Lendo VW_ECOMMERCE_PRECOS no banco de dados...
2026-09-04T17:30:00.100-03:00  INFO 12340 --- [ecommerce] [scheduling-1] c.d.e.service.SincronizacaoService       : Ciclo finalizado. Total de atualizações enviadas: 0
2026-09-04T17:30:00.100-03:00  INFO 12340 --- [ecommerce] [scheduling-1] c.d.e.s.SincronizacaoEstoqueService      : [ESTOQUE] Lendo VW_ECOMMERCE_ESTOQUE no banco de dados...
2026-09-04T17:30:00.134-03:00  INFO 12340 --- [ecommerce] [scheduling-1] c.d.e.s.SincronizacaoEstoqueService      : [ESTOQUE] Ciclo finalizado. Total de atualizações enviadas: 0
2026-09-04T17:30:59.999-03:00  INFO 12340 --- [ecommerce] [scheduling-1] c.d.e.service.SincronizacaoService       : Lendo VW_ECOMMERCE_PRECOS no banco de dados...
2026-09-04T17:31:00.159-03:00  INFO 12340 --- [ecommerce] [scheduling-1] c.d.e.service.SincronizacaoService       : Ciclo finalizado. Total de atualizações enviadas: 0
2026-09-04T17:31:00.159-03:00  INFO 12340 --- [ecommerce] [scheduling-1] c.d.e.s.SincronizacaoEstoqueService      : [ESTOQUE] Lendo VW_ECOMMERCE_ESTOQUE no banco de dados...
2026-09-04T17:31:00.191-03:00  INFO 12340 --- [ecommerce] [scheduling-1] c.d.e.s.SincronizacaoEstoqueService      : [ESTOQUE] Ciclo finalizado. Total de atualizações enviadas: 0
2026-09-04T17:32:00.000-03:00  INFO 12340 --- [ecommerce] [scheduling-1] c.d.e.s.SincronizacaoEstoqueService      : [ESTOQUE] Lendo VW_ECOMMERCE_ESTOQUE no banco de dados...
2026-09-04T17:32:00.053-03:00  INFO 12340 --- [ecommerce] [scheduling-1] c.d.e.s.SincronizacaoEstoqueService      : [ESTOQUE] Ciclo finalizado. Total de atualizações enviadas: 0
2026-09-04T17:32:00.053-03:00  INFO 12340 --- [ecommerce] [scheduling-1] c.d.e.service.SincronizacaoService       : Lendo VW_ECOMMERCE_PRECOS no banco de dados...
2026-09-04T17:32:00.103-03:00  INFO 12340 --- [ecommerce] [scheduling-1] c.d.e.service.SincronizacaoService       : Ciclo finalizado. Total de atualizações enviadas: 0
2026-09-04T17:33:00.001-03:00  INFO 12340 --- [ecommerce] [scheduling-1] c.d.e.s.SincronizacaoEstoqueService      : [ESTOQUE] Lendo VW_ECOMMERCE_ESTOQUE no banco de dados...
2026-09-04T17:33:00.054-03:00  INFO 12340 --- [ecommerce] [scheduling-1] c.d.e.s.SincronizacaoEstoqueService      : [ESTOQUE] Ciclo finalizado. Total de atualizações enviadas: 0
2026-09-04T17:33:00.054-03:00  INFO 12340 --- [ecommerce] [scheduling-1] c.d.e.service.SincronizacaoService       : Lendo VW_ECOMMERCE_PRECOS no banco de dados...
2026-09-04T17:33:00.239-03:00  INFO 12340 --- [ecommerce] [scheduling-1] c.d.e.service.SincronizacaoService       : Ciclo finalizado. Total de atualizações enviadas: 0
2026-09-04T17:34:00.000-03:00  INFO 12340 --- [ecommerce] [scheduling-1] c.d.e.service.SincronizacaoService       : Lendo VW_ECOMMERCE_PRECOS no banco de dados...
2026-09-04T17:34:00.053-03:00  INFO 12340 --- [ecommerce] [scheduling-1] c.d.e.service.SincronizacaoService       : Ciclo finalizado. Total de atualizações enviadas: 0
2026-09-04T17:34:00.053-03:00  INFO 12340 --- [ecommerce] [scheduling-1] c.d.e.s.SincronizacaoEstoqueService      : [ESTOQUE] Lendo VW_ECOMMERCE_ESTOQUE no banco de dados...
2026-09-04T17:34:00.085-03:00  INFO 12340 --- [ecommerce] [scheduling-1] c.d.e.s.SincronizacaoEstoqueService      : [ESTOQUE] Ciclo finalizado. Total de atualizações enviadas: 0
2026-09-04T17:35:00.000-03:00  INFO 12340 --- [ecommerce] [scheduling-1] c.d.e.service.SincronizacaoService       : Lendo VW_ECOMMERCE_PRECOS no banco de dados...
2026-09-04T17:35:00.273-03:00  INFO 12340 --- [ecommerce] [scheduling-1] c.d.e.service.SincronizacaoService       : Ciclo finalizado. Total de atualizações enviadas: 0
2026-09-04T17:35:00.274-03:00  INFO 12340 --- [ecommerce] [scheduling-1] c.d.e.s.SincronizacaoEstoqueService      : [ESTOQUE] Lendo VW_ECOMMERCE_ESTOQUE no banco de dados...
2026-09-04T17:35:00.296-03:00  INFO 12340 --- [ecommerce] [scheduling-1] c.d.e.s.SincronizacaoEstoqueService      : [ESTOQUE] Ciclo finalizado. Total de atualizações enviadas: 0
2026-09-04T17:36:00.000-03:00  INFO 12340 --- [ecommerce] [scheduling-1] c.d.e.service.SincronizacaoService       : Lendo VW_ECOMMERCE_PRECOS no banco de dados...
2026-09-04T17:36:00.336-03:00  INFO 12340 --- [ecommerce] [scheduling-1] c.d.e.service.SincronizacaoService       : Ciclo finalizado. Total de atualizações enviadas: 0
2026-09-04T17:36:00.336-03:00  INFO 12340 --- [ecommerce] [scheduling-1] c.d.e.s.SincronizacaoEstoqueService      : [ESTOQUE] Lendo VW_ECOMMERCE_ESTOQUE no banco de dados...
2026-09-04T17:36:00.378-03:00  INFO 12340 --- [ecommerce] [scheduling-1] c.d.e.s.SincronizacaoEstoqueService      : [ESTOQUE] Ciclo finalizado. Total de atualizações enviadas: 0
2026-09-04T17:36:59.999-03:00  INFO 12340 --- [ecommerce] [scheduling-1] c.d.e.s.SincronizacaoEstoqueService      : [ESTOQUE] Lendo VW_ECOMMERCE_ESTOQUE no banco de dados...
2026-09-04T17:37:00.071-03:00  INFO 12340 --- [ecommerce] [scheduling-1] c.d.e.s.SincronizacaoEstoqueService      : [ESTOQUE] Ciclo finalizado. Total de atualizações enviadas: 0
2026-09-04T17:37:00.071-03:00  INFO 12340 --- [ecommerce] [scheduling-1] c.d.e.service.SincronizacaoService       : Lendo VW_ECOMMERCE_PRECOS no banco de dados...
2026-09-04T17:37:00.174-03:00  INFO 12340 --- [ecommerce] [scheduling-1] c.d.e.service.SincronizacaoService       : Ciclo finalizado. Total de atualizações enviadas: 0
2026-09-04T17:38:00.000-03:00  INFO 12340 --- [ecommerce] [scheduling-1] c.d.e.s.SincronizacaoEstoqueService      : [ESTOQUE] Lendo VW_ECOMMERCE_ESTOQUE no banco de dados...
2026-09-04T17:38:00.040-03:00  INFO 12340 --- [ecommerce] [scheduling-1] c.d.e.s.SincronizacaoEstoqueService      : [ESTOQUE] Ciclo finalizado. Total de atualizações enviadas: 0
2026-09-04T17:38:00.040-03:00  INFO 12340 --- [ecommerce] [scheduling-1] c.d.e.service.SincronizacaoService       : Lendo VW_ECOMMERCE_PRECOS no banco de dados...
2026-09-04T17:38:00.088-03:00  INFO 12340 --- [ecommerce] [scheduling-1] c.d.e.service.SincronizacaoService       : Ciclo finalizado. Total de atualizações enviadas: 0
2026-09-04T17:39:00.000-03:00  INFO 12340 --- [ecommerce] [scheduling-1] c.d.e.s.SincronizacaoEstoqueService      : [ESTOQUE] Lendo VW_ECOMMERCE_ESTOQUE no banco de dados...
2026-09-04T17:39:00.043-03:00  INFO 12340 --- [ecommerce] [scheduling-1] c.d.e.s.SincronizacaoEstoqueService      : [ESTOQUE] Ciclo finalizado. Total de atualizações enviadas: 0
2026-09-04T17:39:00.043-03:00  INFO 12340 --- [ecommerce] [scheduling-1] c.d.e.service.SincronizacaoService       : Lendo VW_ECOMMERCE_PRECOS no banco de dados...
2026-09-04T17:39:00.124-03:00  INFO 12340 --- [ecommerce] [scheduling-1] c.d.e.service.SincronizacaoService       : Ciclo finalizado. Total de atualizações enviadas: 0
2026-09-04T17:40:00.000-03:00  INFO 12340 --- [ecommerce] [scheduling-1] c.d.e.service.SincronizacaoService       : Lendo VW_ECOMMERCE_PRECOS no banco de dados...
2026-09-04T17:40:00.088-03:00  INFO 12340 --- [ecommerce] [scheduling-1] c.d.e.service.SincronizacaoService       : Ciclo finalizado. Total de atualizações enviadas: 0
2026-09-04T17:40:00.088-03:00  INFO 12340 --- [ecommerce] [scheduling-1] c.d.e.s.SincronizacaoEstoqueService      : [ESTOQUE] Lendo VW_ECOMMERCE_ESTOQUE no banco de dados...
2026-09-04T17:40:00.115-03:00  INFO 12340 --- [ecommerce] [scheduling-1] c.d.e.s.SincronizacaoEstoqueService      : [ESTOQUE] Ciclo finalizado. Total de atualizações enviadas: 0
2026-09-04T17:41:00.000-03:00  INFO 12340 --- [ecommerce] [scheduling-1] c.d.e.service.SincronizacaoService       : Lendo VW_ECOMMERCE_PRECOS no banco de dados...
2026-09-04T17:41:00.638-03:00  INFO 12340 --- [ecommerce] [scheduling-1] c.d.e.service.SincronizacaoService       : Ciclo finalizado. Total de atualizações enviadas: 0
2026-09-04T17:41:00.639-03:00  INFO 12340 --- [ecommerce] [scheduling-1] c.d.e.s.SincronizacaoEstoqueService      : [ESTOQUE] Lendo VW_ECOMMERCE_ESTOQUE no banco de dados...
2026-09-04T17:41:00.701-03:00  INFO 12340 --- [ecommerce] [scheduling-1] c.d.e.s.SincronizacaoEstoqueService      : [ESTOQUE] Ciclo finalizado. Total de atualizações enviadas: 0
2026-09-04T17:42:00.000-03:00  INFO 12340 --- [ecommerce] [scheduling-1] c.d.e.s.SincronizacaoEstoqueService      : [ESTOQUE] Lendo VW_ECOMMERCE_ESTOQUE no banco de dados...
2026-09-04T17:42:00.060-03:00  INFO 12340 --- [ecommerce] [scheduling-1] c.d.e.s.SincronizacaoEstoqueService      : [ESTOQUE] Ciclo finalizado. Total de atualizações enviadas: 0
2026-09-04T17:42:00.060-03:00  INFO 12340 --- [ecommerce] [scheduling-1] c.d.e.service.SincronizacaoService       : Lendo VW_ECOMMERCE_PRECOS no banco de dados...
2026-09-04T17:42:00.195-03:00  INFO 12340 --- [ecommerce] [scheduling-1] c.d.e.service.SincronizacaoService       : Ciclo finalizado. Total de atualizações enviadas: 0
2026-09-04T17:43:00.000-03:00  INFO 12340 --- [ecommerce] [scheduling-1] c.d.e.s.SincronizacaoEstoqueService      : [ESTOQUE] Lendo VW_ECOMMERCE_ESTOQUE no banco de dados...
2026-09-04T17:43:00.104-03:00  INFO 12340 --- [ecommerce] [scheduling-1] c.d.e.s.SincronizacaoEstoqueService      : [ESTOQUE] Ciclo finalizado. Total de atualizações enviadas: 0
2026-09-04T17:43:00.104-03:00  INFO 12340 --- [ecommerce] [scheduling-1] c.d.e.service.SincronizacaoService       : Lendo VW_ECOMMERCE_PRECOS no banco de dados...
2026-09-04T17:43:00.186-03:00  INFO 12340 --- [ecommerce] [scheduling-1] c.d.e.service.SincronizacaoService       : Ciclo finalizado. Total de atualizações enviadas: 0
2026-09-04T17:44:00.000-03:00  INFO 12340 --- [ecommerce] [scheduling-1] c.d.e.service.SincronizacaoService       : Lendo VW_ECOMMERCE_PRECOS no banco de dados...
2026-09-04T17:44:00.938-03:00  INFO 12340 --- [ecommerce] [scheduling-1] c.d.e.service.SincronizacaoService       : Ciclo finalizado. Total de atualizações enviadas: 0
2026-09-04T17:44:00.939-03:00  INFO 12340 --- [ecommerce] [scheduling-1] c.d.e.s.SincronizacaoEstoqueService      : [ESTOQUE] Lendo VW_ECOMMERCE_ESTOQUE no banco de dados...
2026-09-04T17:44:01.035-03:00  INFO 12340 --- [ecommerce] [scheduling-1] c.d.e.s.SincronizacaoEstoqueService      : [ESTOQUE] Ciclo finalizado. Total de atualizações enviadas: 0
2026-09-04T17:45:00.000-03:00  INFO 12340 --- [ecommerce] [scheduling-1] c.d.e.service.SincronizacaoService       : Lendo VW_ECOMMERCE_PRECOS no banco de dados...
2026-09-04T17:45:00.224-03:00  INFO 12340 --- [ecommerce] [scheduling-1] c.d.e.service.SincronizacaoService       : Ciclo finalizado. Total de atualizações enviadas: 0
2026-09-04T17:45:00.225-03:00  INFO 12340 --- [ecommerce] [scheduling-1] c.d.e.s.SincronizacaoEstoqueService      : [ESTOQUE] Lendo VW_ECOMMERCE_ESTOQUE no banco de dados...
2026-09-04T17:45:00.270-03:00  INFO 12340 --- [ecommerce] [scheduling-1] c.d.e.s.SincronizacaoEstoqueService      : [ESTOQUE] Ciclo finalizado. Total de atualizações enviadas: 0
2026-09-04T17:46:00.000-03:00  INFO 12340 --- [ecommerce] [scheduling-1] c.d.e.service.SincronizacaoService       : Lendo VW_ECOMMERCE_PRECOS no banco de dados...
2026-09-04T17:46:00.104-03:00  INFO 12340 --- [ecommerce] [scheduling-1] c.d.e.service.SincronizacaoService       : Ciclo finalizado. Total de atualizações enviadas: 0
2026-09-04T17:46:00.105-03:00  INFO 12340 --- [ecommerce] [scheduling-1] c.d.e.s.SincronizacaoEstoqueService      : [ESTOQUE] Lendo VW_ECOMMERCE_ESTOQUE no banco de dados...
2026-09-04T17:46:00.130-03:00  INFO 12340 --- [ecommerce] [scheduling-1] c.d.e.s.SincronizacaoEstoqueService      : [ESTOQUE] Ciclo finalizado. Total de atualizações enviadas: 0
2026-09-04T17:47:00.000-03:00  INFO 12340 --- [ecommerce] [scheduling-1] c.d.e.service.SincronizacaoService       : Lendo VW_ECOMMERCE_PRECOS no banco de dados...
2026-09-04T17:47:00.149-03:00  INFO 12340 --- [ecommerce] [scheduling-1] c.d.e.service.SincronizacaoService       : Ciclo finalizado. Total de atualizações enviadas: 0
2026-09-04T17:47:00.150-03:00  INFO 12340 --- [ecommerce] [scheduling-1] c.d.e.s.SincronizacaoEstoqueService      : [ESTOQUE] Lendo VW_ECOMMERCE_ESTOQUE no banco de dados...
2026-09-04T17:47:00.172-03:00  INFO 12340 --- [ecommerce] [scheduling-1] c.d.e.s.SincronizacaoEstoqueService      : [ESTOQUE] Ciclo finalizado. Total de atualizações enviadas: 0
2026-09-04T17:47:59.999-03:00  INFO 12340 --- [ecommerce] [scheduling-1] c.d.e.s.SincronizacaoEstoqueService      : [ESTOQUE] Lendo VW_ECOMMERCE_ESTOQUE no banco de dados...
2026-09-04T17:48:00.038-03:00  INFO 12340 --- [ecommerce] [scheduling-1] c.d.e.s.SincronizacaoEstoqueService      : [ESTOQUE] Ciclo finalizado. Total de atualizações enviadas: 0
2026-09-04T17:48:00.039-03:00  INFO 12340 --- [ecommerce] [scheduling-1] c.d.e.service.SincronizacaoService       : Lendo VW_ECOMMERCE_PRECOS no banco de dados...
2026-09-04T17:48:00.100-03:00  INFO 12340 --- [ecommerce] [scheduling-1] c.d.e.service.SincronizacaoService       : Ciclo finalizado. Total de atualizações enviadas: 0
2026-09-04T17:49:00.001-03:00  INFO 12340 --- [ecommerce] [scheduling-1] c.d.e.service.SincronizacaoService       : Lendo VW_ECOMMERCE_PRECOS no banco de dados...
2026-09-04T17:49:00.143-03:00  INFO 12340 --- [ecommerce] [scheduling-1] c.d.e.service.SincronizacaoService       : Ciclo finalizado. Total de atualizações enviadas: 0
2026-09-04T17:49:00.143-03:00  INFO 12340 --- [ecommerce] [scheduling-1] c.d.e.s.SincronizacaoEstoqueService      : [ESTOQUE] Lendo VW_ECOMMERCE_ESTOQUE no banco de dados...
2026-09-04T17:49:00.167-03:00  INFO 12340 --- [ecommerce] [scheduling-1] c.d.e.s.SincronizacaoEstoqueService      : [ESTOQUE] Ciclo finalizado. Total de atualizações enviadas: 0
2026-09-04T17:49:59.999-03:00  INFO 12340 --- [ecommerce] [scheduling-1] c.d.e.s.SincronizacaoEstoqueService      : [ESTOQUE] Lendo VW_ECOMMERCE_ESTOQUE no banco de dados...
2026-09-04T17:50:00.049-03:00  INFO 12340 --- [ecommerce] [scheduling-1] c.d.e.s.SincronizacaoEstoqueService      : [ESTOQUE] Ciclo finalizado. Total de atualizações enviadas: 0
2026-09-04T17:50:00.051-03:00  INFO 12340 --- [ecommerce] [scheduling-1] c.d.e.service.SincronizacaoService       : Lendo VW_ECOMMERCE_PRECOS no banco de dados...
2026-09-04T17:50:00.112-03:00  INFO 12340 --- [ecommerce] [scheduling-1] c.d.e.service.SincronizacaoService       : Ciclo finalizado. Total de atualizações enviadas: 0
2026-09-04T17:51:00.000-03:00  INFO 12340 --- [ecommerce] [scheduling-1] c.d.e.s.SincronizacaoEstoqueService      : [ESTOQUE] Lendo VW_ECOMMERCE_ESTOQUE no banco de dados...
2026-09-04T17:51:00.075-03:00  INFO 12340 --- [ecommerce] [scheduling-1] c.d.e.s.SincronizacaoEstoqueService      : [ESTOQUE] Ciclo finalizado. Total de atualizações enviadas: 0
2026-09-04T17:51:00.075-03:00  INFO 12340 --- [ecommerce] [scheduling-1] c.d.e.service.SincronizacaoService       : Lendo VW_ECOMMERCE_PRECOS no banco de dados...
2026-09-04T17:51:00.120-03:00  INFO 12340 --- [ecommerce] [scheduling-1] c.d.e.service.SincronizacaoService       : Ciclo finalizado. Total de atualizações enviadas: 0
2026-09-04T17:52:00.000-03:00  INFO 12340 --- [ecommerce] [scheduling-1] c.d.e.service.SincronizacaoService       : Lendo VW_ECOMMERCE_PRECOS no banco de dados...
2026-09-04T17:52:00.122-03:00  INFO 12340 --- [ecommerce] [scheduling-1] c.d.e.service.SincronizacaoService       : Ciclo finalizado. Total de atualizações enviadas: 0
2026-09-04T17:52:00.122-03:00  INFO 12340 --- [ecommerce] [scheduling-1] c.d.e.s.SincronizacaoEstoqueService      : [ESTOQUE] Lendo VW_ECOMMERCE_ESTOQUE no banco de dados...
2026-09-04T17:52:00.143-03:00  INFO 12340 --- [ecommerce] [scheduling-1] c.d.e.s.SincronizacaoEstoqueService      : [ESTOQUE] Ciclo finalizado. Total de atualizações enviadas: 0
2026-09-04T17:53:00.001-03:00  INFO 12340 --- [ecommerce] [scheduling-1] c.d.e.s.SincronizacaoEstoqueService      : [ESTOQUE] Lendo VW_ECOMMERCE_ESTOQUE no banco de dados...
2026-09-04T17:53:00.042-03:00  INFO 12340 --- [ecommerce] [scheduling-1] c.d.e.s.SincronizacaoEstoqueService      : [ESTOQUE] Ciclo finalizado. Total de atualizações enviadas: 0
2026-09-04T17:53:00.043-03:00  INFO 12340 --- [ecommerce] [scheduling-1] c.d.e.service.SincronizacaoService       : Lendo VW_ECOMMERCE_PRECOS no banco de dados...
2026-09-04T17:53:00.101-03:00  INFO 12340 --- [ecommerce] [scheduling-1] c.d.e.service.SincronizacaoService       : Ciclo finalizado. Total de atualizações enviadas: 0
2026-09-04T17:54:00.001-03:00  INFO 12340 --- [ecommerce] [scheduling-1] c.d.e.service.SincronizacaoService       : Lendo VW_ECOMMERCE_PRECOS no banco de dados...
2026-09-04T17:54:00.158-03:00  INFO 12340 --- [ecommerce] [scheduling-1] c.d.e.service.SincronizacaoService       : Ciclo finalizado. Total de atualizações enviadas: 0
2026-09-04T17:54:00.158-03:00  INFO 12340 --- [ecommerce] [scheduling-1] c.d.e.s.SincronizacaoEstoqueService      : [ESTOQUE] Lendo VW_ECOMMERCE_ESTOQUE no banco de dados...
2026-09-04T17:54:00.178-03:00  INFO 12340 --- [ecommerce] [scheduling-1] c.d.e.s.SincronizacaoEstoqueService      : [ESTOQUE] Ciclo finalizado. Total de atualizações enviadas: 0
2026-09-04T17:55:00.000-03:00  INFO 12340 --- [ecommerce] [scheduling-1] c.d.e.s.SincronizacaoEstoqueService      : [ESTOQUE] Lendo VW_ECOMMERCE_ESTOQUE no banco de dados...
2026-09-04T17:55:00.049-03:00  INFO 12340 --- [ecommerce] [scheduling-1] c.d.e.s.SincronizacaoEstoqueService      : [ESTOQUE] Ciclo finalizado. Total de atualizações enviadas: 0
2026-09-04T17:55:00.049-03:00  INFO 12340 --- [ecommerce] [scheduling-1] c.d.e.service.SincronizacaoService       : Lendo VW_ECOMMERCE_PRECOS no banco de dados...
2026-09-04T17:55:00.097-03:00  INFO 12340 --- [ecommerce] [scheduling-1] c.d.e.service.SincronizacaoService       : Ciclo finalizado. Total de atualizações enviadas: 0
2026-09-04T17:56:00.000-03:00  INFO 12340 --- [ecommerce] [scheduling-1] c.d.e.s.SincronizacaoEstoqueService      : [ESTOQUE] Lendo VW_ECOMMERCE_ESTOQUE no banco de dados...
2026-09-04T17:56:00.094-03:00  INFO 12340 --- [ecommerce] [scheduling-1] c.d.e.s.SincronizacaoEstoqueService      : [ESTOQUE] Ciclo finalizado. Total de atualizações enviadas: 0
2026-09-04T17:56:00.094-03:00  INFO 12340 --- [ecommerce] [scheduling-1] c.d.e.service.SincronizacaoService       : Lendo VW_ECOMMERCE_PRECOS no banco de dados...
2026-09-04T17:56:00.141-03:00  INFO 12340 --- [ecommerce] [scheduling-1] c.d.e.service.SincronizacaoService       : Ciclo finalizado. Total de atualizações enviadas: 0
2026-09-04T17:56:59.999-03:00  INFO 12340 --- [ecommerce] [scheduling-1] c.d.e.service.SincronizacaoService       : Lendo VW_ECOMMERCE_PRECOS no banco de dados...
2026-09-04T17:57:00.086-03:00  INFO 12340 --- [ecommerce] [scheduling-1] c.d.e.service.SincronizacaoService       : Ciclo finalizado. Total de atualizações enviadas: 0
2026-09-04T17:57:00.086-03:00  INFO 12340 --- [ecommerce] [scheduling-1] c.d.e.s.SincronizacaoEstoqueService      : [ESTOQUE] Lendo VW_ECOMMERCE_ESTOQUE no banco de dados...
2026-09-04T17:57:00.115-03:00  INFO 12340 --- [ecommerce] [scheduling-1] c.d.e.s.SincronizacaoEstoqueService      : [ESTOQUE] Ciclo finalizado. Total de atualizações enviadas: 0
2026-09-04T17:57:59.999-03:00  INFO 12340 --- [ecommerce] [scheduling-1] c.d.e.s.SincronizacaoEstoqueService      : [ESTOQUE] Lendo VW_ECOMMERCE_ESTOQUE no banco de dados...
2026-09-04T17:58:00.072-03:00  INFO 12340 --- [ecommerce] [scheduling-1] c.d.e.s.SincronizacaoEstoqueService      : [ESTOQUE] Ciclo finalizado. Total de atualizações enviadas: 0
2026-09-04T17:58:00.073-03:00  INFO 12340 --- [ecommerce] [scheduling-1] c.d.e.service.SincronizacaoService       : Lendo VW_ECOMMERCE_PRECOS no banco de dados...
2026-09-04T17:58:00.117-03:00  INFO 12340 --- [ecommerce] [scheduling-1] c.d.e.service.SincronizacaoService       : Ciclo finalizado. Total de atualizações enviadas: 0
2026-09-04T17:59:00.001-03:00  INFO 12340 --- [ecommerce] [scheduling-1] c.d.e.service.SincronizacaoService       : Lendo VW_ECOMMERCE_PRECOS no banco de dados...
2026-09-04T17:59:00.054-03:00  INFO 12340 --- [ecommerce] [scheduling-1] c.d.e.service.SincronizacaoService       : Ciclo finalizado. Total de atualizações enviadas: 0
2026-09-04T17:59:00.054-03:00  INFO 12340 --- [ecommerce] [scheduling-1] c.d.e.s.SincronizacaoEstoqueService      : [ESTOQUE] Lendo VW_ECOMMERCE_ESTOQUE no banco de dados...
2026-09-04T17:59:00.078-03:00  INFO 12340 --- [ecommerce] [scheduling-1] c.d.e.s.SincronizacaoEstoqueService      : [ESTOQUE] Ciclo finalizado. Total de atualizações enviadas: 0
2026-09-04T18:00:00.001-03:00  INFO 12340 --- [ecommerce] [scheduling-1] c.d.e.service.SincronizacaoService       : Lendo VW_ECOMMERCE_PRECOS no banco de dados...
2026-09-04T18:00:00.364-03:00  INFO 12340 --- [ecommerce] [scheduling-1] c.d.e.service.SincronizacaoService       : Ciclo finalizado. Total de atualizações enviadas: 0
2026-09-04T18:00:00.365-03:00  INFO 12340 --- [ecommerce] [scheduling-1] c.d.e.s.SincronizacaoEstoqueService      : [ESTOQUE] Lendo VW_ECOMMERCE_ESTOQUE no banco de dados...
2026-09-04T18:00:00.448-03:00  INFO 12340 --- [ecommerce] [scheduling-1] c.d.e.s.SincronizacaoEstoqueService      : [ESTOQUE] Ciclo finalizado. Total de atualizações enviadas: 0
2026-09-04T18:00:59.999-03:00  INFO 12340 --- [ecommerce] [scheduling-1] c.d.e.s.SincronizacaoEstoqueService      : [ESTOQUE] Lendo VW_ECOMMERCE_ESTOQUE no banco de dados...
2026-09-04T18:01:00.100-03:00  INFO 12340 --- [ecommerce] [scheduling-1] c.d.e.s.SincronizacaoEstoqueService      : [ESTOQUE] Ciclo finalizado. Total de atualizações enviadas: 0
2026-09-04T18:01:00.100-03:00  INFO 12340 --- [ecommerce] [scheduling-1] c.d.e.service.SincronizacaoService       : Lendo VW_ECOMMERCE_PRECOS no banco de dados...
2026-09-04T18:01:00.414-03:00  INFO 12340 --- [ecommerce] [scheduling-1] c.d.e.service.SincronizacaoService       : Ciclo finalizado. Total de atualizações enviadas: 0
2026-09-04T18:02:00.000-03:00  INFO 12340 --- [ecommerce] [scheduling-1] c.d.e.s.SincronizacaoEstoqueService      : [ESTOQUE] Lendo VW_ECOMMERCE_ESTOQUE no banco de dados...
2026-09-04T18:02:00.045-03:00  INFO 12340 --- [ecommerce] [scheduling-1] c.d.e.s.SincronizacaoEstoqueService      : [ESTOQUE] Ciclo finalizado. Total de atualizações enviadas: 0
2026-09-04T18:02:00.046-03:00  INFO 12340 --- [ecommerce] [scheduling-1] c.d.e.service.SincronizacaoService       : Lendo VW_ECOMMERCE_PRECOS no banco de dados...
2026-09-04T18:02:00.195-03:00  INFO 12340 --- [ecommerce] [scheduling-1] c.d.e.service.SincronizacaoService       : Ciclo finalizado. Total de atualizações enviadas: 0
2026-09-04T18:03:00.000-03:00  INFO 12340 --- [ecommerce] [scheduling-1] c.d.e.service.SincronizacaoService       : Lendo VW_ECOMMERCE_PRECOS no banco de dados...
2026-09-04T18:03:00.084-03:00  INFO 12340 --- [ecommerce] [scheduling-1] c.d.e.service.SincronizacaoService       : Ciclo finalizado. Total de atualizações enviadas: 0
2026-09-04T18:03:00.085-03:00  INFO 12340 --- [ecommerce] [scheduling-1] c.d.e.s.SincronizacaoEstoqueService      : [ESTOQUE] Lendo VW_ECOMMERCE_ESTOQUE no banco de dados...
2026-09-04T18:03:00.116-03:00  INFO 12340 --- [ecommerce] [scheduling-1] c.d.e.s.SincronizacaoEstoqueService      : [ESTOQUE] Ciclo finalizado. Total de atualizações enviadas: 0
2026-09-04T18:04:00.000-03:00  INFO 12340 --- [ecommerce] [scheduling-1] c.d.e.service.SincronizacaoService       : Lendo VW_ECOMMERCE_PRECOS no banco de dados...
2026-09-04T18:04:00.057-03:00  INFO 12340 --- [ecommerce] [scheduling-1] c.d.e.service.SincronizacaoService       : Ciclo finalizado. Total de atualizações enviadas: 0
2026-09-04T18:04:00.057-03:00  INFO 12340 --- [ecommerce] [scheduling-1] c.d.e.s.SincronizacaoEstoqueService      : [ESTOQUE] Lendo VW_ECOMMERCE_ESTOQUE no banco de dados...
2026-09-04T18:04:00.086-03:00  INFO 12340 --- [ecommerce] [scheduling-1] c.d.e.s.SincronizacaoEstoqueService      : [ESTOQUE] Ciclo finalizado. Total de atualizações enviadas: 0
2026-09-04T18:05:00.000-03:00  INFO 12340 --- [ecommerce] [scheduling-1] c.d.e.s.SincronizacaoEstoqueService      : [ESTOQUE] Lendo VW_ECOMMERCE_ESTOQUE no banco de dados...
2026-09-04T18:05:00.142-03:00  INFO 12340 --- [ecommerce] [scheduling-1] c.d.e.s.SincronizacaoEstoqueService      : [ESTOQUE] Ciclo finalizado. Total de atualizações enviadas: 0
2026-09-04T18:05:00.142-03:00  INFO 12340 --- [ecommerce] [scheduling-1] c.d.e.service.SincronizacaoService       : Lendo VW_ECOMMERCE_PRECOS no banco de dados...
2026-09-04T18:05:00.255-03:00  INFO 12340 --- [ecommerce] [scheduling-1] c.d.e.service.SincronizacaoService       : Ciclo finalizado. Total de atualizações enviadas: 0
2026-09-04T18:06:00.000-03:00  INFO 12340 --- [ecommerce] [scheduling-1] c.d.e.s.SincronizacaoEstoqueService      : [ESTOQUE] Lendo VW_ECOMMERCE_ESTOQUE no banco de dados...
2026-09-04T18:06:00.122-03:00  INFO 12340 --- [ecommerce] [scheduling-1] c.d.e.s.SincronizacaoEstoqueService      : [ESTOQUE] Ciclo finalizado. Total de atualizações enviadas: 0
2026-09-04T18:06:00.122-03:00  INFO 12340 --- [ecommerce] [scheduling-1] c.d.e.service.SincronizacaoService       : Lendo VW_ECOMMERCE_PRECOS no banco de dados...
2026-09-04T18:06:00.540-03:00  INFO 12340 --- [ecommerce] [scheduling-1] c.d.e.service.SincronizacaoService       : Ciclo finalizado. Total de atualizações enviadas: 0
2026-09-04T18:06:59.999-03:00  INFO 12340 --- [ecommerce] [scheduling-1] c.d.e.s.SincronizacaoEstoqueService      : [ESTOQUE] Lendo VW_ECOMMERCE_ESTOQUE no banco de dados...
2026-09-04T18:07:00.055-03:00  INFO 12340 --- [ecommerce] [scheduling-1] c.d.e.s.SincronizacaoEstoqueService      : [ESTOQUE] Ciclo finalizado. Total de atualizações enviadas: 0
2026-09-04T18:07:00.056-03:00  INFO 12340 --- [ecommerce] [scheduling-1] c.d.e.service.SincronizacaoService       : Lendo VW_ECOMMERCE_PRECOS no banco de dados...
2026-09-04T18:07:00.122-03:00  INFO 12340 --- [ecommerce] [scheduling-1] c.d.e.service.SincronizacaoService       : Ciclo finalizado. Total de atualizações enviadas: 0
2026-09-04T18:08:00.000-03:00  INFO 12340 --- [ecommerce] [scheduling-1] c.d.e.s.SincronizacaoEstoqueService      : [ESTOQUE] Lendo VW_ECOMMERCE_ESTOQUE no banco de dados...
2026-09-04T18:08:00.074-03:00  INFO 12340 --- [ecommerce] [scheduling-1] c.d.e.s.SincronizacaoEstoqueService      : [ESTOQUE] Ciclo finalizado. Total de atualizações enviadas: 0
2026-09-04T18:08:00.074-03:00  INFO 12340 --- [ecommerce] [scheduling-1] c.d.e.service.SincronizacaoService       : Lendo VW_ECOMMERCE_PRECOS no banco de dados...
2026-09-04T18:08:00.241-03:00  INFO 12340 --- [ecommerce] [scheduling-1] c.d.e.service.SincronizacaoService       : Ciclo finalizado. Total de atualizações enviadas: 0
2026-09-04T18:09:00.000-03:00  INFO 12340 --- [ecommerce] [scheduling-1] c.d.e.s.SincronizacaoEstoqueService      : [ESTOQUE] Lendo VW_ECOMMERCE_ESTOQUE no banco de dados...
2026-09-04T18:09:00.100-03:00  INFO 12340 --- [ecommerce] [scheduling-1] c.d.e.s.SincronizacaoEstoqueService      : [ESTOQUE] Ciclo finalizado. Total de atualizações enviadas: 0
2026-09-04T18:09:00.100-03:00  INFO 12340 --- [ecommerce] [scheduling-1] c.d.e.service.SincronizacaoService       : Lendo VW_ECOMMERCE_PRECOS no banco de dados...
2026-09-04T18:09:00.149-03:00  INFO 12340 --- [ecommerce] [scheduling-1] c.d.e.service.SincronizacaoService       : Ciclo finalizado. Total de atualizações enviadas: 0
2026-09-04T18:10:00.000-03:00  INFO 12340 --- [ecommerce] [scheduling-1] c.d.e.s.SincronizacaoEstoqueService      : [ESTOQUE] Lendo VW_ECOMMERCE_ESTOQUE no banco de dados...
2026-09-04T18:10:00.044-03:00  INFO 12340 --- [ecommerce] [scheduling-1] c.d.e.s.SincronizacaoEstoqueService      : [ESTOQUE] Ciclo finalizado. Total de atualizações enviadas: 0
2026-09-04T18:10:00.045-03:00  INFO 12340 --- [ecommerce] [scheduling-1] c.d.e.service.SincronizacaoService       : Lendo VW_ECOMMERCE_PRECOS no banco de dados...
2026-09-04T18:10:00.094-03:00  INFO 12340 --- [ecommerce] [scheduling-1] c.d.e.service.SincronizacaoService       : Ciclo finalizado. Total de atualizações enviadas: 0
2026-09-04T18:11:00.000-03:00  INFO 12340 --- [ecommerce] [scheduling-1] c.d.e.s.SincronizacaoEstoqueService      : [ESTOQUE] Lendo VW_ECOMMERCE_ESTOQUE no banco de dados...
2026-09-04T18:11:00.079-03:00  INFO 12340 --- [ecommerce] [scheduling-1] c.d.e.s.SincronizacaoEstoqueService      : [ESTOQUE] Ciclo finalizado. Total de atualizações enviadas: 0
2026-09-04T18:11:00.079-03:00  INFO 12340 --- [ecommerce] [scheduling-1] c.d.e.service.SincronizacaoService       : Lendo VW_ECOMMERCE_PRECOS no banco de dados...
2026-09-04T18:11:00.147-03:00  INFO 12340 --- [ecommerce] [scheduling-1] c.d.e.service.SincronizacaoService       : Ciclo finalizado. Total de atualizações enviadas: 0
2026-09-04T18:12:00.000-03:00  INFO 12340 --- [ecommerce] [scheduling-1] c.d.e.service.SincronizacaoService       : Lendo VW_ECOMMERCE_PRECOS no banco de dados...
2026-09-04T18:12:00.053-03:00  INFO 12340 --- [ecommerce] [scheduling-1] c.d.e.service.SincronizacaoService       : Ciclo finalizado. Total de atualizações enviadas: 0
2026-09-04T18:12:00.053-03:00  INFO 12340 --- [ecommerce] [scheduling-1] c.d.e.s.SincronizacaoEstoqueService      : [ESTOQUE] Lendo VW_ECOMMERCE_ESTOQUE no banco de dados...
2026-09-04T18:12:00.079-03:00  INFO 12340 --- [ecommerce] [scheduling-1] c.d.e.s.SincronizacaoEstoqueService      : [ESTOQUE] Ciclo finalizado. Total de atualizações enviadas: 0
2026-09-04T18:13:00.000-03:00  INFO 12340 --- [ecommerce] [scheduling-1] c.d.e.s.SincronizacaoEstoqueService      : [ESTOQUE] Lendo VW_ECOMMERCE_ESTOQUE no banco de dados...
2026-09-04T18:13:00.104-03:00  INFO 12340 --- [ecommerce] [scheduling-1] c.d.e.s.SincronizacaoEstoqueService      : [ESTOQUE] Ciclo finalizado. Total de atualizações enviadas: 0
2026-09-04T18:13:00.105-03:00  INFO 12340 --- [ecommerce] [scheduling-1] c.d.e.service.SincronizacaoService       : Lendo VW_ECOMMERCE_PRECOS no banco de dados...
2026-09-04T18:13:00.557-03:00  INFO 12340 --- [ecommerce] [scheduling-1] c.d.e.service.SincronizacaoService       : Ciclo finalizado. Total de atualizações enviadas: 0
2026-09-04T18:14:00.000-03:00  INFO 12340 --- [ecommerce] [scheduling-1] c.d.e.service.SincronizacaoService       : Lendo VW_ECOMMERCE_PRECOS no banco de dados...
2026-09-04T18:14:00.282-03:00  INFO 12340 --- [ecommerce] [scheduling-1] c.d.e.service.SincronizacaoService       : Ciclo finalizado. Total de atualizações enviadas: 0
2026-09-04T18:14:00.282-03:00  INFO 12340 --- [ecommerce] [scheduling-1] c.d.e.s.SincronizacaoEstoqueService      : [ESTOQUE] Lendo VW_ECOMMERCE_ESTOQUE no banco de dados...
2026-09-04T18:14:00.306-03:00  INFO 12340 --- [ecommerce] [scheduling-1] c.d.e.s.SincronizacaoEstoqueService      : [ESTOQUE] Ciclo finalizado. Total de atualizações enviadas: 0
2026-09-04T18:15:00.001-03:00  INFO 12340 --- [ecommerce] [scheduling-1] c.d.e.s.SincronizacaoEstoqueService      : [ESTOQUE] Lendo VW_ECOMMERCE_ESTOQUE no banco de dados...
2026-09-04T18:15:00.057-03:00  INFO 12340 --- [ecommerce] [scheduling-1] c.d.e.s.SincronizacaoEstoqueService      : [ESTOQUE] Ciclo finalizado. Total de atualizações enviadas: 0
2026-09-04T18:15:00.057-03:00  INFO 12340 --- [ecommerce] [scheduling-1] c.d.e.service.SincronizacaoService       : Lendo VW_ECOMMERCE_PRECOS no banco de dados...
2026-09-04T18:15:00.266-03:00  INFO 12340 --- [ecommerce] [scheduling-1] c.d.e.service.SincronizacaoService       : Ciclo finalizado. Total de atualizações enviadas: 0
2026-09-04T18:16:00.000-03:00  INFO 12340 --- [ecommerce] [scheduling-1] c.d.e.service.SincronizacaoService       : Lendo VW_ECOMMERCE_PRECOS no banco de dados...
2026-09-04T18:16:00.223-03:00  INFO 12340 --- [ecommerce] [scheduling-1] c.d.e.service.SincronizacaoService       : Ciclo finalizado. Total de atualizações enviadas: 0
2026-09-04T18:16:00.224-03:00  INFO 12340 --- [ecommerce] [scheduling-1] c.d.e.s.SincronizacaoEstoqueService      : [ESTOQUE] Lendo VW_ECOMMERCE_ESTOQUE no banco de dados...
2026-09-04T18:16:00.261-03:00  INFO 12340 --- [ecommerce] [scheduling-1] c.d.e.s.SincronizacaoEstoqueService      : [ESTOQUE] Ciclo finalizado. Total de atualizações enviadas: 0
2026-09-04T18:16:59.999-03:00  INFO 12340 --- [ecommerce] [scheduling-1] c.d.e.service.SincronizacaoService       : Lendo VW_ECOMMERCE_PRECOS no banco de dados...
2026-09-04T18:17:00.053-03:00  INFO 12340 --- [ecommerce] [scheduling-1] c.d.e.service.SincronizacaoService       : Ciclo finalizado. Total de atualizações enviadas: 0
2026-09-04T18:17:00.054-03:00  INFO 12340 --- [ecommerce] [scheduling-1] c.d.e.s.SincronizacaoEstoqueService      : [ESTOQUE] Lendo VW_ECOMMERCE_ESTOQUE no banco de dados...
2026-09-04T18:17:00.086-03:00  INFO 12340 --- [ecommerce] [scheduling-1] c.d.e.s.SincronizacaoEstoqueService      : [ESTOQUE] Ciclo finalizado. Total de atualizações enviadas: 0
2026-09-04T18:18:00.000-03:00  INFO 12340 --- [ecommerce] [scheduling-1] c.d.e.service.SincronizacaoService       : Lendo VW_ECOMMERCE_PRECOS no banco de dados...
2026-09-04T18:18:00.118-03:00  INFO 12340 --- [ecommerce] [scheduling-1] c.d.e.service.SincronizacaoService       : Ciclo finalizado. Total de atualizações enviadas: 0
2026-09-04T18:18:00.118-03:00  INFO 12340 --- [ecommerce] [scheduling-1] c.d.e.s.SincronizacaoEstoqueService      : [ESTOQUE] Lendo VW_ECOMMERCE_ESTOQUE no banco de dados...
2026-09-04T18:18:00.158-03:00  INFO 12340 --- [ecommerce] [scheduling-1] c.d.e.s.SincronizacaoEstoqueService      : [ESTOQUE] Ciclo finalizado. Total de atualizações enviadas: 0
2026-09-04T18:19:00.001-03:00  INFO 12340 --- [ecommerce] [scheduling-1] c.d.e.service.SincronizacaoService       : Lendo VW_ECOMMERCE_PRECOS no banco de dados...
2026-09-04T18:19:00.328-03:00  INFO 12340 --- [ecommerce] [scheduling-1] c.d.e.service.SincronizacaoService       : Ciclo finalizado. Total de atualizações enviadas: 0
2026-09-04T18:19:00.329-03:00  INFO 12340 --- [ecommerce] [scheduling-1] c.d.e.s.SincronizacaoEstoqueService      : [ESTOQUE] Lendo VW_ECOMMERCE_ESTOQUE no banco de dados...
2026-09-04T18:19:00.383-03:00  INFO 12340 --- [ecommerce] [scheduling-1] c.d.e.s.SincronizacaoEstoqueService      : [ESTOQUE] Ciclo finalizado. Total de atualizações enviadas: 0
2026-09-04T18:20:00.000-03:00  INFO 12340 --- [ecommerce] [scheduling-1] c.d.e.service.SincronizacaoService       : Lendo VW_ECOMMERCE_PRECOS no banco de dados...
2026-09-04T18:20:00.099-03:00  INFO 12340 --- [ecommerce] [scheduling-1] c.d.e.service.SincronizacaoService       : Ciclo finalizado. Total de atualizações enviadas: 0
2026-09-04T18:20:00.099-03:00  INFO 12340 --- [ecommerce] [scheduling-1] c.d.e.s.SincronizacaoEstoqueService      : [ESTOQUE] Lendo VW_ECOMMERCE_ESTOQUE no banco de dados...
2026-09-04T18:20:00.136-03:00  INFO 12340 --- [ecommerce] [scheduling-1] c.d.e.s.SincronizacaoEstoqueService      : [ESTOQUE] Ciclo finalizado. Total de atualizações enviadas: 0
2026-09-04T18:21:00.000-03:00  INFO 12340 --- [ecommerce] [scheduling-1] c.d.e.s.SincronizacaoEstoqueService      : [ESTOQUE] Lendo VW_ECOMMERCE_ESTOQUE no banco de dados...
2026-09-04T18:21:00.090-03:00  INFO 12340 --- [ecommerce] [scheduling-1] c.d.e.s.SincronizacaoEstoqueService      : [ESTOQUE] Ciclo finalizado. Total de atualizações enviadas: 0
2026-09-04T18:21:00.091-03:00  INFO 12340 --- [ecommerce] [scheduling-1] c.d.e.service.SincronizacaoService       : Lendo VW_ECOMMERCE_PRECOS no banco de dados...
2026-09-04T18:21:00.154-03:00  INFO 12340 --- [ecommerce] [scheduling-1] c.d.e.service.SincronizacaoService       : Ciclo finalizado. Total de atualizações enviadas: 0
2026-09-04T18:21:59.999-03:00  INFO 12340 --- [ecommerce] [scheduling-1] c.d.e.s.SincronizacaoEstoqueService      : [ESTOQUE] Lendo VW_ECOMMERCE_ESTOQUE no banco de dados...
2026-09-04T18:22:00.059-03:00  INFO 12340 --- [ecommerce] [scheduling-1] c.d.e.s.SincronizacaoEstoqueService      : [ESTOQUE] Ciclo finalizado. Total de atualizações enviadas: 0
2026-09-04T18:22:00.059-03:00  INFO 12340 --- [ecommerce] [scheduling-1] c.d.e.service.SincronizacaoService       : Lendo VW_ECOMMERCE_PRECOS no banco de dados...
2026-09-04T18:22:00.386-03:00  INFO 12340 --- [ecommerce] [scheduling-1] c.d.e.service.SincronizacaoService       : Ciclo finalizado. Total de atualizações enviadas: 0
2026-09-04T18:23:00.000-03:00  INFO 12340 --- [ecommerce] [scheduling-1] c.d.e.s.SincronizacaoEstoqueService      : [ESTOQUE] Lendo VW_ECOMMERCE_ESTOQUE no banco de dados...
2026-09-04T18:23:00.169-03:00  INFO 12340 --- [ecommerce] [scheduling-1] c.d.e.s.SincronizacaoEstoqueService      : [ESTOQUE] Ciclo finalizado. Total de atualizações enviadas: 0
2026-09-04T18:23:00.170-03:00  INFO 12340 --- [ecommerce] [scheduling-1] c.d.e.service.SincronizacaoService       : Lendo VW_ECOMMERCE_PRECOS no banco de dados...
2026-09-04T18:23:00.587-03:00  INFO 12340 --- [ecommerce] [scheduling-1] c.d.e.service.SincronizacaoService       : Ciclo finalizado. Total de atualizações enviadas: 0
2026-09-04T18:24:00.000-03:00  INFO 12340 --- [ecommerce] [scheduling-1] c.d.e.service.SincronizacaoService       : Lendo VW_ECOMMERCE_PRECOS no banco de dados...
2026-09-04T18:24:00.193-03:00  INFO 12340 --- [ecommerce] [scheduling-1] c.d.e.service.SincronizacaoService       : Ciclo finalizado. Total de atualizações enviadas: 0
2026-09-04T18:24:00.193-03:00  INFO 12340 --- [ecommerce] [scheduling-1] c.d.e.s.SincronizacaoEstoqueService      : [ESTOQUE] Lendo VW_ECOMMERCE_ESTOQUE no banco de dados...
2026-09-04T18:24:00.237-03:00  INFO 12340 --- [ecommerce] [scheduling-1] c.d.e.s.SincronizacaoEstoqueService      : [ESTOQUE] Ciclo finalizado. Total de atualizações enviadas: 0
2026-09-04T18:25:00.000-03:00  INFO 12340 --- [ecommerce] [scheduling-1] c.d.e.s.SincronizacaoEstoqueService      : [ESTOQUE] Lendo VW_ECOMMERCE_ESTOQUE no banco de dados...
2026-09-04T18:25:00.094-03:00  INFO 12340 --- [ecommerce] [scheduling-1] c.d.e.s.SincronizacaoEstoqueService      : [ESTOQUE] Ciclo finalizado. Total de atualizações enviadas: 0
2026-09-04T18:25:00.094-03:00  INFO 12340 --- [ecommerce] [scheduling-1] c.d.e.service.SincronizacaoService       : Lendo VW_ECOMMERCE_PRECOS no banco de dados...
2026-09-04T18:25:00.214-03:00  INFO 12340 --- [ecommerce] [scheduling-1] c.d.e.service.SincronizacaoService       : Ciclo finalizado. Total de atualizações enviadas: 0
2026-09-04T18:25:59.999-03:00  INFO 12340 --- [ecommerce] [scheduling-1] c.d.e.s.SincronizacaoEstoqueService      : [ESTOQUE] Lendo VW_ECOMMERCE_ESTOQUE no banco de dados...
2026-09-04T18:26:00.073-03:00  INFO 12340 --- [ecommerce] [scheduling-1] c.d.e.s.SincronizacaoEstoqueService      : [ESTOQUE] Ciclo finalizado. Total de atualizações enviadas: 0
2026-09-04T18:26:00.073-03:00  INFO 12340 --- [ecommerce] [scheduling-1] c.d.e.service.SincronizacaoService       : Lendo VW_ECOMMERCE_PRECOS no banco de dados...
2026-09-04T18:26:00.478-03:00  INFO 12340 --- [ecommerce] [scheduling-1] c.d.e.service.SincronizacaoService       : Ciclo finalizado. Total de atualizações enviadas: 0
2026-09-04T18:27:00.000-03:00  INFO 12340 --- [ecommerce] [scheduling-1] c.d.e.s.SincronizacaoEstoqueService      : [ESTOQUE] Lendo VW_ECOMMERCE_ESTOQUE no banco de dados...
2026-09-04T18:27:00.044-03:00  INFO 12340 --- [ecommerce] [scheduling-1] c.d.e.s.SincronizacaoEstoqueService      : [ESTOQUE] Ciclo finalizado. Total de atualizações enviadas: 0
2026-09-04T18:27:00.044-03:00  INFO 12340 --- [ecommerce] [scheduling-1] c.d.e.service.SincronizacaoService       : Lendo VW_ECOMMERCE_PRECOS no banco de dados...
2026-09-04T18:27:00.098-03:00  INFO 12340 --- [ecommerce] [scheduling-1] c.d.e.service.SincronizacaoService       : Ciclo finalizado. Total de atualizações enviadas: 0
2026-09-04T18:28:00.000-03:00  INFO 12340 --- [ecommerce] [scheduling-1] c.d.e.service.SincronizacaoService       : Lendo VW_ECOMMERCE_PRECOS no banco de dados...
2026-09-04T18:28:00.089-03:00  INFO 12340 --- [ecommerce] [scheduling-1] c.d.e.service.SincronizacaoService       : Ciclo finalizado. Total de atualizações enviadas: 0
2026-09-04T18:28:00.089-03:00  INFO 12340 --- [ecommerce] [scheduling-1] c.d.e.s.SincronizacaoEstoqueService      : [ESTOQUE] Lendo VW_ECOMMERCE_ESTOQUE no banco de dados...
2026-09-04T18:28:00.119-03:00  INFO 12340 --- [ecommerce] [scheduling-1] c.d.e.s.SincronizacaoEstoqueService      : [ESTOQUE] Ciclo finalizado. Total de atualizações enviadas: 0
2026-09-04T18:28:59.999-03:00  INFO 12340 --- [ecommerce] [scheduling-1] c.d.e.service.SincronizacaoService       : Lendo VW_ECOMMERCE_PRECOS no banco de dados...
2026-09-04T18:29:00.063-03:00  INFO 12340 --- [ecommerce] [scheduling-1] c.d.e.service.SincronizacaoService       : Ciclo finalizado. Total de atualizações enviadas: 0
2026-09-04T18:29:00.064-03:00  INFO 12340 --- [ecommerce] [scheduling-1] c.d.e.s.SincronizacaoEstoqueService      : [ESTOQUE] Lendo VW_ECOMMERCE_ESTOQUE no banco de dados...
2026-09-04T18:29:00.098-03:00  INFO 12340 --- [ecommerce] [scheduling-1] c.d.e.s.SincronizacaoEstoqueService      : [ESTOQUE] Ciclo finalizado. Total de atualizações enviadas: 0
2026-09-04T18:29:59.999-03:00  INFO 12340 --- [ecommerce] [scheduling-1] c.d.e.service.SincronizacaoService       : Lendo VW_ECOMMERCE_PRECOS no banco de dados...
2026-09-04T18:30:00.107-03:00  INFO 12340 --- [ecommerce] [scheduling-1] c.d.e.service.SincronizacaoService       : Ciclo finalizado. Total de atualizações enviadas: 0
2026-09-04T18:30:00.107-03:00  INFO 12340 --- [ecommerce] [scheduling-1] c.d.e.s.SincronizacaoEstoqueService      : [ESTOQUE] Lendo VW_ECOMMERCE_ESTOQUE no banco de dados...
2026-09-04T18:30:00.132-03:00  INFO 12340 --- [ecommerce] [scheduling-1] c.d.e.s.SincronizacaoEstoqueService      : [ESTOQUE] Ciclo finalizado. Total de atualizações enviadas: 0
2026-09-04T18:31:00.000-03:00  INFO 12340 --- [ecommerce] [scheduling-1] c.d.e.service.SincronizacaoService       : Lendo VW_ECOMMERCE_PRECOS no banco de dados...
2026-09-04T18:31:00.601-03:00  INFO 12340 --- [ecommerce] [scheduling-1] c.d.e.service.SincronizacaoService       : Ciclo finalizado. Total de atualizações enviadas: 0
2026-09-04T18:31:00.602-03:00  INFO 12340 --- [ecommerce] [scheduling-1] c.d.e.s.SincronizacaoEstoqueService      : [ESTOQUE] Lendo VW_ECOMMERCE_ESTOQUE no banco de dados...
2026-09-04T18:31:00.695-03:00  INFO 12340 --- [ecommerce] [scheduling-1] c.d.e.s.SincronizacaoEstoqueService      : [ESTOQUE] Ciclo finalizado. Total de atualizações enviadas: 0
2026-09-04T18:32:00.001-03:00  INFO 12340 --- [ecommerce] [scheduling-1] c.d.e.service.SincronizacaoService       : Lendo VW_ECOMMERCE_PRECOS no banco de dados...
2026-09-04T18:32:00.336-03:00  INFO 12340 --- [ecommerce] [scheduling-1] c.d.e.service.SincronizacaoService       : Ciclo finalizado. Total de atualizações enviadas: 0
2026-09-04T18:32:00.336-03:00  INFO 12340 --- [ecommerce] [scheduling-1] c.d.e.s.SincronizacaoEstoqueService      : [ESTOQUE] Lendo VW_ECOMMERCE_ESTOQUE no banco de dados...
2026-09-04T18:32:00.373-03:00  INFO 12340 --- [ecommerce] [scheduling-1] c.d.e.s.SincronizacaoEstoqueService      : [ESTOQUE] Ciclo finalizado. Total de atualizações enviadas: 0
2026-09-04T18:32:59.999-03:00  INFO 12340 --- [ecommerce] [scheduling-1] c.d.e.s.SincronizacaoEstoqueService      : [ESTOQUE] Lendo VW_ECOMMERCE_ESTOQUE no banco de dados...
2026-09-04T18:33:00.024-03:00  INFO 12340 --- [ecommerce] [scheduling-1] c.d.e.s.SincronizacaoEstoqueService      : [ESTOQUE] Ciclo finalizado. Total de atualizações enviadas: 0
2026-09-04T18:33:00.024-03:00  INFO 12340 --- [ecommerce] [scheduling-1] c.d.e.service.SincronizacaoService       : Lendo VW_ECOMMERCE_PRECOS no banco de dados...
2026-09-04T18:33:00.069-03:00  INFO 12340 --- [ecommerce] [scheduling-1] c.d.e.service.SincronizacaoService       : Ciclo finalizado. Total de atualizações enviadas: 0
2026-09-04T18:34:00.000-03:00  INFO 12340 --- [ecommerce] [scheduling-1] c.d.e.s.SincronizacaoEstoqueService      : [ESTOQUE] Lendo VW_ECOMMERCE_ESTOQUE no banco de dados...
2026-09-04T18:34:00.123-03:00  INFO 12340 --- [ecommerce] [scheduling-1] c.d.e.s.SincronizacaoEstoqueService      : [ESTOQUE] Ciclo finalizado. Total de atualizações enviadas: 0
2026-09-04T18:34:00.123-03:00  INFO 12340 --- [ecommerce] [scheduling-1] c.d.e.service.SincronizacaoService       : Lendo VW_ECOMMERCE_PRECOS no banco de dados...
2026-09-04T18:34:00.523-03:00  INFO 12340 --- [ecommerce] [scheduling-1] c.d.e.service.SincronizacaoService       : Ciclo finalizado. Total de atualizações enviadas: 0
2026-09-04T18:35:00.001-03:00  INFO 12340 --- [ecommerce] [scheduling-1] c.d.e.s.SincronizacaoEstoqueService      : [ESTOQUE] Lendo VW_ECOMMERCE_ESTOQUE no banco de dados...
2026-09-04T18:35:00.076-03:00  INFO 12340 --- [ecommerce] [scheduling-1] c.d.e.s.SincronizacaoEstoqueService      : [ESTOQUE] Ciclo finalizado. Total de atualizações enviadas: 0
2026-09-04T18:35:00.077-03:00  INFO 12340 --- [ecommerce] [scheduling-1] c.d.e.service.SincronizacaoService       : Lendo VW_ECOMMERCE_PRECOS no banco de dados...
2026-09-04T18:35:00.381-03:00  INFO 12340 --- [ecommerce] [scheduling-1] c.d.e.service.SincronizacaoService       : Ciclo finalizado. Total de atualizações enviadas: 0
2026-09-04T18:36:00.000-03:00  INFO 12340 --- [ecommerce] [scheduling-1] c.d.e.s.SincronizacaoEstoqueService      : [ESTOQUE] Lendo VW_ECOMMERCE_ESTOQUE no banco de dados...
2026-09-04T18:36:00.038-03:00  INFO 12340 --- [ecommerce] [scheduling-1] c.d.e.s.SincronizacaoEstoqueService      : [ESTOQUE] Ciclo finalizado. Total de atualizações enviadas: 0
2026-09-04T18:36:00.038-03:00  INFO 12340 --- [ecommerce] [scheduling-1] c.d.e.service.SincronizacaoService       : Lendo VW_ECOMMERCE_PRECOS no banco de dados...
2026-09-04T18:36:00.080-03:00  INFO 12340 --- [ecommerce] [scheduling-1] c.d.e.service.SincronizacaoService       : Ciclo finalizado. Total de atualizações enviadas: 0
2026-09-04T18:37:00.000-03:00  INFO 12340 --- [ecommerce] [scheduling-1] c.d.e.s.SincronizacaoEstoqueService      : [ESTOQUE] Lendo VW_ECOMMERCE_ESTOQUE no banco de dados...
2026-09-04T18:37:00.084-03:00  INFO 12340 --- [ecommerce] [scheduling-1] c.d.e.s.SincronizacaoEstoqueService      : [ESTOQUE] Ciclo finalizado. Total de atualizações enviadas: 0
2026-09-04T18:37:00.085-03:00  INFO 12340 --- [ecommerce] [scheduling-1] c.d.e.service.SincronizacaoService       : Lendo VW_ECOMMERCE_PRECOS no banco de dados...
2026-09-04T18:37:00.172-03:00  INFO 12340 --- [ecommerce] [scheduling-1] c.d.e.service.SincronizacaoService       : Ciclo finalizado. Total de atualizações enviadas: 0
2026-09-04T18:37:59.999-03:00  INFO 12340 --- [ecommerce] [scheduling-1] c.d.e.s.SincronizacaoEstoqueService      : [ESTOQUE] Lendo VW_ECOMMERCE_ESTOQUE no banco de dados...
2026-09-04T18:38:00.059-03:00  INFO 12340 --- [ecommerce] [scheduling-1] c.d.e.s.SincronizacaoEstoqueService      : [ESTOQUE] Ciclo finalizado. Total de atualizações enviadas: 0
2026-09-04T18:38:00.059-03:00  INFO 12340 --- [ecommerce] [scheduling-1] c.d.e.service.SincronizacaoService       : Lendo VW_ECOMMERCE_PRECOS no banco de dados...
2026-09-04T18:38:00.170-03:00  INFO 12340 --- [ecommerce] [scheduling-1] c.d.e.service.SincronizacaoService       : Ciclo finalizado. Total de atualizações enviadas: 0
2026-09-04T18:39:00.001-03:00  INFO 12340 --- [ecommerce] [scheduling-1] c.d.e.service.SincronizacaoService       : Lendo VW_ECOMMERCE_PRECOS no banco de dados...
2026-09-04T18:39:00.121-03:00  INFO 12340 --- [ecommerce] [scheduling-1] c.d.e.service.SincronizacaoService       : Ciclo finalizado. Total de atualizações enviadas: 0
2026-09-04T18:39:00.121-03:00  INFO 12340 --- [ecommerce] [scheduling-1] c.d.e.s.SincronizacaoEstoqueService      : [ESTOQUE] Lendo VW_ECOMMERCE_ESTOQUE no banco de dados...
2026-09-04T18:39:00.142-03:00  INFO 12340 --- [ecommerce] [scheduling-1] c.d.e.s.SincronizacaoEstoqueService      : [ESTOQUE] Ciclo finalizado. Total de atualizações enviadas: 0
2026-09-04T18:40:00.000-03:00  INFO 12340 --- [ecommerce] [scheduling-1] c.d.e.service.SincronizacaoService       : Lendo VW_ECOMMERCE_PRECOS no banco de dados...
2026-09-04T18:40:00.135-03:00  INFO 12340 --- [ecommerce] [scheduling-1] c.d.e.service.SincronizacaoService       : Ciclo finalizado. Total de atualizações enviadas: 0
2026-09-04T18:40:00.136-03:00  INFO 12340 --- [ecommerce] [scheduling-1] c.d.e.s.SincronizacaoEstoqueService      : [ESTOQUE] Lendo VW_ECOMMERCE_ESTOQUE no banco de dados...
2026-09-04T18:40:00.156-03:00  INFO 12340 --- [ecommerce] [scheduling-1] c.d.e.s.SincronizacaoEstoqueService      : [ESTOQUE] Ciclo finalizado. Total de atualizações enviadas: 0
2026-09-04T18:40:59.999-03:00  INFO 12340 --- [ecommerce] [scheduling-1] c.d.e.service.SincronizacaoService       : Lendo VW_ECOMMERCE_PRECOS no banco de dados...
2026-09-04T18:41:00.117-03:00  INFO 12340 --- [ecommerce] [scheduling-1] c.d.e.service.SincronizacaoService       : Ciclo finalizado. Total de atualizações enviadas: 0
2026-09-04T18:41:00.117-03:00  INFO 12340 --- [ecommerce] [scheduling-1] c.d.e.s.SincronizacaoEstoqueService      : [ESTOQUE] Lendo VW_ECOMMERCE_ESTOQUE no banco de dados...
2026-09-04T18:41:00.139-03:00  INFO 12340 --- [ecommerce] [scheduling-1] c.d.e.s.SincronizacaoEstoqueService      : [ESTOQUE] Ciclo finalizado. Total de atualizações enviadas: 0
2026-09-04T18:42:00.000-03:00  INFO 12340 --- [ecommerce] [scheduling-1] c.d.e.s.SincronizacaoEstoqueService      : [ESTOQUE] Lendo VW_ECOMMERCE_ESTOQUE no banco de dados...
2026-09-04T18:42:00.029-03:00  INFO 12340 --- [ecommerce] [scheduling-1] c.d.e.s.SincronizacaoEstoqueService      : [ESTOQUE] Ciclo finalizado. Total de atualizações enviadas: 0
2026-09-04T18:42:00.029-03:00  INFO 12340 --- [ecommerce] [scheduling-1] c.d.e.service.SincronizacaoService       : Lendo VW_ECOMMERCE_PRECOS no banco de dados...
2026-09-04T18:42:00.091-03:00  INFO 12340 --- [ecommerce] [scheduling-1] c.d.e.service.SincronizacaoService       : Ciclo finalizado. Total de atualizações enviadas: 0
2026-09-04T18:42:59.999-03:00  INFO 12340 --- [ecommerce] [scheduling-1] c.d.e.service.SincronizacaoService       : Lendo VW_ECOMMERCE_PRECOS no banco de dados...
2026-09-04T18:43:00.174-03:00  INFO 12340 --- [ecommerce] [scheduling-1] c.d.e.service.SincronizacaoService       : Ciclo finalizado. Total de atualizações enviadas: 0
2026-09-04T18:43:00.174-03:00  INFO 12340 --- [ecommerce] [scheduling-1] c.d.e.s.SincronizacaoEstoqueService      : [ESTOQUE] Lendo VW_ECOMMERCE_ESTOQUE no banco de dados...
2026-09-04T18:43:00.206-03:00  INFO 12340 --- [ecommerce] [scheduling-1] c.d.e.s.SincronizacaoEstoqueService      : [ESTOQUE] Ciclo finalizado. Total de atualizações enviadas: 0
2026-09-04T18:44:00.000-03:00  INFO 12340 --- [ecommerce] [scheduling-1] c.d.e.service.SincronizacaoService       : Lendo VW_ECOMMERCE_PRECOS no banco de dados...
2026-09-04T18:44:00.363-03:00  INFO 12340 --- [ecommerce] [scheduling-1] c.d.e.service.SincronizacaoService       : Ciclo finalizado. Total de atualizações enviadas: 0
2026-09-04T18:44:00.364-03:00  INFO 12340 --- [ecommerce] [scheduling-1] c.d.e.s.SincronizacaoEstoqueService      : [ESTOQUE] Lendo VW_ECOMMERCE_ESTOQUE no banco de dados...
2026-09-04T18:44:00.421-03:00  INFO 12340 --- [ecommerce] [scheduling-1] c.d.e.s.SincronizacaoEstoqueService      : [ESTOQUE] Ciclo finalizado. Total de atualizações enviadas: 0
2026-09-04T18:45:00.000-03:00  INFO 12340 --- [ecommerce] [scheduling-1] c.d.e.service.SincronizacaoService       : Lendo VW_ECOMMERCE_PRECOS no banco de dados...
2026-09-04T18:45:00.166-03:00  INFO 12340 --- [ecommerce] [scheduling-1] c.d.e.service.SincronizacaoService       : Ciclo finalizado. Total de atualizações enviadas: 0
2026-09-04T18:45:00.166-03:00  INFO 12340 --- [ecommerce] [scheduling-1] c.d.e.s.SincronizacaoEstoqueService      : [ESTOQUE] Lendo VW_ECOMMERCE_ESTOQUE no banco de dados...
2026-09-04T18:45:00.208-03:00  INFO 12340 --- [ecommerce] [scheduling-1] c.d.e.s.SincronizacaoEstoqueService      : [ESTOQUE] Ciclo finalizado. Total de atualizações enviadas: 0
2026-09-04T18:46:00.000-03:00  INFO 12340 --- [ecommerce] [scheduling-1] c.d.e.s.SincronizacaoEstoqueService      : [ESTOQUE] Lendo VW_ECOMMERCE_ESTOQUE no banco de dados...
2026-09-04T18:46:00.079-03:00  INFO 12340 --- [ecommerce] [scheduling-1] c.d.e.s.SincronizacaoEstoqueService      : [ESTOQUE] Ciclo finalizado. Total de atualizações enviadas: 0
2026-09-04T18:46:00.079-03:00  INFO 12340 --- [ecommerce] [scheduling-1] c.d.e.service.SincronizacaoService       : Lendo VW_ECOMMERCE_PRECOS no banco de dados...
2026-09-04T18:46:00.408-03:00  INFO 12340 --- [ecommerce] [scheduling-1] c.d.e.service.SincronizacaoService       : Ciclo finalizado. Total de atualizações enviadas: 0
2026-09-04T18:47:00.000-03:00  INFO 12340 --- [ecommerce] [scheduling-1] c.d.e.service.SincronizacaoService       : Lendo VW_ECOMMERCE_PRECOS no banco de dados...
2026-09-04T18:47:00.051-03:00  INFO 12340 --- [ecommerce] [scheduling-1] c.d.e.service.SincronizacaoService       : Ciclo finalizado. Total de atualizações enviadas: 0
2026-09-04T18:47:00.051-03:00  INFO 12340 --- [ecommerce] [scheduling-1] c.d.e.s.SincronizacaoEstoqueService      : [ESTOQUE] Lendo VW_ECOMMERCE_ESTOQUE no banco de dados...
2026-09-04T18:47:00.084-03:00  INFO 12340 --- [ecommerce] [scheduling-1] c.d.e.s.SincronizacaoEstoqueService      : [ESTOQUE] Ciclo finalizado. Total de atualizações enviadas: 0
2026-09-04T18:48:00.000-03:00  INFO 12340 --- [ecommerce] [scheduling-1] c.d.e.service.SincronizacaoService       : Lendo VW_ECOMMERCE_PRECOS no banco de dados...
2026-09-04T18:48:00.216-03:00  INFO 12340 --- [ecommerce] [scheduling-1] c.d.e.service.SincronizacaoService       : Ciclo finalizado. Total de atualizações enviadas: 0
2026-09-04T18:48:00.216-03:00  INFO 12340 --- [ecommerce] [scheduling-1] c.d.e.s.SincronizacaoEstoqueService      : [ESTOQUE] Lendo VW_ECOMMERCE_ESTOQUE no banco de dados...
2026-09-04T18:48:00.241-03:00  INFO 12340 --- [ecommerce] [scheduling-1] c.d.e.s.SincronizacaoEstoqueService      : [ESTOQUE] Ciclo finalizado. Total de atualizações enviadas: 0
2026-09-04T18:49:00.000-03:00  INFO 12340 --- [ecommerce] [scheduling-1] c.d.e.service.SincronizacaoService       : Lendo VW_ECOMMERCE_PRECOS no banco de dados...
2026-09-04T18:49:00.099-03:00  INFO 12340 --- [ecommerce] [scheduling-1] c.d.e.service.SincronizacaoService       : Ciclo finalizado. Total de atualizações enviadas: 0
2026-09-04T18:49:00.100-03:00  INFO 12340 --- [ecommerce] [scheduling-1] c.d.e.s.SincronizacaoEstoqueService      : [ESTOQUE] Lendo VW_ECOMMERCE_ESTOQUE no banco de dados...
2026-09-04T18:49:00.124-03:00  INFO 12340 --- [ecommerce] [scheduling-1] c.d.e.s.SincronizacaoEstoqueService      : [ESTOQUE] Ciclo finalizado. Total de atualizações enviadas: 0
2026-09-04T18:50:00.001-03:00  INFO 12340 --- [ecommerce] [scheduling-1] c.d.e.s.SincronizacaoEstoqueService      : [ESTOQUE] Lendo VW_ECOMMERCE_ESTOQUE no banco de dados...
2026-09-04T18:50:00.082-03:00  INFO 12340 --- [ecommerce] [scheduling-1] c.d.e.s.SincronizacaoEstoqueService      : [ESTOQUE] Ciclo finalizado. Total de atualizações enviadas: 0
2026-09-04T18:50:00.082-03:00  INFO 12340 --- [ecommerce] [scheduling-1] c.d.e.service.SincronizacaoService       : Lendo VW_ECOMMERCE_PRECOS no banco de dados...
2026-09-04T18:50:00.386-03:00  INFO 12340 --- [ecommerce] [scheduling-1] c.d.e.service.SincronizacaoService       : Ciclo finalizado. Total de atualizações enviadas: 0
2026-09-04T18:51:00.000-03:00  INFO 12340 --- [ecommerce] [scheduling-1] c.d.e.service.SincronizacaoService       : Lendo VW_ECOMMERCE_PRECOS no banco de dados...
2026-09-04T18:51:00.067-03:00  INFO 12340 --- [ecommerce] [scheduling-1] c.d.e.service.SincronizacaoService       : Ciclo finalizado. Total de atualizações enviadas: 0
2026-09-04T18:51:00.067-03:00  INFO 12340 --- [ecommerce] [scheduling-1] c.d.e.s.SincronizacaoEstoqueService      : [ESTOQUE] Lendo VW_ECOMMERCE_ESTOQUE no banco de dados...
2026-09-04T18:51:00.101-03:00  INFO 12340 --- [ecommerce] [scheduling-1] c.d.e.s.SincronizacaoEstoqueService      : [ESTOQUE] Ciclo finalizado. Total de atualizações enviadas: 0
2026-09-04T18:52:00.000-03:00  INFO 12340 --- [ecommerce] [scheduling-1] c.d.e.service.SincronizacaoService       : Lendo VW_ECOMMERCE_PRECOS no banco de dados...
2026-09-04T18:52:00.316-03:00  INFO 12340 --- [ecommerce] [scheduling-1] c.d.e.service.SincronizacaoService       : Ciclo finalizado. Total de atualizações enviadas: 0
2026-09-04T18:52:00.316-03:00  INFO 12340 --- [ecommerce] [scheduling-1] c.d.e.s.SincronizacaoEstoqueService      : [ESTOQUE] Lendo VW_ECOMMERCE_ESTOQUE no banco de dados...
2026-09-04T18:52:00.366-03:00  INFO 12340 --- [ecommerce] [scheduling-1] c.d.e.s.SincronizacaoEstoqueService      : [ESTOQUE] Ciclo finalizado. Total de atualizações enviadas: 0
2026-09-04T18:53:00.000-03:00  INFO 12340 --- [ecommerce] [scheduling-1] c.d.e.service.SincronizacaoService       : Lendo VW_ECOMMERCE_PRECOS no banco de dados...
2026-09-04T18:53:00.052-03:00  INFO 12340 --- [ecommerce] [scheduling-1] c.d.e.service.SincronizacaoService       : Ciclo finalizado. Total de atualizações enviadas: 0
2026-09-04T18:53:00.053-03:00  INFO 12340 --- [ecommerce] [scheduling-1] c.d.e.s.SincronizacaoEstoqueService      : [ESTOQUE] Lendo VW_ECOMMERCE_ESTOQUE no banco de dados...
2026-09-04T18:53:00.075-03:00  INFO 12340 --- [ecommerce] [scheduling-1] c.d.e.s.SincronizacaoEstoqueService      : [ESTOQUE] Ciclo finalizado. Total de atualizações enviadas: 0
2026-09-04T18:54:00.000-03:00  INFO 12340 --- [ecommerce] [scheduling-1] c.d.e.s.SincronizacaoEstoqueService      : [ESTOQUE] Lendo VW_ECOMMERCE_ESTOQUE no banco de dados...
2026-09-04T18:54:00.119-03:00  INFO 12340 --- [ecommerce] [scheduling-1] c.d.e.s.SincronizacaoEstoqueService      : [ESTOQUE] Ciclo finalizado. Total de atualizações enviadas: 0
2026-09-04T18:54:00.119-03:00  INFO 12340 --- [ecommerce] [scheduling-1] c.d.e.service.SincronizacaoService       : Lendo VW_ECOMMERCE_PRECOS no banco de dados...
2026-09-04T18:54:00.191-03:00  INFO 12340 --- [ecommerce] [scheduling-1] c.d.e.service.SincronizacaoService       : Ciclo finalizado. Total de atualizações enviadas: 0
2026-09-04T18:55:00.000-03:00  INFO 12340 --- [ecommerce] [scheduling-1] c.d.e.service.SincronizacaoService       : Lendo VW_ECOMMERCE_PRECOS no banco de dados...
2026-09-04T18:55:00.069-03:00  INFO 12340 --- [ecommerce] [scheduling-1] c.d.e.service.SincronizacaoService       : Ciclo finalizado. Total de atualizações enviadas: 0
2026-09-04T18:55:00.070-03:00  INFO 12340 --- [ecommerce] [scheduling-1] c.d.e.s.SincronizacaoEstoqueService      : [ESTOQUE] Lendo VW_ECOMMERCE_ESTOQUE no banco de dados...
2026-09-04T18:55:00.104-03:00  INFO 12340 --- [ecommerce] [scheduling-1] c.d.e.s.SincronizacaoEstoqueService      : [ESTOQUE] Ciclo finalizado. Total de atualizações enviadas: 0
2026-09-04T18:56:00.000-03:00  INFO 12340 --- [ecommerce] [scheduling-1] c.d.e.service.SincronizacaoService       : Lendo VW_ECOMMERCE_PRECOS no banco de dados...
2026-09-04T18:56:00.108-03:00  INFO 12340 --- [ecommerce] [scheduling-1] c.d.e.service.SincronizacaoService       : Ciclo finalizado. Total de atualizações enviadas: 0
2026-09-04T18:56:00.109-03:00  INFO 12340 --- [ecommerce] [scheduling-1] c.d.e.s.SincronizacaoEstoqueService      : [ESTOQUE] Lendo VW_ECOMMERCE_ESTOQUE no banco de dados...
2026-09-04T18:56:00.141-03:00  INFO 12340 --- [ecommerce] [scheduling-1] c.d.e.s.SincronizacaoEstoqueService      : [ESTOQUE] Ciclo finalizado. Total de atualizações enviadas: 0
2026-09-04T18:56:59.999-03:00  INFO 12340 --- [ecommerce] [scheduling-1] c.d.e.service.SincronizacaoService       : Lendo VW_ECOMMERCE_PRECOS no banco de dados...
2026-09-04T18:57:00.126-03:00  INFO 12340 --- [ecommerce] [scheduling-1] c.d.e.service.SincronizacaoService       : Ciclo finalizado. Total de atualizações enviadas: 0
2026-09-04T18:57:00.126-03:00  INFO 12340 --- [ecommerce] [scheduling-1] c.d.e.s.SincronizacaoEstoqueService      : [ESTOQUE] Lendo VW_ECOMMERCE_ESTOQUE no banco de dados...
2026-09-04T18:57:00.157-03:00  INFO 12340 --- [ecommerce] [scheduling-1] c.d.e.s.SincronizacaoEstoqueService      : [ESTOQUE] Ciclo finalizado. Total de atualizações enviadas: 0
2026-09-04T18:58:00.000-03:00  INFO 12340 --- [ecommerce] [scheduling-1] c.d.e.service.SincronizacaoService       : Lendo VW_ECOMMERCE_PRECOS no banco de dados...
2026-09-04T18:58:00.048-03:00  INFO 12340 --- [ecommerce] [scheduling-1] c.d.e.service.SincronizacaoService       : Ciclo finalizado. Total de atualizações enviadas: 0
2026-09-04T18:58:00.048-03:00  INFO 12340 --- [ecommerce] [scheduling-1] c.d.e.s.SincronizacaoEstoqueService      : [ESTOQUE] Lendo VW_ECOMMERCE_ESTOQUE no banco de dados...
2026-09-04T18:58:00.080-03:00  INFO 12340 --- [ecommerce] [scheduling-1] c.d.e.s.SincronizacaoEstoqueService      : [ESTOQUE] Ciclo finalizado. Total de atualizações enviadas: 0
2026-09-04T18:59:00.000-03:00  INFO 12340 --- [ecommerce] [scheduling-1] c.d.e.service.SincronizacaoService       : Lendo VW_ECOMMERCE_PRECOS no banco de dados...
2026-09-04T18:59:00.137-03:00  INFO 12340 --- [ecommerce] [scheduling-1] c.d.e.service.SincronizacaoService       : Ciclo finalizado. Total de atualizações enviadas: 0
2026-09-04T18:59:00.137-03:00  INFO 12340 --- [ecommerce] [scheduling-1] c.d.e.s.SincronizacaoEstoqueService      : [ESTOQUE] Lendo VW_ECOMMERCE_ESTOQUE no banco de dados...
2026-09-04T18:59:00.162-03:00  INFO 12340 --- [ecommerce] [scheduling-1] c.d.e.s.SincronizacaoEstoqueService      : [ESTOQUE] Ciclo finalizado. Total de atualizações enviadas: 0
2026-09-04T19:00:00.001-03:00  INFO 12340 --- [ecommerce] [scheduling-1] c.d.e.s.SincronizacaoEstoqueService      : [ESTOQUE] Lendo VW_ECOMMERCE_ESTOQUE no banco de dados...
2026-09-04T19:00:00.051-03:00  INFO 12340 --- [ecommerce] [scheduling-1] c.d.e.s.SincronizacaoEstoqueService      : [ESTOQUE] Ciclo finalizado. Total de atualizações enviadas: 0
2026-09-04T19:00:00.052-03:00  INFO 12340 --- [ecommerce] [scheduling-1] c.d.e.service.SincronizacaoService       : Lendo VW_ECOMMERCE_PRECOS no banco de dados...
2026-09-04T19:00:00.095-03:00  INFO 12340 --- [ecommerce] [scheduling-1] c.d.e.service.SincronizacaoService       : Ciclo finalizado. Total de atualizações enviadas: 0
2026-09-04T19:01:00.000-03:00  INFO 12340 --- [ecommerce] [scheduling-1] c.d.e.service.SincronizacaoService       : Lendo VW_ECOMMERCE_PRECOS no banco de dados...
2026-09-04T19:01:00.086-03:00  INFO 12340 --- [ecommerce] [scheduling-1] c.d.e.service.SincronizacaoService       : Ciclo finalizado. Total de atualizações enviadas: 0
2026-09-04T19:01:00.086-03:00  INFO 12340 --- [ecommerce] [scheduling-1] c.d.e.s.SincronizacaoEstoqueService      : [ESTOQUE] Lendo VW_ECOMMERCE_ESTOQUE no banco de dados...
2026-09-04T19:01:00.117-03:00  INFO 12340 --- [ecommerce] [scheduling-1] c.d.e.s.SincronizacaoEstoqueService      : [ESTOQUE] Ciclo finalizado. Total de atualizações enviadas: 0
2026-09-04T19:02:00.000-03:00  INFO 12340 --- [ecommerce] [scheduling-1] c.d.e.service.SincronizacaoService       : Lendo VW_ECOMMERCE_PRECOS no banco de dados...
2026-09-04T19:02:00.304-03:00  INFO 12340 --- [ecommerce] [scheduling-1] c.d.e.service.SincronizacaoService       : Ciclo finalizado. Total de atualizações enviadas: 0
2026-09-04T19:02:00.305-03:00  INFO 12340 --- [ecommerce] [scheduling-1] c.d.e.s.SincronizacaoEstoqueService      : [ESTOQUE] Lendo VW_ECOMMERCE_ESTOQUE no banco de dados...
2026-09-04T19:02:00.350-03:00  INFO 12340 --- [ecommerce] [scheduling-1] c.d.e.s.SincronizacaoEstoqueService      : [ESTOQUE] Ciclo finalizado. Total de atualizações enviadas: 0
2026-09-04T19:03:00.000-03:00  INFO 12340 --- [ecommerce] [scheduling-1] c.d.e.s.SincronizacaoEstoqueService      : [ESTOQUE] Lendo VW_ECOMMERCE_ESTOQUE no banco de dados...
2026-09-04T19:03:00.072-03:00  INFO 12340 --- [ecommerce] [scheduling-1] c.d.e.s.SincronizacaoEstoqueService      : [ESTOQUE] Ciclo finalizado. Total de atualizações enviadas: 0
2026-09-04T19:03:00.072-03:00  INFO 12340 --- [ecommerce] [scheduling-1] c.d.e.service.SincronizacaoService       : Lendo VW_ECOMMERCE_PRECOS no banco de dados...
2026-09-04T19:03:00.120-03:00  INFO 12340 --- [ecommerce] [scheduling-1] c.d.e.service.SincronizacaoService       : Ciclo finalizado. Total de atualizações enviadas: 0
2026-09-04T19:03:59.999-03:00  INFO 12340 --- [ecommerce] [scheduling-1] c.d.e.s.SincronizacaoEstoqueService      : [ESTOQUE] Lendo VW_ECOMMERCE_ESTOQUE no banco de dados...
2026-09-04T19:04:00.038-03:00  INFO 12340 --- [ecommerce] [scheduling-1] c.d.e.s.SincronizacaoEstoqueService      : [ESTOQUE] Ciclo finalizado. Total de atualizações enviadas: 0
2026-09-04T19:04:00.038-03:00  INFO 12340 --- [ecommerce] [scheduling-1] c.d.e.service.SincronizacaoService       : Lendo VW_ECOMMERCE_PRECOS no banco de dados...
2026-09-04T19:04:00.093-03:00  INFO 12340 --- [ecommerce] [scheduling-1] c.d.e.service.SincronizacaoService       : Ciclo finalizado. Total de atualizações enviadas: 0
2026-09-04T19:05:00.000-03:00  INFO 12340 --- [ecommerce] [scheduling-1] c.d.e.s.SincronizacaoEstoqueService      : [ESTOQUE] Lendo VW_ECOMMERCE_ESTOQUE no banco de dados...
2026-09-04T19:05:00.085-03:00  INFO 12340 --- [ecommerce] [scheduling-1] c.d.e.s.SincronizacaoEstoqueService      : [ESTOQUE] Ciclo finalizado. Total de atualizações enviadas: 0
2026-09-04T19:05:00.085-03:00  INFO 12340 --- [ecommerce] [scheduling-1] c.d.e.service.SincronizacaoService       : Lendo VW_ECOMMERCE_PRECOS no banco de dados...
2026-09-04T19:05:00.151-03:00  INFO 12340 --- [ecommerce] [scheduling-1] c.d.e.service.SincronizacaoService       : Ciclo finalizado. Total de atualizações enviadas: 0
2026-09-04T19:06:00.000-03:00  INFO 12340 --- [ecommerce] [scheduling-1] c.d.e.s.SincronizacaoEstoqueService      : [ESTOQUE] Lendo VW_ECOMMERCE_ESTOQUE no banco de dados...
2026-09-04T19:06:00.212-03:00  INFO 12340 --- [ecommerce] [scheduling-1] c.d.e.s.SincronizacaoEstoqueService      : [ESTOQUE] Ciclo finalizado. Total de atualizações enviadas: 0
2026-09-04T19:06:00.213-03:00  INFO 12340 --- [ecommerce] [scheduling-1] c.d.e.service.SincronizacaoService       : Lendo VW_ECOMMERCE_PRECOS no banco de dados...
2026-09-04T19:06:01.031-03:00  INFO 12340 --- [ecommerce] [scheduling-1] c.d.e.service.SincronizacaoService       : Ciclo finalizado. Total de atualizações enviadas: 0
2026-09-04T19:07:00.000-03:00  INFO 12340 --- [ecommerce] [scheduling-1] c.d.e.s.SincronizacaoEstoqueService      : [ESTOQUE] Lendo VW_ECOMMERCE_ESTOQUE no banco de dados...
2026-09-04T19:07:00.090-03:00  INFO 12340 --- [ecommerce] [scheduling-1] c.d.e.s.SincronizacaoEstoqueService      : [ESTOQUE] Ciclo finalizado. Total de atualizações enviadas: 0
2026-09-04T19:07:00.090-03:00  INFO 12340 --- [ecommerce] [scheduling-1] c.d.e.service.SincronizacaoService       : Lendo VW_ECOMMERCE_PRECOS no banco de dados...
2026-09-04T19:07:00.161-03:00  INFO 12340 --- [ecommerce] [scheduling-1] c.d.e.service.SincronizacaoService       : Ciclo finalizado. Total de atualizações enviadas: 0
2026-09-04T19:08:00.000-03:00  INFO 12340 --- [ecommerce] [scheduling-1] c.d.e.s.SincronizacaoEstoqueService      : [ESTOQUE] Lendo VW_ECOMMERCE_ESTOQUE no banco de dados...
2026-09-04T19:08:00.093-03:00  INFO 12340 --- [ecommerce] [scheduling-1] c.d.e.s.SincronizacaoEstoqueService      : [ESTOQUE] Ciclo finalizado. Total de atualizações enviadas: 0
2026-09-04T19:08:00.094-03:00  INFO 12340 --- [ecommerce] [scheduling-1] c.d.e.service.SincronizacaoService       : Lendo VW_ECOMMERCE_PRECOS no banco de dados...
2026-09-04T19:08:00.166-03:00  INFO 12340 --- [ecommerce] [scheduling-1] c.d.e.service.SincronizacaoService       : Ciclo finalizado. Total de atualizações enviadas: 0
2026-09-04T19:08:59.999-03:00  INFO 12340 --- [ecommerce] [scheduling-1] c.d.e.s.SincronizacaoEstoqueService      : [ESTOQUE] Lendo VW_ECOMMERCE_ESTOQUE no banco de dados...
2026-09-04T19:09:00.094-03:00  INFO 12340 --- [ecommerce] [scheduling-1] c.d.e.s.SincronizacaoEstoqueService      : [ESTOQUE] Ciclo finalizado. Total de atualizações enviadas: 0
2026-09-04T19:09:00.094-03:00  INFO 12340 --- [ecommerce] [scheduling-1] c.d.e.service.SincronizacaoService       : Lendo VW_ECOMMERCE_PRECOS no banco de dados...
2026-09-04T19:09:00.355-03:00  INFO 12340 --- [ecommerce] [scheduling-1] c.d.e.service.SincronizacaoService       : Ciclo finalizado. Total de atualizações enviadas: 0
2026-09-04T19:10:00.000-03:00  INFO 12340 --- [ecommerce] [scheduling-1] c.d.e.service.SincronizacaoService       : Lendo VW_ECOMMERCE_PRECOS no banco de dados...
2026-09-04T19:10:00.092-03:00  INFO 12340 --- [ecommerce] [scheduling-1] c.d.e.service.SincronizacaoService       : Ciclo finalizado. Total de atualizações enviadas: 0
2026-09-04T19:10:00.093-03:00  INFO 12340 --- [ecommerce] [scheduling-1] c.d.e.s.SincronizacaoEstoqueService      : [ESTOQUE] Lendo VW_ECOMMERCE_ESTOQUE no banco de dados...
2026-09-04T19:10:00.122-03:00  INFO 12340 --- [ecommerce] [scheduling-1] c.d.e.s.SincronizacaoEstoqueService      : [ESTOQUE] Ciclo finalizado. Total de atualizações enviadas: 0
2026-09-04T19:11:00.000-03:00  INFO 12340 --- [ecommerce] [scheduling-1] c.d.e.s.SincronizacaoEstoqueService      : [ESTOQUE] Lendo VW_ECOMMERCE_ESTOQUE no banco de dados...
2026-09-04T19:11:00.106-03:00  INFO 12340 --- [ecommerce] [scheduling-1] c.d.e.s.SincronizacaoEstoqueService      : [ESTOQUE] Ciclo finalizado. Total de atualizações enviadas: 0
2026-09-04T19:11:00.107-03:00  INFO 12340 --- [ecommerce] [scheduling-1] c.d.e.service.SincronizacaoService       : Lendo VW_ECOMMERCE_PRECOS no banco de dados...
2026-09-04T19:11:00.450-03:00  INFO 12340 --- [ecommerce] [scheduling-1] c.d.e.service.SincronizacaoService       : Ciclo finalizado. Total de atualizações enviadas: 0
2026-09-04T19:12:00.001-03:00  INFO 12340 --- [ecommerce] [scheduling-1] c.d.e.s.SincronizacaoEstoqueService      : [ESTOQUE] Lendo VW_ECOMMERCE_ESTOQUE no banco de dados...
2026-09-04T19:12:00.079-03:00  INFO 12340 --- [ecommerce] [scheduling-1] c.d.e.s.SincronizacaoEstoqueService      : [ESTOQUE] Ciclo finalizado. Total de atualizações enviadas: 0
2026-09-04T19:12:00.079-03:00  INFO 12340 --- [ecommerce] [scheduling-1] c.d.e.service.SincronizacaoService       : Lendo VW_ECOMMERCE_PRECOS no banco de dados...
2026-09-04T19:12:00.201-03:00  INFO 12340 --- [ecommerce] [scheduling-1] c.d.e.service.SincronizacaoService       : Ciclo finalizado. Total de atualizações enviadas: 0
2026-09-04T19:12:59.999-03:00  INFO 12340 --- [ecommerce] [scheduling-1] c.d.e.service.SincronizacaoService       : Lendo VW_ECOMMERCE_PRECOS no banco de dados...
2026-09-04T19:13:00.124-03:00  INFO 12340 --- [ecommerce] [scheduling-1] c.d.e.service.SincronizacaoService       : Ciclo finalizado. Total de atualizações enviadas: 0
2026-09-04T19:13:00.124-03:00  INFO 12340 --- [ecommerce] [scheduling-1] c.d.e.s.SincronizacaoEstoqueService      : [ESTOQUE] Lendo VW_ECOMMERCE_ESTOQUE no banco de dados...
2026-09-04T19:13:00.149-03:00  INFO 12340 --- [ecommerce] [scheduling-1] c.d.e.s.SincronizacaoEstoqueService      : [ESTOQUE] Ciclo finalizado. Total de atualizações enviadas: 0
2026-09-04T19:14:00.000-03:00  INFO 12340 --- [ecommerce] [scheduling-1] c.d.e.s.SincronizacaoEstoqueService      : [ESTOQUE] Lendo VW_ECOMMERCE_ESTOQUE no banco de dados...
2026-09-04T19:14:00.087-03:00  INFO 12340 --- [ecommerce] [scheduling-1] c.d.e.s.SincronizacaoEstoqueService      : [ESTOQUE] Ciclo finalizado. Total de atualizações enviadas: 0
2026-09-04T19:14:00.087-03:00  INFO 12340 --- [ecommerce] [scheduling-1] c.d.e.service.SincronizacaoService       : Lendo VW_ECOMMERCE_PRECOS no banco de dados...
2026-09-04T19:14:00.135-03:00  INFO 12340 --- [ecommerce] [scheduling-1] c.d.e.service.SincronizacaoService       : Ciclo finalizado. Total de atualizações enviadas: 0
2026-09-04T19:15:00.000-03:00  INFO 12340 --- [ecommerce] [scheduling-1] c.d.e.service.SincronizacaoService       : Lendo VW_ECOMMERCE_PRECOS no banco de dados...
2026-09-04T19:15:00.320-03:00  INFO 12340 --- [ecommerce] [scheduling-1] c.d.e.service.SincronizacaoService       : Ciclo finalizado. Total de atualizações enviadas: 0
2026-09-04T19:15:00.320-03:00  INFO 12340 --- [ecommerce] [scheduling-1] c.d.e.s.SincronizacaoEstoqueService      : [ESTOQUE] Lendo VW_ECOMMERCE_ESTOQUE no banco de dados...
2026-09-04T19:15:00.374-03:00  INFO 12340 --- [ecommerce] [scheduling-1] c.d.e.s.SincronizacaoEstoqueService      : [ESTOQUE] Ciclo finalizado. Total de atualizações enviadas: 0
2026-09-04T19:16:00.000-03:00  INFO 12340 --- [ecommerce] [scheduling-1] c.d.e.service.SincronizacaoService       : Lendo VW_ECOMMERCE_PRECOS no banco de dados...
2026-09-04T19:16:00.288-03:00  INFO 12340 --- [ecommerce] [scheduling-1] c.d.e.service.SincronizacaoService       : Ciclo finalizado. Total de atualizações enviadas: 0
2026-09-04T19:16:00.289-03:00  INFO 12340 --- [ecommerce] [scheduling-1] c.d.e.s.SincronizacaoEstoqueService      : [ESTOQUE] Lendo VW_ECOMMERCE_ESTOQUE no banco de dados...
2026-09-04T19:16:00.311-03:00  INFO 12340 --- [ecommerce] [scheduling-1] c.d.e.s.SincronizacaoEstoqueService      : [ESTOQUE] Ciclo finalizado. Total de atualizações enviadas: 0
2026-09-04T19:17:00.000-03:00  INFO 12340 --- [ecommerce] [scheduling-1] c.d.e.s.SincronizacaoEstoqueService      : [ESTOQUE] Lendo VW_ECOMMERCE_ESTOQUE no banco de dados...
2026-09-04T19:17:00.090-03:00  INFO 12340 --- [ecommerce] [scheduling-1] c.d.e.s.SincronizacaoEstoqueService      : [ESTOQUE] Ciclo finalizado. Total de atualizações enviadas: 0
2026-09-04T19:17:00.090-03:00  INFO 12340 --- [ecommerce] [scheduling-1] c.d.e.service.SincronizacaoService       : Lendo VW_ECOMMERCE_PRECOS no banco de dados...
2026-09-04T19:17:00.348-03:00  INFO 12340 --- [ecommerce] [scheduling-1] c.d.e.service.SincronizacaoService       : Ciclo finalizado. Total de atualizações enviadas: 0
2026-09-04T19:18:00.000-03:00  INFO 12340 --- [ecommerce] [scheduling-1] c.d.e.s.SincronizacaoEstoqueService      : [ESTOQUE] Lendo VW_ECOMMERCE_ESTOQUE no banco de dados...
2026-09-04T19:18:00.088-03:00  INFO 12340 --- [ecommerce] [scheduling-1] c.d.e.s.SincronizacaoEstoqueService      : [ESTOQUE] Ciclo finalizado. Total de atualizações enviadas: 0
2026-09-04T19:18:00.088-03:00  INFO 12340 --- [ecommerce] [scheduling-1] c.d.e.service.SincronizacaoService       : Lendo VW_ECOMMERCE_PRECOS no banco de dados...
2026-09-04T19:18:00.139-03:00  INFO 12340 --- [ecommerce] [scheduling-1] c.d.e.service.SincronizacaoService       : Ciclo finalizado. Total de atualizações enviadas: 0
2026-09-04T19:19:00.000-03:00  INFO 12340 --- [ecommerce] [scheduling-1] c.d.e.service.SincronizacaoService       : Lendo VW_ECOMMERCE_PRECOS no banco de dados...
2026-09-04T19:19:00.051-03:00  INFO 12340 --- [ecommerce] [scheduling-1] c.d.e.service.SincronizacaoService       : Ciclo finalizado. Total de atualizações enviadas: 0
2026-09-04T19:19:00.051-03:00  INFO 12340 --- [ecommerce] [scheduling-1] c.d.e.s.SincronizacaoEstoqueService      : [ESTOQUE] Lendo VW_ECOMMERCE_ESTOQUE no banco de dados...
2026-09-04T19:19:00.085-03:00  INFO 12340 --- [ecommerce] [scheduling-1] c.d.e.s.SincronizacaoEstoqueService      : [ESTOQUE] Ciclo finalizado. Total de atualizações enviadas: 0
2026-09-04T19:20:00.001-03:00  INFO 12340 --- [ecommerce] [scheduling-1] c.d.e.s.SincronizacaoEstoqueService      : [ESTOQUE] Lendo VW_ECOMMERCE_ESTOQUE no banco de dados...
2026-09-04T19:20:00.036-03:00  INFO 12340 --- [ecommerce] [scheduling-1] c.d.e.s.SincronizacaoEstoqueService      : [ESTOQUE] Ciclo finalizado. Total de atualizações enviadas: 0
2026-09-04T19:20:00.036-03:00  INFO 12340 --- [ecommerce] [scheduling-1] c.d.e.service.SincronizacaoService       : Lendo VW_ECOMMERCE_PRECOS no banco de dados...
2026-09-04T19:20:00.081-03:00  INFO 12340 --- [ecommerce] [scheduling-1] c.d.e.service.SincronizacaoService       : Ciclo finalizado. Total de atualizações enviadas: 0
2026-09-04T19:21:00.000-03:00  INFO 12340 --- [ecommerce] [scheduling-1] c.d.e.service.SincronizacaoService       : Lendo VW_ECOMMERCE_PRECOS no banco de dados...
2026-09-04T19:21:00.153-03:00  INFO 12340 --- [ecommerce] [scheduling-1] c.d.e.service.SincronizacaoService       : Ciclo finalizado. Total de atualizações enviadas: 0
2026-09-04T19:21:00.153-03:00  INFO 12340 --- [ecommerce] [scheduling-1] c.d.e.s.SincronizacaoEstoqueService      : [ESTOQUE] Lendo VW_ECOMMERCE_ESTOQUE no banco de dados...
2026-09-04T19:21:00.196-03:00  INFO 12340 --- [ecommerce] [scheduling-1] c.d.e.s.SincronizacaoEstoqueService      : [ESTOQUE] Ciclo finalizado. Total de atualizações enviadas: 0
2026-09-04T19:22:00.000-03:00  INFO 12340 --- [ecommerce] [scheduling-1] c.d.e.s.SincronizacaoEstoqueService      : [ESTOQUE] Lendo VW_ECOMMERCE_ESTOQUE no banco de dados...
2026-09-04T19:22:00.053-03:00  INFO 12340 --- [ecommerce] [scheduling-1] c.d.e.s.SincronizacaoEstoqueService      : [ESTOQUE] Ciclo finalizado. Total de atualizações enviadas: 0
2026-09-04T19:22:00.053-03:00  INFO 12340 --- [ecommerce] [scheduling-1] c.d.e.service.SincronizacaoService       : Lendo VW_ECOMMERCE_PRECOS no banco de dados...
2026-09-04T19:22:00.213-03:00  INFO 12340 --- [ecommerce] [scheduling-1] c.d.e.service.SincronizacaoService       : Ciclo finalizado. Total de atualizações enviadas: 0
2026-09-04T19:23:00.000-03:00  INFO 12340 --- [ecommerce] [scheduling-1] c.d.e.service.SincronizacaoService       : Lendo VW_ECOMMERCE_PRECOS no banco de dados...
2026-09-04T19:23:00.068-03:00  INFO 12340 --- [ecommerce] [scheduling-1] c.d.e.service.SincronizacaoService       : Ciclo finalizado. Total de atualizações enviadas: 0
2026-09-04T19:23:00.068-03:00  INFO 12340 --- [ecommerce] [scheduling-1] c.d.e.s.SincronizacaoEstoqueService      : [ESTOQUE] Lendo VW_ECOMMERCE_ESTOQUE no banco de dados...
2026-09-04T19:23:00.100-03:00  INFO 12340 --- [ecommerce] [scheduling-1] c.d.e.s.SincronizacaoEstoqueService      : [ESTOQUE] Ciclo finalizado. Total de atualizações enviadas: 0
2026-09-04T19:24:00.000-03:00  INFO 12340 --- [ecommerce] [scheduling-1] c.d.e.s.SincronizacaoEstoqueService      : [ESTOQUE] Lendo VW_ECOMMERCE_ESTOQUE no banco de dados...
2026-09-04T19:24:00.089-03:00  INFO 12340 --- [ecommerce] [scheduling-1] c.d.e.s.SincronizacaoEstoqueService      : [ESTOQUE] Ciclo finalizado. Total de atualizações enviadas: 0
2026-09-04T19:24:00.089-03:00  INFO 12340 --- [ecommerce] [scheduling-1] c.d.e.service.SincronizacaoService       : Lendo VW_ECOMMERCE_PRECOS no banco de dados...
2026-09-04T19:24:00.135-03:00  INFO 12340 --- [ecommerce] [scheduling-1] c.d.e.service.SincronizacaoService       : Ciclo finalizado. Total de atualizações enviadas: 0
2026-09-04T19:25:00.000-03:00  INFO 12340 --- [ecommerce] [scheduling-1] c.d.e.s.SincronizacaoEstoqueService      : [ESTOQUE] Lendo VW_ECOMMERCE_ESTOQUE no banco de dados...
2026-09-04T19:25:00.112-03:00  INFO 12340 --- [ecommerce] [scheduling-1] c.d.e.s.SincronizacaoEstoqueService      : [ESTOQUE] Ciclo finalizado. Total de atualizações enviadas: 0
2026-09-04T19:25:00.112-03:00  INFO 12340 --- [ecommerce] [scheduling-1] c.d.e.service.SincronizacaoService       : Lendo VW_ECOMMERCE_PRECOS no banco de dados...
2026-09-04T19:25:00.312-03:00  INFO 12340 --- [ecommerce] [scheduling-1] c.d.e.service.SincronizacaoService       : Ciclo finalizado. Total de atualizações enviadas: 0
2026-09-04T19:26:00.000-03:00  INFO 12340 --- [ecommerce] [scheduling-1] c.d.e.service.SincronizacaoService       : Lendo VW_ECOMMERCE_PRECOS no banco de dados...
2026-09-04T19:26:00.104-03:00  INFO 12340 --- [ecommerce] [scheduling-1] c.d.e.service.SincronizacaoService       : Ciclo finalizado. Total de atualizações enviadas: 0
2026-09-04T19:26:00.104-03:00  INFO 12340 --- [ecommerce] [scheduling-1] c.d.e.s.SincronizacaoEstoqueService      : [ESTOQUE] Lendo VW_ECOMMERCE_ESTOQUE no banco de dados...
2026-09-04T19:26:00.131-03:00  INFO 12340 --- [ecommerce] [scheduling-1] c.d.e.s.SincronizacaoEstoqueService      : [ESTOQUE] Ciclo finalizado. Total de atualizações enviadas: 0
2026-09-04T19:26:59.999-03:00  INFO 12340 --- [ecommerce] [scheduling-1] c.d.e.s.SincronizacaoEstoqueService      : [ESTOQUE] Lendo VW_ECOMMERCE_ESTOQUE no banco de dados...
2026-09-04T19:27:00.038-03:00  INFO 12340 --- [ecommerce] [scheduling-1] c.d.e.s.SincronizacaoEstoqueService      : [ESTOQUE] Ciclo finalizado. Total de atualizações enviadas: 0
2026-09-04T19:27:00.038-03:00  INFO 12340 --- [ecommerce] [scheduling-1] c.d.e.service.SincronizacaoService       : Lendo VW_ECOMMERCE_PRECOS no banco de dados...
2026-09-04T19:27:00.211-03:00  INFO 12340 --- [ecommerce] [scheduling-1] c.d.e.service.SincronizacaoService       : Ciclo finalizado. Total de atualizações enviadas: 0
2026-09-04T19:28:00.000-03:00  INFO 12340 --- [ecommerce] [scheduling-1] c.d.e.s.SincronizacaoEstoqueService      : [ESTOQUE] Lendo VW_ECOMMERCE_ESTOQUE no banco de dados...
2026-09-04T19:28:00.054-03:00  INFO 12340 --- [ecommerce] [scheduling-1] c.d.e.s.SincronizacaoEstoqueService      : [ESTOQUE] Ciclo finalizado. Total de atualizações enviadas: 0
2026-09-04T19:28:00.055-03:00  INFO 12340 --- [ecommerce] [scheduling-1] c.d.e.service.SincronizacaoService       : Lendo VW_ECOMMERCE_PRECOS no banco de dados...
2026-09-04T19:28:00.106-03:00  INFO 12340 --- [ecommerce] [scheduling-1] c.d.e.service.SincronizacaoService       : Ciclo finalizado. Total de atualizações enviadas: 0
2026-09-04T19:29:00.000-03:00  INFO 12340 --- [ecommerce] [scheduling-1] c.d.e.service.SincronizacaoService       : Lendo VW_ECOMMERCE_PRECOS no banco de dados...
2026-09-04T19:29:00.132-03:00  INFO 12340 --- [ecommerce] [scheduling-1] c.d.e.service.SincronizacaoService       : Ciclo finalizado. Total de atualizações enviadas: 0
2026-09-04T19:29:00.132-03:00  INFO 12340 --- [ecommerce] [scheduling-1] c.d.e.s.SincronizacaoEstoqueService      : [ESTOQUE] Lendo VW_ECOMMERCE_ESTOQUE no banco de dados...
2026-09-04T19:29:00.159-03:00  INFO 12340 --- [ecommerce] [scheduling-1] c.d.e.s.SincronizacaoEstoqueService      : [ESTOQUE] Ciclo finalizado. Total de atualizações enviadas: 0
2026-09-04T19:30:00.000-03:00  INFO 12340 --- [ecommerce] [scheduling-1] c.d.e.s.SincronizacaoEstoqueService      : [ESTOQUE] Lendo VW_ECOMMERCE_ESTOQUE no banco de dados...
2026-09-04T19:30:00.070-03:00  INFO 12340 --- [ecommerce] [scheduling-1] c.d.e.s.SincronizacaoEstoqueService      : [ESTOQUE] Ciclo finalizado. Total de atualizações enviadas: 0
2026-09-04T19:30:00.071-03:00  INFO 12340 --- [ecommerce] [scheduling-1] c.d.e.service.SincronizacaoService       : Lendo VW_ECOMMERCE_PRECOS no banco de dados...
2026-09-04T19:30:00.176-03:00  INFO 12340 --- [ecommerce] [scheduling-1] c.d.e.service.SincronizacaoService       : Ciclo finalizado. Total de atualizações enviadas: 0
2026-09-04T19:31:00.000-03:00  INFO 12340 --- [ecommerce] [scheduling-1] c.d.e.s.SincronizacaoEstoqueService      : [ESTOQUE] Lendo VW_ECOMMERCE_ESTOQUE no banco de dados...
2026-09-04T19:31:00.331-03:00  INFO 12340 --- [ecommerce] [scheduling-1] c.d.e.s.SincronizacaoEstoqueService      : [ESTOQUE] Ciclo finalizado. Total de atualizações enviadas: 0
2026-09-04T19:31:00.331-03:00  INFO 12340 --- [ecommerce] [scheduling-1] c.d.e.service.SincronizacaoService       : Lendo VW_ECOMMERCE_PRECOS no banco de dados...
2026-09-04T19:31:00.963-03:00  INFO 12340 --- [ecommerce] [scheduling-1] c.d.e.service.SincronizacaoService       : Ciclo finalizado. Total de atualizações enviadas: 0
2026-09-04T19:31:59.999-03:00  INFO 12340 --- [ecommerce] [scheduling-1] c.d.e.service.SincronizacaoService       : Lendo VW_ECOMMERCE_PRECOS no banco de dados...
2026-09-04T19:32:00.078-03:00  INFO 12340 --- [ecommerce] [scheduling-1] c.d.e.service.SincronizacaoService       : Ciclo finalizado. Total de atualizações enviadas: 0
2026-09-04T19:32:00.078-03:00  INFO 12340 --- [ecommerce] [scheduling-1] c.d.e.s.SincronizacaoEstoqueService      : [ESTOQUE] Lendo VW_ECOMMERCE_ESTOQUE no banco de dados...
2026-09-04T19:32:00.105-03:00  INFO 12340 --- [ecommerce] [scheduling-1] c.d.e.s.SincronizacaoEstoqueService      : [ESTOQUE] Ciclo finalizado. Total de atualizações enviadas: 0
2026-09-04T19:33:00.000-03:00  INFO 12340 --- [ecommerce] [scheduling-1] c.d.e.s.SincronizacaoEstoqueService      : [ESTOQUE] Lendo VW_ECOMMERCE_ESTOQUE no banco de dados...
2026-09-04T19:33:00.074-03:00  INFO 12340 --- [ecommerce] [scheduling-1] c.d.e.s.SincronizacaoEstoqueService      : [ESTOQUE] Ciclo finalizado. Total de atualizações enviadas: 0
2026-09-04T19:33:00.074-03:00  INFO 12340 --- [ecommerce] [scheduling-1] c.d.e.service.SincronizacaoService       : Lendo VW_ECOMMERCE_PRECOS no banco de dados...
2026-09-04T19:33:00.184-03:00  INFO 12340 --- [ecommerce] [scheduling-1] c.d.e.service.SincronizacaoService       : Ciclo finalizado. Total de atualizações enviadas: 0
2026-09-04T19:34:00.000-03:00  INFO 12340 --- [ecommerce] [scheduling-1] c.d.e.s.SincronizacaoEstoqueService      : [ESTOQUE] Lendo VW_ECOMMERCE_ESTOQUE no banco de dados...
2026-09-04T19:34:00.034-03:00  INFO 12340 --- [ecommerce] [scheduling-1] c.d.e.s.SincronizacaoEstoqueService      : [ESTOQUE] Ciclo finalizado. Total de atualizações enviadas: 0
2026-09-04T19:34:00.034-03:00  INFO 12340 --- [ecommerce] [scheduling-1] c.d.e.service.SincronizacaoService       : Lendo VW_ECOMMERCE_PRECOS no banco de dados...
2026-09-04T19:34:00.080-03:00  INFO 12340 --- [ecommerce] [scheduling-1] c.d.e.service.SincronizacaoService       : Ciclo finalizado. Total de atualizações enviadas: 0
2026-09-04T19:35:00.000-03:00  INFO 12340 --- [ecommerce] [scheduling-1] c.d.e.s.SincronizacaoEstoqueService      : [ESTOQUE] Lendo VW_ECOMMERCE_ESTOQUE no banco de dados...
2026-09-04T19:35:00.096-03:00  INFO 12340 --- [ecommerce] [scheduling-1] c.d.e.s.SincronizacaoEstoqueService      : [ESTOQUE] Ciclo finalizado. Total de atualizações enviadas: 0
2026-09-04T19:35:00.096-03:00  INFO 12340 --- [ecommerce] [scheduling-1] c.d.e.service.SincronizacaoService       : Lendo VW_ECOMMERCE_PRECOS no banco de dados...
2026-09-04T19:35:00.252-03:00  INFO 12340 --- [ecommerce] [scheduling-1] c.d.e.service.SincronizacaoService       : Ciclo finalizado. Total de atualizações enviadas: 0
2026-09-04T19:36:00.000-03:00  INFO 12340 --- [ecommerce] [scheduling-1] c.d.e.service.SincronizacaoService       : Lendo VW_ECOMMERCE_PRECOS no banco de dados...
2026-09-04T19:36:00.183-03:00  INFO 12340 --- [ecommerce] [scheduling-1] c.d.e.service.SincronizacaoService       : Ciclo finalizado. Total de atualizações enviadas: 0
2026-09-04T19:36:00.183-03:00  INFO 12340 --- [ecommerce] [scheduling-1] c.d.e.s.SincronizacaoEstoqueService      : [ESTOQUE] Lendo VW_ECOMMERCE_ESTOQUE no banco de dados...
2026-09-04T19:36:00.218-03:00  INFO 12340 --- [ecommerce] [scheduling-1] c.d.e.s.SincronizacaoEstoqueService      : [ESTOQUE] Ciclo finalizado. Total de atualizações enviadas: 0
2026-09-04T19:37:00.000-03:00  INFO 12340 --- [ecommerce] [scheduling-1] c.d.e.service.SincronizacaoService       : Lendo VW_ECOMMERCE_PRECOS no banco de dados...
2026-09-04T19:37:00.113-03:00  INFO 12340 --- [ecommerce] [scheduling-1] c.d.e.service.SincronizacaoService       : Ciclo finalizado. Total de atualizações enviadas: 0
2026-09-04T19:37:00.114-03:00  INFO 12340 --- [ecommerce] [scheduling-1] c.d.e.s.SincronizacaoEstoqueService      : [ESTOQUE] Lendo VW_ECOMMERCE_ESTOQUE no banco de dados...
2026-09-04T19:37:00.137-03:00  INFO 12340 --- [ecommerce] [scheduling-1] c.d.e.s.SincronizacaoEstoqueService      : [ESTOQUE] Ciclo finalizado. Total de atualizações enviadas: 0
2026-09-04T19:38:00.000-03:00  INFO 12340 --- [ecommerce] [scheduling-1] c.d.e.service.SincronizacaoService       : Lendo VW_ECOMMERCE_PRECOS no banco de dados...
2026-09-04T19:38:00.052-03:00  INFO 12340 --- [ecommerce] [scheduling-1] c.d.e.service.SincronizacaoService       : Ciclo finalizado. Total de atualizações enviadas: 0
2026-09-04T19:38:00.052-03:00  INFO 12340 --- [ecommerce] [scheduling-1] c.d.e.s.SincronizacaoEstoqueService      : [ESTOQUE] Lendo VW_ECOMMERCE_ESTOQUE no banco de dados...
2026-09-04T19:38:00.073-03:00  INFO 12340 --- [ecommerce] [scheduling-1] c.d.e.s.SincronizacaoEstoqueService      : [ESTOQUE] Ciclo finalizado. Total de atualizações enviadas: 0
2026-09-04T19:39:00.000-03:00  INFO 12340 --- [ecommerce] [scheduling-1] c.d.e.service.SincronizacaoService       : Lendo VW_ECOMMERCE_PRECOS no banco de dados...
2026-09-04T19:39:00.121-03:00  INFO 12340 --- [ecommerce] [scheduling-1] c.d.e.service.SincronizacaoService       : Ciclo finalizado. Total de atualizações enviadas: 0
2026-09-04T19:39:00.121-03:00  INFO 12340 --- [ecommerce] [scheduling-1] c.d.e.s.SincronizacaoEstoqueService      : [ESTOQUE] Lendo VW_ECOMMERCE_ESTOQUE no banco de dados...
2026-09-04T19:39:00.148-03:00  INFO 12340 --- [ecommerce] [scheduling-1] c.d.e.s.SincronizacaoEstoqueService      : [ESTOQUE] Ciclo finalizado. Total de atualizações enviadas: 0
2026-09-04T19:40:00.000-03:00  INFO 12340 --- [ecommerce] [scheduling-1] c.d.e.service.SincronizacaoService       : Lendo VW_ECOMMERCE_PRECOS no banco de dados...
2026-09-04T19:40:00.079-03:00  INFO 12340 --- [ecommerce] [scheduling-1] c.d.e.service.SincronizacaoService       : Ciclo finalizado. Total de atualizações enviadas: 0
2026-09-04T19:40:00.080-03:00  INFO 12340 --- [ecommerce] [scheduling-1] c.d.e.s.SincronizacaoEstoqueService      : [ESTOQUE] Lendo VW_ECOMMERCE_ESTOQUE no banco de dados...
2026-09-04T19:40:00.111-03:00  INFO 12340 --- [ecommerce] [scheduling-1] c.d.e.s.SincronizacaoEstoqueService      : [ESTOQUE] Ciclo finalizado. Total de atualizações enviadas: 0
2026-09-04T19:41:00.001-03:00  INFO 12340 --- [ecommerce] [scheduling-1] c.d.e.s.SincronizacaoEstoqueService      : [ESTOQUE] Lendo VW_ECOMMERCE_ESTOQUE no banco de dados...
2026-09-04T19:41:00.093-03:00  INFO 12340 --- [ecommerce] [scheduling-1] c.d.e.s.SincronizacaoEstoqueService      : [ESTOQUE] Ciclo finalizado. Total de atualizações enviadas: 0
2026-09-04T19:41:00.094-03:00  INFO 12340 --- [ecommerce] [scheduling-1] c.d.e.service.SincronizacaoService       : Lendo VW_ECOMMERCE_PRECOS no banco de dados...
2026-09-04T19:41:00.142-03:00  INFO 12340 --- [ecommerce] [scheduling-1] c.d.e.service.SincronizacaoService       : Ciclo finalizado. Total de atualizações enviadas: 0
2026-09-04T19:42:00.000-03:00  INFO 12340 --- [ecommerce] [scheduling-1] c.d.e.s.SincronizacaoEstoqueService      : [ESTOQUE] Lendo VW_ECOMMERCE_ESTOQUE no banco de dados...
2026-09-04T19:42:00.118-03:00  INFO 12340 --- [ecommerce] [scheduling-1] c.d.e.s.SincronizacaoEstoqueService      : [ESTOQUE] Ciclo finalizado. Total de atualizações enviadas: 0
2026-09-04T19:42:00.118-03:00  INFO 12340 --- [ecommerce] [scheduling-1] c.d.e.service.SincronizacaoService       : Lendo VW_ECOMMERCE_PRECOS no banco de dados...
2026-09-04T19:42:00.296-03:00  INFO 12340 --- [ecommerce] [scheduling-1] c.d.e.service.SincronizacaoService       : Ciclo finalizado. Total de atualizações enviadas: 0
2026-09-04T19:43:00.000-03:00  INFO 12340 --- [ecommerce] [scheduling-1] c.d.e.s.SincronizacaoEstoqueService      : [ESTOQUE] Lendo VW_ECOMMERCE_ESTOQUE no banco de dados...
2026-09-04T19:43:00.054-03:00  INFO 12340 --- [ecommerce] [scheduling-1] c.d.e.s.SincronizacaoEstoqueService      : [ESTOQUE] Ciclo finalizado. Total de atualizações enviadas: 0
2026-09-04T19:43:00.054-03:00  INFO 12340 --- [ecommerce] [scheduling-1] c.d.e.service.SincronizacaoService       : Lendo VW_ECOMMERCE_PRECOS no banco de dados...
2026-09-04T19:43:00.103-03:00  INFO 12340 --- [ecommerce] [scheduling-1] c.d.e.service.SincronizacaoService       : Ciclo finalizado. Total de atualizações enviadas: 0
2026-09-04T19:44:00.000-03:00  INFO 12340 --- [ecommerce] [scheduling-1] c.d.e.s.SincronizacaoEstoqueService      : [ESTOQUE] Lendo VW_ECOMMERCE_ESTOQUE no banco de dados...
2026-09-04T19:44:00.025-03:00  INFO 12340 --- [ecommerce] [scheduling-1] c.d.e.s.SincronizacaoEstoqueService      : [ESTOQUE] Ciclo finalizado. Total de atualizações enviadas: 0
2026-09-04T19:44:00.025-03:00  INFO 12340 --- [ecommerce] [scheduling-1] c.d.e.service.SincronizacaoService       : Lendo VW_ECOMMERCE_PRECOS no banco de dados...
2026-09-04T19:44:00.105-03:00  INFO 12340 --- [ecommerce] [scheduling-1] c.d.e.service.SincronizacaoService       : Ciclo finalizado. Total de atualizações enviadas: 0
2026-09-04T19:44:59.999-03:00  INFO 12340 --- [ecommerce] [scheduling-1] c.d.e.s.SincronizacaoEstoqueService      : [ESTOQUE] Lendo VW_ECOMMERCE_ESTOQUE no banco de dados...
2026-09-04T19:45:00.055-03:00  INFO 12340 --- [ecommerce] [scheduling-1] c.d.e.s.SincronizacaoEstoqueService      : [ESTOQUE] Ciclo finalizado. Total de atualizações enviadas: 0
2026-09-04T19:45:00.055-03:00  INFO 12340 --- [ecommerce] [scheduling-1] c.d.e.service.SincronizacaoService       : Lendo VW_ECOMMERCE_PRECOS no banco de dados...
2026-09-04T19:45:00.214-03:00  INFO 12340 --- [ecommerce] [scheduling-1] c.d.e.service.SincronizacaoService       : Ciclo finalizado. Total de atualizações enviadas: 0
2026-09-04T19:46:00.001-03:00  INFO 12340 --- [ecommerce] [scheduling-1] c.d.e.service.SincronizacaoService       : Lendo VW_ECOMMERCE_PRECOS no banco de dados...
2026-09-04T19:46:00.056-03:00  INFO 12340 --- [ecommerce] [scheduling-1] c.d.e.service.SincronizacaoService       : Ciclo finalizado. Total de atualizações enviadas: 0
2026-09-04T19:46:00.056-03:00  INFO 12340 --- [ecommerce] [scheduling-1] c.d.e.s.SincronizacaoEstoqueService      : [ESTOQUE] Lendo VW_ECOMMERCE_ESTOQUE no banco de dados...
2026-09-04T19:46:00.091-03:00  INFO 12340 --- [ecommerce] [scheduling-1] c.d.e.s.SincronizacaoEstoqueService      : [ESTOQUE] Ciclo finalizado. Total de atualizações enviadas: 0
2026-09-04T19:47:00.000-03:00  INFO 12340 --- [ecommerce] [scheduling-1] c.d.e.s.SincronizacaoEstoqueService      : [ESTOQUE] Lendo VW_ECOMMERCE_ESTOQUE no banco de dados...
2026-09-04T19:47:00.047-03:00  INFO 12340 --- [ecommerce] [scheduling-1] c.d.e.s.SincronizacaoEstoqueService      : [ESTOQUE] Ciclo finalizado. Total de atualizações enviadas: 0
2026-09-04T19:47:00.047-03:00  INFO 12340 --- [ecommerce] [scheduling-1] c.d.e.service.SincronizacaoService       : Lendo VW_ECOMMERCE_PRECOS no banco de dados...
2026-09-04T19:47:00.257-03:00  INFO 12340 --- [ecommerce] [scheduling-1] c.d.e.service.SincronizacaoService       : Ciclo finalizado. Total de atualizações enviadas: 0
2026-09-04T19:48:00.000-03:00  INFO 12340 --- [ecommerce] [scheduling-1] c.d.e.s.SincronizacaoEstoqueService      : [ESTOQUE] Lendo VW_ECOMMERCE_ESTOQUE no banco de dados...
2026-09-04T19:48:00.095-03:00  INFO 12340 --- [ecommerce] [scheduling-1] c.d.e.s.SincronizacaoEstoqueService      : [ESTOQUE] Ciclo finalizado. Total de atualizações enviadas: 0
2026-09-04T19:48:00.096-03:00  INFO 12340 --- [ecommerce] [scheduling-1] c.d.e.service.SincronizacaoService       : Lendo VW_ECOMMERCE_PRECOS no banco de dados...
2026-09-04T19:48:00.170-03:00  INFO 12340 --- [ecommerce] [scheduling-1] c.d.e.service.SincronizacaoService       : Ciclo finalizado. Total de atualizações enviadas: 0
2026-09-04T19:48:59.999-03:00  INFO 12340 --- [ecommerce] [scheduling-1] c.d.e.s.SincronizacaoEstoqueService      : [ESTOQUE] Lendo VW_ECOMMERCE_ESTOQUE no banco de dados...
2026-09-04T19:49:00.086-03:00  INFO 12340 --- [ecommerce] [scheduling-1] c.d.e.s.SincronizacaoEstoqueService      : [ESTOQUE] Ciclo finalizado. Total de atualizações enviadas: 0
2026-09-04T19:49:00.086-03:00  INFO 12340 --- [ecommerce] [scheduling-1] c.d.e.service.SincronizacaoService       : Lendo VW_ECOMMERCE_PRECOS no banco de dados...
2026-09-04T19:49:00.158-03:00  INFO 12340 --- [ecommerce] [scheduling-1] c.d.e.service.SincronizacaoService       : Ciclo finalizado. Total de atualizações enviadas: 0
2026-09-04T19:50:00.000-03:00  INFO 12340 --- [ecommerce] [scheduling-1] c.d.e.service.SincronizacaoService       : Lendo VW_ECOMMERCE_PRECOS no banco de dados...
2026-09-04T19:50:00.155-03:00  INFO 12340 --- [ecommerce] [scheduling-1] c.d.e.service.SincronizacaoService       : Ciclo finalizado. Total de atualizações enviadas: 0
2026-09-04T19:50:00.155-03:00  INFO 12340 --- [ecommerce] [scheduling-1] c.d.e.s.SincronizacaoEstoqueService      : [ESTOQUE] Lendo VW_ECOMMERCE_ESTOQUE no banco de dados...
2026-09-04T19:50:00.194-03:00  INFO 12340 --- [ecommerce] [scheduling-1] c.d.e.s.SincronizacaoEstoqueService      : [ESTOQUE] Ciclo finalizado. Total de atualizações enviadas: 0
2026-09-04T19:51:00.000-03:00  INFO 12340 --- [ecommerce] [scheduling-1] c.d.e.s.SincronizacaoEstoqueService      : [ESTOQUE] Lendo VW_ECOMMERCE_ESTOQUE no banco de dados...
2026-09-04T19:51:00.065-03:00  INFO 12340 --- [ecommerce] [scheduling-1] c.d.e.s.SincronizacaoEstoqueService      : [ESTOQUE] Ciclo finalizado. Total de atualizações enviadas: 0
2026-09-04T19:51:00.066-03:00  INFO 12340 --- [ecommerce] [scheduling-1] c.d.e.service.SincronizacaoService       : Lendo VW_ECOMMERCE_PRECOS no banco de dados...
2026-09-04T19:51:00.112-03:00  INFO 12340 --- [ecommerce] [scheduling-1] c.d.e.service.SincronizacaoService       : Ciclo finalizado. Total de atualizações enviadas: 0
2026-09-04T19:52:00.000-03:00  INFO 12340 --- [ecommerce] [scheduling-1] c.d.e.s.SincronizacaoEstoqueService      : [ESTOQUE] Lendo VW_ECOMMERCE_ESTOQUE no banco de dados...
2026-09-04T19:52:00.057-03:00  INFO 12340 --- [ecommerce] [scheduling-1] c.d.e.s.SincronizacaoEstoqueService      : [ESTOQUE] Ciclo finalizado. Total de atualizações enviadas: 0
2026-09-04T19:52:00.057-03:00  INFO 12340 --- [ecommerce] [scheduling-1] c.d.e.service.SincronizacaoService       : Lendo VW_ECOMMERCE_PRECOS no banco de dados...
2026-09-04T19:52:00.251-03:00  INFO 12340 --- [ecommerce] [scheduling-1] c.d.e.service.SincronizacaoService       : Ciclo finalizado. Total de atualizações enviadas: 0
2026-09-04T19:53:00.000-03:00  INFO 12340 --- [ecommerce] [scheduling-1] c.d.e.s.SincronizacaoEstoqueService      : [ESTOQUE] Lendo VW_ECOMMERCE_ESTOQUE no banco de dados...
2026-09-04T19:53:00.103-03:00  INFO 12340 --- [ecommerce] [scheduling-1] c.d.e.s.SincronizacaoEstoqueService      : [ESTOQUE] Ciclo finalizado. Total de atualizações enviadas: 0
2026-09-04T19:53:00.103-03:00  INFO 12340 --- [ecommerce] [scheduling-1] c.d.e.service.SincronizacaoService       : Lendo VW_ECOMMERCE_PRECOS no banco de dados...
2026-09-04T19:53:00.166-03:00  INFO 12340 --- [ecommerce] [scheduling-1] c.d.e.service.SincronizacaoService       : Ciclo finalizado. Total de atualizações enviadas: 0
2026-09-04T19:54:00.000-03:00  INFO 12340 --- [ecommerce] [scheduling-1] c.d.e.service.SincronizacaoService       : Lendo VW_ECOMMERCE_PRECOS no banco de dados...
2026-09-04T19:54:00.185-03:00  INFO 12340 --- [ecommerce] [scheduling-1] c.d.e.service.SincronizacaoService       : Ciclo finalizado. Total de atualizações enviadas: 0
2026-09-04T19:54:00.185-03:00  INFO 12340 --- [ecommerce] [scheduling-1] c.d.e.s.SincronizacaoEstoqueService      : [ESTOQUE] Lendo VW_ECOMMERCE_ESTOQUE no banco de dados...
2026-09-04T19:54:00.230-03:00  INFO 12340 --- [ecommerce] [scheduling-1] c.d.e.s.SincronizacaoEstoqueService      : [ESTOQUE] Ciclo finalizado. Total de atualizações enviadas: 0
2026-09-04T19:55:00.001-03:00  INFO 12340 --- [ecommerce] [scheduling-1] c.d.e.service.SincronizacaoService       : Lendo VW_ECOMMERCE_PRECOS no banco de dados...
2026-09-04T19:55:00.057-03:00  INFO 12340 --- [ecommerce] [scheduling-1] c.d.e.service.SincronizacaoService       : Ciclo finalizado. Total de atualizações enviadas: 0
2026-09-04T19:55:00.057-03:00  INFO 12340 --- [ecommerce] [scheduling-1] c.d.e.s.SincronizacaoEstoqueService      : [ESTOQUE] Lendo VW_ECOMMERCE_ESTOQUE no banco de dados...
2026-09-04T19:55:00.093-03:00  INFO 12340 --- [ecommerce] [scheduling-1] c.d.e.s.SincronizacaoEstoqueService      : [ESTOQUE] Ciclo finalizado. Total de atualizações enviadas: 0
2026-09-04T19:56:00.000-03:00  INFO 12340 --- [ecommerce] [scheduling-1] c.d.e.service.SincronizacaoService       : Lendo VW_ECOMMERCE_PRECOS no banco de dados...
2026-09-04T19:56:00.116-03:00  INFO 12340 --- [ecommerce] [scheduling-1] c.d.e.service.SincronizacaoService       : Ciclo finalizado. Total de atualizações enviadas: 0
2026-09-04T19:56:00.116-03:00  INFO 12340 --- [ecommerce] [scheduling-1] c.d.e.s.SincronizacaoEstoqueService      : [ESTOQUE] Lendo VW_ECOMMERCE_ESTOQUE no banco de dados...
2026-09-04T19:56:00.138-03:00  INFO 12340 --- [ecommerce] [scheduling-1] c.d.e.s.SincronizacaoEstoqueService      : [ESTOQUE] Ciclo finalizado. Total de atualizações enviadas: 0
2026-09-04T19:56:59.999-03:00  INFO 12340 --- [ecommerce] [scheduling-1] c.d.e.s.SincronizacaoEstoqueService      : [ESTOQUE] Lendo VW_ECOMMERCE_ESTOQUE no banco de dados...
2026-09-04T19:57:00.296-03:00  INFO 12340 --- [ecommerce] [scheduling-1] c.d.e.s.SincronizacaoEstoqueService      : [ESTOQUE] Ciclo finalizado. Total de atualizações enviadas: 0
2026-09-04T19:57:00.297-03:00  INFO 12340 --- [ecommerce] [scheduling-1] c.d.e.service.SincronizacaoService       : Lendo VW_ECOMMERCE_PRECOS no banco de dados...
2026-09-04T19:57:01.352-03:00  INFO 12340 --- [ecommerce] [scheduling-1] c.d.e.service.SincronizacaoService       : Ciclo finalizado. Total de atualizações enviadas: 0
2026-09-04T19:58:00.000-03:00  INFO 12340 --- [ecommerce] [scheduling-1] c.d.e.s.SincronizacaoEstoqueService      : [ESTOQUE] Lendo VW_ECOMMERCE_ESTOQUE no banco de dados...
2026-09-04T19:58:00.062-03:00  INFO 12340 --- [ecommerce] [scheduling-1] c.d.e.s.SincronizacaoEstoqueService      : [ESTOQUE] Ciclo finalizado. Total de atualizações enviadas: 0
2026-09-04T19:58:00.062-03:00  INFO 12340 --- [ecommerce] [scheduling-1] c.d.e.service.SincronizacaoService       : Lendo VW_ECOMMERCE_PRECOS no banco de dados...
2026-09-04T19:58:00.305-03:00  INFO 12340 --- [ecommerce] [scheduling-1] c.d.e.service.SincronizacaoService       : Ciclo finalizado. Total de atualizações enviadas: 0
2026-09-04T19:59:00.000-03:00  INFO 12340 --- [ecommerce] [scheduling-1] c.d.e.s.SincronizacaoEstoqueService      : [ESTOQUE] Lendo VW_ECOMMERCE_ESTOQUE no banco de dados...
2026-09-04T19:59:00.061-03:00  INFO 12340 --- [ecommerce] [scheduling-1] c.d.e.s.SincronizacaoEstoqueService      : [ESTOQUE] Ciclo finalizado. Total de atualizações enviadas: 0
2026-09-04T19:59:00.061-03:00  INFO 12340 --- [ecommerce] [scheduling-1] c.d.e.service.SincronizacaoService       : Lendo VW_ECOMMERCE_PRECOS no banco de dados...
2026-09-04T19:59:00.107-03:00  INFO 12340 --- [ecommerce] [scheduling-1] c.d.e.service.SincronizacaoService       : Ciclo finalizado. Total de atualizações enviadas: 0
2026-09-04T20:00:00.000-03:00  INFO 12340 --- [ecommerce] [scheduling-1] c.d.e.s.SincronizacaoEstoqueService      : [ESTOQUE] Lendo VW_ECOMMERCE_ESTOQUE no banco de dados...
2026-09-04T20:00:00.092-03:00  INFO 12340 --- [ecommerce] [scheduling-1] c.d.e.s.SincronizacaoEstoqueService      : [ESTOQUE] Ciclo finalizado. Total de atualizações enviadas: 0
2026-09-04T20:00:00.092-03:00  INFO 12340 --- [ecommerce] [scheduling-1] c.d.e.service.SincronizacaoService       : Lendo VW_ECOMMERCE_PRECOS no banco de dados...
2026-09-04T20:00:00.149-03:00  INFO 12340 --- [ecommerce] [scheduling-1] c.d.e.service.SincronizacaoService       : Ciclo finalizado. Total de atualizações enviadas: 0
2026-09-04T20:01:00.000-03:00  INFO 12340 --- [ecommerce] [scheduling-1] c.d.e.service.SincronizacaoService       : Lendo VW_ECOMMERCE_PRECOS no banco de dados...
2026-09-04T20:01:00.054-03:00  INFO 12340 --- [ecommerce] [scheduling-1] c.d.e.service.SincronizacaoService       : Ciclo finalizado. Total de atualizações enviadas: 0
2026-09-04T20:01:00.054-03:00  INFO 12340 --- [ecommerce] [scheduling-1] c.d.e.s.SincronizacaoEstoqueService      : [ESTOQUE] Lendo VW_ECOMMERCE_ESTOQUE no banco de dados...
2026-09-04T20:01:00.074-03:00  INFO 12340 --- [ecommerce] [scheduling-1] c.d.e.s.SincronizacaoEstoqueService      : [ESTOQUE] Ciclo finalizado. Total de atualizações enviadas: 0
2026-09-04T20:01:59.999-03:00  INFO 12340 --- [ecommerce] [scheduling-1] c.d.e.s.SincronizacaoEstoqueService      : [ESTOQUE] Lendo VW_ECOMMERCE_ESTOQUE no banco de dados...
2026-09-04T20:02:00.079-03:00  INFO 12340 --- [ecommerce] [scheduling-1] c.d.e.s.SincronizacaoEstoqueService      : [ESTOQUE] Ciclo finalizado. Total de atualizações enviadas: 0
2026-09-04T20:02:00.080-03:00  INFO 12340 --- [ecommerce] [scheduling-1] c.d.e.service.SincronizacaoService       : Lendo VW_ECOMMERCE_PRECOS no banco de dados...
2026-09-04T20:02:00.314-03:00  INFO 12340 --- [ecommerce] [scheduling-1] c.d.e.service.SincronizacaoService       : Ciclo finalizado. Total de atualizações enviadas: 0
2026-09-04T20:02:59.999-03:00  INFO 12340 --- [ecommerce] [scheduling-1] c.d.e.s.SincronizacaoEstoqueService      : [ESTOQUE] Lendo VW_ECOMMERCE_ESTOQUE no banco de dados...
2026-09-04T20:03:00.067-03:00  INFO 12340 --- [ecommerce] [scheduling-1] c.d.e.s.SincronizacaoEstoqueService      : [ESTOQUE] Ciclo finalizado. Total de atualizações enviadas: 0
2026-09-04T20:03:00.067-03:00  INFO 12340 --- [ecommerce] [scheduling-1] c.d.e.service.SincronizacaoService       : Lendo VW_ECOMMERCE_PRECOS no banco de dados...
2026-09-04T20:03:00.114-03:00  INFO 12340 --- [ecommerce] [scheduling-1] c.d.e.service.SincronizacaoService       : Ciclo finalizado. Total de atualizações enviadas: 0
2026-09-04T20:04:00.000-03:00  INFO 12340 --- [ecommerce] [scheduling-1] c.d.e.service.SincronizacaoService       : Lendo VW_ECOMMERCE_PRECOS no banco de dados...
2026-09-04T20:04:00.095-03:00  INFO 12340 --- [ecommerce] [scheduling-1] c.d.e.service.SincronizacaoService       : Ciclo finalizado. Total de atualizações enviadas: 0
2026-09-04T20:04:00.095-03:00  INFO 12340 --- [ecommerce] [scheduling-1] c.d.e.s.SincronizacaoEstoqueService      : [ESTOQUE] Lendo VW_ECOMMERCE_ESTOQUE no banco de dados...
2026-09-04T20:04:00.114-03:00  INFO 12340 --- [ecommerce] [scheduling-1] c.d.e.s.SincronizacaoEstoqueService      : [ESTOQUE] Ciclo finalizado. Total de atualizações enviadas: 0
2026-09-04T20:05:00.000-03:00  INFO 12340 --- [ecommerce] [scheduling-1] c.d.e.service.SincronizacaoService       : Lendo VW_ECOMMERCE_PRECOS no banco de dados...
2026-09-04T20:05:00.066-03:00  INFO 12340 --- [ecommerce] [scheduling-1] c.d.e.service.SincronizacaoService       : Ciclo finalizado. Total de atualizações enviadas: 0
2026-09-04T20:05:00.066-03:00  INFO 12340 --- [ecommerce] [scheduling-1] c.d.e.s.SincronizacaoEstoqueService      : [ESTOQUE] Lendo VW_ECOMMERCE_ESTOQUE no banco de dados...
2026-09-04T20:05:00.103-03:00  INFO 12340 --- [ecommerce] [scheduling-1] c.d.e.s.SincronizacaoEstoqueService      : [ESTOQUE] Ciclo finalizado. Total de atualizações enviadas: 0
2026-09-04T20:06:00.000-03:00  INFO 12340 --- [ecommerce] [scheduling-1] c.d.e.s.SincronizacaoEstoqueService      : [ESTOQUE] Lendo VW_ECOMMERCE_ESTOQUE no banco de dados...
2026-09-04T20:06:00.057-03:00  INFO 12340 --- [ecommerce] [scheduling-1] c.d.e.s.SincronizacaoEstoqueService      : [ESTOQUE] Ciclo finalizado. Total de atualizações enviadas: 0
2026-09-04T20:06:00.058-03:00  INFO 12340 --- [ecommerce] [scheduling-1] c.d.e.service.SincronizacaoService       : Lendo VW_ECOMMERCE_PRECOS no banco de dados...
2026-09-04T20:06:00.200-03:00  INFO 12340 --- [ecommerce] [scheduling-1] c.d.e.service.SincronizacaoService       : Ciclo finalizado. Total de atualizações enviadas: 0
2026-09-04T20:07:00.000-03:00  INFO 12340 --- [ecommerce] [scheduling-1] c.d.e.s.SincronizacaoEstoqueService      : [ESTOQUE] Lendo VW_ECOMMERCE_ESTOQUE no banco de dados...
2026-09-04T20:07:00.055-03:00  INFO 12340 --- [ecommerce] [scheduling-1] c.d.e.s.SincronizacaoEstoqueService      : [ESTOQUE] Ciclo finalizado. Total de atualizações enviadas: 0
2026-09-04T20:07:00.055-03:00  INFO 12340 --- [ecommerce] [scheduling-1] c.d.e.service.SincronizacaoService       : Lendo VW_ECOMMERCE_PRECOS no banco de dados...
2026-09-04T20:07:00.102-03:00  INFO 12340 --- [ecommerce] [scheduling-1] c.d.e.service.SincronizacaoService       : Ciclo finalizado. Total de atualizações enviadas: 0
2026-09-04T20:08:00.000-03:00  INFO 12340 --- [ecommerce] [scheduling-1] c.d.e.s.SincronizacaoEstoqueService      : [ESTOQUE] Lendo VW_ECOMMERCE_ESTOQUE no banco de dados...
2026-09-04T20:08:00.039-03:00  INFO 12340 --- [ecommerce] [scheduling-1] c.d.e.s.SincronizacaoEstoqueService      : [ESTOQUE] Ciclo finalizado. Total de atualizações enviadas: 0
2026-09-04T20:08:00.040-03:00  INFO 12340 --- [ecommerce] [scheduling-1] c.d.e.service.SincronizacaoService       : Lendo VW_ECOMMERCE_PRECOS no banco de dados...
2026-09-04T20:08:00.082-03:00  INFO 12340 --- [ecommerce] [scheduling-1] c.d.e.service.SincronizacaoService       : Ciclo finalizado. Total de atualizações enviadas: 0
2026-09-04T20:09:00.000-03:00  INFO 12340 --- [ecommerce] [scheduling-1] c.d.e.s.SincronizacaoEstoqueService      : [ESTOQUE] Lendo VW_ECOMMERCE_ESTOQUE no banco de dados...
2026-09-04T20:09:00.126-03:00  INFO 12340 --- [ecommerce] [scheduling-1] c.d.e.s.SincronizacaoEstoqueService      : [ESTOQUE] Ciclo finalizado. Total de atualizações enviadas: 0
2026-09-04T20:09:00.126-03:00  INFO 12340 --- [ecommerce] [scheduling-1] c.d.e.service.SincronizacaoService       : Lendo VW_ECOMMERCE_PRECOS no banco de dados...
2026-09-04T20:09:00.683-03:00  INFO 12340 --- [ecommerce] [scheduling-1] c.d.e.service.SincronizacaoService       : Ciclo finalizado. Total de atualizações enviadas: 0
2026-09-04T20:10:00.000-03:00  INFO 12340 --- [ecommerce] [scheduling-1] c.d.e.s.SincronizacaoEstoqueService      : [ESTOQUE] Lendo VW_ECOMMERCE_ESTOQUE no banco de dados...
2026-09-04T20:10:00.040-03:00  INFO 12340 --- [ecommerce] [scheduling-1] c.d.e.s.SincronizacaoEstoqueService      : [ESTOQUE] Ciclo finalizado. Total de atualizações enviadas: 0
2026-09-04T20:10:00.041-03:00  INFO 12340 --- [ecommerce] [scheduling-1] c.d.e.service.SincronizacaoService       : Lendo VW_ECOMMERCE_PRECOS no banco de dados...
2026-09-04T20:10:00.195-03:00  INFO 12340 --- [ecommerce] [scheduling-1] c.d.e.service.SincronizacaoService       : Ciclo finalizado. Total de atualizações enviadas: 0
2026-09-04T20:11:00.001-03:00  INFO 12340 --- [ecommerce] [scheduling-1] c.d.e.service.SincronizacaoService       : Lendo VW_ECOMMERCE_PRECOS no banco de dados...
2026-09-04T20:11:00.077-03:00  INFO 12340 --- [ecommerce] [scheduling-1] c.d.e.service.SincronizacaoService       : Ciclo finalizado. Total de atualizações enviadas: 0
2026-09-04T20:11:00.077-03:00  INFO 12340 --- [ecommerce] [scheduling-1] c.d.e.s.SincronizacaoEstoqueService      : [ESTOQUE] Lendo VW_ECOMMERCE_ESTOQUE no banco de dados...
2026-09-04T20:11:00.108-03:00  INFO 12340 --- [ecommerce] [scheduling-1] c.d.e.s.SincronizacaoEstoqueService      : [ESTOQUE] Ciclo finalizado. Total de atualizações enviadas: 0
2026-09-04T20:12:00.000-03:00  INFO 12340 --- [ecommerce] [scheduling-1] c.d.e.service.SincronizacaoService       : Lendo VW_ECOMMERCE_PRECOS no banco de dados...
2026-09-04T20:12:00.129-03:00  INFO 12340 --- [ecommerce] [scheduling-1] c.d.e.service.SincronizacaoService       : Ciclo finalizado. Total de atualizações enviadas: 0
2026-09-04T20:12:00.129-03:00  INFO 12340 --- [ecommerce] [scheduling-1] c.d.e.s.SincronizacaoEstoqueService      : [ESTOQUE] Lendo VW_ECOMMERCE_ESTOQUE no banco de dados...
2026-09-04T20:12:00.169-03:00  INFO 12340 --- [ecommerce] [scheduling-1] c.d.e.s.SincronizacaoEstoqueService      : [ESTOQUE] Ciclo finalizado. Total de atualizações enviadas: 0
2026-09-04T20:13:00.001-03:00  INFO 12340 --- [ecommerce] [scheduling-1] c.d.e.service.SincronizacaoService       : Lendo VW_ECOMMERCE_PRECOS no banco de dados...
2026-09-04T20:13:00.058-03:00  INFO 12340 --- [ecommerce] [scheduling-1] c.d.e.service.SincronizacaoService       : Ciclo finalizado. Total de atualizações enviadas: 0
2026-09-04T20:13:00.059-03:00  INFO 12340 --- [ecommerce] [scheduling-1] c.d.e.s.SincronizacaoEstoqueService      : [ESTOQUE] Lendo VW_ECOMMERCE_ESTOQUE no banco de dados...
2026-09-04T20:13:00.083-03:00  INFO 12340 --- [ecommerce] [scheduling-1] c.d.e.s.SincronizacaoEstoqueService      : [ESTOQUE] Ciclo finalizado. Total de atualizações enviadas: 0
2026-09-04T20:14:00.001-03:00  INFO 12340 --- [ecommerce] [scheduling-1] c.d.e.service.SincronizacaoService       : Lendo VW_ECOMMERCE_PRECOS no banco de dados...
2026-09-04T20:14:00.254-03:00  INFO 12340 --- [ecommerce] [scheduling-1] c.d.e.service.SincronizacaoService       : Ciclo finalizado. Total de atualizações enviadas: 0
2026-09-04T20:14:00.255-03:00  INFO 12340 --- [ecommerce] [scheduling-1] c.d.e.s.SincronizacaoEstoqueService      : [ESTOQUE] Lendo VW_ECOMMERCE_ESTOQUE no banco de dados...
2026-09-04T20:14:00.302-03:00  INFO 12340 --- [ecommerce] [scheduling-1] c.d.e.s.SincronizacaoEstoqueService      : [ESTOQUE] Ciclo finalizado. Total de atualizações enviadas: 0
2026-09-04T20:15:00.000-03:00  INFO 12340 --- [ecommerce] [scheduling-1] c.d.e.service.SincronizacaoService       : Lendo VW_ECOMMERCE_PRECOS no banco de dados...
2026-09-04T20:15:00.122-03:00  INFO 12340 --- [ecommerce] [scheduling-1] c.d.e.service.SincronizacaoService       : Ciclo finalizado. Total de atualizações enviadas: 0
2026-09-04T20:15:00.122-03:00  INFO 12340 --- [ecommerce] [scheduling-1] c.d.e.s.SincronizacaoEstoqueService      : [ESTOQUE] Lendo VW_ECOMMERCE_ESTOQUE no banco de dados...
2026-09-04T20:15:00.144-03:00  INFO 12340 --- [ecommerce] [scheduling-1] c.d.e.s.SincronizacaoEstoqueService      : [ESTOQUE] Ciclo finalizado. Total de atualizações enviadas: 0
2026-09-04T20:16:00.000-03:00  INFO 12340 --- [ecommerce] [scheduling-1] c.d.e.service.SincronizacaoService       : Lendo VW_ECOMMERCE_PRECOS no banco de dados...
2026-09-04T20:16:00.107-03:00  INFO 12340 --- [ecommerce] [scheduling-1] c.d.e.service.SincronizacaoService       : Ciclo finalizado. Total de atualizações enviadas: 0
2026-09-04T20:16:00.107-03:00  INFO 12340 --- [ecommerce] [scheduling-1] c.d.e.s.SincronizacaoEstoqueService      : [ESTOQUE] Lendo VW_ECOMMERCE_ESTOQUE no banco de dados...
2026-09-04T20:16:00.132-03:00  INFO 12340 --- [ecommerce] [scheduling-1] c.d.e.s.SincronizacaoEstoqueService      : [ESTOQUE] Ciclo finalizado. Total de atualizações enviadas: 0
2026-09-04T20:17:00.000-03:00  INFO 12340 --- [ecommerce] [scheduling-1] c.d.e.service.SincronizacaoService       : Lendo VW_ECOMMERCE_PRECOS no banco de dados...
2026-09-04T20:17:00.195-03:00  INFO 12340 --- [ecommerce] [scheduling-1] c.d.e.service.SincronizacaoService       : Ciclo finalizado. Total de atualizações enviadas: 0
2026-09-04T20:17:00.196-03:00  INFO 12340 --- [ecommerce] [scheduling-1] c.d.e.s.SincronizacaoEstoqueService      : [ESTOQUE] Lendo VW_ECOMMERCE_ESTOQUE no banco de dados...
2026-09-04T20:17:00.237-03:00  INFO 12340 --- [ecommerce] [scheduling-1] c.d.e.s.SincronizacaoEstoqueService      : [ESTOQUE] Ciclo finalizado. Total de atualizações enviadas: 0
2026-09-04T20:18:00.000-03:00  INFO 12340 --- [ecommerce] [scheduling-1] c.d.e.service.SincronizacaoService       : Lendo VW_ECOMMERCE_PRECOS no banco de dados...
2026-09-04T20:18:00.087-03:00  INFO 12340 --- [ecommerce] [scheduling-1] c.d.e.service.SincronizacaoService       : Ciclo finalizado. Total de atualizações enviadas: 0
2026-09-04T20:18:00.087-03:00  INFO 12340 --- [ecommerce] [scheduling-1] c.d.e.s.SincronizacaoEstoqueService      : [ESTOQUE] Lendo VW_ECOMMERCE_ESTOQUE no banco de dados...
2026-09-04T20:18:00.117-03:00  INFO 12340 --- [ecommerce] [scheduling-1] c.d.e.s.SincronizacaoEstoqueService      : [ESTOQUE] Ciclo finalizado. Total de atualizações enviadas: 0
2026-09-04T20:18:59.999-03:00  INFO 12340 --- [ecommerce] [scheduling-1] c.d.e.service.SincronizacaoService       : Lendo VW_ECOMMERCE_PRECOS no banco de dados...
2026-09-04T20:19:00.165-03:00  INFO 12340 --- [ecommerce] [scheduling-1] c.d.e.service.SincronizacaoService       : Ciclo finalizado. Total de atualizações enviadas: 0
2026-09-04T20:19:00.165-03:00  INFO 12340 --- [ecommerce] [scheduling-1] c.d.e.s.SincronizacaoEstoqueService      : [ESTOQUE] Lendo VW_ECOMMERCE_ESTOQUE no banco de dados...
2026-09-04T20:19:00.193-03:00  INFO 12340 --- [ecommerce] [scheduling-1] c.d.e.s.SincronizacaoEstoqueService      : [ESTOQUE] Ciclo finalizado. Total de atualizações enviadas: 0
2026-09-04T20:20:00.000-03:00  INFO 12340 --- [ecommerce] [scheduling-1] c.d.e.s.SincronizacaoEstoqueService      : [ESTOQUE] Lendo VW_ECOMMERCE_ESTOQUE no banco de dados...
2026-09-04T20:20:00.097-03:00  INFO 12340 --- [ecommerce] [scheduling-1] c.d.e.s.SincronizacaoEstoqueService      : [ESTOQUE] Ciclo finalizado. Total de atualizações enviadas: 0
2026-09-04T20:20:00.097-03:00  INFO 12340 --- [ecommerce] [scheduling-1] c.d.e.service.SincronizacaoService       : Lendo VW_ECOMMERCE_PRECOS no banco de dados...
2026-09-04T20:20:00.212-03:00  INFO 12340 --- [ecommerce] [scheduling-1] c.d.e.service.SincronizacaoService       : Ciclo finalizado. Total de atualizações enviadas: 0
2026-09-04T20:21:00.001-03:00  INFO 12340 --- [ecommerce] [scheduling-1] c.d.e.s.SincronizacaoEstoqueService      : [ESTOQUE] Lendo VW_ECOMMERCE_ESTOQUE no banco de dados...
2026-09-04T20:21:00.090-03:00  INFO 12340 --- [ecommerce] [scheduling-1] c.d.e.s.SincronizacaoEstoqueService      : [ESTOQUE] Ciclo finalizado. Total de atualizações enviadas: 0
2026-09-04T20:21:00.090-03:00  INFO 12340 --- [ecommerce] [scheduling-1] c.d.e.service.SincronizacaoService       : Lendo VW_ECOMMERCE_PRECOS no banco de dados...
2026-09-04T20:21:00.231-03:00  INFO 12340 --- [ecommerce] [scheduling-1] c.d.e.service.SincronizacaoService       : Ciclo finalizado. Total de atualizações enviadas: 0
2026-09-04T20:22:00.000-03:00  INFO 12340 --- [ecommerce] [scheduling-1] c.d.e.service.SincronizacaoService       : Lendo VW_ECOMMERCE_PRECOS no banco de dados...
2026-09-04T20:22:00.082-03:00  INFO 12340 --- [ecommerce] [scheduling-1] c.d.e.service.SincronizacaoService       : Ciclo finalizado. Total de atualizações enviadas: 0
2026-09-04T20:22:00.082-03:00  INFO 12340 --- [ecommerce] [scheduling-1] c.d.e.s.SincronizacaoEstoqueService      : [ESTOQUE] Lendo VW_ECOMMERCE_ESTOQUE no banco de dados...
2026-09-04T20:22:00.113-03:00  INFO 12340 --- [ecommerce] [scheduling-1] c.d.e.s.SincronizacaoEstoqueService      : [ESTOQUE] Ciclo finalizado. Total de atualizações enviadas: 0
2026-09-04T20:23:00.000-03:00  INFO 12340 --- [ecommerce] [scheduling-1] c.d.e.service.SincronizacaoService       : Lendo VW_ECOMMERCE_PRECOS no banco de dados...
2026-09-04T20:23:00.103-03:00  INFO 12340 --- [ecommerce] [scheduling-1] c.d.e.service.SincronizacaoService       : Ciclo finalizado. Total de atualizações enviadas: 0
2026-09-04T20:23:00.103-03:00  INFO 12340 --- [ecommerce] [scheduling-1] c.d.e.s.SincronizacaoEstoqueService      : [ESTOQUE] Lendo VW_ECOMMERCE_ESTOQUE no banco de dados...
2026-09-04T20:23:00.132-03:00  INFO 12340 --- [ecommerce] [scheduling-1] c.d.e.s.SincronizacaoEstoqueService      : [ESTOQUE] Ciclo finalizado. Total de atualizações enviadas: 0
2026-09-04T20:24:00.000-03:00  INFO 12340 --- [ecommerce] [scheduling-1] c.d.e.s.SincronizacaoEstoqueService      : [ESTOQUE] Lendo VW_ECOMMERCE_ESTOQUE no banco de dados...
2026-09-04T20:24:00.080-03:00  INFO 12340 --- [ecommerce] [scheduling-1] c.d.e.s.SincronizacaoEstoqueService      : [ESTOQUE] Ciclo finalizado. Total de atualizações enviadas: 0
2026-09-04T20:24:00.080-03:00  INFO 12340 --- [ecommerce] [scheduling-1] c.d.e.service.SincronizacaoService       : Lendo VW_ECOMMERCE_PRECOS no banco de dados...
2026-09-04T20:24:00.250-03:00  INFO 12340 --- [ecommerce] [scheduling-1] c.d.e.service.SincronizacaoService       : Ciclo finalizado. Total de atualizações enviadas: 0
2026-09-04T20:25:00.000-03:00  INFO 12340 --- [ecommerce] [scheduling-1] c.d.e.s.SincronizacaoEstoqueService      : [ESTOQUE] Lendo VW_ECOMMERCE_ESTOQUE no banco de dados...
2026-09-04T20:25:00.055-03:00  INFO 12340 --- [ecommerce] [scheduling-1] c.d.e.s.SincronizacaoEstoqueService      : [ESTOQUE] Ciclo finalizado. Total de atualizações enviadas: 0
2026-09-04T20:25:00.055-03:00  INFO 12340 --- [ecommerce] [scheduling-1] c.d.e.service.SincronizacaoService       : Lendo VW_ECOMMERCE_PRECOS no banco de dados...
2026-09-04T20:25:00.108-03:00  INFO 12340 --- [ecommerce] [scheduling-1] c.d.e.service.SincronizacaoService       : Ciclo finalizado. Total de atualizações enviadas: 0
2026-09-04T20:25:59.999-03:00  INFO 12340 --- [ecommerce] [scheduling-1] c.d.e.s.SincronizacaoEstoqueService      : [ESTOQUE] Lendo VW_ECOMMERCE_ESTOQUE no banco de dados...
2026-09-04T20:26:00.093-03:00  INFO 12340 --- [ecommerce] [scheduling-1] c.d.e.s.SincronizacaoEstoqueService      : [ESTOQUE] Ciclo finalizado. Total de atualizações enviadas: 0
2026-09-04T20:26:00.094-03:00  INFO 12340 --- [ecommerce] [scheduling-1] c.d.e.service.SincronizacaoService       : Lendo VW_ECOMMERCE_PRECOS no banco de dados...
2026-09-04T20:26:00.139-03:00  INFO 12340 --- [ecommerce] [scheduling-1] c.d.e.service.SincronizacaoService       : Ciclo finalizado. Total de atualizações enviadas: 0
2026-09-04T20:27:00.000-03:00  INFO 12340 --- [ecommerce] [scheduling-1] c.d.e.s.SincronizacaoEstoqueService      : [ESTOQUE] Lendo VW_ECOMMERCE_ESTOQUE no banco de dados...
2026-09-04T20:27:00.037-03:00  INFO 12340 --- [ecommerce] [scheduling-1] c.d.e.s.SincronizacaoEstoqueService      : [ESTOQUE] Ciclo finalizado. Total de atualizações enviadas: 0
2026-09-04T20:27:00.038-03:00  INFO 12340 --- [ecommerce] [scheduling-1] c.d.e.service.SincronizacaoService       : Lendo VW_ECOMMERCE_PRECOS no banco de dados...
2026-09-04T20:27:00.135-03:00  INFO 12340 --- [ecommerce] [scheduling-1] c.d.e.service.SincronizacaoService       : Ciclo finalizado. Total de atualizações enviadas: 0
2026-09-04T20:28:00.000-03:00  INFO 12340 --- [ecommerce] [scheduling-1] c.d.e.s.SincronizacaoEstoqueService      : [ESTOQUE] Lendo VW_ECOMMERCE_ESTOQUE no banco de dados...
2026-09-04T20:28:00.040-03:00  INFO 12340 --- [ecommerce] [scheduling-1] c.d.e.s.SincronizacaoEstoqueService      : [ESTOQUE] Ciclo finalizado. Total de atualizações enviadas: 0
2026-09-04T20:28:00.040-03:00  INFO 12340 --- [ecommerce] [scheduling-1] c.d.e.service.SincronizacaoService       : Lendo VW_ECOMMERCE_PRECOS no banco de dados...
2026-09-04T20:28:00.093-03:00  INFO 12340 --- [ecommerce] [scheduling-1] c.d.e.service.SincronizacaoService       : Ciclo finalizado. Total de atualizações enviadas: 0
2026-09-04T20:29:00.000-03:00  INFO 12340 --- [ecommerce] [scheduling-1] c.d.e.service.SincronizacaoService       : Lendo VW_ECOMMERCE_PRECOS no banco de dados...
2026-09-04T20:29:00.080-03:00  INFO 12340 --- [ecommerce] [scheduling-1] c.d.e.service.SincronizacaoService       : Ciclo finalizado. Total de atualizações enviadas: 0
2026-09-04T20:29:00.080-03:00  INFO 12340 --- [ecommerce] [scheduling-1] c.d.e.s.SincronizacaoEstoqueService      : [ESTOQUE] Lendo VW_ECOMMERCE_ESTOQUE no banco de dados...
2026-09-04T20:29:00.113-03:00  INFO 12340 --- [ecommerce] [scheduling-1] c.d.e.s.SincronizacaoEstoqueService      : [ESTOQUE] Ciclo finalizado. Total de atualizações enviadas: 0
2026-09-04T20:30:00.000-03:00  INFO 12340 --- [ecommerce] [scheduling-1] c.d.e.service.SincronizacaoService       : Lendo VW_ECOMMERCE_PRECOS no banco de dados...
2026-09-04T20:30:00.049-03:00  INFO 12340 --- [ecommerce] [scheduling-1] c.d.e.service.SincronizacaoService       : Ciclo finalizado. Total de atualizações enviadas: 0
2026-09-04T20:30:00.049-03:00  INFO 12340 --- [ecommerce] [scheduling-1] c.d.e.s.SincronizacaoEstoqueService      : [ESTOQUE] Lendo VW_ECOMMERCE_ESTOQUE no banco de dados...
2026-09-04T20:30:00.083-03:00  INFO 12340 --- [ecommerce] [scheduling-1] c.d.e.s.SincronizacaoEstoqueService      : [ESTOQUE] Ciclo finalizado. Total de atualizações enviadas: 0
2026-09-04T20:31:00.000-03:00  INFO 12340 --- [ecommerce] [scheduling-1] c.d.e.s.SincronizacaoEstoqueService      : [ESTOQUE] Lendo VW_ECOMMERCE_ESTOQUE no banco de dados...
2026-09-04T20:31:00.043-03:00  INFO 12340 --- [ecommerce] [scheduling-1] c.d.e.s.SincronizacaoEstoqueService      : [ESTOQUE] Ciclo finalizado. Total de atualizações enviadas: 0
2026-09-04T20:31:00.044-03:00  INFO 12340 --- [ecommerce] [scheduling-1] c.d.e.service.SincronizacaoService       : Lendo VW_ECOMMERCE_PRECOS no banco de dados...
2026-09-04T20:31:00.088-03:00  INFO 12340 --- [ecommerce] [scheduling-1] c.d.e.service.SincronizacaoService       : Ciclo finalizado. Total de atualizações enviadas: 0
2026-09-04T20:32:00.001-03:00  INFO 12340 --- [ecommerce] [scheduling-1] c.d.e.s.SincronizacaoEstoqueService      : [ESTOQUE] Lendo VW_ECOMMERCE_ESTOQUE no banco de dados...
2026-09-04T20:32:00.098-03:00  INFO 12340 --- [ecommerce] [scheduling-1] c.d.e.s.SincronizacaoEstoqueService      : [ESTOQUE] Ciclo finalizado. Total de atualizações enviadas: 0
2026-09-04T20:32:00.098-03:00  INFO 12340 --- [ecommerce] [scheduling-1] c.d.e.service.SincronizacaoService       : Lendo VW_ECOMMERCE_PRECOS no banco de dados...
2026-09-04T20:32:00.138-03:00  INFO 12340 --- [ecommerce] [scheduling-1] c.d.e.service.SincronizacaoService       : Ciclo finalizado. Total de atualizações enviadas: 0
2026-09-04T20:32:59.999-03:00  INFO 12340 --- [ecommerce] [scheduling-1] c.d.e.service.SincronizacaoService       : Lendo VW_ECOMMERCE_PRECOS no banco de dados...
2026-09-04T20:33:00.189-03:00  INFO 12340 --- [ecommerce] [scheduling-1] c.d.e.service.SincronizacaoService       : Ciclo finalizado. Total de atualizações enviadas: 0
2026-09-04T20:33:00.189-03:00  INFO 12340 --- [ecommerce] [scheduling-1] c.d.e.s.SincronizacaoEstoqueService      : [ESTOQUE] Lendo VW_ECOMMERCE_ESTOQUE no banco de dados...
2026-09-04T20:33:00.220-03:00  INFO 12340 --- [ecommerce] [scheduling-1] c.d.e.s.SincronizacaoEstoqueService      : [ESTOQUE] Ciclo finalizado. Total de atualizações enviadas: 0
2026-09-04T20:34:00.000-03:00  INFO 12340 --- [ecommerce] [scheduling-1] c.d.e.service.SincronizacaoService       : Lendo VW_ECOMMERCE_PRECOS no banco de dados...
2026-09-04T20:34:00.104-03:00  INFO 12340 --- [ecommerce] [scheduling-1] c.d.e.service.SincronizacaoService       : Ciclo finalizado. Total de atualizações enviadas: 0
2026-09-04T20:34:00.104-03:00  INFO 12340 --- [ecommerce] [scheduling-1] c.d.e.s.SincronizacaoEstoqueService      : [ESTOQUE] Lendo VW_ECOMMERCE_ESTOQUE no banco de dados...
2026-09-04T20:34:00.142-03:00  INFO 12340 --- [ecommerce] [scheduling-1] c.d.e.s.SincronizacaoEstoqueService      : [ESTOQUE] Ciclo finalizado. Total de atualizações enviadas: 0
2026-09-04T20:34:59.999-03:00  INFO 12340 --- [ecommerce] [scheduling-1] c.d.e.s.SincronizacaoEstoqueService      : [ESTOQUE] Lendo VW_ECOMMERCE_ESTOQUE no banco de dados...
2026-09-04T20:35:00.047-03:00  INFO 12340 --- [ecommerce] [scheduling-1] c.d.e.s.SincronizacaoEstoqueService      : [ESTOQUE] Ciclo finalizado. Total de atualizações enviadas: 0
2026-09-04T20:35:00.047-03:00  INFO 12340 --- [ecommerce] [scheduling-1] c.d.e.service.SincronizacaoService       : Lendo VW_ECOMMERCE_PRECOS no banco de dados...
2026-09-04T20:35:00.310-03:00  INFO 12340 --- [ecommerce] [scheduling-1] c.d.e.service.SincronizacaoService       : Ciclo finalizado. Total de atualizações enviadas: 0
2026-09-04T20:36:00.000-03:00  INFO 12340 --- [ecommerce] [scheduling-1] c.d.e.s.SincronizacaoEstoqueService      : [ESTOQUE] Lendo VW_ECOMMERCE_ESTOQUE no banco de dados...
2026-09-04T20:36:00.057-03:00  INFO 12340 --- [ecommerce] [scheduling-1] c.d.e.s.SincronizacaoEstoqueService      : [ESTOQUE] Ciclo finalizado. Total de atualizações enviadas: 0
2026-09-04T20:36:00.057-03:00  INFO 12340 --- [ecommerce] [scheduling-1] c.d.e.service.SincronizacaoService       : Lendo VW_ECOMMERCE_PRECOS no banco de dados...
2026-09-04T20:36:00.280-03:00  INFO 12340 --- [ecommerce] [scheduling-1] c.d.e.service.SincronizacaoService       : Ciclo finalizado. Total de atualizações enviadas: 0
2026-09-04T20:37:00.000-03:00  INFO 12340 --- [ecommerce] [scheduling-1] c.d.e.s.SincronizacaoEstoqueService      : [ESTOQUE] Lendo VW_ECOMMERCE_ESTOQUE no banco de dados...
2026-09-04T20:37:00.048-03:00  INFO 12340 --- [ecommerce] [scheduling-1] c.d.e.s.SincronizacaoEstoqueService      : [ESTOQUE] Ciclo finalizado. Total de atualizações enviadas: 0
2026-09-04T20:37:00.048-03:00  INFO 12340 --- [ecommerce] [scheduling-1] c.d.e.service.SincronizacaoService       : Lendo VW_ECOMMERCE_PRECOS no banco de dados...
2026-09-04T20:37:00.092-03:00  INFO 12340 --- [ecommerce] [scheduling-1] c.d.e.service.SincronizacaoService       : Ciclo finalizado. Total de atualizações enviadas: 0
2026-09-04T20:38:00.000-03:00  INFO 12340 --- [ecommerce] [scheduling-1] c.d.e.service.SincronizacaoService       : Lendo VW_ECOMMERCE_PRECOS no banco de dados...
2026-09-04T20:38:00.058-03:00  INFO 12340 --- [ecommerce] [scheduling-1] c.d.e.service.SincronizacaoService       : Ciclo finalizado. Total de atualizações enviadas: 0
2026-09-04T20:38:00.060-03:00  INFO 12340 --- [ecommerce] [scheduling-1] c.d.e.s.SincronizacaoEstoqueService      : [ESTOQUE] Lendo VW_ECOMMERCE_ESTOQUE no banco de dados...
2026-09-04T20:38:00.092-03:00  INFO 12340 --- [ecommerce] [scheduling-1] c.d.e.s.SincronizacaoEstoqueService      : [ESTOQUE] Ciclo finalizado. Total de atualizações enviadas: 0
2026-09-04T20:39:00.000-03:00  INFO 12340 --- [ecommerce] [scheduling-1] c.d.e.s.SincronizacaoEstoqueService      : [ESTOQUE] Lendo VW_ECOMMERCE_ESTOQUE no banco de dados...
2026-09-04T20:39:00.043-03:00  INFO 12340 --- [ecommerce] [scheduling-1] c.d.e.s.SincronizacaoEstoqueService      : [ESTOQUE] Ciclo finalizado. Total de atualizações enviadas: 0
2026-09-04T20:39:00.043-03:00  INFO 12340 --- [ecommerce] [scheduling-1] c.d.e.service.SincronizacaoService       : Lendo VW_ECOMMERCE_PRECOS no banco de dados...
2026-09-04T20:39:00.325-03:00  INFO 12340 --- [ecommerce] [scheduling-1] c.d.e.service.SincronizacaoService       : Ciclo finalizado. Total de atualizações enviadas: 0
2026-09-04T20:40:00.001-03:00  INFO 12340 --- [ecommerce] [scheduling-1] c.d.e.service.SincronizacaoService       : Lendo VW_ECOMMERCE_PRECOS no banco de dados...
2026-09-04T20:40:00.103-03:00  INFO 12340 --- [ecommerce] [scheduling-1] c.d.e.service.SincronizacaoService       : Ciclo finalizado. Total de atualizações enviadas: 0
2026-09-04T20:40:00.103-03:00  INFO 12340 --- [ecommerce] [scheduling-1] c.d.e.s.SincronizacaoEstoqueService      : [ESTOQUE] Lendo VW_ECOMMERCE_ESTOQUE no banco de dados...
2026-09-04T20:40:00.125-03:00  INFO 12340 --- [ecommerce] [scheduling-1] c.d.e.s.SincronizacaoEstoqueService      : [ESTOQUE] Ciclo finalizado. Total de atualizações enviadas: 0
2026-09-04T20:41:00.000-03:00  INFO 12340 --- [ecommerce] [scheduling-1] c.d.e.service.SincronizacaoService       : Lendo VW_ECOMMERCE_PRECOS no banco de dados...
2026-09-04T20:41:00.145-03:00  INFO 12340 --- [ecommerce] [scheduling-1] c.d.e.service.SincronizacaoService       : Ciclo finalizado. Total de atualizações enviadas: 0
2026-09-04T20:41:00.146-03:00  INFO 12340 --- [ecommerce] [scheduling-1] c.d.e.s.SincronizacaoEstoqueService      : [ESTOQUE] Lendo VW_ECOMMERCE_ESTOQUE no banco de dados...
2026-09-04T20:41:00.168-03:00  INFO 12340 --- [ecommerce] [scheduling-1] c.d.e.s.SincronizacaoEstoqueService      : [ESTOQUE] Ciclo finalizado. Total de atualizações enviadas: 0
2026-09-04T20:42:00.000-03:00  INFO 12340 --- [ecommerce] [scheduling-1] c.d.e.service.SincronizacaoService       : Lendo VW_ECOMMERCE_PRECOS no banco de dados...
2026-09-04T20:42:00.187-03:00  INFO 12340 --- [ecommerce] [scheduling-1] c.d.e.service.SincronizacaoService       : Ciclo finalizado. Total de atualizações enviadas: 0
2026-09-04T20:42:00.187-03:00  INFO 12340 --- [ecommerce] [scheduling-1] c.d.e.s.SincronizacaoEstoqueService      : [ESTOQUE] Lendo VW_ECOMMERCE_ESTOQUE no banco de dados...
2026-09-04T20:42:00.250-03:00  INFO 12340 --- [ecommerce] [scheduling-1] c.d.e.s.SincronizacaoEstoqueService      : [ESTOQUE] Ciclo finalizado. Total de atualizações enviadas: 0
2026-09-04T20:43:00.000-03:00  INFO 12340 --- [ecommerce] [scheduling-1] c.d.e.s.SincronizacaoEstoqueService      : [ESTOQUE] Lendo VW_ECOMMERCE_ESTOQUE no banco de dados...
2026-09-04T20:43:00.061-03:00  INFO 12340 --- [ecommerce] [scheduling-1] c.d.e.s.SincronizacaoEstoqueService      : [ESTOQUE] Ciclo finalizado. Total de atualizações enviadas: 0
2026-09-04T20:43:00.061-03:00  INFO 12340 --- [ecommerce] [scheduling-1] c.d.e.service.SincronizacaoService       : Lendo VW_ECOMMERCE_PRECOS no banco de dados...
2026-09-04T20:43:00.107-03:00  INFO 12340 --- [ecommerce] [scheduling-1] c.d.e.service.SincronizacaoService       : Ciclo finalizado. Total de atualizações enviadas: 0
2026-09-04T20:44:00.000-03:00  INFO 12340 --- [ecommerce] [scheduling-1] c.d.e.service.SincronizacaoService       : Lendo VW_ECOMMERCE_PRECOS no banco de dados...
2026-09-04T20:44:00.062-03:00  INFO 12340 --- [ecommerce] [scheduling-1] c.d.e.service.SincronizacaoService       : Ciclo finalizado. Total de atualizações enviadas: 0
2026-09-04T20:44:00.063-03:00  INFO 12340 --- [ecommerce] [scheduling-1] c.d.e.s.SincronizacaoEstoqueService      : [ESTOQUE] Lendo VW_ECOMMERCE_ESTOQUE no banco de dados...
2026-09-04T20:44:00.094-03:00  INFO 12340 --- [ecommerce] [scheduling-1] c.d.e.s.SincronizacaoEstoqueService      : [ESTOQUE] Ciclo finalizado. Total de atualizações enviadas: 0
2026-09-04T20:45:00.000-03:00  INFO 12340 --- [ecommerce] [scheduling-1] c.d.e.service.SincronizacaoService       : Lendo VW_ECOMMERCE_PRECOS no banco de dados...
2026-09-04T20:45:00.071-03:00  INFO 12340 --- [ecommerce] [scheduling-1] c.d.e.service.SincronizacaoService       : Ciclo finalizado. Total de atualizações enviadas: 0
2026-09-04T20:45:00.071-03:00  INFO 12340 --- [ecommerce] [scheduling-1] c.d.e.s.SincronizacaoEstoqueService      : [ESTOQUE] Lendo VW_ECOMMERCE_ESTOQUE no banco de dados...
2026-09-04T20:45:00.090-03:00  INFO 12340 --- [ecommerce] [scheduling-1] c.d.e.s.SincronizacaoEstoqueService      : [ESTOQUE] Ciclo finalizado. Total de atualizações enviadas: 0
2026-09-04T20:46:00.000-03:00  INFO 12340 --- [ecommerce] [scheduling-1] c.d.e.s.SincronizacaoEstoqueService      : [ESTOQUE] Lendo VW_ECOMMERCE_ESTOQUE no banco de dados...
2026-09-04T20:46:00.046-03:00  INFO 12340 --- [ecommerce] [scheduling-1] c.d.e.s.SincronizacaoEstoqueService      : [ESTOQUE] Ciclo finalizado. Total de atualizações enviadas: 0
2026-09-04T20:46:00.046-03:00  INFO 12340 --- [ecommerce] [scheduling-1] c.d.e.service.SincronizacaoService       : Lendo VW_ECOMMERCE_PRECOS no banco de dados...
2026-09-04T20:46:00.143-03:00  INFO 12340 --- [ecommerce] [scheduling-1] c.d.e.service.SincronizacaoService       : Ciclo finalizado. Total de atualizações enviadas: 0
2026-09-04T20:47:00.000-03:00  INFO 12340 --- [ecommerce] [scheduling-1] c.d.e.s.SincronizacaoEstoqueService      : [ESTOQUE] Lendo VW_ECOMMERCE_ESTOQUE no banco de dados...
2026-09-04T20:47:00.067-03:00  INFO 12340 --- [ecommerce] [scheduling-1] c.d.e.s.SincronizacaoEstoqueService      : [ESTOQUE] Ciclo finalizado. Total de atualizações enviadas: 0
2026-09-04T20:47:00.067-03:00  INFO 12340 --- [ecommerce] [scheduling-1] c.d.e.service.SincronizacaoService       : Lendo VW_ECOMMERCE_PRECOS no banco de dados...
2026-09-04T20:47:00.254-03:00  INFO 12340 --- [ecommerce] [scheduling-1] c.d.e.service.SincronizacaoService       : Ciclo finalizado. Total de atualizações enviadas: 0
2026-09-04T20:48:00.002-03:00  INFO 12340 --- [ecommerce] [scheduling-1] c.d.e.service.SincronizacaoService       : Lendo VW_ECOMMERCE_PRECOS no banco de dados...
2026-09-04T20:48:00.103-03:00  INFO 12340 --- [ecommerce] [scheduling-1] c.d.e.service.SincronizacaoService       : Ciclo finalizado. Total de atualizações enviadas: 0
2026-09-04T20:48:00.103-03:00  INFO 12340 --- [ecommerce] [scheduling-1] c.d.e.s.SincronizacaoEstoqueService      : [ESTOQUE] Lendo VW_ECOMMERCE_ESTOQUE no banco de dados...
2026-09-04T20:48:00.128-03:00  INFO 12340 --- [ecommerce] [scheduling-1] c.d.e.s.SincronizacaoEstoqueService      : [ESTOQUE] Ciclo finalizado. Total de atualizações enviadas: 0
2026-09-04T20:49:00.001-03:00  INFO 12340 --- [ecommerce] [scheduling-1] c.d.e.s.SincronizacaoEstoqueService      : [ESTOQUE] Lendo VW_ECOMMERCE_ESTOQUE no banco de dados...
2026-09-04T20:49:00.095-03:00  INFO 12340 --- [ecommerce] [scheduling-1] c.d.e.s.SincronizacaoEstoqueService      : [ESTOQUE] Ciclo finalizado. Total de atualizações enviadas: 0
2026-09-04T20:49:00.095-03:00  INFO 12340 --- [ecommerce] [scheduling-1] c.d.e.service.SincronizacaoService       : Lendo VW_ECOMMERCE_PRECOS no banco de dados...
2026-09-04T20:49:00.144-03:00  INFO 12340 --- [ecommerce] [scheduling-1] c.d.e.service.SincronizacaoService       : Ciclo finalizado. Total de atualizações enviadas: 0
2026-09-04T20:50:00.000-03:00  INFO 12340 --- [ecommerce] [scheduling-1] c.d.e.s.SincronizacaoEstoqueService      : [ESTOQUE] Lendo VW_ECOMMERCE_ESTOQUE no banco de dados...
2026-09-04T20:50:00.078-03:00  INFO 12340 --- [ecommerce] [scheduling-1] c.d.e.s.SincronizacaoEstoqueService      : [ESTOQUE] Ciclo finalizado. Total de atualizações enviadas: 0
2026-09-04T20:50:00.079-03:00  INFO 12340 --- [ecommerce] [scheduling-1] c.d.e.service.SincronizacaoService       : Lendo VW_ECOMMERCE_PRECOS no banco de dados...
2026-09-04T20:50:00.128-03:00  INFO 12340 --- [ecommerce] [scheduling-1] c.d.e.service.SincronizacaoService       : Ciclo finalizado. Total de atualizações enviadas: 0
2026-09-04T20:50:59.999-03:00  INFO 12340 --- [ecommerce] [scheduling-1] c.d.e.s.SincronizacaoEstoqueService      : [ESTOQUE] Lendo VW_ECOMMERCE_ESTOQUE no banco de dados...
2026-09-04T20:51:00.164-03:00  INFO 12340 --- [ecommerce] [scheduling-1] c.d.e.s.SincronizacaoEstoqueService      : [ESTOQUE] Ciclo finalizado. Total de atualizações enviadas: 0
2026-09-04T20:51:00.165-03:00  INFO 12340 --- [ecommerce] [scheduling-1] c.d.e.service.SincronizacaoService       : Lendo VW_ECOMMERCE_PRECOS no banco de dados...
2026-09-04T20:51:00.575-03:00  INFO 12340 --- [ecommerce] [scheduling-1] c.d.e.service.SincronizacaoService       : Ciclo finalizado. Total de atualizações enviadas: 0
2026-09-04T20:52:00.000-03:00  INFO 12340 --- [ecommerce] [scheduling-1] c.d.e.service.SincronizacaoService       : Lendo VW_ECOMMERCE_PRECOS no banco de dados...
2026-09-04T20:52:00.077-03:00  INFO 12340 --- [ecommerce] [scheduling-1] c.d.e.service.SincronizacaoService       : Ciclo finalizado. Total de atualizações enviadas: 0
2026-09-04T20:52:00.078-03:00  INFO 12340 --- [ecommerce] [scheduling-1] c.d.e.s.SincronizacaoEstoqueService      : [ESTOQUE] Lendo VW_ECOMMERCE_ESTOQUE no banco de dados...
2026-09-04T20:52:00.108-03:00  INFO 12340 --- [ecommerce] [scheduling-1] c.d.e.s.SincronizacaoEstoqueService      : [ESTOQUE] Ciclo finalizado. Total de atualizações enviadas: 0
2026-09-04T20:53:00.000-03:00  INFO 12340 --- [ecommerce] [scheduling-1] c.d.e.service.SincronizacaoService       : Lendo VW_ECOMMERCE_PRECOS no banco de dados...
2026-09-04T20:53:00.080-03:00  INFO 12340 --- [ecommerce] [scheduling-1] c.d.e.service.SincronizacaoService       : Ciclo finalizado. Total de atualizações enviadas: 0
2026-09-04T20:53:00.080-03:00  INFO 12340 --- [ecommerce] [scheduling-1] c.d.e.s.SincronizacaoEstoqueService      : [ESTOQUE] Lendo VW_ECOMMERCE_ESTOQUE no banco de dados...
2026-09-04T20:53:00.113-03:00  INFO 12340 --- [ecommerce] [scheduling-1] c.d.e.s.SincronizacaoEstoqueService      : [ESTOQUE] Ciclo finalizado. Total de atualizações enviadas: 0
2026-09-04T20:54:00.000-03:00  INFO 12340 --- [ecommerce] [scheduling-1] c.d.e.s.SincronizacaoEstoqueService      : [ESTOQUE] Lendo VW_ECOMMERCE_ESTOQUE no banco de dados...
2026-09-04T20:54:00.085-03:00  INFO 12340 --- [ecommerce] [scheduling-1] c.d.e.s.SincronizacaoEstoqueService      : [ESTOQUE] Ciclo finalizado. Total de atualizações enviadas: 0
2026-09-04T20:54:00.085-03:00  INFO 12340 --- [ecommerce] [scheduling-1] c.d.e.service.SincronizacaoService       : Lendo VW_ECOMMERCE_PRECOS no banco de dados...
2026-09-04T20:54:00.130-03:00  INFO 12340 --- [ecommerce] [scheduling-1] c.d.e.service.SincronizacaoService       : Ciclo finalizado. Total de atualizações enviadas: 0
2026-09-04T20:55:00.000-03:00  INFO 12340 --- [ecommerce] [scheduling-1] c.d.e.service.SincronizacaoService       : Lendo VW_ECOMMERCE_PRECOS no banco de dados...
2026-09-04T20:55:00.212-03:00  INFO 12340 --- [ecommerce] [scheduling-1] c.d.e.service.SincronizacaoService       : Ciclo finalizado. Total de atualizações enviadas: 0
2026-09-04T20:55:00.212-03:00  INFO 12340 --- [ecommerce] [scheduling-1] c.d.e.s.SincronizacaoEstoqueService      : [ESTOQUE] Lendo VW_ECOMMERCE_ESTOQUE no banco de dados...
2026-09-04T20:55:00.238-03:00  INFO 12340 --- [ecommerce] [scheduling-1] c.d.e.s.SincronizacaoEstoqueService      : [ESTOQUE] Ciclo finalizado. Total de atualizações enviadas: 0
2026-09-04T20:56:00.000-03:00  INFO 12340 --- [ecommerce] [scheduling-1] c.d.e.service.SincronizacaoService       : Lendo VW_ECOMMERCE_PRECOS no banco de dados...
2026-09-04T20:56:00.091-03:00  INFO 12340 --- [ecommerce] [scheduling-1] c.d.e.service.SincronizacaoService       : Ciclo finalizado. Total de atualizações enviadas: 0
2026-09-04T20:56:00.091-03:00  INFO 12340 --- [ecommerce] [scheduling-1] c.d.e.s.SincronizacaoEstoqueService      : [ESTOQUE] Lendo VW_ECOMMERCE_ESTOQUE no banco de dados...
2026-09-04T20:56:00.124-03:00  INFO 12340 --- [ecommerce] [scheduling-1] c.d.e.s.SincronizacaoEstoqueService      : [ESTOQUE] Ciclo finalizado. Total de atualizações enviadas: 0
2026-09-04T20:57:00.000-03:00  INFO 12340 --- [ecommerce] [scheduling-1] c.d.e.s.SincronizacaoEstoqueService      : [ESTOQUE] Lendo VW_ECOMMERCE_ESTOQUE no banco de dados...
2026-09-04T20:57:00.075-03:00  INFO 12340 --- [ecommerce] [scheduling-1] c.d.e.s.SincronizacaoEstoqueService      : [ESTOQUE] Ciclo finalizado. Total de atualizações enviadas: 0
2026-09-04T20:57:00.075-03:00  INFO 12340 --- [ecommerce] [scheduling-1] c.d.e.service.SincronizacaoService       : Lendo VW_ECOMMERCE_PRECOS no banco de dados...
2026-09-04T20:57:00.200-03:00  INFO 12340 --- [ecommerce] [scheduling-1] c.d.e.service.SincronizacaoService       : Ciclo finalizado. Total de atualizações enviadas: 0
2026-09-04T20:57:59.999-03:00  INFO 12340 --- [ecommerce] [scheduling-1] c.d.e.s.SincronizacaoEstoqueService      : [ESTOQUE] Lendo VW_ECOMMERCE_ESTOQUE no banco de dados...
2026-09-04T20:58:00.060-03:00  INFO 12340 --- [ecommerce] [scheduling-1] c.d.e.s.SincronizacaoEstoqueService      : [ESTOQUE] Ciclo finalizado. Total de atualizações enviadas: 0
2026-09-04T20:58:00.061-03:00  INFO 12340 --- [ecommerce] [scheduling-1] c.d.e.service.SincronizacaoService       : Lendo VW_ECOMMERCE_PRECOS no banco de dados...
2026-09-04T20:58:00.134-03:00  INFO 12340 --- [ecommerce] [scheduling-1] c.d.e.service.SincronizacaoService       : Ciclo finalizado. Total de atualizações enviadas: 0
2026-09-04T20:58:59.999-03:00  INFO 12340 --- [ecommerce] [scheduling-1] c.d.e.service.SincronizacaoService       : Lendo VW_ECOMMERCE_PRECOS no banco de dados...
2026-09-04T20:59:00.076-03:00  INFO 12340 --- [ecommerce] [scheduling-1] c.d.e.service.SincronizacaoService       : Ciclo finalizado. Total de atualizações enviadas: 0
2026-09-04T20:59:00.076-03:00  INFO 12340 --- [ecommerce] [scheduling-1] c.d.e.s.SincronizacaoEstoqueService      : [ESTOQUE] Lendo VW_ECOMMERCE_ESTOQUE no banco de dados...
2026-09-04T20:59:00.107-03:00  INFO 12340 --- [ecommerce] [scheduling-1] c.d.e.s.SincronizacaoEstoqueService      : [ESTOQUE] Ciclo finalizado. Total de atualizações enviadas: 0
2026-09-04T21:00:00.001-03:00  INFO 12340 --- [ecommerce] [scheduling-1] c.d.e.s.SincronizacaoEstoqueService      : [ESTOQUE] Lendo VW_ECOMMERCE_ESTOQUE no banco de dados...
2026-09-04T21:00:00.052-03:00  INFO 12340 --- [ecommerce] [scheduling-1] c.d.e.s.SincronizacaoEstoqueService      : [ESTOQUE] Ciclo finalizado. Total de atualizações enviadas: 0
2026-09-04T21:00:00.053-03:00  INFO 12340 --- [ecommerce] [scheduling-1] c.d.e.service.SincronizacaoService       : Lendo VW_ECOMMERCE_PRECOS no banco de dados...
2026-09-04T21:00:00.134-03:00  INFO 12340 --- [ecommerce] [scheduling-1] c.d.e.service.SincronizacaoService       : Ciclo finalizado. Total de atualizações enviadas: 0
2026-09-04T21:00:59.999-03:00  INFO 12340 --- [ecommerce] [scheduling-1] c.d.e.s.SincronizacaoEstoqueService      : [ESTOQUE] Lendo VW_ECOMMERCE_ESTOQUE no banco de dados...
2026-09-04T21:01:00.084-03:00  INFO 12340 --- [ecommerce] [scheduling-1] c.d.e.s.SincronizacaoEstoqueService      : [ESTOQUE] Ciclo finalizado. Total de atualizações enviadas: 0
2026-09-04T21:01:00.084-03:00  INFO 12340 --- [ecommerce] [scheduling-1] c.d.e.service.SincronizacaoService       : Lendo VW_ECOMMERCE_PRECOS no banco de dados...
2026-09-04T21:01:00.130-03:00  INFO 12340 --- [ecommerce] [scheduling-1] c.d.e.service.SincronizacaoService       : Ciclo finalizado. Total de atualizações enviadas: 0
2026-09-04T21:02:00.000-03:00  INFO 12340 --- [ecommerce] [scheduling-1] c.d.e.s.SincronizacaoEstoqueService      : [ESTOQUE] Lendo VW_ECOMMERCE_ESTOQUE no banco de dados...
2026-09-04T21:02:00.054-03:00  INFO 12340 --- [ecommerce] [scheduling-1] c.d.e.s.SincronizacaoEstoqueService      : [ESTOQUE] Ciclo finalizado. Total de atualizações enviadas: 0
2026-09-04T21:02:00.054-03:00  INFO 12340 --- [ecommerce] [scheduling-1] c.d.e.service.SincronizacaoService       : Lendo VW_ECOMMERCE_PRECOS no banco de dados...
2026-09-04T21:02:00.098-03:00  INFO 12340 --- [ecommerce] [scheduling-1] c.d.e.service.SincronizacaoService       : Ciclo finalizado. Total de atualizações enviadas: 0
2026-09-04T21:03:00.000-03:00  INFO 12340 --- [ecommerce] [scheduling-1] c.d.e.s.SincronizacaoEstoqueService      : [ESTOQUE] Lendo VW_ECOMMERCE_ESTOQUE no banco de dados...
2026-09-04T21:03:00.051-03:00  INFO 12340 --- [ecommerce] [scheduling-1] c.d.e.s.SincronizacaoEstoqueService      : [ESTOQUE] Ciclo finalizado. Total de atualizações enviadas: 0
2026-09-04T21:03:00.051-03:00  INFO 12340 --- [ecommerce] [scheduling-1] c.d.e.service.SincronizacaoService       : Lendo VW_ECOMMERCE_PRECOS no banco de dados...
2026-09-04T21:03:00.102-03:00  INFO 12340 --- [ecommerce] [scheduling-1] c.d.e.service.SincronizacaoService       : Ciclo finalizado. Total de atualizações enviadas: 0
2026-09-04T21:04:00.000-03:00  INFO 12340 --- [ecommerce] [scheduling-1] c.d.e.service.SincronizacaoService       : Lendo VW_ECOMMERCE_PRECOS no banco de dados...
2026-09-04T21:04:00.466-03:00  INFO 12340 --- [ecommerce] [scheduling-1] c.d.e.service.SincronizacaoService       : Ciclo finalizado. Total de atualizações enviadas: 0
2026-09-04T21:04:00.467-03:00  INFO 12340 --- [ecommerce] [scheduling-1] c.d.e.s.SincronizacaoEstoqueService      : [ESTOQUE] Lendo VW_ECOMMERCE_ESTOQUE no banco de dados...
2026-09-04T21:04:00.529-03:00  INFO 12340 --- [ecommerce] [scheduling-1] c.d.e.s.SincronizacaoEstoqueService      : [ESTOQUE] Ciclo finalizado. Total de atualizações enviadas: 0
2026-09-04T21:05:00.000-03:00  INFO 12340 --- [ecommerce] [scheduling-1] c.d.e.service.SincronizacaoService       : Lendo VW_ECOMMERCE_PRECOS no banco de dados...
2026-09-04T21:05:00.207-03:00  INFO 12340 --- [ecommerce] [scheduling-1] c.d.e.service.SincronizacaoService       : Ciclo finalizado. Total de atualizações enviadas: 0
2026-09-04T21:05:00.207-03:00  INFO 12340 --- [ecommerce] [scheduling-1] c.d.e.s.SincronizacaoEstoqueService      : [ESTOQUE] Lendo VW_ECOMMERCE_ESTOQUE no banco de dados...
2026-09-04T21:05:00.256-03:00  INFO 12340 --- [ecommerce] [scheduling-1] c.d.e.s.SincronizacaoEstoqueService      : [ESTOQUE] Ciclo finalizado. Total de atualizações enviadas: 0
2026-09-04T21:06:00.000-03:00  INFO 12340 --- [ecommerce] [scheduling-1] c.d.e.s.SincronizacaoEstoqueService      : [ESTOQUE] Lendo VW_ECOMMERCE_ESTOQUE no banco de dados...
2026-09-04T21:06:00.052-03:00  INFO 12340 --- [ecommerce] [scheduling-1] c.d.e.s.SincronizacaoEstoqueService      : [ESTOQUE] Ciclo finalizado. Total de atualizações enviadas: 0
2026-09-04T21:06:00.053-03:00  INFO 12340 --- [ecommerce] [scheduling-1] c.d.e.service.SincronizacaoService       : Lendo VW_ECOMMERCE_PRECOS no banco de dados...
2026-09-04T21:06:00.124-03:00  INFO 12340 --- [ecommerce] [scheduling-1] c.d.e.service.SincronizacaoService       : Ciclo finalizado. Total de atualizações enviadas: 0
2026-09-04T21:07:00.000-03:00  INFO 12340 --- [ecommerce] [scheduling-1] c.d.e.s.SincronizacaoEstoqueService      : [ESTOQUE] Lendo VW_ECOMMERCE_ESTOQUE no banco de dados...
2026-09-04T21:07:00.028-03:00  INFO 12340 --- [ecommerce] [scheduling-1] c.d.e.s.SincronizacaoEstoqueService      : [ESTOQUE] Ciclo finalizado. Total de atualizações enviadas: 0
2026-09-04T21:07:00.028-03:00  INFO 12340 --- [ecommerce] [scheduling-1] c.d.e.service.SincronizacaoService       : Lendo VW_ECOMMERCE_PRECOS no banco de dados...
2026-09-04T21:07:00.101-03:00  INFO 12340 --- [ecommerce] [scheduling-1] c.d.e.service.SincronizacaoService       : Ciclo finalizado. Total de atualizações enviadas: 0
2026-09-04T21:08:00.000-03:00  INFO 12340 --- [ecommerce] [scheduling-1] c.d.e.service.SincronizacaoService       : Lendo VW_ECOMMERCE_PRECOS no banco de dados...
2026-09-04T21:08:00.122-03:00  INFO 12340 --- [ecommerce] [scheduling-1] c.d.e.service.SincronizacaoService       : Ciclo finalizado. Total de atualizações enviadas: 0
2026-09-04T21:08:00.122-03:00  INFO 12340 --- [ecommerce] [scheduling-1] c.d.e.s.SincronizacaoEstoqueService      : [ESTOQUE] Lendo VW_ECOMMERCE_ESTOQUE no banco de dados...
2026-09-04T21:08:00.148-03:00  INFO 12340 --- [ecommerce] [scheduling-1] c.d.e.s.SincronizacaoEstoqueService      : [ESTOQUE] Ciclo finalizado. Total de atualizações enviadas: 0
2026-09-04T21:09:00.000-03:00  INFO 12340 --- [ecommerce] [scheduling-1] c.d.e.s.SincronizacaoEstoqueService      : [ESTOQUE] Lendo VW_ECOMMERCE_ESTOQUE no banco de dados...
2026-09-04T21:09:00.086-03:00  INFO 12340 --- [ecommerce] [scheduling-1] c.d.e.s.SincronizacaoEstoqueService      : [ESTOQUE] Ciclo finalizado. Total de atualizações enviadas: 0
2026-09-04T21:09:00.086-03:00  INFO 12340 --- [ecommerce] [scheduling-1] c.d.e.service.SincronizacaoService       : Lendo VW_ECOMMERCE_PRECOS no banco de dados...
2026-09-04T21:09:00.234-03:00  INFO 12340 --- [ecommerce] [scheduling-1] c.d.e.service.SincronizacaoService       : Ciclo finalizado. Total de atualizações enviadas: 0
2026-09-04T21:10:00.000-03:00  INFO 12340 --- [ecommerce] [scheduling-1] c.d.e.s.SincronizacaoEstoqueService      : [ESTOQUE] Lendo VW_ECOMMERCE_ESTOQUE no banco de dados...
2026-09-04T21:10:00.045-03:00  INFO 12340 --- [ecommerce] [scheduling-1] c.d.e.s.SincronizacaoEstoqueService      : [ESTOQUE] Ciclo finalizado. Total de atualizações enviadas: 0
2026-09-04T21:10:00.055-03:00  INFO 12340 --- [ecommerce] [scheduling-1] c.d.e.service.SincronizacaoService       : Lendo VW_ECOMMERCE_PRECOS no banco de dados...
2026-09-04T21:10:00.101-03:00  INFO 12340 --- [ecommerce] [scheduling-1] c.d.e.service.SincronizacaoService       : Ciclo finalizado. Total de atualizações enviadas: 0
2026-09-04T21:11:00.000-03:00  INFO 12340 --- [ecommerce] [scheduling-1] c.d.e.service.SincronizacaoService       : Lendo VW_ECOMMERCE_PRECOS no banco de dados...
2026-09-04T21:11:00.159-03:00  INFO 12340 --- [ecommerce] [scheduling-1] c.d.e.service.SincronizacaoService       : Ciclo finalizado. Total de atualizações enviadas: 0
2026-09-04T21:11:00.159-03:00  INFO 12340 --- [ecommerce] [scheduling-1] c.d.e.s.SincronizacaoEstoqueService      : [ESTOQUE] Lendo VW_ECOMMERCE_ESTOQUE no banco de dados...
2026-09-04T21:11:00.182-03:00  INFO 12340 --- [ecommerce] [scheduling-1] c.d.e.s.SincronizacaoEstoqueService      : [ESTOQUE] Ciclo finalizado. Total de atualizações enviadas: 0
2026-09-04T21:12:00.000-03:00  INFO 12340 --- [ecommerce] [scheduling-1] c.d.e.service.SincronizacaoService       : Lendo VW_ECOMMERCE_PRECOS no banco de dados...
2026-09-04T21:12:00.055-03:00  INFO 12340 --- [ecommerce] [scheduling-1] c.d.e.service.SincronizacaoService       : Ciclo finalizado. Total de atualizações enviadas: 0
2026-09-04T21:12:00.057-03:00  INFO 12340 --- [ecommerce] [scheduling-1] c.d.e.s.SincronizacaoEstoqueService      : [ESTOQUE] Lendo VW_ECOMMERCE_ESTOQUE no banco de dados...
2026-09-04T21:12:00.089-03:00  INFO 12340 --- [ecommerce] [scheduling-1] c.d.e.s.SincronizacaoEstoqueService      : [ESTOQUE] Ciclo finalizado. Total de atualizações enviadas: 0
2026-09-04T21:12:59.999-03:00  INFO 12340 --- [ecommerce] [scheduling-1] c.d.e.service.SincronizacaoService       : Lendo VW_ECOMMERCE_PRECOS no banco de dados...
2026-09-04T21:13:00.099-03:00  INFO 12340 --- [ecommerce] [scheduling-1] c.d.e.service.SincronizacaoService       : Ciclo finalizado. Total de atualizações enviadas: 0
2026-09-04T21:13:00.099-03:00  INFO 12340 --- [ecommerce] [scheduling-1] c.d.e.s.SincronizacaoEstoqueService      : [ESTOQUE] Lendo VW_ECOMMERCE_ESTOQUE no banco de dados...
2026-09-04T21:13:00.123-03:00  INFO 12340 --- [ecommerce] [scheduling-1] c.d.e.s.SincronizacaoEstoqueService      : [ESTOQUE] Ciclo finalizado. Total de atualizações enviadas: 0
2026-09-04T21:14:00.001-03:00  INFO 12340 --- [ecommerce] [scheduling-1] c.d.e.service.SincronizacaoService       : Lendo VW_ECOMMERCE_PRECOS no banco de dados...
2026-09-04T21:14:00.080-03:00  INFO 12340 --- [ecommerce] [scheduling-1] c.d.e.service.SincronizacaoService       : Ciclo finalizado. Total de atualizações enviadas: 0
2026-09-04T21:14:00.081-03:00  INFO 12340 --- [ecommerce] [scheduling-1] c.d.e.s.SincronizacaoEstoqueService      : [ESTOQUE] Lendo VW_ECOMMERCE_ESTOQUE no banco de dados...
2026-09-04T21:14:00.112-03:00  INFO 12340 --- [ecommerce] [scheduling-1] c.d.e.s.SincronizacaoEstoqueService      : [ESTOQUE] Ciclo finalizado. Total de atualizações enviadas: 0
2026-09-04T21:14:59.999-03:00  INFO 12340 --- [ecommerce] [scheduling-1] c.d.e.service.SincronizacaoService       : Lendo VW_ECOMMERCE_PRECOS no banco de dados...
2026-09-04T21:15:00.085-03:00  INFO 12340 --- [ecommerce] [scheduling-1] c.d.e.service.SincronizacaoService       : Ciclo finalizado. Total de atualizações enviadas: 0
2026-09-04T21:15:00.085-03:00  INFO 12340 --- [ecommerce] [scheduling-1] c.d.e.s.SincronizacaoEstoqueService      : [ESTOQUE] Lendo VW_ECOMMERCE_ESTOQUE no banco de dados...
2026-09-04T21:15:00.116-03:00  INFO 12340 --- [ecommerce] [scheduling-1] c.d.e.s.SincronizacaoEstoqueService      : [ESTOQUE] Ciclo finalizado. Total de atualizações enviadas: 0
2026-09-04T21:16:00.000-03:00  INFO 12340 --- [ecommerce] [scheduling-1] c.d.e.s.SincronizacaoEstoqueService      : [ESTOQUE] Lendo VW_ECOMMERCE_ESTOQUE no banco de dados...
2026-09-04T21:16:00.037-03:00  INFO 12340 --- [ecommerce] [scheduling-1] c.d.e.s.SincronizacaoEstoqueService      : [ESTOQUE] Ciclo finalizado. Total de atualizações enviadas: 0
2026-09-04T21:16:00.038-03:00  INFO 12340 --- [ecommerce] [scheduling-1] c.d.e.service.SincronizacaoService       : Lendo VW_ECOMMERCE_PRECOS no banco de dados...
2026-09-04T21:16:00.098-03:00  INFO 12340 --- [ecommerce] [scheduling-1] c.d.e.service.SincronizacaoService       : Ciclo finalizado. Total de atualizações enviadas: 0
2026-09-04T21:17:00.001-03:00  INFO 12340 --- [ecommerce] [scheduling-1] c.d.e.s.SincronizacaoEstoqueService      : [ESTOQUE] Lendo VW_ECOMMERCE_ESTOQUE no banco de dados...
2026-09-04T21:17:00.066-03:00  INFO 12340 --- [ecommerce] [scheduling-1] c.d.e.s.SincronizacaoEstoqueService      : [ESTOQUE] Ciclo finalizado. Total de atualizações enviadas: 0
2026-09-04T21:17:00.066-03:00  INFO 12340 --- [ecommerce] [scheduling-1] c.d.e.service.SincronizacaoService       : Lendo VW_ECOMMERCE_PRECOS no banco de dados...
2026-09-04T21:17:00.263-03:00  INFO 12340 --- [ecommerce] [scheduling-1] c.d.e.service.SincronizacaoService       : Ciclo finalizado. Total de atualizações enviadas: 0
2026-09-04T21:18:00.001-03:00  INFO 12340 --- [ecommerce] [scheduling-1] c.d.e.service.SincronizacaoService       : Lendo VW_ECOMMERCE_PRECOS no banco de dados...
2026-09-04T21:18:00.066-03:00  INFO 12340 --- [ecommerce] [scheduling-1] c.d.e.service.SincronizacaoService       : Ciclo finalizado. Total de atualizações enviadas: 0
2026-09-04T21:18:00.066-03:00  INFO 12340 --- [ecommerce] [scheduling-1] c.d.e.s.SincronizacaoEstoqueService      : [ESTOQUE] Lendo VW_ECOMMERCE_ESTOQUE no banco de dados...
2026-09-04T21:18:00.092-03:00  INFO 12340 --- [ecommerce] [scheduling-1] c.d.e.s.SincronizacaoEstoqueService      : [ESTOQUE] Ciclo finalizado. Total de atualizações enviadas: 0
2026-09-04T21:19:00.000-03:00  INFO 12340 --- [ecommerce] [scheduling-1] c.d.e.s.SincronizacaoEstoqueService      : [ESTOQUE] Lendo VW_ECOMMERCE_ESTOQUE no banco de dados...
2026-09-04T21:19:00.076-03:00  INFO 12340 --- [ecommerce] [scheduling-1] c.d.e.s.SincronizacaoEstoqueService      : [ESTOQUE] Ciclo finalizado. Total de atualizações enviadas: 0
2026-09-04T21:19:00.076-03:00  INFO 12340 --- [ecommerce] [scheduling-1] c.d.e.service.SincronizacaoService       : Lendo VW_ECOMMERCE_PRECOS no banco de dados...
2026-09-04T21:19:00.163-03:00  INFO 12340 --- [ecommerce] [scheduling-1] c.d.e.service.SincronizacaoService       : Ciclo finalizado. Total de atualizações enviadas: 0
2026-09-04T21:20:00.001-03:00  INFO 12340 --- [ecommerce] [scheduling-1] c.d.e.s.SincronizacaoEstoqueService      : [ESTOQUE] Lendo VW_ECOMMERCE_ESTOQUE no banco de dados...
2026-09-04T21:20:00.091-03:00  INFO 12340 --- [ecommerce] [scheduling-1] c.d.e.s.SincronizacaoEstoqueService      : [ESTOQUE] Ciclo finalizado. Total de atualizações enviadas: 0
2026-09-04T21:20:00.091-03:00  INFO 12340 --- [ecommerce] [scheduling-1] c.d.e.service.SincronizacaoService       : Lendo VW_ECOMMERCE_PRECOS no banco de dados...
2026-09-04T21:20:00.140-03:00  INFO 12340 --- [ecommerce] [scheduling-1] c.d.e.service.SincronizacaoService       : Ciclo finalizado. Total de atualizações enviadas: 0
2026-09-04T21:21:00.000-03:00  INFO 12340 --- [ecommerce] [scheduling-1] c.d.e.service.SincronizacaoService       : Lendo VW_ECOMMERCE_PRECOS no banco de dados...
2026-09-04T21:21:00.082-03:00  INFO 12340 --- [ecommerce] [scheduling-1] c.d.e.service.SincronizacaoService       : Ciclo finalizado. Total de atualizações enviadas: 0
2026-09-04T21:21:00.082-03:00  INFO 12340 --- [ecommerce] [scheduling-1] c.d.e.s.SincronizacaoEstoqueService      : [ESTOQUE] Lendo VW_ECOMMERCE_ESTOQUE no banco de dados...
2026-09-04T21:21:00.114-03:00  INFO 12340 --- [ecommerce] [scheduling-1] c.d.e.s.SincronizacaoEstoqueService      : [ESTOQUE] Ciclo finalizado. Total de atualizações enviadas: 0
2026-09-04T21:22:00.000-03:00  INFO 12340 --- [ecommerce] [scheduling-1] c.d.e.s.SincronizacaoEstoqueService      : [ESTOQUE] Lendo VW_ECOMMERCE_ESTOQUE no banco de dados...
2026-09-04T21:22:00.064-03:00  INFO 12340 --- [ecommerce] [scheduling-1] c.d.e.s.SincronizacaoEstoqueService      : [ESTOQUE] Ciclo finalizado. Total de atualizações enviadas: 0
2026-09-04T21:22:00.064-03:00  INFO 12340 --- [ecommerce] [scheduling-1] c.d.e.service.SincronizacaoService       : Lendo VW_ECOMMERCE_PRECOS no banco de dados...
2026-09-04T21:22:00.108-03:00  INFO 12340 --- [ecommerce] [scheduling-1] c.d.e.service.SincronizacaoService       : Ciclo finalizado. Total de atualizações enviadas: 0
2026-09-04T21:23:00.000-03:00  INFO 12340 --- [ecommerce] [scheduling-1] c.d.e.s.SincronizacaoEstoqueService      : [ESTOQUE] Lendo VW_ECOMMERCE_ESTOQUE no banco de dados...
2026-09-04T21:23:00.029-03:00  INFO 12340 --- [ecommerce] [scheduling-1] c.d.e.s.SincronizacaoEstoqueService      : [ESTOQUE] Ciclo finalizado. Total de atualizações enviadas: 0
2026-09-04T21:23:00.029-03:00  INFO 12340 --- [ecommerce] [scheduling-1] c.d.e.service.SincronizacaoService       : Lendo VW_ECOMMERCE_PRECOS no banco de dados...
2026-09-04T21:23:00.071-03:00  INFO 12340 --- [ecommerce] [scheduling-1] c.d.e.service.SincronizacaoService       : Ciclo finalizado. Total de atualizações enviadas: 0
2026-09-04T21:24:00.000-03:00  INFO 12340 --- [ecommerce] [scheduling-1] c.d.e.service.SincronizacaoService       : Lendo VW_ECOMMERCE_PRECOS no banco de dados...
2026-09-04T21:24:00.050-03:00  INFO 12340 --- [ecommerce] [scheduling-1] c.d.e.service.SincronizacaoService       : Ciclo finalizado. Total de atualizações enviadas: 0
2026-09-04T21:24:00.050-03:00  INFO 12340 --- [ecommerce] [scheduling-1] c.d.e.s.SincronizacaoEstoqueService      : [ESTOQUE] Lendo VW_ECOMMERCE_ESTOQUE no banco de dados...
2026-09-04T21:24:00.082-03:00  INFO 12340 --- [ecommerce] [scheduling-1] c.d.e.s.SincronizacaoEstoqueService      : [ESTOQUE] Ciclo finalizado. Total de atualizações enviadas: 0
2026-09-04T21:25:00.000-03:00  INFO 12340 --- [ecommerce] [scheduling-1] c.d.e.service.SincronizacaoService       : Lendo VW_ECOMMERCE_PRECOS no banco de dados...
2026-09-04T21:25:00.124-03:00  INFO 12340 --- [ecommerce] [scheduling-1] c.d.e.service.SincronizacaoService       : Ciclo finalizado. Total de atualizações enviadas: 0
2026-09-04T21:25:00.124-03:00  INFO 12340 --- [ecommerce] [scheduling-1] c.d.e.s.SincronizacaoEstoqueService      : [ESTOQUE] Lendo VW_ECOMMERCE_ESTOQUE no banco de dados...
2026-09-04T21:25:00.150-03:00  INFO 12340 --- [ecommerce] [scheduling-1] c.d.e.s.SincronizacaoEstoqueService      : [ESTOQUE] Ciclo finalizado. Total de atualizações enviadas: 0
2026-09-04T21:26:00.000-03:00  INFO 12340 --- [ecommerce] [scheduling-1] c.d.e.service.SincronizacaoService       : Lendo VW_ECOMMERCE_PRECOS no banco de dados...
2026-09-04T21:26:00.099-03:00  INFO 12340 --- [ecommerce] [scheduling-1] c.d.e.service.SincronizacaoService       : Ciclo finalizado. Total de atualizações enviadas: 0
2026-09-04T21:26:00.099-03:00  INFO 12340 --- [ecommerce] [scheduling-1] c.d.e.s.SincronizacaoEstoqueService      : [ESTOQUE] Lendo VW_ECOMMERCE_ESTOQUE no banco de dados...
2026-09-04T21:26:00.119-03:00  INFO 12340 --- [ecommerce] [scheduling-1] c.d.e.s.SincronizacaoEstoqueService      : [ESTOQUE] Ciclo finalizado. Total de atualizações enviadas: 0
2026-09-04T21:27:00.000-03:00  INFO 12340 --- [ecommerce] [scheduling-1] c.d.e.service.SincronizacaoService       : Lendo VW_ECOMMERCE_PRECOS no banco de dados...
2026-09-04T21:27:00.055-03:00  INFO 12340 --- [ecommerce] [scheduling-1] c.d.e.service.SincronizacaoService       : Ciclo finalizado. Total de atualizações enviadas: 0
2026-09-04T21:27:00.056-03:00  INFO 12340 --- [ecommerce] [scheduling-1] c.d.e.s.SincronizacaoEstoqueService      : [ESTOQUE] Lendo VW_ECOMMERCE_ESTOQUE no banco de dados...
2026-09-04T21:27:00.089-03:00  INFO 12340 --- [ecommerce] [scheduling-1] c.d.e.s.SincronizacaoEstoqueService      : [ESTOQUE] Ciclo finalizado. Total de atualizações enviadas: 0
2026-09-04T21:28:00.000-03:00  INFO 12340 --- [ecommerce] [scheduling-1] c.d.e.service.SincronizacaoService       : Lendo VW_ECOMMERCE_PRECOS no banco de dados...
2026-09-04T21:28:00.049-03:00  INFO 12340 --- [ecommerce] [scheduling-1] c.d.e.service.SincronizacaoService       : Ciclo finalizado. Total de atualizações enviadas: 0
2026-09-04T21:28:00.050-03:00  INFO 12340 --- [ecommerce] [scheduling-1] c.d.e.s.SincronizacaoEstoqueService      : [ESTOQUE] Lendo VW_ECOMMERCE_ESTOQUE no banco de dados...
2026-09-04T21:28:00.082-03:00  INFO 12340 --- [ecommerce] [scheduling-1] c.d.e.s.SincronizacaoEstoqueService      : [ESTOQUE] Ciclo finalizado. Total de atualizações enviadas: 0
2026-09-04T21:29:00.000-03:00  INFO 12340 --- [ecommerce] [scheduling-1] c.d.e.service.SincronizacaoService       : Lendo VW_ECOMMERCE_PRECOS no banco de dados...
2026-09-04T21:29:00.056-03:00  INFO 12340 --- [ecommerce] [scheduling-1] c.d.e.service.SincronizacaoService       : Ciclo finalizado. Total de atualizações enviadas: 0
2026-09-04T21:29:00.056-03:00  INFO 12340 --- [ecommerce] [scheduling-1] c.d.e.s.SincronizacaoEstoqueService      : [ESTOQUE] Lendo VW_ECOMMERCE_ESTOQUE no banco de dados...
2026-09-04T21:29:00.078-03:00  INFO 12340 --- [ecommerce] [scheduling-1] c.d.e.s.SincronizacaoEstoqueService      : [ESTOQUE] Ciclo finalizado. Total de atualizações enviadas: 0
2026-09-04T21:29:59.999-03:00  INFO 12340 --- [ecommerce] [scheduling-1] c.d.e.s.SincronizacaoEstoqueService      : [ESTOQUE] Lendo VW_ECOMMERCE_ESTOQUE no banco de dados...
2026-09-04T21:30:00.082-03:00  INFO 12340 --- [ecommerce] [scheduling-1] c.d.e.s.SincronizacaoEstoqueService      : [ESTOQUE] Ciclo finalizado. Total de atualizações enviadas: 0
2026-09-04T21:30:00.082-03:00  INFO 12340 --- [ecommerce] [scheduling-1] c.d.e.service.SincronizacaoService       : Lendo VW_ECOMMERCE_PRECOS no banco de dados...
2026-09-04T21:30:00.125-03:00  INFO 12340 --- [ecommerce] [scheduling-1] c.d.e.service.SincronizacaoService       : Ciclo finalizado. Total de atualizações enviadas: 0
2026-09-04T21:31:00.000-03:00  INFO 12340 --- [ecommerce] [scheduling-1] c.d.e.service.SincronizacaoService       : Lendo VW_ECOMMERCE_PRECOS no banco de dados...
2026-09-04T21:31:00.061-03:00  INFO 12340 --- [ecommerce] [scheduling-1] c.d.e.service.SincronizacaoService       : Ciclo finalizado. Total de atualizações enviadas: 0
2026-09-04T21:31:00.061-03:00  INFO 12340 --- [ecommerce] [scheduling-1] c.d.e.s.SincronizacaoEstoqueService      : [ESTOQUE] Lendo VW_ECOMMERCE_ESTOQUE no banco de dados...
2026-09-04T21:31:00.087-03:00  INFO 12340 --- [ecommerce] [scheduling-1] c.d.e.s.SincronizacaoEstoqueService      : [ESTOQUE] Ciclo finalizado. Total de atualizações enviadas: 0
2026-09-04T21:32:00.000-03:00  INFO 12340 --- [ecommerce] [scheduling-1] c.d.e.s.SincronizacaoEstoqueService      : [ESTOQUE] Lendo VW_ECOMMERCE_ESTOQUE no banco de dados...
2026-09-04T21:32:00.071-03:00  INFO 12340 --- [ecommerce] [scheduling-1] c.d.e.s.SincronizacaoEstoqueService      : [ESTOQUE] Ciclo finalizado. Total de atualizações enviadas: 0
2026-09-04T21:32:00.071-03:00  INFO 12340 --- [ecommerce] [scheduling-1] c.d.e.service.SincronizacaoService       : Lendo VW_ECOMMERCE_PRECOS no banco de dados...
2026-09-04T21:32:00.159-03:00  INFO 12340 --- [ecommerce] [scheduling-1] c.d.e.service.SincronizacaoService       : Ciclo finalizado. Total de atualizações enviadas: 0
2026-09-04T21:33:00.000-03:00  INFO 12340 --- [ecommerce] [scheduling-1] c.d.e.s.SincronizacaoEstoqueService      : [ESTOQUE] Lendo VW_ECOMMERCE_ESTOQUE no banco de dados...
2026-09-04T21:33:00.095-03:00  INFO 12340 --- [ecommerce] [scheduling-1] c.d.e.s.SincronizacaoEstoqueService      : [ESTOQUE] Ciclo finalizado. Total de atualizações enviadas: 0
2026-09-04T21:33:00.095-03:00  INFO 12340 --- [ecommerce] [scheduling-1] c.d.e.service.SincronizacaoService       : Lendo VW_ECOMMERCE_PRECOS no banco de dados...
2026-09-04T21:33:00.143-03:00  INFO 12340 --- [ecommerce] [scheduling-1] c.d.e.service.SincronizacaoService       : Ciclo finalizado. Total de atualizações enviadas: 0
2026-09-04T21:34:00.000-03:00  INFO 12340 --- [ecommerce] [scheduling-1] c.d.e.s.SincronizacaoEstoqueService      : [ESTOQUE] Lendo VW_ECOMMERCE_ESTOQUE no banco de dados...
2026-09-04T21:34:00.034-03:00  INFO 12340 --- [ecommerce] [scheduling-1] c.d.e.s.SincronizacaoEstoqueService      : [ESTOQUE] Ciclo finalizado. Total de atualizações enviadas: 0
2026-09-04T21:34:00.034-03:00  INFO 12340 --- [ecommerce] [scheduling-1] c.d.e.service.SincronizacaoService       : Lendo VW_ECOMMERCE_PRECOS no banco de dados...
2026-09-04T21:34:00.083-03:00  INFO 12340 --- [ecommerce] [scheduling-1] c.d.e.service.SincronizacaoService       : Ciclo finalizado. Total de atualizações enviadas: 0
2026-09-04T21:34:59.999-03:00  INFO 12340 --- [ecommerce] [scheduling-1] c.d.e.service.SincronizacaoService       : Lendo VW_ECOMMERCE_PRECOS no banco de dados...
2026-09-04T21:35:00.087-03:00  INFO 12340 --- [ecommerce] [scheduling-1] c.d.e.service.SincronizacaoService       : Ciclo finalizado. Total de atualizações enviadas: 0
2026-09-04T21:35:00.087-03:00  INFO 12340 --- [ecommerce] [scheduling-1] c.d.e.s.SincronizacaoEstoqueService      : [ESTOQUE] Lendo VW_ECOMMERCE_ESTOQUE no banco de dados...
2026-09-04T21:35:00.121-03:00  INFO 12340 --- [ecommerce] [scheduling-1] c.d.e.s.SincronizacaoEstoqueService      : [ESTOQUE] Ciclo finalizado. Total de atualizações enviadas: 0
2026-09-04T21:36:00.000-03:00  INFO 12340 --- [ecommerce] [scheduling-1] c.d.e.s.SincronizacaoEstoqueService      : [ESTOQUE] Lendo VW_ECOMMERCE_ESTOQUE no banco de dados...
2026-09-04T21:36:00.095-03:00  INFO 12340 --- [ecommerce] [scheduling-1] c.d.e.s.SincronizacaoEstoqueService      : [ESTOQUE] Ciclo finalizado. Total de atualizações enviadas: 0
2026-09-04T21:36:00.097-03:00  INFO 12340 --- [ecommerce] [scheduling-1] c.d.e.service.SincronizacaoService       : Lendo VW_ECOMMERCE_PRECOS no banco de dados...
2026-09-04T21:36:00.143-03:00  INFO 12340 --- [ecommerce] [scheduling-1] c.d.e.service.SincronizacaoService       : Ciclo finalizado. Total de atualizações enviadas: 0
2026-09-04T21:37:00.000-03:00  INFO 12340 --- [ecommerce] [scheduling-1] c.d.e.s.SincronizacaoEstoqueService      : [ESTOQUE] Lendo VW_ECOMMERCE_ESTOQUE no banco de dados...
2026-09-04T21:37:00.052-03:00  INFO 12340 --- [ecommerce] [scheduling-1] c.d.e.s.SincronizacaoEstoqueService      : [ESTOQUE] Ciclo finalizado. Total de atualizações enviadas: 0
2026-09-04T21:37:00.052-03:00  INFO 12340 --- [ecommerce] [scheduling-1] c.d.e.service.SincronizacaoService       : Lendo VW_ECOMMERCE_PRECOS no banco de dados...
2026-09-04T21:37:00.101-03:00  INFO 12340 --- [ecommerce] [scheduling-1] c.d.e.service.SincronizacaoService       : Ciclo finalizado. Total de atualizações enviadas: 0
2026-09-04T21:37:59.999-03:00  INFO 12340 --- [ecommerce] [scheduling-1] c.d.e.s.SincronizacaoEstoqueService      : [ESTOQUE] Lendo VW_ECOMMERCE_ESTOQUE no banco de dados...
2026-09-04T21:38:00.084-03:00  INFO 12340 --- [ecommerce] [scheduling-1] c.d.e.s.SincronizacaoEstoqueService      : [ESTOQUE] Ciclo finalizado. Total de atualizações enviadas: 0
2026-09-04T21:38:00.084-03:00  INFO 12340 --- [ecommerce] [scheduling-1] c.d.e.service.SincronizacaoService       : Lendo VW_ECOMMERCE_PRECOS no banco de dados...
2026-09-04T21:38:00.127-03:00  INFO 12340 --- [ecommerce] [scheduling-1] c.d.e.service.SincronizacaoService       : Ciclo finalizado. Total de atualizações enviadas: 0
2026-09-04T21:38:59.999-03:00  INFO 12340 --- [ecommerce] [scheduling-1] c.d.e.service.SincronizacaoService       : Lendo VW_ECOMMERCE_PRECOS no banco de dados...
2026-09-04T21:39:00.087-03:00  INFO 12340 --- [ecommerce] [scheduling-1] c.d.e.service.SincronizacaoService       : Ciclo finalizado. Total de atualizações enviadas: 0
2026-09-04T21:39:00.088-03:00  INFO 12340 --- [ecommerce] [scheduling-1] c.d.e.s.SincronizacaoEstoqueService      : [ESTOQUE] Lendo VW_ECOMMERCE_ESTOQUE no banco de dados...
2026-09-04T21:39:00.111-03:00  INFO 12340 --- [ecommerce] [scheduling-1] c.d.e.s.SincronizacaoEstoqueService      : [ESTOQUE] Ciclo finalizado. Total de atualizações enviadas: 0
2026-09-04T21:40:00.000-03:00  INFO 12340 --- [ecommerce] [scheduling-1] c.d.e.service.SincronizacaoService       : Lendo VW_ECOMMERCE_PRECOS no banco de dados...
2026-09-04T21:40:00.114-03:00  INFO 12340 --- [ecommerce] [scheduling-1] c.d.e.service.SincronizacaoService       : Ciclo finalizado. Total de atualizações enviadas: 0
2026-09-04T21:40:00.114-03:00  INFO 12340 --- [ecommerce] [scheduling-1] c.d.e.s.SincronizacaoEstoqueService      : [ESTOQUE] Lendo VW_ECOMMERCE_ESTOQUE no banco de dados...
2026-09-04T21:40:00.139-03:00  INFO 12340 --- [ecommerce] [scheduling-1] c.d.e.s.SincronizacaoEstoqueService      : [ESTOQUE] Ciclo finalizado. Total de atualizações enviadas: 0
2026-09-04T21:40:59.999-03:00  INFO 12340 --- [ecommerce] [scheduling-1] c.d.e.service.SincronizacaoService       : Lendo VW_ECOMMERCE_PRECOS no banco de dados...
2026-09-04T21:41:00.096-03:00  INFO 12340 --- [ecommerce] [scheduling-1] c.d.e.service.SincronizacaoService       : Ciclo finalizado. Total de atualizações enviadas: 0
2026-09-04T21:41:00.096-03:00  INFO 12340 --- [ecommerce] [scheduling-1] c.d.e.s.SincronizacaoEstoqueService      : [ESTOQUE] Lendo VW_ECOMMERCE_ESTOQUE no banco de dados...
2026-09-04T21:41:00.124-03:00  INFO 12340 --- [ecommerce] [scheduling-1] c.d.e.s.SincronizacaoEstoqueService      : [ESTOQUE] Ciclo finalizado. Total de atualizações enviadas: 0
2026-09-04T21:42:00.000-03:00  INFO 12340 --- [ecommerce] [scheduling-1] c.d.e.s.SincronizacaoEstoqueService      : [ESTOQUE] Lendo VW_ECOMMERCE_ESTOQUE no banco de dados...
2026-09-04T21:42:00.068-03:00  INFO 12340 --- [ecommerce] [scheduling-1] c.d.e.s.SincronizacaoEstoqueService      : [ESTOQUE] Ciclo finalizado. Total de atualizações enviadas: 0
2026-09-04T21:42:00.068-03:00  INFO 12340 --- [ecommerce] [scheduling-1] c.d.e.service.SincronizacaoService       : Lendo VW_ECOMMERCE_PRECOS no banco de dados...
2026-09-04T21:42:00.113-03:00  INFO 12340 --- [ecommerce] [scheduling-1] c.d.e.service.SincronizacaoService       : Ciclo finalizado. Total de atualizações enviadas: 0
2026-09-04T21:43:00.000-03:00  INFO 12340 --- [ecommerce] [scheduling-1] c.d.e.service.SincronizacaoService       : Lendo VW_ECOMMERCE_PRECOS no banco de dados...
2026-09-04T21:43:00.057-03:00  INFO 12340 --- [ecommerce] [scheduling-1] c.d.e.service.SincronizacaoService       : Ciclo finalizado. Total de atualizações enviadas: 0
2026-09-04T21:43:00.058-03:00  INFO 12340 --- [ecommerce] [scheduling-1] c.d.e.s.SincronizacaoEstoqueService      : [ESTOQUE] Lendo VW_ECOMMERCE_ESTOQUE no banco de dados...
2026-09-04T21:43:00.089-03:00  INFO 12340 --- [ecommerce] [scheduling-1] c.d.e.s.SincronizacaoEstoqueService      : [ESTOQUE] Ciclo finalizado. Total de atualizações enviadas: 0
2026-09-04T21:44:00.000-03:00  INFO 12340 --- [ecommerce] [scheduling-1] c.d.e.service.SincronizacaoService       : Lendo VW_ECOMMERCE_PRECOS no banco de dados...
2026-09-04T21:44:00.098-03:00  INFO 12340 --- [ecommerce] [scheduling-1] c.d.e.service.SincronizacaoService       : Ciclo finalizado. Total de atualizações enviadas: 0
2026-09-04T21:44:00.098-03:00  INFO 12340 --- [ecommerce] [scheduling-1] c.d.e.s.SincronizacaoEstoqueService      : [ESTOQUE] Lendo VW_ECOMMERCE_ESTOQUE no banco de dados...
2026-09-04T21:44:00.127-03:00  INFO 12340 --- [ecommerce] [scheduling-1] c.d.e.s.SincronizacaoEstoqueService      : [ESTOQUE] Ciclo finalizado. Total de atualizações enviadas: 0
2026-09-04T21:45:00.001-03:00  INFO 12340 --- [ecommerce] [scheduling-1] c.d.e.s.SincronizacaoEstoqueService      : [ESTOQUE] Lendo VW_ECOMMERCE_ESTOQUE no banco de dados...
2026-09-04T21:45:00.093-03:00  INFO 12340 --- [ecommerce] [scheduling-1] c.d.e.s.SincronizacaoEstoqueService      : [ESTOQUE] Ciclo finalizado. Total de atualizações enviadas: 0
2026-09-04T21:45:00.094-03:00  INFO 12340 --- [ecommerce] [scheduling-1] c.d.e.service.SincronizacaoService       : Lendo VW_ECOMMERCE_PRECOS no banco de dados...
2026-09-04T21:45:00.138-03:00  INFO 12340 --- [ecommerce] [scheduling-1] c.d.e.service.SincronizacaoService       : Ciclo finalizado. Total de atualizações enviadas: 0
2026-09-04T21:46:00.000-03:00  INFO 12340 --- [ecommerce] [scheduling-1] c.d.e.service.SincronizacaoService       : Lendo VW_ECOMMERCE_PRECOS no banco de dados...
2026-09-04T21:46:00.079-03:00  INFO 12340 --- [ecommerce] [scheduling-1] c.d.e.service.SincronizacaoService       : Ciclo finalizado. Total de atualizações enviadas: 0
2026-09-04T21:46:00.080-03:00  INFO 12340 --- [ecommerce] [scheduling-1] c.d.e.s.SincronizacaoEstoqueService      : [ESTOQUE] Lendo VW_ECOMMERCE_ESTOQUE no banco de dados...
2026-09-04T21:46:00.111-03:00  INFO 12340 --- [ecommerce] [scheduling-1] c.d.e.s.SincronizacaoEstoqueService      : [ESTOQUE] Ciclo finalizado. Total de atualizações enviadas: 0
2026-09-04T21:47:00.000-03:00  INFO 12340 --- [ecommerce] [scheduling-1] c.d.e.s.SincronizacaoEstoqueService      : [ESTOQUE] Lendo VW_ECOMMERCE_ESTOQUE no banco de dados...
2026-09-04T21:47:00.092-03:00  INFO 12340 --- [ecommerce] [scheduling-1] c.d.e.s.SincronizacaoEstoqueService      : [ESTOQUE] Ciclo finalizado. Total de atualizações enviadas: 0
2026-09-04T21:47:00.092-03:00  INFO 12340 --- [ecommerce] [scheduling-1] c.d.e.service.SincronizacaoService       : Lendo VW_ECOMMERCE_PRECOS no banco de dados...
2026-09-04T21:47:00.156-03:00  INFO 12340 --- [ecommerce] [scheduling-1] c.d.e.service.SincronizacaoService       : Ciclo finalizado. Total de atualizações enviadas: 0
2026-09-04T21:47:59.999-03:00  INFO 12340 --- [ecommerce] [scheduling-1] c.d.e.service.SincronizacaoService       : Lendo VW_ECOMMERCE_PRECOS no banco de dados...
2026-09-04T21:48:00.060-03:00  INFO 12340 --- [ecommerce] [scheduling-1] c.d.e.service.SincronizacaoService       : Ciclo finalizado. Total de atualizações enviadas: 0
2026-09-04T21:48:00.060-03:00  INFO 12340 --- [ecommerce] [scheduling-1] c.d.e.s.SincronizacaoEstoqueService      : [ESTOQUE] Lendo VW_ECOMMERCE_ESTOQUE no banco de dados...
2026-09-04T21:48:00.098-03:00  INFO 12340 --- [ecommerce] [scheduling-1] c.d.e.s.SincronizacaoEstoqueService      : [ESTOQUE] Ciclo finalizado. Total de atualizações enviadas: 0
2026-09-04T21:49:00.000-03:00  INFO 12340 --- [ecommerce] [scheduling-1] c.d.e.service.SincronizacaoService       : Lendo VW_ECOMMERCE_PRECOS no banco de dados...
2026-09-04T21:49:00.093-03:00  INFO 12340 --- [ecommerce] [scheduling-1] c.d.e.service.SincronizacaoService       : Ciclo finalizado. Total de atualizações enviadas: 0
2026-09-04T21:49:00.093-03:00  INFO 12340 --- [ecommerce] [scheduling-1] c.d.e.s.SincronizacaoEstoqueService      : [ESTOQUE] Lendo VW_ECOMMERCE_ESTOQUE no banco de dados...
2026-09-04T21:49:00.123-03:00  INFO 12340 --- [ecommerce] [scheduling-1] c.d.e.s.SincronizacaoEstoqueService      : [ESTOQUE] Ciclo finalizado. Total de atualizações enviadas: 0
2026-09-04T21:49:59.999-03:00  INFO 12340 --- [ecommerce] [scheduling-1] c.d.e.s.SincronizacaoEstoqueService      : [ESTOQUE] Lendo VW_ECOMMERCE_ESTOQUE no banco de dados...
2026-09-04T21:50:00.072-03:00  INFO 12340 --- [ecommerce] [scheduling-1] c.d.e.s.SincronizacaoEstoqueService      : [ESTOQUE] Ciclo finalizado. Total de atualizações enviadas: 0
2026-09-04T21:50:00.072-03:00  INFO 12340 --- [ecommerce] [scheduling-1] c.d.e.service.SincronizacaoService       : Lendo VW_ECOMMERCE_PRECOS no banco de dados...
2026-09-04T21:50:00.118-03:00  INFO 12340 --- [ecommerce] [scheduling-1] c.d.e.service.SincronizacaoService       : Ciclo finalizado. Total de atualizações enviadas: 0
2026-09-04T21:51:00.000-03:00  INFO 12340 --- [ecommerce] [scheduling-1] c.d.e.s.SincronizacaoEstoqueService      : [ESTOQUE] Lendo VW_ECOMMERCE_ESTOQUE no banco de dados...
2026-09-04T21:51:00.052-03:00  INFO 12340 --- [ecommerce] [scheduling-1] c.d.e.s.SincronizacaoEstoqueService      : [ESTOQUE] Ciclo finalizado. Total de atualizações enviadas: 0
2026-09-04T21:51:00.052-03:00  INFO 12340 --- [ecommerce] [scheduling-1] c.d.e.service.SincronizacaoService       : Lendo VW_ECOMMERCE_PRECOS no banco de dados...
2026-09-04T21:51:00.096-03:00  INFO 12340 --- [ecommerce] [scheduling-1] c.d.e.service.SincronizacaoService       : Ciclo finalizado. Total de atualizações enviadas: 0
2026-09-04T21:52:00.000-03:00  INFO 12340 --- [ecommerce] [scheduling-1] c.d.e.s.SincronizacaoEstoqueService      : [ESTOQUE] Lendo VW_ECOMMERCE_ESTOQUE no banco de dados...
2026-09-04T21:52:00.061-03:00  INFO 12340 --- [ecommerce] [scheduling-1] c.d.e.s.SincronizacaoEstoqueService      : [ESTOQUE] Ciclo finalizado. Total de atualizações enviadas: 0
2026-09-04T21:52:00.062-03:00  INFO 12340 --- [ecommerce] [scheduling-1] c.d.e.service.SincronizacaoService       : Lendo VW_ECOMMERCE_PRECOS no banco de dados...
2026-09-04T21:52:00.203-03:00  INFO 12340 --- [ecommerce] [scheduling-1] c.d.e.service.SincronizacaoService       : Ciclo finalizado. Total de atualizações enviadas: 0
2026-09-04T21:52:59.999-03:00  INFO 12340 --- [ecommerce] [scheduling-1] c.d.e.s.SincronizacaoEstoqueService      : [ESTOQUE] Lendo VW_ECOMMERCE_ESTOQUE no banco de dados...
2026-09-04T21:53:00.063-03:00  INFO 12340 --- [ecommerce] [scheduling-1] c.d.e.s.SincronizacaoEstoqueService      : [ESTOQUE] Ciclo finalizado. Total de atualizações enviadas: 0
2026-09-04T21:53:00.063-03:00  INFO 12340 --- [ecommerce] [scheduling-1] c.d.e.service.SincronizacaoService       : Lendo VW_ECOMMERCE_PRECOS no banco de dados...
2026-09-04T21:53:00.108-03:00  INFO 12340 --- [ecommerce] [scheduling-1] c.d.e.service.SincronizacaoService       : Ciclo finalizado. Total de atualizações enviadas: 0
2026-09-04T21:53:59.999-03:00  INFO 12340 --- [ecommerce] [scheduling-1] c.d.e.s.SincronizacaoEstoqueService      : [ESTOQUE] Lendo VW_ECOMMERCE_ESTOQUE no banco de dados...
2026-09-04T21:54:00.048-03:00  INFO 12340 --- [ecommerce] [scheduling-1] c.d.e.s.SincronizacaoEstoqueService      : [ESTOQUE] Ciclo finalizado. Total de atualizações enviadas: 0
2026-09-04T21:54:00.048-03:00  INFO 12340 --- [ecommerce] [scheduling-1] c.d.e.service.SincronizacaoService       : Lendo VW_ECOMMERCE_PRECOS no banco de dados...
2026-09-04T21:54:00.093-03:00  INFO 12340 --- [ecommerce] [scheduling-1] c.d.e.service.SincronizacaoService       : Ciclo finalizado. Total de atualizações enviadas: 0
2026-09-04T21:55:00.000-03:00  INFO 12340 --- [ecommerce] [scheduling-1] c.d.e.service.SincronizacaoService       : Lendo VW_ECOMMERCE_PRECOS no banco de dados...
2026-09-04T21:55:00.064-03:00  INFO 12340 --- [ecommerce] [scheduling-1] c.d.e.service.SincronizacaoService       : Ciclo finalizado. Total de atualizações enviadas: 0
2026-09-04T21:55:00.064-03:00  INFO 12340 --- [ecommerce] [scheduling-1] c.d.e.s.SincronizacaoEstoqueService      : [ESTOQUE] Lendo VW_ECOMMERCE_ESTOQUE no banco de dados...
2026-09-04T21:55:00.097-03:00  INFO 12340 --- [ecommerce] [scheduling-1] c.d.e.s.SincronizacaoEstoqueService      : [ESTOQUE] Ciclo finalizado. Total de atualizações enviadas: 0
2026-09-04T21:55:59.999-03:00  INFO 12340 --- [ecommerce] [scheduling-1] c.d.e.s.SincronizacaoEstoqueService      : [ESTOQUE] Lendo VW_ECOMMERCE_ESTOQUE no banco de dados...
2026-09-04T21:56:00.056-03:00  INFO 12340 --- [ecommerce] [scheduling-1] c.d.e.s.SincronizacaoEstoqueService      : [ESTOQUE] Ciclo finalizado. Total de atualizações enviadas: 0
2026-09-04T21:56:00.056-03:00  INFO 12340 --- [ecommerce] [scheduling-1] c.d.e.service.SincronizacaoService       : Lendo VW_ECOMMERCE_PRECOS no banco de dados...
2026-09-04T21:56:00.103-03:00  INFO 12340 --- [ecommerce] [scheduling-1] c.d.e.service.SincronizacaoService       : Ciclo finalizado. Total de atualizações enviadas: 0
2026-09-04T21:57:00.001-03:00  INFO 12340 --- [ecommerce] [scheduling-1] c.d.e.s.SincronizacaoEstoqueService      : [ESTOQUE] Lendo VW_ECOMMERCE_ESTOQUE no banco de dados...
2026-09-04T21:57:00.105-03:00  INFO 12340 --- [ecommerce] [scheduling-1] c.d.e.s.SincronizacaoEstoqueService      : [ESTOQUE] Ciclo finalizado. Total de atualizações enviadas: 0
2026-09-04T21:57:00.105-03:00  INFO 12340 --- [ecommerce] [scheduling-1] c.d.e.service.SincronizacaoService       : Lendo VW_ECOMMERCE_PRECOS no banco de dados...
2026-09-04T21:57:00.152-03:00  INFO 12340 --- [ecommerce] [scheduling-1] c.d.e.service.SincronizacaoService       : Ciclo finalizado. Total de atualizações enviadas: 0
2026-09-04T21:58:00.000-03:00  INFO 12340 --- [ecommerce] [scheduling-1] c.d.e.service.SincronizacaoService       : Lendo VW_ECOMMERCE_PRECOS no banco de dados...
2026-09-04T21:58:00.082-03:00  INFO 12340 --- [ecommerce] [scheduling-1] c.d.e.service.SincronizacaoService       : Ciclo finalizado. Total de atualizações enviadas: 0
2026-09-04T21:58:00.082-03:00  INFO 12340 --- [ecommerce] [scheduling-1] c.d.e.s.SincronizacaoEstoqueService      : [ESTOQUE] Lendo VW_ECOMMERCE_ESTOQUE no banco de dados...
2026-09-04T21:58:00.114-03:00  INFO 12340 --- [ecommerce] [scheduling-1] c.d.e.s.SincronizacaoEstoqueService      : [ESTOQUE] Ciclo finalizado. Total de atualizações enviadas: 0
2026-09-04T21:58:59.999-03:00  INFO 12340 --- [ecommerce] [scheduling-1] c.d.e.s.SincronizacaoEstoqueService      : [ESTOQUE] Lendo VW_ECOMMERCE_ESTOQUE no banco de dados...
2026-09-04T21:59:00.063-03:00  INFO 12340 --- [ecommerce] [scheduling-1] c.d.e.s.SincronizacaoEstoqueService      : [ESTOQUE] Ciclo finalizado. Total de atualizações enviadas: 0
2026-09-04T21:59:00.063-03:00  INFO 12340 --- [ecommerce] [scheduling-1] c.d.e.service.SincronizacaoService       : Lendo VW_ECOMMERCE_PRECOS no banco de dados...
2026-09-04T21:59:00.108-03:00  INFO 12340 --- [ecommerce] [scheduling-1] c.d.e.service.SincronizacaoService       : Ciclo finalizado. Total de atualizações enviadas: 0
2026-09-04T22:00:00.000-03:00  INFO 12340 --- [ecommerce] [scheduling-1] c.d.e.s.SincronizacaoEstoqueService      : [ESTOQUE] Lendo VW_ECOMMERCE_ESTOQUE no banco de dados...
2026-09-04T22:00:00.052-03:00  INFO 12340 --- [ecommerce] [scheduling-1] c.d.e.s.SincronizacaoEstoqueService      : [ESTOQUE] Ciclo finalizado. Total de atualizações enviadas: 0
2026-09-04T22:00:00.052-03:00  INFO 12340 --- [ecommerce] [scheduling-1] c.d.e.service.SincronizacaoService       : Lendo VW_ECOMMERCE_PRECOS no banco de dados...
2026-09-04T22:00:00.129-03:00  INFO 12340 --- [ecommerce] [scheduling-1] c.d.e.service.SincronizacaoService       : Ciclo finalizado. Total de atualizações enviadas: 0
2026-09-04T22:01:00.000-03:00  INFO 12340 --- [ecommerce] [scheduling-1] c.d.e.s.SincronizacaoEstoqueService      : [ESTOQUE] Lendo VW_ECOMMERCE_ESTOQUE no banco de dados...
2026-09-04T22:01:00.042-03:00  INFO 12340 --- [ecommerce] [scheduling-1] c.d.e.s.SincronizacaoEstoqueService      : [ESTOQUE] Ciclo finalizado. Total de atualizações enviadas: 0
2026-09-04T22:01:00.043-03:00  INFO 12340 --- [ecommerce] [scheduling-1] c.d.e.service.SincronizacaoService       : Lendo VW_ECOMMERCE_PRECOS no banco de dados...
2026-09-04T22:01:00.091-03:00  INFO 12340 --- [ecommerce] [scheduling-1] c.d.e.service.SincronizacaoService       : Ciclo finalizado. Total de atualizações enviadas: 0
2026-09-04T22:01:59.999-03:00  INFO 12340 --- [ecommerce] [scheduling-1] c.d.e.s.SincronizacaoEstoqueService      : [ESTOQUE] Lendo VW_ECOMMERCE_ESTOQUE no banco de dados...
2026-09-04T22:02:00.044-03:00  INFO 12340 --- [ecommerce] [scheduling-1] c.d.e.s.SincronizacaoEstoqueService      : [ESTOQUE] Ciclo finalizado. Total de atualizações enviadas: 0
2026-09-04T22:02:00.044-03:00  INFO 12340 --- [ecommerce] [scheduling-1] c.d.e.service.SincronizacaoService       : Lendo VW_ECOMMERCE_PRECOS no banco de dados...
2026-09-04T22:02:00.166-03:00  INFO 12340 --- [ecommerce] [scheduling-1] c.d.e.service.SincronizacaoService       : Ciclo finalizado. Total de atualizações enviadas: 0
2026-09-04T22:03:00.000-03:00  INFO 12340 --- [ecommerce] [scheduling-1] c.d.e.service.SincronizacaoService       : Lendo VW_ECOMMERCE_PRECOS no banco de dados...
2026-09-04T22:03:00.128-03:00  INFO 12340 --- [ecommerce] [scheduling-1] c.d.e.service.SincronizacaoService       : Ciclo finalizado. Total de atualizações enviadas: 0
2026-09-04T22:03:00.128-03:00  INFO 12340 --- [ecommerce] [scheduling-1] c.d.e.s.SincronizacaoEstoqueService      : [ESTOQUE] Lendo VW_ECOMMERCE_ESTOQUE no banco de dados...
2026-09-04T22:03:00.147-03:00  INFO 12340 --- [ecommerce] [scheduling-1] c.d.e.s.SincronizacaoEstoqueService      : [ESTOQUE] Ciclo finalizado. Total de atualizações enviadas: 0
2026-09-04T22:04:00.000-03:00  INFO 12340 --- [ecommerce] [scheduling-1] c.d.e.service.SincronizacaoService       : Lendo VW_ECOMMERCE_PRECOS no banco de dados...
2026-09-04T22:04:00.184-03:00  INFO 12340 --- [ecommerce] [scheduling-1] c.d.e.service.SincronizacaoService       : Ciclo finalizado. Total de atualizações enviadas: 0
2026-09-04T22:04:00.185-03:00  INFO 12340 --- [ecommerce] [scheduling-1] c.d.e.s.SincronizacaoEstoqueService      : [ESTOQUE] Lendo VW_ECOMMERCE_ESTOQUE no banco de dados...
2026-09-04T22:04:00.216-03:00  INFO 12340 --- [ecommerce] [scheduling-1] c.d.e.s.SincronizacaoEstoqueService      : [ESTOQUE] Ciclo finalizado. Total de atualizações enviadas: 0
2026-09-04T22:04:59.999-03:00  INFO 12340 --- [ecommerce] [scheduling-1] c.d.e.s.SincronizacaoEstoqueService      : [ESTOQUE] Lendo VW_ECOMMERCE_ESTOQUE no banco de dados...
2026-09-04T22:05:00.124-03:00  INFO 12340 --- [ecommerce] [scheduling-1] c.d.e.s.SincronizacaoEstoqueService      : [ESTOQUE] Ciclo finalizado. Total de atualizações enviadas: 0
2026-09-04T22:05:00.125-03:00  INFO 12340 --- [ecommerce] [scheduling-1] c.d.e.service.SincronizacaoService       : Lendo VW_ECOMMERCE_PRECOS no banco de dados...
2026-09-04T22:05:00.229-03:00  INFO 12340 --- [ecommerce] [scheduling-1] c.d.e.service.SincronizacaoService       : Ciclo finalizado. Total de atualizações enviadas: 0
2026-09-04T22:06:00.001-03:00  INFO 12340 --- [ecommerce] [scheduling-1] c.d.e.s.SincronizacaoEstoqueService      : [ESTOQUE] Lendo VW_ECOMMERCE_ESTOQUE no banco de dados...
2026-09-04T22:06:00.097-03:00  INFO 12340 --- [ecommerce] [scheduling-1] c.d.e.s.SincronizacaoEstoqueService      : [ESTOQUE] Ciclo finalizado. Total de atualizações enviadas: 0
2026-09-04T22:06:00.098-03:00  INFO 12340 --- [ecommerce] [scheduling-1] c.d.e.service.SincronizacaoService       : Lendo VW_ECOMMERCE_PRECOS no banco de dados...
2026-09-04T22:06:00.142-03:00  INFO 12340 --- [ecommerce] [scheduling-1] c.d.e.service.SincronizacaoService       : Ciclo finalizado. Total de atualizações enviadas: 0
2026-09-04T22:07:00.000-03:00  INFO 12340 --- [ecommerce] [scheduling-1] c.d.e.s.SincronizacaoEstoqueService      : [ESTOQUE] Lendo VW_ECOMMERCE_ESTOQUE no banco de dados...
2026-09-04T22:07:00.137-03:00  INFO 12340 --- [ecommerce] [scheduling-1] c.d.e.s.SincronizacaoEstoqueService      : [ESTOQUE] Ciclo finalizado. Total de atualizações enviadas: 0
2026-09-04T22:07:00.137-03:00  INFO 12340 --- [ecommerce] [scheduling-1] c.d.e.service.SincronizacaoService       : Lendo VW_ECOMMERCE_PRECOS no banco de dados...
2026-09-04T22:07:00.502-03:00  INFO 12340 --- [ecommerce] [scheduling-1] c.d.e.service.SincronizacaoService       : Ciclo finalizado. Total de atualizações enviadas: 0
2026-09-04T22:08:00.000-03:00  INFO 12340 --- [ecommerce] [scheduling-1] c.d.e.s.SincronizacaoEstoqueService      : [ESTOQUE] Lendo VW_ECOMMERCE_ESTOQUE no banco de dados...
2026-09-04T22:08:00.028-03:00  INFO 12340 --- [ecommerce] [scheduling-1] c.d.e.s.SincronizacaoEstoqueService      : [ESTOQUE] Ciclo finalizado. Total de atualizações enviadas: 0
2026-09-04T22:08:00.028-03:00  INFO 12340 --- [ecommerce] [scheduling-1] c.d.e.service.SincronizacaoService       : Lendo VW_ECOMMERCE_PRECOS no banco de dados...
2026-09-04T22:08:00.082-03:00  INFO 12340 --- [ecommerce] [scheduling-1] c.d.e.service.SincronizacaoService       : Ciclo finalizado. Total de atualizações enviadas: 0
2026-09-04T22:08:59.999-03:00  INFO 12340 --- [ecommerce] [scheduling-1] c.d.e.service.SincronizacaoService       : Lendo VW_ECOMMERCE_PRECOS no banco de dados...
2026-09-04T22:09:00.141-03:00  INFO 12340 --- [ecommerce] [scheduling-1] c.d.e.service.SincronizacaoService       : Ciclo finalizado. Total de atualizações enviadas: 0
2026-09-04T22:09:00.141-03:00  INFO 12340 --- [ecommerce] [scheduling-1] c.d.e.s.SincronizacaoEstoqueService      : [ESTOQUE] Lendo VW_ECOMMERCE_ESTOQUE no banco de dados...
2026-09-04T22:09:00.164-03:00  INFO 12340 --- [ecommerce] [scheduling-1] c.d.e.s.SincronizacaoEstoqueService      : [ESTOQUE] Ciclo finalizado. Total de atualizações enviadas: 0
2026-09-04T22:10:00.000-03:00  INFO 12340 --- [ecommerce] [scheduling-1] c.d.e.service.SincronizacaoService       : Lendo VW_ECOMMERCE_PRECOS no banco de dados...
2026-09-04T22:10:00.058-03:00  INFO 12340 --- [ecommerce] [scheduling-1] c.d.e.service.SincronizacaoService       : Ciclo finalizado. Total de atualizações enviadas: 0
2026-09-04T22:10:00.059-03:00  INFO 12340 --- [ecommerce] [scheduling-1] c.d.e.s.SincronizacaoEstoqueService      : [ESTOQUE] Lendo VW_ECOMMERCE_ESTOQUE no banco de dados...
2026-09-04T22:10:00.091-03:00  INFO 12340 --- [ecommerce] [scheduling-1] c.d.e.s.SincronizacaoEstoqueService      : [ESTOQUE] Ciclo finalizado. Total de atualizações enviadas: 0
2026-09-04T22:11:00.000-03:00  INFO 12340 --- [ecommerce] [scheduling-1] c.d.e.s.SincronizacaoEstoqueService      : [ESTOQUE] Lendo VW_ECOMMERCE_ESTOQUE no banco de dados...
2026-09-04T22:11:00.070-03:00  INFO 12340 --- [ecommerce] [scheduling-1] c.d.e.s.SincronizacaoEstoqueService      : [ESTOQUE] Ciclo finalizado. Total de atualizações enviadas: 0
2026-09-04T22:11:00.070-03:00  INFO 12340 --- [ecommerce] [scheduling-1] c.d.e.service.SincronizacaoService       : Lendo VW_ECOMMERCE_PRECOS no banco de dados...
2026-09-04T22:11:00.208-03:00  INFO 12340 --- [ecommerce] [scheduling-1] c.d.e.service.SincronizacaoService       : Ciclo finalizado. Total de atualizações enviadas: 0
2026-09-04T22:12:00.000-03:00  INFO 12340 --- [ecommerce] [scheduling-1] c.d.e.s.SincronizacaoEstoqueService      : [ESTOQUE] Lendo VW_ECOMMERCE_ESTOQUE no banco de dados...
2026-09-04T22:12:00.097-03:00  INFO 12340 --- [ecommerce] [scheduling-1] c.d.e.s.SincronizacaoEstoqueService      : [ESTOQUE] Ciclo finalizado. Total de atualizações enviadas: 0
2026-09-04T22:12:00.098-03:00  INFO 12340 --- [ecommerce] [scheduling-1] c.d.e.service.SincronizacaoService       : Lendo VW_ECOMMERCE_PRECOS no banco de dados...
2026-09-04T22:12:00.161-03:00  INFO 12340 --- [ecommerce] [scheduling-1] c.d.e.service.SincronizacaoService       : Ciclo finalizado. Total de atualizações enviadas: 0
2026-09-04T22:13:00.000-03:00  INFO 12340 --- [ecommerce] [scheduling-1] c.d.e.service.SincronizacaoService       : Lendo VW_ECOMMERCE_PRECOS no banco de dados...
2026-09-04T22:13:00.194-03:00  INFO 12340 --- [ecommerce] [scheduling-1] c.d.e.service.SincronizacaoService       : Ciclo finalizado. Total de atualizações enviadas: 0
2026-09-04T22:13:00.194-03:00  INFO 12340 --- [ecommerce] [scheduling-1] c.d.e.s.SincronizacaoEstoqueService      : [ESTOQUE] Lendo VW_ECOMMERCE_ESTOQUE no banco de dados...
2026-09-04T22:13:00.269-03:00  INFO 12340 --- [ecommerce] [scheduling-1] c.d.e.s.SincronizacaoEstoqueService      : [ESTOQUE] Ciclo finalizado. Total de atualizações enviadas: 0
2026-09-04T22:14:00.001-03:00  INFO 12340 --- [ecommerce] [scheduling-1] c.d.e.s.SincronizacaoEstoqueService      : [ESTOQUE] Lendo VW_ECOMMERCE_ESTOQUE no banco de dados...
2026-09-04T22:14:00.095-03:00  INFO 12340 --- [ecommerce] [scheduling-1] c.d.e.s.SincronizacaoEstoqueService      : [ESTOQUE] Ciclo finalizado. Total de atualizações enviadas: 0
2026-09-04T22:14:00.095-03:00  INFO 12340 --- [ecommerce] [scheduling-1] c.d.e.service.SincronizacaoService       : Lendo VW_ECOMMERCE_PRECOS no banco de dados...
2026-09-04T22:14:00.299-03:00  INFO 12340 --- [ecommerce] [scheduling-1] c.d.e.service.SincronizacaoService       : Ciclo finalizado. Total de atualizações enviadas: 0
2026-09-04T22:14:59.999-03:00  INFO 12340 --- [ecommerce] [scheduling-1] c.d.e.service.SincronizacaoService       : Lendo VW_ECOMMERCE_PRECOS no banco de dados...
2026-09-04T22:15:00.108-03:00  INFO 12340 --- [ecommerce] [scheduling-1] c.d.e.service.SincronizacaoService       : Ciclo finalizado. Total de atualizações enviadas: 0
2026-09-04T22:15:00.108-03:00  INFO 12340 --- [ecommerce] [scheduling-1] c.d.e.s.SincronizacaoEstoqueService      : [ESTOQUE] Lendo VW_ECOMMERCE_ESTOQUE no banco de dados...
2026-09-04T22:15:00.130-03:00  INFO 12340 --- [ecommerce] [scheduling-1] c.d.e.s.SincronizacaoEstoqueService      : [ESTOQUE] Ciclo finalizado. Total de atualizações enviadas: 0
2026-09-04T22:15:59.999-03:00  INFO 12340 --- [ecommerce] [scheduling-1] c.d.e.service.SincronizacaoService       : Lendo VW_ECOMMERCE_PRECOS no banco de dados...
2026-09-04T22:16:00.110-03:00  INFO 12340 --- [ecommerce] [scheduling-1] c.d.e.service.SincronizacaoService       : Ciclo finalizado. Total de atualizações enviadas: 0
2026-09-04T22:16:00.110-03:00  INFO 12340 --- [ecommerce] [scheduling-1] c.d.e.s.SincronizacaoEstoqueService      : [ESTOQUE] Lendo VW_ECOMMERCE_ESTOQUE no banco de dados...
2026-09-04T22:16:00.134-03:00  INFO 12340 --- [ecommerce] [scheduling-1] c.d.e.s.SincronizacaoEstoqueService      : [ESTOQUE] Ciclo finalizado. Total de atualizações enviadas: 0
2026-09-04T22:17:00.000-03:00  INFO 12340 --- [ecommerce] [scheduling-1] c.d.e.service.SincronizacaoService       : Lendo VW_ECOMMERCE_PRECOS no banco de dados...
2026-09-04T22:17:00.145-03:00  INFO 12340 --- [ecommerce] [scheduling-1] c.d.e.service.SincronizacaoService       : Ciclo finalizado. Total de atualizações enviadas: 0
2026-09-04T22:17:00.145-03:00  INFO 12340 --- [ecommerce] [scheduling-1] c.d.e.s.SincronizacaoEstoqueService      : [ESTOQUE] Lendo VW_ECOMMERCE_ESTOQUE no banco de dados...
2026-09-04T22:17:00.171-03:00  INFO 12340 --- [ecommerce] [scheduling-1] c.d.e.s.SincronizacaoEstoqueService      : [ESTOQUE] Ciclo finalizado. Total de atualizações enviadas: 0
2026-09-04T22:18:00.000-03:00  INFO 12340 --- [ecommerce] [scheduling-1] c.d.e.s.SincronizacaoEstoqueService      : [ESTOQUE] Lendo VW_ECOMMERCE_ESTOQUE no banco de dados...
2026-09-04T22:18:00.031-03:00  INFO 12340 --- [ecommerce] [scheduling-1] c.d.e.s.SincronizacaoEstoqueService      : [ESTOQUE] Ciclo finalizado. Total de atualizações enviadas: 0
2026-09-04T22:18:00.031-03:00  INFO 12340 --- [ecommerce] [scheduling-1] c.d.e.service.SincronizacaoService       : Lendo VW_ECOMMERCE_PRECOS no banco de dados...
2026-09-04T22:18:00.076-03:00  INFO 12340 --- [ecommerce] [scheduling-1] c.d.e.service.SincronizacaoService       : Ciclo finalizado. Total de atualizações enviadas: 0
2026-09-04T22:19:00.000-03:00  INFO 12340 --- [ecommerce] [scheduling-1] c.d.e.s.SincronizacaoEstoqueService      : [ESTOQUE] Lendo VW_ECOMMERCE_ESTOQUE no banco de dados...
2026-09-04T22:19:00.084-03:00  INFO 12340 --- [ecommerce] [scheduling-1] c.d.e.s.SincronizacaoEstoqueService      : [ESTOQUE] Ciclo finalizado. Total de atualizações enviadas: 0
2026-09-04T22:19:00.084-03:00  INFO 12340 --- [ecommerce] [scheduling-1] c.d.e.service.SincronizacaoService       : Lendo VW_ECOMMERCE_PRECOS no banco de dados...
2026-09-04T22:19:00.153-03:00  INFO 12340 --- [ecommerce] [scheduling-1] c.d.e.service.SincronizacaoService       : Ciclo finalizado. Total de atualizações enviadas: 0
2026-09-04T22:20:00.000-03:00  INFO 12340 --- [ecommerce] [scheduling-1] c.d.e.service.SincronizacaoService       : Lendo VW_ECOMMERCE_PRECOS no banco de dados...
2026-09-04T22:20:00.116-03:00  INFO 12340 --- [ecommerce] [scheduling-1] c.d.e.service.SincronizacaoService       : Ciclo finalizado. Total de atualizações enviadas: 0
2026-09-04T22:20:00.116-03:00  INFO 12340 --- [ecommerce] [scheduling-1] c.d.e.s.SincronizacaoEstoqueService      : [ESTOQUE] Lendo VW_ECOMMERCE_ESTOQUE no banco de dados...
2026-09-04T22:20:00.138-03:00  INFO 12340 --- [ecommerce] [scheduling-1] c.d.e.s.SincronizacaoEstoqueService      : [ESTOQUE] Ciclo finalizado. Total de atualizações enviadas: 0
2026-09-04T22:21:00.000-03:00  INFO 12340 --- [ecommerce] [scheduling-1] c.d.e.s.SincronizacaoEstoqueService      : [ESTOQUE] Lendo VW_ECOMMERCE_ESTOQUE no banco de dados...
2026-09-04T22:21:00.072-03:00  INFO 12340 --- [ecommerce] [scheduling-1] c.d.e.s.SincronizacaoEstoqueService      : [ESTOQUE] Ciclo finalizado. Total de atualizações enviadas: 0
2026-09-04T22:21:00.072-03:00  INFO 12340 --- [ecommerce] [scheduling-1] c.d.e.service.SincronizacaoService       : Lendo VW_ECOMMERCE_PRECOS no banco de dados...
2026-09-04T22:21:00.122-03:00  INFO 12340 --- [ecommerce] [scheduling-1] c.d.e.service.SincronizacaoService       : Ciclo finalizado. Total de atualizações enviadas: 0
2026-09-04T22:22:00.000-03:00  INFO 12340 --- [ecommerce] [scheduling-1] c.d.e.service.SincronizacaoService       : Lendo VW_ECOMMERCE_PRECOS no banco de dados...
2026-09-04T22:22:00.081-03:00  INFO 12340 --- [ecommerce] [scheduling-1] c.d.e.service.SincronizacaoService       : Ciclo finalizado. Total de atualizações enviadas: 0
2026-09-04T22:22:00.081-03:00  INFO 12340 --- [ecommerce] [scheduling-1] c.d.e.s.SincronizacaoEstoqueService      : [ESTOQUE] Lendo VW_ECOMMERCE_ESTOQUE no banco de dados...
2026-09-04T22:22:00.120-03:00  INFO 12340 --- [ecommerce] [scheduling-1] c.d.e.s.SincronizacaoEstoqueService      : [ESTOQUE] Ciclo finalizado. Total de atualizações enviadas: 0
2026-09-04T22:23:00.001-03:00  INFO 12340 --- [ecommerce] [scheduling-1] c.d.e.service.SincronizacaoService       : Lendo VW_ECOMMERCE_PRECOS no banco de dados...
2026-09-04T22:23:00.181-03:00  INFO 12340 --- [ecommerce] [scheduling-1] c.d.e.service.SincronizacaoService       : Ciclo finalizado. Total de atualizações enviadas: 0
2026-09-04T22:23:00.182-03:00  INFO 12340 --- [ecommerce] [scheduling-1] c.d.e.s.SincronizacaoEstoqueService      : [ESTOQUE] Lendo VW_ECOMMERCE_ESTOQUE no banco de dados...
2026-09-04T22:23:00.233-03:00  INFO 12340 --- [ecommerce] [scheduling-1] c.d.e.s.SincronizacaoEstoqueService      : [ESTOQUE] Ciclo finalizado. Total de atualizações enviadas: 0
2026-09-04T22:23:59.999-03:00  INFO 12340 --- [ecommerce] [scheduling-1] c.d.e.service.SincronizacaoService       : Lendo VW_ECOMMERCE_PRECOS no banco de dados...
2026-09-04T22:24:00.056-03:00  INFO 12340 --- [ecommerce] [scheduling-1] c.d.e.service.SincronizacaoService       : Ciclo finalizado. Total de atualizações enviadas: 0
2026-09-04T22:24:00.057-03:00  INFO 12340 --- [ecommerce] [scheduling-1] c.d.e.s.SincronizacaoEstoqueService      : [ESTOQUE] Lendo VW_ECOMMERCE_ESTOQUE no banco de dados...
2026-09-04T22:24:00.089-03:00  INFO 12340 --- [ecommerce] [scheduling-1] c.d.e.s.SincronizacaoEstoqueService      : [ESTOQUE] Ciclo finalizado. Total de atualizações enviadas: 0
2026-09-04T22:24:59.999-03:00  INFO 12340 --- [ecommerce] [scheduling-1] c.d.e.service.SincronizacaoService       : Lendo VW_ECOMMERCE_PRECOS no banco de dados...
2026-09-04T22:25:00.135-03:00  INFO 12340 --- [ecommerce] [scheduling-1] c.d.e.service.SincronizacaoService       : Ciclo finalizado. Total de atualizações enviadas: 0
2026-09-04T22:25:00.135-03:00  INFO 12340 --- [ecommerce] [scheduling-1] c.d.e.s.SincronizacaoEstoqueService      : [ESTOQUE] Lendo VW_ECOMMERCE_ESTOQUE no banco de dados...
2026-09-04T22:25:00.177-03:00  INFO 12340 --- [ecommerce] [scheduling-1] c.d.e.s.SincronizacaoEstoqueService      : [ESTOQUE] Ciclo finalizado. Total de atualizações enviadas: 0
2026-09-04T22:26:00.000-03:00  INFO 12340 --- [ecommerce] [scheduling-1] c.d.e.service.SincronizacaoService       : Lendo VW_ECOMMERCE_PRECOS no banco de dados...
2026-09-04T22:26:00.049-03:00  INFO 12340 --- [ecommerce] [scheduling-1] c.d.e.service.SincronizacaoService       : Ciclo finalizado. Total de atualizações enviadas: 0
2026-09-04T22:26:00.050-03:00  INFO 12340 --- [ecommerce] [scheduling-1] c.d.e.s.SincronizacaoEstoqueService      : [ESTOQUE] Lendo VW_ECOMMERCE_ESTOQUE no banco de dados...
2026-09-04T22:26:00.081-03:00  INFO 12340 --- [ecommerce] [scheduling-1] c.d.e.s.SincronizacaoEstoqueService      : [ESTOQUE] Ciclo finalizado. Total de atualizações enviadas: 0
2026-09-04T22:26:59.999-03:00  INFO 12340 --- [ecommerce] [scheduling-1] c.d.e.s.SincronizacaoEstoqueService      : [ESTOQUE] Lendo VW_ECOMMERCE_ESTOQUE no banco de dados...
2026-09-04T22:27:00.056-03:00  INFO 12340 --- [ecommerce] [scheduling-1] c.d.e.s.SincronizacaoEstoqueService      : [ESTOQUE] Ciclo finalizado. Total de atualizações enviadas: 0
2026-09-04T22:27:00.056-03:00  INFO 12340 --- [ecommerce] [scheduling-1] c.d.e.service.SincronizacaoService       : Lendo VW_ECOMMERCE_PRECOS no banco de dados...
2026-09-04T22:27:00.124-03:00  INFO 12340 --- [ecommerce] [scheduling-1] c.d.e.service.SincronizacaoService       : Ciclo finalizado. Total de atualizações enviadas: 0
2026-09-04T22:28:00.000-03:00  INFO 12340 --- [ecommerce] [scheduling-1] c.d.e.s.SincronizacaoEstoqueService      : [ESTOQUE] Lendo VW_ECOMMERCE_ESTOQUE no banco de dados...
2026-09-04T22:28:00.052-03:00  INFO 12340 --- [ecommerce] [scheduling-1] c.d.e.s.SincronizacaoEstoqueService      : [ESTOQUE] Ciclo finalizado. Total de atualizações enviadas: 0
2026-09-04T22:28:00.052-03:00  INFO 12340 --- [ecommerce] [scheduling-1] c.d.e.service.SincronizacaoService       : Lendo VW_ECOMMERCE_PRECOS no banco de dados...
2026-09-04T22:28:00.098-03:00  INFO 12340 --- [ecommerce] [scheduling-1] c.d.e.service.SincronizacaoService       : Ciclo finalizado. Total de atualizações enviadas: 0
2026-09-04T22:29:00.000-03:00  INFO 12340 --- [ecommerce] [scheduling-1] c.d.e.service.SincronizacaoService       : Lendo VW_ECOMMERCE_PRECOS no banco de dados...
2026-09-04T22:29:00.060-03:00  INFO 12340 --- [ecommerce] [scheduling-1] c.d.e.service.SincronizacaoService       : Ciclo finalizado. Total de atualizações enviadas: 0
2026-09-04T22:29:00.061-03:00  INFO 12340 --- [ecommerce] [scheduling-1] c.d.e.s.SincronizacaoEstoqueService      : [ESTOQUE] Lendo VW_ECOMMERCE_ESTOQUE no banco de dados...
2026-09-04T22:29:00.087-03:00  INFO 12340 --- [ecommerce] [scheduling-1] c.d.e.s.SincronizacaoEstoqueService      : [ESTOQUE] Ciclo finalizado. Total de atualizações enviadas: 0
2026-09-04T22:29:59.999-03:00  INFO 12340 --- [ecommerce] [scheduling-1] c.d.e.service.SincronizacaoService       : Lendo VW_ECOMMERCE_PRECOS no banco de dados...
2026-09-04T22:30:00.085-03:00  INFO 12340 --- [ecommerce] [scheduling-1] c.d.e.service.SincronizacaoService       : Ciclo finalizado. Total de atualizações enviadas: 0
2026-09-04T22:30:00.085-03:00  INFO 12340 --- [ecommerce] [scheduling-1] c.d.e.s.SincronizacaoEstoqueService      : [ESTOQUE] Lendo VW_ECOMMERCE_ESTOQUE no banco de dados...
2026-09-04T22:30:00.108-03:00  INFO 12340 --- [ecommerce] [scheduling-1] c.d.e.s.SincronizacaoEstoqueService      : [ESTOQUE] Ciclo finalizado. Total de atualizações enviadas: 0
2026-09-04T22:31:00.000-03:00  INFO 12340 --- [ecommerce] [scheduling-1] c.d.e.service.SincronizacaoService       : Lendo VW_ECOMMERCE_PRECOS no banco de dados...
2026-09-04T22:31:00.067-03:00  INFO 12340 --- [ecommerce] [scheduling-1] c.d.e.service.SincronizacaoService       : Ciclo finalizado. Total de atualizações enviadas: 0
2026-09-04T22:31:00.068-03:00  INFO 12340 --- [ecommerce] [scheduling-1] c.d.e.s.SincronizacaoEstoqueService      : [ESTOQUE] Lendo VW_ECOMMERCE_ESTOQUE no banco de dados...
2026-09-04T22:31:00.089-03:00  INFO 12340 --- [ecommerce] [scheduling-1] c.d.e.s.SincronizacaoEstoqueService      : [ESTOQUE] Ciclo finalizado. Total de atualizações enviadas: 0
2026-09-04T22:31:59.999-03:00  INFO 12340 --- [ecommerce] [scheduling-1] c.d.e.service.SincronizacaoService       : Lendo VW_ECOMMERCE_PRECOS no banco de dados...
2026-09-04T22:32:00.090-03:00  INFO 12340 --- [ecommerce] [scheduling-1] c.d.e.service.SincronizacaoService       : Ciclo finalizado. Total de atualizações enviadas: 0
2026-09-04T22:32:00.091-03:00  INFO 12340 --- [ecommerce] [scheduling-1] c.d.e.s.SincronizacaoEstoqueService      : [ESTOQUE] Lendo VW_ECOMMERCE_ESTOQUE no banco de dados...
2026-09-04T22:32:00.122-03:00  INFO 12340 --- [ecommerce] [scheduling-1] c.d.e.s.SincronizacaoEstoqueService      : [ESTOQUE] Ciclo finalizado. Total de atualizações enviadas: 0
2026-09-04T22:33:00.000-03:00  INFO 12340 --- [ecommerce] [scheduling-1] c.d.e.service.SincronizacaoService       : Lendo VW_ECOMMERCE_PRECOS no banco de dados...
2026-09-04T22:33:00.054-03:00  INFO 12340 --- [ecommerce] [scheduling-1] c.d.e.service.SincronizacaoService       : Ciclo finalizado. Total de atualizações enviadas: 0
2026-09-04T22:33:00.055-03:00  INFO 12340 --- [ecommerce] [scheduling-1] c.d.e.s.SincronizacaoEstoqueService      : [ESTOQUE] Lendo VW_ECOMMERCE_ESTOQUE no banco de dados...
2026-09-04T22:33:00.089-03:00  INFO 12340 --- [ecommerce] [scheduling-1] c.d.e.s.SincronizacaoEstoqueService      : [ESTOQUE] Ciclo finalizado. Total de atualizações enviadas: 0
2026-09-04T22:33:59.999-03:00  INFO 12340 --- [ecommerce] [scheduling-1] c.d.e.s.SincronizacaoEstoqueService      : [ESTOQUE] Lendo VW_ECOMMERCE_ESTOQUE no banco de dados...
2026-09-04T22:34:00.077-03:00  INFO 12340 --- [ecommerce] [scheduling-1] c.d.e.s.SincronizacaoEstoqueService      : [ESTOQUE] Ciclo finalizado. Total de atualizações enviadas: 0
2026-09-04T22:34:00.078-03:00  INFO 12340 --- [ecommerce] [scheduling-1] c.d.e.service.SincronizacaoService       : Lendo VW_ECOMMERCE_PRECOS no banco de dados...
2026-09-04T22:34:00.126-03:00  INFO 12340 --- [ecommerce] [scheduling-1] c.d.e.service.SincronizacaoService       : Ciclo finalizado. Total de atualizações enviadas: 0
2026-09-04T22:35:00.000-03:00  INFO 12340 --- [ecommerce] [scheduling-1] c.d.e.service.SincronizacaoService       : Lendo VW_ECOMMERCE_PRECOS no banco de dados...
2026-09-04T22:35:00.342-03:00  INFO 12340 --- [ecommerce] [scheduling-1] c.d.e.service.SincronizacaoService       : Ciclo finalizado. Total de atualizações enviadas: 0
2026-09-04T22:35:00.343-03:00  INFO 12340 --- [ecommerce] [scheduling-1] c.d.e.s.SincronizacaoEstoqueService      : [ESTOQUE] Lendo VW_ECOMMERCE_ESTOQUE no banco de dados...
2026-09-04T22:35:00.407-03:00  INFO 12340 --- [ecommerce] [scheduling-1] c.d.e.s.SincronizacaoEstoqueService      : [ESTOQUE] Ciclo finalizado. Total de atualizações enviadas: 0
2026-09-04T22:36:00.000-03:00  INFO 12340 --- [ecommerce] [scheduling-1] c.d.e.s.SincronizacaoEstoqueService      : [ESTOQUE] Lendo VW_ECOMMERCE_ESTOQUE no banco de dados...
2026-09-04T22:36:00.086-03:00  INFO 12340 --- [ecommerce] [scheduling-1] c.d.e.s.SincronizacaoEstoqueService      : [ESTOQUE] Ciclo finalizado. Total de atualizações enviadas: 0
2026-09-04T22:36:00.086-03:00  INFO 12340 --- [ecommerce] [scheduling-1] c.d.e.service.SincronizacaoService       : Lendo VW_ECOMMERCE_PRECOS no banco de dados...
2026-09-04T22:36:00.129-03:00  INFO 12340 --- [ecommerce] [scheduling-1] c.d.e.service.SincronizacaoService       : Ciclo finalizado. Total de atualizações enviadas: 0
2026-09-04T22:37:00.000-03:00  INFO 12340 --- [ecommerce] [scheduling-1] c.d.e.service.SincronizacaoService       : Lendo VW_ECOMMERCE_PRECOS no banco de dados...
2026-09-04T22:37:00.115-03:00  INFO 12340 --- [ecommerce] [scheduling-1] c.d.e.service.SincronizacaoService       : Ciclo finalizado. Total de atualizações enviadas: 0
2026-09-04T22:37:00.115-03:00  INFO 12340 --- [ecommerce] [scheduling-1] c.d.e.s.SincronizacaoEstoqueService      : [ESTOQUE] Lendo VW_ECOMMERCE_ESTOQUE no banco de dados...
2026-09-04T22:37:00.135-03:00  INFO 12340 --- [ecommerce] [scheduling-1] c.d.e.s.SincronizacaoEstoqueService      : [ESTOQUE] Ciclo finalizado. Total de atualizações enviadas: 0
2026-09-04T22:38:00.000-03:00  INFO 12340 --- [ecommerce] [scheduling-1] c.d.e.s.SincronizacaoEstoqueService      : [ESTOQUE] Lendo VW_ECOMMERCE_ESTOQUE no banco de dados...
2026-09-04T22:38:00.048-03:00  INFO 12340 --- [ecommerce] [scheduling-1] c.d.e.s.SincronizacaoEstoqueService      : [ESTOQUE] Ciclo finalizado. Total de atualizações enviadas: 0
2026-09-04T22:38:00.048-03:00  INFO 12340 --- [ecommerce] [scheduling-1] c.d.e.service.SincronizacaoService       : Lendo VW_ECOMMERCE_PRECOS no banco de dados...
2026-09-04T22:38:00.105-03:00  INFO 12340 --- [ecommerce] [scheduling-1] c.d.e.service.SincronizacaoService       : Ciclo finalizado. Total de atualizações enviadas: 0
2026-09-04T22:39:00.001-03:00  INFO 12340 --- [ecommerce] [scheduling-1] c.d.e.s.SincronizacaoEstoqueService      : [ESTOQUE] Lendo VW_ECOMMERCE_ESTOQUE no banco de dados...
2026-09-04T22:39:00.094-03:00  INFO 12340 --- [ecommerce] [scheduling-1] c.d.e.s.SincronizacaoEstoqueService      : [ESTOQUE] Ciclo finalizado. Total de atualizações enviadas: 0
2026-09-04T22:39:00.094-03:00  INFO 12340 --- [ecommerce] [scheduling-1] c.d.e.service.SincronizacaoService       : Lendo VW_ECOMMERCE_PRECOS no banco de dados...
2026-09-04T22:39:00.188-03:00  INFO 12340 --- [ecommerce] [scheduling-1] c.d.e.service.SincronizacaoService       : Ciclo finalizado. Total de atualizações enviadas: 0
2026-09-04T22:40:00.000-03:00  INFO 12340 --- [ecommerce] [scheduling-1] c.d.e.s.SincronizacaoEstoqueService      : [ESTOQUE] Lendo VW_ECOMMERCE_ESTOQUE no banco de dados...
2026-09-04T22:40:00.044-03:00  INFO 12340 --- [ecommerce] [scheduling-1] c.d.e.s.SincronizacaoEstoqueService      : [ESTOQUE] Ciclo finalizado. Total de atualizações enviadas: 0
2026-09-04T22:40:00.044-03:00  INFO 12340 --- [ecommerce] [scheduling-1] c.d.e.service.SincronizacaoService       : Lendo VW_ECOMMERCE_PRECOS no banco de dados...
2026-09-04T22:40:00.105-03:00  INFO 12340 --- [ecommerce] [scheduling-1] c.d.e.service.SincronizacaoService       : Ciclo finalizado. Total de atualizações enviadas: 0
2026-09-04T22:41:00.000-03:00  INFO 12340 --- [ecommerce] [scheduling-1] c.d.e.service.SincronizacaoService       : Lendo VW_ECOMMERCE_PRECOS no banco de dados...
2026-09-04T22:41:00.717-03:00  INFO 12340 --- [ecommerce] [scheduling-1] c.d.e.service.SincronizacaoService       : Ciclo finalizado. Total de atualizações enviadas: 0
2026-09-04T22:41:00.718-03:00  INFO 12340 --- [ecommerce] [scheduling-1] c.d.e.s.SincronizacaoEstoqueService      : [ESTOQUE] Lendo VW_ECOMMERCE_ESTOQUE no banco de dados...
2026-09-04T22:41:00.812-03:00  INFO 12340 --- [ecommerce] [scheduling-1] c.d.e.s.SincronizacaoEstoqueService      : [ESTOQUE] Ciclo finalizado. Total de atualizações enviadas: 0
2026-09-04T22:42:00.000-03:00  INFO 12340 --- [ecommerce] [scheduling-1] c.d.e.s.SincronizacaoEstoqueService      : [ESTOQUE] Lendo VW_ECOMMERCE_ESTOQUE no banco de dados...
2026-09-04T22:42:00.062-03:00  INFO 12340 --- [ecommerce] [scheduling-1] c.d.e.s.SincronizacaoEstoqueService      : [ESTOQUE] Ciclo finalizado. Total de atualizações enviadas: 0
2026-09-04T22:42:00.063-03:00  INFO 12340 --- [ecommerce] [scheduling-1] c.d.e.service.SincronizacaoService       : Lendo VW_ECOMMERCE_PRECOS no banco de dados...
2026-09-04T22:42:00.347-03:00  INFO 12340 --- [ecommerce] [scheduling-1] c.d.e.service.SincronizacaoService       : Ciclo finalizado. Total de atualizações enviadas: 0
2026-09-04T22:43:00.000-03:00  INFO 12340 --- [ecommerce] [scheduling-1] c.d.e.service.SincronizacaoService       : Lendo VW_ECOMMERCE_PRECOS no banco de dados...
2026-09-04T22:43:00.266-03:00  INFO 12340 --- [ecommerce] [scheduling-1] c.d.e.service.SincronizacaoService       : Ciclo finalizado. Total de atualizações enviadas: 0
2026-09-04T22:43:00.267-03:00  INFO 12340 --- [ecommerce] [scheduling-1] c.d.e.s.SincronizacaoEstoqueService      : [ESTOQUE] Lendo VW_ECOMMERCE_ESTOQUE no banco de dados...
2026-09-04T22:43:00.326-03:00  INFO 12340 --- [ecommerce] [scheduling-1] c.d.e.s.SincronizacaoEstoqueService      : [ESTOQUE] Ciclo finalizado. Total de atualizações enviadas: 0
2026-09-04T22:44:00.000-03:00  INFO 12340 --- [ecommerce] [scheduling-1] c.d.e.s.SincronizacaoEstoqueService      : [ESTOQUE] Lendo VW_ECOMMERCE_ESTOQUE no banco de dados...
2026-09-04T22:44:00.102-03:00  INFO 12340 --- [ecommerce] [scheduling-1] c.d.e.s.SincronizacaoEstoqueService      : [ESTOQUE] Ciclo finalizado. Total de atualizações enviadas: 0
2026-09-04T22:44:00.102-03:00  INFO 12340 --- [ecommerce] [scheduling-1] c.d.e.service.SincronizacaoService       : Lendo VW_ECOMMERCE_PRECOS no banco de dados...
2026-09-04T22:44:00.232-03:00  INFO 12340 --- [ecommerce] [scheduling-1] c.d.e.service.SincronizacaoService       : Ciclo finalizado. Total de atualizações enviadas: 0
2026-09-04T22:45:00.001-03:00  INFO 12340 --- [ecommerce] [scheduling-1] c.d.e.s.SincronizacaoEstoqueService      : [ESTOQUE] Lendo VW_ECOMMERCE_ESTOQUE no banco de dados...
2026-09-04T22:45:00.075-03:00  INFO 12340 --- [ecommerce] [scheduling-1] c.d.e.s.SincronizacaoEstoqueService      : [ESTOQUE] Ciclo finalizado. Total de atualizações enviadas: 0
2026-09-04T22:45:00.075-03:00  INFO 12340 --- [ecommerce] [scheduling-1] c.d.e.service.SincronizacaoService       : Lendo VW_ECOMMERCE_PRECOS no banco de dados...
2026-09-04T22:45:00.212-03:00  INFO 12340 --- [ecommerce] [scheduling-1] c.d.e.service.SincronizacaoService       : Ciclo finalizado. Total de atualizações enviadas: 0
2026-09-04T22:46:00.000-03:00  INFO 12340 --- [ecommerce] [scheduling-1] c.d.e.service.SincronizacaoService       : Lendo VW_ECOMMERCE_PRECOS no banco de dados...
2026-09-04T22:46:00.052-03:00  INFO 12340 --- [ecommerce] [scheduling-1] c.d.e.service.SincronizacaoService       : Ciclo finalizado. Total de atualizações enviadas: 0
2026-09-04T22:46:00.053-03:00  INFO 12340 --- [ecommerce] [scheduling-1] c.d.e.s.SincronizacaoEstoqueService      : [ESTOQUE] Lendo VW_ECOMMERCE_ESTOQUE no banco de dados...
2026-09-04T22:46:00.085-03:00  INFO 12340 --- [ecommerce] [scheduling-1] c.d.e.s.SincronizacaoEstoqueService      : [ESTOQUE] Ciclo finalizado. Total de atualizações enviadas: 0
2026-09-04T22:47:00.000-03:00  INFO 12340 --- [ecommerce] [scheduling-1] c.d.e.s.SincronizacaoEstoqueService      : [ESTOQUE] Lendo VW_ECOMMERCE_ESTOQUE no banco de dados...
2026-09-04T22:47:00.139-03:00  INFO 12340 --- [ecommerce] [scheduling-1] c.d.e.s.SincronizacaoEstoqueService      : [ESTOQUE] Ciclo finalizado. Total de atualizações enviadas: 0
2026-09-04T22:47:00.139-03:00  INFO 12340 --- [ecommerce] [scheduling-1] c.d.e.service.SincronizacaoService       : Lendo VW_ECOMMERCE_PRECOS no banco de dados...
2026-09-04T22:47:00.435-03:00  INFO 12340 --- [ecommerce] [scheduling-1] c.d.e.service.SincronizacaoService       : Ciclo finalizado. Total de atualizações enviadas: 0
2026-09-04T22:48:00.000-03:00  INFO 12340 --- [ecommerce] [scheduling-1] c.d.e.service.SincronizacaoService       : Lendo VW_ECOMMERCE_PRECOS no banco de dados...
2026-09-04T22:48:00.167-03:00  INFO 12340 --- [ecommerce] [scheduling-1] c.d.e.service.SincronizacaoService       : Ciclo finalizado. Total de atualizações enviadas: 0
2026-09-04T22:48:00.168-03:00  INFO 12340 --- [ecommerce] [scheduling-1] c.d.e.s.SincronizacaoEstoqueService      : [ESTOQUE] Lendo VW_ECOMMERCE_ESTOQUE no banco de dados...
2026-09-04T22:48:00.193-03:00  INFO 12340 --- [ecommerce] [scheduling-1] c.d.e.s.SincronizacaoEstoqueService      : [ESTOQUE] Ciclo finalizado. Total de atualizações enviadas: 0
2026-09-04T22:49:00.000-03:00  INFO 12340 --- [ecommerce] [scheduling-1] c.d.e.s.SincronizacaoEstoqueService      : [ESTOQUE] Lendo VW_ECOMMERCE_ESTOQUE no banco de dados...
2026-09-04T22:49:00.127-03:00  INFO 12340 --- [ecommerce] [scheduling-1] c.d.e.s.SincronizacaoEstoqueService      : [ESTOQUE] Ciclo finalizado. Total de atualizações enviadas: 0
2026-09-04T22:49:00.127-03:00  INFO 12340 --- [ecommerce] [scheduling-1] c.d.e.service.SincronizacaoService       : Lendo VW_ECOMMERCE_PRECOS no banco de dados...
2026-09-04T22:49:00.298-03:00  INFO 12340 --- [ecommerce] [scheduling-1] c.d.e.service.SincronizacaoService       : Ciclo finalizado. Total de atualizações enviadas: 0
2026-09-04T22:50:00.000-03:00  INFO 12340 --- [ecommerce] [scheduling-1] c.d.e.s.SincronizacaoEstoqueService      : [ESTOQUE] Lendo VW_ECOMMERCE_ESTOQUE no banco de dados...
2026-09-04T22:50:00.075-03:00  INFO 12340 --- [ecommerce] [scheduling-1] c.d.e.s.SincronizacaoEstoqueService      : [ESTOQUE] Ciclo finalizado. Total de atualizações enviadas: 0
2026-09-04T22:50:00.075-03:00  INFO 12340 --- [ecommerce] [scheduling-1] c.d.e.service.SincronizacaoService       : Lendo VW_ECOMMERCE_PRECOS no banco de dados...
2026-09-04T22:50:00.247-03:00  INFO 12340 --- [ecommerce] [scheduling-1] c.d.e.service.SincronizacaoService       : Ciclo finalizado. Total de atualizações enviadas: 0
2026-09-04T22:51:00.000-03:00  INFO 12340 --- [ecommerce] [scheduling-1] c.d.e.s.SincronizacaoEstoqueService      : [ESTOQUE] Lendo VW_ECOMMERCE_ESTOQUE no banco de dados...
2026-09-04T22:51:00.063-03:00  INFO 12340 --- [ecommerce] [scheduling-1] c.d.e.s.SincronizacaoEstoqueService      : [ESTOQUE] Ciclo finalizado. Total de atualizações enviadas: 0
2026-09-04T22:51:00.063-03:00  INFO 12340 --- [ecommerce] [scheduling-1] c.d.e.service.SincronizacaoService       : Lendo VW_ECOMMERCE_PRECOS no banco de dados...
2026-09-04T22:51:00.251-03:00  INFO 12340 --- [ecommerce] [scheduling-1] c.d.e.service.SincronizacaoService       : Ciclo finalizado. Total de atualizações enviadas: 0
2026-09-04T22:52:00.000-03:00  INFO 12340 --- [ecommerce] [scheduling-1] c.d.e.service.SincronizacaoService       : Lendo VW_ECOMMERCE_PRECOS no banco de dados...
2026-09-04T22:52:00.056-03:00  INFO 12340 --- [ecommerce] [scheduling-1] c.d.e.service.SincronizacaoService       : Ciclo finalizado. Total de atualizações enviadas: 0
2026-09-04T22:52:00.056-03:00  INFO 12340 --- [ecommerce] [scheduling-1] c.d.e.s.SincronizacaoEstoqueService      : [ESTOQUE] Lendo VW_ECOMMERCE_ESTOQUE no banco de dados...
2026-09-04T22:52:00.088-03:00  INFO 12340 --- [ecommerce] [scheduling-1] c.d.e.s.SincronizacaoEstoqueService      : [ESTOQUE] Ciclo finalizado. Total de atualizações enviadas: 0
2026-09-04T22:53:00.000-03:00  INFO 12340 --- [ecommerce] [scheduling-1] c.d.e.service.SincronizacaoService       : Lendo VW_ECOMMERCE_PRECOS no banco de dados...
2026-09-04T22:53:00.079-03:00  INFO 12340 --- [ecommerce] [scheduling-1] c.d.e.service.SincronizacaoService       : Ciclo finalizado. Total de atualizações enviadas: 0
2026-09-04T22:53:00.079-03:00  INFO 12340 --- [ecommerce] [scheduling-1] c.d.e.s.SincronizacaoEstoqueService      : [ESTOQUE] Lendo VW_ECOMMERCE_ESTOQUE no banco de dados...
2026-09-04T22:53:00.112-03:00  INFO 12340 --- [ecommerce] [scheduling-1] c.d.e.s.SincronizacaoEstoqueService      : [ESTOQUE] Ciclo finalizado. Total de atualizações enviadas: 0
2026-09-04T22:54:00.000-03:00  INFO 12340 --- [ecommerce] [scheduling-1] c.d.e.s.SincronizacaoEstoqueService      : [ESTOQUE] Lendo VW_ECOMMERCE_ESTOQUE no banco de dados...
2026-09-04T22:54:00.103-03:00  INFO 12340 --- [ecommerce] [scheduling-1] c.d.e.s.SincronizacaoEstoqueService      : [ESTOQUE] Ciclo finalizado. Total de atualizações enviadas: 0
2026-09-04T22:54:00.103-03:00  INFO 12340 --- [ecommerce] [scheduling-1] c.d.e.service.SincronizacaoService       : Lendo VW_ECOMMERCE_PRECOS no banco de dados...
2026-09-04T22:54:00.210-03:00  INFO 12340 --- [ecommerce] [scheduling-1] c.d.e.service.SincronizacaoService       : Ciclo finalizado. Total de atualizações enviadas: 0
2026-09-04T22:55:00.001-03:00  INFO 12340 --- [ecommerce] [scheduling-1] c.d.e.service.SincronizacaoService       : Lendo VW_ECOMMERCE_PRECOS no banco de dados...
2026-09-04T22:55:00.358-03:00  INFO 12340 --- [ecommerce] [scheduling-1] c.d.e.service.SincronizacaoService       : Ciclo finalizado. Total de atualizações enviadas: 0
2026-09-04T22:55:00.358-03:00  INFO 12340 --- [ecommerce] [scheduling-1] c.d.e.s.SincronizacaoEstoqueService      : [ESTOQUE] Lendo VW_ECOMMERCE_ESTOQUE no banco de dados...
2026-09-04T22:55:00.395-03:00  INFO 12340 --- [ecommerce] [scheduling-1] c.d.e.s.SincronizacaoEstoqueService      : [ESTOQUE] Ciclo finalizado. Total de atualizações enviadas: 0
2026-09-04T22:56:00.000-03:00  INFO 12340 --- [ecommerce] [scheduling-1] c.d.e.service.SincronizacaoService       : Lendo VW_ECOMMERCE_PRECOS no banco de dados...
2026-09-04T22:56:00.109-03:00  INFO 12340 --- [ecommerce] [scheduling-1] c.d.e.service.SincronizacaoService       : Ciclo finalizado. Total de atualizações enviadas: 0
2026-09-04T22:56:00.110-03:00  INFO 12340 --- [ecommerce] [scheduling-1] c.d.e.s.SincronizacaoEstoqueService      : [ESTOQUE] Lendo VW_ECOMMERCE_ESTOQUE no banco de dados...
2026-09-04T22:56:00.128-03:00  INFO 12340 --- [ecommerce] [scheduling-1] c.d.e.s.SincronizacaoEstoqueService      : [ESTOQUE] Ciclo finalizado. Total de atualizações enviadas: 0
2026-09-04T22:57:00.000-03:00  INFO 12340 --- [ecommerce] [scheduling-1] c.d.e.s.SincronizacaoEstoqueService      : [ESTOQUE] Lendo VW_ECOMMERCE_ESTOQUE no banco de dados...
2026-09-04T22:57:00.089-03:00  INFO 12340 --- [ecommerce] [scheduling-1] c.d.e.s.SincronizacaoEstoqueService      : [ESTOQUE] Ciclo finalizado. Total de atualizações enviadas: 0
2026-09-04T22:57:00.089-03:00  INFO 12340 --- [ecommerce] [scheduling-1] c.d.e.service.SincronizacaoService       : Lendo VW_ECOMMERCE_PRECOS no banco de dados...
2026-09-04T22:57:00.215-03:00  INFO 12340 --- [ecommerce] [scheduling-1] c.d.e.service.SincronizacaoService       : Ciclo finalizado. Total de atualizações enviadas: 0
2026-09-04T22:58:00.001-03:00  INFO 12340 --- [ecommerce] [scheduling-1] c.d.e.service.SincronizacaoService       : Lendo VW_ECOMMERCE_PRECOS no banco de dados...
2026-09-04T22:58:00.054-03:00  INFO 12340 --- [ecommerce] [scheduling-1] c.d.e.service.SincronizacaoService       : Ciclo finalizado. Total de atualizações enviadas: 0
2026-09-04T22:58:00.054-03:00  INFO 12340 --- [ecommerce] [scheduling-1] c.d.e.s.SincronizacaoEstoqueService      : [ESTOQUE] Lendo VW_ECOMMERCE_ESTOQUE no banco de dados...
2026-09-04T22:58:00.093-03:00  INFO 12340 --- [ecommerce] [scheduling-1] c.d.e.s.SincronizacaoEstoqueService      : [ESTOQUE] Ciclo finalizado. Total de atualizações enviadas: 0
2026-09-04T22:59:00.000-03:00  INFO 12340 --- [ecommerce] [scheduling-1] c.d.e.s.SincronizacaoEstoqueService      : [ESTOQUE] Lendo VW_ECOMMERCE_ESTOQUE no banco de dados...
2026-09-04T22:59:00.086-03:00  INFO 12340 --- [ecommerce] [scheduling-1] c.d.e.s.SincronizacaoEstoqueService      : [ESTOQUE] Ciclo finalizado. Total de atualizações enviadas: 0
2026-09-04T22:59:00.087-03:00  INFO 12340 --- [ecommerce] [scheduling-1] c.d.e.service.SincronizacaoService       : Lendo VW_ECOMMERCE_PRECOS no banco de dados...
2026-09-04T22:59:00.157-03:00  INFO 12340 --- [ecommerce] [scheduling-1] c.d.e.service.SincronizacaoService       : Ciclo finalizado. Total de atualizações enviadas: 0
2026-09-04T23:00:00.001-03:00  INFO 12340 --- [ecommerce] [scheduling-1] c.d.e.s.SincronizacaoEstoqueService      : [ESTOQUE] Lendo VW_ECOMMERCE_ESTOQUE no banco de dados...
2026-09-04T23:00:00.051-03:00  INFO 12340 --- [ecommerce] [scheduling-1] c.d.e.s.SincronizacaoEstoqueService      : [ESTOQUE] Ciclo finalizado. Total de atualizações enviadas: 0
2026-09-04T23:00:00.051-03:00  INFO 12340 --- [ecommerce] [scheduling-1] c.d.e.service.SincronizacaoService       : Lendo VW_ECOMMERCE_PRECOS no banco de dados...
2026-09-04T23:00:00.107-03:00  INFO 12340 --- [ecommerce] [scheduling-1] c.d.e.service.SincronizacaoService       : Ciclo finalizado. Total de atualizações enviadas: 0
2026-09-04T23:01:00.001-03:00  INFO 12340 --- [ecommerce] [scheduling-1] c.d.e.s.SincronizacaoEstoqueService      : [ESTOQUE] Lendo VW_ECOMMERCE_ESTOQUE no banco de dados...
2026-09-04T23:01:00.213-03:00  INFO 12340 --- [ecommerce] [scheduling-1] c.d.e.s.SincronizacaoEstoqueService      : [ESTOQUE] Ciclo finalizado. Total de atualizações enviadas: 0
2026-09-04T23:01:00.213-03:00  INFO 12340 --- [ecommerce] [scheduling-1] c.d.e.service.SincronizacaoService       : Lendo VW_ECOMMERCE_PRECOS no banco de dados...
2026-09-04T23:01:01.038-03:00  INFO 12340 --- [ecommerce] [scheduling-1] c.d.e.service.SincronizacaoService       : Ciclo finalizado. Total de atualizações enviadas: 0
2026-09-04T23:02:00.001-03:00  INFO 12340 --- [ecommerce] [scheduling-1] c.d.e.service.SincronizacaoService       : Lendo VW_ECOMMERCE_PRECOS no banco de dados...
2026-09-04T23:02:00.250-03:00  INFO 12340 --- [ecommerce] [scheduling-1] c.d.e.service.SincronizacaoService       : Ciclo finalizado. Total de atualizações enviadas: 0
2026-09-04T23:02:00.250-03:00  INFO 12340 --- [ecommerce] [scheduling-1] c.d.e.s.SincronizacaoEstoqueService      : [ESTOQUE] Lendo VW_ECOMMERCE_ESTOQUE no banco de dados...
2026-09-04T23:02:00.323-03:00  INFO 12340 --- [ecommerce] [scheduling-1] c.d.e.s.SincronizacaoEstoqueService      : [ESTOQUE] Ciclo finalizado. Total de atualizações enviadas: 0
2026-09-04T23:03:00.001-03:00  INFO 12340 --- [ecommerce] [scheduling-1] c.d.e.service.SincronizacaoService       : Lendo VW_ECOMMERCE_PRECOS no banco de dados...
2026-09-04T23:03:00.208-03:00  INFO 12340 --- [ecommerce] [scheduling-1] c.d.e.service.SincronizacaoService       : Ciclo finalizado. Total de atualizações enviadas: 0
2026-09-04T23:03:00.208-03:00  INFO 12340 --- [ecommerce] [scheduling-1] c.d.e.s.SincronizacaoEstoqueService      : [ESTOQUE] Lendo VW_ECOMMERCE_ESTOQUE no banco de dados...
2026-09-04T23:03:00.261-03:00  INFO 12340 --- [ecommerce] [scheduling-1] c.d.e.s.SincronizacaoEstoqueService      : [ESTOQUE] Ciclo finalizado. Total de atualizações enviadas: 0
2026-09-04T23:04:00.000-03:00  INFO 12340 --- [ecommerce] [scheduling-1] c.d.e.s.SincronizacaoEstoqueService      : [ESTOQUE] Lendo VW_ECOMMERCE_ESTOQUE no banco de dados...
2026-09-04T23:04:00.056-03:00  INFO 12340 --- [ecommerce] [scheduling-1] c.d.e.s.SincronizacaoEstoqueService      : [ESTOQUE] Ciclo finalizado. Total de atualizações enviadas: 0
2026-09-04T23:04:00.056-03:00  INFO 12340 --- [ecommerce] [scheduling-1] c.d.e.service.SincronizacaoService       : Lendo VW_ECOMMERCE_PRECOS no banco de dados...
2026-09-04T23:04:00.281-03:00  INFO 12340 --- [ecommerce] [scheduling-1] c.d.e.service.SincronizacaoService       : Ciclo finalizado. Total de atualizações enviadas: 0
2026-09-04T23:05:00.000-03:00  INFO 12340 --- [ecommerce] [scheduling-1] c.d.e.s.SincronizacaoEstoqueService      : [ESTOQUE] Lendo VW_ECOMMERCE_ESTOQUE no banco de dados...
2026-09-04T23:05:00.140-03:00  INFO 12340 --- [ecommerce] [scheduling-1] c.d.e.s.SincronizacaoEstoqueService      : [ESTOQUE] Ciclo finalizado. Total de atualizações enviadas: 0
2026-09-04T23:05:00.140-03:00  INFO 12340 --- [ecommerce] [scheduling-1] c.d.e.service.SincronizacaoService       : Lendo VW_ECOMMERCE_PRECOS no banco de dados...
2026-09-04T23:05:00.492-03:00  INFO 12340 --- [ecommerce] [scheduling-1] c.d.e.service.SincronizacaoService       : Ciclo finalizado. Total de atualizações enviadas: 0
2026-09-04T23:06:00.000-03:00  INFO 12340 --- [ecommerce] [scheduling-1] c.d.e.service.SincronizacaoService       : Lendo VW_ECOMMERCE_PRECOS no banco de dados...
2026-09-04T23:06:00.228-03:00  INFO 12340 --- [ecommerce] [scheduling-1] c.d.e.service.SincronizacaoService       : Ciclo finalizado. Total de atualizações enviadas: 0
2026-09-04T23:06:00.230-03:00  INFO 12340 --- [ecommerce] [scheduling-1] c.d.e.s.SincronizacaoEstoqueService      : [ESTOQUE] Lendo VW_ECOMMERCE_ESTOQUE no banco de dados...
2026-09-04T23:06:00.269-03:00  INFO 12340 --- [ecommerce] [scheduling-1] c.d.e.s.SincronizacaoEstoqueService      : [ESTOQUE] Ciclo finalizado. Total de atualizações enviadas: 0
2026-09-04T23:06:59.999-03:00  INFO 12340 --- [ecommerce] [scheduling-1] c.d.e.service.SincronizacaoService       : Lendo VW_ECOMMERCE_PRECOS no banco de dados...
2026-09-04T23:07:00.371-03:00  INFO 12340 --- [ecommerce] [scheduling-1] c.d.e.service.SincronizacaoService       : Ciclo finalizado. Total de atualizações enviadas: 0
2026-09-04T23:07:00.372-03:00  INFO 12340 --- [ecommerce] [scheduling-1] c.d.e.s.SincronizacaoEstoqueService      : [ESTOQUE] Lendo VW_ECOMMERCE_ESTOQUE no banco de dados...
2026-09-04T23:07:00.415-03:00  INFO 12340 --- [ecommerce] [scheduling-1] c.d.e.s.SincronizacaoEstoqueService      : [ESTOQUE] Ciclo finalizado. Total de atualizações enviadas: 0
2026-09-04T23:08:00.001-03:00  INFO 12340 --- [ecommerce] [scheduling-1] c.d.e.s.SincronizacaoEstoqueService      : [ESTOQUE] Lendo VW_ECOMMERCE_ESTOQUE no banco de dados...
2026-09-04T23:08:00.100-03:00  INFO 12340 --- [ecommerce] [scheduling-1] c.d.e.s.SincronizacaoEstoqueService      : [ESTOQUE] Ciclo finalizado. Total de atualizações enviadas: 0
2026-09-04T23:08:00.101-03:00  INFO 12340 --- [ecommerce] [scheduling-1] c.d.e.service.SincronizacaoService       : Lendo VW_ECOMMERCE_PRECOS no banco de dados...
2026-09-04T23:08:00.407-03:00  INFO 12340 --- [ecommerce] [scheduling-1] c.d.e.service.SincronizacaoService       : Ciclo finalizado. Total de atualizações enviadas: 0
2026-09-04T23:09:00.001-03:00  INFO 12340 --- [ecommerce] [scheduling-1] c.d.e.s.SincronizacaoEstoqueService      : [ESTOQUE] Lendo VW_ECOMMERCE_ESTOQUE no banco de dados...
2026-09-04T23:09:00.037-03:00  INFO 12340 --- [ecommerce] [scheduling-1] c.d.e.s.SincronizacaoEstoqueService      : [ESTOQUE] Ciclo finalizado. Total de atualizações enviadas: 0
2026-09-04T23:09:00.037-03:00  INFO 12340 --- [ecommerce] [scheduling-1] c.d.e.service.SincronizacaoService       : Lendo VW_ECOMMERCE_PRECOS no banco de dados...
2026-09-04T23:09:00.144-03:00  INFO 12340 --- [ecommerce] [scheduling-1] c.d.e.service.SincronizacaoService       : Ciclo finalizado. Total de atualizações enviadas: 0
2026-09-04T23:10:00.000-03:00  INFO 12340 --- [ecommerce] [scheduling-1] c.d.e.service.SincronizacaoService       : Lendo VW_ECOMMERCE_PRECOS no banco de dados...
2026-09-04T23:10:00.455-03:00  INFO 12340 --- [ecommerce] [scheduling-1] c.d.e.service.SincronizacaoService       : Ciclo finalizado. Total de atualizações enviadas: 0
2026-09-04T23:10:00.456-03:00  INFO 12340 --- [ecommerce] [scheduling-1] c.d.e.s.SincronizacaoEstoqueService      : [ESTOQUE] Lendo VW_ECOMMERCE_ESTOQUE no banco de dados...
2026-09-04T23:10:00.499-03:00  INFO 12340 --- [ecommerce] [scheduling-1] c.d.e.s.SincronizacaoEstoqueService      : [ESTOQUE] Ciclo finalizado. Total de atualizações enviadas: 0
2026-09-04T23:11:00.000-03:00  INFO 12340 --- [ecommerce] [scheduling-1] c.d.e.s.SincronizacaoEstoqueService      : [ESTOQUE] Lendo VW_ECOMMERCE_ESTOQUE no banco de dados...
2026-09-04T23:11:00.036-03:00  INFO 12340 --- [ecommerce] [scheduling-1] c.d.e.s.SincronizacaoEstoqueService      : [ESTOQUE] Ciclo finalizado. Total de atualizações enviadas: 0
2026-09-04T23:11:00.037-03:00  INFO 12340 --- [ecommerce] [scheduling-1] c.d.e.service.SincronizacaoService       : Lendo VW_ECOMMERCE_PRECOS no banco de dados...
2026-09-04T23:11:00.378-03:00  INFO 12340 --- [ecommerce] [scheduling-1] c.d.e.service.SincronizacaoService       : Ciclo finalizado. Total de atualizações enviadas: 0
2026-09-04T23:11:59.999-03:00  INFO 12340 --- [ecommerce] [scheduling-1] c.d.e.s.SincronizacaoEstoqueService      : [ESTOQUE] Lendo VW_ECOMMERCE_ESTOQUE no banco de dados...
2026-09-04T23:12:00.097-03:00  INFO 12340 --- [ecommerce] [scheduling-1] c.d.e.s.SincronizacaoEstoqueService      : [ESTOQUE] Ciclo finalizado. Total de atualizações enviadas: 0
2026-09-04T23:12:00.098-03:00  INFO 12340 --- [ecommerce] [scheduling-1] c.d.e.service.SincronizacaoService       : Lendo VW_ECOMMERCE_PRECOS no banco de dados...
2026-09-04T23:12:00.219-03:00  INFO 12340 --- [ecommerce] [scheduling-1] c.d.e.service.SincronizacaoService       : Ciclo finalizado. Total de atualizações enviadas: 0
2026-09-04T23:13:00.000-03:00  INFO 12340 --- [ecommerce] [scheduling-1] c.d.e.service.SincronizacaoService       : Lendo VW_ECOMMERCE_PRECOS no banco de dados...
2026-09-04T23:13:00.631-03:00  INFO 12340 --- [ecommerce] [scheduling-1] c.d.e.service.SincronizacaoService       : Ciclo finalizado. Total de atualizações enviadas: 0
2026-09-04T23:13:00.631-03:00  INFO 12340 --- [ecommerce] [scheduling-1] c.d.e.s.SincronizacaoEstoqueService      : [ESTOQUE] Lendo VW_ECOMMERCE_ESTOQUE no banco de dados...
2026-09-04T23:13:00.694-03:00  INFO 12340 --- [ecommerce] [scheduling-1] c.d.e.s.SincronizacaoEstoqueService      : [ESTOQUE] Ciclo finalizado. Total de atualizações enviadas: 0
2026-09-04T23:14:00.001-03:00  INFO 12340 --- [ecommerce] [scheduling-1] c.d.e.s.SincronizacaoEstoqueService      : [ESTOQUE] Lendo VW_ECOMMERCE_ESTOQUE no banco de dados...
2026-09-04T23:14:00.110-03:00  INFO 12340 --- [ecommerce] [scheduling-1] c.d.e.s.SincronizacaoEstoqueService      : [ESTOQUE] Ciclo finalizado. Total de atualizações enviadas: 0
2026-09-04T23:14:00.110-03:00  INFO 12340 --- [ecommerce] [scheduling-1] c.d.e.service.SincronizacaoService       : Lendo VW_ECOMMERCE_PRECOS no banco de dados...
2026-09-04T23:14:00.513-03:00  INFO 12340 --- [ecommerce] [scheduling-1] c.d.e.service.SincronizacaoService       : Ciclo finalizado. Total de atualizações enviadas: 0
2026-09-04T23:14:59.999-03:00  INFO 12340 --- [ecommerce] [scheduling-1] c.d.e.service.SincronizacaoService       : Lendo VW_ECOMMERCE_PRECOS no banco de dados...
2026-09-04T23:15:00.080-03:00  INFO 12340 --- [ecommerce] [scheduling-1] c.d.e.service.SincronizacaoService       : Ciclo finalizado. Total de atualizações enviadas: 0
2026-09-04T23:15:00.080-03:00  INFO 12340 --- [ecommerce] [scheduling-1] c.d.e.s.SincronizacaoEstoqueService      : [ESTOQUE] Lendo VW_ECOMMERCE_ESTOQUE no banco de dados...
2026-09-04T23:15:00.113-03:00  INFO 12340 --- [ecommerce] [scheduling-1] c.d.e.s.SincronizacaoEstoqueService      : [ESTOQUE] Ciclo finalizado. Total de atualizações enviadas: 0
2026-09-04T23:16:00.001-03:00  INFO 12340 --- [ecommerce] [scheduling-1] c.d.e.service.SincronizacaoService       : Lendo VW_ECOMMERCE_PRECOS no banco de dados...
2026-09-04T23:16:00.069-03:00  INFO 12340 --- [ecommerce] [scheduling-1] c.d.e.service.SincronizacaoService       : Ciclo finalizado. Total de atualizações enviadas: 0
2026-09-04T23:16:00.070-03:00  INFO 12340 --- [ecommerce] [scheduling-1] c.d.e.s.SincronizacaoEstoqueService      : [ESTOQUE] Lendo VW_ECOMMERCE_ESTOQUE no banco de dados...
2026-09-04T23:16:00.101-03:00  INFO 12340 --- [ecommerce] [scheduling-1] c.d.e.s.SincronizacaoEstoqueService      : [ESTOQUE] Ciclo finalizado. Total de atualizações enviadas: 0
2026-09-04T23:16:59.999-03:00  INFO 12340 --- [ecommerce] [scheduling-1] c.d.e.s.SincronizacaoEstoqueService      : [ESTOQUE] Lendo VW_ECOMMERCE_ESTOQUE no banco de dados...
2026-09-04T23:17:00.136-03:00  INFO 12340 --- [ecommerce] [scheduling-1] c.d.e.s.SincronizacaoEstoqueService      : [ESTOQUE] Ciclo finalizado. Total de atualizações enviadas: 0
2026-09-04T23:17:00.138-03:00  INFO 12340 --- [ecommerce] [scheduling-1] c.d.e.service.SincronizacaoService       : Lendo VW_ECOMMERCE_PRECOS no banco de dados...
2026-09-04T23:17:00.381-03:00  INFO 12340 --- [ecommerce] [scheduling-1] c.d.e.service.SincronizacaoService       : Ciclo finalizado. Total de atualizações enviadas: 0
2026-09-04T23:18:00.000-03:00  INFO 12340 --- [ecommerce] [scheduling-1] c.d.e.s.SincronizacaoEstoqueService      : [ESTOQUE] Lendo VW_ECOMMERCE_ESTOQUE no banco de dados...
2026-09-04T23:18:00.049-03:00  INFO 12340 --- [ecommerce] [scheduling-1] c.d.e.s.SincronizacaoEstoqueService      : [ESTOQUE] Ciclo finalizado. Total de atualizações enviadas: 0
2026-09-04T23:18:00.049-03:00  INFO 12340 --- [ecommerce] [scheduling-1] c.d.e.service.SincronizacaoService       : Lendo VW_ECOMMERCE_PRECOS no banco de dados...
2026-09-04T23:18:00.098-03:00  INFO 12340 --- [ecommerce] [scheduling-1] c.d.e.service.SincronizacaoService       : Ciclo finalizado. Total de atualizações enviadas: 0
2026-09-04T23:19:00.000-03:00  INFO 12340 --- [ecommerce] [scheduling-1] c.d.e.s.SincronizacaoEstoqueService      : [ESTOQUE] Lendo VW_ECOMMERCE_ESTOQUE no banco de dados...
2026-09-04T23:19:00.063-03:00  INFO 12340 --- [ecommerce] [scheduling-1] c.d.e.s.SincronizacaoEstoqueService      : [ESTOQUE] Ciclo finalizado. Total de atualizações enviadas: 0
2026-09-04T23:19:00.063-03:00  INFO 12340 --- [ecommerce] [scheduling-1] c.d.e.service.SincronizacaoService       : Lendo VW_ECOMMERCE_PRECOS no banco de dados...
2026-09-04T23:19:00.419-03:00  INFO 12340 --- [ecommerce] [scheduling-1] c.d.e.service.SincronizacaoService       : Ciclo finalizado. Total de atualizações enviadas: 0
2026-09-04T23:20:00.000-03:00  INFO 12340 --- [ecommerce] [scheduling-1] c.d.e.service.SincronizacaoService       : Lendo VW_ECOMMERCE_PRECOS no banco de dados...
2026-09-04T23:20:00.200-03:00  INFO 12340 --- [ecommerce] [scheduling-1] c.d.e.service.SincronizacaoService       : Ciclo finalizado. Total de atualizações enviadas: 0
2026-09-04T23:20:00.200-03:00  INFO 12340 --- [ecommerce] [scheduling-1] c.d.e.s.SincronizacaoEstoqueService      : [ESTOQUE] Lendo VW_ECOMMERCE_ESTOQUE no banco de dados...
2026-09-04T23:20:00.254-03:00  INFO 12340 --- [ecommerce] [scheduling-1] c.d.e.s.SincronizacaoEstoqueService      : [ESTOQUE] Ciclo finalizado. Total de atualizações enviadas: 0
2026-09-04T23:21:00.000-03:00  INFO 12340 --- [ecommerce] [scheduling-1] c.d.e.service.SincronizacaoService       : Lendo VW_ECOMMERCE_PRECOS no banco de dados...
2026-09-04T23:21:00.051-03:00  INFO 12340 --- [ecommerce] [scheduling-1] c.d.e.service.SincronizacaoService       : Ciclo finalizado. Total de atualizações enviadas: 0
2026-09-04T23:21:00.051-03:00  INFO 12340 --- [ecommerce] [scheduling-1] c.d.e.s.SincronizacaoEstoqueService      : [ESTOQUE] Lendo VW_ECOMMERCE_ESTOQUE no banco de dados...
2026-09-04T23:21:00.083-03:00  INFO 12340 --- [ecommerce] [scheduling-1] c.d.e.s.SincronizacaoEstoqueService      : [ESTOQUE] Ciclo finalizado. Total de atualizações enviadas: 0
2026-09-04T23:22:00.000-03:00  INFO 12340 --- [ecommerce] [scheduling-1] c.d.e.s.SincronizacaoEstoqueService      : [ESTOQUE] Lendo VW_ECOMMERCE_ESTOQUE no banco de dados...
2026-09-04T23:22:00.119-03:00  INFO 12340 --- [ecommerce] [scheduling-1] c.d.e.s.SincronizacaoEstoqueService      : [ESTOQUE] Ciclo finalizado. Total de atualizações enviadas: 0
2026-09-04T23:22:00.119-03:00  INFO 12340 --- [ecommerce] [scheduling-1] c.d.e.service.SincronizacaoService       : Lendo VW_ECOMMERCE_PRECOS no banco de dados...
2026-09-04T23:22:00.429-03:00  INFO 12340 --- [ecommerce] [scheduling-1] c.d.e.service.SincronizacaoService       : Ciclo finalizado. Total de atualizações enviadas: 0
2026-09-04T23:23:00.000-03:00  INFO 12340 --- [ecommerce] [scheduling-1] c.d.e.service.SincronizacaoService       : Lendo VW_ECOMMERCE_PRECOS no banco de dados...
2026-09-04T23:23:00.119-03:00  INFO 12340 --- [ecommerce] [scheduling-1] c.d.e.service.SincronizacaoService       : Ciclo finalizado. Total de atualizações enviadas: 0
2026-09-04T23:23:00.121-03:00  INFO 12340 --- [ecommerce] [scheduling-1] c.d.e.s.SincronizacaoEstoqueService      : [ESTOQUE] Lendo VW_ECOMMERCE_ESTOQUE no banco de dados...
2026-09-04T23:23:00.139-03:00  INFO 12340 --- [ecommerce] [scheduling-1] c.d.e.s.SincronizacaoEstoqueService      : [ESTOQUE] Ciclo finalizado. Total de atualizações enviadas: 0
2026-09-04T23:23:59.999-03:00  INFO 12340 --- [ecommerce] [scheduling-1] c.d.e.service.SincronizacaoService       : Lendo VW_ECOMMERCE_PRECOS no banco de dados...
2026-09-04T23:24:00.098-03:00  INFO 12340 --- [ecommerce] [scheduling-1] c.d.e.service.SincronizacaoService       : Ciclo finalizado. Total de atualizações enviadas: 0
2026-09-04T23:24:00.098-03:00  INFO 12340 --- [ecommerce] [scheduling-1] c.d.e.s.SincronizacaoEstoqueService      : [ESTOQUE] Lendo VW_ECOMMERCE_ESTOQUE no banco de dados...
2026-09-04T23:24:00.128-03:00  INFO 12340 --- [ecommerce] [scheduling-1] c.d.e.s.SincronizacaoEstoqueService      : [ESTOQUE] Ciclo finalizado. Total de atualizações enviadas: 0
2026-09-04T23:25:00.000-03:00  INFO 12340 --- [ecommerce] [scheduling-1] c.d.e.s.SincronizacaoEstoqueService      : [ESTOQUE] Lendo VW_ECOMMERCE_ESTOQUE no banco de dados...
2026-09-04T23:25:00.054-03:00  INFO 12340 --- [ecommerce] [scheduling-1] c.d.e.s.SincronizacaoEstoqueService      : [ESTOQUE] Ciclo finalizado. Total de atualizações enviadas: 0
2026-09-04T23:25:00.055-03:00  INFO 12340 --- [ecommerce] [scheduling-1] c.d.e.service.SincronizacaoService       : Lendo VW_ECOMMERCE_PRECOS no banco de dados...
2026-09-04T23:25:00.230-03:00  INFO 12340 --- [ecommerce] [scheduling-1] c.d.e.service.SincronizacaoService       : Ciclo finalizado. Total de atualizações enviadas: 0
2026-09-04T23:26:00.000-03:00  INFO 12340 --- [ecommerce] [scheduling-1] c.d.e.s.SincronizacaoEstoqueService      : [ESTOQUE] Lendo VW_ECOMMERCE_ESTOQUE no banco de dados...
2026-09-04T23:26:00.051-03:00  INFO 12340 --- [ecommerce] [scheduling-1] c.d.e.s.SincronizacaoEstoqueService      : [ESTOQUE] Ciclo finalizado. Total de atualizações enviadas: 0
2026-09-04T23:26:00.051-03:00  INFO 12340 --- [ecommerce] [scheduling-1] c.d.e.service.SincronizacaoService       : Lendo VW_ECOMMERCE_PRECOS no banco de dados...
2026-09-04T23:26:00.107-03:00  INFO 12340 --- [ecommerce] [scheduling-1] c.d.e.service.SincronizacaoService       : Ciclo finalizado. Total de atualizações enviadas: 0
2026-09-04T23:26:59.999-03:00  INFO 12340 --- [ecommerce] [scheduling-1] c.d.e.s.SincronizacaoEstoqueService      : [ESTOQUE] Lendo VW_ECOMMERCE_ESTOQUE no banco de dados...
2026-09-04T23:27:00.049-03:00  INFO 12340 --- [ecommerce] [scheduling-1] c.d.e.s.SincronizacaoEstoqueService      : [ESTOQUE] Ciclo finalizado. Total de atualizações enviadas: 0
2026-09-04T23:27:00.049-03:00  INFO 12340 --- [ecommerce] [scheduling-1] c.d.e.service.SincronizacaoService       : Lendo VW_ECOMMERCE_PRECOS no banco de dados...
2026-09-04T23:27:00.296-03:00  INFO 12340 --- [ecommerce] [scheduling-1] c.d.e.service.SincronizacaoService       : Ciclo finalizado. Total de atualizações enviadas: 0
2026-09-04T23:28:00.001-03:00  INFO 12340 --- [ecommerce] [scheduling-1] c.d.e.s.SincronizacaoEstoqueService      : [ESTOQUE] Lendo VW_ECOMMERCE_ESTOQUE no banco de dados...
2026-09-04T23:28:00.038-03:00  INFO 12340 --- [ecommerce] [scheduling-1] c.d.e.s.SincronizacaoEstoqueService      : [ESTOQUE] Ciclo finalizado. Total de atualizações enviadas: 0
2026-09-04T23:28:00.038-03:00  INFO 12340 --- [ecommerce] [scheduling-1] c.d.e.service.SincronizacaoService       : Lendo VW_ECOMMERCE_PRECOS no banco de dados...
2026-09-04T23:28:00.085-03:00  INFO 12340 --- [ecommerce] [scheduling-1] c.d.e.service.SincronizacaoService       : Ciclo finalizado. Total de atualizações enviadas: 0
2026-09-04T23:29:00.000-03:00  INFO 12340 --- [ecommerce] [scheduling-1] c.d.e.service.SincronizacaoService       : Lendo VW_ECOMMERCE_PRECOS no banco de dados...
2026-09-04T23:29:00.165-03:00  INFO 12340 --- [ecommerce] [scheduling-1] c.d.e.service.SincronizacaoService       : Ciclo finalizado. Total de atualizações enviadas: 0
2026-09-04T23:29:00.166-03:00  INFO 12340 --- [ecommerce] [scheduling-1] c.d.e.s.SincronizacaoEstoqueService      : [ESTOQUE] Lendo VW_ECOMMERCE_ESTOQUE no banco de dados...
2026-09-04T23:29:00.189-03:00  INFO 12340 --- [ecommerce] [scheduling-1] c.d.e.s.SincronizacaoEstoqueService      : [ESTOQUE] Ciclo finalizado. Total de atualizações enviadas: 0
2026-09-04T23:30:00.000-03:00  INFO 12340 --- [ecommerce] [scheduling-1] c.d.e.s.SincronizacaoEstoqueService      : [ESTOQUE] Lendo VW_ECOMMERCE_ESTOQUE no banco de dados...
2026-09-04T23:30:00.029-03:00  INFO 12340 --- [ecommerce] [scheduling-1] c.d.e.s.SincronizacaoEstoqueService      : [ESTOQUE] Ciclo finalizado. Total de atualizações enviadas: 0
2026-09-04T23:30:00.029-03:00  INFO 12340 --- [ecommerce] [scheduling-1] c.d.e.service.SincronizacaoService       : Lendo VW_ECOMMERCE_PRECOS no banco de dados...
2026-09-04T23:30:00.077-03:00  INFO 12340 --- [ecommerce] [scheduling-1] c.d.e.service.SincronizacaoService       : Ciclo finalizado. Total de atualizações enviadas: 0
2026-09-04T23:31:00.000-03:00  INFO 12340 --- [ecommerce] [scheduling-1] c.d.e.service.SincronizacaoService       : Lendo VW_ECOMMERCE_PRECOS no banco de dados...
2026-09-04T23:31:00.080-03:00  INFO 12340 --- [ecommerce] [scheduling-1] c.d.e.service.SincronizacaoService       : Ciclo finalizado. Total de atualizações enviadas: 0
2026-09-04T23:31:00.080-03:00  INFO 12340 --- [ecommerce] [scheduling-1] c.d.e.s.SincronizacaoEstoqueService      : [ESTOQUE] Lendo VW_ECOMMERCE_ESTOQUE no banco de dados...
2026-09-04T23:31:00.114-03:00  INFO 12340 --- [ecommerce] [scheduling-1] c.d.e.s.SincronizacaoEstoqueService      : [ESTOQUE] Ciclo finalizado. Total de atualizações enviadas: 0
2026-09-04T23:32:00.002-03:00  INFO 12340 --- [ecommerce] [scheduling-1] c.d.e.s.SincronizacaoEstoqueService      : [ESTOQUE] Lendo VW_ECOMMERCE_ESTOQUE no banco de dados...
2026-09-04T23:32:00.041-03:00  INFO 12340 --- [ecommerce] [scheduling-1] c.d.e.s.SincronizacaoEstoqueService      : [ESTOQUE] Ciclo finalizado. Total de atualizações enviadas: 0
2026-09-04T23:32:00.042-03:00  INFO 12340 --- [ecommerce] [scheduling-1] c.d.e.service.SincronizacaoService       : Lendo VW_ECOMMERCE_PRECOS no banco de dados...
2026-09-04T23:32:00.093-03:00  INFO 12340 --- [ecommerce] [scheduling-1] c.d.e.service.SincronizacaoService       : Ciclo finalizado. Total de atualizações enviadas: 0
2026-09-04T23:33:00.000-03:00  INFO 12340 --- [ecommerce] [scheduling-1] c.d.e.s.SincronizacaoEstoqueService      : [ESTOQUE] Lendo VW_ECOMMERCE_ESTOQUE no banco de dados...
2026-09-04T23:33:00.043-03:00  INFO 12340 --- [ecommerce] [scheduling-1] c.d.e.s.SincronizacaoEstoqueService      : [ESTOQUE] Ciclo finalizado. Total de atualizações enviadas: 0
2026-09-04T23:33:00.043-03:00  INFO 12340 --- [ecommerce] [scheduling-1] c.d.e.service.SincronizacaoService       : Lendo VW_ECOMMERCE_PRECOS no banco de dados...
2026-09-04T23:33:00.099-03:00  INFO 12340 --- [ecommerce] [scheduling-1] c.d.e.service.SincronizacaoService       : Ciclo finalizado. Total de atualizações enviadas: 0
2026-09-04T23:34:00.001-03:00  INFO 12340 --- [ecommerce] [scheduling-1] c.d.e.service.SincronizacaoService       : Lendo VW_ECOMMERCE_PRECOS no banco de dados...
2026-09-04T23:34:00.091-03:00  INFO 12340 --- [ecommerce] [scheduling-1] c.d.e.service.SincronizacaoService       : Ciclo finalizado. Total de atualizações enviadas: 0
2026-09-04T23:34:00.091-03:00  INFO 12340 --- [ecommerce] [scheduling-1] c.d.e.s.SincronizacaoEstoqueService      : [ESTOQUE] Lendo VW_ECOMMERCE_ESTOQUE no banco de dados...
2026-09-04T23:34:00.120-03:00  INFO 12340 --- [ecommerce] [scheduling-1] c.d.e.s.SincronizacaoEstoqueService      : [ESTOQUE] Ciclo finalizado. Total de atualizações enviadas: 0
2026-09-04T23:35:00.000-03:00  INFO 12340 --- [ecommerce] [scheduling-1] c.d.e.service.SincronizacaoService       : Lendo VW_ECOMMERCE_PRECOS no banco de dados...
2026-09-04T23:35:00.173-03:00  INFO 12340 --- [ecommerce] [scheduling-1] c.d.e.service.SincronizacaoService       : Ciclo finalizado. Total de atualizações enviadas: 0
2026-09-04T23:35:00.174-03:00  INFO 12340 --- [ecommerce] [scheduling-1] c.d.e.s.SincronizacaoEstoqueService      : [ESTOQUE] Lendo VW_ECOMMERCE_ESTOQUE no banco de dados...
2026-09-04T23:35:00.195-03:00  INFO 12340 --- [ecommerce] [scheduling-1] c.d.e.s.SincronizacaoEstoqueService      : [ESTOQUE] Ciclo finalizado. Total de atualizações enviadas: 0
2026-09-04T23:36:00.000-03:00  INFO 12340 --- [ecommerce] [scheduling-1] c.d.e.service.SincronizacaoService       : Lendo VW_ECOMMERCE_PRECOS no banco de dados...
2026-09-04T23:36:00.067-03:00  INFO 12340 --- [ecommerce] [scheduling-1] c.d.e.service.SincronizacaoService       : Ciclo finalizado. Total de atualizações enviadas: 0
2026-09-04T23:36:00.068-03:00  INFO 12340 --- [ecommerce] [scheduling-1] c.d.e.s.SincronizacaoEstoqueService      : [ESTOQUE] Lendo VW_ECOMMERCE_ESTOQUE no banco de dados...
2026-09-04T23:36:00.099-03:00  INFO 12340 --- [ecommerce] [scheduling-1] c.d.e.s.SincronizacaoEstoqueService      : [ESTOQUE] Ciclo finalizado. Total de atualizações enviadas: 0
2026-09-04T23:37:00.000-03:00  INFO 12340 --- [ecommerce] [scheduling-1] c.d.e.service.SincronizacaoService       : Lendo VW_ECOMMERCE_PRECOS no banco de dados...
2026-09-04T23:37:00.691-03:00  INFO 12340 --- [ecommerce] [scheduling-1] c.d.e.service.SincronizacaoService       : Ciclo finalizado. Total de atualizações enviadas: 0
2026-09-04T23:37:00.691-03:00  INFO 12340 --- [ecommerce] [scheduling-1] c.d.e.s.SincronizacaoEstoqueService      : [ESTOQUE] Lendo VW_ECOMMERCE_ESTOQUE no banco de dados...
2026-09-04T23:37:00.865-03:00  INFO 12340 --- [ecommerce] [scheduling-1] c.d.e.s.SincronizacaoEstoqueService      : [ESTOQUE] Ciclo finalizado. Total de atualizações enviadas: 0
2026-09-04T23:38:00.001-03:00  INFO 12340 --- [ecommerce] [scheduling-1] c.d.e.s.SincronizacaoEstoqueService      : [ESTOQUE] Lendo VW_ECOMMERCE_ESTOQUE no banco de dados...
2026-09-04T23:38:00.098-03:00  INFO 12340 --- [ecommerce] [scheduling-1] c.d.e.s.SincronizacaoEstoqueService      : [ESTOQUE] Ciclo finalizado. Total de atualizações enviadas: 0
2026-09-04T23:38:00.098-03:00  INFO 12340 --- [ecommerce] [scheduling-1] c.d.e.service.SincronizacaoService       : Lendo VW_ECOMMERCE_PRECOS no banco de dados...
2026-09-04T23:38:00.151-03:00  INFO 12340 --- [ecommerce] [scheduling-1] c.d.e.service.SincronizacaoService       : Ciclo finalizado. Total de atualizações enviadas: 0
2026-09-04T23:39:00.001-03:00  INFO 12340 --- [ecommerce] [scheduling-1] c.d.e.service.SincronizacaoService       : Lendo VW_ECOMMERCE_PRECOS no banco de dados...
2026-09-04T23:39:00.074-03:00  INFO 12340 --- [ecommerce] [scheduling-1] c.d.e.service.SincronizacaoService       : Ciclo finalizado. Total de atualizações enviadas: 0
2026-09-04T23:39:00.074-03:00  INFO 12340 --- [ecommerce] [scheduling-1] c.d.e.s.SincronizacaoEstoqueService      : [ESTOQUE] Lendo VW_ECOMMERCE_ESTOQUE no banco de dados...
2026-09-04T23:39:00.103-03:00  INFO 12340 --- [ecommerce] [scheduling-1] c.d.e.s.SincronizacaoEstoqueService      : [ESTOQUE] Ciclo finalizado. Total de atualizações enviadas: 0
2026-09-04T23:40:00.000-03:00  INFO 12340 --- [ecommerce] [scheduling-1] c.d.e.service.SincronizacaoService       : Lendo VW_ECOMMERCE_PRECOS no banco de dados...
2026-09-04T23:40:00.106-03:00  INFO 12340 --- [ecommerce] [scheduling-1] c.d.e.service.SincronizacaoService       : Ciclo finalizado. Total de atualizações enviadas: 0
2026-09-04T23:40:00.106-03:00  INFO 12340 --- [ecommerce] [scheduling-1] c.d.e.s.SincronizacaoEstoqueService      : [ESTOQUE] Lendo VW_ECOMMERCE_ESTOQUE no banco de dados...
2026-09-04T23:40:00.126-03:00  INFO 12340 --- [ecommerce] [scheduling-1] c.d.e.s.SincronizacaoEstoqueService      : [ESTOQUE] Ciclo finalizado. Total de atualizações enviadas: 0
2026-09-04T23:41:00.000-03:00  INFO 12340 --- [ecommerce] [scheduling-1] c.d.e.s.SincronizacaoEstoqueService      : [ESTOQUE] Lendo VW_ECOMMERCE_ESTOQUE no banco de dados...
2026-09-04T23:41:00.059-03:00  INFO 12340 --- [ecommerce] [scheduling-1] c.d.e.s.SincronizacaoEstoqueService      : [ESTOQUE] Ciclo finalizado. Total de atualizações enviadas: 0
2026-09-04T23:41:00.060-03:00  INFO 12340 --- [ecommerce] [scheduling-1] c.d.e.service.SincronizacaoService       : Lendo VW_ECOMMERCE_PRECOS no banco de dados...
2026-09-04T23:41:00.253-03:00  INFO 12340 --- [ecommerce] [scheduling-1] c.d.e.service.SincronizacaoService       : Ciclo finalizado. Total de atualizações enviadas: 0
2026-09-04T23:42:00.001-03:00  INFO 12340 --- [ecommerce] [scheduling-1] c.d.e.s.SincronizacaoEstoqueService      : [ESTOQUE] Lendo VW_ECOMMERCE_ESTOQUE no banco de dados...
2026-09-04T23:42:00.104-03:00  INFO 12340 --- [ecommerce] [scheduling-1] c.d.e.s.SincronizacaoEstoqueService      : [ESTOQUE] Ciclo finalizado. Total de atualizações enviadas: 0
2026-09-04T23:42:00.105-03:00  INFO 12340 --- [ecommerce] [scheduling-1] c.d.e.service.SincronizacaoService       : Lendo VW_ECOMMERCE_PRECOS no banco de dados...
2026-09-04T23:42:00.162-03:00  INFO 12340 --- [ecommerce] [scheduling-1] c.d.e.service.SincronizacaoService       : Ciclo finalizado. Total de atualizações enviadas: 0
2026-09-04T23:42:59.999-03:00  INFO 12340 --- [ecommerce] [scheduling-1] c.d.e.s.SincronizacaoEstoqueService      : [ESTOQUE] Lendo VW_ECOMMERCE_ESTOQUE no banco de dados...
2026-09-04T23:43:00.043-03:00  INFO 12340 --- [ecommerce] [scheduling-1] c.d.e.s.SincronizacaoEstoqueService      : [ESTOQUE] Ciclo finalizado. Total de atualizações enviadas: 0
2026-09-04T23:43:00.043-03:00  INFO 12340 --- [ecommerce] [scheduling-1] c.d.e.service.SincronizacaoService       : Lendo VW_ECOMMERCE_PRECOS no banco de dados...
2026-09-04T23:43:00.101-03:00  INFO 12340 --- [ecommerce] [scheduling-1] c.d.e.service.SincronizacaoService       : Ciclo finalizado. Total de atualizações enviadas: 0
2026-09-04T23:44:00.000-03:00  INFO 12340 --- [ecommerce] [scheduling-1] c.d.e.s.SincronizacaoEstoqueService      : [ESTOQUE] Lendo VW_ECOMMERCE_ESTOQUE no banco de dados...
2026-09-04T23:44:00.060-03:00  INFO 12340 --- [ecommerce] [scheduling-1] c.d.e.s.SincronizacaoEstoqueService      : [ESTOQUE] Ciclo finalizado. Total de atualizações enviadas: 0
2026-09-04T23:44:00.060-03:00  INFO 12340 --- [ecommerce] [scheduling-1] c.d.e.service.SincronizacaoService       : Lendo VW_ECOMMERCE_PRECOS no banco de dados...
2026-09-04T23:44:00.165-03:00  INFO 12340 --- [ecommerce] [scheduling-1] c.d.e.service.SincronizacaoService       : Ciclo finalizado. Total de atualizações enviadas: 0
2026-09-04T23:45:00.000-03:00  INFO 12340 --- [ecommerce] [scheduling-1] c.d.e.service.SincronizacaoService       : Lendo VW_ECOMMERCE_PRECOS no banco de dados...
2026-09-04T23:45:00.102-03:00  INFO 12340 --- [ecommerce] [scheduling-1] c.d.e.service.SincronizacaoService       : Ciclo finalizado. Total de atualizações enviadas: 0
2026-09-04T23:45:00.103-03:00  INFO 12340 --- [ecommerce] [scheduling-1] c.d.e.s.SincronizacaoEstoqueService      : [ESTOQUE] Lendo VW_ECOMMERCE_ESTOQUE no banco de dados...
2026-09-04T23:45:00.128-03:00  INFO 12340 --- [ecommerce] [scheduling-1] c.d.e.s.SincronizacaoEstoqueService      : [ESTOQUE] Ciclo finalizado. Total de atualizações enviadas: 0
2026-09-04T23:45:59.999-03:00  INFO 12340 --- [ecommerce] [scheduling-1] c.d.e.service.SincronizacaoService       : Lendo VW_ECOMMERCE_PRECOS no banco de dados...
2026-09-04T23:46:00.637-03:00  INFO 12340 --- [ecommerce] [scheduling-1] c.d.e.service.SincronizacaoService       : Ciclo finalizado. Total de atualizações enviadas: 0
2026-09-04T23:46:00.638-03:00  INFO 12340 --- [ecommerce] [scheduling-1] c.d.e.s.SincronizacaoEstoqueService      : [ESTOQUE] Lendo VW_ECOMMERCE_ESTOQUE no banco de dados...
2026-09-04T23:46:00.747-03:00  INFO 12340 --- [ecommerce] [scheduling-1] c.d.e.s.SincronizacaoEstoqueService      : [ESTOQUE] Ciclo finalizado. Total de atualizações enviadas: 0
2026-09-04T23:47:00.001-03:00  INFO 12340 --- [ecommerce] [scheduling-1] c.d.e.service.SincronizacaoService       : Lendo VW_ECOMMERCE_PRECOS no banco de dados...
2026-09-04T23:47:00.053-03:00  INFO 12340 --- [ecommerce] [scheduling-1] c.d.e.service.SincronizacaoService       : Ciclo finalizado. Total de atualizações enviadas: 0
2026-09-04T23:47:00.053-03:00  INFO 12340 --- [ecommerce] [scheduling-1] c.d.e.s.SincronizacaoEstoqueService      : [ESTOQUE] Lendo VW_ECOMMERCE_ESTOQUE no banco de dados...
2026-09-04T23:47:00.085-03:00  INFO 12340 --- [ecommerce] [scheduling-1] c.d.e.s.SincronizacaoEstoqueService      : [ESTOQUE] Ciclo finalizado. Total de atualizações enviadas: 0
2026-09-04T23:48:00.001-03:00  INFO 12340 --- [ecommerce] [scheduling-1] c.d.e.service.SincronizacaoService       : Lendo VW_ECOMMERCE_PRECOS no banco de dados...
2026-09-04T23:48:00.100-03:00  INFO 12340 --- [ecommerce] [scheduling-1] c.d.e.service.SincronizacaoService       : Ciclo finalizado. Total de atualizações enviadas: 0
2026-09-04T23:48:00.100-03:00  INFO 12340 --- [ecommerce] [scheduling-1] c.d.e.s.SincronizacaoEstoqueService      : [ESTOQUE] Lendo VW_ECOMMERCE_ESTOQUE no banco de dados...
2026-09-04T23:48:00.127-03:00  INFO 12340 --- [ecommerce] [scheduling-1] c.d.e.s.SincronizacaoEstoqueService      : [ESTOQUE] Ciclo finalizado. Total de atualizações enviadas: 0
2026-09-04T23:49:00.000-03:00  INFO 12340 --- [ecommerce] [scheduling-1] c.d.e.s.SincronizacaoEstoqueService      : [ESTOQUE] Lendo VW_ECOMMERCE_ESTOQUE no banco de dados...
2026-09-04T23:49:00.069-03:00  INFO 12340 --- [ecommerce] [scheduling-1] c.d.e.s.SincronizacaoEstoqueService      : [ESTOQUE] Ciclo finalizado. Total de atualizações enviadas: 0
2026-09-04T23:49:00.069-03:00  INFO 12340 --- [ecommerce] [scheduling-1] c.d.e.service.SincronizacaoService       : Lendo VW_ECOMMERCE_PRECOS no banco de dados...
2026-09-04T23:49:00.131-03:00  INFO 12340 --- [ecommerce] [scheduling-1] c.d.e.service.SincronizacaoService       : Ciclo finalizado. Total de atualizações enviadas: 0
2026-09-04T23:50:00.000-03:00  INFO 12340 --- [ecommerce] [scheduling-1] c.d.e.s.SincronizacaoEstoqueService      : [ESTOQUE] Lendo VW_ECOMMERCE_ESTOQUE no banco de dados...
2026-09-04T23:50:00.081-03:00  INFO 12340 --- [ecommerce] [scheduling-1] c.d.e.s.SincronizacaoEstoqueService      : [ESTOQUE] Ciclo finalizado. Total de atualizações enviadas: 0
2026-09-04T23:50:00.082-03:00  INFO 12340 --- [ecommerce] [scheduling-1] c.d.e.service.SincronizacaoService       : Lendo VW_ECOMMERCE_PRECOS no banco de dados...
2026-09-04T23:50:00.129-03:00  INFO 12340 --- [ecommerce] [scheduling-1] c.d.e.service.SincronizacaoService       : Ciclo finalizado. Total de atualizações enviadas: 0
2026-09-04T23:51:00.000-03:00  INFO 12340 --- [ecommerce] [scheduling-1] c.d.e.s.SincronizacaoEstoqueService      : [ESTOQUE] Lendo VW_ECOMMERCE_ESTOQUE no banco de dados...
2026-09-04T23:51:00.105-03:00  INFO 12340 --- [ecommerce] [scheduling-1] c.d.e.s.SincronizacaoEstoqueService      : [ESTOQUE] Ciclo finalizado. Total de atualizações enviadas: 0
2026-09-04T23:51:00.105-03:00  INFO 12340 --- [ecommerce] [scheduling-1] c.d.e.service.SincronizacaoService       : Lendo VW_ECOMMERCE_PRECOS no banco de dados...
2026-09-04T23:51:00.154-03:00  INFO 12340 --- [ecommerce] [scheduling-1] c.d.e.service.SincronizacaoService       : Ciclo finalizado. Total de atualizações enviadas: 0
2026-09-04T23:52:00.000-03:00  INFO 12340 --- [ecommerce] [scheduling-1] c.d.e.service.SincronizacaoService       : Lendo VW_ECOMMERCE_PRECOS no banco de dados...
2026-09-04T23:52:00.056-03:00  INFO 12340 --- [ecommerce] [scheduling-1] c.d.e.service.SincronizacaoService       : Ciclo finalizado. Total de atualizações enviadas: 0
2026-09-04T23:52:00.056-03:00  INFO 12340 --- [ecommerce] [scheduling-1] c.d.e.s.SincronizacaoEstoqueService      : [ESTOQUE] Lendo VW_ECOMMERCE_ESTOQUE no banco de dados...
2026-09-04T23:52:00.074-03:00  INFO 12340 --- [ecommerce] [scheduling-1] c.d.e.s.SincronizacaoEstoqueService      : [ESTOQUE] Ciclo finalizado. Total de atualizações enviadas: 0
2026-09-04T23:53:00.000-03:00  INFO 12340 --- [ecommerce] [scheduling-1] c.d.e.s.SincronizacaoEstoqueService      : [ESTOQUE] Lendo VW_ECOMMERCE_ESTOQUE no banco de dados...
2026-09-04T23:53:00.050-03:00  INFO 12340 --- [ecommerce] [scheduling-1] c.d.e.s.SincronizacaoEstoqueService      : [ESTOQUE] Ciclo finalizado. Total de atualizações enviadas: 0
2026-09-04T23:53:00.050-03:00  INFO 12340 --- [ecommerce] [scheduling-1] c.d.e.service.SincronizacaoService       : Lendo VW_ECOMMERCE_PRECOS no banco de dados...
2026-09-04T23:53:00.096-03:00  INFO 12340 --- [ecommerce] [scheduling-1] c.d.e.service.SincronizacaoService       : Ciclo finalizado. Total de atualizações enviadas: 0
2026-09-04T23:53:59.999-03:00  INFO 12340 --- [ecommerce] [scheduling-1] c.d.e.service.SincronizacaoService       : Lendo VW_ECOMMERCE_PRECOS no banco de dados...
2026-09-04T23:54:00.066-03:00  INFO 12340 --- [ecommerce] [scheduling-1] c.d.e.service.SincronizacaoService       : Ciclo finalizado. Total de atualizações enviadas: 0
2026-09-04T23:54:00.066-03:00  INFO 12340 --- [ecommerce] [scheduling-1] c.d.e.s.SincronizacaoEstoqueService      : [ESTOQUE] Lendo VW_ECOMMERCE_ESTOQUE no banco de dados...
2026-09-04T23:54:00.097-03:00  INFO 12340 --- [ecommerce] [scheduling-1] c.d.e.s.SincronizacaoEstoqueService      : [ESTOQUE] Ciclo finalizado. Total de atualizações enviadas: 0
2026-09-04T23:55:00.000-03:00  INFO 12340 --- [ecommerce] [scheduling-1] c.d.e.service.SincronizacaoService       : Lendo VW_ECOMMERCE_PRECOS no banco de dados...
2026-09-04T23:55:00.093-03:00  INFO 12340 --- [ecommerce] [scheduling-1] c.d.e.service.SincronizacaoService       : Ciclo finalizado. Total de atualizações enviadas: 0
2026-09-04T23:55:00.094-03:00  INFO 12340 --- [ecommerce] [scheduling-1] c.d.e.s.SincronizacaoEstoqueService      : [ESTOQUE] Lendo VW_ECOMMERCE_ESTOQUE no banco de dados...
2026-09-04T23:55:00.127-03:00  INFO 12340 --- [ecommerce] [scheduling-1] c.d.e.s.SincronizacaoEstoqueService      : [ESTOQUE] Ciclo finalizado. Total de atualizações enviadas: 0
2026-09-04T23:56:00.000-03:00  INFO 12340 --- [ecommerce] [scheduling-1] c.d.e.s.SincronizacaoEstoqueService      : [ESTOQUE] Lendo VW_ECOMMERCE_ESTOQUE no banco de dados...
2026-09-04T23:56:00.066-03:00  INFO 12340 --- [ecommerce] [scheduling-1] c.d.e.s.SincronizacaoEstoqueService      : [ESTOQUE] Ciclo finalizado. Total de atualizações enviadas: 0
2026-09-04T23:56:00.067-03:00  INFO 12340 --- [ecommerce] [scheduling-1] c.d.e.service.SincronizacaoService       : Lendo VW_ECOMMERCE_PRECOS no banco de dados...
2026-09-04T23:56:00.111-03:00  INFO 12340 --- [ecommerce] [scheduling-1] c.d.e.service.SincronizacaoService       : Ciclo finalizado. Total de atualizações enviadas: 0
2026-09-04T23:57:00.000-03:00  INFO 12340 --- [ecommerce] [scheduling-1] c.d.e.s.SincronizacaoEstoqueService      : [ESTOQUE] Lendo VW_ECOMMERCE_ESTOQUE no banco de dados...
2026-09-04T23:57:00.047-03:00  INFO 12340 --- [ecommerce] [scheduling-1] c.d.e.s.SincronizacaoEstoqueService      : [ESTOQUE] Ciclo finalizado. Total de atualizações enviadas: 0
2026-09-04T23:57:00.047-03:00  INFO 12340 --- [ecommerce] [scheduling-1] c.d.e.service.SincronizacaoService       : Lendo VW_ECOMMERCE_PRECOS no banco de dados...
2026-09-04T23:57:00.092-03:00  INFO 12340 --- [ecommerce] [scheduling-1] c.d.e.service.SincronizacaoService       : Ciclo finalizado. Total de atualizações enviadas: 0
2026-09-04T23:57:59.999-03:00  INFO 12340 --- [ecommerce] [scheduling-1] c.d.e.s.SincronizacaoEstoqueService      : [ESTOQUE] Lendo VW_ECOMMERCE_ESTOQUE no banco de dados...
2026-09-04T23:58:00.055-03:00  INFO 12340 --- [ecommerce] [scheduling-1] c.d.e.s.SincronizacaoEstoqueService      : [ESTOQUE] Ciclo finalizado. Total de atualizações enviadas: 0
2026-09-04T23:58:00.055-03:00  INFO 12340 --- [ecommerce] [scheduling-1] c.d.e.service.SincronizacaoService       : Lendo VW_ECOMMERCE_PRECOS no banco de dados...
2026-09-04T23:58:00.105-03:00  INFO 12340 --- [ecommerce] [scheduling-1] c.d.e.service.SincronizacaoService       : Ciclo finalizado. Total de atualizações enviadas: 0
2026-09-04T23:59:00.000-03:00  INFO 12340 --- [ecommerce] [scheduling-1] c.d.e.service.SincronizacaoService       : Lendo VW_ECOMMERCE_PRECOS no banco de dados...
2026-09-04T23:59:00.053-03:00  INFO 12340 --- [ecommerce] [scheduling-1] c.d.e.service.SincronizacaoService       : Ciclo finalizado. Total de atualizações enviadas: 0
2026-09-04T23:59:00.054-03:00  INFO 12340 --- [ecommerce] [scheduling-1] c.d.e.s.SincronizacaoEstoqueService      : [ESTOQUE] Lendo VW_ECOMMERCE_ESTOQUE no banco de dados...
2026-09-04T23:59:00.091-03:00  INFO 12340 --- [ecommerce] [scheduling-1] c.d.e.s.SincronizacaoEstoqueService      : [ESTOQUE] Ciclo finalizado. Total de atualizações enviadas: 0
