2026-09-06T00:00:00.083-03:00  INFO 12340 --- [ecommerce] [scheduling-1] c.d.e.service.SincronizacaoService       : Ciclo finalizado. Total de atualizações enviadas: 0
2026-09-06T00:00:00.088-03:00  INFO 12340 --- [ecommerce] [scheduling-1] c.d.e.s.SincronizacaoEstoqueService      : [ESTOQUE] Lendo VW_ECOMMERCE_ESTOQUE no banco de dados...
2026-09-06T00:00:00.122-03:00  INFO 12340 --- [ecommerce] [scheduling-1] c.d.e.s.SincronizacaoEstoqueService      : [ESTOQUE] Ciclo finalizado. Total de atualizações enviadas: 0
2026-09-06T00:00:59.999-03:00  INFO 12340 --- [ecommerce] [scheduling-1] c.d.e.s.SincronizacaoEstoqueService      : [ESTOQUE] Lendo VW_ECOMMERCE_ESTOQUE no banco de dados...
2026-09-06T00:01:00.077-03:00  INFO 12340 --- [ecommerce] [scheduling-1] c.d.e.s.SincronizacaoEstoqueService      : [ESTOQUE] Ciclo finalizado. Total de atualizações enviadas: 0
2026-09-06T00:01:00.077-03:00  INFO 12340 --- [ecommerce] [scheduling-1] c.d.e.service.SincronizacaoService       : Lendo VW_ECOMMERCE_PRECOS no banco de dados...
2026-09-06T00:01:00.124-03:00  INFO 12340 --- [ecommerce] [scheduling-1] c.d.e.service.SincronizacaoService       : Ciclo finalizado. Total de atualizações enviadas: 0
2026-09-06T00:02:00.000-03:00  INFO 12340 --- [ecommerce] [scheduling-1] c.d.e.s.SincronizacaoEstoqueService      : [ESTOQUE] Lendo VW_ECOMMERCE_ESTOQUE no banco de dados...
2026-09-06T00:02:00.101-03:00  INFO 12340 --- [ecommerce] [scheduling-1] c.d.e.s.SincronizacaoEstoqueService      : [ESTOQUE] Ciclo finalizado. Total de atualizações enviadas: 0
2026-09-06T00:02:00.101-03:00  INFO 12340 --- [ecommerce] [scheduling-1] c.d.e.service.SincronizacaoService       : Lendo VW_ECOMMERCE_PRECOS no banco de dados...
2026-09-06T00:02:00.147-03:00  INFO 12340 --- [ecommerce] [scheduling-1] c.d.e.service.SincronizacaoService       : Ciclo finalizado. Total de atualizações enviadas: 0
2026-09-06T00:03:00.000-03:00  INFO 12340 --- [ecommerce] [scheduling-1] c.d.e.service.SincronizacaoService       : Lendo VW_ECOMMERCE_PRECOS no banco de dados...
2026-09-06T00:03:00.075-03:00  INFO 12340 --- [ecommerce] [scheduling-1] c.d.e.service.SincronizacaoService       : Ciclo finalizado. Total de atualizações enviadas: 0
2026-09-06T00:03:00.075-03:00  INFO 12340 --- [ecommerce] [scheduling-1] c.d.e.s.SincronizacaoEstoqueService      : [ESTOQUE] Lendo VW_ECOMMERCE_ESTOQUE no banco de dados...
2026-09-06T00:03:00.103-03:00  INFO 12340 --- [ecommerce] [scheduling-1] c.d.e.s.SincronizacaoEstoqueService      : [ESTOQUE] Ciclo finalizado. Total de atualizações enviadas: 0
2026-09-06T00:03:59.999-03:00  INFO 12340 --- [ecommerce] [scheduling-1] c.d.e.s.SincronizacaoEstoqueService      : [ESTOQUE] Lendo VW_ECOMMERCE_ESTOQUE no banco de dados...
2026-09-06T00:04:00.098-03:00  INFO 12340 --- [ecommerce] [scheduling-1] c.d.e.s.SincronizacaoEstoqueService      : [ESTOQUE] Ciclo finalizado. Total de atualizações enviadas: 0
2026-09-06T00:04:00.098-03:00  INFO 12340 --- [ecommerce] [scheduling-1] c.d.e.service.SincronizacaoService       : Lendo VW_ECOMMERCE_PRECOS no banco de dados...
2026-09-06T00:04:00.294-03:00  INFO 12340 --- [ecommerce] [scheduling-1] c.d.e.service.SincronizacaoService       : Ciclo finalizado. Total de atualizações enviadas: 0
2026-09-06T00:05:00.000-03:00  INFO 12340 --- [ecommerce] [scheduling-1] c.d.e.service.SincronizacaoService       : Lendo VW_ECOMMERCE_PRECOS no banco de dados...
2026-09-06T00:05:00.055-03:00  INFO 12340 --- [ecommerce] [scheduling-1] c.d.e.service.SincronizacaoService       : Ciclo finalizado. Total de atualizações enviadas: 0
2026-09-06T00:05:00.056-03:00  INFO 12340 --- [ecommerce] [scheduling-1] c.d.e.s.SincronizacaoEstoqueService      : [ESTOQUE] Lendo VW_ECOMMERCE_ESTOQUE no banco de dados...
2026-09-06T00:05:00.088-03:00  INFO 12340 --- [ecommerce] [scheduling-1] c.d.e.s.SincronizacaoEstoqueService      : [ESTOQUE] Ciclo finalizado. Total de atualizações enviadas: 0
2026-09-06T00:05:59.999-03:00  INFO 12340 --- [ecommerce] [scheduling-1] c.d.e.service.SincronizacaoService       : Lendo VW_ECOMMERCE_PRECOS no banco de dados...
2026-09-06T00:06:00.058-03:00  INFO 12340 --- [ecommerce] [scheduling-1] c.d.e.service.SincronizacaoService       : Ciclo finalizado. Total de atualizações enviadas: 0
2026-09-06T00:06:00.060-03:00  INFO 12340 --- [ecommerce] [scheduling-1] c.d.e.s.SincronizacaoEstoqueService      : [ESTOQUE] Lendo VW_ECOMMERCE_ESTOQUE no banco de dados...
2026-09-06T00:06:00.096-03:00  INFO 12340 --- [ecommerce] [scheduling-1] c.d.e.s.SincronizacaoEstoqueService      : [ESTOQUE] Ciclo finalizado. Total de atualizações enviadas: 0
2026-09-06T00:06:59.999-03:00  INFO 12340 --- [ecommerce] [scheduling-1] c.d.e.service.SincronizacaoService       : Lendo VW_ECOMMERCE_PRECOS no banco de dados...
2026-09-06T00:07:00.060-03:00  INFO 12340 --- [ecommerce] [scheduling-1] c.d.e.service.SincronizacaoService       : Ciclo finalizado. Total de atualizações enviadas: 0
2026-09-06T00:07:00.060-03:00  INFO 12340 --- [ecommerce] [scheduling-1] c.d.e.s.SincronizacaoEstoqueService      : [ESTOQUE] Lendo VW_ECOMMERCE_ESTOQUE no banco de dados...
2026-09-06T00:07:00.087-03:00  INFO 12340 --- [ecommerce] [scheduling-1] c.d.e.s.SincronizacaoEstoqueService      : [ESTOQUE] Ciclo finalizado. Total de atualizações enviadas: 0
2026-09-06T00:08:00.000-03:00  INFO 12340 --- [ecommerce] [scheduling-1] c.d.e.service.SincronizacaoService       : Lendo VW_ECOMMERCE_PRECOS no banco de dados...
2026-09-06T00:08:00.097-03:00  INFO 12340 --- [ecommerce] [scheduling-1] c.d.e.service.SincronizacaoService       : Ciclo finalizado. Total de atualizações enviadas: 0
2026-09-06T00:08:00.097-03:00  INFO 12340 --- [ecommerce] [scheduling-1] c.d.e.s.SincronizacaoEstoqueService      : [ESTOQUE] Lendo VW_ECOMMERCE_ESTOQUE no banco de dados...
2026-09-06T00:08:00.122-03:00  INFO 12340 --- [ecommerce] [scheduling-1] c.d.e.s.SincronizacaoEstoqueService      : [ESTOQUE] Ciclo finalizado. Total de atualizações enviadas: 0
2026-09-06T00:09:00.001-03:00  INFO 12340 --- [ecommerce] [scheduling-1] c.d.e.service.SincronizacaoService       : Lendo VW_ECOMMERCE_PRECOS no banco de dados...
2026-09-06T00:09:00.053-03:00  INFO 12340 --- [ecommerce] [scheduling-1] c.d.e.service.SincronizacaoService       : Ciclo finalizado. Total de atualizações enviadas: 0
2026-09-06T00:09:00.054-03:00  INFO 12340 --- [ecommerce] [scheduling-1] c.d.e.s.SincronizacaoEstoqueService      : [ESTOQUE] Lendo VW_ECOMMERCE_ESTOQUE no banco de dados...
2026-09-06T00:09:00.084-03:00  INFO 12340 --- [ecommerce] [scheduling-1] c.d.e.s.SincronizacaoEstoqueService      : [ESTOQUE] Ciclo finalizado. Total de atualizações enviadas: 0
2026-09-06T00:10:00.001-03:00  INFO 12340 --- [ecommerce] [scheduling-1] c.d.e.service.SincronizacaoService       : Lendo VW_ECOMMERCE_PRECOS no banco de dados...
2026-09-06T00:10:00.101-03:00  INFO 12340 --- [ecommerce] [scheduling-1] c.d.e.service.SincronizacaoService       : Ciclo finalizado. Total de atualizações enviadas: 0
2026-09-06T00:10:00.101-03:00  INFO 12340 --- [ecommerce] [scheduling-1] c.d.e.s.SincronizacaoEstoqueService      : [ESTOQUE] Lendo VW_ECOMMERCE_ESTOQUE no banco de dados...
2026-09-06T00:10:00.132-03:00  INFO 12340 --- [ecommerce] [scheduling-1] c.d.e.s.SincronizacaoEstoqueService      : [ESTOQUE] Ciclo finalizado. Total de atualizações enviadas: 0
2026-09-06T00:11:00.001-03:00  INFO 12340 --- [ecommerce] [scheduling-1] c.d.e.service.SincronizacaoService       : Lendo VW_ECOMMERCE_PRECOS no banco de dados...
2026-09-06T00:11:00.097-03:00  INFO 12340 --- [ecommerce] [scheduling-1] c.d.e.service.SincronizacaoService       : Ciclo finalizado. Total de atualizações enviadas: 0
2026-09-06T00:11:00.097-03:00  INFO 12340 --- [ecommerce] [scheduling-1] c.d.e.s.SincronizacaoEstoqueService      : [ESTOQUE] Lendo VW_ECOMMERCE_ESTOQUE no banco de dados...
2026-09-06T00:11:00.128-03:00  INFO 12340 --- [ecommerce] [scheduling-1] c.d.e.s.SincronizacaoEstoqueService      : [ESTOQUE] Ciclo finalizado. Total de atualizações enviadas: 0
2026-09-06T00:12:00.000-03:00  INFO 12340 --- [ecommerce] [scheduling-1] c.d.e.service.SincronizacaoService       : Lendo VW_ECOMMERCE_PRECOS no banco de dados...
2026-09-06T00:12:00.056-03:00  INFO 12340 --- [ecommerce] [scheduling-1] c.d.e.service.SincronizacaoService       : Ciclo finalizado. Total de atualizações enviadas: 0
2026-09-06T00:12:00.056-03:00  INFO 12340 --- [ecommerce] [scheduling-1] c.d.e.s.SincronizacaoEstoqueService      : [ESTOQUE] Lendo VW_ECOMMERCE_ESTOQUE no banco de dados...
2026-09-06T00:12:00.088-03:00  INFO 12340 --- [ecommerce] [scheduling-1] c.d.e.s.SincronizacaoEstoqueService      : [ESTOQUE] Ciclo finalizado. Total de atualizações enviadas: 0
2026-09-06T00:13:00.000-03:00  INFO 12340 --- [ecommerce] [scheduling-1] c.d.e.s.SincronizacaoEstoqueService      : [ESTOQUE] Lendo VW_ECOMMERCE_ESTOQUE no banco de dados...
2026-09-06T00:13:00.084-03:00  INFO 12340 --- [ecommerce] [scheduling-1] c.d.e.s.SincronizacaoEstoqueService      : [ESTOQUE] Ciclo finalizado. Total de atualizações enviadas: 0
2026-09-06T00:13:00.084-03:00  INFO 12340 --- [ecommerce] [scheduling-1] c.d.e.service.SincronizacaoService       : Lendo VW_ECOMMERCE_PRECOS no banco de dados...
2026-09-06T00:13:00.128-03:00  INFO 12340 --- [ecommerce] [scheduling-1] c.d.e.service.SincronizacaoService       : Ciclo finalizado. Total de atualizações enviadas: 0
2026-09-06T00:14:00.000-03:00  INFO 12340 --- [ecommerce] [scheduling-1] c.d.e.service.SincronizacaoService       : Lendo VW_ECOMMERCE_PRECOS no banco de dados...
2026-09-06T00:14:00.054-03:00  INFO 12340 --- [ecommerce] [scheduling-1] c.d.e.service.SincronizacaoService       : Ciclo finalizado. Total de atualizações enviadas: 0
2026-09-06T00:14:00.055-03:00  INFO 12340 --- [ecommerce] [scheduling-1] c.d.e.s.SincronizacaoEstoqueService      : [ESTOQUE] Lendo VW_ECOMMERCE_ESTOQUE no banco de dados...
2026-09-06T00:14:00.088-03:00  INFO 12340 --- [ecommerce] [scheduling-1] c.d.e.s.SincronizacaoEstoqueService      : [ESTOQUE] Ciclo finalizado. Total de atualizações enviadas: 0
2026-09-06T00:15:00.000-03:00  INFO 12340 --- [ecommerce] [scheduling-1] c.d.e.service.SincronizacaoService       : Lendo VW_ECOMMERCE_PRECOS no banco de dados...
2026-09-06T00:15:00.184-03:00  INFO 12340 --- [ecommerce] [scheduling-1] c.d.e.service.SincronizacaoService       : Ciclo finalizado. Total de atualizações enviadas: 0
2026-09-06T00:15:00.184-03:00  INFO 12340 --- [ecommerce] [scheduling-1] c.d.e.s.SincronizacaoEstoqueService      : [ESTOQUE] Lendo VW_ECOMMERCE_ESTOQUE no banco de dados...
2026-09-06T00:15:00.225-03:00  INFO 12340 --- [ecommerce] [scheduling-1] c.d.e.s.SincronizacaoEstoqueService      : [ESTOQUE] Ciclo finalizado. Total de atualizações enviadas: 0
2026-09-06T00:16:00.000-03:00  INFO 12340 --- [ecommerce] [scheduling-1] c.d.e.s.SincronizacaoEstoqueService      : [ESTOQUE] Lendo VW_ECOMMERCE_ESTOQUE no banco de dados...
2026-09-06T00:16:00.059-03:00  INFO 12340 --- [ecommerce] [scheduling-1] c.d.e.s.SincronizacaoEstoqueService      : [ESTOQUE] Ciclo finalizado. Total de atualizações enviadas: 0
2026-09-06T00:16:00.060-03:00  INFO 12340 --- [ecommerce] [scheduling-1] c.d.e.service.SincronizacaoService       : Lendo VW_ECOMMERCE_PRECOS no banco de dados...
2026-09-06T00:16:00.114-03:00  INFO 12340 --- [ecommerce] [scheduling-1] c.d.e.service.SincronizacaoService       : Ciclo finalizado. Total de atualizações enviadas: 0
2026-09-06T00:17:00.000-03:00  INFO 12340 --- [ecommerce] [scheduling-1] c.d.e.service.SincronizacaoService       : Lendo VW_ECOMMERCE_PRECOS no banco de dados...
2026-09-06T00:17:00.097-03:00  INFO 12340 --- [ecommerce] [scheduling-1] c.d.e.service.SincronizacaoService       : Ciclo finalizado. Total de atualizações enviadas: 0
2026-09-06T00:17:00.098-03:00  INFO 12340 --- [ecommerce] [scheduling-1] c.d.e.s.SincronizacaoEstoqueService      : [ESTOQUE] Lendo VW_ECOMMERCE_ESTOQUE no banco de dados...
2026-09-06T00:17:00.122-03:00  INFO 12340 --- [ecommerce] [scheduling-1] c.d.e.s.SincronizacaoEstoqueService      : [ESTOQUE] Ciclo finalizado. Total de atualizações enviadas: 0
2026-09-06T00:17:59.999-03:00  INFO 12340 --- [ecommerce] [scheduling-1] c.d.e.service.SincronizacaoService       : Lendo VW_ECOMMERCE_PRECOS no banco de dados...
2026-09-06T00:18:00.056-03:00  INFO 12340 --- [ecommerce] [scheduling-1] c.d.e.service.SincronizacaoService       : Ciclo finalizado. Total de atualizações enviadas: 0
2026-09-06T00:18:00.057-03:00  INFO 12340 --- [ecommerce] [scheduling-1] c.d.e.s.SincronizacaoEstoqueService      : [ESTOQUE] Lendo VW_ECOMMERCE_ESTOQUE no banco de dados...
2026-09-06T00:18:00.088-03:00  INFO 12340 --- [ecommerce] [scheduling-1] c.d.e.s.SincronizacaoEstoqueService      : [ESTOQUE] Ciclo finalizado. Total de atualizações enviadas: 0
2026-09-06T00:19:00.000-03:00  INFO 12340 --- [ecommerce] [scheduling-1] c.d.e.service.SincronizacaoService       : Lendo VW_ECOMMERCE_PRECOS no banco de dados...
2026-09-06T00:19:00.087-03:00  INFO 12340 --- [ecommerce] [scheduling-1] c.d.e.service.SincronizacaoService       : Ciclo finalizado. Total de atualizações enviadas: 0
2026-09-06T00:19:00.087-03:00  INFO 12340 --- [ecommerce] [scheduling-1] c.d.e.s.SincronizacaoEstoqueService      : [ESTOQUE] Lendo VW_ECOMMERCE_ESTOQUE no banco de dados...
2026-09-06T00:19:00.117-03:00  INFO 12340 --- [ecommerce] [scheduling-1] c.d.e.s.SincronizacaoEstoqueService      : [ESTOQUE] Ciclo finalizado. Total de atualizações enviadas: 0
2026-09-06T00:20:00.001-03:00  INFO 12340 --- [ecommerce] [scheduling-1] c.d.e.s.SincronizacaoEstoqueService      : [ESTOQUE] Lendo VW_ECOMMERCE_ESTOQUE no banco de dados...
2026-09-06T00:20:00.030-03:00  INFO 12340 --- [ecommerce] [scheduling-1] c.d.e.s.SincronizacaoEstoqueService      : [ESTOQUE] Ciclo finalizado. Total de atualizações enviadas: 0
2026-09-06T00:20:00.030-03:00  INFO 12340 --- [ecommerce] [scheduling-1] c.d.e.service.SincronizacaoService       : Lendo VW_ECOMMERCE_PRECOS no banco de dados...
2026-09-06T00:20:00.077-03:00  INFO 12340 --- [ecommerce] [scheduling-1] c.d.e.service.SincronizacaoService       : Ciclo finalizado. Total de atualizações enviadas: 0
2026-09-06T00:21:00.001-03:00  INFO 12340 --- [ecommerce] [scheduling-1] c.d.e.service.SincronizacaoService       : Lendo VW_ECOMMERCE_PRECOS no banco de dados...
2026-09-06T00:21:00.056-03:00  INFO 12340 --- [ecommerce] [scheduling-1] c.d.e.service.SincronizacaoService       : Ciclo finalizado. Total de atualizações enviadas: 0
2026-09-06T00:21:00.056-03:00  INFO 12340 --- [ecommerce] [scheduling-1] c.d.e.s.SincronizacaoEstoqueService      : [ESTOQUE] Lendo VW_ECOMMERCE_ESTOQUE no banco de dados...
2026-09-06T00:21:00.079-03:00  INFO 12340 --- [ecommerce] [scheduling-1] c.d.e.s.SincronizacaoEstoqueService      : [ESTOQUE] Ciclo finalizado. Total de atualizações enviadas: 0
2026-09-06T00:22:00.000-03:00  INFO 12340 --- [ecommerce] [scheduling-1] c.d.e.s.SincronizacaoEstoqueService      : [ESTOQUE] Lendo VW_ECOMMERCE_ESTOQUE no banco de dados...
2026-09-06T00:22:00.072-03:00  INFO 12340 --- [ecommerce] [scheduling-1] c.d.e.s.SincronizacaoEstoqueService      : [ESTOQUE] Ciclo finalizado. Total de atualizações enviadas: 0
2026-09-06T00:22:00.072-03:00  INFO 12340 --- [ecommerce] [scheduling-1] c.d.e.service.SincronizacaoService       : Lendo VW_ECOMMERCE_PRECOS no banco de dados...
2026-09-06T00:22:00.124-03:00  INFO 12340 --- [ecommerce] [scheduling-1] c.d.e.service.SincronizacaoService       : Ciclo finalizado. Total de atualizações enviadas: 0
2026-09-06T00:23:00.001-03:00  INFO 12340 --- [ecommerce] [scheduling-1] c.d.e.service.SincronizacaoService       : Lendo VW_ECOMMERCE_PRECOS no banco de dados...
2026-09-06T00:23:00.137-03:00  INFO 12340 --- [ecommerce] [scheduling-1] c.d.e.service.SincronizacaoService       : Ciclo finalizado. Total de atualizações enviadas: 0
2026-09-06T00:23:00.137-03:00  INFO 12340 --- [ecommerce] [scheduling-1] c.d.e.s.SincronizacaoEstoqueService      : [ESTOQUE] Lendo VW_ECOMMERCE_ESTOQUE no banco de dados...
2026-09-06T00:23:00.166-03:00  INFO 12340 --- [ecommerce] [scheduling-1] c.d.e.s.SincronizacaoEstoqueService      : [ESTOQUE] Ciclo finalizado. Total de atualizações enviadas: 0
2026-09-06T00:24:00.000-03:00  INFO 12340 --- [ecommerce] [scheduling-1] c.d.e.s.SincronizacaoEstoqueService      : [ESTOQUE] Lendo VW_ECOMMERCE_ESTOQUE no banco de dados...
2026-09-06T00:24:00.098-03:00  INFO 12340 --- [ecommerce] [scheduling-1] c.d.e.s.SincronizacaoEstoqueService      : [ESTOQUE] Ciclo finalizado. Total de atualizações enviadas: 0
2026-09-06T00:24:00.098-03:00  INFO 12340 --- [ecommerce] [scheduling-1] c.d.e.service.SincronizacaoService       : Lendo VW_ECOMMERCE_PRECOS no banco de dados...
2026-09-06T00:24:00.146-03:00  INFO 12340 --- [ecommerce] [scheduling-1] c.d.e.service.SincronizacaoService       : Ciclo finalizado. Total de atualizações enviadas: 0
2026-09-06T00:25:00.000-03:00  INFO 12340 --- [ecommerce] [scheduling-1] c.d.e.s.SincronizacaoEstoqueService      : [ESTOQUE] Lendo VW_ECOMMERCE_ESTOQUE no banco de dados...
2026-09-06T00:25:00.049-03:00  INFO 12340 --- [ecommerce] [scheduling-1] c.d.e.s.SincronizacaoEstoqueService      : [ESTOQUE] Ciclo finalizado. Total de atualizações enviadas: 0
2026-09-06T00:25:00.050-03:00  INFO 12340 --- [ecommerce] [scheduling-1] c.d.e.service.SincronizacaoService       : Lendo VW_ECOMMERCE_PRECOS no banco de dados...
2026-09-06T00:25:00.099-03:00  INFO 12340 --- [ecommerce] [scheduling-1] c.d.e.service.SincronizacaoService       : Ciclo finalizado. Total de atualizações enviadas: 0
2026-09-06T00:26:00.000-03:00  INFO 12340 --- [ecommerce] [scheduling-1] c.d.e.s.SincronizacaoEstoqueService      : [ESTOQUE] Lendo VW_ECOMMERCE_ESTOQUE no banco de dados...
2026-09-06T00:26:00.083-03:00  INFO 12340 --- [ecommerce] [scheduling-1] c.d.e.s.SincronizacaoEstoqueService      : [ESTOQUE] Ciclo finalizado. Total de atualizações enviadas: 0
2026-09-06T00:26:00.083-03:00  INFO 12340 --- [ecommerce] [scheduling-1] c.d.e.service.SincronizacaoService       : Lendo VW_ECOMMERCE_PRECOS no banco de dados...
2026-09-06T00:26:00.135-03:00  INFO 12340 --- [ecommerce] [scheduling-1] c.d.e.service.SincronizacaoService       : Ciclo finalizado. Total de atualizações enviadas: 0
2026-09-06T00:27:00.001-03:00  INFO 12340 --- [ecommerce] [scheduling-1] c.d.e.s.SincronizacaoEstoqueService      : [ESTOQUE] Lendo VW_ECOMMERCE_ESTOQUE no banco de dados...
2026-09-06T00:27:00.044-03:00  INFO 12340 --- [ecommerce] [scheduling-1] c.d.e.s.SincronizacaoEstoqueService      : [ESTOQUE] Ciclo finalizado. Total de atualizações enviadas: 0
2026-09-06T00:27:00.044-03:00  INFO 12340 --- [ecommerce] [scheduling-1] c.d.e.service.SincronizacaoService       : Lendo VW_ECOMMERCE_PRECOS no banco de dados...
2026-09-06T00:27:00.093-03:00  INFO 12340 --- [ecommerce] [scheduling-1] c.d.e.service.SincronizacaoService       : Ciclo finalizado. Total de atualizações enviadas: 0
2026-09-06T00:28:00.000-03:00  INFO 12340 --- [ecommerce] [scheduling-1] c.d.e.service.SincronizacaoService       : Lendo VW_ECOMMERCE_PRECOS no banco de dados...
2026-09-06T00:28:00.057-03:00  INFO 12340 --- [ecommerce] [scheduling-1] c.d.e.service.SincronizacaoService       : Ciclo finalizado. Total de atualizações enviadas: 0
2026-09-06T00:28:00.057-03:00  INFO 12340 --- [ecommerce] [scheduling-1] c.d.e.s.SincronizacaoEstoqueService      : [ESTOQUE] Lendo VW_ECOMMERCE_ESTOQUE no banco de dados...
2026-09-06T00:28:00.078-03:00  INFO 12340 --- [ecommerce] [scheduling-1] c.d.e.s.SincronizacaoEstoqueService      : [ESTOQUE] Ciclo finalizado. Total de atualizações enviadas: 0
2026-09-06T00:29:00.000-03:00  INFO 12340 --- [ecommerce] [scheduling-1] c.d.e.s.SincronizacaoEstoqueService      : [ESTOQUE] Lendo VW_ECOMMERCE_ESTOQUE no banco de dados...
2026-09-06T00:29:00.047-03:00  INFO 12340 --- [ecommerce] [scheduling-1] c.d.e.s.SincronizacaoEstoqueService      : [ESTOQUE] Ciclo finalizado. Total de atualizações enviadas: 0
2026-09-06T00:29:00.048-03:00  INFO 12340 --- [ecommerce] [scheduling-1] c.d.e.service.SincronizacaoService       : Lendo VW_ECOMMERCE_PRECOS no banco de dados...
2026-09-06T00:29:00.095-03:00  INFO 12340 --- [ecommerce] [scheduling-1] c.d.e.service.SincronizacaoService       : Ciclo finalizado. Total de atualizações enviadas: 0
2026-09-06T00:29:59.999-03:00  INFO 12340 --- [ecommerce] [scheduling-1] c.d.e.s.SincronizacaoEstoqueService      : [ESTOQUE] Lendo VW_ECOMMERCE_ESTOQUE no banco de dados...
2026-09-06T00:30:00.049-03:00  INFO 12340 --- [ecommerce] [scheduling-1] c.d.e.s.SincronizacaoEstoqueService      : [ESTOQUE] Ciclo finalizado. Total de atualizações enviadas: 0
2026-09-06T00:30:00.049-03:00  INFO 12340 --- [ecommerce] [scheduling-1] c.d.e.service.SincronizacaoService       : Lendo VW_ECOMMERCE_PRECOS no banco de dados...
2026-09-06T00:30:00.111-03:00  INFO 12340 --- [ecommerce] [scheduling-1] c.d.e.service.SincronizacaoService       : Ciclo finalizado. Total de atualizações enviadas: 0
2026-09-06T00:31:00.000-03:00  INFO 12340 --- [ecommerce] [scheduling-1] c.d.e.s.SincronizacaoEstoqueService      : [ESTOQUE] Lendo VW_ECOMMERCE_ESTOQUE no banco de dados...
2026-09-06T00:31:00.033-03:00  INFO 12340 --- [ecommerce] [scheduling-1] c.d.e.s.SincronizacaoEstoqueService      : [ESTOQUE] Ciclo finalizado. Total de atualizações enviadas: 0
2026-09-06T00:31:00.034-03:00  INFO 12340 --- [ecommerce] [scheduling-1] c.d.e.service.SincronizacaoService       : Lendo VW_ECOMMERCE_PRECOS no banco de dados...
2026-09-06T00:31:00.082-03:00  INFO 12340 --- [ecommerce] [scheduling-1] c.d.e.service.SincronizacaoService       : Ciclo finalizado. Total de atualizações enviadas: 0
2026-09-06T00:32:00.001-03:00  INFO 12340 --- [ecommerce] [scheduling-1] c.d.e.s.SincronizacaoEstoqueService      : [ESTOQUE] Lendo VW_ECOMMERCE_ESTOQUE no banco de dados...
2026-09-06T00:32:00.082-03:00  INFO 12340 --- [ecommerce] [scheduling-1] c.d.e.s.SincronizacaoEstoqueService      : [ESTOQUE] Ciclo finalizado. Total de atualizações enviadas: 0
2026-09-06T00:32:00.082-03:00  INFO 12340 --- [ecommerce] [scheduling-1] c.d.e.service.SincronizacaoService       : Lendo VW_ECOMMERCE_PRECOS no banco de dados...
2026-09-06T00:32:00.133-03:00  INFO 12340 --- [ecommerce] [scheduling-1] c.d.e.service.SincronizacaoService       : Ciclo finalizado. Total de atualizações enviadas: 0
2026-09-06T00:32:59.999-03:00  INFO 12340 --- [ecommerce] [scheduling-1] c.d.e.service.SincronizacaoService       : Lendo VW_ECOMMERCE_PRECOS no banco de dados...
2026-09-06T00:33:00.075-03:00  INFO 12340 --- [ecommerce] [scheduling-1] c.d.e.service.SincronizacaoService       : Ciclo finalizado. Total de atualizações enviadas: 0
2026-09-06T00:33:00.075-03:00  INFO 12340 --- [ecommerce] [scheduling-1] c.d.e.s.SincronizacaoEstoqueService      : [ESTOQUE] Lendo VW_ECOMMERCE_ESTOQUE no banco de dados...
2026-09-06T00:33:00.106-03:00  INFO 12340 --- [ecommerce] [scheduling-1] c.d.e.s.SincronizacaoEstoqueService      : [ESTOQUE] Ciclo finalizado. Total de atualizações enviadas: 0
2026-09-06T00:33:59.999-03:00  INFO 12340 --- [ecommerce] [scheduling-1] c.d.e.service.SincronizacaoService       : Lendo VW_ECOMMERCE_PRECOS no banco de dados...
2026-09-06T00:34:00.057-03:00  INFO 12340 --- [ecommerce] [scheduling-1] c.d.e.service.SincronizacaoService       : Ciclo finalizado. Total de atualizações enviadas: 0
2026-09-06T00:34:00.057-03:00  INFO 12340 --- [ecommerce] [scheduling-1] c.d.e.s.SincronizacaoEstoqueService      : [ESTOQUE] Lendo VW_ECOMMERCE_ESTOQUE no banco de dados...
2026-09-06T00:34:00.080-03:00  INFO 12340 --- [ecommerce] [scheduling-1] c.d.e.s.SincronizacaoEstoqueService      : [ESTOQUE] Ciclo finalizado. Total de atualizações enviadas: 0
2026-09-06T00:34:59.999-03:00  INFO 12340 --- [ecommerce] [scheduling-1] c.d.e.service.SincronizacaoService       : Lendo VW_ECOMMERCE_PRECOS no banco de dados...
2026-09-06T00:35:00.115-03:00  INFO 12340 --- [ecommerce] [scheduling-1] c.d.e.service.SincronizacaoService       : Ciclo finalizado. Total de atualizações enviadas: 0
2026-09-06T00:35:00.115-03:00  INFO 12340 --- [ecommerce] [scheduling-1] c.d.e.s.SincronizacaoEstoqueService      : [ESTOQUE] Lendo VW_ECOMMERCE_ESTOQUE no banco de dados...
2026-09-06T00:35:00.138-03:00  INFO 12340 --- [ecommerce] [scheduling-1] c.d.e.s.SincronizacaoEstoqueService      : [ESTOQUE] Ciclo finalizado. Total de atualizações enviadas: 0
2026-09-06T00:36:00.000-03:00  INFO 12340 --- [ecommerce] [scheduling-1] c.d.e.service.SincronizacaoService       : Lendo VW_ECOMMERCE_PRECOS no banco de dados...
2026-09-06T00:36:00.117-03:00  INFO 12340 --- [ecommerce] [scheduling-1] c.d.e.service.SincronizacaoService       : Ciclo finalizado. Total de atualizações enviadas: 0
2026-09-06T00:36:00.117-03:00  INFO 12340 --- [ecommerce] [scheduling-1] c.d.e.s.SincronizacaoEstoqueService      : [ESTOQUE] Lendo VW_ECOMMERCE_ESTOQUE no banco de dados...
2026-09-06T00:36:00.146-03:00  INFO 12340 --- [ecommerce] [scheduling-1] c.d.e.s.SincronizacaoEstoqueService      : [ESTOQUE] Ciclo finalizado. Total de atualizações enviadas: 0
2026-09-06T00:37:00.000-03:00  INFO 12340 --- [ecommerce] [scheduling-1] c.d.e.service.SincronizacaoService       : Lendo VW_ECOMMERCE_PRECOS no banco de dados...
2026-09-06T00:37:00.058-03:00  INFO 12340 --- [ecommerce] [scheduling-1] c.d.e.service.SincronizacaoService       : Ciclo finalizado. Total de atualizações enviadas: 0
2026-09-06T00:37:00.058-03:00  INFO 12340 --- [ecommerce] [scheduling-1] c.d.e.s.SincronizacaoEstoqueService      : [ESTOQUE] Lendo VW_ECOMMERCE_ESTOQUE no banco de dados...
2026-09-06T00:37:00.083-03:00  INFO 12340 --- [ecommerce] [scheduling-1] c.d.e.s.SincronizacaoEstoqueService      : [ESTOQUE] Ciclo finalizado. Total de atualizações enviadas: 0
2026-09-06T00:38:00.001-03:00  INFO 12340 --- [ecommerce] [scheduling-1] c.d.e.s.SincronizacaoEstoqueService      : [ESTOQUE] Lendo VW_ECOMMERCE_ESTOQUE no banco de dados...
2026-09-06T00:38:00.090-03:00  INFO 12340 --- [ecommerce] [scheduling-1] c.d.e.s.SincronizacaoEstoqueService      : [ESTOQUE] Ciclo finalizado. Total de atualizações enviadas: 0
2026-09-06T00:38:00.090-03:00  INFO 12340 --- [ecommerce] [scheduling-1] c.d.e.service.SincronizacaoService       : Lendo VW_ECOMMERCE_PRECOS no banco de dados...
2026-09-06T00:38:00.138-03:00  INFO 12340 --- [ecommerce] [scheduling-1] c.d.e.service.SincronizacaoService       : Ciclo finalizado. Total de atualizações enviadas: 0
2026-09-06T00:39:00.000-03:00  INFO 12340 --- [ecommerce] [scheduling-1] c.d.e.s.SincronizacaoEstoqueService      : [ESTOQUE] Lendo VW_ECOMMERCE_ESTOQUE no banco de dados...
2026-09-06T00:39:00.075-03:00  INFO 12340 --- [ecommerce] [scheduling-1] c.d.e.s.SincronizacaoEstoqueService      : [ESTOQUE] Ciclo finalizado. Total de atualizações enviadas: 0
2026-09-06T00:39:00.076-03:00  INFO 12340 --- [ecommerce] [scheduling-1] c.d.e.service.SincronizacaoService       : Lendo VW_ECOMMERCE_PRECOS no banco de dados...
2026-09-06T00:39:00.121-03:00  INFO 12340 --- [ecommerce] [scheduling-1] c.d.e.service.SincronizacaoService       : Ciclo finalizado. Total de atualizações enviadas: 0
2026-09-06T00:40:00.000-03:00  INFO 12340 --- [ecommerce] [scheduling-1] c.d.e.s.SincronizacaoEstoqueService      : [ESTOQUE] Lendo VW_ECOMMERCE_ESTOQUE no banco de dados...
2026-09-06T00:40:00.027-03:00  INFO 12340 --- [ecommerce] [scheduling-1] c.d.e.s.SincronizacaoEstoqueService      : [ESTOQUE] Ciclo finalizado. Total de atualizações enviadas: 0
2026-09-06T00:40:00.027-03:00  INFO 12340 --- [ecommerce] [scheduling-1] c.d.e.service.SincronizacaoService       : Lendo VW_ECOMMERCE_PRECOS no banco de dados...
2026-09-06T00:40:00.079-03:00  INFO 12340 --- [ecommerce] [scheduling-1] c.d.e.service.SincronizacaoService       : Ciclo finalizado. Total de atualizações enviadas: 0
2026-09-06T00:41:00.001-03:00  INFO 12340 --- [ecommerce] [scheduling-1] c.d.e.service.SincronizacaoService       : Lendo VW_ECOMMERCE_PRECOS no banco de dados...
2026-09-06T00:41:00.086-03:00  INFO 12340 --- [ecommerce] [scheduling-1] c.d.e.service.SincronizacaoService       : Ciclo finalizado. Total de atualizações enviadas: 0
2026-09-06T00:41:00.086-03:00  INFO 12340 --- [ecommerce] [scheduling-1] c.d.e.s.SincronizacaoEstoqueService      : [ESTOQUE] Lendo VW_ECOMMERCE_ESTOQUE no banco de dados...
2026-09-06T00:41:00.123-03:00  INFO 12340 --- [ecommerce] [scheduling-1] c.d.e.s.SincronizacaoEstoqueService      : [ESTOQUE] Ciclo finalizado. Total de atualizações enviadas: 0
2026-09-06T00:42:00.001-03:00  INFO 12340 --- [ecommerce] [scheduling-1] c.d.e.service.SincronizacaoService       : Lendo VW_ECOMMERCE_PRECOS no banco de dados...
2026-09-06T00:42:00.059-03:00  INFO 12340 --- [ecommerce] [scheduling-1] c.d.e.service.SincronizacaoService       : Ciclo finalizado. Total de atualizações enviadas: 0
2026-09-06T00:42:00.060-03:00  INFO 12340 --- [ecommerce] [scheduling-1] c.d.e.s.SincronizacaoEstoqueService      : [ESTOQUE] Lendo VW_ECOMMERCE_ESTOQUE no banco de dados...
2026-09-06T00:42:00.093-03:00  INFO 12340 --- [ecommerce] [scheduling-1] c.d.e.s.SincronizacaoEstoqueService      : [ESTOQUE] Ciclo finalizado. Total de atualizações enviadas: 0
2026-09-06T00:42:59.999-03:00  INFO 12340 --- [ecommerce] [scheduling-1] c.d.e.service.SincronizacaoService       : Lendo VW_ECOMMERCE_PRECOS no banco de dados...
2026-09-06T00:43:00.095-03:00  INFO 12340 --- [ecommerce] [scheduling-1] c.d.e.service.SincronizacaoService       : Ciclo finalizado. Total de atualizações enviadas: 0
2026-09-06T00:43:00.095-03:00  INFO 12340 --- [ecommerce] [scheduling-1] c.d.e.s.SincronizacaoEstoqueService      : [ESTOQUE] Lendo VW_ECOMMERCE_ESTOQUE no banco de dados...
2026-09-06T00:43:00.119-03:00  INFO 12340 --- [ecommerce] [scheduling-1] c.d.e.s.SincronizacaoEstoqueService      : [ESTOQUE] Ciclo finalizado. Total de atualizações enviadas: 0
2026-09-06T00:44:00.000-03:00  INFO 12340 --- [ecommerce] [scheduling-1] c.d.e.service.SincronizacaoService       : Lendo VW_ECOMMERCE_PRECOS no banco de dados...
2026-09-06T00:44:00.094-03:00  INFO 12340 --- [ecommerce] [scheduling-1] c.d.e.service.SincronizacaoService       : Ciclo finalizado. Total de atualizações enviadas: 0
2026-09-06T00:44:00.095-03:00  INFO 12340 --- [ecommerce] [scheduling-1] c.d.e.s.SincronizacaoEstoqueService      : [ESTOQUE] Lendo VW_ECOMMERCE_ESTOQUE no banco de dados...
2026-09-06T00:44:00.126-03:00  INFO 12340 --- [ecommerce] [scheduling-1] c.d.e.s.SincronizacaoEstoqueService      : [ESTOQUE] Ciclo finalizado. Total de atualizações enviadas: 0
2026-09-06T00:45:00.000-03:00  INFO 12340 --- [ecommerce] [scheduling-1] c.d.e.service.SincronizacaoService       : Lendo VW_ECOMMERCE_PRECOS no banco de dados...
2026-09-06T00:45:00.081-03:00  INFO 12340 --- [ecommerce] [scheduling-1] c.d.e.service.SincronizacaoService       : Ciclo finalizado. Total de atualizações enviadas: 0
2026-09-06T00:45:00.082-03:00  INFO 12340 --- [ecommerce] [scheduling-1] c.d.e.s.SincronizacaoEstoqueService      : [ESTOQUE] Lendo VW_ECOMMERCE_ESTOQUE no banco de dados...
2026-09-06T00:45:00.110-03:00  INFO 12340 --- [ecommerce] [scheduling-1] c.d.e.s.SincronizacaoEstoqueService      : [ESTOQUE] Ciclo finalizado. Total de atualizações enviadas: 0
2026-09-06T00:45:59.999-03:00  INFO 12340 --- [ecommerce] [scheduling-1] c.d.e.service.SincronizacaoService       : Lendo VW_ECOMMERCE_PRECOS no banco de dados...
2026-09-06T00:46:00.079-03:00  INFO 12340 --- [ecommerce] [scheduling-1] c.d.e.service.SincronizacaoService       : Ciclo finalizado. Total de atualizações enviadas: 0
2026-09-06T00:46:00.079-03:00  INFO 12340 --- [ecommerce] [scheduling-1] c.d.e.s.SincronizacaoEstoqueService      : [ESTOQUE] Lendo VW_ECOMMERCE_ESTOQUE no banco de dados...
2026-09-06T00:46:00.112-03:00  INFO 12340 --- [ecommerce] [scheduling-1] c.d.e.s.SincronizacaoEstoqueService      : [ESTOQUE] Ciclo finalizado. Total de atualizações enviadas: 0
2026-09-06T00:47:00.001-03:00  INFO 12340 --- [ecommerce] [scheduling-1] c.d.e.service.SincronizacaoService       : Lendo VW_ECOMMERCE_PRECOS no banco de dados...
2026-09-06T00:47:00.078-03:00  INFO 12340 --- [ecommerce] [scheduling-1] c.d.e.service.SincronizacaoService       : Ciclo finalizado. Total de atualizações enviadas: 0
2026-09-06T00:47:00.078-03:00  INFO 12340 --- [ecommerce] [scheduling-1] c.d.e.s.SincronizacaoEstoqueService      : [ESTOQUE] Lendo VW_ECOMMERCE_ESTOQUE no banco de dados...
2026-09-06T00:47:00.109-03:00  INFO 12340 --- [ecommerce] [scheduling-1] c.d.e.s.SincronizacaoEstoqueService      : [ESTOQUE] Ciclo finalizado. Total de atualizações enviadas: 0
2026-09-06T00:48:00.000-03:00  INFO 12340 --- [ecommerce] [scheduling-1] c.d.e.s.SincronizacaoEstoqueService      : [ESTOQUE] Lendo VW_ECOMMERCE_ESTOQUE no banco de dados...
2026-09-06T00:48:00.040-03:00  INFO 12340 --- [ecommerce] [scheduling-1] c.d.e.s.SincronizacaoEstoqueService      : [ESTOQUE] Ciclo finalizado. Total de atualizações enviadas: 0
2026-09-06T00:48:00.040-03:00  INFO 12340 --- [ecommerce] [scheduling-1] c.d.e.service.SincronizacaoService       : Lendo VW_ECOMMERCE_PRECOS no banco de dados...
2026-09-06T00:48:00.088-03:00  INFO 12340 --- [ecommerce] [scheduling-1] c.d.e.service.SincronizacaoService       : Ciclo finalizado. Total de atualizações enviadas: 0
2026-09-06T00:49:00.000-03:00  INFO 12340 --- [ecommerce] [scheduling-1] c.d.e.service.SincronizacaoService       : Lendo VW_ECOMMERCE_PRECOS no banco de dados...
2026-09-06T00:49:00.101-03:00  INFO 12340 --- [ecommerce] [scheduling-1] c.d.e.service.SincronizacaoService       : Ciclo finalizado. Total de atualizações enviadas: 0
2026-09-06T00:49:00.101-03:00  INFO 12340 --- [ecommerce] [scheduling-1] c.d.e.s.SincronizacaoEstoqueService      : [ESTOQUE] Lendo VW_ECOMMERCE_ESTOQUE no banco de dados...
2026-09-06T00:49:00.128-03:00  INFO 12340 --- [ecommerce] [scheduling-1] c.d.e.s.SincronizacaoEstoqueService      : [ESTOQUE] Ciclo finalizado. Total de atualizações enviadas: 0
2026-09-06T00:50:00.000-03:00  INFO 12340 --- [ecommerce] [scheduling-1] c.d.e.s.SincronizacaoEstoqueService      : [ESTOQUE] Lendo VW_ECOMMERCE_ESTOQUE no banco de dados...
2026-09-06T00:50:00.098-03:00  INFO 12340 --- [ecommerce] [scheduling-1] c.d.e.s.SincronizacaoEstoqueService      : [ESTOQUE] Ciclo finalizado. Total de atualizações enviadas: 0
2026-09-06T00:50:00.098-03:00  INFO 12340 --- [ecommerce] [scheduling-1] c.d.e.service.SincronizacaoService       : Lendo VW_ECOMMERCE_PRECOS no banco de dados...
2026-09-06T00:50:00.151-03:00  INFO 12340 --- [ecommerce] [scheduling-1] c.d.e.service.SincronizacaoService       : Ciclo finalizado. Total de atualizações enviadas: 0
2026-09-06T00:51:00.000-03:00  INFO 12340 --- [ecommerce] [scheduling-1] c.d.e.s.SincronizacaoEstoqueService      : [ESTOQUE] Lendo VW_ECOMMERCE_ESTOQUE no banco de dados...
2026-09-06T00:51:00.050-03:00  INFO 12340 --- [ecommerce] [scheduling-1] c.d.e.s.SincronizacaoEstoqueService      : [ESTOQUE] Ciclo finalizado. Total de atualizações enviadas: 0
2026-09-06T00:51:00.051-03:00  INFO 12340 --- [ecommerce] [scheduling-1] c.d.e.service.SincronizacaoService       : Lendo VW_ECOMMERCE_PRECOS no banco de dados...
2026-09-06T00:51:00.100-03:00  INFO 12340 --- [ecommerce] [scheduling-1] c.d.e.service.SincronizacaoService       : Ciclo finalizado. Total de atualizações enviadas: 0
2026-09-06T00:52:00.000-03:00  INFO 12340 --- [ecommerce] [scheduling-1] c.d.e.s.SincronizacaoEstoqueService      : [ESTOQUE] Lendo VW_ECOMMERCE_ESTOQUE no banco de dados...
2026-09-06T00:52:00.090-03:00  INFO 12340 --- [ecommerce] [scheduling-1] c.d.e.s.SincronizacaoEstoqueService      : [ESTOQUE] Ciclo finalizado. Total de atualizações enviadas: 0
2026-09-06T00:52:00.091-03:00  INFO 12340 --- [ecommerce] [scheduling-1] c.d.e.service.SincronizacaoService       : Lendo VW_ECOMMERCE_PRECOS no banco de dados...
2026-09-06T00:52:00.140-03:00  INFO 12340 --- [ecommerce] [scheduling-1] c.d.e.service.SincronizacaoService       : Ciclo finalizado. Total de atualizações enviadas: 0
2026-09-06T00:53:00.000-03:00  INFO 12340 --- [ecommerce] [scheduling-1] c.d.e.s.SincronizacaoEstoqueService      : [ESTOQUE] Lendo VW_ECOMMERCE_ESTOQUE no banco de dados...
2026-09-06T00:53:00.051-03:00  INFO 12340 --- [ecommerce] [scheduling-1] c.d.e.s.SincronizacaoEstoqueService      : [ESTOQUE] Ciclo finalizado. Total de atualizações enviadas: 0
2026-09-06T00:53:00.051-03:00  INFO 12340 --- [ecommerce] [scheduling-1] c.d.e.service.SincronizacaoService       : Lendo VW_ECOMMERCE_PRECOS no banco de dados...
2026-09-06T00:53:00.225-03:00  INFO 12340 --- [ecommerce] [scheduling-1] c.d.e.service.SincronizacaoService       : Ciclo finalizado. Total de atualizações enviadas: 0
2026-09-06T00:54:00.000-03:00  INFO 12340 --- [ecommerce] [scheduling-1] c.d.e.service.SincronizacaoService       : Lendo VW_ECOMMERCE_PRECOS no banco de dados...
2026-09-06T00:54:00.094-03:00  INFO 12340 --- [ecommerce] [scheduling-1] c.d.e.service.SincronizacaoService       : Ciclo finalizado. Total de atualizações enviadas: 0
2026-09-06T00:54:00.094-03:00  INFO 12340 --- [ecommerce] [scheduling-1] c.d.e.s.SincronizacaoEstoqueService      : [ESTOQUE] Lendo VW_ECOMMERCE_ESTOQUE no banco de dados...
2026-09-06T00:54:00.124-03:00  INFO 12340 --- [ecommerce] [scheduling-1] c.d.e.s.SincronizacaoEstoqueService      : [ESTOQUE] Ciclo finalizado. Total de atualizações enviadas: 0
2026-09-06T00:55:00.000-03:00  INFO 12340 --- [ecommerce] [scheduling-1] c.d.e.service.SincronizacaoService       : Lendo VW_ECOMMERCE_PRECOS no banco de dados...
2026-09-06T00:55:00.116-03:00  INFO 12340 --- [ecommerce] [scheduling-1] c.d.e.service.SincronizacaoService       : Ciclo finalizado. Total de atualizações enviadas: 0
2026-09-06T00:55:00.116-03:00  INFO 12340 --- [ecommerce] [scheduling-1] c.d.e.s.SincronizacaoEstoqueService      : [ESTOQUE] Lendo VW_ECOMMERCE_ESTOQUE no banco de dados...
2026-09-06T00:55:00.137-03:00  INFO 12340 --- [ecommerce] [scheduling-1] c.d.e.s.SincronizacaoEstoqueService      : [ESTOQUE] Ciclo finalizado. Total de atualizações enviadas: 0
2026-09-06T00:56:00.000-03:00  INFO 12340 --- [ecommerce] [scheduling-1] c.d.e.s.SincronizacaoEstoqueService      : [ESTOQUE] Lendo VW_ECOMMERCE_ESTOQUE no banco de dados...
2026-09-06T00:56:00.086-03:00  INFO 12340 --- [ecommerce] [scheduling-1] c.d.e.s.SincronizacaoEstoqueService      : [ESTOQUE] Ciclo finalizado. Total de atualizações enviadas: 0
2026-09-06T00:56:00.086-03:00  INFO 12340 --- [ecommerce] [scheduling-1] c.d.e.service.SincronizacaoService       : Lendo VW_ECOMMERCE_PRECOS no banco de dados...
2026-09-06T00:56:00.152-03:00  INFO 12340 --- [ecommerce] [scheduling-1] c.d.e.service.SincronizacaoService       : Ciclo finalizado. Total de atualizações enviadas: 0
2026-09-06T00:56:59.999-03:00  INFO 12340 --- [ecommerce] [scheduling-1] c.d.e.service.SincronizacaoService       : Lendo VW_ECOMMERCE_PRECOS no banco de dados...
2026-09-06T00:57:00.080-03:00  INFO 12340 --- [ecommerce] [scheduling-1] c.d.e.service.SincronizacaoService       : Ciclo finalizado. Total de atualizações enviadas: 0
2026-09-06T00:57:00.080-03:00  INFO 12340 --- [ecommerce] [scheduling-1] c.d.e.s.SincronizacaoEstoqueService      : [ESTOQUE] Lendo VW_ECOMMERCE_ESTOQUE no banco de dados...
2026-09-06T00:57:00.104-03:00  INFO 12340 --- [ecommerce] [scheduling-1] c.d.e.s.SincronizacaoEstoqueService      : [ESTOQUE] Ciclo finalizado. Total de atualizações enviadas: 0
2026-09-06T00:58:00.000-03:00  INFO 12340 --- [ecommerce] [scheduling-1] c.d.e.service.SincronizacaoService       : Lendo VW_ECOMMERCE_PRECOS no banco de dados...
2026-09-06T00:58:00.095-03:00  INFO 12340 --- [ecommerce] [scheduling-1] c.d.e.service.SincronizacaoService       : Ciclo finalizado. Total de atualizações enviadas: 0
2026-09-06T00:58:00.095-03:00  INFO 12340 --- [ecommerce] [scheduling-1] c.d.e.s.SincronizacaoEstoqueService      : [ESTOQUE] Lendo VW_ECOMMERCE_ESTOQUE no banco de dados...
2026-09-06T00:58:00.124-03:00  INFO 12340 --- [ecommerce] [scheduling-1] c.d.e.s.SincronizacaoEstoqueService      : [ESTOQUE] Ciclo finalizado. Total de atualizações enviadas: 0
2026-09-06T00:59:00.000-03:00  INFO 12340 --- [ecommerce] [scheduling-1] c.d.e.s.SincronizacaoEstoqueService      : [ESTOQUE] Lendo VW_ECOMMERCE_ESTOQUE no banco de dados...
2026-09-06T00:59:00.082-03:00  INFO 12340 --- [ecommerce] [scheduling-1] c.d.e.s.SincronizacaoEstoqueService      : [ESTOQUE] Ciclo finalizado. Total de atualizações enviadas: 0
2026-09-06T00:59:00.082-03:00  INFO 12340 --- [ecommerce] [scheduling-1] c.d.e.service.SincronizacaoService       : Lendo VW_ECOMMERCE_PRECOS no banco de dados...
2026-09-06T00:59:00.128-03:00  INFO 12340 --- [ecommerce] [scheduling-1] c.d.e.service.SincronizacaoService       : Ciclo finalizado. Total de atualizações enviadas: 0
2026-09-06T00:59:59.999-03:00  INFO 12340 --- [ecommerce] [scheduling-1] c.d.e.s.SincronizacaoEstoqueService      : [ESTOQUE] Lendo VW_ECOMMERCE_ESTOQUE no banco de dados...
2026-09-06T01:00:00.053-03:00  INFO 12340 --- [ecommerce] [scheduling-1] c.d.e.s.SincronizacaoEstoqueService      : [ESTOQUE] Ciclo finalizado. Total de atualizações enviadas: 0
2026-09-06T01:00:00.053-03:00  INFO 12340 --- [ecommerce] [scheduling-1] c.d.e.service.SincronizacaoService       : Lendo VW_ECOMMERCE_PRECOS no banco de dados...
2026-09-06T01:00:00.104-03:00  INFO 12340 --- [ecommerce] [scheduling-1] c.d.e.service.SincronizacaoService       : Ciclo finalizado. Total de atualizações enviadas: 0
2026-09-06T01:01:00.000-03:00  INFO 12340 --- [ecommerce] [scheduling-1] c.d.e.s.SincronizacaoEstoqueService      : [ESTOQUE] Lendo VW_ECOMMERCE_ESTOQUE no banco de dados...
2026-09-06T01:01:00.052-03:00  INFO 12340 --- [ecommerce] [scheduling-1] c.d.e.s.SincronizacaoEstoqueService      : [ESTOQUE] Ciclo finalizado. Total de atualizações enviadas: 0
2026-09-06T01:01:00.052-03:00  INFO 12340 --- [ecommerce] [scheduling-1] c.d.e.service.SincronizacaoService       : Lendo VW_ECOMMERCE_PRECOS no banco de dados...
2026-09-06T01:01:00.104-03:00  INFO 12340 --- [ecommerce] [scheduling-1] c.d.e.service.SincronizacaoService       : Ciclo finalizado. Total de atualizações enviadas: 0
2026-09-06T01:02:00.000-03:00  INFO 12340 --- [ecommerce] [scheduling-1] c.d.e.s.SincronizacaoEstoqueService      : [ESTOQUE] Lendo VW_ECOMMERCE_ESTOQUE no banco de dados...
2026-09-06T01:02:00.078-03:00  INFO 12340 --- [ecommerce] [scheduling-1] c.d.e.s.SincronizacaoEstoqueService      : [ESTOQUE] Ciclo finalizado. Total de atualizações enviadas: 0
2026-09-06T01:02:00.078-03:00  INFO 12340 --- [ecommerce] [scheduling-1] c.d.e.service.SincronizacaoService       : Lendo VW_ECOMMERCE_PRECOS no banco de dados...
2026-09-06T01:02:00.126-03:00  INFO 12340 --- [ecommerce] [scheduling-1] c.d.e.service.SincronizacaoService       : Ciclo finalizado. Total de atualizações enviadas: 0
2026-09-06T01:03:00.000-03:00  INFO 12340 --- [ecommerce] [scheduling-1] c.d.e.service.SincronizacaoService       : Lendo VW_ECOMMERCE_PRECOS no banco de dados...
2026-09-06T01:03:00.093-03:00  INFO 12340 --- [ecommerce] [scheduling-1] c.d.e.service.SincronizacaoService       : Ciclo finalizado. Total de atualizações enviadas: 0
2026-09-06T01:03:00.093-03:00  INFO 12340 --- [ecommerce] [scheduling-1] c.d.e.s.SincronizacaoEstoqueService      : [ESTOQUE] Lendo VW_ECOMMERCE_ESTOQUE no banco de dados...
2026-09-06T01:03:00.117-03:00  INFO 12340 --- [ecommerce] [scheduling-1] c.d.e.s.SincronizacaoEstoqueService      : [ESTOQUE] Ciclo finalizado. Total de atualizações enviadas: 0
2026-09-06T01:04:00.000-03:00  INFO 12340 --- [ecommerce] [scheduling-1] c.d.e.service.SincronizacaoService       : Lendo VW_ECOMMERCE_PRECOS no banco de dados...
2026-09-06T01:04:00.090-03:00  INFO 12340 --- [ecommerce] [scheduling-1] c.d.e.service.SincronizacaoService       : Ciclo finalizado. Total de atualizações enviadas: 0
2026-09-06T01:04:00.090-03:00  INFO 12340 --- [ecommerce] [scheduling-1] c.d.e.s.SincronizacaoEstoqueService      : [ESTOQUE] Lendo VW_ECOMMERCE_ESTOQUE no banco de dados...
2026-09-06T01:04:00.119-03:00  INFO 12340 --- [ecommerce] [scheduling-1] c.d.e.s.SincronizacaoEstoqueService      : [ESTOQUE] Ciclo finalizado. Total de atualizações enviadas: 0
2026-09-06T01:05:00.000-03:00  INFO 12340 --- [ecommerce] [scheduling-1] c.d.e.service.SincronizacaoService       : Lendo VW_ECOMMERCE_PRECOS no banco de dados...
2026-09-06T01:05:00.087-03:00  INFO 12340 --- [ecommerce] [scheduling-1] c.d.e.service.SincronizacaoService       : Ciclo finalizado. Total de atualizações enviadas: 0
2026-09-06T01:05:00.087-03:00  INFO 12340 --- [ecommerce] [scheduling-1] c.d.e.s.SincronizacaoEstoqueService      : [ESTOQUE] Lendo VW_ECOMMERCE_ESTOQUE no banco de dados...
2026-09-06T01:05:00.115-03:00  INFO 12340 --- [ecommerce] [scheduling-1] c.d.e.s.SincronizacaoEstoqueService      : [ESTOQUE] Ciclo finalizado. Total de atualizações enviadas: 0
2026-09-06T01:05:59.999-03:00  INFO 12340 --- [ecommerce] [scheduling-1] c.d.e.s.SincronizacaoEstoqueService      : [ESTOQUE] Lendo VW_ECOMMERCE_ESTOQUE no banco de dados...
2026-09-06T01:06:00.057-03:00  INFO 12340 --- [ecommerce] [scheduling-1] c.d.e.s.SincronizacaoEstoqueService      : [ESTOQUE] Ciclo finalizado. Total de atualizações enviadas: 0
2026-09-06T01:06:00.057-03:00  INFO 12340 --- [ecommerce] [scheduling-1] c.d.e.service.SincronizacaoService       : Lendo VW_ECOMMERCE_PRECOS no banco de dados...
2026-09-06T01:06:00.108-03:00  INFO 12340 --- [ecommerce] [scheduling-1] c.d.e.service.SincronizacaoService       : Ciclo finalizado. Total de atualizações enviadas: 0
2026-09-06T01:07:00.000-03:00  INFO 12340 --- [ecommerce] [scheduling-1] c.d.e.service.SincronizacaoService       : Lendo VW_ECOMMERCE_PRECOS no banco de dados...
2026-09-06T01:07:00.071-03:00  INFO 12340 --- [ecommerce] [scheduling-1] c.d.e.service.SincronizacaoService       : Ciclo finalizado. Total de atualizações enviadas: 0
2026-09-06T01:07:00.072-03:00  INFO 12340 --- [ecommerce] [scheduling-1] c.d.e.s.SincronizacaoEstoqueService      : [ESTOQUE] Lendo VW_ECOMMERCE_ESTOQUE no banco de dados...
2026-09-06T01:07:00.102-03:00  INFO 12340 --- [ecommerce] [scheduling-1] c.d.e.s.SincronizacaoEstoqueService      : [ESTOQUE] Ciclo finalizado. Total de atualizações enviadas: 0
2026-09-06T01:08:00.000-03:00  INFO 12340 --- [ecommerce] [scheduling-1] c.d.e.s.SincronizacaoEstoqueService      : [ESTOQUE] Lendo VW_ECOMMERCE_ESTOQUE no banco de dados...
2026-09-06T01:08:00.102-03:00  INFO 12340 --- [ecommerce] [scheduling-1] c.d.e.s.SincronizacaoEstoqueService      : [ESTOQUE] Ciclo finalizado. Total de atualizações enviadas: 0
2026-09-06T01:08:00.102-03:00  INFO 12340 --- [ecommerce] [scheduling-1] c.d.e.service.SincronizacaoService       : Lendo VW_ECOMMERCE_PRECOS no banco de dados...
2026-09-06T01:08:00.149-03:00  INFO 12340 --- [ecommerce] [scheduling-1] c.d.e.service.SincronizacaoService       : Ciclo finalizado. Total de atualizações enviadas: 0
2026-09-06T01:09:00.001-03:00  INFO 12340 --- [ecommerce] [scheduling-1] c.d.e.service.SincronizacaoService       : Lendo VW_ECOMMERCE_PRECOS no banco de dados...
2026-09-06T01:09:00.115-03:00  INFO 12340 --- [ecommerce] [scheduling-1] c.d.e.service.SincronizacaoService       : Ciclo finalizado. Total de atualizações enviadas: 0
2026-09-06T01:09:00.116-03:00  INFO 12340 --- [ecommerce] [scheduling-1] c.d.e.s.SincronizacaoEstoqueService      : [ESTOQUE] Lendo VW_ECOMMERCE_ESTOQUE no banco de dados...
2026-09-06T01:09:00.153-03:00  INFO 12340 --- [ecommerce] [scheduling-1] c.d.e.s.SincronizacaoEstoqueService      : [ESTOQUE] Ciclo finalizado. Total de atualizações enviadas: 0
2026-09-06T01:09:59.999-03:00  INFO 12340 --- [ecommerce] [scheduling-1] c.d.e.service.SincronizacaoService       : Lendo VW_ECOMMERCE_PRECOS no banco de dados...
2026-09-06T01:10:00.113-03:00  INFO 12340 --- [ecommerce] [scheduling-1] c.d.e.service.SincronizacaoService       : Ciclo finalizado. Total de atualizações enviadas: 0
2026-09-06T01:10:00.113-03:00  INFO 12340 --- [ecommerce] [scheduling-1] c.d.e.s.SincronizacaoEstoqueService      : [ESTOQUE] Lendo VW_ECOMMERCE_ESTOQUE no banco de dados...
2026-09-06T01:10:00.135-03:00  INFO 12340 --- [ecommerce] [scheduling-1] c.d.e.s.SincronizacaoEstoqueService      : [ESTOQUE] Ciclo finalizado. Total de atualizações enviadas: 0
2026-09-06T01:11:00.000-03:00  INFO 12340 --- [ecommerce] [scheduling-1] c.d.e.s.SincronizacaoEstoqueService      : [ESTOQUE] Lendo VW_ECOMMERCE_ESTOQUE no banco de dados...
2026-09-06T01:11:00.077-03:00  INFO 12340 --- [ecommerce] [scheduling-1] c.d.e.s.SincronizacaoEstoqueService      : [ESTOQUE] Ciclo finalizado. Total de atualizações enviadas: 0
2026-09-06T01:11:00.077-03:00  INFO 12340 --- [ecommerce] [scheduling-1] c.d.e.service.SincronizacaoService       : Lendo VW_ECOMMERCE_PRECOS no banco de dados...
2026-09-06T01:11:00.144-03:00  INFO 12340 --- [ecommerce] [scheduling-1] c.d.e.service.SincronizacaoService       : Ciclo finalizado. Total de atualizações enviadas: 0
2026-09-06T01:11:59.999-03:00  INFO 12340 --- [ecommerce] [scheduling-1] c.d.e.service.SincronizacaoService       : Lendo VW_ECOMMERCE_PRECOS no banco de dados...
2026-09-06T01:12:00.072-03:00  INFO 12340 --- [ecommerce] [scheduling-1] c.d.e.service.SincronizacaoService       : Ciclo finalizado. Total de atualizações enviadas: 0
2026-09-06T01:12:00.072-03:00  INFO 12340 --- [ecommerce] [scheduling-1] c.d.e.s.SincronizacaoEstoqueService      : [ESTOQUE] Lendo VW_ECOMMERCE_ESTOQUE no banco de dados...
2026-09-06T01:12:00.101-03:00  INFO 12340 --- [ecommerce] [scheduling-1] c.d.e.s.SincronizacaoEstoqueService      : [ESTOQUE] Ciclo finalizado. Total de atualizações enviadas: 0
2026-09-06T01:12:59.999-03:00  INFO 12340 --- [ecommerce] [scheduling-1] c.d.e.s.SincronizacaoEstoqueService      : [ESTOQUE] Lendo VW_ECOMMERCE_ESTOQUE no banco de dados...
2026-09-06T01:13:00.055-03:00  INFO 12340 --- [ecommerce] [scheduling-1] c.d.e.s.SincronizacaoEstoqueService      : [ESTOQUE] Ciclo finalizado. Total de atualizações enviadas: 0
2026-09-06T01:13:00.055-03:00  INFO 12340 --- [ecommerce] [scheduling-1] c.d.e.service.SincronizacaoService       : Lendo VW_ECOMMERCE_PRECOS no banco de dados...
2026-09-06T01:13:00.200-03:00  INFO 12340 --- [ecommerce] [scheduling-1] c.d.e.service.SincronizacaoService       : Ciclo finalizado. Total de atualizações enviadas: 0
2026-09-06T01:14:00.000-03:00  INFO 12340 --- [ecommerce] [scheduling-1] c.d.e.service.SincronizacaoService       : Lendo VW_ECOMMERCE_PRECOS no banco de dados...
2026-09-06T01:14:00.088-03:00  INFO 12340 --- [ecommerce] [scheduling-1] c.d.e.service.SincronizacaoService       : Ciclo finalizado. Total de atualizações enviadas: 0
2026-09-06T01:14:00.088-03:00  INFO 12340 --- [ecommerce] [scheduling-1] c.d.e.s.SincronizacaoEstoqueService      : [ESTOQUE] Lendo VW_ECOMMERCE_ESTOQUE no banco de dados...
2026-09-06T01:14:00.113-03:00  INFO 12340 --- [ecommerce] [scheduling-1] c.d.e.s.SincronizacaoEstoqueService      : [ESTOQUE] Ciclo finalizado. Total de atualizações enviadas: 0
2026-09-06T01:15:00.000-03:00  INFO 12340 --- [ecommerce] [scheduling-1] c.d.e.s.SincronizacaoEstoqueService      : [ESTOQUE] Lendo VW_ECOMMERCE_ESTOQUE no banco de dados...
2026-09-06T01:15:00.079-03:00  INFO 12340 --- [ecommerce] [scheduling-1] c.d.e.s.SincronizacaoEstoqueService      : [ESTOQUE] Ciclo finalizado. Total de atualizações enviadas: 0
2026-09-06T01:15:00.079-03:00  INFO 12340 --- [ecommerce] [scheduling-1] c.d.e.service.SincronizacaoService       : Lendo VW_ECOMMERCE_PRECOS no banco de dados...
2026-09-06T01:15:00.169-03:00  INFO 12340 --- [ecommerce] [scheduling-1] c.d.e.service.SincronizacaoService       : Ciclo finalizado. Total de atualizações enviadas: 0
2026-09-06T01:15:59.999-03:00  INFO 12340 --- [ecommerce] [scheduling-1] c.d.e.service.SincronizacaoService       : Lendo VW_ECOMMERCE_PRECOS no banco de dados...
2026-09-06T01:16:00.089-03:00  INFO 12340 --- [ecommerce] [scheduling-1] c.d.e.service.SincronizacaoService       : Ciclo finalizado. Total de atualizações enviadas: 0
2026-09-06T01:16:00.090-03:00  INFO 12340 --- [ecommerce] [scheduling-1] c.d.e.s.SincronizacaoEstoqueService      : [ESTOQUE] Lendo VW_ECOMMERCE_ESTOQUE no banco de dados...
2026-09-06T01:16:00.121-03:00  INFO 12340 --- [ecommerce] [scheduling-1] c.d.e.s.SincronizacaoEstoqueService      : [ESTOQUE] Ciclo finalizado. Total de atualizações enviadas: 0
2026-09-06T01:16:59.999-03:00  INFO 12340 --- [ecommerce] [scheduling-1] c.d.e.service.SincronizacaoService       : Lendo VW_ECOMMERCE_PRECOS no banco de dados...
2026-09-06T01:17:00.063-03:00  INFO 12340 --- [ecommerce] [scheduling-1] c.d.e.service.SincronizacaoService       : Ciclo finalizado. Total de atualizações enviadas: 0
2026-09-06T01:17:00.063-03:00  INFO 12340 --- [ecommerce] [scheduling-1] c.d.e.s.SincronizacaoEstoqueService      : [ESTOQUE] Lendo VW_ECOMMERCE_ESTOQUE no banco de dados...
2026-09-06T01:17:00.093-03:00  INFO 12340 --- [ecommerce] [scheduling-1] c.d.e.s.SincronizacaoEstoqueService      : [ESTOQUE] Ciclo finalizado. Total de atualizações enviadas: 0
2026-09-06T01:17:59.999-03:00  INFO 12340 --- [ecommerce] [scheduling-1] c.d.e.service.SincronizacaoService       : Lendo VW_ECOMMERCE_PRECOS no banco de dados...
2026-09-06T01:18:00.148-03:00  INFO 12340 --- [ecommerce] [scheduling-1] c.d.e.service.SincronizacaoService       : Ciclo finalizado. Total de atualizações enviadas: 0
2026-09-06T01:18:00.148-03:00  INFO 12340 --- [ecommerce] [scheduling-1] c.d.e.s.SincronizacaoEstoqueService      : [ESTOQUE] Lendo VW_ECOMMERCE_ESTOQUE no banco de dados...
2026-09-06T01:18:00.168-03:00  INFO 12340 --- [ecommerce] [scheduling-1] c.d.e.s.SincronizacaoEstoqueService      : [ESTOQUE] Ciclo finalizado. Total de atualizações enviadas: 0
2026-09-06T01:18:59.999-03:00  INFO 12340 --- [ecommerce] [scheduling-1] c.d.e.service.SincronizacaoService       : Lendo VW_ECOMMERCE_PRECOS no banco de dados...
2026-09-06T01:19:00.078-03:00  INFO 12340 --- [ecommerce] [scheduling-1] c.d.e.service.SincronizacaoService       : Ciclo finalizado. Total de atualizações enviadas: 0
2026-09-06T01:19:00.079-03:00  INFO 12340 --- [ecommerce] [scheduling-1] c.d.e.s.SincronizacaoEstoqueService      : [ESTOQUE] Lendo VW_ECOMMERCE_ESTOQUE no banco de dados...
2026-09-06T01:19:00.106-03:00  INFO 12340 --- [ecommerce] [scheduling-1] c.d.e.s.SincronizacaoEstoqueService      : [ESTOQUE] Ciclo finalizado. Total de atualizações enviadas: 0
2026-09-06T01:20:00.000-03:00  INFO 12340 --- [ecommerce] [scheduling-1] c.d.e.service.SincronizacaoService       : Lendo VW_ECOMMERCE_PRECOS no banco de dados...
2026-09-06T01:20:00.065-03:00  INFO 12340 --- [ecommerce] [scheduling-1] c.d.e.service.SincronizacaoService       : Ciclo finalizado. Total de atualizações enviadas: 0
2026-09-06T01:20:00.066-03:00  INFO 12340 --- [ecommerce] [scheduling-1] c.d.e.s.SincronizacaoEstoqueService      : [ESTOQUE] Lendo VW_ECOMMERCE_ESTOQUE no banco de dados...
2026-09-06T01:20:00.098-03:00  INFO 12340 --- [ecommerce] [scheduling-1] c.d.e.s.SincronizacaoEstoqueService      : [ESTOQUE] Ciclo finalizado. Total de atualizações enviadas: 0
2026-09-06T01:21:00.000-03:00  INFO 12340 --- [ecommerce] [scheduling-1] c.d.e.service.SincronizacaoService       : Lendo VW_ECOMMERCE_PRECOS no banco de dados...
2026-09-06T01:21:00.100-03:00  INFO 12340 --- [ecommerce] [scheduling-1] c.d.e.service.SincronizacaoService       : Ciclo finalizado. Total de atualizações enviadas: 0
2026-09-06T01:21:00.100-03:00  INFO 12340 --- [ecommerce] [scheduling-1] c.d.e.s.SincronizacaoEstoqueService      : [ESTOQUE] Lendo VW_ECOMMERCE_ESTOQUE no banco de dados...
2026-09-06T01:21:00.127-03:00  INFO 12340 --- [ecommerce] [scheduling-1] c.d.e.s.SincronizacaoEstoqueService      : [ESTOQUE] Ciclo finalizado. Total de atualizações enviadas: 0
2026-09-06T01:22:00.000-03:00  INFO 12340 --- [ecommerce] [scheduling-1] c.d.e.s.SincronizacaoEstoqueService      : [ESTOQUE] Lendo VW_ECOMMERCE_ESTOQUE no banco de dados...
2026-09-06T01:22:00.050-03:00  INFO 12340 --- [ecommerce] [scheduling-1] c.d.e.s.SincronizacaoEstoqueService      : [ESTOQUE] Ciclo finalizado. Total de atualizações enviadas: 0
2026-09-06T01:22:00.050-03:00  INFO 12340 --- [ecommerce] [scheduling-1] c.d.e.service.SincronizacaoService       : Lendo VW_ECOMMERCE_PRECOS no banco de dados...
2026-09-06T01:22:00.107-03:00  INFO 12340 --- [ecommerce] [scheduling-1] c.d.e.service.SincronizacaoService       : Ciclo finalizado. Total de atualizações enviadas: 0
2026-09-06T01:23:00.000-03:00  INFO 12340 --- [ecommerce] [scheduling-1] c.d.e.service.SincronizacaoService       : Lendo VW_ECOMMERCE_PRECOS no banco de dados...
2026-09-06T01:23:00.242-03:00  INFO 12340 --- [ecommerce] [scheduling-1] c.d.e.service.SincronizacaoService       : Ciclo finalizado. Total de atualizações enviadas: 0
2026-09-06T01:23:00.242-03:00  INFO 12340 --- [ecommerce] [scheduling-1] c.d.e.s.SincronizacaoEstoqueService      : [ESTOQUE] Lendo VW_ECOMMERCE_ESTOQUE no banco de dados...
2026-09-06T01:23:00.279-03:00  INFO 12340 --- [ecommerce] [scheduling-1] c.d.e.s.SincronizacaoEstoqueService      : [ESTOQUE] Ciclo finalizado. Total de atualizações enviadas: 0
2026-09-06T01:24:00.001-03:00  INFO 12340 --- [ecommerce] [scheduling-1] c.d.e.service.SincronizacaoService       : Lendo VW_ECOMMERCE_PRECOS no banco de dados...
2026-09-06T01:24:00.105-03:00  INFO 12340 --- [ecommerce] [scheduling-1] c.d.e.service.SincronizacaoService       : Ciclo finalizado. Total de atualizações enviadas: 0
2026-09-06T01:24:00.105-03:00  INFO 12340 --- [ecommerce] [scheduling-1] c.d.e.s.SincronizacaoEstoqueService      : [ESTOQUE] Lendo VW_ECOMMERCE_ESTOQUE no banco de dados...
2026-09-06T01:24:00.130-03:00  INFO 12340 --- [ecommerce] [scheduling-1] c.d.e.s.SincronizacaoEstoqueService      : [ESTOQUE] Ciclo finalizado. Total de atualizações enviadas: 0
2026-09-06T01:25:00.000-03:00  INFO 12340 --- [ecommerce] [scheduling-1] c.d.e.service.SincronizacaoService       : Lendo VW_ECOMMERCE_PRECOS no banco de dados...
2026-09-06T01:25:00.258-03:00  INFO 12340 --- [ecommerce] [scheduling-1] c.d.e.service.SincronizacaoService       : Ciclo finalizado. Total de atualizações enviadas: 0
2026-09-06T01:25:00.258-03:00  INFO 12340 --- [ecommerce] [scheduling-1] c.d.e.s.SincronizacaoEstoqueService      : [ESTOQUE] Lendo VW_ECOMMERCE_ESTOQUE no banco de dados...
2026-09-06T01:25:00.330-03:00  INFO 12340 --- [ecommerce] [scheduling-1] c.d.e.s.SincronizacaoEstoqueService      : [ESTOQUE] Ciclo finalizado. Total de atualizações enviadas: 0
2026-09-06T01:26:00.001-03:00  INFO 12340 --- [ecommerce] [scheduling-1] c.d.e.service.SincronizacaoService       : Lendo VW_ECOMMERCE_PRECOS no banco de dados...
2026-09-06T01:26:00.057-03:00  INFO 12340 --- [ecommerce] [scheduling-1] c.d.e.service.SincronizacaoService       : Ciclo finalizado. Total de atualizações enviadas: 0
2026-09-06T01:26:00.057-03:00  INFO 12340 --- [ecommerce] [scheduling-1] c.d.e.s.SincronizacaoEstoqueService      : [ESTOQUE] Lendo VW_ECOMMERCE_ESTOQUE no banco de dados...
2026-09-06T01:26:00.088-03:00  INFO 12340 --- [ecommerce] [scheduling-1] c.d.e.s.SincronizacaoEstoqueService      : [ESTOQUE] Ciclo finalizado. Total de atualizações enviadas: 0
2026-09-06T01:27:00.000-03:00  INFO 12340 --- [ecommerce] [scheduling-1] c.d.e.s.SincronizacaoEstoqueService      : [ESTOQUE] Lendo VW_ECOMMERCE_ESTOQUE no banco de dados...
2026-09-06T01:27:00.081-03:00  INFO 12340 --- [ecommerce] [scheduling-1] c.d.e.s.SincronizacaoEstoqueService      : [ESTOQUE] Ciclo finalizado. Total de atualizações enviadas: 0
2026-09-06T01:27:00.081-03:00  INFO 12340 --- [ecommerce] [scheduling-1] c.d.e.service.SincronizacaoService       : Lendo VW_ECOMMERCE_PRECOS no banco de dados...
2026-09-06T01:27:00.130-03:00  INFO 12340 --- [ecommerce] [scheduling-1] c.d.e.service.SincronizacaoService       : Ciclo finalizado. Total de atualizações enviadas: 0
2026-09-06T01:28:00.000-03:00  INFO 12340 --- [ecommerce] [scheduling-1] c.d.e.service.SincronizacaoService       : Lendo VW_ECOMMERCE_PRECOS no banco de dados...
2026-09-06T01:28:00.087-03:00  INFO 12340 --- [ecommerce] [scheduling-1] c.d.e.service.SincronizacaoService       : Ciclo finalizado. Total de atualizações enviadas: 0
2026-09-06T01:28:00.088-03:00  INFO 12340 --- [ecommerce] [scheduling-1] c.d.e.s.SincronizacaoEstoqueService      : [ESTOQUE] Lendo VW_ECOMMERCE_ESTOQUE no banco de dados...
2026-09-06T01:28:00.120-03:00  INFO 12340 --- [ecommerce] [scheduling-1] c.d.e.s.SincronizacaoEstoqueService      : [ESTOQUE] Ciclo finalizado. Total de atualizações enviadas: 0
2026-09-06T01:29:00.000-03:00  INFO 12340 --- [ecommerce] [scheduling-1] c.d.e.s.SincronizacaoEstoqueService      : [ESTOQUE] Lendo VW_ECOMMERCE_ESTOQUE no banco de dados...
2026-09-06T01:29:00.110-03:00  INFO 12340 --- [ecommerce] [scheduling-1] c.d.e.s.SincronizacaoEstoqueService      : [ESTOQUE] Ciclo finalizado. Total de atualizações enviadas: 0
2026-09-06T01:29:00.110-03:00  INFO 12340 --- [ecommerce] [scheduling-1] c.d.e.service.SincronizacaoService       : Lendo VW_ECOMMERCE_PRECOS no banco de dados...
2026-09-06T01:29:00.298-03:00  INFO 12340 --- [ecommerce] [scheduling-1] c.d.e.service.SincronizacaoService       : Ciclo finalizado. Total de atualizações enviadas: 0
2026-09-06T01:29:59.999-03:00  INFO 12340 --- [ecommerce] [scheduling-1] c.d.e.service.SincronizacaoService       : Lendo VW_ECOMMERCE_PRECOS no banco de dados...
2026-09-06T01:30:00.133-03:00  INFO 12340 --- [ecommerce] [scheduling-1] c.d.e.service.SincronizacaoService       : Ciclo finalizado. Total de atualizações enviadas: 0
2026-09-06T01:30:00.133-03:00  INFO 12340 --- [ecommerce] [scheduling-1] c.d.e.s.SincronizacaoEstoqueService      : [ESTOQUE] Lendo VW_ECOMMERCE_ESTOQUE no banco de dados...
2026-09-06T01:30:00.152-03:00  INFO 12340 --- [ecommerce] [scheduling-1] c.d.e.s.SincronizacaoEstoqueService      : [ESTOQUE] Ciclo finalizado. Total de atualizações enviadas: 0
2026-09-06T01:31:00.001-03:00  INFO 12340 --- [ecommerce] [scheduling-1] c.d.e.service.SincronizacaoService       : Lendo VW_ECOMMERCE_PRECOS no banco de dados...
2026-09-06T01:31:00.100-03:00  INFO 12340 --- [ecommerce] [scheduling-1] c.d.e.service.SincronizacaoService       : Ciclo finalizado. Total de atualizações enviadas: 0
2026-09-06T01:31:00.101-03:00  INFO 12340 --- [ecommerce] [scheduling-1] c.d.e.s.SincronizacaoEstoqueService      : [ESTOQUE] Lendo VW_ECOMMERCE_ESTOQUE no banco de dados...
2026-09-06T01:31:00.138-03:00  INFO 12340 --- [ecommerce] [scheduling-1] c.d.e.s.SincronizacaoEstoqueService      : [ESTOQUE] Ciclo finalizado. Total de atualizações enviadas: 0
2026-09-06T01:31:59.999-03:00  INFO 12340 --- [ecommerce] [scheduling-1] c.d.e.service.SincronizacaoService       : Lendo VW_ECOMMERCE_PRECOS no banco de dados...
2026-09-06T01:32:00.119-03:00  INFO 12340 --- [ecommerce] [scheduling-1] c.d.e.service.SincronizacaoService       : Ciclo finalizado. Total de atualizações enviadas: 0
2026-09-06T01:32:00.119-03:00  INFO 12340 --- [ecommerce] [scheduling-1] c.d.e.s.SincronizacaoEstoqueService      : [ESTOQUE] Lendo VW_ECOMMERCE_ESTOQUE no banco de dados...
2026-09-06T01:32:00.139-03:00  INFO 12340 --- [ecommerce] [scheduling-1] c.d.e.s.SincronizacaoEstoqueService      : [ESTOQUE] Ciclo finalizado. Total de atualizações enviadas: 0
2026-09-06T01:32:59.999-03:00  INFO 12340 --- [ecommerce] [scheduling-1] c.d.e.s.SincronizacaoEstoqueService      : [ESTOQUE] Lendo VW_ECOMMERCE_ESTOQUE no banco de dados...
2026-09-06T01:33:00.036-03:00  INFO 12340 --- [ecommerce] [scheduling-1] c.d.e.s.SincronizacaoEstoqueService      : [ESTOQUE] Ciclo finalizado. Total de atualizações enviadas: 0
2026-09-06T01:33:00.036-03:00  INFO 12340 --- [ecommerce] [scheduling-1] c.d.e.service.SincronizacaoService       : Lendo VW_ECOMMERCE_PRECOS no banco de dados...
2026-09-06T01:33:00.191-03:00  INFO 12340 --- [ecommerce] [scheduling-1] c.d.e.service.SincronizacaoService       : Ciclo finalizado. Total de atualizações enviadas: 0
2026-09-06T01:33:59.999-03:00  INFO 12340 --- [ecommerce] [scheduling-1] c.d.e.service.SincronizacaoService       : Lendo VW_ECOMMERCE_PRECOS no banco de dados...
2026-09-06T01:34:00.057-03:00  INFO 12340 --- [ecommerce] [scheduling-1] c.d.e.service.SincronizacaoService       : Ciclo finalizado. Total de atualizações enviadas: 0
2026-09-06T01:34:00.057-03:00  INFO 12340 --- [ecommerce] [scheduling-1] c.d.e.s.SincronizacaoEstoqueService      : [ESTOQUE] Lendo VW_ECOMMERCE_ESTOQUE no banco de dados...
2026-09-06T01:34:00.091-03:00  INFO 12340 --- [ecommerce] [scheduling-1] c.d.e.s.SincronizacaoEstoqueService      : [ESTOQUE] Ciclo finalizado. Total de atualizações enviadas: 0
2026-09-06T01:34:59.999-03:00  INFO 12340 --- [ecommerce] [scheduling-1] c.d.e.service.SincronizacaoService       : Lendo VW_ECOMMERCE_PRECOS no banco de dados...
2026-09-06T01:35:00.049-03:00  INFO 12340 --- [ecommerce] [scheduling-1] c.d.e.service.SincronizacaoService       : Ciclo finalizado. Total de atualizações enviadas: 0
2026-09-06T01:35:00.049-03:00  INFO 12340 --- [ecommerce] [scheduling-1] c.d.e.s.SincronizacaoEstoqueService      : [ESTOQUE] Lendo VW_ECOMMERCE_ESTOQUE no banco de dados...
2026-09-06T01:35:00.073-03:00  INFO 12340 --- [ecommerce] [scheduling-1] c.d.e.s.SincronizacaoEstoqueService      : [ESTOQUE] Ciclo finalizado. Total de atualizações enviadas: 0
2026-09-06T01:36:00.000-03:00  INFO 12340 --- [ecommerce] [scheduling-1] c.d.e.service.SincronizacaoService       : Lendo VW_ECOMMERCE_PRECOS no banco de dados...
2026-09-06T01:36:00.116-03:00  INFO 12340 --- [ecommerce] [scheduling-1] c.d.e.service.SincronizacaoService       : Ciclo finalizado. Total de atualizações enviadas: 0
2026-09-06T01:36:00.116-03:00  INFO 12340 --- [ecommerce] [scheduling-1] c.d.e.s.SincronizacaoEstoqueService      : [ESTOQUE] Lendo VW_ECOMMERCE_ESTOQUE no banco de dados...
2026-09-06T01:36:00.138-03:00  INFO 12340 --- [ecommerce] [scheduling-1] c.d.e.s.SincronizacaoEstoqueService      : [ESTOQUE] Ciclo finalizado. Total de atualizações enviadas: 0
2026-09-06T01:37:00.001-03:00  INFO 12340 --- [ecommerce] [scheduling-1] c.d.e.s.SincronizacaoEstoqueService      : [ESTOQUE] Lendo VW_ECOMMERCE_ESTOQUE no banco de dados...
2026-09-06T01:37:00.089-03:00  INFO 12340 --- [ecommerce] [scheduling-1] c.d.e.s.SincronizacaoEstoqueService      : [ESTOQUE] Ciclo finalizado. Total de atualizações enviadas: 0
2026-09-06T01:37:00.089-03:00  INFO 12340 --- [ecommerce] [scheduling-1] c.d.e.service.SincronizacaoService       : Lendo VW_ECOMMERCE_PRECOS no banco de dados...
2026-09-06T01:37:00.135-03:00  INFO 12340 --- [ecommerce] [scheduling-1] c.d.e.service.SincronizacaoService       : Ciclo finalizado. Total de atualizações enviadas: 0
2026-09-06T01:37:59.999-03:00  INFO 12340 --- [ecommerce] [scheduling-1] c.d.e.s.SincronizacaoEstoqueService      : [ESTOQUE] Lendo VW_ECOMMERCE_ESTOQUE no banco de dados...
2026-09-06T01:38:00.083-03:00  INFO 12340 --- [ecommerce] [scheduling-1] c.d.e.s.SincronizacaoEstoqueService      : [ESTOQUE] Ciclo finalizado. Total de atualizações enviadas: 0
2026-09-06T01:38:00.083-03:00  INFO 12340 --- [ecommerce] [scheduling-1] c.d.e.service.SincronizacaoService       : Lendo VW_ECOMMERCE_PRECOS no banco de dados...
2026-09-06T01:38:00.137-03:00  INFO 12340 --- [ecommerce] [scheduling-1] c.d.e.service.SincronizacaoService       : Ciclo finalizado. Total de atualizações enviadas: 0
2026-09-06T01:39:00.000-03:00  INFO 12340 --- [ecommerce] [scheduling-1] c.d.e.service.SincronizacaoService       : Lendo VW_ECOMMERCE_PRECOS no banco de dados...
2026-09-06T01:39:00.104-03:00  INFO 12340 --- [ecommerce] [scheduling-1] c.d.e.service.SincronizacaoService       : Ciclo finalizado. Total de atualizações enviadas: 0
2026-09-06T01:39:00.104-03:00  INFO 12340 --- [ecommerce] [scheduling-1] c.d.e.s.SincronizacaoEstoqueService      : [ESTOQUE] Lendo VW_ECOMMERCE_ESTOQUE no banco de dados...
2026-09-06T01:39:00.135-03:00  INFO 12340 --- [ecommerce] [scheduling-1] c.d.e.s.SincronizacaoEstoqueService      : [ESTOQUE] Ciclo finalizado. Total de atualizações enviadas: 0
2026-09-06T01:39:59.999-03:00  INFO 12340 --- [ecommerce] [scheduling-1] c.d.e.s.SincronizacaoEstoqueService      : [ESTOQUE] Lendo VW_ECOMMERCE_ESTOQUE no banco de dados...
2026-09-06T01:40:00.067-03:00  INFO 12340 --- [ecommerce] [scheduling-1] c.d.e.s.SincronizacaoEstoqueService      : [ESTOQUE] Ciclo finalizado. Total de atualizações enviadas: 0
2026-09-06T01:40:00.067-03:00  INFO 12340 --- [ecommerce] [scheduling-1] c.d.e.service.SincronizacaoService       : Lendo VW_ECOMMERCE_PRECOS no banco de dados...
2026-09-06T01:40:00.144-03:00  INFO 12340 --- [ecommerce] [scheduling-1] c.d.e.service.SincronizacaoService       : Ciclo finalizado. Total de atualizações enviadas: 0
2026-09-06T01:41:00.000-03:00  INFO 12340 --- [ecommerce] [scheduling-1] c.d.e.service.SincronizacaoService       : Lendo VW_ECOMMERCE_PRECOS no banco de dados...
2026-09-06T01:41:00.080-03:00  INFO 12340 --- [ecommerce] [scheduling-1] c.d.e.service.SincronizacaoService       : Ciclo finalizado. Total de atualizações enviadas: 0
2026-09-06T01:41:00.080-03:00  INFO 12340 --- [ecommerce] [scheduling-1] c.d.e.s.SincronizacaoEstoqueService      : [ESTOQUE] Lendo VW_ECOMMERCE_ESTOQUE no banco de dados...
2026-09-06T01:41:00.115-03:00  INFO 12340 --- [ecommerce] [scheduling-1] c.d.e.s.SincronizacaoEstoqueService      : [ESTOQUE] Ciclo finalizado. Total de atualizações enviadas: 0
2026-09-06T01:42:00.000-03:00  INFO 12340 --- [ecommerce] [scheduling-1] c.d.e.s.SincronizacaoEstoqueService      : [ESTOQUE] Lendo VW_ECOMMERCE_ESTOQUE no banco de dados...
2026-09-06T01:42:00.047-03:00  INFO 12340 --- [ecommerce] [scheduling-1] c.d.e.s.SincronizacaoEstoqueService      : [ESTOQUE] Ciclo finalizado. Total de atualizações enviadas: 0
2026-09-06T01:42:00.047-03:00  INFO 12340 --- [ecommerce] [scheduling-1] c.d.e.service.SincronizacaoService       : Lendo VW_ECOMMERCE_PRECOS no banco de dados...
2026-09-06T01:42:00.100-03:00  INFO 12340 --- [ecommerce] [scheduling-1] c.d.e.service.SincronizacaoService       : Ciclo finalizado. Total de atualizações enviadas: 0
2026-09-06T01:43:00.000-03:00  INFO 12340 --- [ecommerce] [scheduling-1] c.d.e.s.SincronizacaoEstoqueService      : [ESTOQUE] Lendo VW_ECOMMERCE_ESTOQUE no banco de dados...
2026-09-06T01:43:00.043-03:00  INFO 12340 --- [ecommerce] [scheduling-1] c.d.e.s.SincronizacaoEstoqueService      : [ESTOQUE] Ciclo finalizado. Total de atualizações enviadas: 0
2026-09-06T01:43:00.043-03:00  INFO 12340 --- [ecommerce] [scheduling-1] c.d.e.service.SincronizacaoService       : Lendo VW_ECOMMERCE_PRECOS no banco de dados...
2026-09-06T01:43:00.128-03:00  INFO 12340 --- [ecommerce] [scheduling-1] c.d.e.service.SincronizacaoService       : Ciclo finalizado. Total de atualizações enviadas: 0
2026-09-06T01:44:00.000-03:00  INFO 12340 --- [ecommerce] [scheduling-1] c.d.e.s.SincronizacaoEstoqueService      : [ESTOQUE] Lendo VW_ECOMMERCE_ESTOQUE no banco de dados...
2026-09-06T01:44:00.060-03:00  INFO 12340 --- [ecommerce] [scheduling-1] c.d.e.s.SincronizacaoEstoqueService      : [ESTOQUE] Ciclo finalizado. Total de atualizações enviadas: 0
2026-09-06T01:44:00.061-03:00  INFO 12340 --- [ecommerce] [scheduling-1] c.d.e.service.SincronizacaoService       : Lendo VW_ECOMMERCE_PRECOS no banco de dados...
2026-09-06T01:44:00.167-03:00  INFO 12340 --- [ecommerce] [scheduling-1] c.d.e.service.SincronizacaoService       : Ciclo finalizado. Total de atualizações enviadas: 0
2026-09-06T01:44:59.999-03:00  INFO 12340 --- [ecommerce] [scheduling-1] c.d.e.service.SincronizacaoService       : Lendo VW_ECOMMERCE_PRECOS no banco de dados...
2026-09-06T01:45:00.064-03:00  INFO 12340 --- [ecommerce] [scheduling-1] c.d.e.service.SincronizacaoService       : Ciclo finalizado. Total de atualizações enviadas: 0
2026-09-06T01:45:00.064-03:00  INFO 12340 --- [ecommerce] [scheduling-1] c.d.e.s.SincronizacaoEstoqueService      : [ESTOQUE] Lendo VW_ECOMMERCE_ESTOQUE no banco de dados...
2026-09-06T01:45:00.097-03:00  INFO 12340 --- [ecommerce] [scheduling-1] c.d.e.s.SincronizacaoEstoqueService      : [ESTOQUE] Ciclo finalizado. Total de atualizações enviadas: 0
2026-09-06T01:46:00.001-03:00  INFO 12340 --- [ecommerce] [scheduling-1] c.d.e.s.SincronizacaoEstoqueService      : [ESTOQUE] Lendo VW_ECOMMERCE_ESTOQUE no banco de dados...
2026-09-06T01:46:00.046-03:00  INFO 12340 --- [ecommerce] [scheduling-1] c.d.e.s.SincronizacaoEstoqueService      : [ESTOQUE] Ciclo finalizado. Total de atualizações enviadas: 0
2026-09-06T01:46:00.047-03:00  INFO 12340 --- [ecommerce] [scheduling-1] c.d.e.service.SincronizacaoService       : Lendo VW_ECOMMERCE_PRECOS no banco de dados...
2026-09-06T01:46:00.093-03:00  INFO 12340 --- [ecommerce] [scheduling-1] c.d.e.service.SincronizacaoService       : Ciclo finalizado. Total de atualizações enviadas: 0
2026-09-06T01:46:59.999-03:00  INFO 12340 --- [ecommerce] [scheduling-1] c.d.e.s.SincronizacaoEstoqueService      : [ESTOQUE] Lendo VW_ECOMMERCE_ESTOQUE no banco de dados...
2026-09-06T01:47:00.039-03:00  INFO 12340 --- [ecommerce] [scheduling-1] c.d.e.s.SincronizacaoEstoqueService      : [ESTOQUE] Ciclo finalizado. Total de atualizações enviadas: 0
2026-09-06T01:47:00.039-03:00  INFO 12340 --- [ecommerce] [scheduling-1] c.d.e.service.SincronizacaoService       : Lendo VW_ECOMMERCE_PRECOS no banco de dados...
2026-09-06T01:47:00.087-03:00  INFO 12340 --- [ecommerce] [scheduling-1] c.d.e.service.SincronizacaoService       : Ciclo finalizado. Total de atualizações enviadas: 0
2026-09-06T01:48:00.001-03:00  INFO 12340 --- [ecommerce] [scheduling-1] c.d.e.s.SincronizacaoEstoqueService      : [ESTOQUE] Lendo VW_ECOMMERCE_ESTOQUE no banco de dados...
2026-09-06T01:48:00.060-03:00  INFO 12340 --- [ecommerce] [scheduling-1] c.d.e.s.SincronizacaoEstoqueService      : [ESTOQUE] Ciclo finalizado. Total de atualizações enviadas: 0
2026-09-06T01:48:00.060-03:00  INFO 12340 --- [ecommerce] [scheduling-1] c.d.e.service.SincronizacaoService       : Lendo VW_ECOMMERCE_PRECOS no banco de dados...
2026-09-06T01:48:00.108-03:00  INFO 12340 --- [ecommerce] [scheduling-1] c.d.e.service.SincronizacaoService       : Ciclo finalizado. Total de atualizações enviadas: 0
2026-09-06T01:48:59.999-03:00  INFO 12340 --- [ecommerce] [scheduling-1] c.d.e.s.SincronizacaoEstoqueService      : [ESTOQUE] Lendo VW_ECOMMERCE_ESTOQUE no banco de dados...
2026-09-06T01:49:00.217-03:00  INFO 12340 --- [ecommerce] [scheduling-1] c.d.e.s.SincronizacaoEstoqueService      : [ESTOQUE] Ciclo finalizado. Total de atualizações enviadas: 0
2026-09-06T01:49:00.217-03:00  INFO 12340 --- [ecommerce] [scheduling-1] c.d.e.service.SincronizacaoService       : Lendo VW_ECOMMERCE_PRECOS no banco de dados...
2026-09-06T01:49:00.338-03:00  INFO 12340 --- [ecommerce] [scheduling-1] c.d.e.service.SincronizacaoService       : Ciclo finalizado. Total de atualizações enviadas: 0
2026-09-06T01:50:00.000-03:00  INFO 12340 --- [ecommerce] [scheduling-1] c.d.e.service.SincronizacaoService       : Lendo VW_ECOMMERCE_PRECOS no banco de dados...
2026-09-06T01:50:00.121-03:00  INFO 12340 --- [ecommerce] [scheduling-1] c.d.e.service.SincronizacaoService       : Ciclo finalizado. Total de atualizações enviadas: 0
2026-09-06T01:50:00.122-03:00  INFO 12340 --- [ecommerce] [scheduling-1] c.d.e.s.SincronizacaoEstoqueService      : [ESTOQUE] Lendo VW_ECOMMERCE_ESTOQUE no banco de dados...
2026-09-06T01:50:00.145-03:00  INFO 12340 --- [ecommerce] [scheduling-1] c.d.e.s.SincronizacaoEstoqueService      : [ESTOQUE] Ciclo finalizado. Total de atualizações enviadas: 0
2026-09-06T01:51:00.000-03:00  INFO 12340 --- [ecommerce] [scheduling-1] c.d.e.s.SincronizacaoEstoqueService      : [ESTOQUE] Lendo VW_ECOMMERCE_ESTOQUE no banco de dados...
2026-09-06T01:51:00.049-03:00  INFO 12340 --- [ecommerce] [scheduling-1] c.d.e.s.SincronizacaoEstoqueService      : [ESTOQUE] Ciclo finalizado. Total de atualizações enviadas: 0
2026-09-06T01:51:00.050-03:00  INFO 12340 --- [ecommerce] [scheduling-1] c.d.e.service.SincronizacaoService       : Lendo VW_ECOMMERCE_PRECOS no banco de dados...
2026-09-06T01:51:00.096-03:00  INFO 12340 --- [ecommerce] [scheduling-1] c.d.e.service.SincronizacaoService       : Ciclo finalizado. Total de atualizações enviadas: 0
2026-09-06T01:52:00.000-03:00  INFO 12340 --- [ecommerce] [scheduling-1] c.d.e.service.SincronizacaoService       : Lendo VW_ECOMMERCE_PRECOS no banco de dados...
2026-09-06T01:52:00.076-03:00  INFO 12340 --- [ecommerce] [scheduling-1] c.d.e.service.SincronizacaoService       : Ciclo finalizado. Total de atualizações enviadas: 0
2026-09-06T01:52:00.076-03:00  INFO 12340 --- [ecommerce] [scheduling-1] c.d.e.s.SincronizacaoEstoqueService      : [ESTOQUE] Lendo VW_ECOMMERCE_ESTOQUE no banco de dados...
2026-09-06T01:52:00.108-03:00  INFO 12340 --- [ecommerce] [scheduling-1] c.d.e.s.SincronizacaoEstoqueService      : [ESTOQUE] Ciclo finalizado. Total de atualizações enviadas: 0
2026-09-06T01:53:00.000-03:00  INFO 12340 --- [ecommerce] [scheduling-1] c.d.e.s.SincronizacaoEstoqueService      : [ESTOQUE] Lendo VW_ECOMMERCE_ESTOQUE no banco de dados...
2026-09-06T01:53:00.083-03:00  INFO 12340 --- [ecommerce] [scheduling-1] c.d.e.s.SincronizacaoEstoqueService      : [ESTOQUE] Ciclo finalizado. Total de atualizações enviadas: 0
2026-09-06T01:53:00.084-03:00  INFO 12340 --- [ecommerce] [scheduling-1] c.d.e.service.SincronizacaoService       : Lendo VW_ECOMMERCE_PRECOS no banco de dados...
2026-09-06T01:53:00.131-03:00  INFO 12340 --- [ecommerce] [scheduling-1] c.d.e.service.SincronizacaoService       : Ciclo finalizado. Total de atualizações enviadas: 0
2026-09-06T01:54:00.000-03:00  INFO 12340 --- [ecommerce] [scheduling-1] c.d.e.s.SincronizacaoEstoqueService      : [ESTOQUE] Lendo VW_ECOMMERCE_ESTOQUE no banco de dados...
2026-09-06T01:54:00.093-03:00  INFO 12340 --- [ecommerce] [scheduling-1] c.d.e.s.SincronizacaoEstoqueService      : [ESTOQUE] Ciclo finalizado. Total de atualizações enviadas: 0
2026-09-06T01:54:00.094-03:00  INFO 12340 --- [ecommerce] [scheduling-1] c.d.e.service.SincronizacaoService       : Lendo VW_ECOMMERCE_PRECOS no banco de dados...
2026-09-06T01:54:00.143-03:00  INFO 12340 --- [ecommerce] [scheduling-1] c.d.e.service.SincronizacaoService       : Ciclo finalizado. Total de atualizações enviadas: 0
2026-09-06T01:54:59.999-03:00  INFO 12340 --- [ecommerce] [scheduling-1] c.d.e.service.SincronizacaoService       : Lendo VW_ECOMMERCE_PRECOS no banco de dados...
2026-09-06T01:55:00.098-03:00  INFO 12340 --- [ecommerce] [scheduling-1] c.d.e.service.SincronizacaoService       : Ciclo finalizado. Total de atualizações enviadas: 0
2026-09-06T01:55:00.099-03:00  INFO 12340 --- [ecommerce] [scheduling-1] c.d.e.s.SincronizacaoEstoqueService      : [ESTOQUE] Lendo VW_ECOMMERCE_ESTOQUE no banco de dados...
2026-09-06T01:55:00.126-03:00  INFO 12340 --- [ecommerce] [scheduling-1] c.d.e.s.SincronizacaoEstoqueService      : [ESTOQUE] Ciclo finalizado. Total de atualizações enviadas: 0
2026-09-06T01:55:59.999-03:00  INFO 12340 --- [ecommerce] [scheduling-1] c.d.e.service.SincronizacaoService       : Lendo VW_ECOMMERCE_PRECOS no banco de dados...
2026-09-06T01:56:00.061-03:00  INFO 12340 --- [ecommerce] [scheduling-1] c.d.e.service.SincronizacaoService       : Ciclo finalizado. Total de atualizações enviadas: 0
2026-09-06T01:56:00.061-03:00  INFO 12340 --- [ecommerce] [scheduling-1] c.d.e.s.SincronizacaoEstoqueService      : [ESTOQUE] Lendo VW_ECOMMERCE_ESTOQUE no banco de dados...
2026-09-06T01:56:00.105-03:00  INFO 12340 --- [ecommerce] [scheduling-1] c.d.e.s.SincronizacaoEstoqueService      : [ESTOQUE] Ciclo finalizado. Total de atualizações enviadas: 0
2026-09-06T01:57:00.001-03:00  INFO 12340 --- [ecommerce] [scheduling-1] c.d.e.service.SincronizacaoService       : Lendo VW_ECOMMERCE_PRECOS no banco de dados...
2026-09-06T01:57:00.069-03:00  INFO 12340 --- [ecommerce] [scheduling-1] c.d.e.service.SincronizacaoService       : Ciclo finalizado. Total de atualizações enviadas: 0
2026-09-06T01:57:00.069-03:00  INFO 12340 --- [ecommerce] [scheduling-1] c.d.e.s.SincronizacaoEstoqueService      : [ESTOQUE] Lendo VW_ECOMMERCE_ESTOQUE no banco de dados...
2026-09-06T01:57:00.103-03:00  INFO 12340 --- [ecommerce] [scheduling-1] c.d.e.s.SincronizacaoEstoqueService      : [ESTOQUE] Ciclo finalizado. Total de atualizações enviadas: 0
2026-09-06T01:58:00.000-03:00  INFO 12340 --- [ecommerce] [scheduling-1] c.d.e.s.SincronizacaoEstoqueService      : [ESTOQUE] Lendo VW_ECOMMERCE_ESTOQUE no banco de dados...
2026-09-06T01:58:00.039-03:00  INFO 12340 --- [ecommerce] [scheduling-1] c.d.e.s.SincronizacaoEstoqueService      : [ESTOQUE] Ciclo finalizado. Total de atualizações enviadas: 0
2026-09-06T01:58:00.040-03:00  INFO 12340 --- [ecommerce] [scheduling-1] c.d.e.service.SincronizacaoService       : Lendo VW_ECOMMERCE_PRECOS no banco de dados...
2026-09-06T01:58:00.099-03:00  INFO 12340 --- [ecommerce] [scheduling-1] c.d.e.service.SincronizacaoService       : Ciclo finalizado. Total de atualizações enviadas: 0
2026-09-06T01:58:59.999-03:00  INFO 12340 --- [ecommerce] [scheduling-1] c.d.e.s.SincronizacaoEstoqueService      : [ESTOQUE] Lendo VW_ECOMMERCE_ESTOQUE no banco de dados...
2026-09-06T01:59:00.088-03:00  INFO 12340 --- [ecommerce] [scheduling-1] c.d.e.s.SincronizacaoEstoqueService      : [ESTOQUE] Ciclo finalizado. Total de atualizações enviadas: 0
2026-09-06T01:59:00.088-03:00  INFO 12340 --- [ecommerce] [scheduling-1] c.d.e.service.SincronizacaoService       : Lendo VW_ECOMMERCE_PRECOS no banco de dados...
2026-09-06T01:59:00.165-03:00  INFO 12340 --- [ecommerce] [scheduling-1] c.d.e.service.SincronizacaoService       : Ciclo finalizado. Total de atualizações enviadas: 0
2026-09-06T02:00:00.000-03:00  INFO 12340 --- [ecommerce] [scheduling-1] c.d.e.s.SincronizacaoEstoqueService      : [ESTOQUE] Lendo VW_ECOMMERCE_ESTOQUE no banco de dados...
2026-09-06T02:00:00.055-03:00  INFO 12340 --- [ecommerce] [scheduling-1] c.d.e.s.SincronizacaoEstoqueService      : [ESTOQUE] Ciclo finalizado. Total de atualizações enviadas: 0
2026-09-06T02:00:00.055-03:00  INFO 12340 --- [ecommerce] [scheduling-1] c.d.e.service.SincronizacaoService       : Lendo VW_ECOMMERCE_PRECOS no banco de dados...
2026-09-06T02:00:00.102-03:00  INFO 12340 --- [ecommerce] [scheduling-1] c.d.e.service.SincronizacaoService       : Ciclo finalizado. Total de atualizações enviadas: 0
2026-09-06T02:01:00.000-03:00  INFO 12340 --- [ecommerce] [scheduling-1] c.d.e.service.SincronizacaoService       : Lendo VW_ECOMMERCE_PRECOS no banco de dados...
2026-09-06T02:01:00.213-03:00  INFO 12340 --- [ecommerce] [scheduling-1] c.d.e.service.SincronizacaoService       : Ciclo finalizado. Total de atualizações enviadas: 0
2026-09-06T02:01:00.213-03:00  INFO 12340 --- [ecommerce] [scheduling-1] c.d.e.s.SincronizacaoEstoqueService      : [ESTOQUE] Lendo VW_ECOMMERCE_ESTOQUE no banco de dados...
2026-09-06T02:01:00.246-03:00  INFO 12340 --- [ecommerce] [scheduling-1] c.d.e.s.SincronizacaoEstoqueService      : [ESTOQUE] Ciclo finalizado. Total de atualizações enviadas: 0
2026-09-06T02:02:00.000-03:00  INFO 12340 --- [ecommerce] [scheduling-1] c.d.e.s.SincronizacaoEstoqueService      : [ESTOQUE] Lendo VW_ECOMMERCE_ESTOQUE no banco de dados...
2026-09-06T02:02:00.143-03:00  INFO 12340 --- [ecommerce] [scheduling-1] c.d.e.s.SincronizacaoEstoqueService      : [ESTOQUE] Ciclo finalizado. Total de atualizações enviadas: 0
2026-09-06T02:02:00.144-03:00  INFO 12340 --- [ecommerce] [scheduling-1] c.d.e.service.SincronizacaoService       : Lendo VW_ECOMMERCE_PRECOS no banco de dados...
2026-09-06T02:02:00.244-03:00  INFO 12340 --- [ecommerce] [scheduling-1] c.d.e.service.SincronizacaoService       : Ciclo finalizado. Total de atualizações enviadas: 0
2026-09-06T02:03:00.000-03:00  INFO 12340 --- [ecommerce] [scheduling-1] c.d.e.s.SincronizacaoEstoqueService      : [ESTOQUE] Lendo VW_ECOMMERCE_ESTOQUE no banco de dados...
2026-09-06T02:03:00.092-03:00  INFO 12340 --- [ecommerce] [scheduling-1] c.d.e.s.SincronizacaoEstoqueService      : [ESTOQUE] Ciclo finalizado. Total de atualizações enviadas: 0
2026-09-06T02:03:00.093-03:00  INFO 12340 --- [ecommerce] [scheduling-1] c.d.e.service.SincronizacaoService       : Lendo VW_ECOMMERCE_PRECOS no banco de dados...
2026-09-06T02:03:00.197-03:00  INFO 12340 --- [ecommerce] [scheduling-1] c.d.e.service.SincronizacaoService       : Ciclo finalizado. Total de atualizações enviadas: 0
2026-09-06T02:03:59.999-03:00  INFO 12340 --- [ecommerce] [scheduling-1] c.d.e.s.SincronizacaoEstoqueService      : [ESTOQUE] Lendo VW_ECOMMERCE_ESTOQUE no banco de dados...
2026-09-06T02:04:00.059-03:00  INFO 12340 --- [ecommerce] [scheduling-1] c.d.e.s.SincronizacaoEstoqueService      : [ESTOQUE] Ciclo finalizado. Total de atualizações enviadas: 0
2026-09-06T02:04:00.059-03:00  INFO 12340 --- [ecommerce] [scheduling-1] c.d.e.service.SincronizacaoService       : Lendo VW_ECOMMERCE_PRECOS no banco de dados...
2026-09-06T02:04:00.151-03:00  INFO 12340 --- [ecommerce] [scheduling-1] c.d.e.service.SincronizacaoService       : Ciclo finalizado. Total de atualizações enviadas: 0
2026-09-06T02:05:00.000-03:00  INFO 12340 --- [ecommerce] [scheduling-1] c.d.e.service.SincronizacaoService       : Lendo VW_ECOMMERCE_PRECOS no banco de dados...
2026-09-06T02:05:00.130-03:00  INFO 12340 --- [ecommerce] [scheduling-1] c.d.e.service.SincronizacaoService       : Ciclo finalizado. Total de atualizações enviadas: 0
2026-09-06T02:05:00.130-03:00  INFO 12340 --- [ecommerce] [scheduling-1] c.d.e.s.SincronizacaoEstoqueService      : [ESTOQUE] Lendo VW_ECOMMERCE_ESTOQUE no banco de dados...
2026-09-06T02:05:00.150-03:00  INFO 12340 --- [ecommerce] [scheduling-1] c.d.e.s.SincronizacaoEstoqueService      : [ESTOQUE] Ciclo finalizado. Total de atualizações enviadas: 0
2026-09-06T02:06:00.000-03:00  INFO 12340 --- [ecommerce] [scheduling-1] c.d.e.s.SincronizacaoEstoqueService      : [ESTOQUE] Lendo VW_ECOMMERCE_ESTOQUE no banco de dados...
2026-09-06T02:06:00.090-03:00  INFO 12340 --- [ecommerce] [scheduling-1] c.d.e.s.SincronizacaoEstoqueService      : [ESTOQUE] Ciclo finalizado. Total de atualizações enviadas: 0
2026-09-06T02:06:00.090-03:00  INFO 12340 --- [ecommerce] [scheduling-1] c.d.e.service.SincronizacaoService       : Lendo VW_ECOMMERCE_PRECOS no banco de dados...
2026-09-06T02:06:00.142-03:00  INFO 12340 --- [ecommerce] [scheduling-1] c.d.e.service.SincronizacaoService       : Ciclo finalizado. Total de atualizações enviadas: 0
2026-09-06T02:07:00.000-03:00  INFO 12340 --- [ecommerce] [scheduling-1] c.d.e.service.SincronizacaoService       : Lendo VW_ECOMMERCE_PRECOS no banco de dados...
2026-09-06T02:07:00.052-03:00  INFO 12340 --- [ecommerce] [scheduling-1] c.d.e.service.SincronizacaoService       : Ciclo finalizado. Total de atualizações enviadas: 0
2026-09-06T02:07:00.052-03:00  INFO 12340 --- [ecommerce] [scheduling-1] c.d.e.s.SincronizacaoEstoqueService      : [ESTOQUE] Lendo VW_ECOMMERCE_ESTOQUE no banco de dados...
2026-09-06T02:07:00.085-03:00  INFO 12340 --- [ecommerce] [scheduling-1] c.d.e.s.SincronizacaoEstoqueService      : [ESTOQUE] Ciclo finalizado. Total de atualizações enviadas: 0
2026-09-06T02:08:00.000-03:00  INFO 12340 --- [ecommerce] [scheduling-1] c.d.e.service.SincronizacaoService       : Lendo VW_ECOMMERCE_PRECOS no banco de dados...
2026-09-06T02:08:00.122-03:00  INFO 12340 --- [ecommerce] [scheduling-1] c.d.e.service.SincronizacaoService       : Ciclo finalizado. Total de atualizações enviadas: 0
2026-09-06T02:08:00.123-03:00  INFO 12340 --- [ecommerce] [scheduling-1] c.d.e.s.SincronizacaoEstoqueService      : [ESTOQUE] Lendo VW_ECOMMERCE_ESTOQUE no banco de dados...
2026-09-06T02:08:00.144-03:00  INFO 12340 --- [ecommerce] [scheduling-1] c.d.e.s.SincronizacaoEstoqueService      : [ESTOQUE] Ciclo finalizado. Total de atualizações enviadas: 0
2026-09-06T02:08:59.999-03:00  INFO 12340 --- [ecommerce] [scheduling-1] c.d.e.service.SincronizacaoService       : Lendo VW_ECOMMERCE_PRECOS no banco de dados...
2026-09-06T02:09:00.094-03:00  INFO 12340 --- [ecommerce] [scheduling-1] c.d.e.service.SincronizacaoService       : Ciclo finalizado. Total de atualizações enviadas: 0
2026-09-06T02:09:00.094-03:00  INFO 12340 --- [ecommerce] [scheduling-1] c.d.e.s.SincronizacaoEstoqueService      : [ESTOQUE] Lendo VW_ECOMMERCE_ESTOQUE no banco de dados...
2026-09-06T02:09:00.124-03:00  INFO 12340 --- [ecommerce] [scheduling-1] c.d.e.s.SincronizacaoEstoqueService      : [ESTOQUE] Ciclo finalizado. Total de atualizações enviadas: 0
2026-09-06T02:10:00.000-03:00  INFO 12340 --- [ecommerce] [scheduling-1] c.d.e.service.SincronizacaoService       : Lendo VW_ECOMMERCE_PRECOS no banco de dados...
2026-09-06T02:10:00.131-03:00  INFO 12340 --- [ecommerce] [scheduling-1] c.d.e.service.SincronizacaoService       : Ciclo finalizado. Total de atualizações enviadas: 0
2026-09-06T02:10:00.131-03:00  INFO 12340 --- [ecommerce] [scheduling-1] c.d.e.s.SincronizacaoEstoqueService      : [ESTOQUE] Lendo VW_ECOMMERCE_ESTOQUE no banco de dados...
2026-09-06T02:10:00.151-03:00  INFO 12340 --- [ecommerce] [scheduling-1] c.d.e.s.SincronizacaoEstoqueService      : [ESTOQUE] Ciclo finalizado. Total de atualizações enviadas: 0
2026-09-06T02:11:00.000-03:00  INFO 12340 --- [ecommerce] [scheduling-1] c.d.e.service.SincronizacaoService       : Lendo VW_ECOMMERCE_PRECOS no banco de dados...
2026-09-06T02:11:00.083-03:00  INFO 12340 --- [ecommerce] [scheduling-1] c.d.e.service.SincronizacaoService       : Ciclo finalizado. Total de atualizações enviadas: 0
2026-09-06T02:11:00.083-03:00  INFO 12340 --- [ecommerce] [scheduling-1] c.d.e.s.SincronizacaoEstoqueService      : [ESTOQUE] Lendo VW_ECOMMERCE_ESTOQUE no banco de dados...
2026-09-06T02:11:00.114-03:00  INFO 12340 --- [ecommerce] [scheduling-1] c.d.e.s.SincronizacaoEstoqueService      : [ESTOQUE] Ciclo finalizado. Total de atualizações enviadas: 0
2026-09-06T02:12:00.000-03:00  INFO 12340 --- [ecommerce] [scheduling-1] c.d.e.s.SincronizacaoEstoqueService      : [ESTOQUE] Lendo VW_ECOMMERCE_ESTOQUE no banco de dados...
2026-09-06T02:12:00.080-03:00  INFO 12340 --- [ecommerce] [scheduling-1] c.d.e.s.SincronizacaoEstoqueService      : [ESTOQUE] Ciclo finalizado. Total de atualizações enviadas: 0
2026-09-06T02:12:00.080-03:00  INFO 12340 --- [ecommerce] [scheduling-1] c.d.e.service.SincronizacaoService       : Lendo VW_ECOMMERCE_PRECOS no banco de dados...
2026-09-06T02:12:00.231-03:00  INFO 12340 --- [ecommerce] [scheduling-1] c.d.e.service.SincronizacaoService       : Ciclo finalizado. Total de atualizações enviadas: 0
2026-09-06T02:13:00.000-03:00  INFO 12340 --- [ecommerce] [scheduling-1] c.d.e.service.SincronizacaoService       : Lendo VW_ECOMMERCE_PRECOS no banco de dados...
2026-09-06T02:13:00.109-03:00  INFO 12340 --- [ecommerce] [scheduling-1] c.d.e.service.SincronizacaoService       : Ciclo finalizado. Total de atualizações enviadas: 0
2026-09-06T02:13:00.109-03:00  INFO 12340 --- [ecommerce] [scheduling-1] c.d.e.s.SincronizacaoEstoqueService      : [ESTOQUE] Lendo VW_ECOMMERCE_ESTOQUE no banco de dados...
2026-09-06T02:13:00.146-03:00  INFO 12340 --- [ecommerce] [scheduling-1] c.d.e.s.SincronizacaoEstoqueService      : [ESTOQUE] Ciclo finalizado. Total de atualizações enviadas: 0
2026-09-06T02:14:00.000-03:00  INFO 12340 --- [ecommerce] [scheduling-1] c.d.e.s.SincronizacaoEstoqueService      : [ESTOQUE] Lendo VW_ECOMMERCE_ESTOQUE no banco de dados...
2026-09-06T02:14:00.056-03:00  INFO 12340 --- [ecommerce] [scheduling-1] c.d.e.s.SincronizacaoEstoqueService      : [ESTOQUE] Ciclo finalizado. Total de atualizações enviadas: 0
2026-09-06T02:14:00.056-03:00  INFO 12340 --- [ecommerce] [scheduling-1] c.d.e.service.SincronizacaoService       : Lendo VW_ECOMMERCE_PRECOS no banco de dados...
2026-09-06T02:14:00.225-03:00  INFO 12340 --- [ecommerce] [scheduling-1] c.d.e.service.SincronizacaoService       : Ciclo finalizado. Total de atualizações enviadas: 0
2026-09-06T02:15:00.000-03:00  INFO 12340 --- [ecommerce] [scheduling-1] c.d.e.s.SincronizacaoEstoqueService      : [ESTOQUE] Lendo VW_ECOMMERCE_ESTOQUE no banco de dados...
2026-09-06T02:15:00.099-03:00  INFO 12340 --- [ecommerce] [scheduling-1] c.d.e.s.SincronizacaoEstoqueService      : [ESTOQUE] Ciclo finalizado. Total de atualizações enviadas: 0
2026-09-06T02:15:00.099-03:00  INFO 12340 --- [ecommerce] [scheduling-1] c.d.e.service.SincronizacaoService       : Lendo VW_ECOMMERCE_PRECOS no banco de dados...
2026-09-06T02:15:00.385-03:00  INFO 12340 --- [ecommerce] [scheduling-1] c.d.e.service.SincronizacaoService       : Ciclo finalizado. Total de atualizações enviadas: 0
2026-09-06T02:16:00.000-03:00  INFO 12340 --- [ecommerce] [scheduling-1] c.d.e.service.SincronizacaoService       : Lendo VW_ECOMMERCE_PRECOS no banco de dados...
2026-09-06T02:16:00.088-03:00  INFO 12340 --- [ecommerce] [scheduling-1] c.d.e.service.SincronizacaoService       : Ciclo finalizado. Total de atualizações enviadas: 0
2026-09-06T02:16:00.088-03:00  INFO 12340 --- [ecommerce] [scheduling-1] c.d.e.s.SincronizacaoEstoqueService      : [ESTOQUE] Lendo VW_ECOMMERCE_ESTOQUE no banco de dados...
2026-09-06T02:16:00.113-03:00  INFO 12340 --- [ecommerce] [scheduling-1] c.d.e.s.SincronizacaoEstoqueService      : [ESTOQUE] Ciclo finalizado. Total de atualizações enviadas: 0
2026-09-06T02:17:00.000-03:00  INFO 12340 --- [ecommerce] [scheduling-1] c.d.e.s.SincronizacaoEstoqueService      : [ESTOQUE] Lendo VW_ECOMMERCE_ESTOQUE no banco de dados...
2026-09-06T02:17:00.056-03:00  INFO 12340 --- [ecommerce] [scheduling-1] c.d.e.s.SincronizacaoEstoqueService      : [ESTOQUE] Ciclo finalizado. Total de atualizações enviadas: 0
2026-09-06T02:17:00.056-03:00  INFO 12340 --- [ecommerce] [scheduling-1] c.d.e.service.SincronizacaoService       : Lendo VW_ECOMMERCE_PRECOS no banco de dados...
2026-09-06T02:17:00.104-03:00  INFO 12340 --- [ecommerce] [scheduling-1] c.d.e.service.SincronizacaoService       : Ciclo finalizado. Total de atualizações enviadas: 0
2026-09-06T02:17:59.999-03:00  INFO 12340 --- [ecommerce] [scheduling-1] c.d.e.s.SincronizacaoEstoqueService      : [ESTOQUE] Lendo VW_ECOMMERCE_ESTOQUE no banco de dados...
2026-09-06T02:18:00.040-03:00  INFO 12340 --- [ecommerce] [scheduling-1] c.d.e.s.SincronizacaoEstoqueService      : [ESTOQUE] Ciclo finalizado. Total de atualizações enviadas: 0
2026-09-06T02:18:00.041-03:00  INFO 12340 --- [ecommerce] [scheduling-1] c.d.e.service.SincronizacaoService       : Lendo VW_ECOMMERCE_PRECOS no banco de dados...
2026-09-06T02:18:00.085-03:00  INFO 12340 --- [ecommerce] [scheduling-1] c.d.e.service.SincronizacaoService       : Ciclo finalizado. Total de atualizações enviadas: 0
2026-09-06T02:19:00.000-03:00  INFO 12340 --- [ecommerce] [scheduling-1] c.d.e.s.SincronizacaoEstoqueService      : [ESTOQUE] Lendo VW_ECOMMERCE_ESTOQUE no banco de dados...
2026-09-06T02:19:00.065-03:00  INFO 12340 --- [ecommerce] [scheduling-1] c.d.e.s.SincronizacaoEstoqueService      : [ESTOQUE] Ciclo finalizado. Total de atualizações enviadas: 0
2026-09-06T02:19:00.065-03:00  INFO 12340 --- [ecommerce] [scheduling-1] c.d.e.service.SincronizacaoService       : Lendo VW_ECOMMERCE_PRECOS no banco de dados...
2026-09-06T02:19:00.113-03:00  INFO 12340 --- [ecommerce] [scheduling-1] c.d.e.service.SincronizacaoService       : Ciclo finalizado. Total de atualizações enviadas: 0
2026-09-06T02:20:00.000-03:00  INFO 12340 --- [ecommerce] [scheduling-1] c.d.e.service.SincronizacaoService       : Lendo VW_ECOMMERCE_PRECOS no banco de dados...
2026-09-06T02:20:00.100-03:00  INFO 12340 --- [ecommerce] [scheduling-1] c.d.e.service.SincronizacaoService       : Ciclo finalizado. Total de atualizações enviadas: 0
2026-09-06T02:20:00.100-03:00  INFO 12340 --- [ecommerce] [scheduling-1] c.d.e.s.SincronizacaoEstoqueService      : [ESTOQUE] Lendo VW_ECOMMERCE_ESTOQUE no banco de dados...
2026-09-06T02:20:00.130-03:00  INFO 12340 --- [ecommerce] [scheduling-1] c.d.e.s.SincronizacaoEstoqueService      : [ESTOQUE] Ciclo finalizado. Total de atualizações enviadas: 0
2026-09-06T02:21:00.000-03:00  INFO 12340 --- [ecommerce] [scheduling-1] c.d.e.s.SincronizacaoEstoqueService      : [ESTOQUE] Lendo VW_ECOMMERCE_ESTOQUE no banco de dados...
2026-09-06T02:21:00.055-03:00  INFO 12340 --- [ecommerce] [scheduling-1] c.d.e.s.SincronizacaoEstoqueService      : [ESTOQUE] Ciclo finalizado. Total de atualizações enviadas: 0
2026-09-06T02:21:00.055-03:00  INFO 12340 --- [ecommerce] [scheduling-1] c.d.e.service.SincronizacaoService       : Lendo VW_ECOMMERCE_PRECOS no banco de dados...
2026-09-06T02:21:00.149-03:00  INFO 12340 --- [ecommerce] [scheduling-1] c.d.e.service.SincronizacaoService       : Ciclo finalizado. Total de atualizações enviadas: 0
2026-09-06T02:22:00.000-03:00  INFO 12340 --- [ecommerce] [scheduling-1] c.d.e.s.SincronizacaoEstoqueService      : [ESTOQUE] Lendo VW_ECOMMERCE_ESTOQUE no banco de dados...
2026-09-06T02:22:00.106-03:00  INFO 12340 --- [ecommerce] [scheduling-1] c.d.e.s.SincronizacaoEstoqueService      : [ESTOQUE] Ciclo finalizado. Total de atualizações enviadas: 0
2026-09-06T02:22:00.107-03:00  INFO 12340 --- [ecommerce] [scheduling-1] c.d.e.service.SincronizacaoService       : Lendo VW_ECOMMERCE_PRECOS no banco de dados...
2026-09-06T02:22:00.152-03:00  INFO 12340 --- [ecommerce] [scheduling-1] c.d.e.service.SincronizacaoService       : Ciclo finalizado. Total de atualizações enviadas: 0
2026-09-06T02:23:00.000-03:00  INFO 12340 --- [ecommerce] [scheduling-1] c.d.e.s.SincronizacaoEstoqueService      : [ESTOQUE] Lendo VW_ECOMMERCE_ESTOQUE no banco de dados...
2026-09-06T02:23:00.033-03:00  INFO 12340 --- [ecommerce] [scheduling-1] c.d.e.s.SincronizacaoEstoqueService      : [ESTOQUE] Ciclo finalizado. Total de atualizações enviadas: 0
2026-09-06T02:23:00.033-03:00  INFO 12340 --- [ecommerce] [scheduling-1] c.d.e.service.SincronizacaoService       : Lendo VW_ECOMMERCE_PRECOS no banco de dados...
2026-09-06T02:23:00.075-03:00  INFO 12340 --- [ecommerce] [scheduling-1] c.d.e.service.SincronizacaoService       : Ciclo finalizado. Total de atualizações enviadas: 0
2026-09-06T02:23:59.999-03:00  INFO 12340 --- [ecommerce] [scheduling-1] c.d.e.service.SincronizacaoService       : Lendo VW_ECOMMERCE_PRECOS no banco de dados...
2026-09-06T02:24:00.195-03:00  INFO 12340 --- [ecommerce] [scheduling-1] c.d.e.service.SincronizacaoService       : Ciclo finalizado. Total de atualizações enviadas: 0
2026-09-06T02:24:00.195-03:00  INFO 12340 --- [ecommerce] [scheduling-1] c.d.e.s.SincronizacaoEstoqueService      : [ESTOQUE] Lendo VW_ECOMMERCE_ESTOQUE no banco de dados...
2026-09-06T02:24:00.244-03:00  INFO 12340 --- [ecommerce] [scheduling-1] c.d.e.s.SincronizacaoEstoqueService      : [ESTOQUE] Ciclo finalizado. Total de atualizações enviadas: 0
2026-09-06T02:25:00.001-03:00  INFO 12340 --- [ecommerce] [scheduling-1] c.d.e.s.SincronizacaoEstoqueService      : [ESTOQUE] Lendo VW_ECOMMERCE_ESTOQUE no banco de dados...
2026-09-06T02:25:00.081-03:00  INFO 12340 --- [ecommerce] [scheduling-1] c.d.e.s.SincronizacaoEstoqueService      : [ESTOQUE] Ciclo finalizado. Total de atualizações enviadas: 0
2026-09-06T02:25:00.081-03:00  INFO 12340 --- [ecommerce] [scheduling-1] c.d.e.service.SincronizacaoService       : Lendo VW_ECOMMERCE_PRECOS no banco de dados...
2026-09-06T02:25:00.131-03:00  INFO 12340 --- [ecommerce] [scheduling-1] c.d.e.service.SincronizacaoService       : Ciclo finalizado. Total de atualizações enviadas: 0
2026-09-06T02:26:00.002-03:00  INFO 12340 --- [ecommerce] [scheduling-1] c.d.e.s.SincronizacaoEstoqueService      : [ESTOQUE] Lendo VW_ECOMMERCE_ESTOQUE no banco de dados...
2026-09-06T02:26:00.061-03:00  INFO 12340 --- [ecommerce] [scheduling-1] c.d.e.s.SincronizacaoEstoqueService      : [ESTOQUE] Ciclo finalizado. Total de atualizações enviadas: 0
2026-09-06T02:26:00.061-03:00  INFO 12340 --- [ecommerce] [scheduling-1] c.d.e.service.SincronizacaoService       : Lendo VW_ECOMMERCE_PRECOS no banco de dados...
2026-09-06T02:26:00.108-03:00  INFO 12340 --- [ecommerce] [scheduling-1] c.d.e.service.SincronizacaoService       : Ciclo finalizado. Total de atualizações enviadas: 0
2026-09-06T02:27:00.000-03:00  INFO 12340 --- [ecommerce] [scheduling-1] c.d.e.service.SincronizacaoService       : Lendo VW_ECOMMERCE_PRECOS no banco de dados...
2026-09-06T02:27:00.096-03:00  INFO 12340 --- [ecommerce] [scheduling-1] c.d.e.service.SincronizacaoService       : Ciclo finalizado. Total de atualizações enviadas: 0
2026-09-06T02:27:00.096-03:00  INFO 12340 --- [ecommerce] [scheduling-1] c.d.e.s.SincronizacaoEstoqueService      : [ESTOQUE] Lendo VW_ECOMMERCE_ESTOQUE no banco de dados...
2026-09-06T02:27:00.129-03:00  INFO 12340 --- [ecommerce] [scheduling-1] c.d.e.s.SincronizacaoEstoqueService      : [ESTOQUE] Ciclo finalizado. Total de atualizações enviadas: 0
2026-09-06T02:28:00.001-03:00  INFO 12340 --- [ecommerce] [scheduling-1] c.d.e.service.SincronizacaoService       : Lendo VW_ECOMMERCE_PRECOS no banco de dados...
2026-09-06T02:28:00.082-03:00  INFO 12340 --- [ecommerce] [scheduling-1] c.d.e.service.SincronizacaoService       : Ciclo finalizado. Total de atualizações enviadas: 0
2026-09-06T02:28:00.082-03:00  INFO 12340 --- [ecommerce] [scheduling-1] c.d.e.s.SincronizacaoEstoqueService      : [ESTOQUE] Lendo VW_ECOMMERCE_ESTOQUE no banco de dados...
2026-09-06T02:28:00.110-03:00  INFO 12340 --- [ecommerce] [scheduling-1] c.d.e.s.SincronizacaoEstoqueService      : [ESTOQUE] Ciclo finalizado. Total de atualizações enviadas: 0
2026-09-06T02:29:00.000-03:00  INFO 12340 --- [ecommerce] [scheduling-1] c.d.e.s.SincronizacaoEstoqueService      : [ESTOQUE] Lendo VW_ECOMMERCE_ESTOQUE no banco de dados...
2026-09-06T02:29:00.087-03:00  INFO 12340 --- [ecommerce] [scheduling-1] c.d.e.s.SincronizacaoEstoqueService      : [ESTOQUE] Ciclo finalizado. Total de atualizações enviadas: 0
2026-09-06T02:29:00.088-03:00  INFO 12340 --- [ecommerce] [scheduling-1] c.d.e.service.SincronizacaoService       : Lendo VW_ECOMMERCE_PRECOS no banco de dados...
2026-09-06T02:29:00.270-03:00  INFO 12340 --- [ecommerce] [scheduling-1] c.d.e.service.SincronizacaoService       : Ciclo finalizado. Total de atualizações enviadas: 0
2026-09-06T02:30:00.000-03:00  INFO 12340 --- [ecommerce] [scheduling-1] c.d.e.service.SincronizacaoService       : Lendo VW_ECOMMERCE_PRECOS no banco de dados...
2026-09-06T02:30:00.092-03:00  INFO 12340 --- [ecommerce] [scheduling-1] c.d.e.service.SincronizacaoService       : Ciclo finalizado. Total de atualizações enviadas: 0
2026-09-06T02:30:00.092-03:00  INFO 12340 --- [ecommerce] [scheduling-1] c.d.e.s.SincronizacaoEstoqueService      : [ESTOQUE] Lendo VW_ECOMMERCE_ESTOQUE no banco de dados...
2026-09-06T02:30:00.133-03:00  INFO 12340 --- [ecommerce] [scheduling-1] c.d.e.s.SincronizacaoEstoqueService      : [ESTOQUE] Ciclo finalizado. Total de atualizações enviadas: 0
2026-09-06T02:31:00.001-03:00  INFO 12340 --- [ecommerce] [scheduling-1] c.d.e.service.SincronizacaoService       : Lendo VW_ECOMMERCE_PRECOS no banco de dados...
2026-09-06T02:31:00.217-03:00  INFO 12340 --- [ecommerce] [scheduling-1] c.d.e.service.SincronizacaoService       : Ciclo finalizado. Total de atualizações enviadas: 0
2026-09-06T02:31:00.217-03:00  INFO 12340 --- [ecommerce] [scheduling-1] c.d.e.s.SincronizacaoEstoqueService      : [ESTOQUE] Lendo VW_ECOMMERCE_ESTOQUE no banco de dados...
2026-09-06T02:31:00.262-03:00  INFO 12340 --- [ecommerce] [scheduling-1] c.d.e.s.SincronizacaoEstoqueService      : [ESTOQUE] Ciclo finalizado. Total de atualizações enviadas: 0
2026-09-06T02:32:00.000-03:00  INFO 12340 --- [ecommerce] [scheduling-1] c.d.e.s.SincronizacaoEstoqueService      : [ESTOQUE] Lendo VW_ECOMMERCE_ESTOQUE no banco de dados...
2026-09-06T02:32:00.081-03:00  INFO 12340 --- [ecommerce] [scheduling-1] c.d.e.s.SincronizacaoEstoqueService      : [ESTOQUE] Ciclo finalizado. Total de atualizações enviadas: 0
2026-09-06T02:32:00.081-03:00  INFO 12340 --- [ecommerce] [scheduling-1] c.d.e.service.SincronizacaoService       : Lendo VW_ECOMMERCE_PRECOS no banco de dados...
2026-09-06T02:32:00.126-03:00  INFO 12340 --- [ecommerce] [scheduling-1] c.d.e.service.SincronizacaoService       : Ciclo finalizado. Total de atualizações enviadas: 0
2026-09-06T02:33:00.000-03:00  INFO 12340 --- [ecommerce] [scheduling-1] c.d.e.service.SincronizacaoService       : Lendo VW_ECOMMERCE_PRECOS no banco de dados...
2026-09-06T02:33:00.046-03:00  INFO 12340 --- [ecommerce] [scheduling-1] c.d.e.service.SincronizacaoService       : Ciclo finalizado. Total de atualizações enviadas: 0
2026-09-06T02:33:00.047-03:00  INFO 12340 --- [ecommerce] [scheduling-1] c.d.e.s.SincronizacaoEstoqueService      : [ESTOQUE] Lendo VW_ECOMMERCE_ESTOQUE no banco de dados...
2026-09-06T02:33:00.082-03:00  INFO 12340 --- [ecommerce] [scheduling-1] c.d.e.s.SincronizacaoEstoqueService      : [ESTOQUE] Ciclo finalizado. Total de atualizações enviadas: 0
2026-09-06T02:34:00.000-03:00  INFO 12340 --- [ecommerce] [scheduling-1] c.d.e.service.SincronizacaoService       : Lendo VW_ECOMMERCE_PRECOS no banco de dados...
2026-09-06T02:34:00.247-03:00  INFO 12340 --- [ecommerce] [scheduling-1] c.d.e.service.SincronizacaoService       : Ciclo finalizado. Total de atualizações enviadas: 0
2026-09-06T02:34:00.248-03:00  INFO 12340 --- [ecommerce] [scheduling-1] c.d.e.s.SincronizacaoEstoqueService      : [ESTOQUE] Lendo VW_ECOMMERCE_ESTOQUE no banco de dados...
2026-09-06T02:34:00.289-03:00  INFO 12340 --- [ecommerce] [scheduling-1] c.d.e.s.SincronizacaoEstoqueService      : [ESTOQUE] Ciclo finalizado. Total de atualizações enviadas: 0
2026-09-06T02:34:59.999-03:00  INFO 12340 --- [ecommerce] [scheduling-1] c.d.e.service.SincronizacaoService       : Lendo VW_ECOMMERCE_PRECOS no banco de dados...
2026-09-06T02:35:00.077-03:00  INFO 12340 --- [ecommerce] [scheduling-1] c.d.e.service.SincronizacaoService       : Ciclo finalizado. Total de atualizações enviadas: 0
2026-09-06T02:35:00.078-03:00  INFO 12340 --- [ecommerce] [scheduling-1] c.d.e.s.SincronizacaoEstoqueService      : [ESTOQUE] Lendo VW_ECOMMERCE_ESTOQUE no banco de dados...
2026-09-06T02:35:00.101-03:00  INFO 12340 --- [ecommerce] [scheduling-1] c.d.e.s.SincronizacaoEstoqueService      : [ESTOQUE] Ciclo finalizado. Total de atualizações enviadas: 0
2026-09-06T02:36:00.000-03:00  INFO 12340 --- [ecommerce] [scheduling-1] c.d.e.service.SincronizacaoService       : Lendo VW_ECOMMERCE_PRECOS no banco de dados...
2026-09-06T02:36:00.085-03:00  INFO 12340 --- [ecommerce] [scheduling-1] c.d.e.service.SincronizacaoService       : Ciclo finalizado. Total de atualizações enviadas: 0
2026-09-06T02:36:00.085-03:00  INFO 12340 --- [ecommerce] [scheduling-1] c.d.e.s.SincronizacaoEstoqueService      : [ESTOQUE] Lendo VW_ECOMMERCE_ESTOQUE no banco de dados...
2026-09-06T02:36:00.115-03:00  INFO 12340 --- [ecommerce] [scheduling-1] c.d.e.s.SincronizacaoEstoqueService      : [ESTOQUE] Ciclo finalizado. Total de atualizações enviadas: 0
2026-09-06T02:37:00.000-03:00  INFO 12340 --- [ecommerce] [scheduling-1] c.d.e.service.SincronizacaoService       : Lendo VW_ECOMMERCE_PRECOS no banco de dados...
2026-09-06T02:37:00.050-03:00  INFO 12340 --- [ecommerce] [scheduling-1] c.d.e.service.SincronizacaoService       : Ciclo finalizado. Total de atualizações enviadas: 0
2026-09-06T02:37:00.050-03:00  INFO 12340 --- [ecommerce] [scheduling-1] c.d.e.s.SincronizacaoEstoqueService      : [ESTOQUE] Lendo VW_ECOMMERCE_ESTOQUE no banco de dados...
2026-09-06T02:37:00.077-03:00  INFO 12340 --- [ecommerce] [scheduling-1] c.d.e.s.SincronizacaoEstoqueService      : [ESTOQUE] Ciclo finalizado. Total de atualizações enviadas: 0
2026-09-06T02:37:59.999-03:00  INFO 12340 --- [ecommerce] [scheduling-1] c.d.e.s.SincronizacaoEstoqueService      : [ESTOQUE] Lendo VW_ECOMMERCE_ESTOQUE no banco de dados...
2026-09-06T02:38:00.036-03:00  INFO 12340 --- [ecommerce] [scheduling-1] c.d.e.s.SincronizacaoEstoqueService      : [ESTOQUE] Ciclo finalizado. Total de atualizações enviadas: 0
2026-09-06T02:38:00.037-03:00  INFO 12340 --- [ecommerce] [scheduling-1] c.d.e.service.SincronizacaoService       : Lendo VW_ECOMMERCE_PRECOS no banco de dados...
2026-09-06T02:38:00.080-03:00  INFO 12340 --- [ecommerce] [scheduling-1] c.d.e.service.SincronizacaoService       : Ciclo finalizado. Total de atualizações enviadas: 0
2026-09-06T02:39:00.000-03:00  INFO 12340 --- [ecommerce] [scheduling-1] c.d.e.s.SincronizacaoEstoqueService      : [ESTOQUE] Lendo VW_ECOMMERCE_ESTOQUE no banco de dados...
2026-09-06T02:39:00.049-03:00  INFO 12340 --- [ecommerce] [scheduling-1] c.d.e.s.SincronizacaoEstoqueService      : [ESTOQUE] Ciclo finalizado. Total de atualizações enviadas: 0
2026-09-06T02:39:00.049-03:00  INFO 12340 --- [ecommerce] [scheduling-1] c.d.e.service.SincronizacaoService       : Lendo VW_ECOMMERCE_PRECOS no banco de dados...
2026-09-06T02:39:00.265-03:00  INFO 12340 --- [ecommerce] [scheduling-1] c.d.e.service.SincronizacaoService       : Ciclo finalizado. Total de atualizações enviadas: 0
2026-09-06T02:39:59.999-03:00  INFO 12340 --- [ecommerce] [scheduling-1] c.d.e.service.SincronizacaoService       : Lendo VW_ECOMMERCE_PRECOS no banco de dados...
2026-09-06T02:40:00.103-03:00  INFO 12340 --- [ecommerce] [scheduling-1] c.d.e.service.SincronizacaoService       : Ciclo finalizado. Total de atualizações enviadas: 0
2026-09-06T02:40:00.103-03:00  INFO 12340 --- [ecommerce] [scheduling-1] c.d.e.s.SincronizacaoEstoqueService      : [ESTOQUE] Lendo VW_ECOMMERCE_ESTOQUE no banco de dados...
2026-09-06T02:40:00.128-03:00  INFO 12340 --- [ecommerce] [scheduling-1] c.d.e.s.SincronizacaoEstoqueService      : [ESTOQUE] Ciclo finalizado. Total de atualizações enviadas: 0
2026-09-06T02:41:00.000-03:00  INFO 12340 --- [ecommerce] [scheduling-1] c.d.e.s.SincronizacaoEstoqueService      : [ESTOQUE] Lendo VW_ECOMMERCE_ESTOQUE no banco de dados...
2026-09-06T02:41:00.060-03:00  INFO 12340 --- [ecommerce] [scheduling-1] c.d.e.s.SincronizacaoEstoqueService      : [ESTOQUE] Ciclo finalizado. Total de atualizações enviadas: 0
2026-09-06T02:41:00.061-03:00  INFO 12340 --- [ecommerce] [scheduling-1] c.d.e.service.SincronizacaoService       : Lendo VW_ECOMMERCE_PRECOS no banco de dados...
2026-09-06T02:41:00.152-03:00  INFO 12340 --- [ecommerce] [scheduling-1] c.d.e.service.SincronizacaoService       : Ciclo finalizado. Total de atualizações enviadas: 0
2026-09-06T02:42:00.000-03:00  INFO 12340 --- [ecommerce] [scheduling-1] c.d.e.s.SincronizacaoEstoqueService      : [ESTOQUE] Lendo VW_ECOMMERCE_ESTOQUE no banco de dados...
2026-09-06T02:42:00.093-03:00  INFO 12340 --- [ecommerce] [scheduling-1] c.d.e.s.SincronizacaoEstoqueService      : [ESTOQUE] Ciclo finalizado. Total de atualizações enviadas: 0
2026-09-06T02:42:00.093-03:00  INFO 12340 --- [ecommerce] [scheduling-1] c.d.e.service.SincronizacaoService       : Lendo VW_ECOMMERCE_PRECOS no banco de dados...
2026-09-06T02:42:00.221-03:00  INFO 12340 --- [ecommerce] [scheduling-1] c.d.e.service.SincronizacaoService       : Ciclo finalizado. Total de atualizações enviadas: 0
2026-09-06T02:43:00.000-03:00  INFO 12340 --- [ecommerce] [scheduling-1] c.d.e.s.SincronizacaoEstoqueService      : [ESTOQUE] Lendo VW_ECOMMERCE_ESTOQUE no banco de dados...
2026-09-06T02:43:00.073-03:00  INFO 12340 --- [ecommerce] [scheduling-1] c.d.e.s.SincronizacaoEstoqueService      : [ESTOQUE] Ciclo finalizado. Total de atualizações enviadas: 0
2026-09-06T02:43:00.073-03:00  INFO 12340 --- [ecommerce] [scheduling-1] c.d.e.service.SincronizacaoService       : Lendo VW_ECOMMERCE_PRECOS no banco de dados...
2026-09-06T02:43:00.115-03:00  INFO 12340 --- [ecommerce] [scheduling-1] c.d.e.service.SincronizacaoService       : Ciclo finalizado. Total de atualizações enviadas: 0
2026-09-06T02:44:00.000-03:00  INFO 12340 --- [ecommerce] [scheduling-1] c.d.e.s.SincronizacaoEstoqueService      : [ESTOQUE] Lendo VW_ECOMMERCE_ESTOQUE no banco de dados...
2026-09-06T02:44:00.051-03:00  INFO 12340 --- [ecommerce] [scheduling-1] c.d.e.s.SincronizacaoEstoqueService      : [ESTOQUE] Ciclo finalizado. Total de atualizações enviadas: 0
2026-09-06T02:44:00.051-03:00  INFO 12340 --- [ecommerce] [scheduling-1] c.d.e.service.SincronizacaoService       : Lendo VW_ECOMMERCE_PRECOS no banco de dados...
2026-09-06T02:44:00.099-03:00  INFO 12340 --- [ecommerce] [scheduling-1] c.d.e.service.SincronizacaoService       : Ciclo finalizado. Total de atualizações enviadas: 0
2026-09-06T02:45:00.000-03:00  INFO 12340 --- [ecommerce] [scheduling-1] c.d.e.s.SincronizacaoEstoqueService      : [ESTOQUE] Lendo VW_ECOMMERCE_ESTOQUE no banco de dados...
2026-09-06T02:45:00.097-03:00  INFO 12340 --- [ecommerce] [scheduling-1] c.d.e.s.SincronizacaoEstoqueService      : [ESTOQUE] Ciclo finalizado. Total de atualizações enviadas: 0
2026-09-06T02:45:00.097-03:00  INFO 12340 --- [ecommerce] [scheduling-1] c.d.e.service.SincronizacaoService       : Lendo VW_ECOMMERCE_PRECOS no banco de dados...
2026-09-06T02:45:00.170-03:00  INFO 12340 --- [ecommerce] [scheduling-1] c.d.e.service.SincronizacaoService       : Ciclo finalizado. Total de atualizações enviadas: 0
2026-09-06T02:46:00.001-03:00  INFO 12340 --- [ecommerce] [scheduling-1] c.d.e.s.SincronizacaoEstoqueService      : [ESTOQUE] Lendo VW_ECOMMERCE_ESTOQUE no banco de dados...
2026-09-06T02:46:00.049-03:00  INFO 12340 --- [ecommerce] [scheduling-1] c.d.e.s.SincronizacaoEstoqueService      : [ESTOQUE] Ciclo finalizado. Total de atualizações enviadas: 0
2026-09-06T02:46:00.049-03:00  INFO 12340 --- [ecommerce] [scheduling-1] c.d.e.service.SincronizacaoService       : Lendo VW_ECOMMERCE_PRECOS no banco de dados...
2026-09-06T02:46:00.189-03:00  INFO 12340 --- [ecommerce] [scheduling-1] c.d.e.service.SincronizacaoService       : Ciclo finalizado. Total de atualizações enviadas: 0
2026-09-06T02:47:00.000-03:00  INFO 12340 --- [ecommerce] [scheduling-1] c.d.e.service.SincronizacaoService       : Lendo VW_ECOMMERCE_PRECOS no banco de dados...
2026-09-06T02:47:00.099-03:00  INFO 12340 --- [ecommerce] [scheduling-1] c.d.e.service.SincronizacaoService       : Ciclo finalizado. Total de atualizações enviadas: 0
2026-09-06T02:47:00.099-03:00  INFO 12340 --- [ecommerce] [scheduling-1] c.d.e.s.SincronizacaoEstoqueService      : [ESTOQUE] Lendo VW_ECOMMERCE_ESTOQUE no banco de dados...
2026-09-06T02:47:00.126-03:00  INFO 12340 --- [ecommerce] [scheduling-1] c.d.e.s.SincronizacaoEstoqueService      : [ESTOQUE] Ciclo finalizado. Total de atualizações enviadas: 0
2026-09-06T02:48:00.000-03:00  INFO 12340 --- [ecommerce] [scheduling-1] c.d.e.s.SincronizacaoEstoqueService      : [ESTOQUE] Lendo VW_ECOMMERCE_ESTOQUE no banco de dados...
2026-09-06T02:48:00.097-03:00  INFO 12340 --- [ecommerce] [scheduling-1] c.d.e.s.SincronizacaoEstoqueService      : [ESTOQUE] Ciclo finalizado. Total de atualizações enviadas: 0
2026-09-06T02:48:00.097-03:00  INFO 12340 --- [ecommerce] [scheduling-1] c.d.e.service.SincronizacaoService       : Lendo VW_ECOMMERCE_PRECOS no banco de dados...
2026-09-06T02:48:00.138-03:00  INFO 12340 --- [ecommerce] [scheduling-1] c.d.e.service.SincronizacaoService       : Ciclo finalizado. Total de atualizações enviadas: 0
2026-09-06T02:49:00.000-03:00  INFO 12340 --- [ecommerce] [scheduling-1] c.d.e.s.SincronizacaoEstoqueService      : [ESTOQUE] Lendo VW_ECOMMERCE_ESTOQUE no banco de dados...
2026-09-06T02:49:00.075-03:00  INFO 12340 --- [ecommerce] [scheduling-1] c.d.e.s.SincronizacaoEstoqueService      : [ESTOQUE] Ciclo finalizado. Total de atualizações enviadas: 0
2026-09-06T02:49:00.075-03:00  INFO 12340 --- [ecommerce] [scheduling-1] c.d.e.service.SincronizacaoService       : Lendo VW_ECOMMERCE_PRECOS no banco de dados...
2026-09-06T02:49:00.221-03:00  INFO 12340 --- [ecommerce] [scheduling-1] c.d.e.service.SincronizacaoService       : Ciclo finalizado. Total de atualizações enviadas: 0
2026-09-06T02:50:00.000-03:00  INFO 12340 --- [ecommerce] [scheduling-1] c.d.e.service.SincronizacaoService       : Lendo VW_ECOMMERCE_PRECOS no banco de dados...
2026-09-06T02:50:00.107-03:00  INFO 12340 --- [ecommerce] [scheduling-1] c.d.e.service.SincronizacaoService       : Ciclo finalizado. Total de atualizações enviadas: 0
2026-09-06T02:50:00.107-03:00  INFO 12340 --- [ecommerce] [scheduling-1] c.d.e.s.SincronizacaoEstoqueService      : [ESTOQUE] Lendo VW_ECOMMERCE_ESTOQUE no banco de dados...
2026-09-06T02:50:00.132-03:00  INFO 12340 --- [ecommerce] [scheduling-1] c.d.e.s.SincronizacaoEstoqueService      : [ESTOQUE] Ciclo finalizado. Total de atualizações enviadas: 0
2026-09-06T02:51:00.000-03:00  INFO 12340 --- [ecommerce] [scheduling-1] c.d.e.s.SincronizacaoEstoqueService      : [ESTOQUE] Lendo VW_ECOMMERCE_ESTOQUE no banco de dados...
2026-09-06T02:51:00.045-03:00  INFO 12340 --- [ecommerce] [scheduling-1] c.d.e.s.SincronizacaoEstoqueService      : [ESTOQUE] Ciclo finalizado. Total de atualizações enviadas: 0
2026-09-06T02:51:00.045-03:00  INFO 12340 --- [ecommerce] [scheduling-1] c.d.e.service.SincronizacaoService       : Lendo VW_ECOMMERCE_PRECOS no banco de dados...
2026-09-06T02:51:00.088-03:00  INFO 12340 --- [ecommerce] [scheduling-1] c.d.e.service.SincronizacaoService       : Ciclo finalizado. Total de atualizações enviadas: 0
2026-09-06T02:51:59.999-03:00  INFO 12340 --- [ecommerce] [scheduling-1] c.d.e.service.SincronizacaoService       : Lendo VW_ECOMMERCE_PRECOS no banco de dados...
2026-09-06T02:52:00.115-03:00  INFO 12340 --- [ecommerce] [scheduling-1] c.d.e.service.SincronizacaoService       : Ciclo finalizado. Total de atualizações enviadas: 0
2026-09-06T02:52:00.115-03:00  INFO 12340 --- [ecommerce] [scheduling-1] c.d.e.s.SincronizacaoEstoqueService      : [ESTOQUE] Lendo VW_ECOMMERCE_ESTOQUE no banco de dados...
2026-09-06T02:52:00.137-03:00  INFO 12340 --- [ecommerce] [scheduling-1] c.d.e.s.SincronizacaoEstoqueService      : [ESTOQUE] Ciclo finalizado. Total de atualizações enviadas: 0
2026-09-06T02:52:59.999-03:00  INFO 12340 --- [ecommerce] [scheduling-1] c.d.e.service.SincronizacaoService       : Lendo VW_ECOMMERCE_PRECOS no banco de dados...
2026-09-06T02:53:00.044-03:00  INFO 12340 --- [ecommerce] [scheduling-1] c.d.e.service.SincronizacaoService       : Ciclo finalizado. Total de atualizações enviadas: 0
2026-09-06T02:53:00.045-03:00  INFO 12340 --- [ecommerce] [scheduling-1] c.d.e.s.SincronizacaoEstoqueService      : [ESTOQUE] Lendo VW_ECOMMERCE_ESTOQUE no banco de dados...
2026-09-06T02:53:00.077-03:00  INFO 12340 --- [ecommerce] [scheduling-1] c.d.e.s.SincronizacaoEstoqueService      : [ESTOQUE] Ciclo finalizado. Total de atualizações enviadas: 0
2026-09-06T02:54:00.000-03:00  INFO 12340 --- [ecommerce] [scheduling-1] c.d.e.s.SincronizacaoEstoqueService      : [ESTOQUE] Lendo VW_ECOMMERCE_ESTOQUE no banco de dados...
2026-09-06T02:54:00.045-03:00  INFO 12340 --- [ecommerce] [scheduling-1] c.d.e.s.SincronizacaoEstoqueService      : [ESTOQUE] Ciclo finalizado. Total de atualizações enviadas: 0
2026-09-06T02:54:00.045-03:00  INFO 12340 --- [ecommerce] [scheduling-1] c.d.e.service.SincronizacaoService       : Lendo VW_ECOMMERCE_PRECOS no banco de dados...
2026-09-06T02:54:00.115-03:00  INFO 12340 --- [ecommerce] [scheduling-1] c.d.e.service.SincronizacaoService       : Ciclo finalizado. Total de atualizações enviadas: 0
2026-09-06T02:55:00.001-03:00  INFO 12340 --- [ecommerce] [scheduling-1] c.d.e.s.SincronizacaoEstoqueService      : [ESTOQUE] Lendo VW_ECOMMERCE_ESTOQUE no banco de dados...
2026-09-06T02:55:00.079-03:00  INFO 12340 --- [ecommerce] [scheduling-1] c.d.e.s.SincronizacaoEstoqueService      : [ESTOQUE] Ciclo finalizado. Total de atualizações enviadas: 0
2026-09-06T02:55:00.079-03:00  INFO 12340 --- [ecommerce] [scheduling-1] c.d.e.service.SincronizacaoService       : Lendo VW_ECOMMERCE_PRECOS no banco de dados...
2026-09-06T02:55:00.134-03:00  INFO 12340 --- [ecommerce] [scheduling-1] c.d.e.service.SincronizacaoService       : Ciclo finalizado. Total de atualizações enviadas: 0
2026-09-06T02:56:00.000-03:00  INFO 12340 --- [ecommerce] [scheduling-1] c.d.e.s.SincronizacaoEstoqueService      : [ESTOQUE] Lendo VW_ECOMMERCE_ESTOQUE no banco de dados...
2026-09-06T02:56:00.045-03:00  INFO 12340 --- [ecommerce] [scheduling-1] c.d.e.s.SincronizacaoEstoqueService      : [ESTOQUE] Ciclo finalizado. Total de atualizações enviadas: 0
2026-09-06T02:56:00.046-03:00  INFO 12340 --- [ecommerce] [scheduling-1] c.d.e.service.SincronizacaoService       : Lendo VW_ECOMMERCE_PRECOS no banco de dados...
2026-09-06T02:56:00.097-03:00  INFO 12340 --- [ecommerce] [scheduling-1] c.d.e.service.SincronizacaoService       : Ciclo finalizado. Total de atualizações enviadas: 0
2026-09-06T02:57:00.001-03:00  INFO 12340 --- [ecommerce] [scheduling-1] c.d.e.s.SincronizacaoEstoqueService      : [ESTOQUE] Lendo VW_ECOMMERCE_ESTOQUE no banco de dados...
2026-09-06T02:57:00.071-03:00  INFO 12340 --- [ecommerce] [scheduling-1] c.d.e.s.SincronizacaoEstoqueService      : [ESTOQUE] Ciclo finalizado. Total de atualizações enviadas: 0
2026-09-06T02:57:00.071-03:00  INFO 12340 --- [ecommerce] [scheduling-1] c.d.e.service.SincronizacaoService       : Lendo VW_ECOMMERCE_PRECOS no banco de dados...
2026-09-06T02:57:00.116-03:00  INFO 12340 --- [ecommerce] [scheduling-1] c.d.e.service.SincronizacaoService       : Ciclo finalizado. Total de atualizações enviadas: 0
2026-09-06T02:58:00.000-03:00  INFO 12340 --- [ecommerce] [scheduling-1] c.d.e.service.SincronizacaoService       : Lendo VW_ECOMMERCE_PRECOS no banco de dados...
2026-09-06T02:58:00.047-03:00  INFO 12340 --- [ecommerce] [scheduling-1] c.d.e.service.SincronizacaoService       : Ciclo finalizado. Total de atualizações enviadas: 0
2026-09-06T02:58:00.047-03:00  INFO 12340 --- [ecommerce] [scheduling-1] c.d.e.s.SincronizacaoEstoqueService      : [ESTOQUE] Lendo VW_ECOMMERCE_ESTOQUE no banco de dados...
2026-09-06T02:58:00.078-03:00  INFO 12340 --- [ecommerce] [scheduling-1] c.d.e.s.SincronizacaoEstoqueService      : [ESTOQUE] Ciclo finalizado. Total de atualizações enviadas: 0
2026-09-06T02:58:59.999-03:00  INFO 12340 --- [ecommerce] [scheduling-1] c.d.e.s.SincronizacaoEstoqueService      : [ESTOQUE] Lendo VW_ECOMMERCE_ESTOQUE no banco de dados...
2026-09-06T02:59:00.053-03:00  INFO 12340 --- [ecommerce] [scheduling-1] c.d.e.s.SincronizacaoEstoqueService      : [ESTOQUE] Ciclo finalizado. Total de atualizações enviadas: 0
2026-09-06T02:59:00.054-03:00  INFO 12340 --- [ecommerce] [scheduling-1] c.d.e.service.SincronizacaoService       : Lendo VW_ECOMMERCE_PRECOS no banco de dados...
2026-09-06T02:59:00.102-03:00  INFO 12340 --- [ecommerce] [scheduling-1] c.d.e.service.SincronizacaoService       : Ciclo finalizado. Total de atualizações enviadas: 0
2026-09-06T03:00:00.000-03:00  INFO 12340 --- [ecommerce] [scheduling-1] c.d.e.s.SincronizacaoEstoqueService      : [ESTOQUE] Lendo VW_ECOMMERCE_ESTOQUE no banco de dados...
2026-09-06T03:00:00.083-03:00  INFO 12340 --- [ecommerce] [scheduling-1] c.d.e.s.SincronizacaoEstoqueService      : [ESTOQUE] Ciclo finalizado. Total de atualizações enviadas: 0
2026-09-06T03:00:00.083-03:00  INFO 12340 --- [ecommerce] [scheduling-1] c.d.e.service.SincronizacaoService       : Lendo VW_ECOMMERCE_PRECOS no banco de dados...
2026-09-06T03:00:00.129-03:00  INFO 12340 --- [ecommerce] [scheduling-1] c.d.e.service.SincronizacaoService       : Ciclo finalizado. Total de atualizações enviadas: 0
2026-09-06T03:00:59.999-03:00  INFO 12340 --- [ecommerce] [scheduling-1] c.d.e.service.SincronizacaoService       : Lendo VW_ECOMMERCE_PRECOS no banco de dados...
2026-09-06T03:01:00.049-03:00  INFO 12340 --- [ecommerce] [scheduling-1] c.d.e.service.SincronizacaoService       : Ciclo finalizado. Total de atualizações enviadas: 0
2026-09-06T03:01:00.049-03:00  INFO 12340 --- [ecommerce] [scheduling-1] c.d.e.s.SincronizacaoEstoqueService      : [ESTOQUE] Lendo VW_ECOMMERCE_ESTOQUE no banco de dados...
2026-09-06T03:01:00.070-03:00  INFO 12340 --- [ecommerce] [scheduling-1] c.d.e.s.SincronizacaoEstoqueService      : [ESTOQUE] Ciclo finalizado. Total de atualizações enviadas: 0
2026-09-06T03:01:59.999-03:00  INFO 12340 --- [ecommerce] [scheduling-1] c.d.e.s.SincronizacaoEstoqueService      : [ESTOQUE] Lendo VW_ECOMMERCE_ESTOQUE no banco de dados...
2026-09-06T03:02:00.069-03:00  INFO 12340 --- [ecommerce] [scheduling-1] c.d.e.s.SincronizacaoEstoqueService      : [ESTOQUE] Ciclo finalizado. Total de atualizações enviadas: 0
2026-09-06T03:02:00.069-03:00  INFO 12340 --- [ecommerce] [scheduling-1] c.d.e.service.SincronizacaoService       : Lendo VW_ECOMMERCE_PRECOS no banco de dados...
2026-09-06T03:02:00.127-03:00  INFO 12340 --- [ecommerce] [scheduling-1] c.d.e.service.SincronizacaoService       : Ciclo finalizado. Total de atualizações enviadas: 0
2026-09-06T03:03:00.001-03:00  INFO 12340 --- [ecommerce] [scheduling-1] c.d.e.s.SincronizacaoEstoqueService      : [ESTOQUE] Lendo VW_ECOMMERCE_ESTOQUE no banco de dados...
2026-09-06T03:03:00.047-03:00  INFO 12340 --- [ecommerce] [scheduling-1] c.d.e.s.SincronizacaoEstoqueService      : [ESTOQUE] Ciclo finalizado. Total de atualizações enviadas: 0
2026-09-06T03:03:00.055-03:00  INFO 12340 --- [ecommerce] [scheduling-1] c.d.e.service.SincronizacaoService       : Lendo VW_ECOMMERCE_PRECOS no banco de dados...
2026-09-06T03:03:00.103-03:00  INFO 12340 --- [ecommerce] [scheduling-1] c.d.e.service.SincronizacaoService       : Ciclo finalizado. Total de atualizações enviadas: 0
2026-09-06T03:04:00.000-03:00  INFO 12340 --- [ecommerce] [scheduling-1] c.d.e.service.SincronizacaoService       : Lendo VW_ECOMMERCE_PRECOS no banco de dados...
2026-09-06T03:04:00.093-03:00  INFO 12340 --- [ecommerce] [scheduling-1] c.d.e.service.SincronizacaoService       : Ciclo finalizado. Total de atualizações enviadas: 0
2026-09-06T03:04:00.093-03:00  INFO 12340 --- [ecommerce] [scheduling-1] c.d.e.s.SincronizacaoEstoqueService      : [ESTOQUE] Lendo VW_ECOMMERCE_ESTOQUE no banco de dados...
2026-09-06T03:04:00.124-03:00  INFO 12340 --- [ecommerce] [scheduling-1] c.d.e.s.SincronizacaoEstoqueService      : [ESTOQUE] Ciclo finalizado. Total de atualizações enviadas: 0
2026-09-06T03:05:00.000-03:00  INFO 12340 --- [ecommerce] [scheduling-1] c.d.e.service.SincronizacaoService       : Lendo VW_ECOMMERCE_PRECOS no banco de dados...
2026-09-06T03:05:00.100-03:00  INFO 12340 --- [ecommerce] [scheduling-1] c.d.e.service.SincronizacaoService       : Ciclo finalizado. Total de atualizações enviadas: 0
2026-09-06T03:05:00.100-03:00  INFO 12340 --- [ecommerce] [scheduling-1] c.d.e.s.SincronizacaoEstoqueService      : [ESTOQUE] Lendo VW_ECOMMERCE_ESTOQUE no banco de dados...
2026-09-06T03:05:00.139-03:00  INFO 12340 --- [ecommerce] [scheduling-1] c.d.e.s.SincronizacaoEstoqueService      : [ESTOQUE] Ciclo finalizado. Total de atualizações enviadas: 0
2026-09-06T03:05:59.999-03:00  INFO 12340 --- [ecommerce] [scheduling-1] c.d.e.s.SincronizacaoEstoqueService      : [ESTOQUE] Lendo VW_ECOMMERCE_ESTOQUE no banco de dados...
2026-09-06T03:06:00.101-03:00  INFO 12340 --- [ecommerce] [scheduling-1] c.d.e.s.SincronizacaoEstoqueService      : [ESTOQUE] Ciclo finalizado. Total de atualizações enviadas: 0
2026-09-06T03:06:00.102-03:00  INFO 12340 --- [ecommerce] [scheduling-1] c.d.e.service.SincronizacaoService       : Lendo VW_ECOMMERCE_PRECOS no banco de dados...
2026-09-06T03:06:00.381-03:00  INFO 12340 --- [ecommerce] [scheduling-1] c.d.e.service.SincronizacaoService       : Ciclo finalizado. Total de atualizações enviadas: 0
2026-09-06T03:07:00.000-03:00  INFO 12340 --- [ecommerce] [scheduling-1] c.d.e.service.SincronizacaoService       : Lendo VW_ECOMMERCE_PRECOS no banco de dados...
2026-09-06T03:07:00.089-03:00  INFO 12340 --- [ecommerce] [scheduling-1] c.d.e.service.SincronizacaoService       : Ciclo finalizado. Total de atualizações enviadas: 0
2026-09-06T03:07:00.089-03:00  INFO 12340 --- [ecommerce] [scheduling-1] c.d.e.s.SincronizacaoEstoqueService      : [ESTOQUE] Lendo VW_ECOMMERCE_ESTOQUE no banco de dados...
2026-09-06T03:07:00.115-03:00  INFO 12340 --- [ecommerce] [scheduling-1] c.d.e.s.SincronizacaoEstoqueService      : [ESTOQUE] Ciclo finalizado. Total de atualizações enviadas: 0
2026-09-06T03:08:00.000-03:00  INFO 12340 --- [ecommerce] [scheduling-1] c.d.e.service.SincronizacaoService       : Lendo VW_ECOMMERCE_PRECOS no banco de dados...
2026-09-06T03:08:00.050-03:00  INFO 12340 --- [ecommerce] [scheduling-1] c.d.e.service.SincronizacaoService       : Ciclo finalizado. Total de atualizações enviadas: 0
2026-09-06T03:08:00.050-03:00  INFO 12340 --- [ecommerce] [scheduling-1] c.d.e.s.SincronizacaoEstoqueService      : [ESTOQUE] Lendo VW_ECOMMERCE_ESTOQUE no banco de dados...
2026-09-06T03:08:00.083-03:00  INFO 12340 --- [ecommerce] [scheduling-1] c.d.e.s.SincronizacaoEstoqueService      : [ESTOQUE] Ciclo finalizado. Total de atualizações enviadas: 0
2026-09-06T03:09:00.000-03:00  INFO 12340 --- [ecommerce] [scheduling-1] c.d.e.s.SincronizacaoEstoqueService      : [ESTOQUE] Lendo VW_ECOMMERCE_ESTOQUE no banco de dados...
2026-09-06T03:09:00.075-03:00  INFO 12340 --- [ecommerce] [scheduling-1] c.d.e.s.SincronizacaoEstoqueService      : [ESTOQUE] Ciclo finalizado. Total de atualizações enviadas: 0
2026-09-06T03:09:00.076-03:00  INFO 12340 --- [ecommerce] [scheduling-1] c.d.e.service.SincronizacaoService       : Lendo VW_ECOMMERCE_PRECOS no banco de dados...
2026-09-06T03:09:00.138-03:00  INFO 12340 --- [ecommerce] [scheduling-1] c.d.e.service.SincronizacaoService       : Ciclo finalizado. Total de atualizações enviadas: 0
2026-09-06T03:10:00.000-03:00  INFO 12340 --- [ecommerce] [scheduling-1] c.d.e.service.SincronizacaoService       : Lendo VW_ECOMMERCE_PRECOS no banco de dados...
2026-09-06T03:10:00.084-03:00  INFO 12340 --- [ecommerce] [scheduling-1] c.d.e.service.SincronizacaoService       : Ciclo finalizado. Total de atualizações enviadas: 0
2026-09-06T03:10:00.084-03:00  INFO 12340 --- [ecommerce] [scheduling-1] c.d.e.s.SincronizacaoEstoqueService      : [ESTOQUE] Lendo VW_ECOMMERCE_ESTOQUE no banco de dados...
2026-09-06T03:10:00.111-03:00  INFO 12340 --- [ecommerce] [scheduling-1] c.d.e.s.SincronizacaoEstoqueService      : [ESTOQUE] Ciclo finalizado. Total de atualizações enviadas: 0
2026-09-06T03:11:00.000-03:00  INFO 12340 --- [ecommerce] [scheduling-1] c.d.e.service.SincronizacaoService       : Lendo VW_ECOMMERCE_PRECOS no banco de dados...
2026-09-06T03:11:00.108-03:00  INFO 12340 --- [ecommerce] [scheduling-1] c.d.e.service.SincronizacaoService       : Ciclo finalizado. Total de atualizações enviadas: 0
2026-09-06T03:11:00.108-03:00  INFO 12340 --- [ecommerce] [scheduling-1] c.d.e.s.SincronizacaoEstoqueService      : [ESTOQUE] Lendo VW_ECOMMERCE_ESTOQUE no banco de dados...
2026-09-06T03:11:00.139-03:00  INFO 12340 --- [ecommerce] [scheduling-1] c.d.e.s.SincronizacaoEstoqueService      : [ESTOQUE] Ciclo finalizado. Total de atualizações enviadas: 0
2026-09-06T03:12:00.000-03:00  INFO 12340 --- [ecommerce] [scheduling-1] c.d.e.service.SincronizacaoService       : Lendo VW_ECOMMERCE_PRECOS no banco de dados...
2026-09-06T03:12:00.082-03:00  INFO 12340 --- [ecommerce] [scheduling-1] c.d.e.service.SincronizacaoService       : Ciclo finalizado. Total de atualizações enviadas: 0
2026-09-06T03:12:00.083-03:00  INFO 12340 --- [ecommerce] [scheduling-1] c.d.e.s.SincronizacaoEstoqueService      : [ESTOQUE] Lendo VW_ECOMMERCE_ESTOQUE no banco de dados...
2026-09-06T03:12:00.107-03:00  INFO 12340 --- [ecommerce] [scheduling-1] c.d.e.s.SincronizacaoEstoqueService      : [ESTOQUE] Ciclo finalizado. Total de atualizações enviadas: 0
2026-09-06T03:13:00.000-03:00  INFO 12340 --- [ecommerce] [scheduling-1] c.d.e.s.SincronizacaoEstoqueService      : [ESTOQUE] Lendo VW_ECOMMERCE_ESTOQUE no banco de dados...
2026-09-06T03:13:00.082-03:00  INFO 12340 --- [ecommerce] [scheduling-1] c.d.e.s.SincronizacaoEstoqueService      : [ESTOQUE] Ciclo finalizado. Total de atualizações enviadas: 0
2026-09-06T03:13:00.083-03:00  INFO 12340 --- [ecommerce] [scheduling-1] c.d.e.service.SincronizacaoService       : Lendo VW_ECOMMERCE_PRECOS no banco de dados...
2026-09-06T03:13:00.125-03:00  INFO 12340 --- [ecommerce] [scheduling-1] c.d.e.service.SincronizacaoService       : Ciclo finalizado. Total de atualizações enviadas: 0
2026-09-06T03:13:59.999-03:00  INFO 12340 --- [ecommerce] [scheduling-1] c.d.e.s.SincronizacaoEstoqueService      : [ESTOQUE] Lendo VW_ECOMMERCE_ESTOQUE no banco de dados...
2026-09-06T03:14:00.090-03:00  INFO 12340 --- [ecommerce] [scheduling-1] c.d.e.s.SincronizacaoEstoqueService      : [ESTOQUE] Ciclo finalizado. Total de atualizações enviadas: 0
2026-09-06T03:14:00.090-03:00  INFO 12340 --- [ecommerce] [scheduling-1] c.d.e.service.SincronizacaoService       : Lendo VW_ECOMMERCE_PRECOS no banco de dados...
2026-09-06T03:14:00.269-03:00  INFO 12340 --- [ecommerce] [scheduling-1] c.d.e.service.SincronizacaoService       : Ciclo finalizado. Total de atualizações enviadas: 0
2026-09-06T03:15:00.000-03:00  INFO 12340 --- [ecommerce] [scheduling-1] c.d.e.s.SincronizacaoEstoqueService      : [ESTOQUE] Lendo VW_ECOMMERCE_ESTOQUE no banco de dados...
2026-09-06T03:15:00.078-03:00  INFO 12340 --- [ecommerce] [scheduling-1] c.d.e.s.SincronizacaoEstoqueService      : [ESTOQUE] Ciclo finalizado. Total de atualizações enviadas: 0
2026-09-06T03:15:00.078-03:00  INFO 12340 --- [ecommerce] [scheduling-1] c.d.e.service.SincronizacaoService       : Lendo VW_ECOMMERCE_PRECOS no banco de dados...
2026-09-06T03:15:00.280-03:00  INFO 12340 --- [ecommerce] [scheduling-1] c.d.e.service.SincronizacaoService       : Ciclo finalizado. Total de atualizações enviadas: 0
2026-09-06T03:16:00.002-03:00  INFO 12340 --- [ecommerce] [scheduling-1] c.d.e.s.SincronizacaoEstoqueService      : [ESTOQUE] Lendo VW_ECOMMERCE_ESTOQUE no banco de dados...
2026-09-06T03:16:00.042-03:00  INFO 12340 --- [ecommerce] [scheduling-1] c.d.e.s.SincronizacaoEstoqueService      : [ESTOQUE] Ciclo finalizado. Total de atualizações enviadas: 0
2026-09-06T03:16:00.042-03:00  INFO 12340 --- [ecommerce] [scheduling-1] c.d.e.service.SincronizacaoService       : Lendo VW_ECOMMERCE_PRECOS no banco de dados...
2026-09-06T03:16:00.089-03:00  INFO 12340 --- [ecommerce] [scheduling-1] c.d.e.service.SincronizacaoService       : Ciclo finalizado. Total de atualizações enviadas: 0
2026-09-06T03:17:00.000-03:00  INFO 12340 --- [ecommerce] [scheduling-1] c.d.e.s.SincronizacaoEstoqueService      : [ESTOQUE] Lendo VW_ECOMMERCE_ESTOQUE no banco de dados...
2026-09-06T03:17:00.071-03:00  INFO 12340 --- [ecommerce] [scheduling-1] c.d.e.s.SincronizacaoEstoqueService      : [ESTOQUE] Ciclo finalizado. Total de atualizações enviadas: 0
2026-09-06T03:17:00.071-03:00  INFO 12340 --- [ecommerce] [scheduling-1] c.d.e.service.SincronizacaoService       : Lendo VW_ECOMMERCE_PRECOS no banco de dados...
2026-09-06T03:17:00.131-03:00  INFO 12340 --- [ecommerce] [scheduling-1] c.d.e.service.SincronizacaoService       : Ciclo finalizado. Total de atualizações enviadas: 0
2026-09-06T03:17:59.999-03:00  INFO 12340 --- [ecommerce] [scheduling-1] c.d.e.service.SincronizacaoService       : Lendo VW_ECOMMERCE_PRECOS no banco de dados...
2026-09-06T03:18:00.157-03:00  INFO 12340 --- [ecommerce] [scheduling-1] c.d.e.service.SincronizacaoService       : Ciclo finalizado. Total de atualizações enviadas: 0
2026-09-06T03:18:00.157-03:00  INFO 12340 --- [ecommerce] [scheduling-1] c.d.e.s.SincronizacaoEstoqueService      : [ESTOQUE] Lendo VW_ECOMMERCE_ESTOQUE no banco de dados...
2026-09-06T03:18:00.180-03:00  INFO 12340 --- [ecommerce] [scheduling-1] c.d.e.s.SincronizacaoEstoqueService      : [ESTOQUE] Ciclo finalizado. Total de atualizações enviadas: 0
2026-09-06T03:19:00.000-03:00  INFO 12340 --- [ecommerce] [scheduling-1] c.d.e.service.SincronizacaoService       : Lendo VW_ECOMMERCE_PRECOS no banco de dados...
2026-09-06T03:19:00.207-03:00  INFO 12340 --- [ecommerce] [scheduling-1] c.d.e.service.SincronizacaoService       : Ciclo finalizado. Total de atualizações enviadas: 0
2026-09-06T03:19:00.207-03:00  INFO 12340 --- [ecommerce] [scheduling-1] c.d.e.s.SincronizacaoEstoqueService      : [ESTOQUE] Lendo VW_ECOMMERCE_ESTOQUE no banco de dados...
2026-09-06T03:19:00.251-03:00  INFO 12340 --- [ecommerce] [scheduling-1] c.d.e.s.SincronizacaoEstoqueService      : [ESTOQUE] Ciclo finalizado. Total de atualizações enviadas: 0
2026-09-06T03:20:00.000-03:00  INFO 12340 --- [ecommerce] [scheduling-1] c.d.e.s.SincronizacaoEstoqueService      : [ESTOQUE] Lendo VW_ECOMMERCE_ESTOQUE no banco de dados...
2026-09-06T03:20:00.088-03:00  INFO 12340 --- [ecommerce] [scheduling-1] c.d.e.s.SincronizacaoEstoqueService      : [ESTOQUE] Ciclo finalizado. Total de atualizações enviadas: 0
2026-09-06T03:20:00.089-03:00  INFO 12340 --- [ecommerce] [scheduling-1] c.d.e.service.SincronizacaoService       : Lendo VW_ECOMMERCE_PRECOS no banco de dados...
2026-09-06T03:20:00.135-03:00  INFO 12340 --- [ecommerce] [scheduling-1] c.d.e.service.SincronizacaoService       : Ciclo finalizado. Total de atualizações enviadas: 0
2026-09-06T03:21:00.001-03:00  INFO 12340 --- [ecommerce] [scheduling-1] c.d.e.s.SincronizacaoEstoqueService      : [ESTOQUE] Lendo VW_ECOMMERCE_ESTOQUE no banco de dados...
2026-09-06T03:21:00.048-03:00  INFO 12340 --- [ecommerce] [scheduling-1] c.d.e.s.SincronizacaoEstoqueService      : [ESTOQUE] Ciclo finalizado. Total de atualizações enviadas: 0
2026-09-06T03:21:00.049-03:00  INFO 12340 --- [ecommerce] [scheduling-1] c.d.e.service.SincronizacaoService       : Lendo VW_ECOMMERCE_PRECOS no banco de dados...
2026-09-06T03:21:00.096-03:00  INFO 12340 --- [ecommerce] [scheduling-1] c.d.e.service.SincronizacaoService       : Ciclo finalizado. Total de atualizações enviadas: 0
2026-09-06T03:22:00.000-03:00  INFO 12340 --- [ecommerce] [scheduling-1] c.d.e.s.SincronizacaoEstoqueService      : [ESTOQUE] Lendo VW_ECOMMERCE_ESTOQUE no banco de dados...
2026-09-06T03:22:00.093-03:00  INFO 12340 --- [ecommerce] [scheduling-1] c.d.e.s.SincronizacaoEstoqueService      : [ESTOQUE] Ciclo finalizado. Total de atualizações enviadas: 0
2026-09-06T03:22:00.094-03:00  INFO 12340 --- [ecommerce] [scheduling-1] c.d.e.service.SincronizacaoService       : Lendo VW_ECOMMERCE_PRECOS no banco de dados...
2026-09-06T03:22:00.141-03:00  INFO 12340 --- [ecommerce] [scheduling-1] c.d.e.service.SincronizacaoService       : Ciclo finalizado. Total de atualizações enviadas: 0
2026-09-06T03:23:00.001-03:00  INFO 12340 --- [ecommerce] [scheduling-1] c.d.e.s.SincronizacaoEstoqueService      : [ESTOQUE] Lendo VW_ECOMMERCE_ESTOQUE no banco de dados...
2026-09-06T03:23:00.058-03:00  INFO 12340 --- [ecommerce] [scheduling-1] c.d.e.s.SincronizacaoEstoqueService      : [ESTOQUE] Ciclo finalizado. Total de atualizações enviadas: 0
2026-09-06T03:23:00.058-03:00  INFO 12340 --- [ecommerce] [scheduling-1] c.d.e.service.SincronizacaoService       : Lendo VW_ECOMMERCE_PRECOS no banco de dados...
2026-09-06T03:23:00.106-03:00  INFO 12340 --- [ecommerce] [scheduling-1] c.d.e.service.SincronizacaoService       : Ciclo finalizado. Total de atualizações enviadas: 0
2026-09-06T03:24:00.000-03:00  INFO 12340 --- [ecommerce] [scheduling-1] c.d.e.service.SincronizacaoService       : Lendo VW_ECOMMERCE_PRECOS no banco de dados...
2026-09-06T03:24:00.108-03:00  INFO 12340 --- [ecommerce] [scheduling-1] c.d.e.service.SincronizacaoService       : Ciclo finalizado. Total de atualizações enviadas: 0
2026-09-06T03:24:00.108-03:00  INFO 12340 --- [ecommerce] [scheduling-1] c.d.e.s.SincronizacaoEstoqueService      : [ESTOQUE] Lendo VW_ECOMMERCE_ESTOQUE no banco de dados...
2026-09-06T03:24:00.132-03:00  INFO 12340 --- [ecommerce] [scheduling-1] c.d.e.s.SincronizacaoEstoqueService      : [ESTOQUE] Ciclo finalizado. Total de atualizações enviadas: 0
2026-09-06T03:25:00.000-03:00  INFO 12340 --- [ecommerce] [scheduling-1] c.d.e.s.SincronizacaoEstoqueService      : [ESTOQUE] Lendo VW_ECOMMERCE_ESTOQUE no banco de dados...
2026-09-06T03:25:00.045-03:00  INFO 12340 --- [ecommerce] [scheduling-1] c.d.e.s.SincronizacaoEstoqueService      : [ESTOQUE] Ciclo finalizado. Total de atualizações enviadas: 0
2026-09-06T03:25:00.045-03:00  INFO 12340 --- [ecommerce] [scheduling-1] c.d.e.service.SincronizacaoService       : Lendo VW_ECOMMERCE_PRECOS no banco de dados...
2026-09-06T03:25:00.097-03:00  INFO 12340 --- [ecommerce] [scheduling-1] c.d.e.service.SincronizacaoService       : Ciclo finalizado. Total de atualizações enviadas: 0
2026-09-06T03:26:00.000-03:00  INFO 12340 --- [ecommerce] [scheduling-1] c.d.e.s.SincronizacaoEstoqueService      : [ESTOQUE] Lendo VW_ECOMMERCE_ESTOQUE no banco de dados...
2026-09-06T03:26:00.076-03:00  INFO 12340 --- [ecommerce] [scheduling-1] c.d.e.s.SincronizacaoEstoqueService      : [ESTOQUE] Ciclo finalizado. Total de atualizações enviadas: 0
2026-09-06T03:26:00.076-03:00  INFO 12340 --- [ecommerce] [scheduling-1] c.d.e.service.SincronizacaoService       : Lendo VW_ECOMMERCE_PRECOS no banco de dados...
2026-09-06T03:26:00.125-03:00  INFO 12340 --- [ecommerce] [scheduling-1] c.d.e.service.SincronizacaoService       : Ciclo finalizado. Total de atualizações enviadas: 0
2026-09-06T03:27:00.000-03:00  INFO 12340 --- [ecommerce] [scheduling-1] c.d.e.s.SincronizacaoEstoqueService      : [ESTOQUE] Lendo VW_ECOMMERCE_ESTOQUE no banco de dados...
2026-09-06T03:27:00.055-03:00  INFO 12340 --- [ecommerce] [scheduling-1] c.d.e.s.SincronizacaoEstoqueService      : [ESTOQUE] Ciclo finalizado. Total de atualizações enviadas: 0
2026-09-06T03:27:00.055-03:00  INFO 12340 --- [ecommerce] [scheduling-1] c.d.e.service.SincronizacaoService       : Lendo VW_ECOMMERCE_PRECOS no banco de dados...
2026-09-06T03:27:00.244-03:00  INFO 12340 --- [ecommerce] [scheduling-1] c.d.e.service.SincronizacaoService       : Ciclo finalizado. Total de atualizações enviadas: 0
2026-09-06T03:28:00.000-03:00  INFO 12340 --- [ecommerce] [scheduling-1] c.d.e.service.SincronizacaoService       : Lendo VW_ECOMMERCE_PRECOS no banco de dados...
2026-09-06T03:28:00.054-03:00  INFO 12340 --- [ecommerce] [scheduling-1] c.d.e.service.SincronizacaoService       : Ciclo finalizado. Total de atualizações enviadas: 0
2026-09-06T03:28:00.054-03:00  INFO 12340 --- [ecommerce] [scheduling-1] c.d.e.s.SincronizacaoEstoqueService      : [ESTOQUE] Lendo VW_ECOMMERCE_ESTOQUE no banco de dados...
2026-09-06T03:28:00.091-03:00  INFO 12340 --- [ecommerce] [scheduling-1] c.d.e.s.SincronizacaoEstoqueService      : [ESTOQUE] Ciclo finalizado. Total de atualizações enviadas: 0
2026-09-06T03:29:00.000-03:00  INFO 12340 --- [ecommerce] [scheduling-1] c.d.e.s.SincronizacaoEstoqueService      : [ESTOQUE] Lendo VW_ECOMMERCE_ESTOQUE no banco de dados...
2026-09-06T03:29:00.082-03:00  INFO 12340 --- [ecommerce] [scheduling-1] c.d.e.s.SincronizacaoEstoqueService      : [ESTOQUE] Ciclo finalizado. Total de atualizações enviadas: 0
2026-09-06T03:29:00.082-03:00  INFO 12340 --- [ecommerce] [scheduling-1] c.d.e.service.SincronizacaoService       : Lendo VW_ECOMMERCE_PRECOS no banco de dados...
2026-09-06T03:29:00.155-03:00  INFO 12340 --- [ecommerce] [scheduling-1] c.d.e.service.SincronizacaoService       : Ciclo finalizado. Total de atualizações enviadas: 0
2026-09-06T03:30:00.000-03:00  INFO 12340 --- [ecommerce] [scheduling-1] c.d.e.service.SincronizacaoService       : Lendo VW_ECOMMERCE_PRECOS no banco de dados...
2026-09-06T03:30:00.145-03:00  INFO 12340 --- [ecommerce] [scheduling-1] c.d.e.service.SincronizacaoService       : Ciclo finalizado. Total de atualizações enviadas: 0
2026-09-06T03:30:00.145-03:00  INFO 12340 --- [ecommerce] [scheduling-1] c.d.e.s.SincronizacaoEstoqueService      : [ESTOQUE] Lendo VW_ECOMMERCE_ESTOQUE no banco de dados...
2026-09-06T03:30:00.167-03:00  INFO 12340 --- [ecommerce] [scheduling-1] c.d.e.s.SincronizacaoEstoqueService      : [ESTOQUE] Ciclo finalizado. Total de atualizações enviadas: 0
2026-09-06T03:31:00.000-03:00  INFO 12340 --- [ecommerce] [scheduling-1] c.d.e.s.SincronizacaoEstoqueService      : [ESTOQUE] Lendo VW_ECOMMERCE_ESTOQUE no banco de dados...
2026-09-06T03:31:00.080-03:00  INFO 12340 --- [ecommerce] [scheduling-1] c.d.e.s.SincronizacaoEstoqueService      : [ESTOQUE] Ciclo finalizado. Total de atualizações enviadas: 0
2026-09-06T03:31:00.080-03:00  INFO 12340 --- [ecommerce] [scheduling-1] c.d.e.service.SincronizacaoService       : Lendo VW_ECOMMERCE_PRECOS no banco de dados...
2026-09-06T03:31:00.125-03:00  INFO 12340 --- [ecommerce] [scheduling-1] c.d.e.service.SincronizacaoService       : Ciclo finalizado. Total de atualizações enviadas: 0
2026-09-06T03:32:00.000-03:00  INFO 12340 --- [ecommerce] [scheduling-1] c.d.e.s.SincronizacaoEstoqueService      : [ESTOQUE] Lendo VW_ECOMMERCE_ESTOQUE no banco de dados...
2026-09-06T03:32:00.078-03:00  INFO 12340 --- [ecommerce] [scheduling-1] c.d.e.s.SincronizacaoEstoqueService      : [ESTOQUE] Ciclo finalizado. Total de atualizações enviadas: 0
2026-09-06T03:32:00.079-03:00  INFO 12340 --- [ecommerce] [scheduling-1] c.d.e.service.SincronizacaoService       : Lendo VW_ECOMMERCE_PRECOS no banco de dados...
2026-09-06T03:32:00.124-03:00  INFO 12340 --- [ecommerce] [scheduling-1] c.d.e.service.SincronizacaoService       : Ciclo finalizado. Total de atualizações enviadas: 0
2026-09-06T03:33:00.001-03:00  INFO 12340 --- [ecommerce] [scheduling-1] c.d.e.s.SincronizacaoEstoqueService      : [ESTOQUE] Lendo VW_ECOMMERCE_ESTOQUE no banco de dados...
2026-09-06T03:33:00.039-03:00  INFO 12340 --- [ecommerce] [scheduling-1] c.d.e.s.SincronizacaoEstoqueService      : [ESTOQUE] Ciclo finalizado. Total de atualizações enviadas: 0
2026-09-06T03:33:00.039-03:00  INFO 12340 --- [ecommerce] [scheduling-1] c.d.e.service.SincronizacaoService       : Lendo VW_ECOMMERCE_PRECOS no banco de dados...
2026-09-06T03:33:00.087-03:00  INFO 12340 --- [ecommerce] [scheduling-1] c.d.e.service.SincronizacaoService       : Ciclo finalizado. Total de atualizações enviadas: 0
2026-09-06T03:34:00.000-03:00  INFO 12340 --- [ecommerce] [scheduling-1] c.d.e.s.SincronizacaoEstoqueService      : [ESTOQUE] Lendo VW_ECOMMERCE_ESTOQUE no banco de dados...
2026-09-06T03:34:00.074-03:00  INFO 12340 --- [ecommerce] [scheduling-1] c.d.e.s.SincronizacaoEstoqueService      : [ESTOQUE] Ciclo finalizado. Total de atualizações enviadas: 0
2026-09-06T03:34:00.074-03:00  INFO 12340 --- [ecommerce] [scheduling-1] c.d.e.service.SincronizacaoService       : Lendo VW_ECOMMERCE_PRECOS no banco de dados...
2026-09-06T03:34:00.121-03:00  INFO 12340 --- [ecommerce] [scheduling-1] c.d.e.service.SincronizacaoService       : Ciclo finalizado. Total de atualizações enviadas: 0
2026-09-06T03:35:00.000-03:00  INFO 12340 --- [ecommerce] [scheduling-1] c.d.e.service.SincronizacaoService       : Lendo VW_ECOMMERCE_PRECOS no banco de dados...
2026-09-06T03:35:00.108-03:00  INFO 12340 --- [ecommerce] [scheduling-1] c.d.e.service.SincronizacaoService       : Ciclo finalizado. Total de atualizações enviadas: 0
2026-09-06T03:35:00.108-03:00  INFO 12340 --- [ecommerce] [scheduling-1] c.d.e.s.SincronizacaoEstoqueService      : [ESTOQUE] Lendo VW_ECOMMERCE_ESTOQUE no banco de dados...
2026-09-06T03:35:00.128-03:00  INFO 12340 --- [ecommerce] [scheduling-1] c.d.e.s.SincronizacaoEstoqueService      : [ESTOQUE] Ciclo finalizado. Total de atualizações enviadas: 0
2026-09-06T03:36:00.000-03:00  INFO 12340 --- [ecommerce] [scheduling-1] c.d.e.s.SincronizacaoEstoqueService      : [ESTOQUE] Lendo VW_ECOMMERCE_ESTOQUE no banco de dados...
2026-09-06T03:36:00.038-03:00  INFO 12340 --- [ecommerce] [scheduling-1] c.d.e.s.SincronizacaoEstoqueService      : [ESTOQUE] Ciclo finalizado. Total de atualizações enviadas: 0
2026-09-06T03:36:00.038-03:00  INFO 12340 --- [ecommerce] [scheduling-1] c.d.e.service.SincronizacaoService       : Lendo VW_ECOMMERCE_PRECOS no banco de dados...
2026-09-06T03:36:00.105-03:00  INFO 12340 --- [ecommerce] [scheduling-1] c.d.e.service.SincronizacaoService       : Ciclo finalizado. Total de atualizações enviadas: 0
2026-09-06T03:37:00.000-03:00  INFO 12340 --- [ecommerce] [scheduling-1] c.d.e.service.SincronizacaoService       : Lendo VW_ECOMMERCE_PRECOS no banco de dados...
2026-09-06T03:37:00.097-03:00  INFO 12340 --- [ecommerce] [scheduling-1] c.d.e.service.SincronizacaoService       : Ciclo finalizado. Total de atualizações enviadas: 0
2026-09-06T03:37:00.097-03:00  INFO 12340 --- [ecommerce] [scheduling-1] c.d.e.s.SincronizacaoEstoqueService      : [ESTOQUE] Lendo VW_ECOMMERCE_ESTOQUE no banco de dados...
2026-09-06T03:37:00.122-03:00  INFO 12340 --- [ecommerce] [scheduling-1] c.d.e.s.SincronizacaoEstoqueService      : [ESTOQUE] Ciclo finalizado. Total de atualizações enviadas: 0
2026-09-06T03:38:00.000-03:00  INFO 12340 --- [ecommerce] [scheduling-1] c.d.e.service.SincronizacaoService       : Lendo VW_ECOMMERCE_PRECOS no banco de dados...
2026-09-06T03:38:00.164-03:00  INFO 12340 --- [ecommerce] [scheduling-1] c.d.e.service.SincronizacaoService       : Ciclo finalizado. Total de atualizações enviadas: 0
2026-09-06T03:38:00.164-03:00  INFO 12340 --- [ecommerce] [scheduling-1] c.d.e.s.SincronizacaoEstoqueService      : [ESTOQUE] Lendo VW_ECOMMERCE_ESTOQUE no banco de dados...
2026-09-06T03:38:00.188-03:00  INFO 12340 --- [ecommerce] [scheduling-1] c.d.e.s.SincronizacaoEstoqueService      : [ESTOQUE] Ciclo finalizado. Total de atualizações enviadas: 0
2026-09-06T03:39:00.000-03:00  INFO 12340 --- [ecommerce] [scheduling-1] c.d.e.service.SincronizacaoService       : Lendo VW_ECOMMERCE_PRECOS no banco de dados...
2026-09-06T03:39:00.141-03:00  INFO 12340 --- [ecommerce] [scheduling-1] c.d.e.service.SincronizacaoService       : Ciclo finalizado. Total de atualizações enviadas: 0
2026-09-06T03:39:00.141-03:00  INFO 12340 --- [ecommerce] [scheduling-1] c.d.e.s.SincronizacaoEstoqueService      : [ESTOQUE] Lendo VW_ECOMMERCE_ESTOQUE no banco de dados...
2026-09-06T03:39:00.164-03:00  INFO 12340 --- [ecommerce] [scheduling-1] c.d.e.s.SincronizacaoEstoqueService      : [ESTOQUE] Ciclo finalizado. Total de atualizações enviadas: 0
2026-09-06T03:39:59.999-03:00  INFO 12340 --- [ecommerce] [scheduling-1] c.d.e.s.SincronizacaoEstoqueService      : [ESTOQUE] Lendo VW_ECOMMERCE_ESTOQUE no banco de dados...
2026-09-06T03:40:00.055-03:00  INFO 12340 --- [ecommerce] [scheduling-1] c.d.e.s.SincronizacaoEstoqueService      : [ESTOQUE] Ciclo finalizado. Total de atualizações enviadas: 0
2026-09-06T03:40:00.055-03:00  INFO 12340 --- [ecommerce] [scheduling-1] c.d.e.service.SincronizacaoService       : Lendo VW_ECOMMERCE_PRECOS no banco de dados...
2026-09-06T03:40:00.120-03:00  INFO 12340 --- [ecommerce] [scheduling-1] c.d.e.service.SincronizacaoService       : Ciclo finalizado. Total de atualizações enviadas: 0
2026-09-06T03:41:00.000-03:00  INFO 12340 --- [ecommerce] [scheduling-1] c.d.e.service.SincronizacaoService       : Lendo VW_ECOMMERCE_PRECOS no banco de dados...
2026-09-06T03:41:00.073-03:00  INFO 12340 --- [ecommerce] [scheduling-1] c.d.e.service.SincronizacaoService       : Ciclo finalizado. Total de atualizações enviadas: 0
2026-09-06T03:41:00.073-03:00  INFO 12340 --- [ecommerce] [scheduling-1] c.d.e.s.SincronizacaoEstoqueService      : [ESTOQUE] Lendo VW_ECOMMERCE_ESTOQUE no banco de dados...
2026-09-06T03:41:00.105-03:00  INFO 12340 --- [ecommerce] [scheduling-1] c.d.e.s.SincronizacaoEstoqueService      : [ESTOQUE] Ciclo finalizado. Total de atualizações enviadas: 0
2026-09-06T03:42:00.000-03:00  INFO 12340 --- [ecommerce] [scheduling-1] c.d.e.service.SincronizacaoService       : Lendo VW_ECOMMERCE_PRECOS no banco de dados...
2026-09-06T03:42:00.169-03:00  INFO 12340 --- [ecommerce] [scheduling-1] c.d.e.service.SincronizacaoService       : Ciclo finalizado. Total de atualizações enviadas: 0
2026-09-06T03:42:00.169-03:00  INFO 12340 --- [ecommerce] [scheduling-1] c.d.e.s.SincronizacaoEstoqueService      : [ESTOQUE] Lendo VW_ECOMMERCE_ESTOQUE no banco de dados...
2026-09-06T03:42:00.219-03:00  INFO 12340 --- [ecommerce] [scheduling-1] c.d.e.s.SincronizacaoEstoqueService      : [ESTOQUE] Ciclo finalizado. Total de atualizações enviadas: 0
2026-09-06T03:43:00.001-03:00  INFO 12340 --- [ecommerce] [scheduling-1] c.d.e.service.SincronizacaoService       : Lendo VW_ECOMMERCE_PRECOS no banco de dados...
2026-09-06T03:43:00.055-03:00  INFO 12340 --- [ecommerce] [scheduling-1] c.d.e.service.SincronizacaoService       : Ciclo finalizado. Total de atualizações enviadas: 0
2026-09-06T03:43:00.055-03:00  INFO 12340 --- [ecommerce] [scheduling-1] c.d.e.s.SincronizacaoEstoqueService      : [ESTOQUE] Lendo VW_ECOMMERCE_ESTOQUE no banco de dados...
2026-09-06T03:43:00.090-03:00  INFO 12340 --- [ecommerce] [scheduling-1] c.d.e.s.SincronizacaoEstoqueService      : [ESTOQUE] Ciclo finalizado. Total de atualizações enviadas: 0
2026-09-06T03:44:00.001-03:00  INFO 12340 --- [ecommerce] [scheduling-1] c.d.e.s.SincronizacaoEstoqueService      : [ESTOQUE] Lendo VW_ECOMMERCE_ESTOQUE no banco de dados...
2026-09-06T03:44:00.052-03:00  INFO 12340 --- [ecommerce] [scheduling-1] c.d.e.s.SincronizacaoEstoqueService      : [ESTOQUE] Ciclo finalizado. Total de atualizações enviadas: 0
2026-09-06T03:44:00.052-03:00  INFO 12340 --- [ecommerce] [scheduling-1] c.d.e.service.SincronizacaoService       : Lendo VW_ECOMMERCE_PRECOS no banco de dados...
2026-09-06T03:44:00.125-03:00  INFO 12340 --- [ecommerce] [scheduling-1] c.d.e.service.SincronizacaoService       : Ciclo finalizado. Total de atualizações enviadas: 0
2026-09-06T03:45:00.001-03:00  INFO 12340 --- [ecommerce] [scheduling-1] c.d.e.s.SincronizacaoEstoqueService      : [ESTOQUE] Lendo VW_ECOMMERCE_ESTOQUE no banco de dados...
2026-09-06T03:45:00.049-03:00  INFO 12340 --- [ecommerce] [scheduling-1] c.d.e.s.SincronizacaoEstoqueService      : [ESTOQUE] Ciclo finalizado. Total de atualizações enviadas: 0
2026-09-06T03:45:00.050-03:00  INFO 12340 --- [ecommerce] [scheduling-1] c.d.e.service.SincronizacaoService       : Lendo VW_ECOMMERCE_PRECOS no banco de dados...
2026-09-06T03:45:00.133-03:00  INFO 12340 --- [ecommerce] [scheduling-1] c.d.e.service.SincronizacaoService       : Ciclo finalizado. Total de atualizações enviadas: 0
2026-09-06T03:46:00.000-03:00  INFO 12340 --- [ecommerce] [scheduling-1] c.d.e.s.SincronizacaoEstoqueService      : [ESTOQUE] Lendo VW_ECOMMERCE_ESTOQUE no banco de dados...
2026-09-06T03:46:00.099-03:00  INFO 12340 --- [ecommerce] [scheduling-1] c.d.e.s.SincronizacaoEstoqueService      : [ESTOQUE] Ciclo finalizado. Total de atualizações enviadas: 0
2026-09-06T03:46:00.099-03:00  INFO 12340 --- [ecommerce] [scheduling-1] c.d.e.service.SincronizacaoService       : Lendo VW_ECOMMERCE_PRECOS no banco de dados...
2026-09-06T03:46:00.144-03:00  INFO 12340 --- [ecommerce] [scheduling-1] c.d.e.service.SincronizacaoService       : Ciclo finalizado. Total de atualizações enviadas: 0
2026-09-06T03:47:00.000-03:00  INFO 12340 --- [ecommerce] [scheduling-1] c.d.e.service.SincronizacaoService       : Lendo VW_ECOMMERCE_PRECOS no banco de dados...
2026-09-06T03:47:00.084-03:00  INFO 12340 --- [ecommerce] [scheduling-1] c.d.e.service.SincronizacaoService       : Ciclo finalizado. Total de atualizações enviadas: 0
2026-09-06T03:47:00.084-03:00  INFO 12340 --- [ecommerce] [scheduling-1] c.d.e.s.SincronizacaoEstoqueService      : [ESTOQUE] Lendo VW_ECOMMERCE_ESTOQUE no banco de dados...
2026-09-06T03:47:00.114-03:00  INFO 12340 --- [ecommerce] [scheduling-1] c.d.e.s.SincronizacaoEstoqueService      : [ESTOQUE] Ciclo finalizado. Total de atualizações enviadas: 0
2026-09-06T03:48:00.001-03:00  INFO 12340 --- [ecommerce] [scheduling-1] c.d.e.service.SincronizacaoService       : Lendo VW_ECOMMERCE_PRECOS no banco de dados...
2026-09-06T03:48:00.099-03:00  INFO 12340 --- [ecommerce] [scheduling-1] c.d.e.service.SincronizacaoService       : Ciclo finalizado. Total de atualizações enviadas: 0
2026-09-06T03:48:00.100-03:00  INFO 12340 --- [ecommerce] [scheduling-1] c.d.e.s.SincronizacaoEstoqueService      : [ESTOQUE] Lendo VW_ECOMMERCE_ESTOQUE no banco de dados...
2026-09-06T03:48:00.127-03:00  INFO 12340 --- [ecommerce] [scheduling-1] c.d.e.s.SincronizacaoEstoqueService      : [ESTOQUE] Ciclo finalizado. Total de atualizações enviadas: 0
2026-09-06T03:48:59.999-03:00  INFO 12340 --- [ecommerce] [scheduling-1] c.d.e.service.SincronizacaoService       : Lendo VW_ECOMMERCE_PRECOS no banco de dados...
2026-09-06T03:49:00.050-03:00  INFO 12340 --- [ecommerce] [scheduling-1] c.d.e.service.SincronizacaoService       : Ciclo finalizado. Total de atualizações enviadas: 0
2026-09-06T03:49:00.050-03:00  INFO 12340 --- [ecommerce] [scheduling-1] c.d.e.s.SincronizacaoEstoqueService      : [ESTOQUE] Lendo VW_ECOMMERCE_ESTOQUE no banco de dados...
2026-09-06T03:49:00.083-03:00  INFO 12340 --- [ecommerce] [scheduling-1] c.d.e.s.SincronizacaoEstoqueService      : [ESTOQUE] Ciclo finalizado. Total de atualizações enviadas: 0
2026-09-06T03:49:59.999-03:00  INFO 12340 --- [ecommerce] [scheduling-1] c.d.e.s.SincronizacaoEstoqueService      : [ESTOQUE] Lendo VW_ECOMMERCE_ESTOQUE no banco de dados...
2026-09-06T03:50:00.087-03:00  INFO 12340 --- [ecommerce] [scheduling-1] c.d.e.s.SincronizacaoEstoqueService      : [ESTOQUE] Ciclo finalizado. Total de atualizações enviadas: 0
2026-09-06T03:50:00.087-03:00  INFO 12340 --- [ecommerce] [scheduling-1] c.d.e.service.SincronizacaoService       : Lendo VW_ECOMMERCE_PRECOS no banco de dados...
2026-09-06T03:50:00.138-03:00  INFO 12340 --- [ecommerce] [scheduling-1] c.d.e.service.SincronizacaoService       : Ciclo finalizado. Total de atualizações enviadas: 0
2026-09-06T03:50:59.999-03:00  INFO 12340 --- [ecommerce] [scheduling-1] c.d.e.service.SincronizacaoService       : Lendo VW_ECOMMERCE_PRECOS no banco de dados...
2026-09-06T03:51:00.099-03:00  INFO 12340 --- [ecommerce] [scheduling-1] c.d.e.service.SincronizacaoService       : Ciclo finalizado. Total de atualizações enviadas: 0
2026-09-06T03:51:00.099-03:00  INFO 12340 --- [ecommerce] [scheduling-1] c.d.e.s.SincronizacaoEstoqueService      : [ESTOQUE] Lendo VW_ECOMMERCE_ESTOQUE no banco de dados...
2026-09-06T03:51:00.125-03:00  INFO 12340 --- [ecommerce] [scheduling-1] c.d.e.s.SincronizacaoEstoqueService      : [ESTOQUE] Ciclo finalizado. Total de atualizações enviadas: 0
2026-09-06T03:52:00.002-03:00  INFO 12340 --- [ecommerce] [scheduling-1] c.d.e.service.SincronizacaoService       : Lendo VW_ECOMMERCE_PRECOS no banco de dados...
2026-09-06T03:52:00.095-03:00  INFO 12340 --- [ecommerce] [scheduling-1] c.d.e.service.SincronizacaoService       : Ciclo finalizado. Total de atualizações enviadas: 0
2026-09-06T03:52:00.095-03:00  INFO 12340 --- [ecommerce] [scheduling-1] c.d.e.s.SincronizacaoEstoqueService      : [ESTOQUE] Lendo VW_ECOMMERCE_ESTOQUE no banco de dados...
2026-09-06T03:52:00.126-03:00  INFO 12340 --- [ecommerce] [scheduling-1] c.d.e.s.SincronizacaoEstoqueService      : [ESTOQUE] Ciclo finalizado. Total de atualizações enviadas: 0
2026-09-06T03:53:00.000-03:00  INFO 12340 --- [ecommerce] [scheduling-1] c.d.e.s.SincronizacaoEstoqueService      : [ESTOQUE] Lendo VW_ECOMMERCE_ESTOQUE no banco de dados...
2026-09-06T03:53:00.044-03:00  INFO 12340 --- [ecommerce] [scheduling-1] c.d.e.s.SincronizacaoEstoqueService      : [ESTOQUE] Ciclo finalizado. Total de atualizações enviadas: 0
2026-09-06T03:53:00.044-03:00  INFO 12340 --- [ecommerce] [scheduling-1] c.d.e.service.SincronizacaoService       : Lendo VW_ECOMMERCE_PRECOS no banco de dados...
2026-09-06T03:53:00.088-03:00  INFO 12340 --- [ecommerce] [scheduling-1] c.d.e.service.SincronizacaoService       : Ciclo finalizado. Total de atualizações enviadas: 0
2026-09-06T03:54:00.000-03:00  INFO 12340 --- [ecommerce] [scheduling-1] c.d.e.s.SincronizacaoEstoqueService      : [ESTOQUE] Lendo VW_ECOMMERCE_ESTOQUE no banco de dados...
2026-09-06T03:54:00.086-03:00  INFO 12340 --- [ecommerce] [scheduling-1] c.d.e.s.SincronizacaoEstoqueService      : [ESTOQUE] Ciclo finalizado. Total de atualizações enviadas: 0
2026-09-06T03:54:00.086-03:00  INFO 12340 --- [ecommerce] [scheduling-1] c.d.e.service.SincronizacaoService       : Lendo VW_ECOMMERCE_PRECOS no banco de dados...
2026-09-06T03:54:00.154-03:00  INFO 12340 --- [ecommerce] [scheduling-1] c.d.e.service.SincronizacaoService       : Ciclo finalizado. Total de atualizações enviadas: 0
2026-09-06T03:55:00.001-03:00  INFO 12340 --- [ecommerce] [scheduling-1] c.d.e.s.SincronizacaoEstoqueService      : [ESTOQUE] Lendo VW_ECOMMERCE_ESTOQUE no banco de dados...
2026-09-06T03:55:00.056-03:00  INFO 12340 --- [ecommerce] [scheduling-1] c.d.e.s.SincronizacaoEstoqueService      : [ESTOQUE] Ciclo finalizado. Total de atualizações enviadas: 0
2026-09-06T03:55:00.056-03:00  INFO 12340 --- [ecommerce] [scheduling-1] c.d.e.service.SincronizacaoService       : Lendo VW_ECOMMERCE_PRECOS no banco de dados...
2026-09-06T03:55:00.109-03:00  INFO 12340 --- [ecommerce] [scheduling-1] c.d.e.service.SincronizacaoService       : Ciclo finalizado. Total de atualizações enviadas: 0
2026-09-06T03:56:00.000-03:00  INFO 12340 --- [ecommerce] [scheduling-1] c.d.e.s.SincronizacaoEstoqueService      : [ESTOQUE] Lendo VW_ECOMMERCE_ESTOQUE no banco de dados...
2026-09-06T03:56:00.079-03:00  INFO 12340 --- [ecommerce] [scheduling-1] c.d.e.s.SincronizacaoEstoqueService      : [ESTOQUE] Ciclo finalizado. Total de atualizações enviadas: 0
2026-09-06T03:56:00.079-03:00  INFO 12340 --- [ecommerce] [scheduling-1] c.d.e.service.SincronizacaoService       : Lendo VW_ECOMMERCE_PRECOS no banco de dados...
2026-09-06T03:56:00.122-03:00  INFO 12340 --- [ecommerce] [scheduling-1] c.d.e.service.SincronizacaoService       : Ciclo finalizado. Total de atualizações enviadas: 0
2026-09-06T03:56:59.999-03:00  INFO 12340 --- [ecommerce] [scheduling-1] c.d.e.service.SincronizacaoService       : Lendo VW_ECOMMERCE_PRECOS no banco de dados...
2026-09-06T03:57:00.094-03:00  INFO 12340 --- [ecommerce] [scheduling-1] c.d.e.service.SincronizacaoService       : Ciclo finalizado. Total de atualizações enviadas: 0
2026-09-06T03:57:00.094-03:00  INFO 12340 --- [ecommerce] [scheduling-1] c.d.e.s.SincronizacaoEstoqueService      : [ESTOQUE] Lendo VW_ECOMMERCE_ESTOQUE no banco de dados...
2026-09-06T03:57:00.124-03:00  INFO 12340 --- [ecommerce] [scheduling-1] c.d.e.s.SincronizacaoEstoqueService      : [ESTOQUE] Ciclo finalizado. Total de atualizações enviadas: 0
2026-09-06T03:58:00.000-03:00  INFO 12340 --- [ecommerce] [scheduling-1] c.d.e.s.SincronizacaoEstoqueService      : [ESTOQUE] Lendo VW_ECOMMERCE_ESTOQUE no banco de dados...
2026-09-06T03:58:00.075-03:00  INFO 12340 --- [ecommerce] [scheduling-1] c.d.e.s.SincronizacaoEstoqueService      : [ESTOQUE] Ciclo finalizado. Total de atualizações enviadas: 0
2026-09-06T03:58:00.075-03:00  INFO 12340 --- [ecommerce] [scheduling-1] c.d.e.service.SincronizacaoService       : Lendo VW_ECOMMERCE_PRECOS no banco de dados...
2026-09-06T03:58:00.118-03:00  INFO 12340 --- [ecommerce] [scheduling-1] c.d.e.service.SincronizacaoService       : Ciclo finalizado. Total de atualizações enviadas: 0
2026-09-06T03:59:00.000-03:00  INFO 12340 --- [ecommerce] [scheduling-1] c.d.e.service.SincronizacaoService       : Lendo VW_ECOMMERCE_PRECOS no banco de dados...
2026-09-06T03:59:00.060-03:00  INFO 12340 --- [ecommerce] [scheduling-1] c.d.e.service.SincronizacaoService       : Ciclo finalizado. Total de atualizações enviadas: 0
2026-09-06T03:59:00.060-03:00  INFO 12340 --- [ecommerce] [scheduling-1] c.d.e.s.SincronizacaoEstoqueService      : [ESTOQUE] Lendo VW_ECOMMERCE_ESTOQUE no banco de dados...
2026-09-06T03:59:00.092-03:00  INFO 12340 --- [ecommerce] [scheduling-1] c.d.e.s.SincronizacaoEstoqueService      : [ESTOQUE] Ciclo finalizado. Total de atualizações enviadas: 0
2026-09-06T04:00:00.000-03:00  INFO 12340 --- [ecommerce] [scheduling-1] c.d.e.s.SincronizacaoEstoqueService      : [ESTOQUE] Lendo VW_ECOMMERCE_ESTOQUE no banco de dados...
2026-09-06T04:00:00.057-03:00  INFO 12340 --- [ecommerce] [scheduling-1] c.d.e.s.SincronizacaoEstoqueService      : [ESTOQUE] Ciclo finalizado. Total de atualizações enviadas: 0
2026-09-06T04:00:00.057-03:00  INFO 12340 --- [ecommerce] [scheduling-1] c.d.e.service.SincronizacaoService       : Lendo VW_ECOMMERCE_PRECOS no banco de dados...
2026-09-06T04:00:00.105-03:00  INFO 12340 --- [ecommerce] [scheduling-1] c.d.e.service.SincronizacaoService       : Ciclo finalizado. Total de atualizações enviadas: 0
2026-09-06T04:01:00.000-03:00  INFO 12340 --- [ecommerce] [scheduling-1] c.d.e.service.SincronizacaoService       : Lendo VW_ECOMMERCE_PRECOS no banco de dados...
2026-09-06T04:01:00.053-03:00  INFO 12340 --- [ecommerce] [scheduling-1] c.d.e.service.SincronizacaoService       : Ciclo finalizado. Total de atualizações enviadas: 0
2026-09-06T04:01:00.053-03:00  INFO 12340 --- [ecommerce] [scheduling-1] c.d.e.s.SincronizacaoEstoqueService      : [ESTOQUE] Lendo VW_ECOMMERCE_ESTOQUE no banco de dados...
2026-09-06T04:01:00.074-03:00  INFO 12340 --- [ecommerce] [scheduling-1] c.d.e.s.SincronizacaoEstoqueService      : [ESTOQUE] Ciclo finalizado. Total de atualizações enviadas: 0
2026-09-06T04:02:00.000-03:00  INFO 12340 --- [ecommerce] [scheduling-1] c.d.e.service.SincronizacaoService       : Lendo VW_ECOMMERCE_PRECOS no banco de dados...
2026-09-06T04:02:00.090-03:00  INFO 12340 --- [ecommerce] [scheduling-1] c.d.e.service.SincronizacaoService       : Ciclo finalizado. Total de atualizações enviadas: 0
2026-09-06T04:02:00.090-03:00  INFO 12340 --- [ecommerce] [scheduling-1] c.d.e.s.SincronizacaoEstoqueService      : [ESTOQUE] Lendo VW_ECOMMERCE_ESTOQUE no banco de dados...
2026-09-06T04:02:00.120-03:00  INFO 12340 --- [ecommerce] [scheduling-1] c.d.e.s.SincronizacaoEstoqueService      : [ESTOQUE] Ciclo finalizado. Total de atualizações enviadas: 0
2026-09-06T04:03:00.000-03:00  INFO 12340 --- [ecommerce] [scheduling-1] c.d.e.s.SincronizacaoEstoqueService      : [ESTOQUE] Lendo VW_ECOMMERCE_ESTOQUE no banco de dados...
2026-09-06T04:03:00.050-03:00  INFO 12340 --- [ecommerce] [scheduling-1] c.d.e.s.SincronizacaoEstoqueService      : [ESTOQUE] Ciclo finalizado. Total de atualizações enviadas: 0
2026-09-06T04:03:00.051-03:00  INFO 12340 --- [ecommerce] [scheduling-1] c.d.e.service.SincronizacaoService       : Lendo VW_ECOMMERCE_PRECOS no banco de dados...
2026-09-06T04:03:00.116-03:00  INFO 12340 --- [ecommerce] [scheduling-1] c.d.e.service.SincronizacaoService       : Ciclo finalizado. Total de atualizações enviadas: 0
2026-09-06T04:04:00.000-03:00  INFO 12340 --- [ecommerce] [scheduling-1] c.d.e.s.SincronizacaoEstoqueService      : [ESTOQUE] Lendo VW_ECOMMERCE_ESTOQUE no banco de dados...
2026-09-06T04:04:00.088-03:00  INFO 12340 --- [ecommerce] [scheduling-1] c.d.e.s.SincronizacaoEstoqueService      : [ESTOQUE] Ciclo finalizado. Total de atualizações enviadas: 0
2026-09-06T04:04:00.088-03:00  INFO 12340 --- [ecommerce] [scheduling-1] c.d.e.service.SincronizacaoService       : Lendo VW_ECOMMERCE_PRECOS no banco de dados...
2026-09-06T04:04:00.179-03:00  INFO 12340 --- [ecommerce] [scheduling-1] c.d.e.service.SincronizacaoService       : Ciclo finalizado. Total de atualizações enviadas: 0
2026-09-06T04:05:00.000-03:00  INFO 12340 --- [ecommerce] [scheduling-1] c.d.e.service.SincronizacaoService       : Lendo VW_ECOMMERCE_PRECOS no banco de dados...
2026-09-06T04:05:00.121-03:00  INFO 12340 --- [ecommerce] [scheduling-1] c.d.e.service.SincronizacaoService       : Ciclo finalizado. Total de atualizações enviadas: 0
2026-09-06T04:05:00.121-03:00  INFO 12340 --- [ecommerce] [scheduling-1] c.d.e.s.SincronizacaoEstoqueService      : [ESTOQUE] Lendo VW_ECOMMERCE_ESTOQUE no banco de dados...
2026-09-06T04:05:00.141-03:00  INFO 12340 --- [ecommerce] [scheduling-1] c.d.e.s.SincronizacaoEstoqueService      : [ESTOQUE] Ciclo finalizado. Total de atualizações enviadas: 0
2026-09-06T04:06:00.001-03:00  INFO 12340 --- [ecommerce] [scheduling-1] c.d.e.s.SincronizacaoEstoqueService      : [ESTOQUE] Lendo VW_ECOMMERCE_ESTOQUE no banco de dados...
2026-09-06T04:06:00.038-03:00  INFO 12340 --- [ecommerce] [scheduling-1] c.d.e.s.SincronizacaoEstoqueService      : [ESTOQUE] Ciclo finalizado. Total de atualizações enviadas: 0
2026-09-06T04:06:00.038-03:00  INFO 12340 --- [ecommerce] [scheduling-1] c.d.e.service.SincronizacaoService       : Lendo VW_ECOMMERCE_PRECOS no banco de dados...
2026-09-06T04:06:00.096-03:00  INFO 12340 --- [ecommerce] [scheduling-1] c.d.e.service.SincronizacaoService       : Ciclo finalizado. Total de atualizações enviadas: 0
2026-09-06T04:07:00.000-03:00  INFO 12340 --- [ecommerce] [scheduling-1] c.d.e.s.SincronizacaoEstoqueService      : [ESTOQUE] Lendo VW_ECOMMERCE_ESTOQUE no banco de dados...
2026-09-06T04:07:00.078-03:00  INFO 12340 --- [ecommerce] [scheduling-1] c.d.e.s.SincronizacaoEstoqueService      : [ESTOQUE] Ciclo finalizado. Total de atualizações enviadas: 0
2026-09-06T04:07:00.078-03:00  INFO 12340 --- [ecommerce] [scheduling-1] c.d.e.service.SincronizacaoService       : Lendo VW_ECOMMERCE_PRECOS no banco de dados...
2026-09-06T04:07:00.174-03:00  INFO 12340 --- [ecommerce] [scheduling-1] c.d.e.service.SincronizacaoService       : Ciclo finalizado. Total de atualizações enviadas: 0
2026-09-06T04:08:00.000-03:00  INFO 12340 --- [ecommerce] [scheduling-1] c.d.e.service.SincronizacaoService       : Lendo VW_ECOMMERCE_PRECOS no banco de dados...
2026-09-06T04:08:00.053-03:00  INFO 12340 --- [ecommerce] [scheduling-1] c.d.e.service.SincronizacaoService       : Ciclo finalizado. Total de atualizações enviadas: 0
2026-09-06T04:08:00.053-03:00  INFO 12340 --- [ecommerce] [scheduling-1] c.d.e.s.SincronizacaoEstoqueService      : [ESTOQUE] Lendo VW_ECOMMERCE_ESTOQUE no banco de dados...
2026-09-06T04:08:00.087-03:00  INFO 12340 --- [ecommerce] [scheduling-1] c.d.e.s.SincronizacaoEstoqueService      : [ESTOQUE] Ciclo finalizado. Total de atualizações enviadas: 0
2026-09-06T04:09:00.000-03:00  INFO 12340 --- [ecommerce] [scheduling-1] c.d.e.service.SincronizacaoService       : Lendo VW_ECOMMERCE_PRECOS no banco de dados...
2026-09-06T04:09:00.142-03:00  INFO 12340 --- [ecommerce] [scheduling-1] c.d.e.service.SincronizacaoService       : Ciclo finalizado. Total de atualizações enviadas: 0
2026-09-06T04:09:00.143-03:00  INFO 12340 --- [ecommerce] [scheduling-1] c.d.e.s.SincronizacaoEstoqueService      : [ESTOQUE] Lendo VW_ECOMMERCE_ESTOQUE no banco de dados...
2026-09-06T04:09:00.172-03:00  INFO 12340 --- [ecommerce] [scheduling-1] c.d.e.s.SincronizacaoEstoqueService      : [ESTOQUE] Ciclo finalizado. Total de atualizações enviadas: 0
2026-09-06T04:10:00.000-03:00  INFO 12340 --- [ecommerce] [scheduling-1] c.d.e.service.SincronizacaoService       : Lendo VW_ECOMMERCE_PRECOS no banco de dados...
2026-09-06T04:10:00.095-03:00  INFO 12340 --- [ecommerce] [scheduling-1] c.d.e.service.SincronizacaoService       : Ciclo finalizado. Total de atualizações enviadas: 0
2026-09-06T04:10:00.095-03:00  INFO 12340 --- [ecommerce] [scheduling-1] c.d.e.s.SincronizacaoEstoqueService      : [ESTOQUE] Lendo VW_ECOMMERCE_ESTOQUE no banco de dados...
2026-09-06T04:10:00.124-03:00  INFO 12340 --- [ecommerce] [scheduling-1] c.d.e.s.SincronizacaoEstoqueService      : [ESTOQUE] Ciclo finalizado. Total de atualizações enviadas: 0
2026-09-06T04:11:00.000-03:00  INFO 12340 --- [ecommerce] [scheduling-1] c.d.e.s.SincronizacaoEstoqueService      : [ESTOQUE] Lendo VW_ECOMMERCE_ESTOQUE no banco de dados...
2026-09-06T04:11:00.073-03:00  INFO 12340 --- [ecommerce] [scheduling-1] c.d.e.s.SincronizacaoEstoqueService      : [ESTOQUE] Ciclo finalizado. Total de atualizações enviadas: 0
2026-09-06T04:11:00.074-03:00  INFO 12340 --- [ecommerce] [scheduling-1] c.d.e.service.SincronizacaoService       : Lendo VW_ECOMMERCE_PRECOS no banco de dados...
2026-09-06T04:11:00.118-03:00  INFO 12340 --- [ecommerce] [scheduling-1] c.d.e.service.SincronizacaoService       : Ciclo finalizado. Total de atualizações enviadas: 0
2026-09-06T04:12:00.000-03:00  INFO 12340 --- [ecommerce] [scheduling-1] c.d.e.s.SincronizacaoEstoqueService      : [ESTOQUE] Lendo VW_ECOMMERCE_ESTOQUE no banco de dados...
2026-09-06T04:12:00.052-03:00  INFO 12340 --- [ecommerce] [scheduling-1] c.d.e.s.SincronizacaoEstoqueService      : [ESTOQUE] Ciclo finalizado. Total de atualizações enviadas: 0
2026-09-06T04:12:00.052-03:00  INFO 12340 --- [ecommerce] [scheduling-1] c.d.e.service.SincronizacaoService       : Lendo VW_ECOMMERCE_PRECOS no banco de dados...
2026-09-06T04:12:00.112-03:00  INFO 12340 --- [ecommerce] [scheduling-1] c.d.e.service.SincronizacaoService       : Ciclo finalizado. Total de atualizações enviadas: 0
2026-09-06T04:13:00.000-03:00  INFO 12340 --- [ecommerce] [scheduling-1] c.d.e.s.SincronizacaoEstoqueService      : [ESTOQUE] Lendo VW_ECOMMERCE_ESTOQUE no banco de dados...
2026-09-06T04:13:00.081-03:00  INFO 12340 --- [ecommerce] [scheduling-1] c.d.e.s.SincronizacaoEstoqueService      : [ESTOQUE] Ciclo finalizado. Total de atualizações enviadas: 0
2026-09-06T04:13:00.081-03:00  INFO 12340 --- [ecommerce] [scheduling-1] c.d.e.service.SincronizacaoService       : Lendo VW_ECOMMERCE_PRECOS no banco de dados...
2026-09-06T04:13:00.167-03:00  INFO 12340 --- [ecommerce] [scheduling-1] c.d.e.service.SincronizacaoService       : Ciclo finalizado. Total de atualizações enviadas: 0
2026-09-06T04:14:00.000-03:00  INFO 12340 --- [ecommerce] [scheduling-1] c.d.e.service.SincronizacaoService       : Lendo VW_ECOMMERCE_PRECOS no banco de dados...
2026-09-06T04:14:00.079-03:00  INFO 12340 --- [ecommerce] [scheduling-1] c.d.e.service.SincronizacaoService       : Ciclo finalizado. Total de atualizações enviadas: 0
2026-09-06T04:14:00.079-03:00  INFO 12340 --- [ecommerce] [scheduling-1] c.d.e.s.SincronizacaoEstoqueService      : [ESTOQUE] Lendo VW_ECOMMERCE_ESTOQUE no banco de dados...
2026-09-06T04:14:00.112-03:00  INFO 12340 --- [ecommerce] [scheduling-1] c.d.e.s.SincronizacaoEstoqueService      : [ESTOQUE] Ciclo finalizado. Total de atualizações enviadas: 0
2026-09-06T04:15:00.001-03:00  INFO 12340 --- [ecommerce] [scheduling-1] c.d.e.s.SincronizacaoEstoqueService      : [ESTOQUE] Lendo VW_ECOMMERCE_ESTOQUE no banco de dados...
2026-09-06T04:15:00.080-03:00  INFO 12340 --- [ecommerce] [scheduling-1] c.d.e.s.SincronizacaoEstoqueService      : [ESTOQUE] Ciclo finalizado. Total de atualizações enviadas: 0
2026-09-06T04:15:00.080-03:00  INFO 12340 --- [ecommerce] [scheduling-1] c.d.e.service.SincronizacaoService       : Lendo VW_ECOMMERCE_PRECOS no banco de dados...
2026-09-06T04:15:00.150-03:00  INFO 12340 --- [ecommerce] [scheduling-1] c.d.e.service.SincronizacaoService       : Ciclo finalizado. Total de atualizações enviadas: 0
2026-09-06T04:16:00.000-03:00  INFO 12340 --- [ecommerce] [scheduling-1] c.d.e.service.SincronizacaoService       : Lendo VW_ECOMMERCE_PRECOS no banco de dados...
2026-09-06T04:16:00.052-03:00  INFO 12340 --- [ecommerce] [scheduling-1] c.d.e.service.SincronizacaoService       : Ciclo finalizado. Total de atualizações enviadas: 0
2026-09-06T04:16:00.052-03:00  INFO 12340 --- [ecommerce] [scheduling-1] c.d.e.s.SincronizacaoEstoqueService      : [ESTOQUE] Lendo VW_ECOMMERCE_ESTOQUE no banco de dados...
2026-09-06T04:16:00.080-03:00  INFO 12340 --- [ecommerce] [scheduling-1] c.d.e.s.SincronizacaoEstoqueService      : [ESTOQUE] Ciclo finalizado. Total de atualizações enviadas: 0
2026-09-06T04:17:00.000-03:00  INFO 12340 --- [ecommerce] [scheduling-1] c.d.e.s.SincronizacaoEstoqueService      : [ESTOQUE] Lendo VW_ECOMMERCE_ESTOQUE no banco de dados...
2026-09-06T04:17:00.047-03:00  INFO 12340 --- [ecommerce] [scheduling-1] c.d.e.s.SincronizacaoEstoqueService      : [ESTOQUE] Ciclo finalizado. Total de atualizações enviadas: 0
2026-09-06T04:17:00.048-03:00  INFO 12340 --- [ecommerce] [scheduling-1] c.d.e.service.SincronizacaoService       : Lendo VW_ECOMMERCE_PRECOS no banco de dados...
2026-09-06T04:17:00.096-03:00  INFO 12340 --- [ecommerce] [scheduling-1] c.d.e.service.SincronizacaoService       : Ciclo finalizado. Total de atualizações enviadas: 0
2026-09-06T04:17:59.999-03:00  INFO 12340 --- [ecommerce] [scheduling-1] c.d.e.s.SincronizacaoEstoqueService      : [ESTOQUE] Lendo VW_ECOMMERCE_ESTOQUE no banco de dados...
2026-09-06T04:18:00.097-03:00  INFO 12340 --- [ecommerce] [scheduling-1] c.d.e.s.SincronizacaoEstoqueService      : [ESTOQUE] Ciclo finalizado. Total de atualizações enviadas: 0
2026-09-06T04:18:00.097-03:00  INFO 12340 --- [ecommerce] [scheduling-1] c.d.e.service.SincronizacaoService       : Lendo VW_ECOMMERCE_PRECOS no banco de dados...
2026-09-06T04:18:00.140-03:00  INFO 12340 --- [ecommerce] [scheduling-1] c.d.e.service.SincronizacaoService       : Ciclo finalizado. Total de atualizações enviadas: 0
2026-09-06T04:19:00.000-03:00  INFO 12340 --- [ecommerce] [scheduling-1] c.d.e.service.SincronizacaoService       : Lendo VW_ECOMMERCE_PRECOS no banco de dados...
2026-09-06T04:19:00.093-03:00  INFO 12340 --- [ecommerce] [scheduling-1] c.d.e.service.SincronizacaoService       : Ciclo finalizado. Total de atualizações enviadas: 0
2026-09-06T04:19:00.094-03:00  INFO 12340 --- [ecommerce] [scheduling-1] c.d.e.s.SincronizacaoEstoqueService      : [ESTOQUE] Lendo VW_ECOMMERCE_ESTOQUE no banco de dados...
2026-09-06T04:19:00.124-03:00  INFO 12340 --- [ecommerce] [scheduling-1] c.d.e.s.SincronizacaoEstoqueService      : [ESTOQUE] Ciclo finalizado. Total de atualizações enviadas: 0
2026-09-06T04:20:00.000-03:00  INFO 12340 --- [ecommerce] [scheduling-1] c.d.e.service.SincronizacaoService       : Lendo VW_ECOMMERCE_PRECOS no banco de dados...
2026-09-06T04:20:00.095-03:00  INFO 12340 --- [ecommerce] [scheduling-1] c.d.e.service.SincronizacaoService       : Ciclo finalizado. Total de atualizações enviadas: 0
2026-09-06T04:20:00.095-03:00  INFO 12340 --- [ecommerce] [scheduling-1] c.d.e.s.SincronizacaoEstoqueService      : [ESTOQUE] Lendo VW_ECOMMERCE_ESTOQUE no banco de dados...
2026-09-06T04:20:00.125-03:00  INFO 12340 --- [ecommerce] [scheduling-1] c.d.e.s.SincronizacaoEstoqueService      : [ESTOQUE] Ciclo finalizado. Total de atualizações enviadas: 0
2026-09-06T04:21:00.000-03:00  INFO 12340 --- [ecommerce] [scheduling-1] c.d.e.s.SincronizacaoEstoqueService      : [ESTOQUE] Lendo VW_ECOMMERCE_ESTOQUE no banco de dados...
2026-09-06T04:21:00.041-03:00  INFO 12340 --- [ecommerce] [scheduling-1] c.d.e.s.SincronizacaoEstoqueService      : [ESTOQUE] Ciclo finalizado. Total de atualizações enviadas: 0
2026-09-06T04:21:00.041-03:00  INFO 12340 --- [ecommerce] [scheduling-1] c.d.e.service.SincronizacaoService       : Lendo VW_ECOMMERCE_PRECOS no banco de dados...
2026-09-06T04:21:00.086-03:00  INFO 12340 --- [ecommerce] [scheduling-1] c.d.e.service.SincronizacaoService       : Ciclo finalizado. Total de atualizações enviadas: 0
2026-09-06T04:22:00.000-03:00  INFO 12340 --- [ecommerce] [scheduling-1] c.d.e.s.SincronizacaoEstoqueService      : [ESTOQUE] Lendo VW_ECOMMERCE_ESTOQUE no banco de dados...
2026-09-06T04:22:00.025-03:00  INFO 12340 --- [ecommerce] [scheduling-1] c.d.e.s.SincronizacaoEstoqueService      : [ESTOQUE] Ciclo finalizado. Total de atualizações enviadas: 0
2026-09-06T04:22:00.025-03:00  INFO 12340 --- [ecommerce] [scheduling-1] c.d.e.service.SincronizacaoService       : Lendo VW_ECOMMERCE_PRECOS no banco de dados...
2026-09-06T04:22:00.074-03:00  INFO 12340 --- [ecommerce] [scheduling-1] c.d.e.service.SincronizacaoService       : Ciclo finalizado. Total de atualizações enviadas: 0
2026-09-06T04:22:59.999-03:00  INFO 12340 --- [ecommerce] [scheduling-1] c.d.e.service.SincronizacaoService       : Lendo VW_ECOMMERCE_PRECOS no banco de dados...
2026-09-06T04:23:00.087-03:00  INFO 12340 --- [ecommerce] [scheduling-1] c.d.e.service.SincronizacaoService       : Ciclo finalizado. Total de atualizações enviadas: 0
2026-09-06T04:23:00.087-03:00  INFO 12340 --- [ecommerce] [scheduling-1] c.d.e.s.SincronizacaoEstoqueService      : [ESTOQUE] Lendo VW_ECOMMERCE_ESTOQUE no banco de dados...
2026-09-06T04:23:00.115-03:00  INFO 12340 --- [ecommerce] [scheduling-1] c.d.e.s.SincronizacaoEstoqueService      : [ESTOQUE] Ciclo finalizado. Total de atualizações enviadas: 0
2026-09-06T04:24:00.000-03:00  INFO 12340 --- [ecommerce] [scheduling-1] c.d.e.s.SincronizacaoEstoqueService      : [ESTOQUE] Lendo VW_ECOMMERCE_ESTOQUE no banco de dados...
2026-09-06T04:24:00.055-03:00  INFO 12340 --- [ecommerce] [scheduling-1] c.d.e.s.SincronizacaoEstoqueService      : [ESTOQUE] Ciclo finalizado. Total de atualizações enviadas: 0
2026-09-06T04:24:00.055-03:00  INFO 12340 --- [ecommerce] [scheduling-1] c.d.e.service.SincronizacaoService       : Lendo VW_ECOMMERCE_PRECOS no banco de dados...
2026-09-06T04:24:00.102-03:00  INFO 12340 --- [ecommerce] [scheduling-1] c.d.e.service.SincronizacaoService       : Ciclo finalizado. Total de atualizações enviadas: 0
2026-09-06T04:25:00.000-03:00  INFO 12340 --- [ecommerce] [scheduling-1] c.d.e.s.SincronizacaoEstoqueService      : [ESTOQUE] Lendo VW_ECOMMERCE_ESTOQUE no banco de dados...
2026-09-06T04:25:00.033-03:00  INFO 12340 --- [ecommerce] [scheduling-1] c.d.e.s.SincronizacaoEstoqueService      : [ESTOQUE] Ciclo finalizado. Total de atualizações enviadas: 0
2026-09-06T04:25:00.033-03:00  INFO 12340 --- [ecommerce] [scheduling-1] c.d.e.service.SincronizacaoService       : Lendo VW_ECOMMERCE_PRECOS no banco de dados...
2026-09-06T04:25:00.171-03:00  INFO 12340 --- [ecommerce] [scheduling-1] c.d.e.service.SincronizacaoService       : Ciclo finalizado. Total de atualizações enviadas: 0
2026-09-06T04:26:00.000-03:00  INFO 12340 --- [ecommerce] [scheduling-1] c.d.e.service.SincronizacaoService       : Lendo VW_ECOMMERCE_PRECOS no banco de dados...
2026-09-06T04:26:00.093-03:00  INFO 12340 --- [ecommerce] [scheduling-1] c.d.e.service.SincronizacaoService       : Ciclo finalizado. Total de atualizações enviadas: 0
2026-09-06T04:26:00.093-03:00  INFO 12340 --- [ecommerce] [scheduling-1] c.d.e.s.SincronizacaoEstoqueService      : [ESTOQUE] Lendo VW_ECOMMERCE_ESTOQUE no banco de dados...
2026-09-06T04:26:00.127-03:00  INFO 12340 --- [ecommerce] [scheduling-1] c.d.e.s.SincronizacaoEstoqueService      : [ESTOQUE] Ciclo finalizado. Total de atualizações enviadas: 0
2026-09-06T04:27:00.000-03:00  INFO 12340 --- [ecommerce] [scheduling-1] c.d.e.s.SincronizacaoEstoqueService      : [ESTOQUE] Lendo VW_ECOMMERCE_ESTOQUE no banco de dados...
2026-09-06T04:27:00.060-03:00  INFO 12340 --- [ecommerce] [scheduling-1] c.d.e.s.SincronizacaoEstoqueService      : [ESTOQUE] Ciclo finalizado. Total de atualizações enviadas: 0
2026-09-06T04:27:00.060-03:00  INFO 12340 --- [ecommerce] [scheduling-1] c.d.e.service.SincronizacaoService       : Lendo VW_ECOMMERCE_PRECOS no banco de dados...
2026-09-06T04:27:00.106-03:00  INFO 12340 --- [ecommerce] [scheduling-1] c.d.e.service.SincronizacaoService       : Ciclo finalizado. Total de atualizações enviadas: 0
2026-09-06T04:28:00.001-03:00  INFO 12340 --- [ecommerce] [scheduling-1] c.d.e.s.SincronizacaoEstoqueService      : [ESTOQUE] Lendo VW_ECOMMERCE_ESTOQUE no banco de dados...
2026-09-06T04:28:00.046-03:00  INFO 12340 --- [ecommerce] [scheduling-1] c.d.e.s.SincronizacaoEstoqueService      : [ESTOQUE] Ciclo finalizado. Total de atualizações enviadas: 0
2026-09-06T04:28:00.046-03:00  INFO 12340 --- [ecommerce] [scheduling-1] c.d.e.service.SincronizacaoService       : Lendo VW_ECOMMERCE_PRECOS no banco de dados...
2026-09-06T04:28:00.091-03:00  INFO 12340 --- [ecommerce] [scheduling-1] c.d.e.service.SincronizacaoService       : Ciclo finalizado. Total de atualizações enviadas: 0
2026-09-06T04:29:00.000-03:00  INFO 12340 --- [ecommerce] [scheduling-1] c.d.e.s.SincronizacaoEstoqueService      : [ESTOQUE] Lendo VW_ECOMMERCE_ESTOQUE no banco de dados...
2026-09-06T04:29:00.076-03:00  INFO 12340 --- [ecommerce] [scheduling-1] c.d.e.s.SincronizacaoEstoqueService      : [ESTOQUE] Ciclo finalizado. Total de atualizações enviadas: 0
2026-09-06T04:29:00.077-03:00  INFO 12340 --- [ecommerce] [scheduling-1] c.d.e.service.SincronizacaoService       : Lendo VW_ECOMMERCE_PRECOS no banco de dados...
2026-09-06T04:29:00.125-03:00  INFO 12340 --- [ecommerce] [scheduling-1] c.d.e.service.SincronizacaoService       : Ciclo finalizado. Total de atualizações enviadas: 0
2026-09-06T04:30:00.000-03:00  INFO 12340 --- [ecommerce] [scheduling-1] c.d.e.s.SincronizacaoEstoqueService      : [ESTOQUE] Lendo VW_ECOMMERCE_ESTOQUE no banco de dados...
2026-09-06T04:30:00.094-03:00  INFO 12340 --- [ecommerce] [scheduling-1] c.d.e.s.SincronizacaoEstoqueService      : [ESTOQUE] Ciclo finalizado. Total de atualizações enviadas: 0
2026-09-06T04:30:00.094-03:00  INFO 12340 --- [ecommerce] [scheduling-1] c.d.e.service.SincronizacaoService       : Lendo VW_ECOMMERCE_PRECOS no banco de dados...
2026-09-06T04:30:00.139-03:00  INFO 12340 --- [ecommerce] [scheduling-1] c.d.e.service.SincronizacaoService       : Ciclo finalizado. Total de atualizações enviadas: 0
2026-09-06T04:31:00.000-03:00  INFO 12340 --- [ecommerce] [scheduling-1] c.d.e.service.SincronizacaoService       : Lendo VW_ECOMMERCE_PRECOS no banco de dados...
2026-09-06T04:31:00.113-03:00  INFO 12340 --- [ecommerce] [scheduling-1] c.d.e.service.SincronizacaoService       : Ciclo finalizado. Total de atualizações enviadas: 0
2026-09-06T04:31:00.113-03:00  INFO 12340 --- [ecommerce] [scheduling-1] c.d.e.s.SincronizacaoEstoqueService      : [ESTOQUE] Lendo VW_ECOMMERCE_ESTOQUE no banco de dados...
2026-09-06T04:31:00.141-03:00  INFO 12340 --- [ecommerce] [scheduling-1] c.d.e.s.SincronizacaoEstoqueService      : [ESTOQUE] Ciclo finalizado. Total de atualizações enviadas: 0
2026-09-06T04:32:00.001-03:00  INFO 12340 --- [ecommerce] [scheduling-1] c.d.e.s.SincronizacaoEstoqueService      : [ESTOQUE] Lendo VW_ECOMMERCE_ESTOQUE no banco de dados...
2026-09-06T04:32:00.072-03:00  INFO 12340 --- [ecommerce] [scheduling-1] c.d.e.s.SincronizacaoEstoqueService      : [ESTOQUE] Ciclo finalizado. Total de atualizações enviadas: 0
2026-09-06T04:32:00.072-03:00  INFO 12340 --- [ecommerce] [scheduling-1] c.d.e.service.SincronizacaoService       : Lendo VW_ECOMMERCE_PRECOS no banco de dados...
2026-09-06T04:32:00.119-03:00  INFO 12340 --- [ecommerce] [scheduling-1] c.d.e.service.SincronizacaoService       : Ciclo finalizado. Total de atualizações enviadas: 0
2026-09-06T04:33:00.001-03:00  INFO 12340 --- [ecommerce] [scheduling-1] c.d.e.s.SincronizacaoEstoqueService      : [ESTOQUE] Lendo VW_ECOMMERCE_ESTOQUE no banco de dados...
2026-09-06T04:33:00.058-03:00  INFO 12340 --- [ecommerce] [scheduling-1] c.d.e.s.SincronizacaoEstoqueService      : [ESTOQUE] Ciclo finalizado. Total de atualizações enviadas: 0
2026-09-06T04:33:00.059-03:00  INFO 12340 --- [ecommerce] [scheduling-1] c.d.e.service.SincronizacaoService       : Lendo VW_ECOMMERCE_PRECOS no banco de dados...
2026-09-06T04:33:00.104-03:00  INFO 12340 --- [ecommerce] [scheduling-1] c.d.e.service.SincronizacaoService       : Ciclo finalizado. Total de atualizações enviadas: 0
2026-09-06T04:34:00.000-03:00  INFO 12340 --- [ecommerce] [scheduling-1] c.d.e.s.SincronizacaoEstoqueService      : [ESTOQUE] Lendo VW_ECOMMERCE_ESTOQUE no banco de dados...
2026-09-06T04:34:00.088-03:00  INFO 12340 --- [ecommerce] [scheduling-1] c.d.e.s.SincronizacaoEstoqueService      : [ESTOQUE] Ciclo finalizado. Total de atualizações enviadas: 0
2026-09-06T04:34:00.088-03:00  INFO 12340 --- [ecommerce] [scheduling-1] c.d.e.service.SincronizacaoService       : Lendo VW_ECOMMERCE_PRECOS no banco de dados...
2026-09-06T04:34:00.131-03:00  INFO 12340 --- [ecommerce] [scheduling-1] c.d.e.service.SincronizacaoService       : Ciclo finalizado. Total de atualizações enviadas: 0
2026-09-06T04:35:00.000-03:00  INFO 12340 --- [ecommerce] [scheduling-1] c.d.e.s.SincronizacaoEstoqueService      : [ESTOQUE] Lendo VW_ECOMMERCE_ESTOQUE no banco de dados...
2026-09-06T04:35:00.092-03:00  INFO 12340 --- [ecommerce] [scheduling-1] c.d.e.s.SincronizacaoEstoqueService      : [ESTOQUE] Ciclo finalizado. Total de atualizações enviadas: 0
2026-09-06T04:35:00.092-03:00  INFO 12340 --- [ecommerce] [scheduling-1] c.d.e.service.SincronizacaoService       : Lendo VW_ECOMMERCE_PRECOS no banco de dados...
2026-09-06T04:35:00.138-03:00  INFO 12340 --- [ecommerce] [scheduling-1] c.d.e.service.SincronizacaoService       : Ciclo finalizado. Total de atualizações enviadas: 0
2026-09-06T04:35:59.999-03:00  INFO 12340 --- [ecommerce] [scheduling-1] c.d.e.service.SincronizacaoService       : Lendo VW_ECOMMERCE_PRECOS no banco de dados...
2026-09-06T04:36:00.049-03:00  INFO 12340 --- [ecommerce] [scheduling-1] c.d.e.service.SincronizacaoService       : Ciclo finalizado. Total de atualizações enviadas: 0
2026-09-06T04:36:00.049-03:00  INFO 12340 --- [ecommerce] [scheduling-1] c.d.e.s.SincronizacaoEstoqueService      : [ESTOQUE] Lendo VW_ECOMMERCE_ESTOQUE no banco de dados...
2026-09-06T04:36:00.073-03:00  INFO 12340 --- [ecommerce] [scheduling-1] c.d.e.s.SincronizacaoEstoqueService      : [ESTOQUE] Ciclo finalizado. Total de atualizações enviadas: 0
2026-09-06T04:37:00.000-03:00  INFO 12340 --- [ecommerce] [scheduling-1] c.d.e.s.SincronizacaoEstoqueService      : [ESTOQUE] Lendo VW_ECOMMERCE_ESTOQUE no banco de dados...
2026-09-06T04:37:00.039-03:00  INFO 12340 --- [ecommerce] [scheduling-1] c.d.e.s.SincronizacaoEstoqueService      : [ESTOQUE] Ciclo finalizado. Total de atualizações enviadas: 0
2026-09-06T04:37:00.040-03:00  INFO 12340 --- [ecommerce] [scheduling-1] c.d.e.service.SincronizacaoService       : Lendo VW_ECOMMERCE_PRECOS no banco de dados...
2026-09-06T04:37:00.084-03:00  INFO 12340 --- [ecommerce] [scheduling-1] c.d.e.service.SincronizacaoService       : Ciclo finalizado. Total de atualizações enviadas: 0
2026-09-06T04:38:00.000-03:00  INFO 12340 --- [ecommerce] [scheduling-1] c.d.e.s.SincronizacaoEstoqueService      : [ESTOQUE] Lendo VW_ECOMMERCE_ESTOQUE no banco de dados...
2026-09-06T04:38:00.093-03:00  INFO 12340 --- [ecommerce] [scheduling-1] c.d.e.s.SincronizacaoEstoqueService      : [ESTOQUE] Ciclo finalizado. Total de atualizações enviadas: 0
2026-09-06T04:38:00.093-03:00  INFO 12340 --- [ecommerce] [scheduling-1] c.d.e.service.SincronizacaoService       : Lendo VW_ECOMMERCE_PRECOS no banco de dados...
2026-09-06T04:38:00.135-03:00  INFO 12340 --- [ecommerce] [scheduling-1] c.d.e.service.SincronizacaoService       : Ciclo finalizado. Total de atualizações enviadas: 0
2026-09-06T04:39:00.000-03:00  INFO 12340 --- [ecommerce] [scheduling-1] c.d.e.s.SincronizacaoEstoqueService      : [ESTOQUE] Lendo VW_ECOMMERCE_ESTOQUE no banco de dados...
2026-09-06T04:39:00.038-03:00  INFO 12340 --- [ecommerce] [scheduling-1] c.d.e.s.SincronizacaoEstoqueService      : [ESTOQUE] Ciclo finalizado. Total de atualizações enviadas: 0
2026-09-06T04:39:00.038-03:00  INFO 12340 --- [ecommerce] [scheduling-1] c.d.e.service.SincronizacaoService       : Lendo VW_ECOMMERCE_PRECOS no banco de dados...
2026-09-06T04:39:00.125-03:00  INFO 12340 --- [ecommerce] [scheduling-1] c.d.e.service.SincronizacaoService       : Ciclo finalizado. Total de atualizações enviadas: 0
2026-09-06T04:40:00.001-03:00  INFO 12340 --- [ecommerce] [scheduling-1] c.d.e.service.SincronizacaoService       : Lendo VW_ECOMMERCE_PRECOS no banco de dados...
2026-09-06T04:40:00.095-03:00  INFO 12340 --- [ecommerce] [scheduling-1] c.d.e.service.SincronizacaoService       : Ciclo finalizado. Total de atualizações enviadas: 0
2026-09-06T04:40:00.095-03:00  INFO 12340 --- [ecommerce] [scheduling-1] c.d.e.s.SincronizacaoEstoqueService      : [ESTOQUE] Lendo VW_ECOMMERCE_ESTOQUE no banco de dados...
2026-09-06T04:40:00.127-03:00  INFO 12340 --- [ecommerce] [scheduling-1] c.d.e.s.SincronizacaoEstoqueService      : [ESTOQUE] Ciclo finalizado. Total de atualizações enviadas: 0
2026-09-06T04:40:59.999-03:00  INFO 12340 --- [ecommerce] [scheduling-1] c.d.e.s.SincronizacaoEstoqueService      : [ESTOQUE] Lendo VW_ECOMMERCE_ESTOQUE no banco de dados...
2026-09-06T04:41:00.058-03:00  INFO 12340 --- [ecommerce] [scheduling-1] c.d.e.s.SincronizacaoEstoqueService      : [ESTOQUE] Ciclo finalizado. Total de atualizações enviadas: 0
2026-09-06T04:41:00.058-03:00  INFO 12340 --- [ecommerce] [scheduling-1] c.d.e.service.SincronizacaoService       : Lendo VW_ECOMMERCE_PRECOS no banco de dados...
2026-09-06T04:41:00.105-03:00  INFO 12340 --- [ecommerce] [scheduling-1] c.d.e.service.SincronizacaoService       : Ciclo finalizado. Total de atualizações enviadas: 0
2026-09-06T04:42:00.001-03:00  INFO 12340 --- [ecommerce] [scheduling-1] c.d.e.service.SincronizacaoService       : Lendo VW_ECOMMERCE_PRECOS no banco de dados...
2026-09-06T04:42:00.100-03:00  INFO 12340 --- [ecommerce] [scheduling-1] c.d.e.service.SincronizacaoService       : Ciclo finalizado. Total de atualizações enviadas: 0
2026-09-06T04:42:00.100-03:00  INFO 12340 --- [ecommerce] [scheduling-1] c.d.e.s.SincronizacaoEstoqueService      : [ESTOQUE] Lendo VW_ECOMMERCE_ESTOQUE no banco de dados...
2026-09-06T04:42:00.130-03:00  INFO 12340 --- [ecommerce] [scheduling-1] c.d.e.s.SincronizacaoEstoqueService      : [ESTOQUE] Ciclo finalizado. Total de atualizações enviadas: 0
2026-09-06T04:43:00.000-03:00  INFO 12340 --- [ecommerce] [scheduling-1] c.d.e.s.SincronizacaoEstoqueService      : [ESTOQUE] Lendo VW_ECOMMERCE_ESTOQUE no banco de dados...
2026-09-06T04:43:00.070-03:00  INFO 12340 --- [ecommerce] [scheduling-1] c.d.e.s.SincronizacaoEstoqueService      : [ESTOQUE] Ciclo finalizado. Total de atualizações enviadas: 0
2026-09-06T04:43:00.070-03:00  INFO 12340 --- [ecommerce] [scheduling-1] c.d.e.service.SincronizacaoService       : Lendo VW_ECOMMERCE_PRECOS no banco de dados...
2026-09-06T04:43:00.117-03:00  INFO 12340 --- [ecommerce] [scheduling-1] c.d.e.service.SincronizacaoService       : Ciclo finalizado. Total de atualizações enviadas: 0
2026-09-06T04:44:00.000-03:00  INFO 12340 --- [ecommerce] [scheduling-1] c.d.e.s.SincronizacaoEstoqueService      : [ESTOQUE] Lendo VW_ECOMMERCE_ESTOQUE no banco de dados...
2026-09-06T04:44:00.053-03:00  INFO 12340 --- [ecommerce] [scheduling-1] c.d.e.s.SincronizacaoEstoqueService      : [ESTOQUE] Ciclo finalizado. Total de atualizações enviadas: 0
2026-09-06T04:44:00.054-03:00  INFO 12340 --- [ecommerce] [scheduling-1] c.d.e.service.SincronizacaoService       : Lendo VW_ECOMMERCE_PRECOS no banco de dados...
2026-09-06T04:44:00.125-03:00  INFO 12340 --- [ecommerce] [scheduling-1] c.d.e.service.SincronizacaoService       : Ciclo finalizado. Total de atualizações enviadas: 0
2026-09-06T04:45:00.000-03:00  INFO 12340 --- [ecommerce] [scheduling-1] c.d.e.service.SincronizacaoService       : Lendo VW_ECOMMERCE_PRECOS no banco de dados...
2026-09-06T04:45:00.051-03:00  INFO 12340 --- [ecommerce] [scheduling-1] c.d.e.service.SincronizacaoService       : Ciclo finalizado. Total de atualizações enviadas: 0
2026-09-06T04:45:00.051-03:00  INFO 12340 --- [ecommerce] [scheduling-1] c.d.e.s.SincronizacaoEstoqueService      : [ESTOQUE] Lendo VW_ECOMMERCE_ESTOQUE no banco de dados...
2026-09-06T04:45:00.083-03:00  INFO 12340 --- [ecommerce] [scheduling-1] c.d.e.s.SincronizacaoEstoqueService      : [ESTOQUE] Ciclo finalizado. Total de atualizações enviadas: 0
2026-09-06T04:46:00.000-03:00  INFO 12340 --- [ecommerce] [scheduling-1] c.d.e.s.SincronizacaoEstoqueService      : [ESTOQUE] Lendo VW_ECOMMERCE_ESTOQUE no banco de dados...
2026-09-06T04:46:00.062-03:00  INFO 12340 --- [ecommerce] [scheduling-1] c.d.e.s.SincronizacaoEstoqueService      : [ESTOQUE] Ciclo finalizado. Total de atualizações enviadas: 0
2026-09-06T04:46:00.062-03:00  INFO 12340 --- [ecommerce] [scheduling-1] c.d.e.service.SincronizacaoService       : Lendo VW_ECOMMERCE_PRECOS no banco de dados...
2026-09-06T04:46:00.111-03:00  INFO 12340 --- [ecommerce] [scheduling-1] c.d.e.service.SincronizacaoService       : Ciclo finalizado. Total de atualizações enviadas: 0
2026-09-06T04:47:00.000-03:00  INFO 12340 --- [ecommerce] [scheduling-1] c.d.e.service.SincronizacaoService       : Lendo VW_ECOMMERCE_PRECOS no banco de dados...
2026-09-06T04:47:00.098-03:00  INFO 12340 --- [ecommerce] [scheduling-1] c.d.e.service.SincronizacaoService       : Ciclo finalizado. Total de atualizações enviadas: 0
2026-09-06T04:47:00.098-03:00  INFO 12340 --- [ecommerce] [scheduling-1] c.d.e.s.SincronizacaoEstoqueService      : [ESTOQUE] Lendo VW_ECOMMERCE_ESTOQUE no banco de dados...
2026-09-06T04:47:00.128-03:00  INFO 12340 --- [ecommerce] [scheduling-1] c.d.e.s.SincronizacaoEstoqueService      : [ESTOQUE] Ciclo finalizado. Total de atualizações enviadas: 0
2026-09-06T04:48:00.003-03:00  INFO 12340 --- [ecommerce] [scheduling-1] c.d.e.service.SincronizacaoService       : Lendo VW_ECOMMERCE_PRECOS no banco de dados...
2026-09-06T04:48:00.102-03:00  INFO 12340 --- [ecommerce] [scheduling-1] c.d.e.service.SincronizacaoService       : Ciclo finalizado. Total de atualizações enviadas: 0
2026-09-06T04:48:00.102-03:00  INFO 12340 --- [ecommerce] [scheduling-1] c.d.e.s.SincronizacaoEstoqueService      : [ESTOQUE] Lendo VW_ECOMMERCE_ESTOQUE no banco de dados...
2026-09-06T04:48:00.126-03:00  INFO 12340 --- [ecommerce] [scheduling-1] c.d.e.s.SincronizacaoEstoqueService      : [ESTOQUE] Ciclo finalizado. Total de atualizações enviadas: 0
2026-09-06T04:49:00.000-03:00  INFO 12340 --- [ecommerce] [scheduling-1] c.d.e.s.SincronizacaoEstoqueService      : [ESTOQUE] Lendo VW_ECOMMERCE_ESTOQUE no banco de dados...
2026-09-06T04:49:00.037-03:00  INFO 12340 --- [ecommerce] [scheduling-1] c.d.e.s.SincronizacaoEstoqueService      : [ESTOQUE] Ciclo finalizado. Total de atualizações enviadas: 0
2026-09-06T04:49:00.037-03:00  INFO 12340 --- [ecommerce] [scheduling-1] c.d.e.service.SincronizacaoService       : Lendo VW_ECOMMERCE_PRECOS no banco de dados...
2026-09-06T04:49:00.083-03:00  INFO 12340 --- [ecommerce] [scheduling-1] c.d.e.service.SincronizacaoService       : Ciclo finalizado. Total de atualizações enviadas: 0
2026-09-06T04:49:59.999-03:00  INFO 12340 --- [ecommerce] [scheduling-1] c.d.e.service.SincronizacaoService       : Lendo VW_ECOMMERCE_PRECOS no banco de dados...
2026-09-06T04:50:00.087-03:00  INFO 12340 --- [ecommerce] [scheduling-1] c.d.e.service.SincronizacaoService       : Ciclo finalizado. Total de atualizações enviadas: 0
2026-09-06T04:50:00.087-03:00  INFO 12340 --- [ecommerce] [scheduling-1] c.d.e.s.SincronizacaoEstoqueService      : [ESTOQUE] Lendo VW_ECOMMERCE_ESTOQUE no banco de dados...
2026-09-06T04:50:00.121-03:00  INFO 12340 --- [ecommerce] [scheduling-1] c.d.e.s.SincronizacaoEstoqueService      : [ESTOQUE] Ciclo finalizado. Total de atualizações enviadas: 0
2026-09-06T04:51:00.000-03:00  INFO 12340 --- [ecommerce] [scheduling-1] c.d.e.service.SincronizacaoService       : Lendo VW_ECOMMERCE_PRECOS no banco de dados...
2026-09-06T04:51:00.087-03:00  INFO 12340 --- [ecommerce] [scheduling-1] c.d.e.service.SincronizacaoService       : Ciclo finalizado. Total de atualizações enviadas: 0
2026-09-06T04:51:00.087-03:00  INFO 12340 --- [ecommerce] [scheduling-1] c.d.e.s.SincronizacaoEstoqueService      : [ESTOQUE] Lendo VW_ECOMMERCE_ESTOQUE no banco de dados...
2026-09-06T04:51:00.110-03:00  INFO 12340 --- [ecommerce] [scheduling-1] c.d.e.s.SincronizacaoEstoqueService      : [ESTOQUE] Ciclo finalizado. Total de atualizações enviadas: 0
2026-09-06T04:51:59.999-03:00  INFO 12340 --- [ecommerce] [scheduling-1] c.d.e.s.SincronizacaoEstoqueService      : [ESTOQUE] Lendo VW_ECOMMERCE_ESTOQUE no banco de dados...
2026-09-06T04:52:00.039-03:00  INFO 12340 --- [ecommerce] [scheduling-1] c.d.e.s.SincronizacaoEstoqueService      : [ESTOQUE] Ciclo finalizado. Total de atualizações enviadas: 0
2026-09-06T04:52:00.039-03:00  INFO 12340 --- [ecommerce] [scheduling-1] c.d.e.service.SincronizacaoService       : Lendo VW_ECOMMERCE_PRECOS no banco de dados...
2026-09-06T04:52:00.120-03:00  INFO 12340 --- [ecommerce] [scheduling-1] c.d.e.service.SincronizacaoService       : Ciclo finalizado. Total de atualizações enviadas: 0
2026-09-06T04:53:00.000-03:00  INFO 12340 --- [ecommerce] [scheduling-1] c.d.e.service.SincronizacaoService       : Lendo VW_ECOMMERCE_PRECOS no banco de dados...
2026-09-06T04:53:00.103-03:00  INFO 12340 --- [ecommerce] [scheduling-1] c.d.e.service.SincronizacaoService       : Ciclo finalizado. Total de atualizações enviadas: 0
2026-09-06T04:53:00.104-03:00  INFO 12340 --- [ecommerce] [scheduling-1] c.d.e.s.SincronizacaoEstoqueService      : [ESTOQUE] Lendo VW_ECOMMERCE_ESTOQUE no banco de dados...
2026-09-06T04:53:00.124-03:00  INFO 12340 --- [ecommerce] [scheduling-1] c.d.e.s.SincronizacaoEstoqueService      : [ESTOQUE] Ciclo finalizado. Total de atualizações enviadas: 0
2026-09-06T04:53:59.999-03:00  INFO 12340 --- [ecommerce] [scheduling-1] c.d.e.service.SincronizacaoService       : Lendo VW_ECOMMERCE_PRECOS no banco de dados...
2026-09-06T04:54:00.084-03:00  INFO 12340 --- [ecommerce] [scheduling-1] c.d.e.service.SincronizacaoService       : Ciclo finalizado. Total de atualizações enviadas: 0
2026-09-06T04:54:00.084-03:00  INFO 12340 --- [ecommerce] [scheduling-1] c.d.e.s.SincronizacaoEstoqueService      : [ESTOQUE] Lendo VW_ECOMMERCE_ESTOQUE no banco de dados...
2026-09-06T04:54:00.119-03:00  INFO 12340 --- [ecommerce] [scheduling-1] c.d.e.s.SincronizacaoEstoqueService      : [ESTOQUE] Ciclo finalizado. Total de atualizações enviadas: 0
2026-09-06T04:55:00.000-03:00  INFO 12340 --- [ecommerce] [scheduling-1] c.d.e.s.SincronizacaoEstoqueService      : [ESTOQUE] Lendo VW_ECOMMERCE_ESTOQUE no banco de dados...
2026-09-06T04:55:00.059-03:00  INFO 12340 --- [ecommerce] [scheduling-1] c.d.e.s.SincronizacaoEstoqueService      : [ESTOQUE] Ciclo finalizado. Total de atualizações enviadas: 0
2026-09-06T04:55:00.059-03:00  INFO 12340 --- [ecommerce] [scheduling-1] c.d.e.service.SincronizacaoService       : Lendo VW_ECOMMERCE_PRECOS no banco de dados...
2026-09-06T04:55:00.104-03:00  INFO 12340 --- [ecommerce] [scheduling-1] c.d.e.service.SincronizacaoService       : Ciclo finalizado. Total de atualizações enviadas: 0
2026-09-06T04:56:00.000-03:00  INFO 12340 --- [ecommerce] [scheduling-1] c.d.e.service.SincronizacaoService       : Lendo VW_ECOMMERCE_PRECOS no banco de dados...
2026-09-06T04:56:00.103-03:00  INFO 12340 --- [ecommerce] [scheduling-1] c.d.e.service.SincronizacaoService       : Ciclo finalizado. Total de atualizações enviadas: 0
2026-09-06T04:56:00.103-03:00  INFO 12340 --- [ecommerce] [scheduling-1] c.d.e.s.SincronizacaoEstoqueService      : [ESTOQUE] Lendo VW_ECOMMERCE_ESTOQUE no banco de dados...
2026-09-06T04:56:00.132-03:00  INFO 12340 --- [ecommerce] [scheduling-1] c.d.e.s.SincronizacaoEstoqueService      : [ESTOQUE] Ciclo finalizado. Total de atualizações enviadas: 0
2026-09-06T04:56:59.999-03:00  INFO 12340 --- [ecommerce] [scheduling-1] c.d.e.s.SincronizacaoEstoqueService      : [ESTOQUE] Lendo VW_ECOMMERCE_ESTOQUE no banco de dados...
2026-09-06T04:57:00.046-03:00  INFO 12340 --- [ecommerce] [scheduling-1] c.d.e.s.SincronizacaoEstoqueService      : [ESTOQUE] Ciclo finalizado. Total de atualizações enviadas: 0
2026-09-06T04:57:00.046-03:00  INFO 12340 --- [ecommerce] [scheduling-1] c.d.e.service.SincronizacaoService       : Lendo VW_ECOMMERCE_PRECOS no banco de dados...
2026-09-06T04:57:00.091-03:00  INFO 12340 --- [ecommerce] [scheduling-1] c.d.e.service.SincronizacaoService       : Ciclo finalizado. Total de atualizações enviadas: 0
2026-09-06T04:58:00.000-03:00  INFO 12340 --- [ecommerce] [scheduling-1] c.d.e.service.SincronizacaoService       : Lendo VW_ECOMMERCE_PRECOS no banco de dados...
2026-09-06T04:58:00.047-03:00  INFO 12340 --- [ecommerce] [scheduling-1] c.d.e.service.SincronizacaoService       : Ciclo finalizado. Total de atualizações enviadas: 0
2026-09-06T04:58:00.047-03:00  INFO 12340 --- [ecommerce] [scheduling-1] c.d.e.s.SincronizacaoEstoqueService      : [ESTOQUE] Lendo VW_ECOMMERCE_ESTOQUE no banco de dados...
2026-09-06T04:58:00.079-03:00  INFO 12340 --- [ecommerce] [scheduling-1] c.d.e.s.SincronizacaoEstoqueService      : [ESTOQUE] Ciclo finalizado. Total de atualizações enviadas: 0
2026-09-06T04:59:00.000-03:00  INFO 12340 --- [ecommerce] [scheduling-1] c.d.e.s.SincronizacaoEstoqueService      : [ESTOQUE] Lendo VW_ECOMMERCE_ESTOQUE no banco de dados...
2026-09-06T04:59:00.046-03:00  INFO 12340 --- [ecommerce] [scheduling-1] c.d.e.s.SincronizacaoEstoqueService      : [ESTOQUE] Ciclo finalizado. Total de atualizações enviadas: 0
2026-09-06T04:59:00.046-03:00  INFO 12340 --- [ecommerce] [scheduling-1] c.d.e.service.SincronizacaoService       : Lendo VW_ECOMMERCE_PRECOS no banco de dados...
2026-09-06T04:59:00.112-03:00  INFO 12340 --- [ecommerce] [scheduling-1] c.d.e.service.SincronizacaoService       : Ciclo finalizado. Total de atualizações enviadas: 0
2026-09-06T04:59:59.999-03:00  INFO 12340 --- [ecommerce] [scheduling-1] c.d.e.s.SincronizacaoEstoqueService      : [ESTOQUE] Lendo VW_ECOMMERCE_ESTOQUE no banco de dados...
2026-09-06T05:00:00.058-03:00  INFO 12340 --- [ecommerce] [scheduling-1] c.d.e.s.SincronizacaoEstoqueService      : [ESTOQUE] Ciclo finalizado. Total de atualizações enviadas: 0
2026-09-06T05:00:00.058-03:00  INFO 12340 --- [ecommerce] [scheduling-1] c.d.e.service.SincronizacaoService       : Lendo VW_ECOMMERCE_PRECOS no banco de dados...
2026-09-06T05:00:00.104-03:00  INFO 12340 --- [ecommerce] [scheduling-1] c.d.e.service.SincronizacaoService       : Ciclo finalizado. Total de atualizações enviadas: 0
2026-09-06T05:00:59.999-03:00  INFO 12340 --- [ecommerce] [scheduling-1] c.d.e.s.SincronizacaoEstoqueService      : [ESTOQUE] Lendo VW_ECOMMERCE_ESTOQUE no banco de dados...
2026-09-06T05:01:00.068-03:00  INFO 12340 --- [ecommerce] [scheduling-1] c.d.e.s.SincronizacaoEstoqueService      : [ESTOQUE] Ciclo finalizado. Total de atualizações enviadas: 0
2026-09-06T05:01:00.068-03:00  INFO 12340 --- [ecommerce] [scheduling-1] c.d.e.service.SincronizacaoService       : Lendo VW_ECOMMERCE_PRECOS no banco de dados...
2026-09-06T05:01:00.115-03:00  INFO 12340 --- [ecommerce] [scheduling-1] c.d.e.service.SincronizacaoService       : Ciclo finalizado. Total de atualizações enviadas: 0
2026-09-06T05:02:00.000-03:00  INFO 12340 --- [ecommerce] [scheduling-1] c.d.e.s.SincronizacaoEstoqueService      : [ESTOQUE] Lendo VW_ECOMMERCE_ESTOQUE no banco de dados...
2026-09-06T05:02:00.049-03:00  INFO 12340 --- [ecommerce] [scheduling-1] c.d.e.s.SincronizacaoEstoqueService      : [ESTOQUE] Ciclo finalizado. Total de atualizações enviadas: 0
2026-09-06T05:02:00.049-03:00  INFO 12340 --- [ecommerce] [scheduling-1] c.d.e.service.SincronizacaoService       : Lendo VW_ECOMMERCE_PRECOS no banco de dados...
2026-09-06T05:02:00.096-03:00  INFO 12340 --- [ecommerce] [scheduling-1] c.d.e.service.SincronizacaoService       : Ciclo finalizado. Total de atualizações enviadas: 0
2026-09-06T05:03:00.000-03:00  INFO 12340 --- [ecommerce] [scheduling-1] c.d.e.s.SincronizacaoEstoqueService      : [ESTOQUE] Lendo VW_ECOMMERCE_ESTOQUE no banco de dados...
2026-09-06T05:03:00.037-03:00  INFO 12340 --- [ecommerce] [scheduling-1] c.d.e.s.SincronizacaoEstoqueService      : [ESTOQUE] Ciclo finalizado. Total de atualizações enviadas: 0
2026-09-06T05:03:00.037-03:00  INFO 12340 --- [ecommerce] [scheduling-1] c.d.e.service.SincronizacaoService       : Lendo VW_ECOMMERCE_PRECOS no banco de dados...
2026-09-06T05:03:00.081-03:00  INFO 12340 --- [ecommerce] [scheduling-1] c.d.e.service.SincronizacaoService       : Ciclo finalizado. Total de atualizações enviadas: 0
2026-09-06T05:04:00.000-03:00  INFO 12340 --- [ecommerce] [scheduling-1] c.d.e.s.SincronizacaoEstoqueService      : [ESTOQUE] Lendo VW_ECOMMERCE_ESTOQUE no banco de dados...
2026-09-06T05:04:00.058-03:00  INFO 12340 --- [ecommerce] [scheduling-1] c.d.e.s.SincronizacaoEstoqueService      : [ESTOQUE] Ciclo finalizado. Total de atualizações enviadas: 0
2026-09-06T05:04:00.058-03:00  INFO 12340 --- [ecommerce] [scheduling-1] c.d.e.service.SincronizacaoService       : Lendo VW_ECOMMERCE_PRECOS no banco de dados...
2026-09-06T05:04:00.106-03:00  INFO 12340 --- [ecommerce] [scheduling-1] c.d.e.service.SincronizacaoService       : Ciclo finalizado. Total de atualizações enviadas: 0
2026-09-06T05:05:00.000-03:00  INFO 12340 --- [ecommerce] [scheduling-1] c.d.e.service.SincronizacaoService       : Lendo VW_ECOMMERCE_PRECOS no banco de dados...
2026-09-06T05:05:00.101-03:00  INFO 12340 --- [ecommerce] [scheduling-1] c.d.e.service.SincronizacaoService       : Ciclo finalizado. Total de atualizações enviadas: 0
2026-09-06T05:05:00.101-03:00  INFO 12340 --- [ecommerce] [scheduling-1] c.d.e.s.SincronizacaoEstoqueService      : [ESTOQUE] Lendo VW_ECOMMERCE_ESTOQUE no banco de dados...
2026-09-06T05:05:00.131-03:00  INFO 12340 --- [ecommerce] [scheduling-1] c.d.e.s.SincronizacaoEstoqueService      : [ESTOQUE] Ciclo finalizado. Total de atualizações enviadas: 0
2026-09-06T05:06:00.000-03:00  INFO 12340 --- [ecommerce] [scheduling-1] c.d.e.s.SincronizacaoEstoqueService      : [ESTOQUE] Lendo VW_ECOMMERCE_ESTOQUE no banco de dados...
2026-09-06T05:06:00.052-03:00  INFO 12340 --- [ecommerce] [scheduling-1] c.d.e.s.SincronizacaoEstoqueService      : [ESTOQUE] Ciclo finalizado. Total de atualizações enviadas: 0
2026-09-06T05:06:00.053-03:00  INFO 12340 --- [ecommerce] [scheduling-1] c.d.e.service.SincronizacaoService       : Lendo VW_ECOMMERCE_PRECOS no banco de dados...
2026-09-06T05:06:00.123-03:00  INFO 12340 --- [ecommerce] [scheduling-1] c.d.e.service.SincronizacaoService       : Ciclo finalizado. Total de atualizações enviadas: 0
2026-09-06T05:06:59.999-03:00  INFO 12340 --- [ecommerce] [scheduling-1] c.d.e.service.SincronizacaoService       : Lendo VW_ECOMMERCE_PRECOS no banco de dados...
2026-09-06T05:07:00.137-03:00  INFO 12340 --- [ecommerce] [scheduling-1] c.d.e.service.SincronizacaoService       : Ciclo finalizado. Total de atualizações enviadas: 0
2026-09-06T05:07:00.137-03:00  INFO 12340 --- [ecommerce] [scheduling-1] c.d.e.s.SincronizacaoEstoqueService      : [ESTOQUE] Lendo VW_ECOMMERCE_ESTOQUE no banco de dados...
2026-09-06T05:07:00.165-03:00  INFO 12340 --- [ecommerce] [scheduling-1] c.d.e.s.SincronizacaoEstoqueService      : [ESTOQUE] Ciclo finalizado. Total de atualizações enviadas: 0
2026-09-06T05:07:59.999-03:00  INFO 12340 --- [ecommerce] [scheduling-1] c.d.e.service.SincronizacaoService       : Lendo VW_ECOMMERCE_PRECOS no banco de dados...
2026-09-06T05:08:00.079-03:00  INFO 12340 --- [ecommerce] [scheduling-1] c.d.e.service.SincronizacaoService       : Ciclo finalizado. Total de atualizações enviadas: 0
2026-09-06T05:08:00.079-03:00  INFO 12340 --- [ecommerce] [scheduling-1] c.d.e.s.SincronizacaoEstoqueService      : [ESTOQUE] Lendo VW_ECOMMERCE_ESTOQUE no banco de dados...
2026-09-06T05:08:00.106-03:00  INFO 12340 --- [ecommerce] [scheduling-1] c.d.e.s.SincronizacaoEstoqueService      : [ESTOQUE] Ciclo finalizado. Total de atualizações enviadas: 0
2026-09-06T05:09:00.000-03:00  INFO 12340 --- [ecommerce] [scheduling-1] c.d.e.service.SincronizacaoService       : Lendo VW_ECOMMERCE_PRECOS no banco de dados...
2026-09-06T05:09:00.148-03:00  INFO 12340 --- [ecommerce] [scheduling-1] c.d.e.service.SincronizacaoService       : Ciclo finalizado. Total de atualizações enviadas: 0
2026-09-06T05:09:00.148-03:00  INFO 12340 --- [ecommerce] [scheduling-1] c.d.e.s.SincronizacaoEstoqueService      : [ESTOQUE] Lendo VW_ECOMMERCE_ESTOQUE no banco de dados...
2026-09-06T05:09:00.169-03:00  INFO 12340 --- [ecommerce] [scheduling-1] c.d.e.s.SincronizacaoEstoqueService      : [ESTOQUE] Ciclo finalizado. Total de atualizações enviadas: 0
2026-09-06T05:10:00.000-03:00  INFO 12340 --- [ecommerce] [scheduling-1] c.d.e.service.SincronizacaoService       : Lendo VW_ECOMMERCE_PRECOS no banco de dados...
2026-09-06T05:10:00.096-03:00  INFO 12340 --- [ecommerce] [scheduling-1] c.d.e.service.SincronizacaoService       : Ciclo finalizado. Total de atualizações enviadas: 0
2026-09-06T05:10:00.097-03:00  INFO 12340 --- [ecommerce] [scheduling-1] c.d.e.s.SincronizacaoEstoqueService      : [ESTOQUE] Lendo VW_ECOMMERCE_ESTOQUE no banco de dados...
2026-09-06T05:10:00.127-03:00  INFO 12340 --- [ecommerce] [scheduling-1] c.d.e.s.SincronizacaoEstoqueService      : [ESTOQUE] Ciclo finalizado. Total de atualizações enviadas: 0
2026-09-06T05:10:59.999-03:00  INFO 12340 --- [ecommerce] [scheduling-1] c.d.e.service.SincronizacaoService       : Lendo VW_ECOMMERCE_PRECOS no banco de dados...
2026-09-06T05:11:00.106-03:00  INFO 12340 --- [ecommerce] [scheduling-1] c.d.e.service.SincronizacaoService       : Ciclo finalizado. Total de atualizações enviadas: 0
2026-09-06T05:11:00.106-03:00  INFO 12340 --- [ecommerce] [scheduling-1] c.d.e.s.SincronizacaoEstoqueService      : [ESTOQUE] Lendo VW_ECOMMERCE_ESTOQUE no banco de dados...
2026-09-06T05:11:00.131-03:00  INFO 12340 --- [ecommerce] [scheduling-1] c.d.e.s.SincronizacaoEstoqueService      : [ESTOQUE] Ciclo finalizado. Total de atualizações enviadas: 0
2026-09-06T05:12:00.000-03:00  INFO 12340 --- [ecommerce] [scheduling-1] c.d.e.s.SincronizacaoEstoqueService      : [ESTOQUE] Lendo VW_ECOMMERCE_ESTOQUE no banco de dados...
2026-09-06T05:12:00.089-03:00  INFO 12340 --- [ecommerce] [scheduling-1] c.d.e.s.SincronizacaoEstoqueService      : [ESTOQUE] Ciclo finalizado. Total de atualizações enviadas: 0
2026-09-06T05:12:00.089-03:00  INFO 12340 --- [ecommerce] [scheduling-1] c.d.e.service.SincronizacaoService       : Lendo VW_ECOMMERCE_PRECOS no banco de dados...
2026-09-06T05:12:00.247-03:00  INFO 12340 --- [ecommerce] [scheduling-1] c.d.e.service.SincronizacaoService       : Ciclo finalizado. Total de atualizações enviadas: 0
2026-09-06T05:13:00.001-03:00  INFO 12340 --- [ecommerce] [scheduling-1] c.d.e.s.SincronizacaoEstoqueService      : [ESTOQUE] Lendo VW_ECOMMERCE_ESTOQUE no banco de dados...
2026-09-06T05:13:00.053-03:00  INFO 12340 --- [ecommerce] [scheduling-1] c.d.e.s.SincronizacaoEstoqueService      : [ESTOQUE] Ciclo finalizado. Total de atualizações enviadas: 0
2026-09-06T05:13:00.053-03:00  INFO 12340 --- [ecommerce] [scheduling-1] c.d.e.service.SincronizacaoService       : Lendo VW_ECOMMERCE_PRECOS no banco de dados...
2026-09-06T05:13:00.097-03:00  INFO 12340 --- [ecommerce] [scheduling-1] c.d.e.service.SincronizacaoService       : Ciclo finalizado. Total de atualizações enviadas: 0
2026-09-06T05:14:00.000-03:00  INFO 12340 --- [ecommerce] [scheduling-1] c.d.e.service.SincronizacaoService       : Lendo VW_ECOMMERCE_PRECOS no banco de dados...
2026-09-06T05:14:00.092-03:00  INFO 12340 --- [ecommerce] [scheduling-1] c.d.e.service.SincronizacaoService       : Ciclo finalizado. Total de atualizações enviadas: 0
2026-09-06T05:14:00.092-03:00  INFO 12340 --- [ecommerce] [scheduling-1] c.d.e.s.SincronizacaoEstoqueService      : [ESTOQUE] Lendo VW_ECOMMERCE_ESTOQUE no banco de dados...
2026-09-06T05:14:00.114-03:00  INFO 12340 --- [ecommerce] [scheduling-1] c.d.e.s.SincronizacaoEstoqueService      : [ESTOQUE] Ciclo finalizado. Total de atualizações enviadas: 0
2026-09-06T05:15:00.000-03:00  INFO 12340 --- [ecommerce] [scheduling-1] c.d.e.service.SincronizacaoService       : Lendo VW_ECOMMERCE_PRECOS no banco de dados...
2026-09-06T05:15:00.057-03:00  INFO 12340 --- [ecommerce] [scheduling-1] c.d.e.service.SincronizacaoService       : Ciclo finalizado. Total de atualizações enviadas: 0
2026-09-06T05:15:00.058-03:00  INFO 12340 --- [ecommerce] [scheduling-1] c.d.e.s.SincronizacaoEstoqueService      : [ESTOQUE] Lendo VW_ECOMMERCE_ESTOQUE no banco de dados...
2026-09-06T05:15:00.090-03:00  INFO 12340 --- [ecommerce] [scheduling-1] c.d.e.s.SincronizacaoEstoqueService      : [ESTOQUE] Ciclo finalizado. Total de atualizações enviadas: 0
2026-09-06T05:15:59.999-03:00  INFO 12340 --- [ecommerce] [scheduling-1] c.d.e.service.SincronizacaoService       : Lendo VW_ECOMMERCE_PRECOS no banco de dados...
2026-09-06T05:16:00.156-03:00  INFO 12340 --- [ecommerce] [scheduling-1] c.d.e.service.SincronizacaoService       : Ciclo finalizado. Total de atualizações enviadas: 0
2026-09-06T05:16:00.156-03:00  INFO 12340 --- [ecommerce] [scheduling-1] c.d.e.s.SincronizacaoEstoqueService      : [ESTOQUE] Lendo VW_ECOMMERCE_ESTOQUE no banco de dados...
2026-09-06T05:16:00.182-03:00  INFO 12340 --- [ecommerce] [scheduling-1] c.d.e.s.SincronizacaoEstoqueService      : [ESTOQUE] Ciclo finalizado. Total de atualizações enviadas: 0
2026-09-06T05:17:00.000-03:00  INFO 12340 --- [ecommerce] [scheduling-1] c.d.e.s.SincronizacaoEstoqueService      : [ESTOQUE] Lendo VW_ECOMMERCE_ESTOQUE no banco de dados...
2026-09-06T05:17:00.069-03:00  INFO 12340 --- [ecommerce] [scheduling-1] c.d.e.s.SincronizacaoEstoqueService      : [ESTOQUE] Ciclo finalizado. Total de atualizações enviadas: 0
2026-09-06T05:17:00.070-03:00  INFO 12340 --- [ecommerce] [scheduling-1] c.d.e.service.SincronizacaoService       : Lendo VW_ECOMMERCE_PRECOS no banco de dados...
2026-09-06T05:17:00.132-03:00  INFO 12340 --- [ecommerce] [scheduling-1] c.d.e.service.SincronizacaoService       : Ciclo finalizado. Total de atualizações enviadas: 0
2026-09-06T05:17:59.999-03:00  INFO 12340 --- [ecommerce] [scheduling-1] c.d.e.service.SincronizacaoService       : Lendo VW_ECOMMERCE_PRECOS no banco de dados...
2026-09-06T05:18:00.125-03:00  INFO 12340 --- [ecommerce] [scheduling-1] c.d.e.service.SincronizacaoService       : Ciclo finalizado. Total de atualizações enviadas: 0
2026-09-06T05:18:00.125-03:00  INFO 12340 --- [ecommerce] [scheduling-1] c.d.e.s.SincronizacaoEstoqueService      : [ESTOQUE] Lendo VW_ECOMMERCE_ESTOQUE no banco de dados...
2026-09-06T05:18:00.156-03:00  INFO 12340 --- [ecommerce] [scheduling-1] c.d.e.s.SincronizacaoEstoqueService      : [ESTOQUE] Ciclo finalizado. Total de atualizações enviadas: 0
2026-09-06T05:19:00.000-03:00  INFO 12340 --- [ecommerce] [scheduling-1] c.d.e.s.SincronizacaoEstoqueService      : [ESTOQUE] Lendo VW_ECOMMERCE_ESTOQUE no banco de dados...
2026-09-06T05:19:00.085-03:00  INFO 12340 --- [ecommerce] [scheduling-1] c.d.e.s.SincronizacaoEstoqueService      : [ESTOQUE] Ciclo finalizado. Total de atualizações enviadas: 0
2026-09-06T05:19:00.085-03:00  INFO 12340 --- [ecommerce] [scheduling-1] c.d.e.service.SincronizacaoService       : Lendo VW_ECOMMERCE_PRECOS no banco de dados...
2026-09-06T05:19:00.158-03:00  INFO 12340 --- [ecommerce] [scheduling-1] c.d.e.service.SincronizacaoService       : Ciclo finalizado. Total de atualizações enviadas: 0
2026-09-06T05:20:00.000-03:00  INFO 12340 --- [ecommerce] [scheduling-1] c.d.e.service.SincronizacaoService       : Lendo VW_ECOMMERCE_PRECOS no banco de dados...
2026-09-06T05:20:00.134-03:00  INFO 12340 --- [ecommerce] [scheduling-1] c.d.e.service.SincronizacaoService       : Ciclo finalizado. Total de atualizações enviadas: 0
2026-09-06T05:20:00.135-03:00  INFO 12340 --- [ecommerce] [scheduling-1] c.d.e.s.SincronizacaoEstoqueService      : [ESTOQUE] Lendo VW_ECOMMERCE_ESTOQUE no banco de dados...
2026-09-06T05:20:00.157-03:00  INFO 12340 --- [ecommerce] [scheduling-1] c.d.e.s.SincronizacaoEstoqueService      : [ESTOQUE] Ciclo finalizado. Total de atualizações enviadas: 0
2026-09-06T05:21:00.001-03:00  INFO 12340 --- [ecommerce] [scheduling-1] c.d.e.service.SincronizacaoService       : Lendo VW_ECOMMERCE_PRECOS no banco de dados...
2026-09-06T05:21:00.119-03:00  INFO 12340 --- [ecommerce] [scheduling-1] c.d.e.service.SincronizacaoService       : Ciclo finalizado. Total de atualizações enviadas: 0
2026-09-06T05:21:00.119-03:00  INFO 12340 --- [ecommerce] [scheduling-1] c.d.e.s.SincronizacaoEstoqueService      : [ESTOQUE] Lendo VW_ECOMMERCE_ESTOQUE no banco de dados...
2026-09-06T05:21:00.143-03:00  INFO 12340 --- [ecommerce] [scheduling-1] c.d.e.s.SincronizacaoEstoqueService      : [ESTOQUE] Ciclo finalizado. Total de atualizações enviadas: 0
2026-09-06T05:22:00.000-03:00  INFO 12340 --- [ecommerce] [scheduling-1] c.d.e.s.SincronizacaoEstoqueService      : [ESTOQUE] Lendo VW_ECOMMERCE_ESTOQUE no banco de dados...
2026-09-06T05:22:00.079-03:00  INFO 12340 --- [ecommerce] [scheduling-1] c.d.e.s.SincronizacaoEstoqueService      : [ESTOQUE] Ciclo finalizado. Total de atualizações enviadas: 0
2026-09-06T05:22:00.080-03:00  INFO 12340 --- [ecommerce] [scheduling-1] c.d.e.service.SincronizacaoService       : Lendo VW_ECOMMERCE_PRECOS no banco de dados...
2026-09-06T05:22:00.125-03:00  INFO 12340 --- [ecommerce] [scheduling-1] c.d.e.service.SincronizacaoService       : Ciclo finalizado. Total de atualizações enviadas: 0
2026-09-06T05:23:00.000-03:00  INFO 12340 --- [ecommerce] [scheduling-1] c.d.e.s.SincronizacaoEstoqueService      : [ESTOQUE] Lendo VW_ECOMMERCE_ESTOQUE no banco de dados...
2026-09-06T05:23:00.047-03:00  INFO 12340 --- [ecommerce] [scheduling-1] c.d.e.s.SincronizacaoEstoqueService      : [ESTOQUE] Ciclo finalizado. Total de atualizações enviadas: 0
2026-09-06T05:23:00.048-03:00  INFO 12340 --- [ecommerce] [scheduling-1] c.d.e.service.SincronizacaoService       : Lendo VW_ECOMMERCE_PRECOS no banco de dados...
2026-09-06T05:23:00.091-03:00  INFO 12340 --- [ecommerce] [scheduling-1] c.d.e.service.SincronizacaoService       : Ciclo finalizado. Total de atualizações enviadas: 0
2026-09-06T05:23:59.999-03:00  INFO 12340 --- [ecommerce] [scheduling-1] c.d.e.s.SincronizacaoEstoqueService      : [ESTOQUE] Lendo VW_ECOMMERCE_ESTOQUE no banco de dados...
2026-09-06T05:24:00.045-03:00  INFO 12340 --- [ecommerce] [scheduling-1] c.d.e.s.SincronizacaoEstoqueService      : [ESTOQUE] Ciclo finalizado. Total de atualizações enviadas: 0
2026-09-06T05:24:00.045-03:00  INFO 12340 --- [ecommerce] [scheduling-1] c.d.e.service.SincronizacaoService       : Lendo VW_ECOMMERCE_PRECOS no banco de dados...
2026-09-06T05:24:00.203-03:00  INFO 12340 --- [ecommerce] [scheduling-1] c.d.e.service.SincronizacaoService       : Ciclo finalizado. Total de atualizações enviadas: 0
2026-09-06T05:25:00.000-03:00  INFO 12340 --- [ecommerce] [scheduling-1] c.d.e.service.SincronizacaoService       : Lendo VW_ECOMMERCE_PRECOS no banco de dados...
2026-09-06T05:25:00.102-03:00  INFO 12340 --- [ecommerce] [scheduling-1] c.d.e.service.SincronizacaoService       : Ciclo finalizado. Total de atualizações enviadas: 0
2026-09-06T05:25:00.102-03:00  INFO 12340 --- [ecommerce] [scheduling-1] c.d.e.s.SincronizacaoEstoqueService      : [ESTOQUE] Lendo VW_ECOMMERCE_ESTOQUE no banco de dados...
2026-09-06T05:25:00.128-03:00  INFO 12340 --- [ecommerce] [scheduling-1] c.d.e.s.SincronizacaoEstoqueService      : [ESTOQUE] Ciclo finalizado. Total de atualizações enviadas: 0
2026-09-06T05:26:00.001-03:00  INFO 12340 --- [ecommerce] [scheduling-1] c.d.e.service.SincronizacaoService       : Lendo VW_ECOMMERCE_PRECOS no banco de dados...
2026-09-06T05:26:00.076-03:00  INFO 12340 --- [ecommerce] [scheduling-1] c.d.e.service.SincronizacaoService       : Ciclo finalizado. Total de atualizações enviadas: 0
2026-09-06T05:26:00.076-03:00  INFO 12340 --- [ecommerce] [scheduling-1] c.d.e.s.SincronizacaoEstoqueService      : [ESTOQUE] Lendo VW_ECOMMERCE_ESTOQUE no banco de dados...
2026-09-06T05:26:00.108-03:00  INFO 12340 --- [ecommerce] [scheduling-1] c.d.e.s.SincronizacaoEstoqueService      : [ESTOQUE] Ciclo finalizado. Total de atualizações enviadas: 0
2026-09-06T05:27:00.000-03:00  INFO 12340 --- [ecommerce] [scheduling-1] c.d.e.service.SincronizacaoService       : Lendo VW_ECOMMERCE_PRECOS no banco de dados...
2026-09-06T05:27:00.111-03:00  INFO 12340 --- [ecommerce] [scheduling-1] c.d.e.service.SincronizacaoService       : Ciclo finalizado. Total de atualizações enviadas: 0
2026-09-06T05:27:00.111-03:00  INFO 12340 --- [ecommerce] [scheduling-1] c.d.e.s.SincronizacaoEstoqueService      : [ESTOQUE] Lendo VW_ECOMMERCE_ESTOQUE no banco de dados...
2026-09-06T05:27:00.139-03:00  INFO 12340 --- [ecommerce] [scheduling-1] c.d.e.s.SincronizacaoEstoqueService      : [ESTOQUE] Ciclo finalizado. Total de atualizações enviadas: 0
2026-09-06T05:28:00.000-03:00  INFO 12340 --- [ecommerce] [scheduling-1] c.d.e.service.SincronizacaoService       : Lendo VW_ECOMMERCE_PRECOS no banco de dados...
2026-09-06T05:28:00.096-03:00  INFO 12340 --- [ecommerce] [scheduling-1] c.d.e.service.SincronizacaoService       : Ciclo finalizado. Total de atualizações enviadas: 0
2026-09-06T05:28:00.097-03:00  INFO 12340 --- [ecommerce] [scheduling-1] c.d.e.s.SincronizacaoEstoqueService      : [ESTOQUE] Lendo VW_ECOMMERCE_ESTOQUE no banco de dados...
2026-09-06T05:28:00.119-03:00  INFO 12340 --- [ecommerce] [scheduling-1] c.d.e.s.SincronizacaoEstoqueService      : [ESTOQUE] Ciclo finalizado. Total de atualizações enviadas: 0
2026-09-06T05:29:00.000-03:00  INFO 12340 --- [ecommerce] [scheduling-1] c.d.e.s.SincronizacaoEstoqueService      : [ESTOQUE] Lendo VW_ECOMMERCE_ESTOQUE no banco de dados...
2026-09-06T05:29:00.107-03:00  INFO 12340 --- [ecommerce] [scheduling-1] c.d.e.s.SincronizacaoEstoqueService      : [ESTOQUE] Ciclo finalizado. Total de atualizações enviadas: 0
2026-09-06T05:29:00.107-03:00  INFO 12340 --- [ecommerce] [scheduling-1] c.d.e.service.SincronizacaoService       : Lendo VW_ECOMMERCE_PRECOS no banco de dados...
2026-09-06T05:29:00.173-03:00  INFO 12340 --- [ecommerce] [scheduling-1] c.d.e.service.SincronizacaoService       : Ciclo finalizado. Total de atualizações enviadas: 0
2026-09-06T05:29:59.999-03:00  INFO 12340 --- [ecommerce] [scheduling-1] c.d.e.s.SincronizacaoEstoqueService      : [ESTOQUE] Lendo VW_ECOMMERCE_ESTOQUE no banco de dados...
2026-09-06T05:30:00.068-03:00  INFO 12340 --- [ecommerce] [scheduling-1] c.d.e.s.SincronizacaoEstoqueService      : [ESTOQUE] Ciclo finalizado. Total de atualizações enviadas: 0
2026-09-06T05:30:00.068-03:00  INFO 12340 --- [ecommerce] [scheduling-1] c.d.e.service.SincronizacaoService       : Lendo VW_ECOMMERCE_PRECOS no banco de dados...
2026-09-06T05:30:00.126-03:00  INFO 12340 --- [ecommerce] [scheduling-1] c.d.e.service.SincronizacaoService       : Ciclo finalizado. Total de atualizações enviadas: 0
2026-09-06T05:31:00.000-03:00  INFO 12340 --- [ecommerce] [scheduling-1] c.d.e.service.SincronizacaoService       : Lendo VW_ECOMMERCE_PRECOS no banco de dados...
2026-09-06T05:31:00.052-03:00  INFO 12340 --- [ecommerce] [scheduling-1] c.d.e.service.SincronizacaoService       : Ciclo finalizado. Total de atualizações enviadas: 0
2026-09-06T05:31:00.052-03:00  INFO 12340 --- [ecommerce] [scheduling-1] c.d.e.s.SincronizacaoEstoqueService      : [ESTOQUE] Lendo VW_ECOMMERCE_ESTOQUE no banco de dados...
2026-09-06T05:31:00.095-03:00  INFO 12340 --- [ecommerce] [scheduling-1] c.d.e.s.SincronizacaoEstoqueService      : [ESTOQUE] Ciclo finalizado. Total de atualizações enviadas: 0
2026-09-06T05:32:00.001-03:00  INFO 12340 --- [ecommerce] [scheduling-1] c.d.e.service.SincronizacaoService       : Lendo VW_ECOMMERCE_PRECOS no banco de dados...
2026-09-06T05:32:00.439-03:00  INFO 12340 --- [ecommerce] [scheduling-1] c.d.e.service.SincronizacaoService       : Ciclo finalizado. Total de atualizações enviadas: 0
2026-09-06T05:32:00.439-03:00  INFO 12340 --- [ecommerce] [scheduling-1] c.d.e.s.SincronizacaoEstoqueService      : [ESTOQUE] Lendo VW_ECOMMERCE_ESTOQUE no banco de dados...
2026-09-06T05:32:00.480-03:00  INFO 12340 --- [ecommerce] [scheduling-1] c.d.e.s.SincronizacaoEstoqueService      : [ESTOQUE] Ciclo finalizado. Total de atualizações enviadas: 0
2026-09-06T05:33:00.000-03:00  INFO 12340 --- [ecommerce] [scheduling-1] c.d.e.s.SincronizacaoEstoqueService      : [ESTOQUE] Lendo VW_ECOMMERCE_ESTOQUE no banco de dados...
2026-09-06T05:33:00.047-03:00  INFO 12340 --- [ecommerce] [scheduling-1] c.d.e.s.SincronizacaoEstoqueService      : [ESTOQUE] Ciclo finalizado. Total de atualizações enviadas: 0
2026-09-06T05:33:00.047-03:00  INFO 12340 --- [ecommerce] [scheduling-1] c.d.e.service.SincronizacaoService       : Lendo VW_ECOMMERCE_PRECOS no banco de dados...
2026-09-06T05:33:00.180-03:00  INFO 12340 --- [ecommerce] [scheduling-1] c.d.e.service.SincronizacaoService       : Ciclo finalizado. Total de atualizações enviadas: 0
2026-09-06T05:34:00.000-03:00  INFO 12340 --- [ecommerce] [scheduling-1] c.d.e.s.SincronizacaoEstoqueService      : [ESTOQUE] Lendo VW_ECOMMERCE_ESTOQUE no banco de dados...
2026-09-06T05:34:00.087-03:00  INFO 12340 --- [ecommerce] [scheduling-1] c.d.e.s.SincronizacaoEstoqueService      : [ESTOQUE] Ciclo finalizado. Total de atualizações enviadas: 0
2026-09-06T05:34:00.087-03:00  INFO 12340 --- [ecommerce] [scheduling-1] c.d.e.service.SincronizacaoService       : Lendo VW_ECOMMERCE_PRECOS no banco de dados...
2026-09-06T05:34:00.178-03:00  INFO 12340 --- [ecommerce] [scheduling-1] c.d.e.service.SincronizacaoService       : Ciclo finalizado. Total de atualizações enviadas: 0
2026-09-06T05:35:00.000-03:00  INFO 12340 --- [ecommerce] [scheduling-1] c.d.e.service.SincronizacaoService       : Lendo VW_ECOMMERCE_PRECOS no banco de dados...
2026-09-06T05:35:00.106-03:00  INFO 12340 --- [ecommerce] [scheduling-1] c.d.e.service.SincronizacaoService       : Ciclo finalizado. Total de atualizações enviadas: 0
2026-09-06T05:35:00.106-03:00  INFO 12340 --- [ecommerce] [scheduling-1] c.d.e.s.SincronizacaoEstoqueService      : [ESTOQUE] Lendo VW_ECOMMERCE_ESTOQUE no banco de dados...
2026-09-06T05:35:00.126-03:00  INFO 12340 --- [ecommerce] [scheduling-1] c.d.e.s.SincronizacaoEstoqueService      : [ESTOQUE] Ciclo finalizado. Total de atualizações enviadas: 0
2026-09-06T05:36:00.001-03:00  INFO 12340 --- [ecommerce] [scheduling-1] c.d.e.service.SincronizacaoService       : Lendo VW_ECOMMERCE_PRECOS no banco de dados...
2026-09-06T05:36:00.051-03:00  INFO 12340 --- [ecommerce] [scheduling-1] c.d.e.service.SincronizacaoService       : Ciclo finalizado. Total de atualizações enviadas: 0
2026-09-06T05:36:00.051-03:00  INFO 12340 --- [ecommerce] [scheduling-1] c.d.e.s.SincronizacaoEstoqueService      : [ESTOQUE] Lendo VW_ECOMMERCE_ESTOQUE no banco de dados...
2026-09-06T05:36:00.078-03:00  INFO 12340 --- [ecommerce] [scheduling-1] c.d.e.s.SincronizacaoEstoqueService      : [ESTOQUE] Ciclo finalizado. Total de atualizações enviadas: 0
2026-09-06T05:37:00.000-03:00  INFO 12340 --- [ecommerce] [scheduling-1] c.d.e.s.SincronizacaoEstoqueService      : [ESTOQUE] Lendo VW_ECOMMERCE_ESTOQUE no banco de dados...
2026-09-06T05:37:00.069-03:00  INFO 12340 --- [ecommerce] [scheduling-1] c.d.e.s.SincronizacaoEstoqueService      : [ESTOQUE] Ciclo finalizado. Total de atualizações enviadas: 0
2026-09-06T05:37:00.070-03:00  INFO 12340 --- [ecommerce] [scheduling-1] c.d.e.service.SincronizacaoService       : Lendo VW_ECOMMERCE_PRECOS no banco de dados...
2026-09-06T05:37:00.119-03:00  INFO 12340 --- [ecommerce] [scheduling-1] c.d.e.service.SincronizacaoService       : Ciclo finalizado. Total de atualizações enviadas: 0
2026-09-06T05:38:00.000-03:00  INFO 12340 --- [ecommerce] [scheduling-1] c.d.e.s.SincronizacaoEstoqueService      : [ESTOQUE] Lendo VW_ECOMMERCE_ESTOQUE no banco de dados...
2026-09-06T05:38:00.043-03:00  INFO 12340 --- [ecommerce] [scheduling-1] c.d.e.s.SincronizacaoEstoqueService      : [ESTOQUE] Ciclo finalizado. Total de atualizações enviadas: 0
2026-09-06T05:38:00.043-03:00  INFO 12340 --- [ecommerce] [scheduling-1] c.d.e.service.SincronizacaoService       : Lendo VW_ECOMMERCE_PRECOS no banco de dados...
2026-09-06T05:38:00.114-03:00  INFO 12340 --- [ecommerce] [scheduling-1] c.d.e.service.SincronizacaoService       : Ciclo finalizado. Total de atualizações enviadas: 0
2026-09-06T05:39:00.000-03:00  INFO 12340 --- [ecommerce] [scheduling-1] c.d.e.service.SincronizacaoService       : Lendo VW_ECOMMERCE_PRECOS no banco de dados...
2026-09-06T05:39:00.087-03:00  INFO 12340 --- [ecommerce] [scheduling-1] c.d.e.service.SincronizacaoService       : Ciclo finalizado. Total de atualizações enviadas: 0
2026-09-06T05:39:00.087-03:00  INFO 12340 --- [ecommerce] [scheduling-1] c.d.e.s.SincronizacaoEstoqueService      : [ESTOQUE] Lendo VW_ECOMMERCE_ESTOQUE no banco de dados...
2026-09-06T05:39:00.120-03:00  INFO 12340 --- [ecommerce] [scheduling-1] c.d.e.s.SincronizacaoEstoqueService      : [ESTOQUE] Ciclo finalizado. Total de atualizações enviadas: 0
2026-09-06T05:39:59.999-03:00  INFO 12340 --- [ecommerce] [scheduling-1] c.d.e.service.SincronizacaoService       : Lendo VW_ECOMMERCE_PRECOS no banco de dados...
2026-09-06T05:40:00.117-03:00  INFO 12340 --- [ecommerce] [scheduling-1] c.d.e.service.SincronizacaoService       : Ciclo finalizado. Total de atualizações enviadas: 0
2026-09-06T05:40:00.117-03:00  INFO 12340 --- [ecommerce] [scheduling-1] c.d.e.s.SincronizacaoEstoqueService      : [ESTOQUE] Lendo VW_ECOMMERCE_ESTOQUE no banco de dados...
2026-09-06T05:40:00.143-03:00  INFO 12340 --- [ecommerce] [scheduling-1] c.d.e.s.SincronizacaoEstoqueService      : [ESTOQUE] Ciclo finalizado. Total de atualizações enviadas: 0
2026-09-06T05:40:59.999-03:00  INFO 12340 --- [ecommerce] [scheduling-1] c.d.e.s.SincronizacaoEstoqueService      : [ESTOQUE] Lendo VW_ECOMMERCE_ESTOQUE no banco de dados...
2026-09-06T05:41:00.116-03:00  INFO 12340 --- [ecommerce] [scheduling-1] c.d.e.s.SincronizacaoEstoqueService      : [ESTOQUE] Ciclo finalizado. Total de atualizações enviadas: 0
2026-09-06T05:41:00.116-03:00  INFO 12340 --- [ecommerce] [scheduling-1] c.d.e.service.SincronizacaoService       : Lendo VW_ECOMMERCE_PRECOS no banco de dados...
2026-09-06T05:41:00.375-03:00  INFO 12340 --- [ecommerce] [scheduling-1] c.d.e.service.SincronizacaoService       : Ciclo finalizado. Total de atualizações enviadas: 0
2026-09-06T05:42:00.000-03:00  INFO 12340 --- [ecommerce] [scheduling-1] c.d.e.s.SincronizacaoEstoqueService      : [ESTOQUE] Lendo VW_ECOMMERCE_ESTOQUE no banco de dados...
2026-09-06T05:42:00.080-03:00  INFO 12340 --- [ecommerce] [scheduling-1] c.d.e.s.SincronizacaoEstoqueService      : [ESTOQUE] Ciclo finalizado. Total de atualizações enviadas: 0
2026-09-06T05:42:00.080-03:00  INFO 12340 --- [ecommerce] [scheduling-1] c.d.e.service.SincronizacaoService       : Lendo VW_ECOMMERCE_PRECOS no banco de dados...
2026-09-06T05:42:00.210-03:00  INFO 12340 --- [ecommerce] [scheduling-1] c.d.e.service.SincronizacaoService       : Ciclo finalizado. Total de atualizações enviadas: 0
2026-09-06T05:43:00.001-03:00  INFO 12340 --- [ecommerce] [scheduling-1] c.d.e.service.SincronizacaoService       : Lendo VW_ECOMMERCE_PRECOS no banco de dados...
2026-09-06T05:43:00.146-03:00  INFO 12340 --- [ecommerce] [scheduling-1] c.d.e.service.SincronizacaoService       : Ciclo finalizado. Total de atualizações enviadas: 0
2026-09-06T05:43:00.146-03:00  INFO 12340 --- [ecommerce] [scheduling-1] c.d.e.s.SincronizacaoEstoqueService      : [ESTOQUE] Lendo VW_ECOMMERCE_ESTOQUE no banco de dados...
2026-09-06T05:43:00.172-03:00  INFO 12340 --- [ecommerce] [scheduling-1] c.d.e.s.SincronizacaoEstoqueService      : [ESTOQUE] Ciclo finalizado. Total de atualizações enviadas: 0
2026-09-06T05:44:00.001-03:00  INFO 12340 --- [ecommerce] [scheduling-1] c.d.e.s.SincronizacaoEstoqueService      : [ESTOQUE] Lendo VW_ECOMMERCE_ESTOQUE no banco de dados...
2026-09-06T05:44:00.082-03:00  INFO 12340 --- [ecommerce] [scheduling-1] c.d.e.s.SincronizacaoEstoqueService      : [ESTOQUE] Ciclo finalizado. Total de atualizações enviadas: 0
2026-09-06T05:44:00.082-03:00  INFO 12340 --- [ecommerce] [scheduling-1] c.d.e.service.SincronizacaoService       : Lendo VW_ECOMMERCE_PRECOS no banco de dados...
2026-09-06T05:44:00.241-03:00  INFO 12340 --- [ecommerce] [scheduling-1] c.d.e.service.SincronizacaoService       : Ciclo finalizado. Total de atualizações enviadas: 0
2026-09-06T05:45:00.001-03:00  INFO 12340 --- [ecommerce] [scheduling-1] c.d.e.service.SincronizacaoService       : Lendo VW_ECOMMERCE_PRECOS no banco de dados...
2026-09-06T05:45:00.061-03:00  INFO 12340 --- [ecommerce] [scheduling-1] c.d.e.service.SincronizacaoService       : Ciclo finalizado. Total de atualizações enviadas: 0
2026-09-06T05:45:00.061-03:00  INFO 12340 --- [ecommerce] [scheduling-1] c.d.e.s.SincronizacaoEstoqueService      : [ESTOQUE] Lendo VW_ECOMMERCE_ESTOQUE no banco de dados...
2026-09-06T05:45:00.093-03:00  INFO 12340 --- [ecommerce] [scheduling-1] c.d.e.s.SincronizacaoEstoqueService      : [ESTOQUE] Ciclo finalizado. Total de atualizações enviadas: 0
2026-09-06T05:46:00.000-03:00  INFO 12340 --- [ecommerce] [scheduling-1] c.d.e.s.SincronizacaoEstoqueService      : [ESTOQUE] Lendo VW_ECOMMERCE_ESTOQUE no banco de dados...
2026-09-06T05:46:00.099-03:00  INFO 12340 --- [ecommerce] [scheduling-1] c.d.e.s.SincronizacaoEstoqueService      : [ESTOQUE] Ciclo finalizado. Total de atualizações enviadas: 0
2026-09-06T05:46:00.099-03:00  INFO 12340 --- [ecommerce] [scheduling-1] c.d.e.service.SincronizacaoService       : Lendo VW_ECOMMERCE_PRECOS no banco de dados...
2026-09-06T05:46:00.157-03:00  INFO 12340 --- [ecommerce] [scheduling-1] c.d.e.service.SincronizacaoService       : Ciclo finalizado. Total de atualizações enviadas: 0
2026-09-06T05:46:59.999-03:00  INFO 12340 --- [ecommerce] [scheduling-1] c.d.e.service.SincronizacaoService       : Lendo VW_ECOMMERCE_PRECOS no banco de dados...
2026-09-06T05:47:00.101-03:00  INFO 12340 --- [ecommerce] [scheduling-1] c.d.e.service.SincronizacaoService       : Ciclo finalizado. Total de atualizações enviadas: 0
2026-09-06T05:47:00.101-03:00  INFO 12340 --- [ecommerce] [scheduling-1] c.d.e.s.SincronizacaoEstoqueService      : [ESTOQUE] Lendo VW_ECOMMERCE_ESTOQUE no banco de dados...
2026-09-06T05:47:00.141-03:00  INFO 12340 --- [ecommerce] [scheduling-1] c.d.e.s.SincronizacaoEstoqueService      : [ESTOQUE] Ciclo finalizado. Total de atualizações enviadas: 0
2026-09-06T05:48:00.000-03:00  INFO 12340 --- [ecommerce] [scheduling-1] c.d.e.s.SincronizacaoEstoqueService      : [ESTOQUE] Lendo VW_ECOMMERCE_ESTOQUE no banco de dados...
2026-09-06T05:48:00.038-03:00  INFO 12340 --- [ecommerce] [scheduling-1] c.d.e.s.SincronizacaoEstoqueService      : [ESTOQUE] Ciclo finalizado. Total de atualizações enviadas: 0
2026-09-06T05:48:00.038-03:00  INFO 12340 --- [ecommerce] [scheduling-1] c.d.e.service.SincronizacaoService       : Lendo VW_ECOMMERCE_PRECOS no banco de dados...
2026-09-06T05:48:00.091-03:00  INFO 12340 --- [ecommerce] [scheduling-1] c.d.e.service.SincronizacaoService       : Ciclo finalizado. Total de atualizações enviadas: 0
2026-09-06T05:49:00.000-03:00  INFO 12340 --- [ecommerce] [scheduling-1] c.d.e.s.SincronizacaoEstoqueService      : [ESTOQUE] Lendo VW_ECOMMERCE_ESTOQUE no banco de dados...
2026-09-06T05:49:00.078-03:00  INFO 12340 --- [ecommerce] [scheduling-1] c.d.e.s.SincronizacaoEstoqueService      : [ESTOQUE] Ciclo finalizado. Total de atualizações enviadas: 0
2026-09-06T05:49:00.078-03:00  INFO 12340 --- [ecommerce] [scheduling-1] c.d.e.service.SincronizacaoService       : Lendo VW_ECOMMERCE_PRECOS no banco de dados...
2026-09-06T05:49:00.151-03:00  INFO 12340 --- [ecommerce] [scheduling-1] c.d.e.service.SincronizacaoService       : Ciclo finalizado. Total de atualizações enviadas: 0
2026-09-06T05:50:00.001-03:00  INFO 12340 --- [ecommerce] [scheduling-1] c.d.e.s.SincronizacaoEstoqueService      : [ESTOQUE] Lendo VW_ECOMMERCE_ESTOQUE no banco de dados...
2026-09-06T05:50:00.094-03:00  INFO 12340 --- [ecommerce] [scheduling-1] c.d.e.s.SincronizacaoEstoqueService      : [ESTOQUE] Ciclo finalizado. Total de atualizações enviadas: 0
2026-09-06T05:50:00.094-03:00  INFO 12340 --- [ecommerce] [scheduling-1] c.d.e.service.SincronizacaoService       : Lendo VW_ECOMMERCE_PRECOS no banco de dados...
2026-09-06T05:50:00.297-03:00  INFO 12340 --- [ecommerce] [scheduling-1] c.d.e.service.SincronizacaoService       : Ciclo finalizado. Total de atualizações enviadas: 0
2026-09-06T05:51:00.001-03:00  INFO 12340 --- [ecommerce] [scheduling-1] c.d.e.service.SincronizacaoService       : Lendo VW_ECOMMERCE_PRECOS no banco de dados...
2026-09-06T05:51:00.101-03:00  INFO 12340 --- [ecommerce] [scheduling-1] c.d.e.service.SincronizacaoService       : Ciclo finalizado. Total de atualizações enviadas: 0
2026-09-06T05:51:00.101-03:00  INFO 12340 --- [ecommerce] [scheduling-1] c.d.e.s.SincronizacaoEstoqueService      : [ESTOQUE] Lendo VW_ECOMMERCE_ESTOQUE no banco de dados...
2026-09-06T05:51:00.130-03:00  INFO 12340 --- [ecommerce] [scheduling-1] c.d.e.s.SincronizacaoEstoqueService      : [ESTOQUE] Ciclo finalizado. Total de atualizações enviadas: 0
2026-09-06T05:52:00.000-03:00  INFO 12340 --- [ecommerce] [scheduling-1] c.d.e.s.SincronizacaoEstoqueService      : [ESTOQUE] Lendo VW_ECOMMERCE_ESTOQUE no banco de dados...
2026-09-06T05:52:00.052-03:00  INFO 12340 --- [ecommerce] [scheduling-1] c.d.e.s.SincronizacaoEstoqueService      : [ESTOQUE] Ciclo finalizado. Total de atualizações enviadas: 0
2026-09-06T05:52:00.052-03:00  INFO 12340 --- [ecommerce] [scheduling-1] c.d.e.service.SincronizacaoService       : Lendo VW_ECOMMERCE_PRECOS no banco de dados...
2026-09-06T05:52:00.108-03:00  INFO 12340 --- [ecommerce] [scheduling-1] c.d.e.service.SincronizacaoService       : Ciclo finalizado. Total de atualizações enviadas: 0
2026-09-06T05:53:00.000-03:00  INFO 12340 --- [ecommerce] [scheduling-1] c.d.e.s.SincronizacaoEstoqueService      : [ESTOQUE] Lendo VW_ECOMMERCE_ESTOQUE no banco de dados...
2026-09-06T05:53:00.093-03:00  INFO 12340 --- [ecommerce] [scheduling-1] c.d.e.s.SincronizacaoEstoqueService      : [ESTOQUE] Ciclo finalizado. Total de atualizações enviadas: 0
2026-09-06T05:53:00.094-03:00  INFO 12340 --- [ecommerce] [scheduling-1] c.d.e.service.SincronizacaoService       : Lendo VW_ECOMMERCE_PRECOS no banco de dados...
2026-09-06T05:53:00.153-03:00  INFO 12340 --- [ecommerce] [scheduling-1] c.d.e.service.SincronizacaoService       : Ciclo finalizado. Total de atualizações enviadas: 0
2026-09-06T05:53:59.999-03:00  INFO 12340 --- [ecommerce] [scheduling-1] c.d.e.service.SincronizacaoService       : Lendo VW_ECOMMERCE_PRECOS no banco de dados...
2026-09-06T05:54:00.071-03:00  INFO 12340 --- [ecommerce] [scheduling-1] c.d.e.service.SincronizacaoService       : Ciclo finalizado. Total de atualizações enviadas: 0
2026-09-06T05:54:00.071-03:00  INFO 12340 --- [ecommerce] [scheduling-1] c.d.e.s.SincronizacaoEstoqueService      : [ESTOQUE] Lendo VW_ECOMMERCE_ESTOQUE no banco de dados...
2026-09-06T05:54:00.103-03:00  INFO 12340 --- [ecommerce] [scheduling-1] c.d.e.s.SincronizacaoEstoqueService      : [ESTOQUE] Ciclo finalizado. Total de atualizações enviadas: 0
2026-09-06T05:55:00.000-03:00  INFO 12340 --- [ecommerce] [scheduling-1] c.d.e.s.SincronizacaoEstoqueService      : [ESTOQUE] Lendo VW_ECOMMERCE_ESTOQUE no banco de dados...
2026-09-06T05:55:00.082-03:00  INFO 12340 --- [ecommerce] [scheduling-1] c.d.e.s.SincronizacaoEstoqueService      : [ESTOQUE] Ciclo finalizado. Total de atualizações enviadas: 0
2026-09-06T05:55:00.082-03:00  INFO 12340 --- [ecommerce] [scheduling-1] c.d.e.service.SincronizacaoService       : Lendo VW_ECOMMERCE_PRECOS no banco de dados...
2026-09-06T05:55:00.158-03:00  INFO 12340 --- [ecommerce] [scheduling-1] c.d.e.service.SincronizacaoService       : Ciclo finalizado. Total de atualizações enviadas: 0
2026-09-06T05:56:00.000-03:00  INFO 12340 --- [ecommerce] [scheduling-1] c.d.e.s.SincronizacaoEstoqueService      : [ESTOQUE] Lendo VW_ECOMMERCE_ESTOQUE no banco de dados...
2026-09-06T05:56:00.045-03:00  INFO 12340 --- [ecommerce] [scheduling-1] c.d.e.s.SincronizacaoEstoqueService      : [ESTOQUE] Ciclo finalizado. Total de atualizações enviadas: 0
2026-09-06T05:56:00.045-03:00  INFO 12340 --- [ecommerce] [scheduling-1] c.d.e.service.SincronizacaoService       : Lendo VW_ECOMMERCE_PRECOS no banco de dados...
2026-09-06T05:56:00.099-03:00  INFO 12340 --- [ecommerce] [scheduling-1] c.d.e.service.SincronizacaoService       : Ciclo finalizado. Total de atualizações enviadas: 0
2026-09-06T05:57:00.000-03:00  INFO 12340 --- [ecommerce] [scheduling-1] c.d.e.service.SincronizacaoService       : Lendo VW_ECOMMERCE_PRECOS no banco de dados...
2026-09-06T05:57:00.060-03:00  INFO 12340 --- [ecommerce] [scheduling-1] c.d.e.service.SincronizacaoService       : Ciclo finalizado. Total de atualizações enviadas: 0
2026-09-06T05:57:00.060-03:00  INFO 12340 --- [ecommerce] [scheduling-1] c.d.e.s.SincronizacaoEstoqueService      : [ESTOQUE] Lendo VW_ECOMMERCE_ESTOQUE no banco de dados...
2026-09-06T05:57:00.093-03:00  INFO 12340 --- [ecommerce] [scheduling-1] c.d.e.s.SincronizacaoEstoqueService      : [ESTOQUE] Ciclo finalizado. Total de atualizações enviadas: 0
2026-09-06T05:58:00.000-03:00  INFO 12340 --- [ecommerce] [scheduling-1] c.d.e.service.SincronizacaoService       : Lendo VW_ECOMMERCE_PRECOS no banco de dados...
2026-09-06T05:58:00.069-03:00  INFO 12340 --- [ecommerce] [scheduling-1] c.d.e.service.SincronizacaoService       : Ciclo finalizado. Total de atualizações enviadas: 0
2026-09-06T05:58:00.070-03:00  INFO 12340 --- [ecommerce] [scheduling-1] c.d.e.s.SincronizacaoEstoqueService      : [ESTOQUE] Lendo VW_ECOMMERCE_ESTOQUE no banco de dados...
2026-09-06T05:58:00.101-03:00  INFO 12340 --- [ecommerce] [scheduling-1] c.d.e.s.SincronizacaoEstoqueService      : [ESTOQUE] Ciclo finalizado. Total de atualizações enviadas: 0
2026-09-06T05:58:59.999-03:00  INFO 12340 --- [ecommerce] [scheduling-1] c.d.e.service.SincronizacaoService       : Lendo VW_ECOMMERCE_PRECOS no banco de dados...
2026-09-06T05:59:00.077-03:00  INFO 12340 --- [ecommerce] [scheduling-1] c.d.e.service.SincronizacaoService       : Ciclo finalizado. Total de atualizações enviadas: 0
2026-09-06T05:59:00.078-03:00  INFO 12340 --- [ecommerce] [scheduling-1] c.d.e.s.SincronizacaoEstoqueService      : [ESTOQUE] Lendo VW_ECOMMERCE_ESTOQUE no banco de dados...
2026-09-06T05:59:00.110-03:00  INFO 12340 --- [ecommerce] [scheduling-1] c.d.e.s.SincronizacaoEstoqueService      : [ESTOQUE] Ciclo finalizado. Total de atualizações enviadas: 0
2026-09-06T06:00:00.000-03:00  INFO 12340 --- [ecommerce] [scheduling-1] c.d.e.service.SincronizacaoService       : Lendo VW_ECOMMERCE_PRECOS no banco de dados...
2026-09-06T06:00:00.068-03:00  INFO 12340 --- [ecommerce] [scheduling-1] c.d.e.service.SincronizacaoService       : Ciclo finalizado. Total de atualizações enviadas: 0
2026-09-06T06:00:00.068-03:00  INFO 12340 --- [ecommerce] [scheduling-1] c.d.e.s.SincronizacaoEstoqueService      : [ESTOQUE] Lendo VW_ECOMMERCE_ESTOQUE no banco de dados...
2026-09-06T06:00:00.093-03:00  INFO 12340 --- [ecommerce] [scheduling-1] c.d.e.s.SincronizacaoEstoqueService      : [ESTOQUE] Ciclo finalizado. Total de atualizações enviadas: 0
2026-09-06T06:01:00.000-03:00  INFO 12340 --- [ecommerce] [scheduling-1] c.d.e.service.SincronizacaoService       : Lendo VW_ECOMMERCE_PRECOS no banco de dados...
2026-09-06T06:01:00.092-03:00  INFO 12340 --- [ecommerce] [scheduling-1] c.d.e.service.SincronizacaoService       : Ciclo finalizado. Total de atualizações enviadas: 0
2026-09-06T06:01:00.092-03:00  INFO 12340 --- [ecommerce] [scheduling-1] c.d.e.s.SincronizacaoEstoqueService      : [ESTOQUE] Lendo VW_ECOMMERCE_ESTOQUE no banco de dados...
2026-09-06T06:01:00.119-03:00  INFO 12340 --- [ecommerce] [scheduling-1] c.d.e.s.SincronizacaoEstoqueService      : [ESTOQUE] Ciclo finalizado. Total de atualizações enviadas: 0
2026-09-06T06:02:00.001-03:00  INFO 12340 --- [ecommerce] [scheduling-1] c.d.e.service.SincronizacaoService       : Lendo VW_ECOMMERCE_PRECOS no banco de dados...
2026-09-06T06:02:00.249-03:00  INFO 12340 --- [ecommerce] [scheduling-1] c.d.e.service.SincronizacaoService       : Ciclo finalizado. Total de atualizações enviadas: 0
2026-09-06T06:02:00.249-03:00  INFO 12340 --- [ecommerce] [scheduling-1] c.d.e.s.SincronizacaoEstoqueService      : [ESTOQUE] Lendo VW_ECOMMERCE_ESTOQUE no banco de dados...
2026-09-06T06:02:00.296-03:00  INFO 12340 --- [ecommerce] [scheduling-1] c.d.e.s.SincronizacaoEstoqueService      : [ESTOQUE] Ciclo finalizado. Total de atualizações enviadas: 0
2026-09-06T06:03:00.001-03:00  INFO 12340 --- [ecommerce] [scheduling-1] c.d.e.s.SincronizacaoEstoqueService      : [ESTOQUE] Lendo VW_ECOMMERCE_ESTOQUE no banco de dados...
2026-09-06T06:03:00.087-03:00  INFO 12340 --- [ecommerce] [scheduling-1] c.d.e.s.SincronizacaoEstoqueService      : [ESTOQUE] Ciclo finalizado. Total de atualizações enviadas: 0
2026-09-06T06:03:00.087-03:00  INFO 12340 --- [ecommerce] [scheduling-1] c.d.e.service.SincronizacaoService       : Lendo VW_ECOMMERCE_PRECOS no banco de dados...
2026-09-06T06:03:00.128-03:00  INFO 12340 --- [ecommerce] [scheduling-1] c.d.e.service.SincronizacaoService       : Ciclo finalizado. Total de atualizações enviadas: 0
2026-09-06T06:03:59.999-03:00  INFO 12340 --- [ecommerce] [scheduling-1] c.d.e.service.SincronizacaoService       : Lendo VW_ECOMMERCE_PRECOS no banco de dados...
2026-09-06T06:04:00.052-03:00  INFO 12340 --- [ecommerce] [scheduling-1] c.d.e.service.SincronizacaoService       : Ciclo finalizado. Total de atualizações enviadas: 0
2026-09-06T06:04:00.052-03:00  INFO 12340 --- [ecommerce] [scheduling-1] c.d.e.s.SincronizacaoEstoqueService      : [ESTOQUE] Lendo VW_ECOMMERCE_ESTOQUE no banco de dados...
2026-09-06T06:04:00.081-03:00  INFO 12340 --- [ecommerce] [scheduling-1] c.d.e.s.SincronizacaoEstoqueService      : [ESTOQUE] Ciclo finalizado. Total de atualizações enviadas: 0
2026-09-06T06:05:00.000-03:00  INFO 12340 --- [ecommerce] [scheduling-1] c.d.e.s.SincronizacaoEstoqueService      : [ESTOQUE] Lendo VW_ECOMMERCE_ESTOQUE no banco de dados...
2026-09-06T06:05:00.098-03:00  INFO 12340 --- [ecommerce] [scheduling-1] c.d.e.s.SincronizacaoEstoqueService      : [ESTOQUE] Ciclo finalizado. Total de atualizações enviadas: 0
2026-09-06T06:05:00.098-03:00  INFO 12340 --- [ecommerce] [scheduling-1] c.d.e.service.SincronizacaoService       : Lendo VW_ECOMMERCE_PRECOS no banco de dados...
2026-09-06T06:05:00.185-03:00  INFO 12340 --- [ecommerce] [scheduling-1] c.d.e.service.SincronizacaoService       : Ciclo finalizado. Total de atualizações enviadas: 0
2026-09-06T06:06:00.000-03:00  INFO 12340 --- [ecommerce] [scheduling-1] c.d.e.s.SincronizacaoEstoqueService      : [ESTOQUE] Lendo VW_ECOMMERCE_ESTOQUE no banco de dados...
2026-09-06T06:06:00.055-03:00  INFO 12340 --- [ecommerce] [scheduling-1] c.d.e.s.SincronizacaoEstoqueService      : [ESTOQUE] Ciclo finalizado. Total de atualizações enviadas: 0
2026-09-06T06:06:00.055-03:00  INFO 12340 --- [ecommerce] [scheduling-1] c.d.e.service.SincronizacaoService       : Lendo VW_ECOMMERCE_PRECOS no banco de dados...
2026-09-06T06:06:00.107-03:00  INFO 12340 --- [ecommerce] [scheduling-1] c.d.e.service.SincronizacaoService       : Ciclo finalizado. Total de atualizações enviadas: 0
2026-09-06T06:07:00.000-03:00  INFO 12340 --- [ecommerce] [scheduling-1] c.d.e.service.SincronizacaoService       : Lendo VW_ECOMMERCE_PRECOS no banco de dados...
2026-09-06T06:07:00.100-03:00  INFO 12340 --- [ecommerce] [scheduling-1] c.d.e.service.SincronizacaoService       : Ciclo finalizado. Total de atualizações enviadas: 0
2026-09-06T06:07:00.100-03:00  INFO 12340 --- [ecommerce] [scheduling-1] c.d.e.s.SincronizacaoEstoqueService      : [ESTOQUE] Lendo VW_ECOMMERCE_ESTOQUE no banco de dados...
2026-09-06T06:07:00.127-03:00  INFO 12340 --- [ecommerce] [scheduling-1] c.d.e.s.SincronizacaoEstoqueService      : [ESTOQUE] Ciclo finalizado. Total de atualizações enviadas: 0
2026-09-06T06:08:00.000-03:00  INFO 12340 --- [ecommerce] [scheduling-1] c.d.e.s.SincronizacaoEstoqueService      : [ESTOQUE] Lendo VW_ECOMMERCE_ESTOQUE no banco de dados...
2026-09-06T06:08:00.094-03:00  INFO 12340 --- [ecommerce] [scheduling-1] c.d.e.s.SincronizacaoEstoqueService      : [ESTOQUE] Ciclo finalizado. Total de atualizações enviadas: 0
2026-09-06T06:08:00.094-03:00  INFO 12340 --- [ecommerce] [scheduling-1] c.d.e.service.SincronizacaoService       : Lendo VW_ECOMMERCE_PRECOS no banco de dados...
2026-09-06T06:08:00.149-03:00  INFO 12340 --- [ecommerce] [scheduling-1] c.d.e.service.SincronizacaoService       : Ciclo finalizado. Total de atualizações enviadas: 0
2026-09-06T06:08:59.999-03:00  INFO 12340 --- [ecommerce] [scheduling-1] c.d.e.service.SincronizacaoService       : Lendo VW_ECOMMERCE_PRECOS no banco de dados...
2026-09-06T06:09:00.137-03:00  INFO 12340 --- [ecommerce] [scheduling-1] c.d.e.service.SincronizacaoService       : Ciclo finalizado. Total de atualizações enviadas: 0
2026-09-06T06:09:00.137-03:00  INFO 12340 --- [ecommerce] [scheduling-1] c.d.e.s.SincronizacaoEstoqueService      : [ESTOQUE] Lendo VW_ECOMMERCE_ESTOQUE no banco de dados...
2026-09-06T06:09:00.156-03:00  INFO 12340 --- [ecommerce] [scheduling-1] c.d.e.s.SincronizacaoEstoqueService      : [ESTOQUE] Ciclo finalizado. Total de atualizações enviadas: 0
2026-09-06T06:10:00.000-03:00  INFO 12340 --- [ecommerce] [scheduling-1] c.d.e.service.SincronizacaoService       : Lendo VW_ECOMMERCE_PRECOS no banco de dados...
2026-09-06T06:10:00.133-03:00  INFO 12340 --- [ecommerce] [scheduling-1] c.d.e.service.SincronizacaoService       : Ciclo finalizado. Total de atualizações enviadas: 0
2026-09-06T06:10:00.134-03:00  INFO 12340 --- [ecommerce] [scheduling-1] c.d.e.s.SincronizacaoEstoqueService      : [ESTOQUE] Lendo VW_ECOMMERCE_ESTOQUE no banco de dados...
2026-09-06T06:10:00.161-03:00  INFO 12340 --- [ecommerce] [scheduling-1] c.d.e.s.SincronizacaoEstoqueService      : [ESTOQUE] Ciclo finalizado. Total de atualizações enviadas: 0
2026-09-06T06:11:00.000-03:00  INFO 12340 --- [ecommerce] [scheduling-1] c.d.e.service.SincronizacaoService       : Lendo VW_ECOMMERCE_PRECOS no banco de dados...
2026-09-06T06:11:00.087-03:00  INFO 12340 --- [ecommerce] [scheduling-1] c.d.e.service.SincronizacaoService       : Ciclo finalizado. Total de atualizações enviadas: 0
2026-09-06T06:11:00.088-03:00  INFO 12340 --- [ecommerce] [scheduling-1] c.d.e.s.SincronizacaoEstoqueService      : [ESTOQUE] Lendo VW_ECOMMERCE_ESTOQUE no banco de dados...
2026-09-06T06:11:00.110-03:00  INFO 12340 --- [ecommerce] [scheduling-1] c.d.e.s.SincronizacaoEstoqueService      : [ESTOQUE] Ciclo finalizado. Total de atualizações enviadas: 0
2026-09-06T06:12:00.000-03:00  INFO 12340 --- [ecommerce] [scheduling-1] c.d.e.service.SincronizacaoService       : Lendo VW_ECOMMERCE_PRECOS no banco de dados...
2026-09-06T06:12:00.095-03:00  INFO 12340 --- [ecommerce] [scheduling-1] c.d.e.service.SincronizacaoService       : Ciclo finalizado. Total de atualizações enviadas: 0
2026-09-06T06:12:00.095-03:00  INFO 12340 --- [ecommerce] [scheduling-1] c.d.e.s.SincronizacaoEstoqueService      : [ESTOQUE] Lendo VW_ECOMMERCE_ESTOQUE no banco de dados...
2026-09-06T06:12:00.135-03:00  INFO 12340 --- [ecommerce] [scheduling-1] c.d.e.s.SincronizacaoEstoqueService      : [ESTOQUE] Ciclo finalizado. Total de atualizações enviadas: 0
2026-09-06T06:13:00.000-03:00  INFO 12340 --- [ecommerce] [scheduling-1] c.d.e.service.SincronizacaoService       : Lendo VW_ECOMMERCE_PRECOS no banco de dados...
2026-09-06T06:13:00.083-03:00  INFO 12340 --- [ecommerce] [scheduling-1] c.d.e.service.SincronizacaoService       : Ciclo finalizado. Total de atualizações enviadas: 0
2026-09-06T06:13:00.083-03:00  INFO 12340 --- [ecommerce] [scheduling-1] c.d.e.s.SincronizacaoEstoqueService      : [ESTOQUE] Lendo VW_ECOMMERCE_ESTOQUE no banco de dados...
2026-09-06T06:13:00.112-03:00  INFO 12340 --- [ecommerce] [scheduling-1] c.d.e.s.SincronizacaoEstoqueService      : [ESTOQUE] Ciclo finalizado. Total de atualizações enviadas: 0
2026-09-06T06:14:00.000-03:00  INFO 12340 --- [ecommerce] [scheduling-1] c.d.e.s.SincronizacaoEstoqueService      : [ESTOQUE] Lendo VW_ECOMMERCE_ESTOQUE no banco de dados...
2026-09-06T06:14:00.091-03:00  INFO 12340 --- [ecommerce] [scheduling-1] c.d.e.s.SincronizacaoEstoqueService      : [ESTOQUE] Ciclo finalizado. Total de atualizações enviadas: 0
2026-09-06T06:14:00.092-03:00  INFO 12340 --- [ecommerce] [scheduling-1] c.d.e.service.SincronizacaoService       : Lendo VW_ECOMMERCE_PRECOS no banco de dados...
2026-09-06T06:14:00.140-03:00  INFO 12340 --- [ecommerce] [scheduling-1] c.d.e.service.SincronizacaoService       : Ciclo finalizado. Total de atualizações enviadas: 0
2026-09-06T06:15:00.000-03:00  INFO 12340 --- [ecommerce] [scheduling-1] c.d.e.service.SincronizacaoService       : Lendo VW_ECOMMERCE_PRECOS no banco de dados...
2026-09-06T06:15:00.087-03:00  INFO 12340 --- [ecommerce] [scheduling-1] c.d.e.service.SincronizacaoService       : Ciclo finalizado. Total de atualizações enviadas: 0
2026-09-06T06:15:00.087-03:00  INFO 12340 --- [ecommerce] [scheduling-1] c.d.e.s.SincronizacaoEstoqueService      : [ESTOQUE] Lendo VW_ECOMMERCE_ESTOQUE no banco de dados...
2026-09-06T06:15:00.118-03:00  INFO 12340 --- [ecommerce] [scheduling-1] c.d.e.s.SincronizacaoEstoqueService      : [ESTOQUE] Ciclo finalizado. Total de atualizações enviadas: 0
2026-09-06T06:16:00.000-03:00  INFO 12340 --- [ecommerce] [scheduling-1] c.d.e.service.SincronizacaoService       : Lendo VW_ECOMMERCE_PRECOS no banco de dados...
2026-09-06T06:16:00.054-03:00  INFO 12340 --- [ecommerce] [scheduling-1] c.d.e.service.SincronizacaoService       : Ciclo finalizado. Total de atualizações enviadas: 0
2026-09-06T06:16:00.055-03:00  INFO 12340 --- [ecommerce] [scheduling-1] c.d.e.s.SincronizacaoEstoqueService      : [ESTOQUE] Lendo VW_ECOMMERCE_ESTOQUE no banco de dados...
2026-09-06T06:16:00.086-03:00  INFO 12340 --- [ecommerce] [scheduling-1] c.d.e.s.SincronizacaoEstoqueService      : [ESTOQUE] Ciclo finalizado. Total de atualizações enviadas: 0
2026-09-06T06:17:00.000-03:00  INFO 12340 --- [ecommerce] [scheduling-1] c.d.e.service.SincronizacaoService       : Lendo VW_ECOMMERCE_PRECOS no banco de dados...
2026-09-06T06:17:00.135-03:00  INFO 12340 --- [ecommerce] [scheduling-1] c.d.e.service.SincronizacaoService       : Ciclo finalizado. Total de atualizações enviadas: 0
2026-09-06T06:17:00.136-03:00  INFO 12340 --- [ecommerce] [scheduling-1] c.d.e.s.SincronizacaoEstoqueService      : [ESTOQUE] Lendo VW_ECOMMERCE_ESTOQUE no banco de dados...
2026-09-06T06:17:00.180-03:00  INFO 12340 --- [ecommerce] [scheduling-1] c.d.e.s.SincronizacaoEstoqueService      : [ESTOQUE] Ciclo finalizado. Total de atualizações enviadas: 0
2026-09-06T06:18:00.001-03:00  INFO 12340 --- [ecommerce] [scheduling-1] c.d.e.service.SincronizacaoService       : Lendo VW_ECOMMERCE_PRECOS no banco de dados...
2026-09-06T06:18:00.053-03:00  INFO 12340 --- [ecommerce] [scheduling-1] c.d.e.service.SincronizacaoService       : Ciclo finalizado. Total de atualizações enviadas: 0
2026-09-06T06:18:00.053-03:00  INFO 12340 --- [ecommerce] [scheduling-1] c.d.e.s.SincronizacaoEstoqueService      : [ESTOQUE] Lendo VW_ECOMMERCE_ESTOQUE no banco de dados...
2026-09-06T06:18:00.084-03:00  INFO 12340 --- [ecommerce] [scheduling-1] c.d.e.s.SincronizacaoEstoqueService      : [ESTOQUE] Ciclo finalizado. Total de atualizações enviadas: 0
2026-09-06T06:19:00.000-03:00  INFO 12340 --- [ecommerce] [scheduling-1] c.d.e.service.SincronizacaoService       : Lendo VW_ECOMMERCE_PRECOS no banco de dados...
2026-09-06T06:19:00.083-03:00  INFO 12340 --- [ecommerce] [scheduling-1] c.d.e.service.SincronizacaoService       : Ciclo finalizado. Total de atualizações enviadas: 0
2026-09-06T06:19:00.083-03:00  INFO 12340 --- [ecommerce] [scheduling-1] c.d.e.s.SincronizacaoEstoqueService      : [ESTOQUE] Lendo VW_ECOMMERCE_ESTOQUE no banco de dados...
2026-09-06T06:19:00.115-03:00  INFO 12340 --- [ecommerce] [scheduling-1] c.d.e.s.SincronizacaoEstoqueService      : [ESTOQUE] Ciclo finalizado. Total de atualizações enviadas: 0
2026-09-06T06:20:00.001-03:00  INFO 12340 --- [ecommerce] [scheduling-1] c.d.e.s.SincronizacaoEstoqueService      : [ESTOQUE] Lendo VW_ECOMMERCE_ESTOQUE no banco de dados...
2026-09-06T06:20:00.027-03:00  INFO 12340 --- [ecommerce] [scheduling-1] c.d.e.s.SincronizacaoEstoqueService      : [ESTOQUE] Ciclo finalizado. Total de atualizações enviadas: 0
2026-09-06T06:20:00.027-03:00  INFO 12340 --- [ecommerce] [scheduling-1] c.d.e.service.SincronizacaoService       : Lendo VW_ECOMMERCE_PRECOS no banco de dados...
2026-09-06T06:20:00.071-03:00  INFO 12340 --- [ecommerce] [scheduling-1] c.d.e.service.SincronizacaoService       : Ciclo finalizado. Total de atualizações enviadas: 0
2026-09-06T06:21:00.001-03:00  INFO 12340 --- [ecommerce] [scheduling-1] c.d.e.s.SincronizacaoEstoqueService      : [ESTOQUE] Lendo VW_ECOMMERCE_ESTOQUE no banco de dados...
2026-09-06T06:21:00.061-03:00  INFO 12340 --- [ecommerce] [scheduling-1] c.d.e.s.SincronizacaoEstoqueService      : [ESTOQUE] Ciclo finalizado. Total de atualizações enviadas: 0
2026-09-06T06:21:00.061-03:00  INFO 12340 --- [ecommerce] [scheduling-1] c.d.e.service.SincronizacaoService       : Lendo VW_ECOMMERCE_PRECOS no banco de dados...
2026-09-06T06:21:00.126-03:00  INFO 12340 --- [ecommerce] [scheduling-1] c.d.e.service.SincronizacaoService       : Ciclo finalizado. Total de atualizações enviadas: 0
2026-09-06T06:22:00.001-03:00  INFO 12340 --- [ecommerce] [scheduling-1] c.d.e.service.SincronizacaoService       : Lendo VW_ECOMMERCE_PRECOS no banco de dados...
2026-09-06T06:22:00.090-03:00  INFO 12340 --- [ecommerce] [scheduling-1] c.d.e.service.SincronizacaoService       : Ciclo finalizado. Total de atualizações enviadas: 0
2026-09-06T06:22:00.090-03:00  INFO 12340 --- [ecommerce] [scheduling-1] c.d.e.s.SincronizacaoEstoqueService      : [ESTOQUE] Lendo VW_ECOMMERCE_ESTOQUE no banco de dados...
2026-09-06T06:22:00.121-03:00  INFO 12340 --- [ecommerce] [scheduling-1] c.d.e.s.SincronizacaoEstoqueService      : [ESTOQUE] Ciclo finalizado. Total de atualizações enviadas: 0
2026-09-06T06:23:00.000-03:00  INFO 12340 --- [ecommerce] [scheduling-1] c.d.e.service.SincronizacaoService       : Lendo VW_ECOMMERCE_PRECOS no banco de dados...
2026-09-06T06:23:00.067-03:00  INFO 12340 --- [ecommerce] [scheduling-1] c.d.e.service.SincronizacaoService       : Ciclo finalizado. Total de atualizações enviadas: 0
2026-09-06T06:23:00.067-03:00  INFO 12340 --- [ecommerce] [scheduling-1] c.d.e.s.SincronizacaoEstoqueService      : [ESTOQUE] Lendo VW_ECOMMERCE_ESTOQUE no banco de dados...
2026-09-06T06:23:00.101-03:00  INFO 12340 --- [ecommerce] [scheduling-1] c.d.e.s.SincronizacaoEstoqueService      : [ESTOQUE] Ciclo finalizado. Total de atualizações enviadas: 0
2026-09-06T06:24:00.000-03:00  INFO 12340 --- [ecommerce] [scheduling-1] c.d.e.s.SincronizacaoEstoqueService      : [ESTOQUE] Lendo VW_ECOMMERCE_ESTOQUE no banco de dados...
2026-09-06T06:24:00.096-03:00  INFO 12340 --- [ecommerce] [scheduling-1] c.d.e.s.SincronizacaoEstoqueService      : [ESTOQUE] Ciclo finalizado. Total de atualizações enviadas: 0
2026-09-06T06:24:00.096-03:00  INFO 12340 --- [ecommerce] [scheduling-1] c.d.e.service.SincronizacaoService       : Lendo VW_ECOMMERCE_PRECOS no banco de dados...
2026-09-06T06:24:00.144-03:00  INFO 12340 --- [ecommerce] [scheduling-1] c.d.e.service.SincronizacaoService       : Ciclo finalizado. Total de atualizações enviadas: 0
2026-09-06T06:25:00.000-03:00  INFO 12340 --- [ecommerce] [scheduling-1] c.d.e.s.SincronizacaoEstoqueService      : [ESTOQUE] Lendo VW_ECOMMERCE_ESTOQUE no banco de dados...
2026-09-06T06:25:00.071-03:00  INFO 12340 --- [ecommerce] [scheduling-1] c.d.e.s.SincronizacaoEstoqueService      : [ESTOQUE] Ciclo finalizado. Total de atualizações enviadas: 0
2026-09-06T06:25:00.072-03:00  INFO 12340 --- [ecommerce] [scheduling-1] c.d.e.service.SincronizacaoService       : Lendo VW_ECOMMERCE_PRECOS no banco de dados...
2026-09-06T06:25:00.116-03:00  INFO 12340 --- [ecommerce] [scheduling-1] c.d.e.service.SincronizacaoService       : Ciclo finalizado. Total de atualizações enviadas: 0
2026-09-06T06:26:00.000-03:00  INFO 12340 --- [ecommerce] [scheduling-1] c.d.e.s.SincronizacaoEstoqueService      : [ESTOQUE] Lendo VW_ECOMMERCE_ESTOQUE no banco de dados...
2026-09-06T06:26:00.059-03:00  INFO 12340 --- [ecommerce] [scheduling-1] c.d.e.s.SincronizacaoEstoqueService      : [ESTOQUE] Ciclo finalizado. Total de atualizações enviadas: 0
2026-09-06T06:26:00.059-03:00  INFO 12340 --- [ecommerce] [scheduling-1] c.d.e.service.SincronizacaoService       : Lendo VW_ECOMMERCE_PRECOS no banco de dados...
2026-09-06T06:26:00.105-03:00  INFO 12340 --- [ecommerce] [scheduling-1] c.d.e.service.SincronizacaoService       : Ciclo finalizado. Total de atualizações enviadas: 0
2026-09-06T06:27:00.000-03:00  INFO 12340 --- [ecommerce] [scheduling-1] c.d.e.s.SincronizacaoEstoqueService      : [ESTOQUE] Lendo VW_ECOMMERCE_ESTOQUE no banco de dados...
2026-09-06T06:27:00.078-03:00  INFO 12340 --- [ecommerce] [scheduling-1] c.d.e.s.SincronizacaoEstoqueService      : [ESTOQUE] Ciclo finalizado. Total de atualizações enviadas: 0
2026-09-06T06:27:00.079-03:00  INFO 12340 --- [ecommerce] [scheduling-1] c.d.e.service.SincronizacaoService       : Lendo VW_ECOMMERCE_PRECOS no banco de dados...
2026-09-06T06:27:00.169-03:00  INFO 12340 --- [ecommerce] [scheduling-1] c.d.e.service.SincronizacaoService       : Ciclo finalizado. Total de atualizações enviadas: 0
2026-09-06T06:27:59.999-03:00  INFO 12340 --- [ecommerce] [scheduling-1] c.d.e.s.SincronizacaoEstoqueService      : [ESTOQUE] Lendo VW_ECOMMERCE_ESTOQUE no banco de dados...
2026-09-06T06:28:00.030-03:00  INFO 12340 --- [ecommerce] [scheduling-1] c.d.e.s.SincronizacaoEstoqueService      : [ESTOQUE] Ciclo finalizado. Total de atualizações enviadas: 0
2026-09-06T06:28:00.030-03:00  INFO 12340 --- [ecommerce] [scheduling-1] c.d.e.service.SincronizacaoService       : Lendo VW_ECOMMERCE_PRECOS no banco de dados...
2026-09-06T06:28:00.073-03:00  INFO 12340 --- [ecommerce] [scheduling-1] c.d.e.service.SincronizacaoService       : Ciclo finalizado. Total de atualizações enviadas: 0
2026-09-06T06:29:00.000-03:00  INFO 12340 --- [ecommerce] [scheduling-1] c.d.e.s.SincronizacaoEstoqueService      : [ESTOQUE] Lendo VW_ECOMMERCE_ESTOQUE no banco de dados...
2026-09-06T06:29:00.049-03:00  INFO 12340 --- [ecommerce] [scheduling-1] c.d.e.s.SincronizacaoEstoqueService      : [ESTOQUE] Ciclo finalizado. Total de atualizações enviadas: 0
2026-09-06T06:29:00.049-03:00  INFO 12340 --- [ecommerce] [scheduling-1] c.d.e.service.SincronizacaoService       : Lendo VW_ECOMMERCE_PRECOS no banco de dados...
2026-09-06T06:29:00.119-03:00  INFO 12340 --- [ecommerce] [scheduling-1] c.d.e.service.SincronizacaoService       : Ciclo finalizado. Total de atualizações enviadas: 0
2026-09-06T06:30:00.001-03:00  INFO 12340 --- [ecommerce] [scheduling-1] c.d.e.s.SincronizacaoEstoqueService      : [ESTOQUE] Lendo VW_ECOMMERCE_ESTOQUE no banco de dados...
2026-09-06T06:30:00.081-03:00  INFO 12340 --- [ecommerce] [scheduling-1] c.d.e.s.SincronizacaoEstoqueService      : [ESTOQUE] Ciclo finalizado. Total de atualizações enviadas: 0
2026-09-06T06:30:00.081-03:00  INFO 12340 --- [ecommerce] [scheduling-1] c.d.e.service.SincronizacaoService       : Lendo VW_ECOMMERCE_PRECOS no banco de dados...
2026-09-06T06:30:00.130-03:00  INFO 12340 --- [ecommerce] [scheduling-1] c.d.e.service.SincronizacaoService       : Ciclo finalizado. Total de atualizações enviadas: 0
2026-09-06T06:31:00.000-03:00  INFO 12340 --- [ecommerce] [scheduling-1] c.d.e.s.SincronizacaoEstoqueService      : [ESTOQUE] Lendo VW_ECOMMERCE_ESTOQUE no banco de dados...
2026-09-06T06:31:00.048-03:00  INFO 12340 --- [ecommerce] [scheduling-1] c.d.e.s.SincronizacaoEstoqueService      : [ESTOQUE] Ciclo finalizado. Total de atualizações enviadas: 0
2026-09-06T06:31:00.048-03:00  INFO 12340 --- [ecommerce] [scheduling-1] c.d.e.service.SincronizacaoService       : Lendo VW_ECOMMERCE_PRECOS no banco de dados...
2026-09-06T06:31:00.092-03:00  INFO 12340 --- [ecommerce] [scheduling-1] c.d.e.service.SincronizacaoService       : Ciclo finalizado. Total de atualizações enviadas: 0
2026-09-06T06:32:00.000-03:00  INFO 12340 --- [ecommerce] [scheduling-1] c.d.e.s.SincronizacaoEstoqueService      : [ESTOQUE] Lendo VW_ECOMMERCE_ESTOQUE no banco de dados...
2026-09-06T06:32:00.107-03:00  INFO 12340 --- [ecommerce] [scheduling-1] c.d.e.s.SincronizacaoEstoqueService      : [ESTOQUE] Ciclo finalizado. Total de atualizações enviadas: 0
2026-09-06T06:32:00.108-03:00  INFO 12340 --- [ecommerce] [scheduling-1] c.d.e.service.SincronizacaoService       : Lendo VW_ECOMMERCE_PRECOS no banco de dados...
2026-09-06T06:32:00.151-03:00  INFO 12340 --- [ecommerce] [scheduling-1] c.d.e.service.SincronizacaoService       : Ciclo finalizado. Total de atualizações enviadas: 0
2026-09-06T06:33:00.002-03:00  INFO 12340 --- [ecommerce] [scheduling-1] c.d.e.service.SincronizacaoService       : Lendo VW_ECOMMERCE_PRECOS no banco de dados...
2026-09-06T06:33:00.052-03:00  INFO 12340 --- [ecommerce] [scheduling-1] c.d.e.service.SincronizacaoService       : Ciclo finalizado. Total de atualizações enviadas: 0
2026-09-06T06:33:00.052-03:00  INFO 12340 --- [ecommerce] [scheduling-1] c.d.e.s.SincronizacaoEstoqueService      : [ESTOQUE] Lendo VW_ECOMMERCE_ESTOQUE no banco de dados...
2026-09-06T06:33:00.076-03:00  INFO 12340 --- [ecommerce] [scheduling-1] c.d.e.s.SincronizacaoEstoqueService      : [ESTOQUE] Ciclo finalizado. Total de atualizações enviadas: 0
2026-09-06T06:34:00.001-03:00  INFO 12340 --- [ecommerce] [scheduling-1] c.d.e.service.SincronizacaoService       : Lendo VW_ECOMMERCE_PRECOS no banco de dados...
2026-09-06T06:34:00.090-03:00  INFO 12340 --- [ecommerce] [scheduling-1] c.d.e.service.SincronizacaoService       : Ciclo finalizado. Total de atualizações enviadas: 0
2026-09-06T06:34:00.090-03:00  INFO 12340 --- [ecommerce] [scheduling-1] c.d.e.s.SincronizacaoEstoqueService      : [ESTOQUE] Lendo VW_ECOMMERCE_ESTOQUE no banco de dados...
2026-09-06T06:34:00.120-03:00  INFO 12340 --- [ecommerce] [scheduling-1] c.d.e.s.SincronizacaoEstoqueService      : [ESTOQUE] Ciclo finalizado. Total de atualizações enviadas: 0
2026-09-06T06:35:00.000-03:00  INFO 12340 --- [ecommerce] [scheduling-1] c.d.e.s.SincronizacaoEstoqueService      : [ESTOQUE] Lendo VW_ECOMMERCE_ESTOQUE no banco de dados...
2026-09-06T06:35:00.057-03:00  INFO 12340 --- [ecommerce] [scheduling-1] c.d.e.s.SincronizacaoEstoqueService      : [ESTOQUE] Ciclo finalizado. Total de atualizações enviadas: 0
2026-09-06T06:35:00.057-03:00  INFO 12340 --- [ecommerce] [scheduling-1] c.d.e.service.SincronizacaoService       : Lendo VW_ECOMMERCE_PRECOS no banco de dados...
2026-09-06T06:35:00.101-03:00  INFO 12340 --- [ecommerce] [scheduling-1] c.d.e.service.SincronizacaoService       : Ciclo finalizado. Total de atualizações enviadas: 0
2026-09-06T06:36:00.001-03:00  INFO 12340 --- [ecommerce] [scheduling-1] c.d.e.service.SincronizacaoService       : Lendo VW_ECOMMERCE_PRECOS no banco de dados...
2026-09-06T06:36:00.107-03:00  INFO 12340 --- [ecommerce] [scheduling-1] c.d.e.service.SincronizacaoService       : Ciclo finalizado. Total de atualizações enviadas: 0
2026-09-06T06:36:00.107-03:00  INFO 12340 --- [ecommerce] [scheduling-1] c.d.e.s.SincronizacaoEstoqueService      : [ESTOQUE] Lendo VW_ECOMMERCE_ESTOQUE no banco de dados...
2026-09-06T06:36:00.142-03:00  INFO 12340 --- [ecommerce] [scheduling-1] c.d.e.s.SincronizacaoEstoqueService      : [ESTOQUE] Ciclo finalizado. Total de atualizações enviadas: 0
2026-09-06T06:36:59.999-03:00  INFO 12340 --- [ecommerce] [scheduling-1] c.d.e.s.SincronizacaoEstoqueService      : [ESTOQUE] Lendo VW_ECOMMERCE_ESTOQUE no banco de dados...
2026-09-06T06:37:00.074-03:00  INFO 12340 --- [ecommerce] [scheduling-1] c.d.e.s.SincronizacaoEstoqueService      : [ESTOQUE] Ciclo finalizado. Total de atualizações enviadas: 0
2026-09-06T06:37:00.074-03:00  INFO 12340 --- [ecommerce] [scheduling-1] c.d.e.service.SincronizacaoService       : Lendo VW_ECOMMERCE_PRECOS no banco de dados...
2026-09-06T06:37:00.117-03:00  INFO 12340 --- [ecommerce] [scheduling-1] c.d.e.service.SincronizacaoService       : Ciclo finalizado. Total de atualizações enviadas: 0
2026-09-06T06:38:00.001-03:00  INFO 12340 --- [ecommerce] [scheduling-1] c.d.e.service.SincronizacaoService       : Lendo VW_ECOMMERCE_PRECOS no banco de dados...
2026-09-06T06:38:00.057-03:00  INFO 12340 --- [ecommerce] [scheduling-1] c.d.e.service.SincronizacaoService       : Ciclo finalizado. Total de atualizações enviadas: 0
2026-09-06T06:38:00.057-03:00  INFO 12340 --- [ecommerce] [scheduling-1] c.d.e.s.SincronizacaoEstoqueService      : [ESTOQUE] Lendo VW_ECOMMERCE_ESTOQUE no banco de dados...
2026-09-06T06:38:00.083-03:00  INFO 12340 --- [ecommerce] [scheduling-1] c.d.e.s.SincronizacaoEstoqueService      : [ESTOQUE] Ciclo finalizado. Total de atualizações enviadas: 0
2026-09-06T06:39:00.000-03:00  INFO 12340 --- [ecommerce] [scheduling-1] c.d.e.service.SincronizacaoService       : Lendo VW_ECOMMERCE_PRECOS no banco de dados...
2026-09-06T06:39:00.050-03:00  INFO 12340 --- [ecommerce] [scheduling-1] c.d.e.service.SincronizacaoService       : Ciclo finalizado. Total de atualizações enviadas: 0
2026-09-06T06:39:00.051-03:00  INFO 12340 --- [ecommerce] [scheduling-1] c.d.e.s.SincronizacaoEstoqueService      : [ESTOQUE] Lendo VW_ECOMMERCE_ESTOQUE no banco de dados...
2026-09-06T06:39:00.084-03:00  INFO 12340 --- [ecommerce] [scheduling-1] c.d.e.s.SincronizacaoEstoqueService      : [ESTOQUE] Ciclo finalizado. Total de atualizações enviadas: 0
2026-09-06T06:40:00.000-03:00  INFO 12340 --- [ecommerce] [scheduling-1] c.d.e.service.SincronizacaoService       : Lendo VW_ECOMMERCE_PRECOS no banco de dados...
2026-09-06T06:40:00.101-03:00  INFO 12340 --- [ecommerce] [scheduling-1] c.d.e.service.SincronizacaoService       : Ciclo finalizado. Total de atualizações enviadas: 0
2026-09-06T06:40:00.102-03:00  INFO 12340 --- [ecommerce] [scheduling-1] c.d.e.s.SincronizacaoEstoqueService      : [ESTOQUE] Lendo VW_ECOMMERCE_ESTOQUE no banco de dados...
2026-09-06T06:40:00.125-03:00  INFO 12340 --- [ecommerce] [scheduling-1] c.d.e.s.SincronizacaoEstoqueService      : [ESTOQUE] Ciclo finalizado. Total de atualizações enviadas: 0
2026-09-06T06:41:00.000-03:00  INFO 12340 --- [ecommerce] [scheduling-1] c.d.e.service.SincronizacaoService       : Lendo VW_ECOMMERCE_PRECOS no banco de dados...
2026-09-06T06:41:00.070-03:00  INFO 12340 --- [ecommerce] [scheduling-1] c.d.e.service.SincronizacaoService       : Ciclo finalizado. Total de atualizações enviadas: 0
2026-09-06T06:41:00.070-03:00  INFO 12340 --- [ecommerce] [scheduling-1] c.d.e.s.SincronizacaoEstoqueService      : [ESTOQUE] Lendo VW_ECOMMERCE_ESTOQUE no banco de dados...
2026-09-06T06:41:00.095-03:00  INFO 12340 --- [ecommerce] [scheduling-1] c.d.e.s.SincronizacaoEstoqueService      : [ESTOQUE] Ciclo finalizado. Total de atualizações enviadas: 0
2026-09-06T06:42:00.000-03:00  INFO 12340 --- [ecommerce] [scheduling-1] c.d.e.service.SincronizacaoService       : Lendo VW_ECOMMERCE_PRECOS no banco de dados...
2026-09-06T06:42:00.105-03:00  INFO 12340 --- [ecommerce] [scheduling-1] c.d.e.service.SincronizacaoService       : Ciclo finalizado. Total de atualizações enviadas: 0
2026-09-06T06:42:00.105-03:00  INFO 12340 --- [ecommerce] [scheduling-1] c.d.e.s.SincronizacaoEstoqueService      : [ESTOQUE] Lendo VW_ECOMMERCE_ESTOQUE no banco de dados...
2026-09-06T06:42:00.132-03:00  INFO 12340 --- [ecommerce] [scheduling-1] c.d.e.s.SincronizacaoEstoqueService      : [ESTOQUE] Ciclo finalizado. Total de atualizações enviadas: 0
2026-09-06T06:43:00.001-03:00  INFO 12340 --- [ecommerce] [scheduling-1] c.d.e.s.SincronizacaoEstoqueService      : [ESTOQUE] Lendo VW_ECOMMERCE_ESTOQUE no banco de dados...
2026-09-06T06:43:00.047-03:00  INFO 12340 --- [ecommerce] [scheduling-1] c.d.e.s.SincronizacaoEstoqueService      : [ESTOQUE] Ciclo finalizado. Total de atualizações enviadas: 0
2026-09-06T06:43:00.047-03:00  INFO 12340 --- [ecommerce] [scheduling-1] c.d.e.service.SincronizacaoService       : Lendo VW_ECOMMERCE_PRECOS no banco de dados...
2026-09-06T06:43:00.093-03:00  INFO 12340 --- [ecommerce] [scheduling-1] c.d.e.service.SincronizacaoService       : Ciclo finalizado. Total de atualizações enviadas: 0
2026-09-06T06:44:00.000-03:00  INFO 12340 --- [ecommerce] [scheduling-1] c.d.e.s.SincronizacaoEstoqueService      : [ESTOQUE] Lendo VW_ECOMMERCE_ESTOQUE no banco de dados...
2026-09-06T06:44:00.066-03:00  INFO 12340 --- [ecommerce] [scheduling-1] c.d.e.s.SincronizacaoEstoqueService      : [ESTOQUE] Ciclo finalizado. Total de atualizações enviadas: 0
2026-09-06T06:44:00.066-03:00  INFO 12340 --- [ecommerce] [scheduling-1] c.d.e.service.SincronizacaoService       : Lendo VW_ECOMMERCE_PRECOS no banco de dados...
2026-09-06T06:44:00.151-03:00  INFO 12340 --- [ecommerce] [scheduling-1] c.d.e.service.SincronizacaoService       : Ciclo finalizado. Total de atualizações enviadas: 0
2026-09-06T06:45:00.000-03:00  INFO 12340 --- [ecommerce] [scheduling-1] c.d.e.s.SincronizacaoEstoqueService      : [ESTOQUE] Lendo VW_ECOMMERCE_ESTOQUE no banco de dados...
2026-09-06T06:45:00.050-03:00  INFO 12340 --- [ecommerce] [scheduling-1] c.d.e.s.SincronizacaoEstoqueService      : [ESTOQUE] Ciclo finalizado. Total de atualizações enviadas: 0
2026-09-06T06:45:00.052-03:00  INFO 12340 --- [ecommerce] [scheduling-1] c.d.e.service.SincronizacaoService       : Lendo VW_ECOMMERCE_PRECOS no banco de dados...
2026-09-06T06:45:00.100-03:00  INFO 12340 --- [ecommerce] [scheduling-1] c.d.e.service.SincronizacaoService       : Ciclo finalizado. Total de atualizações enviadas: 0
2026-09-06T06:46:00.000-03:00  INFO 12340 --- [ecommerce] [scheduling-1] c.d.e.s.SincronizacaoEstoqueService      : [ESTOQUE] Lendo VW_ECOMMERCE_ESTOQUE no banco de dados...
2026-09-06T06:46:00.083-03:00  INFO 12340 --- [ecommerce] [scheduling-1] c.d.e.s.SincronizacaoEstoqueService      : [ESTOQUE] Ciclo finalizado. Total de atualizações enviadas: 0
2026-09-06T06:46:00.083-03:00  INFO 12340 --- [ecommerce] [scheduling-1] c.d.e.service.SincronizacaoService       : Lendo VW_ECOMMERCE_PRECOS no banco de dados...
2026-09-06T06:46:00.132-03:00  INFO 12340 --- [ecommerce] [scheduling-1] c.d.e.service.SincronizacaoService       : Ciclo finalizado. Total de atualizações enviadas: 0
2026-09-06T06:47:00.000-03:00  INFO 12340 --- [ecommerce] [scheduling-1] c.d.e.s.SincronizacaoEstoqueService      : [ESTOQUE] Lendo VW_ECOMMERCE_ESTOQUE no banco de dados...
2026-09-06T06:47:00.027-03:00  INFO 12340 --- [ecommerce] [scheduling-1] c.d.e.s.SincronizacaoEstoqueService      : [ESTOQUE] Ciclo finalizado. Total de atualizações enviadas: 0
2026-09-06T06:47:00.028-03:00  INFO 12340 --- [ecommerce] [scheduling-1] c.d.e.service.SincronizacaoService       : Lendo VW_ECOMMERCE_PRECOS no banco de dados...
2026-09-06T06:47:00.073-03:00  INFO 12340 --- [ecommerce] [scheduling-1] c.d.e.service.SincronizacaoService       : Ciclo finalizado. Total de atualizações enviadas: 0
2026-09-06T06:47:59.999-03:00  INFO 12340 --- [ecommerce] [scheduling-1] c.d.e.s.SincronizacaoEstoqueService      : [ESTOQUE] Lendo VW_ECOMMERCE_ESTOQUE no banco de dados...
2026-09-06T06:48:00.087-03:00  INFO 12340 --- [ecommerce] [scheduling-1] c.d.e.s.SincronizacaoEstoqueService      : [ESTOQUE] Ciclo finalizado. Total de atualizações enviadas: 0
2026-09-06T06:48:00.087-03:00  INFO 12340 --- [ecommerce] [scheduling-1] c.d.e.service.SincronizacaoService       : Lendo VW_ECOMMERCE_PRECOS no banco de dados...
2026-09-06T06:48:00.130-03:00  INFO 12340 --- [ecommerce] [scheduling-1] c.d.e.service.SincronizacaoService       : Ciclo finalizado. Total de atualizações enviadas: 0
2026-09-06T06:49:00.000-03:00  INFO 12340 --- [ecommerce] [scheduling-1] c.d.e.service.SincronizacaoService       : Lendo VW_ECOMMERCE_PRECOS no banco de dados...
2026-09-06T06:49:00.105-03:00  INFO 12340 --- [ecommerce] [scheduling-1] c.d.e.service.SincronizacaoService       : Ciclo finalizado. Total de atualizações enviadas: 0
2026-09-06T06:49:00.105-03:00  INFO 12340 --- [ecommerce] [scheduling-1] c.d.e.s.SincronizacaoEstoqueService      : [ESTOQUE] Lendo VW_ECOMMERCE_ESTOQUE no banco de dados...
2026-09-06T06:49:00.132-03:00  INFO 12340 --- [ecommerce] [scheduling-1] c.d.e.s.SincronizacaoEstoqueService      : [ESTOQUE] Ciclo finalizado. Total de atualizações enviadas: 0
2026-09-06T06:50:00.000-03:00  INFO 12340 --- [ecommerce] [scheduling-1] c.d.e.s.SincronizacaoEstoqueService      : [ESTOQUE] Lendo VW_ECOMMERCE_ESTOQUE no banco de dados...
2026-09-06T06:50:00.049-03:00  INFO 12340 --- [ecommerce] [scheduling-1] c.d.e.s.SincronizacaoEstoqueService      : [ESTOQUE] Ciclo finalizado. Total de atualizações enviadas: 0
2026-09-06T06:50:00.049-03:00  INFO 12340 --- [ecommerce] [scheduling-1] c.d.e.service.SincronizacaoService       : Lendo VW_ECOMMERCE_PRECOS no banco de dados...
2026-09-06T06:50:00.098-03:00  INFO 12340 --- [ecommerce] [scheduling-1] c.d.e.service.SincronizacaoService       : Ciclo finalizado. Total de atualizações enviadas: 0
2026-09-06T06:51:00.000-03:00  INFO 12340 --- [ecommerce] [scheduling-1] c.d.e.service.SincronizacaoService       : Lendo VW_ECOMMERCE_PRECOS no banco de dados...
2026-09-06T06:51:00.072-03:00  INFO 12340 --- [ecommerce] [scheduling-1] c.d.e.service.SincronizacaoService       : Ciclo finalizado. Total de atualizações enviadas: 0
2026-09-06T06:51:00.073-03:00  INFO 12340 --- [ecommerce] [scheduling-1] c.d.e.s.SincronizacaoEstoqueService      : [ESTOQUE] Lendo VW_ECOMMERCE_ESTOQUE no banco de dados...
2026-09-06T06:51:00.104-03:00  INFO 12340 --- [ecommerce] [scheduling-1] c.d.e.s.SincronizacaoEstoqueService      : [ESTOQUE] Ciclo finalizado. Total de atualizações enviadas: 0
2026-09-06T06:52:00.000-03:00  INFO 12340 --- [ecommerce] [scheduling-1] c.d.e.s.SincronizacaoEstoqueService      : [ESTOQUE] Lendo VW_ECOMMERCE_ESTOQUE no banco de dados...
2026-09-06T06:52:00.048-03:00  INFO 12340 --- [ecommerce] [scheduling-1] c.d.e.s.SincronizacaoEstoqueService      : [ESTOQUE] Ciclo finalizado. Total de atualizações enviadas: 0
2026-09-06T06:52:00.048-03:00  INFO 12340 --- [ecommerce] [scheduling-1] c.d.e.service.SincronizacaoService       : Lendo VW_ECOMMERCE_PRECOS no banco de dados...
2026-09-06T06:52:00.094-03:00  INFO 12340 --- [ecommerce] [scheduling-1] c.d.e.service.SincronizacaoService       : Ciclo finalizado. Total de atualizações enviadas: 0
2026-09-06T06:53:00.000-03:00  INFO 12340 --- [ecommerce] [scheduling-1] c.d.e.service.SincronizacaoService       : Lendo VW_ECOMMERCE_PRECOS no banco de dados...
2026-09-06T06:53:00.095-03:00  INFO 12340 --- [ecommerce] [scheduling-1] c.d.e.service.SincronizacaoService       : Ciclo finalizado. Total de atualizações enviadas: 0
2026-09-06T06:53:00.095-03:00  INFO 12340 --- [ecommerce] [scheduling-1] c.d.e.s.SincronizacaoEstoqueService      : [ESTOQUE] Lendo VW_ECOMMERCE_ESTOQUE no banco de dados...
2026-09-06T06:53:00.124-03:00  INFO 12340 --- [ecommerce] [scheduling-1] c.d.e.s.SincronizacaoEstoqueService      : [ESTOQUE] Ciclo finalizado. Total de atualizações enviadas: 0
2026-09-06T06:54:00.000-03:00  INFO 12340 --- [ecommerce] [scheduling-1] c.d.e.s.SincronizacaoEstoqueService      : [ESTOQUE] Lendo VW_ECOMMERCE_ESTOQUE no banco de dados...
2026-09-06T06:54:00.082-03:00  INFO 12340 --- [ecommerce] [scheduling-1] c.d.e.s.SincronizacaoEstoqueService      : [ESTOQUE] Ciclo finalizado. Total de atualizações enviadas: 0
2026-09-06T06:54:00.082-03:00  INFO 12340 --- [ecommerce] [scheduling-1] c.d.e.service.SincronizacaoService       : Lendo VW_ECOMMERCE_PRECOS no banco de dados...
2026-09-06T06:54:00.127-03:00  INFO 12340 --- [ecommerce] [scheduling-1] c.d.e.service.SincronizacaoService       : Ciclo finalizado. Total de atualizações enviadas: 0
2026-09-06T06:55:00.001-03:00  INFO 12340 --- [ecommerce] [scheduling-1] c.d.e.s.SincronizacaoEstoqueService      : [ESTOQUE] Lendo VW_ECOMMERCE_ESTOQUE no banco de dados...
2026-09-06T06:55:00.029-03:00  INFO 12340 --- [ecommerce] [scheduling-1] c.d.e.s.SincronizacaoEstoqueService      : [ESTOQUE] Ciclo finalizado. Total de atualizações enviadas: 0
2026-09-06T06:55:00.029-03:00  INFO 12340 --- [ecommerce] [scheduling-1] c.d.e.service.SincronizacaoService       : Lendo VW_ECOMMERCE_PRECOS no banco de dados...
2026-09-06T06:55:00.076-03:00  INFO 12340 --- [ecommerce] [scheduling-1] c.d.e.service.SincronizacaoService       : Ciclo finalizado. Total de atualizações enviadas: 0
2026-09-06T06:56:00.001-03:00  INFO 12340 --- [ecommerce] [scheduling-1] c.d.e.service.SincronizacaoService       : Lendo VW_ECOMMERCE_PRECOS no banco de dados...
2026-09-06T06:56:00.063-03:00  INFO 12340 --- [ecommerce] [scheduling-1] c.d.e.service.SincronizacaoService       : Ciclo finalizado. Total de atualizações enviadas: 0
2026-09-06T06:56:00.065-03:00  INFO 12340 --- [ecommerce] [scheduling-1] c.d.e.s.SincronizacaoEstoqueService      : [ESTOQUE] Lendo VW_ECOMMERCE_ESTOQUE no banco de dados...
2026-09-06T06:56:00.096-03:00  INFO 12340 --- [ecommerce] [scheduling-1] c.d.e.s.SincronizacaoEstoqueService      : [ESTOQUE] Ciclo finalizado. Total de atualizações enviadas: 0
2026-09-06T06:57:00.000-03:00  INFO 12340 --- [ecommerce] [scheduling-1] c.d.e.service.SincronizacaoService       : Lendo VW_ECOMMERCE_PRECOS no banco de dados...
2026-09-06T06:57:00.052-03:00  INFO 12340 --- [ecommerce] [scheduling-1] c.d.e.service.SincronizacaoService       : Ciclo finalizado. Total de atualizações enviadas: 0
2026-09-06T06:57:00.053-03:00  INFO 12340 --- [ecommerce] [scheduling-1] c.d.e.s.SincronizacaoEstoqueService      : [ESTOQUE] Lendo VW_ECOMMERCE_ESTOQUE no banco de dados...
2026-09-06T06:57:00.085-03:00  INFO 12340 --- [ecommerce] [scheduling-1] c.d.e.s.SincronizacaoEstoqueService      : [ESTOQUE] Ciclo finalizado. Total de atualizações enviadas: 0
2026-09-06T06:58:00.000-03:00  INFO 12340 --- [ecommerce] [scheduling-1] c.d.e.s.SincronizacaoEstoqueService      : [ESTOQUE] Lendo VW_ECOMMERCE_ESTOQUE no banco de dados...
2026-09-06T06:58:00.084-03:00  INFO 12340 --- [ecommerce] [scheduling-1] c.d.e.s.SincronizacaoEstoqueService      : [ESTOQUE] Ciclo finalizado. Total de atualizações enviadas: 0
2026-09-06T06:58:00.084-03:00  INFO 12340 --- [ecommerce] [scheduling-1] c.d.e.service.SincronizacaoService       : Lendo VW_ECOMMERCE_PRECOS no banco de dados...
2026-09-06T06:58:00.126-03:00  INFO 12340 --- [ecommerce] [scheduling-1] c.d.e.service.SincronizacaoService       : Ciclo finalizado. Total de atualizações enviadas: 0
2026-09-06T06:59:00.001-03:00  INFO 12340 --- [ecommerce] [scheduling-1] c.d.e.service.SincronizacaoService       : Lendo VW_ECOMMERCE_PRECOS no banco de dados...
2026-09-06T06:59:00.051-03:00  INFO 12340 --- [ecommerce] [scheduling-1] c.d.e.service.SincronizacaoService       : Ciclo finalizado. Total de atualizações enviadas: 0
2026-09-06T06:59:00.051-03:00  INFO 12340 --- [ecommerce] [scheduling-1] c.d.e.s.SincronizacaoEstoqueService      : [ESTOQUE] Lendo VW_ECOMMERCE_ESTOQUE no banco de dados...
2026-09-06T06:59:00.071-03:00  INFO 12340 --- [ecommerce] [scheduling-1] c.d.e.s.SincronizacaoEstoqueService      : [ESTOQUE] Ciclo finalizado. Total de atualizações enviadas: 0
2026-09-06T07:00:00.001-03:00  INFO 12340 --- [ecommerce] [scheduling-1] c.d.e.service.SincronizacaoService       : Lendo VW_ECOMMERCE_PRECOS no banco de dados...
2026-09-06T07:00:00.108-03:00  INFO 12340 --- [ecommerce] [scheduling-1] c.d.e.service.SincronizacaoService       : Ciclo finalizado. Total de atualizações enviadas: 0
2026-09-06T07:00:00.108-03:00  INFO 12340 --- [ecommerce] [scheduling-1] c.d.e.s.SincronizacaoEstoqueService      : [ESTOQUE] Lendo VW_ECOMMERCE_ESTOQUE no banco de dados...
2026-09-06T07:00:00.139-03:00  INFO 12340 --- [ecommerce] [scheduling-1] c.d.e.s.SincronizacaoEstoqueService      : [ESTOQUE] Ciclo finalizado. Total de atualizações enviadas: 0
2026-09-06T07:01:00.000-03:00  INFO 12340 --- [ecommerce] [scheduling-1] c.d.e.service.SincronizacaoService       : Lendo VW_ECOMMERCE_PRECOS no banco de dados...
2026-09-06T07:01:00.134-03:00  INFO 12340 --- [ecommerce] [scheduling-1] c.d.e.service.SincronizacaoService       : Ciclo finalizado. Total de atualizações enviadas: 0
2026-09-06T07:01:00.134-03:00  INFO 12340 --- [ecommerce] [scheduling-1] c.d.e.s.SincronizacaoEstoqueService      : [ESTOQUE] Lendo VW_ECOMMERCE_ESTOQUE no banco de dados...
2026-09-06T07:01:00.157-03:00  INFO 12340 --- [ecommerce] [scheduling-1] c.d.e.s.SincronizacaoEstoqueService      : [ESTOQUE] Ciclo finalizado. Total de atualizações enviadas: 0
2026-09-06T07:02:00.000-03:00  INFO 12340 --- [ecommerce] [scheduling-1] c.d.e.service.SincronizacaoService       : Lendo VW_ECOMMERCE_PRECOS no banco de dados...
2026-09-06T07:02:00.099-03:00  INFO 12340 --- [ecommerce] [scheduling-1] c.d.e.service.SincronizacaoService       : Ciclo finalizado. Total de atualizações enviadas: 0
2026-09-06T07:02:00.099-03:00  INFO 12340 --- [ecommerce] [scheduling-1] c.d.e.s.SincronizacaoEstoqueService      : [ESTOQUE] Lendo VW_ECOMMERCE_ESTOQUE no banco de dados...
2026-09-06T07:02:00.121-03:00  INFO 12340 --- [ecommerce] [scheduling-1] c.d.e.s.SincronizacaoEstoqueService      : [ESTOQUE] Ciclo finalizado. Total de atualizações enviadas: 0
2026-09-06T07:03:00.000-03:00  INFO 12340 --- [ecommerce] [scheduling-1] c.d.e.s.SincronizacaoEstoqueService      : [ESTOQUE] Lendo VW_ECOMMERCE_ESTOQUE no banco de dados...
2026-09-06T07:03:00.058-03:00  INFO 12340 --- [ecommerce] [scheduling-1] c.d.e.s.SincronizacaoEstoqueService      : [ESTOQUE] Ciclo finalizado. Total de atualizações enviadas: 0
2026-09-06T07:03:00.058-03:00  INFO 12340 --- [ecommerce] [scheduling-1] c.d.e.service.SincronizacaoService       : Lendo VW_ECOMMERCE_PRECOS no banco de dados...
2026-09-06T07:03:00.153-03:00  INFO 12340 --- [ecommerce] [scheduling-1] c.d.e.service.SincronizacaoService       : Ciclo finalizado. Total de atualizações enviadas: 0
2026-09-06T07:04:00.000-03:00  INFO 12340 --- [ecommerce] [scheduling-1] c.d.e.service.SincronizacaoService       : Lendo VW_ECOMMERCE_PRECOS no banco de dados...
2026-09-06T07:04:00.053-03:00  INFO 12340 --- [ecommerce] [scheduling-1] c.d.e.service.SincronizacaoService       : Ciclo finalizado. Total de atualizações enviadas: 0
2026-09-06T07:04:00.053-03:00  INFO 12340 --- [ecommerce] [scheduling-1] c.d.e.s.SincronizacaoEstoqueService      : [ESTOQUE] Lendo VW_ECOMMERCE_ESTOQUE no banco de dados...
2026-09-06T07:04:00.088-03:00  INFO 12340 --- [ecommerce] [scheduling-1] c.d.e.s.SincronizacaoEstoqueService      : [ESTOQUE] Ciclo finalizado. Total de atualizações enviadas: 0
2026-09-06T07:05:00.000-03:00  INFO 12340 --- [ecommerce] [scheduling-1] c.d.e.service.SincronizacaoService       : Lendo VW_ECOMMERCE_PRECOS no banco de dados...
2026-09-06T07:05:00.150-03:00  INFO 12340 --- [ecommerce] [scheduling-1] c.d.e.service.SincronizacaoService       : Ciclo finalizado. Total de atualizações enviadas: 0
2026-09-06T07:05:00.150-03:00  INFO 12340 --- [ecommerce] [scheduling-1] c.d.e.s.SincronizacaoEstoqueService      : [ESTOQUE] Lendo VW_ECOMMERCE_ESTOQUE no banco de dados...
2026-09-06T07:05:00.174-03:00  INFO 12340 --- [ecommerce] [scheduling-1] c.d.e.s.SincronizacaoEstoqueService      : [ESTOQUE] Ciclo finalizado. Total de atualizações enviadas: 0
2026-09-06T07:06:00.000-03:00  INFO 12340 --- [ecommerce] [scheduling-1] c.d.e.s.SincronizacaoEstoqueService      : [ESTOQUE] Lendo VW_ECOMMERCE_ESTOQUE no banco de dados...
2026-09-06T07:06:00.096-03:00  INFO 12340 --- [ecommerce] [scheduling-1] c.d.e.s.SincronizacaoEstoqueService      : [ESTOQUE] Ciclo finalizado. Total de atualizações enviadas: 0
2026-09-06T07:06:00.096-03:00  INFO 12340 --- [ecommerce] [scheduling-1] c.d.e.service.SincronizacaoService       : Lendo VW_ECOMMERCE_PRECOS no banco de dados...
2026-09-06T07:06:00.142-03:00  INFO 12340 --- [ecommerce] [scheduling-1] c.d.e.service.SincronizacaoService       : Ciclo finalizado. Total de atualizações enviadas: 0
2026-09-06T07:07:00.000-03:00  INFO 12340 --- [ecommerce] [scheduling-1] c.d.e.s.SincronizacaoEstoqueService      : [ESTOQUE] Lendo VW_ECOMMERCE_ESTOQUE no banco de dados...
2026-09-06T07:07:00.030-03:00  INFO 12340 --- [ecommerce] [scheduling-1] c.d.e.s.SincronizacaoEstoqueService      : [ESTOQUE] Ciclo finalizado. Total de atualizações enviadas: 0
2026-09-06T07:07:00.030-03:00  INFO 12340 --- [ecommerce] [scheduling-1] c.d.e.service.SincronizacaoService       : Lendo VW_ECOMMERCE_PRECOS no banco de dados...
2026-09-06T07:07:00.077-03:00  INFO 12340 --- [ecommerce] [scheduling-1] c.d.e.service.SincronizacaoService       : Ciclo finalizado. Total de atualizações enviadas: 0
2026-09-06T07:08:00.000-03:00  INFO 12340 --- [ecommerce] [scheduling-1] c.d.e.service.SincronizacaoService       : Lendo VW_ECOMMERCE_PRECOS no banco de dados...
2026-09-06T07:08:00.115-03:00  INFO 12340 --- [ecommerce] [scheduling-1] c.d.e.service.SincronizacaoService       : Ciclo finalizado. Total de atualizações enviadas: 0
2026-09-06T07:08:00.116-03:00  INFO 12340 --- [ecommerce] [scheduling-1] c.d.e.s.SincronizacaoEstoqueService      : [ESTOQUE] Lendo VW_ECOMMERCE_ESTOQUE no banco de dados...
2026-09-06T07:08:00.140-03:00  INFO 12340 --- [ecommerce] [scheduling-1] c.d.e.s.SincronizacaoEstoqueService      : [ESTOQUE] Ciclo finalizado. Total de atualizações enviadas: 0
2026-09-06T07:09:00.000-03:00  INFO 12340 --- [ecommerce] [scheduling-1] c.d.e.service.SincronizacaoService       : Lendo VW_ECOMMERCE_PRECOS no banco de dados...
2026-09-06T07:09:00.074-03:00  INFO 12340 --- [ecommerce] [scheduling-1] c.d.e.service.SincronizacaoService       : Ciclo finalizado. Total de atualizações enviadas: 0
2026-09-06T07:09:00.074-03:00  INFO 12340 --- [ecommerce] [scheduling-1] c.d.e.s.SincronizacaoEstoqueService      : [ESTOQUE] Lendo VW_ECOMMERCE_ESTOQUE no banco de dados...
2026-09-06T07:09:00.106-03:00  INFO 12340 --- [ecommerce] [scheduling-1] c.d.e.s.SincronizacaoEstoqueService      : [ESTOQUE] Ciclo finalizado. Total de atualizações enviadas: 0
2026-09-06T07:10:00.000-03:00  INFO 12340 --- [ecommerce] [scheduling-1] c.d.e.service.SincronizacaoService       : Lendo VW_ECOMMERCE_PRECOS no banco de dados...
2026-09-06T07:10:00.051-03:00  INFO 12340 --- [ecommerce] [scheduling-1] c.d.e.service.SincronizacaoService       : Ciclo finalizado. Total de atualizações enviadas: 0
2026-09-06T07:10:00.051-03:00  INFO 12340 --- [ecommerce] [scheduling-1] c.d.e.s.SincronizacaoEstoqueService      : [ESTOQUE] Lendo VW_ECOMMERCE_ESTOQUE no banco de dados...
2026-09-06T07:10:00.085-03:00  INFO 12340 --- [ecommerce] [scheduling-1] c.d.e.s.SincronizacaoEstoqueService      : [ESTOQUE] Ciclo finalizado. Total de atualizações enviadas: 0
2026-09-06T07:11:00.000-03:00  INFO 12340 --- [ecommerce] [scheduling-1] c.d.e.s.SincronizacaoEstoqueService      : [ESTOQUE] Lendo VW_ECOMMERCE_ESTOQUE no banco de dados...
2026-09-06T07:11:00.071-03:00  INFO 12340 --- [ecommerce] [scheduling-1] c.d.e.s.SincronizacaoEstoqueService      : [ESTOQUE] Ciclo finalizado. Total de atualizações enviadas: 0
2026-09-06T07:11:00.072-03:00  INFO 12340 --- [ecommerce] [scheduling-1] c.d.e.service.SincronizacaoService       : Lendo VW_ECOMMERCE_PRECOS no banco de dados...
2026-09-06T07:11:00.123-03:00  INFO 12340 --- [ecommerce] [scheduling-1] c.d.e.service.SincronizacaoService       : Ciclo finalizado. Total de atualizações enviadas: 0
2026-09-06T07:12:00.000-03:00  INFO 12340 --- [ecommerce] [scheduling-1] c.d.e.s.SincronizacaoEstoqueService      : [ESTOQUE] Lendo VW_ECOMMERCE_ESTOQUE no banco de dados...
2026-09-06T07:12:00.093-03:00  INFO 12340 --- [ecommerce] [scheduling-1] c.d.e.s.SincronizacaoEstoqueService      : [ESTOQUE] Ciclo finalizado. Total de atualizações enviadas: 0
2026-09-06T07:12:00.093-03:00  INFO 12340 --- [ecommerce] [scheduling-1] c.d.e.service.SincronizacaoService       : Lendo VW_ECOMMERCE_PRECOS no banco de dados...
2026-09-06T07:12:00.139-03:00  INFO 12340 --- [ecommerce] [scheduling-1] c.d.e.service.SincronizacaoService       : Ciclo finalizado. Total de atualizações enviadas: 0
2026-09-06T07:13:00.000-03:00  INFO 12340 --- [ecommerce] [scheduling-1] c.d.e.service.SincronizacaoService       : Lendo VW_ECOMMERCE_PRECOS no banco de dados...
2026-09-06T07:13:00.054-03:00  INFO 12340 --- [ecommerce] [scheduling-1] c.d.e.service.SincronizacaoService       : Ciclo finalizado. Total de atualizações enviadas: 0
2026-09-06T07:13:00.054-03:00  INFO 12340 --- [ecommerce] [scheduling-1] c.d.e.s.SincronizacaoEstoqueService      : [ESTOQUE] Lendo VW_ECOMMERCE_ESTOQUE no banco de dados...
2026-09-06T07:13:00.146-03:00  INFO 12340 --- [ecommerce] [scheduling-1] c.d.e.s.SincronizacaoEstoqueService      : [ESTOQUE] Ciclo finalizado. Total de atualizações enviadas: 0
2026-09-06T07:14:00.000-03:00  INFO 12340 --- [ecommerce] [scheduling-1] c.d.e.s.SincronizacaoEstoqueService      : [ESTOQUE] Lendo VW_ECOMMERCE_ESTOQUE no banco de dados...
2026-09-06T07:14:00.081-03:00  INFO 12340 --- [ecommerce] [scheduling-1] c.d.e.s.SincronizacaoEstoqueService      : [ESTOQUE] Ciclo finalizado. Total de atualizações enviadas: 0
2026-09-06T07:14:00.082-03:00  INFO 12340 --- [ecommerce] [scheduling-1] c.d.e.service.SincronizacaoService       : Lendo VW_ECOMMERCE_PRECOS no banco de dados...
2026-09-06T07:14:00.133-03:00  INFO 12340 --- [ecommerce] [scheduling-1] c.d.e.service.SincronizacaoService       : Ciclo finalizado. Total de atualizações enviadas: 0
2026-09-06T07:15:00.000-03:00  INFO 12340 --- [ecommerce] [scheduling-1] c.d.e.s.SincronizacaoEstoqueService      : [ESTOQUE] Lendo VW_ECOMMERCE_ESTOQUE no banco de dados...
2026-09-06T07:15:00.048-03:00  INFO 12340 --- [ecommerce] [scheduling-1] c.d.e.s.SincronizacaoEstoqueService      : [ESTOQUE] Ciclo finalizado. Total de atualizações enviadas: 0
2026-09-06T07:15:00.049-03:00  INFO 12340 --- [ecommerce] [scheduling-1] c.d.e.service.SincronizacaoService       : Lendo VW_ECOMMERCE_PRECOS no banco de dados...
2026-09-06T07:15:00.150-03:00  INFO 12340 --- [ecommerce] [scheduling-1] c.d.e.service.SincronizacaoService       : Ciclo finalizado. Total de atualizações enviadas: 0
2026-09-06T07:16:00.000-03:00  INFO 12340 --- [ecommerce] [scheduling-1] c.d.e.s.SincronizacaoEstoqueService      : [ESTOQUE] Lendo VW_ECOMMERCE_ESTOQUE no banco de dados...
2026-09-06T07:16:00.036-03:00  INFO 12340 --- [ecommerce] [scheduling-1] c.d.e.s.SincronizacaoEstoqueService      : [ESTOQUE] Ciclo finalizado. Total de atualizações enviadas: 0
2026-09-06T07:16:00.036-03:00  INFO 12340 --- [ecommerce] [scheduling-1] c.d.e.service.SincronizacaoService       : Lendo VW_ECOMMERCE_PRECOS no banco de dados...
2026-09-06T07:16:00.083-03:00  INFO 12340 --- [ecommerce] [scheduling-1] c.d.e.service.SincronizacaoService       : Ciclo finalizado. Total de atualizações enviadas: 0
2026-09-06T07:17:00.000-03:00  INFO 12340 --- [ecommerce] [scheduling-1] c.d.e.s.SincronizacaoEstoqueService      : [ESTOQUE] Lendo VW_ECOMMERCE_ESTOQUE no banco de dados...
2026-09-06T07:17:00.045-03:00  INFO 12340 --- [ecommerce] [scheduling-1] c.d.e.s.SincronizacaoEstoqueService      : [ESTOQUE] Ciclo finalizado. Total de atualizações enviadas: 0
2026-09-06T07:17:00.045-03:00  INFO 12340 --- [ecommerce] [scheduling-1] c.d.e.service.SincronizacaoService       : Lendo VW_ECOMMERCE_PRECOS no banco de dados...
2026-09-06T07:17:00.154-03:00  INFO 12340 --- [ecommerce] [scheduling-1] c.d.e.service.SincronizacaoService       : Ciclo finalizado. Total de atualizações enviadas: 0
2026-09-06T07:17:59.999-03:00  INFO 12340 --- [ecommerce] [scheduling-1] c.d.e.service.SincronizacaoService       : Lendo VW_ECOMMERCE_PRECOS no banco de dados...
2026-09-06T07:18:00.110-03:00  INFO 12340 --- [ecommerce] [scheduling-1] c.d.e.service.SincronizacaoService       : Ciclo finalizado. Total de atualizações enviadas: 0
2026-09-06T07:18:00.110-03:00  INFO 12340 --- [ecommerce] [scheduling-1] c.d.e.s.SincronizacaoEstoqueService      : [ESTOQUE] Lendo VW_ECOMMERCE_ESTOQUE no banco de dados...
2026-09-06T07:18:00.132-03:00  INFO 12340 --- [ecommerce] [scheduling-1] c.d.e.s.SincronizacaoEstoqueService      : [ESTOQUE] Ciclo finalizado. Total de atualizações enviadas: 0
2026-09-06T07:18:59.999-03:00  INFO 12340 --- [ecommerce] [scheduling-1] c.d.e.s.SincronizacaoEstoqueService      : [ESTOQUE] Lendo VW_ECOMMERCE_ESTOQUE no banco de dados...
2026-09-06T07:19:00.078-03:00  INFO 12340 --- [ecommerce] [scheduling-1] c.d.e.s.SincronizacaoEstoqueService      : [ESTOQUE] Ciclo finalizado. Total de atualizações enviadas: 0
2026-09-06T07:19:00.078-03:00  INFO 12340 --- [ecommerce] [scheduling-1] c.d.e.service.SincronizacaoService       : Lendo VW_ECOMMERCE_PRECOS no banco de dados...
2026-09-06T07:19:00.130-03:00  INFO 12340 --- [ecommerce] [scheduling-1] c.d.e.service.SincronizacaoService       : Ciclo finalizado. Total de atualizações enviadas: 0
2026-09-06T07:20:00.001-03:00  INFO 12340 --- [ecommerce] [scheduling-1] c.d.e.s.SincronizacaoEstoqueService      : [ESTOQUE] Lendo VW_ECOMMERCE_ESTOQUE no banco de dados...
2026-09-06T07:20:00.045-03:00  INFO 12340 --- [ecommerce] [scheduling-1] c.d.e.s.SincronizacaoEstoqueService      : [ESTOQUE] Ciclo finalizado. Total de atualizações enviadas: 0
2026-09-06T07:20:00.045-03:00  INFO 12340 --- [ecommerce] [scheduling-1] c.d.e.service.SincronizacaoService       : Lendo VW_ECOMMERCE_PRECOS no banco de dados...
2026-09-06T07:20:00.094-03:00  INFO 12340 --- [ecommerce] [scheduling-1] c.d.e.service.SincronizacaoService       : Ciclo finalizado. Total de atualizações enviadas: 0
2026-09-06T07:21:00.000-03:00  INFO 12340 --- [ecommerce] [scheduling-1] c.d.e.service.SincronizacaoService       : Lendo VW_ECOMMERCE_PRECOS no banco de dados...
2026-09-06T07:21:00.089-03:00  INFO 12340 --- [ecommerce] [scheduling-1] c.d.e.service.SincronizacaoService       : Ciclo finalizado. Total de atualizações enviadas: 0
2026-09-06T07:21:00.090-03:00  INFO 12340 --- [ecommerce] [scheduling-1] c.d.e.s.SincronizacaoEstoqueService      : [ESTOQUE] Lendo VW_ECOMMERCE_ESTOQUE no banco de dados...
2026-09-06T07:21:00.122-03:00  INFO 12340 --- [ecommerce] [scheduling-1] c.d.e.s.SincronizacaoEstoqueService      : [ESTOQUE] Ciclo finalizado. Total de atualizações enviadas: 0
2026-09-06T07:22:00.000-03:00  INFO 12340 --- [ecommerce] [scheduling-1] c.d.e.service.SincronizacaoService       : Lendo VW_ECOMMERCE_PRECOS no banco de dados...
2026-09-06T07:22:00.087-03:00  INFO 12340 --- [ecommerce] [scheduling-1] c.d.e.service.SincronizacaoService       : Ciclo finalizado. Total de atualizações enviadas: 0
2026-09-06T07:22:00.087-03:00  INFO 12340 --- [ecommerce] [scheduling-1] c.d.e.s.SincronizacaoEstoqueService      : [ESTOQUE] Lendo VW_ECOMMERCE_ESTOQUE no banco de dados...
2026-09-06T07:22:00.119-03:00  INFO 12340 --- [ecommerce] [scheduling-1] c.d.e.s.SincronizacaoEstoqueService      : [ESTOQUE] Ciclo finalizado. Total de atualizações enviadas: 0
2026-09-06T07:23:00.000-03:00  INFO 12340 --- [ecommerce] [scheduling-1] c.d.e.service.SincronizacaoService       : Lendo VW_ECOMMERCE_PRECOS no banco de dados...
2026-09-06T07:23:00.141-03:00  INFO 12340 --- [ecommerce] [scheduling-1] c.d.e.service.SincronizacaoService       : Ciclo finalizado. Total de atualizações enviadas: 0
2026-09-06T07:23:00.142-03:00  INFO 12340 --- [ecommerce] [scheduling-1] c.d.e.s.SincronizacaoEstoqueService      : [ESTOQUE] Lendo VW_ECOMMERCE_ESTOQUE no banco de dados...
2026-09-06T07:23:00.171-03:00  INFO 12340 --- [ecommerce] [scheduling-1] c.d.e.s.SincronizacaoEstoqueService      : [ESTOQUE] Ciclo finalizado. Total de atualizações enviadas: 0
2026-09-06T07:23:59.999-03:00  INFO 12340 --- [ecommerce] [scheduling-1] c.d.e.service.SincronizacaoService       : Lendo VW_ECOMMERCE_PRECOS no banco de dados...
2026-09-06T07:24:00.111-03:00  INFO 12340 --- [ecommerce] [scheduling-1] c.d.e.service.SincronizacaoService       : Ciclo finalizado. Total de atualizações enviadas: 0
2026-09-06T07:24:00.111-03:00  INFO 12340 --- [ecommerce] [scheduling-1] c.d.e.s.SincronizacaoEstoqueService      : [ESTOQUE] Lendo VW_ECOMMERCE_ESTOQUE no banco de dados...
2026-09-06T07:24:00.135-03:00  INFO 12340 --- [ecommerce] [scheduling-1] c.d.e.s.SincronizacaoEstoqueService      : [ESTOQUE] Ciclo finalizado. Total de atualizações enviadas: 0
2026-09-06T07:25:00.000-03:00  INFO 12340 --- [ecommerce] [scheduling-1] c.d.e.s.SincronizacaoEstoqueService      : [ESTOQUE] Lendo VW_ECOMMERCE_ESTOQUE no banco de dados...
2026-09-06T07:25:00.070-03:00  INFO 12340 --- [ecommerce] [scheduling-1] c.d.e.s.SincronizacaoEstoqueService      : [ESTOQUE] Ciclo finalizado. Total de atualizações enviadas: 0
2026-09-06T07:25:00.070-03:00  INFO 12340 --- [ecommerce] [scheduling-1] c.d.e.service.SincronizacaoService       : Lendo VW_ECOMMERCE_PRECOS no banco de dados...
2026-09-06T07:25:00.123-03:00  INFO 12340 --- [ecommerce] [scheduling-1] c.d.e.service.SincronizacaoService       : Ciclo finalizado. Total de atualizações enviadas: 0
2026-09-06T07:26:00.000-03:00  INFO 12340 --- [ecommerce] [scheduling-1] c.d.e.service.SincronizacaoService       : Lendo VW_ECOMMERCE_PRECOS no banco de dados...
2026-09-06T07:26:00.094-03:00  INFO 12340 --- [ecommerce] [scheduling-1] c.d.e.service.SincronizacaoService       : Ciclo finalizado. Total de atualizações enviadas: 0
2026-09-06T07:26:00.094-03:00  INFO 12340 --- [ecommerce] [scheduling-1] c.d.e.s.SincronizacaoEstoqueService      : [ESTOQUE] Lendo VW_ECOMMERCE_ESTOQUE no banco de dados...
2026-09-06T07:26:00.117-03:00  INFO 12340 --- [ecommerce] [scheduling-1] c.d.e.s.SincronizacaoEstoqueService      : [ESTOQUE] Ciclo finalizado. Total de atualizações enviadas: 0
2026-09-06T07:27:00.000-03:00  INFO 12340 --- [ecommerce] [scheduling-1] c.d.e.service.SincronizacaoService       : Lendo VW_ECOMMERCE_PRECOS no banco de dados...
2026-09-06T07:27:00.102-03:00  INFO 12340 --- [ecommerce] [scheduling-1] c.d.e.service.SincronizacaoService       : Ciclo finalizado. Total de atualizações enviadas: 0
2026-09-06T07:27:00.102-03:00  INFO 12340 --- [ecommerce] [scheduling-1] c.d.e.s.SincronizacaoEstoqueService      : [ESTOQUE] Lendo VW_ECOMMERCE_ESTOQUE no banco de dados...
2026-09-06T07:27:00.132-03:00  INFO 12340 --- [ecommerce] [scheduling-1] c.d.e.s.SincronizacaoEstoqueService      : [ESTOQUE] Ciclo finalizado. Total de atualizações enviadas: 0
2026-09-06T07:28:00.000-03:00  INFO 12340 --- [ecommerce] [scheduling-1] c.d.e.s.SincronizacaoEstoqueService      : [ESTOQUE] Lendo VW_ECOMMERCE_ESTOQUE no banco de dados...
2026-09-06T07:28:00.065-03:00  INFO 12340 --- [ecommerce] [scheduling-1] c.d.e.s.SincronizacaoEstoqueService      : [ESTOQUE] Ciclo finalizado. Total de atualizações enviadas: 0
2026-09-06T07:28:00.066-03:00  INFO 12340 --- [ecommerce] [scheduling-1] c.d.e.service.SincronizacaoService       : Lendo VW_ECOMMERCE_PRECOS no banco de dados...
2026-09-06T07:28:00.112-03:00  INFO 12340 --- [ecommerce] [scheduling-1] c.d.e.service.SincronizacaoService       : Ciclo finalizado. Total de atualizações enviadas: 0
2026-09-06T07:28:59.999-03:00  INFO 12340 --- [ecommerce] [scheduling-1] c.d.e.s.SincronizacaoEstoqueService      : [ESTOQUE] Lendo VW_ECOMMERCE_ESTOQUE no banco de dados...
2026-09-06T07:29:00.066-03:00  INFO 12340 --- [ecommerce] [scheduling-1] c.d.e.s.SincronizacaoEstoqueService      : [ESTOQUE] Ciclo finalizado. Total de atualizações enviadas: 0
2026-09-06T07:29:00.066-03:00  INFO 12340 --- [ecommerce] [scheduling-1] c.d.e.service.SincronizacaoService       : Lendo VW_ECOMMERCE_PRECOS no banco de dados...
2026-09-06T07:29:00.153-03:00  INFO 12340 --- [ecommerce] [scheduling-1] c.d.e.service.SincronizacaoService       : Ciclo finalizado. Total de atualizações enviadas: 0
2026-09-06T07:30:00.000-03:00  INFO 12340 --- [ecommerce] [scheduling-1] c.d.e.s.SincronizacaoEstoqueService      : [ESTOQUE] Lendo VW_ECOMMERCE_ESTOQUE no banco de dados...
2026-09-06T07:30:00.085-03:00  INFO 12340 --- [ecommerce] [scheduling-1] c.d.e.s.SincronizacaoEstoqueService      : [ESTOQUE] Ciclo finalizado. Total de atualizações enviadas: 0
2026-09-06T07:30:00.085-03:00  INFO 12340 --- [ecommerce] [scheduling-1] c.d.e.service.SincronizacaoService       : Lendo VW_ECOMMERCE_PRECOS no banco de dados...
2026-09-06T07:30:00.128-03:00  INFO 12340 --- [ecommerce] [scheduling-1] c.d.e.service.SincronizacaoService       : Ciclo finalizado. Total de atualizações enviadas: 0
2026-09-06T07:30:59.999-03:00  INFO 12340 --- [ecommerce] [scheduling-1] c.d.e.s.SincronizacaoEstoqueService      : [ESTOQUE] Lendo VW_ECOMMERCE_ESTOQUE no banco de dados...
2026-09-06T07:31:00.085-03:00  INFO 12340 --- [ecommerce] [scheduling-1] c.d.e.s.SincronizacaoEstoqueService      : [ESTOQUE] Ciclo finalizado. Total de atualizações enviadas: 0
2026-09-06T07:31:00.085-03:00  INFO 12340 --- [ecommerce] [scheduling-1] c.d.e.service.SincronizacaoService       : Lendo VW_ECOMMERCE_PRECOS no banco de dados...
2026-09-06T07:31:00.132-03:00  INFO 12340 --- [ecommerce] [scheduling-1] c.d.e.service.SincronizacaoService       : Ciclo finalizado. Total de atualizações enviadas: 0
2026-09-06T07:32:00.000-03:00  INFO 12340 --- [ecommerce] [scheduling-1] c.d.e.service.SincronizacaoService       : Lendo VW_ECOMMERCE_PRECOS no banco de dados...
2026-09-06T07:32:00.056-03:00  INFO 12340 --- [ecommerce] [scheduling-1] c.d.e.service.SincronizacaoService       : Ciclo finalizado. Total de atualizações enviadas: 0
2026-09-06T07:32:00.056-03:00  INFO 12340 --- [ecommerce] [scheduling-1] c.d.e.s.SincronizacaoEstoqueService      : [ESTOQUE] Lendo VW_ECOMMERCE_ESTOQUE no banco de dados...
2026-09-06T07:32:00.088-03:00  INFO 12340 --- [ecommerce] [scheduling-1] c.d.e.s.SincronizacaoEstoqueService      : [ESTOQUE] Ciclo finalizado. Total de atualizações enviadas: 0
2026-09-06T07:33:00.000-03:00  INFO 12340 --- [ecommerce] [scheduling-1] c.d.e.service.SincronizacaoService       : Lendo VW_ECOMMERCE_PRECOS no banco de dados...
2026-09-06T07:33:00.083-03:00  INFO 12340 --- [ecommerce] [scheduling-1] c.d.e.service.SincronizacaoService       : Ciclo finalizado. Total de atualizações enviadas: 0
2026-09-06T07:33:00.083-03:00  INFO 12340 --- [ecommerce] [scheduling-1] c.d.e.s.SincronizacaoEstoqueService      : [ESTOQUE] Lendo VW_ECOMMERCE_ESTOQUE no banco de dados...
2026-09-06T07:33:00.109-03:00  INFO 12340 --- [ecommerce] [scheduling-1] c.d.e.s.SincronizacaoEstoqueService      : [ESTOQUE] Ciclo finalizado. Total de atualizações enviadas: 0
2026-09-06T07:34:00.000-03:00  INFO 12340 --- [ecommerce] [scheduling-1] c.d.e.service.SincronizacaoService       : Lendo VW_ECOMMERCE_PRECOS no banco de dados...
2026-09-06T07:34:00.084-03:00  INFO 12340 --- [ecommerce] [scheduling-1] c.d.e.service.SincronizacaoService       : Ciclo finalizado. Total de atualizações enviadas: 0
2026-09-06T07:34:00.084-03:00  INFO 12340 --- [ecommerce] [scheduling-1] c.d.e.s.SincronizacaoEstoqueService      : [ESTOQUE] Lendo VW_ECOMMERCE_ESTOQUE no banco de dados...
2026-09-06T07:34:00.115-03:00  INFO 12340 --- [ecommerce] [scheduling-1] c.d.e.s.SincronizacaoEstoqueService      : [ESTOQUE] Ciclo finalizado. Total de atualizações enviadas: 0
2026-09-06T07:35:00.000-03:00  INFO 12340 --- [ecommerce] [scheduling-1] c.d.e.service.SincronizacaoService       : Lendo VW_ECOMMERCE_PRECOS no banco de dados...
2026-09-06T07:35:00.102-03:00  INFO 12340 --- [ecommerce] [scheduling-1] c.d.e.service.SincronizacaoService       : Ciclo finalizado. Total de atualizações enviadas: 0
2026-09-06T07:35:00.102-03:00  INFO 12340 --- [ecommerce] [scheduling-1] c.d.e.s.SincronizacaoEstoqueService      : [ESTOQUE] Lendo VW_ECOMMERCE_ESTOQUE no banco de dados...
2026-09-06T07:35:00.132-03:00  INFO 12340 --- [ecommerce] [scheduling-1] c.d.e.s.SincronizacaoEstoqueService      : [ESTOQUE] Ciclo finalizado. Total de atualizações enviadas: 0
2026-09-06T07:36:00.000-03:00  INFO 12340 --- [ecommerce] [scheduling-1] c.d.e.s.SincronizacaoEstoqueService      : [ESTOQUE] Lendo VW_ECOMMERCE_ESTOQUE no banco de dados...
2026-09-06T07:36:00.052-03:00  INFO 12340 --- [ecommerce] [scheduling-1] c.d.e.s.SincronizacaoEstoqueService      : [ESTOQUE] Ciclo finalizado. Total de atualizações enviadas: 0
2026-09-06T07:36:00.053-03:00  INFO 12340 --- [ecommerce] [scheduling-1] c.d.e.service.SincronizacaoService       : Lendo VW_ECOMMERCE_PRECOS no banco de dados...
2026-09-06T07:36:00.105-03:00  INFO 12340 --- [ecommerce] [scheduling-1] c.d.e.service.SincronizacaoService       : Ciclo finalizado. Total de atualizações enviadas: 0
2026-09-06T07:37:00.000-03:00  INFO 12340 --- [ecommerce] [scheduling-1] c.d.e.s.SincronizacaoEstoqueService      : [ESTOQUE] Lendo VW_ECOMMERCE_ESTOQUE no banco de dados...
2026-09-06T07:37:00.098-03:00  INFO 12340 --- [ecommerce] [scheduling-1] c.d.e.s.SincronizacaoEstoqueService      : [ESTOQUE] Ciclo finalizado. Total de atualizações enviadas: 0
2026-09-06T07:37:00.098-03:00  INFO 12340 --- [ecommerce] [scheduling-1] c.d.e.service.SincronizacaoService       : Lendo VW_ECOMMERCE_PRECOS no banco de dados...
2026-09-06T07:37:00.159-03:00  INFO 12340 --- [ecommerce] [scheduling-1] c.d.e.service.SincronizacaoService       : Ciclo finalizado. Total de atualizações enviadas: 0
2026-09-06T07:38:00.000-03:00  INFO 12340 --- [ecommerce] [scheduling-1] c.d.e.s.SincronizacaoEstoqueService      : [ESTOQUE] Lendo VW_ECOMMERCE_ESTOQUE no banco de dados...
2026-09-06T07:38:00.040-03:00  INFO 12340 --- [ecommerce] [scheduling-1] c.d.e.s.SincronizacaoEstoqueService      : [ESTOQUE] Ciclo finalizado. Total de atualizações enviadas: 0
2026-09-06T07:38:00.040-03:00  INFO 12340 --- [ecommerce] [scheduling-1] c.d.e.service.SincronizacaoService       : Lendo VW_ECOMMERCE_PRECOS no banco de dados...
2026-09-06T07:38:00.084-03:00  INFO 12340 --- [ecommerce] [scheduling-1] c.d.e.service.SincronizacaoService       : Ciclo finalizado. Total de atualizações enviadas: 0
2026-09-06T07:39:00.000-03:00  INFO 12340 --- [ecommerce] [scheduling-1] c.d.e.s.SincronizacaoEstoqueService      : [ESTOQUE] Lendo VW_ECOMMERCE_ESTOQUE no banco de dados...
2026-09-06T07:39:00.033-03:00  INFO 12340 --- [ecommerce] [scheduling-1] c.d.e.s.SincronizacaoEstoqueService      : [ESTOQUE] Ciclo finalizado. Total de atualizações enviadas: 0
2026-09-06T07:39:00.033-03:00  INFO 12340 --- [ecommerce] [scheduling-1] c.d.e.service.SincronizacaoService       : Lendo VW_ECOMMERCE_PRECOS no banco de dados...
2026-09-06T07:39:00.079-03:00  INFO 12340 --- [ecommerce] [scheduling-1] c.d.e.service.SincronizacaoService       : Ciclo finalizado. Total de atualizações enviadas: 0
2026-09-06T07:40:00.000-03:00  INFO 12340 --- [ecommerce] [scheduling-1] c.d.e.s.SincronizacaoEstoqueService      : [ESTOQUE] Lendo VW_ECOMMERCE_ESTOQUE no banco de dados...
2026-09-06T07:40:00.088-03:00  INFO 12340 --- [ecommerce] [scheduling-1] c.d.e.s.SincronizacaoEstoqueService      : [ESTOQUE] Ciclo finalizado. Total de atualizações enviadas: 0
2026-09-06T07:40:00.088-03:00  INFO 12340 --- [ecommerce] [scheduling-1] c.d.e.service.SincronizacaoService       : Lendo VW_ECOMMERCE_PRECOS no banco de dados...
2026-09-06T07:40:00.213-03:00  INFO 12340 --- [ecommerce] [scheduling-1] c.d.e.service.SincronizacaoService       : Ciclo finalizado. Total de atualizações enviadas: 0
2026-09-06T07:41:00.000-03:00  INFO 12340 --- [ecommerce] [scheduling-1] c.d.e.s.SincronizacaoEstoqueService      : [ESTOQUE] Lendo VW_ECOMMERCE_ESTOQUE no banco de dados...
2026-09-06T07:41:00.051-03:00  INFO 12340 --- [ecommerce] [scheduling-1] c.d.e.s.SincronizacaoEstoqueService      : [ESTOQUE] Ciclo finalizado. Total de atualizações enviadas: 0
2026-09-06T07:41:00.051-03:00  INFO 12340 --- [ecommerce] [scheduling-1] c.d.e.service.SincronizacaoService       : Lendo VW_ECOMMERCE_PRECOS no banco de dados...
2026-09-06T07:41:00.101-03:00  INFO 12340 --- [ecommerce] [scheduling-1] c.d.e.service.SincronizacaoService       : Ciclo finalizado. Total de atualizações enviadas: 0
2026-09-06T07:42:00.000-03:00  INFO 12340 --- [ecommerce] [scheduling-1] c.d.e.service.SincronizacaoService       : Lendo VW_ECOMMERCE_PRECOS no banco de dados...
2026-09-06T07:42:00.105-03:00  INFO 12340 --- [ecommerce] [scheduling-1] c.d.e.service.SincronizacaoService       : Ciclo finalizado. Total de atualizações enviadas: 0
2026-09-06T07:42:00.105-03:00  INFO 12340 --- [ecommerce] [scheduling-1] c.d.e.s.SincronizacaoEstoqueService      : [ESTOQUE] Lendo VW_ECOMMERCE_ESTOQUE no banco de dados...
2026-09-06T07:42:00.138-03:00  INFO 12340 --- [ecommerce] [scheduling-1] c.d.e.s.SincronizacaoEstoqueService      : [ESTOQUE] Ciclo finalizado. Total de atualizações enviadas: 0
2026-09-06T07:42:59.999-03:00  INFO 12340 --- [ecommerce] [scheduling-1] c.d.e.s.SincronizacaoEstoqueService      : [ESTOQUE] Lendo VW_ECOMMERCE_ESTOQUE no banco de dados...
2026-09-06T07:43:00.062-03:00  INFO 12340 --- [ecommerce] [scheduling-1] c.d.e.s.SincronizacaoEstoqueService      : [ESTOQUE] Ciclo finalizado. Total de atualizações enviadas: 0
2026-09-06T07:43:00.063-03:00  INFO 12340 --- [ecommerce] [scheduling-1] c.d.e.service.SincronizacaoService       : Lendo VW_ECOMMERCE_PRECOS no banco de dados...
2026-09-06T07:43:00.107-03:00  INFO 12340 --- [ecommerce] [scheduling-1] c.d.e.service.SincronizacaoService       : Ciclo finalizado. Total de atualizações enviadas: 0
2026-09-06T07:44:00.000-03:00  INFO 12340 --- [ecommerce] [scheduling-1] c.d.e.service.SincronizacaoService       : Lendo VW_ECOMMERCE_PRECOS no banco de dados...
2026-09-06T07:44:00.264-03:00  INFO 12340 --- [ecommerce] [scheduling-1] c.d.e.service.SincronizacaoService       : Ciclo finalizado. Total de atualizações enviadas: 0
2026-09-06T07:44:00.264-03:00  INFO 12340 --- [ecommerce] [scheduling-1] c.d.e.s.SincronizacaoEstoqueService      : [ESTOQUE] Lendo VW_ECOMMERCE_ESTOQUE no banco de dados...
2026-09-06T07:44:00.305-03:00  INFO 12340 --- [ecommerce] [scheduling-1] c.d.e.s.SincronizacaoEstoqueService      : [ESTOQUE] Ciclo finalizado. Total de atualizações enviadas: 0
2026-09-06T07:44:59.999-03:00  INFO 12340 --- [ecommerce] [scheduling-1] c.d.e.service.SincronizacaoService       : Lendo VW_ECOMMERCE_PRECOS no banco de dados...
2026-09-06T07:45:00.054-03:00  INFO 12340 --- [ecommerce] [scheduling-1] c.d.e.service.SincronizacaoService       : Ciclo finalizado. Total de atualizações enviadas: 0
2026-09-06T07:45:00.054-03:00  INFO 12340 --- [ecommerce] [scheduling-1] c.d.e.s.SincronizacaoEstoqueService      : [ESTOQUE] Lendo VW_ECOMMERCE_ESTOQUE no banco de dados...
2026-09-06T07:45:00.084-03:00  INFO 12340 --- [ecommerce] [scheduling-1] c.d.e.s.SincronizacaoEstoqueService      : [ESTOQUE] Ciclo finalizado. Total de atualizações enviadas: 0
2026-09-06T07:46:00.001-03:00  INFO 12340 --- [ecommerce] [scheduling-1] c.d.e.service.SincronizacaoService       : Lendo VW_ECOMMERCE_PRECOS no banco de dados...
2026-09-06T07:46:00.083-03:00  INFO 12340 --- [ecommerce] [scheduling-1] c.d.e.service.SincronizacaoService       : Ciclo finalizado. Total de atualizações enviadas: 0
2026-09-06T07:46:00.083-03:00  INFO 12340 --- [ecommerce] [scheduling-1] c.d.e.s.SincronizacaoEstoqueService      : [ESTOQUE] Lendo VW_ECOMMERCE_ESTOQUE no banco de dados...
2026-09-06T07:46:00.112-03:00  INFO 12340 --- [ecommerce] [scheduling-1] c.d.e.s.SincronizacaoEstoqueService      : [ESTOQUE] Ciclo finalizado. Total de atualizações enviadas: 0
2026-09-06T07:47:00.001-03:00  INFO 12340 --- [ecommerce] [scheduling-1] c.d.e.service.SincronizacaoService       : Lendo VW_ECOMMERCE_PRECOS no banco de dados...
2026-09-06T07:47:00.102-03:00  INFO 12340 --- [ecommerce] [scheduling-1] c.d.e.service.SincronizacaoService       : Ciclo finalizado. Total de atualizações enviadas: 0
2026-09-06T07:47:00.103-03:00  INFO 12340 --- [ecommerce] [scheduling-1] c.d.e.s.SincronizacaoEstoqueService      : [ESTOQUE] Lendo VW_ECOMMERCE_ESTOQUE no banco de dados...
2026-09-06T07:47:00.124-03:00  INFO 12340 --- [ecommerce] [scheduling-1] c.d.e.s.SincronizacaoEstoqueService      : [ESTOQUE] Ciclo finalizado. Total de atualizações enviadas: 0
2026-09-06T07:47:59.999-03:00  INFO 12340 --- [ecommerce] [scheduling-1] c.d.e.service.SincronizacaoService       : Lendo VW_ECOMMERCE_PRECOS no banco de dados...
2026-09-06T07:48:00.088-03:00  INFO 12340 --- [ecommerce] [scheduling-1] c.d.e.service.SincronizacaoService       : Ciclo finalizado. Total de atualizações enviadas: 0
2026-09-06T07:48:00.088-03:00  INFO 12340 --- [ecommerce] [scheduling-1] c.d.e.s.SincronizacaoEstoqueService      : [ESTOQUE] Lendo VW_ECOMMERCE_ESTOQUE no banco de dados...
2026-09-06T07:48:00.116-03:00  INFO 12340 --- [ecommerce] [scheduling-1] c.d.e.s.SincronizacaoEstoqueService      : [ESTOQUE] Ciclo finalizado. Total de atualizações enviadas: 0
2026-09-06T07:49:00.000-03:00  INFO 12340 --- [ecommerce] [scheduling-1] c.d.e.service.SincronizacaoService       : Lendo VW_ECOMMERCE_PRECOS no banco de dados...
2026-09-06T07:49:00.107-03:00  INFO 12340 --- [ecommerce] [scheduling-1] c.d.e.service.SincronizacaoService       : Ciclo finalizado. Total de atualizações enviadas: 0
2026-09-06T07:49:00.108-03:00  INFO 12340 --- [ecommerce] [scheduling-1] c.d.e.s.SincronizacaoEstoqueService      : [ESTOQUE] Lendo VW_ECOMMERCE_ESTOQUE no banco de dados...
2026-09-06T07:49:00.133-03:00  INFO 12340 --- [ecommerce] [scheduling-1] c.d.e.s.SincronizacaoEstoqueService      : [ESTOQUE] Ciclo finalizado. Total de atualizações enviadas: 0
2026-09-06T07:50:00.000-03:00  INFO 12340 --- [ecommerce] [scheduling-1] c.d.e.service.SincronizacaoService       : Lendo VW_ECOMMERCE_PRECOS no banco de dados...
2026-09-06T07:50:00.082-03:00  INFO 12340 --- [ecommerce] [scheduling-1] c.d.e.service.SincronizacaoService       : Ciclo finalizado. Total de atualizações enviadas: 0
2026-09-06T07:50:00.082-03:00  INFO 12340 --- [ecommerce] [scheduling-1] c.d.e.s.SincronizacaoEstoqueService      : [ESTOQUE] Lendo VW_ECOMMERCE_ESTOQUE no banco de dados...
2026-09-06T07:50:00.115-03:00  INFO 12340 --- [ecommerce] [scheduling-1] c.d.e.s.SincronizacaoEstoqueService      : [ESTOQUE] Ciclo finalizado. Total de atualizações enviadas: 0
2026-09-06T07:51:00.000-03:00  INFO 12340 --- [ecommerce] [scheduling-1] c.d.e.service.SincronizacaoService       : Lendo VW_ECOMMERCE_PRECOS no banco de dados...
2026-09-06T07:51:00.129-03:00  INFO 12340 --- [ecommerce] [scheduling-1] c.d.e.service.SincronizacaoService       : Ciclo finalizado. Total de atualizações enviadas: 0
2026-09-06T07:51:00.129-03:00  INFO 12340 --- [ecommerce] [scheduling-1] c.d.e.s.SincronizacaoEstoqueService      : [ESTOQUE] Lendo VW_ECOMMERCE_ESTOQUE no banco de dados...
2026-09-06T07:51:00.152-03:00  INFO 12340 --- [ecommerce] [scheduling-1] c.d.e.s.SincronizacaoEstoqueService      : [ESTOQUE] Ciclo finalizado. Total de atualizações enviadas: 0
2026-09-06T07:52:00.001-03:00  INFO 12340 --- [ecommerce] [scheduling-1] c.d.e.service.SincronizacaoService       : Lendo VW_ECOMMERCE_PRECOS no banco de dados...
2026-09-06T07:52:00.070-03:00  INFO 12340 --- [ecommerce] [scheduling-1] c.d.e.service.SincronizacaoService       : Ciclo finalizado. Total de atualizações enviadas: 0
2026-09-06T07:52:00.070-03:00  INFO 12340 --- [ecommerce] [scheduling-1] c.d.e.s.SincronizacaoEstoqueService      : [ESTOQUE] Lendo VW_ECOMMERCE_ESTOQUE no banco de dados...
2026-09-06T07:52:00.102-03:00  INFO 12340 --- [ecommerce] [scheduling-1] c.d.e.s.SincronizacaoEstoqueService      : [ESTOQUE] Ciclo finalizado. Total de atualizações enviadas: 0
2026-09-06T07:52:59.999-03:00  INFO 12340 --- [ecommerce] [scheduling-1] c.d.e.s.SincronizacaoEstoqueService      : [ESTOQUE] Lendo VW_ECOMMERCE_ESTOQUE no banco de dados...
2026-09-06T07:53:00.092-03:00  INFO 12340 --- [ecommerce] [scheduling-1] c.d.e.s.SincronizacaoEstoqueService      : [ESTOQUE] Ciclo finalizado. Total de atualizações enviadas: 0
2026-09-06T07:53:00.092-03:00  INFO 12340 --- [ecommerce] [scheduling-1] c.d.e.service.SincronizacaoService       : Lendo VW_ECOMMERCE_PRECOS no banco de dados...
2026-09-06T07:53:00.139-03:00  INFO 12340 --- [ecommerce] [scheduling-1] c.d.e.service.SincronizacaoService       : Ciclo finalizado. Total de atualizações enviadas: 0
2026-09-06T07:54:00.000-03:00  INFO 12340 --- [ecommerce] [scheduling-1] c.d.e.s.SincronizacaoEstoqueService      : [ESTOQUE] Lendo VW_ECOMMERCE_ESTOQUE no banco de dados...
2026-09-06T07:54:00.072-03:00  INFO 12340 --- [ecommerce] [scheduling-1] c.d.e.s.SincronizacaoEstoqueService      : [ESTOQUE] Ciclo finalizado. Total de atualizações enviadas: 0
2026-09-06T07:54:00.072-03:00  INFO 12340 --- [ecommerce] [scheduling-1] c.d.e.service.SincronizacaoService       : Lendo VW_ECOMMERCE_PRECOS no banco de dados...
2026-09-06T07:54:00.120-03:00  INFO 12340 --- [ecommerce] [scheduling-1] c.d.e.service.SincronizacaoService       : Ciclo finalizado. Total de atualizações enviadas: 0
2026-09-06T07:55:00.000-03:00  INFO 12340 --- [ecommerce] [scheduling-1] c.d.e.s.SincronizacaoEstoqueService      : [ESTOQUE] Lendo VW_ECOMMERCE_ESTOQUE no banco de dados...
2026-09-06T07:55:00.059-03:00  INFO 12340 --- [ecommerce] [scheduling-1] c.d.e.s.SincronizacaoEstoqueService      : [ESTOQUE] Ciclo finalizado. Total de atualizações enviadas: 0
2026-09-06T07:55:00.059-03:00  INFO 12340 --- [ecommerce] [scheduling-1] c.d.e.service.SincronizacaoService       : Lendo VW_ECOMMERCE_PRECOS no banco de dados...
2026-09-06T07:55:00.109-03:00  INFO 12340 --- [ecommerce] [scheduling-1] c.d.e.service.SincronizacaoService       : Ciclo finalizado. Total de atualizações enviadas: 0
2026-09-06T07:56:00.000-03:00  INFO 12340 --- [ecommerce] [scheduling-1] c.d.e.s.SincronizacaoEstoqueService      : [ESTOQUE] Lendo VW_ECOMMERCE_ESTOQUE no banco de dados...
2026-09-06T07:56:00.091-03:00  INFO 12340 --- [ecommerce] [scheduling-1] c.d.e.s.SincronizacaoEstoqueService      : [ESTOQUE] Ciclo finalizado. Total de atualizações enviadas: 0
2026-09-06T07:56:00.091-03:00  INFO 12340 --- [ecommerce] [scheduling-1] c.d.e.service.SincronizacaoService       : Lendo VW_ECOMMERCE_PRECOS no banco de dados...
2026-09-06T07:56:00.135-03:00  INFO 12340 --- [ecommerce] [scheduling-1] c.d.e.service.SincronizacaoService       : Ciclo finalizado. Total de atualizações enviadas: 0
2026-09-06T07:57:00.000-03:00  INFO 12340 --- [ecommerce] [scheduling-1] c.d.e.s.SincronizacaoEstoqueService      : [ESTOQUE] Lendo VW_ECOMMERCE_ESTOQUE no banco de dados...
2026-09-06T07:57:00.071-03:00  INFO 12340 --- [ecommerce] [scheduling-1] c.d.e.s.SincronizacaoEstoqueService      : [ESTOQUE] Ciclo finalizado. Total de atualizações enviadas: 0
2026-09-06T07:57:00.071-03:00  INFO 12340 --- [ecommerce] [scheduling-1] c.d.e.service.SincronizacaoService       : Lendo VW_ECOMMERCE_PRECOS no banco de dados...
2026-09-06T07:57:00.120-03:00  INFO 12340 --- [ecommerce] [scheduling-1] c.d.e.service.SincronizacaoService       : Ciclo finalizado. Total de atualizações enviadas: 0
2026-09-06T07:58:00.000-03:00  INFO 12340 --- [ecommerce] [scheduling-1] c.d.e.s.SincronizacaoEstoqueService      : [ESTOQUE] Lendo VW_ECOMMERCE_ESTOQUE no banco de dados...
2026-09-06T07:58:00.051-03:00  INFO 12340 --- [ecommerce] [scheduling-1] c.d.e.s.SincronizacaoEstoqueService      : [ESTOQUE] Ciclo finalizado. Total de atualizações enviadas: 0
2026-09-06T07:58:00.051-03:00  INFO 12340 --- [ecommerce] [scheduling-1] c.d.e.service.SincronizacaoService       : Lendo VW_ECOMMERCE_PRECOS no banco de dados...
2026-09-06T07:58:00.097-03:00  INFO 12340 --- [ecommerce] [scheduling-1] c.d.e.service.SincronizacaoService       : Ciclo finalizado. Total de atualizações enviadas: 0
2026-09-06T07:59:00.000-03:00  INFO 12340 --- [ecommerce] [scheduling-1] c.d.e.s.SincronizacaoEstoqueService      : [ESTOQUE] Lendo VW_ECOMMERCE_ESTOQUE no banco de dados...
2026-09-06T07:59:00.066-03:00  INFO 12340 --- [ecommerce] [scheduling-1] c.d.e.s.SincronizacaoEstoqueService      : [ESTOQUE] Ciclo finalizado. Total de atualizações enviadas: 0
2026-09-06T07:59:00.066-03:00  INFO 12340 --- [ecommerce] [scheduling-1] c.d.e.service.SincronizacaoService       : Lendo VW_ECOMMERCE_PRECOS no banco de dados...
2026-09-06T07:59:00.112-03:00  INFO 12340 --- [ecommerce] [scheduling-1] c.d.e.service.SincronizacaoService       : Ciclo finalizado. Total de atualizações enviadas: 0
2026-09-06T08:00:00.000-03:00  INFO 12340 --- [ecommerce] [scheduling-1] c.d.e.service.SincronizacaoService       : Lendo VW_ECOMMERCE_PRECOS no banco de dados...
2026-09-06T08:00:00.054-03:00  INFO 12340 --- [ecommerce] [scheduling-1] c.d.e.service.SincronizacaoService       : Ciclo finalizado. Total de atualizações enviadas: 0
2026-09-06T08:00:00.054-03:00  INFO 12340 --- [ecommerce] [scheduling-1] c.d.e.s.SincronizacaoEstoqueService      : [ESTOQUE] Lendo VW_ECOMMERCE_ESTOQUE no banco de dados...
2026-09-06T08:00:00.076-03:00  INFO 12340 --- [ecommerce] [scheduling-1] c.d.e.s.SincronizacaoEstoqueService      : [ESTOQUE] Ciclo finalizado. Total de atualizações enviadas: 0
2026-09-06T08:00:59.999-03:00  INFO 12340 --- [ecommerce] [scheduling-1] c.d.e.s.SincronizacaoEstoqueService      : [ESTOQUE] Lendo VW_ECOMMERCE_ESTOQUE no banco de dados...
2026-09-06T08:01:00.067-03:00  INFO 12340 --- [ecommerce] [scheduling-1] c.d.e.s.SincronizacaoEstoqueService      : [ESTOQUE] Ciclo finalizado. Total de atualizações enviadas: 0
2026-09-06T08:01:00.086-03:00  INFO 12340 --- [ecommerce] [scheduling-1] c.d.e.service.SincronizacaoService       : Lendo VW_ECOMMERCE_PRECOS no banco de dados...
2026-09-06T08:01:00.132-03:00  INFO 12340 --- [ecommerce] [scheduling-1] c.d.e.service.SincronizacaoService       : Ciclo finalizado. Total de atualizações enviadas: 0
2026-09-06T08:02:00.000-03:00  INFO 12340 --- [ecommerce] [scheduling-1] c.d.e.s.SincronizacaoEstoqueService      : [ESTOQUE] Lendo VW_ECOMMERCE_ESTOQUE no banco de dados...
2026-09-06T08:02:00.081-03:00  INFO 12340 --- [ecommerce] [scheduling-1] c.d.e.s.SincronizacaoEstoqueService      : [ESTOQUE] Ciclo finalizado. Total de atualizações enviadas: 0
2026-09-06T08:02:00.081-03:00  INFO 12340 --- [ecommerce] [scheduling-1] c.d.e.service.SincronizacaoService       : Lendo VW_ECOMMERCE_PRECOS no banco de dados...
2026-09-06T08:02:00.128-03:00  INFO 12340 --- [ecommerce] [scheduling-1] c.d.e.service.SincronizacaoService       : Ciclo finalizado. Total de atualizações enviadas: 0
2026-09-06T08:03:00.000-03:00  INFO 12340 --- [ecommerce] [scheduling-1] c.d.e.service.SincronizacaoService       : Lendo VW_ECOMMERCE_PRECOS no banco de dados...
2026-09-06T08:03:00.083-03:00  INFO 12340 --- [ecommerce] [scheduling-1] c.d.e.service.SincronizacaoService       : Ciclo finalizado. Total de atualizações enviadas: 0
2026-09-06T08:03:00.083-03:00  INFO 12340 --- [ecommerce] [scheduling-1] c.d.e.s.SincronizacaoEstoqueService      : [ESTOQUE] Lendo VW_ECOMMERCE_ESTOQUE no banco de dados...
2026-09-06T08:03:00.114-03:00  INFO 12340 --- [ecommerce] [scheduling-1] c.d.e.s.SincronizacaoEstoqueService      : [ESTOQUE] Ciclo finalizado. Total de atualizações enviadas: 0
2026-09-06T08:04:00.000-03:00  INFO 12340 --- [ecommerce] [scheduling-1] c.d.e.service.SincronizacaoService       : Lendo VW_ECOMMERCE_PRECOS no banco de dados...
2026-09-06T08:04:00.094-03:00  INFO 12340 --- [ecommerce] [scheduling-1] c.d.e.service.SincronizacaoService       : Ciclo finalizado. Total de atualizações enviadas: 0
2026-09-06T08:04:00.094-03:00  INFO 12340 --- [ecommerce] [scheduling-1] c.d.e.s.SincronizacaoEstoqueService      : [ESTOQUE] Lendo VW_ECOMMERCE_ESTOQUE no banco de dados...
2026-09-06T08:04:00.124-03:00  INFO 12340 --- [ecommerce] [scheduling-1] c.d.e.s.SincronizacaoEstoqueService      : [ESTOQUE] Ciclo finalizado. Total de atualizações enviadas: 0
2026-09-06T08:05:00.000-03:00  INFO 12340 --- [ecommerce] [scheduling-1] c.d.e.s.SincronizacaoEstoqueService      : [ESTOQUE] Lendo VW_ECOMMERCE_ESTOQUE no banco de dados...
2026-09-06T08:05:00.040-03:00  INFO 12340 --- [ecommerce] [scheduling-1] c.d.e.s.SincronizacaoEstoqueService      : [ESTOQUE] Ciclo finalizado. Total de atualizações enviadas: 0
2026-09-06T08:05:00.040-03:00  INFO 12340 --- [ecommerce] [scheduling-1] c.d.e.service.SincronizacaoService       : Lendo VW_ECOMMERCE_PRECOS no banco de dados...
2026-09-06T08:05:00.095-03:00  INFO 12340 --- [ecommerce] [scheduling-1] c.d.e.service.SincronizacaoService       : Ciclo finalizado. Total de atualizações enviadas: 0
2026-09-06T08:06:00.001-03:00  INFO 12340 --- [ecommerce] [scheduling-1] c.d.e.s.SincronizacaoEstoqueService      : [ESTOQUE] Lendo VW_ECOMMERCE_ESTOQUE no banco de dados...
2026-09-06T08:06:00.084-03:00  INFO 12340 --- [ecommerce] [scheduling-1] c.d.e.s.SincronizacaoEstoqueService      : [ESTOQUE] Ciclo finalizado. Total de atualizações enviadas: 0
2026-09-06T08:06:00.084-03:00  INFO 12340 --- [ecommerce] [scheduling-1] c.d.e.service.SincronizacaoService       : Lendo VW_ECOMMERCE_PRECOS no banco de dados...
2026-09-06T08:06:00.128-03:00  INFO 12340 --- [ecommerce] [scheduling-1] c.d.e.service.SincronizacaoService       : Ciclo finalizado. Total de atualizações enviadas: 0
2026-09-06T08:07:00.000-03:00  INFO 12340 --- [ecommerce] [scheduling-1] c.d.e.s.SincronizacaoEstoqueService      : [ESTOQUE] Lendo VW_ECOMMERCE_ESTOQUE no banco de dados...
2026-09-06T08:07:00.071-03:00  INFO 12340 --- [ecommerce] [scheduling-1] c.d.e.s.SincronizacaoEstoqueService      : [ESTOQUE] Ciclo finalizado. Total de atualizações enviadas: 0
2026-09-06T08:07:00.071-03:00  INFO 12340 --- [ecommerce] [scheduling-1] c.d.e.service.SincronizacaoService       : Lendo VW_ECOMMERCE_PRECOS no banco de dados...
2026-09-06T08:07:00.114-03:00  INFO 12340 --- [ecommerce] [scheduling-1] c.d.e.service.SincronizacaoService       : Ciclo finalizado. Total de atualizações enviadas: 0
2026-09-06T08:07:59.999-03:00  INFO 12340 --- [ecommerce] [scheduling-1] c.d.e.s.SincronizacaoEstoqueService      : [ESTOQUE] Lendo VW_ECOMMERCE_ESTOQUE no banco de dados...
2026-09-06T08:08:00.041-03:00  INFO 12340 --- [ecommerce] [scheduling-1] c.d.e.s.SincronizacaoEstoqueService      : [ESTOQUE] Ciclo finalizado. Total de atualizações enviadas: 0
2026-09-06T08:08:00.041-03:00  INFO 12340 --- [ecommerce] [scheduling-1] c.d.e.service.SincronizacaoService       : Lendo VW_ECOMMERCE_PRECOS no banco de dados...
2026-09-06T08:08:00.092-03:00  INFO 12340 --- [ecommerce] [scheduling-1] c.d.e.service.SincronizacaoService       : Ciclo finalizado. Total de atualizações enviadas: 0
2026-09-06T08:09:00.001-03:00  INFO 12340 --- [ecommerce] [scheduling-1] c.d.e.service.SincronizacaoService       : Lendo VW_ECOMMERCE_PRECOS no banco de dados...
2026-09-06T08:09:00.082-03:00  INFO 12340 --- [ecommerce] [scheduling-1] c.d.e.service.SincronizacaoService       : Ciclo finalizado. Total de atualizações enviadas: 0
2026-09-06T08:09:00.083-03:00  INFO 12340 --- [ecommerce] [scheduling-1] c.d.e.s.SincronizacaoEstoqueService      : [ESTOQUE] Lendo VW_ECOMMERCE_ESTOQUE no banco de dados...
2026-09-06T08:09:00.115-03:00  INFO 12340 --- [ecommerce] [scheduling-1] c.d.e.s.SincronizacaoEstoqueService      : [ESTOQUE] Ciclo finalizado. Total de atualizações enviadas: 0
2026-09-06T08:10:00.000-03:00  INFO 12340 --- [ecommerce] [scheduling-1] c.d.e.service.SincronizacaoService       : Lendo VW_ECOMMERCE_PRECOS no banco de dados...
2026-09-06T08:10:00.049-03:00  INFO 12340 --- [ecommerce] [scheduling-1] c.d.e.service.SincronizacaoService       : Ciclo finalizado. Total de atualizações enviadas: 0
2026-09-06T08:10:00.049-03:00  INFO 12340 --- [ecommerce] [scheduling-1] c.d.e.s.SincronizacaoEstoqueService      : [ESTOQUE] Lendo VW_ECOMMERCE_ESTOQUE no banco de dados...
2026-09-06T08:10:00.083-03:00  INFO 12340 --- [ecommerce] [scheduling-1] c.d.e.s.SincronizacaoEstoqueService      : [ESTOQUE] Ciclo finalizado. Total de atualizações enviadas: 0
2026-09-06T08:10:59.999-03:00  INFO 12340 --- [ecommerce] [scheduling-1] c.d.e.s.SincronizacaoEstoqueService      : [ESTOQUE] Lendo VW_ECOMMERCE_ESTOQUE no banco de dados...
2026-09-06T08:11:00.097-03:00  INFO 12340 --- [ecommerce] [scheduling-1] c.d.e.s.SincronizacaoEstoqueService      : [ESTOQUE] Ciclo finalizado. Total de atualizações enviadas: 0
2026-09-06T08:11:00.097-03:00  INFO 12340 --- [ecommerce] [scheduling-1] c.d.e.service.SincronizacaoService       : Lendo VW_ECOMMERCE_PRECOS no banco de dados...
2026-09-06T08:11:00.153-03:00  INFO 12340 --- [ecommerce] [scheduling-1] c.d.e.service.SincronizacaoService       : Ciclo finalizado. Total de atualizações enviadas: 0
2026-09-06T08:12:00.000-03:00  INFO 12340 --- [ecommerce] [scheduling-1] c.d.e.service.SincronizacaoService       : Lendo VW_ECOMMERCE_PRECOS no banco de dados...
2026-09-06T08:12:00.094-03:00  INFO 12340 --- [ecommerce] [scheduling-1] c.d.e.service.SincronizacaoService       : Ciclo finalizado. Total de atualizações enviadas: 0
2026-09-06T08:12:00.094-03:00  INFO 12340 --- [ecommerce] [scheduling-1] c.d.e.s.SincronizacaoEstoqueService      : [ESTOQUE] Lendo VW_ECOMMERCE_ESTOQUE no banco de dados...
2026-09-06T08:12:00.118-03:00  INFO 12340 --- [ecommerce] [scheduling-1] c.d.e.s.SincronizacaoEstoqueService      : [ESTOQUE] Ciclo finalizado. Total de atualizações enviadas: 0
2026-09-06T08:13:00.000-03:00  INFO 12340 --- [ecommerce] [scheduling-1] c.d.e.s.SincronizacaoEstoqueService      : [ESTOQUE] Lendo VW_ECOMMERCE_ESTOQUE no banco de dados...
2026-09-06T08:13:00.050-03:00  INFO 12340 --- [ecommerce] [scheduling-1] c.d.e.s.SincronizacaoEstoqueService      : [ESTOQUE] Ciclo finalizado. Total de atualizações enviadas: 0
2026-09-06T08:13:00.050-03:00  INFO 12340 --- [ecommerce] [scheduling-1] c.d.e.service.SincronizacaoService       : Lendo VW_ECOMMERCE_PRECOS no banco de dados...
2026-09-06T08:13:00.102-03:00  INFO 12340 --- [ecommerce] [scheduling-1] c.d.e.service.SincronizacaoService       : Ciclo finalizado. Total de atualizações enviadas: 0
2026-09-06T08:14:00.000-03:00  INFO 12340 --- [ecommerce] [scheduling-1] c.d.e.s.SincronizacaoEstoqueService      : [ESTOQUE] Lendo VW_ECOMMERCE_ESTOQUE no banco de dados...
2026-09-06T08:14:00.071-03:00  INFO 12340 --- [ecommerce] [scheduling-1] c.d.e.s.SincronizacaoEstoqueService      : [ESTOQUE] Ciclo finalizado. Total de atualizações enviadas: 0
2026-09-06T08:14:00.071-03:00  INFO 12340 --- [ecommerce] [scheduling-1] c.d.e.service.SincronizacaoService       : Lendo VW_ECOMMERCE_PRECOS no banco de dados...
2026-09-06T08:14:00.116-03:00  INFO 12340 --- [ecommerce] [scheduling-1] c.d.e.service.SincronizacaoService       : Ciclo finalizado. Total de atualizações enviadas: 0
2026-09-06T08:15:00.000-03:00  INFO 12340 --- [ecommerce] [scheduling-1] c.d.e.service.SincronizacaoService       : Lendo VW_ECOMMERCE_PRECOS no banco de dados...
2026-09-06T08:15:00.055-03:00  INFO 12340 --- [ecommerce] [scheduling-1] c.d.e.service.SincronizacaoService       : Ciclo finalizado. Total de atualizações enviadas: 0
2026-09-06T08:15:00.055-03:00  INFO 12340 --- [ecommerce] [scheduling-1] c.d.e.s.SincronizacaoEstoqueService      : [ESTOQUE] Lendo VW_ECOMMERCE_ESTOQUE no banco de dados...
2026-09-06T08:15:00.083-03:00  INFO 12340 --- [ecommerce] [scheduling-1] c.d.e.s.SincronizacaoEstoqueService      : [ESTOQUE] Ciclo finalizado. Total de atualizações enviadas: 0
2026-09-06T08:16:00.000-03:00  INFO 12340 --- [ecommerce] [scheduling-1] c.d.e.s.SincronizacaoEstoqueService      : [ESTOQUE] Lendo VW_ECOMMERCE_ESTOQUE no banco de dados...
2026-09-06T08:16:00.055-03:00  INFO 12340 --- [ecommerce] [scheduling-1] c.d.e.s.SincronizacaoEstoqueService      : [ESTOQUE] Ciclo finalizado. Total de atualizações enviadas: 0
2026-09-06T08:16:00.055-03:00  INFO 12340 --- [ecommerce] [scheduling-1] c.d.e.service.SincronizacaoService       : Lendo VW_ECOMMERCE_PRECOS no banco de dados...
2026-09-06T08:16:00.104-03:00  INFO 12340 --- [ecommerce] [scheduling-1] c.d.e.service.SincronizacaoService       : Ciclo finalizado. Total de atualizações enviadas: 0
2026-09-06T08:17:00.001-03:00  INFO 12340 --- [ecommerce] [scheduling-1] c.d.e.service.SincronizacaoService       : Lendo VW_ECOMMERCE_PRECOS no banco de dados...
2026-09-06T08:17:00.091-03:00  INFO 12340 --- [ecommerce] [scheduling-1] c.d.e.service.SincronizacaoService       : Ciclo finalizado. Total de atualizações enviadas: 0
2026-09-06T08:17:00.091-03:00  INFO 12340 --- [ecommerce] [scheduling-1] c.d.e.s.SincronizacaoEstoqueService      : [ESTOQUE] Lendo VW_ECOMMERCE_ESTOQUE no banco de dados...
2026-09-06T08:17:00.122-03:00  INFO 12340 --- [ecommerce] [scheduling-1] c.d.e.s.SincronizacaoEstoqueService      : [ESTOQUE] Ciclo finalizado. Total de atualizações enviadas: 0
2026-09-06T08:17:59.999-03:00  INFO 12340 --- [ecommerce] [scheduling-1] c.d.e.s.SincronizacaoEstoqueService      : [ESTOQUE] Lendo VW_ECOMMERCE_ESTOQUE no banco de dados...
2026-09-06T08:18:00.048-03:00  INFO 12340 --- [ecommerce] [scheduling-1] c.d.e.s.SincronizacaoEstoqueService      : [ESTOQUE] Ciclo finalizado. Total de atualizações enviadas: 0
2026-09-06T08:18:00.048-03:00  INFO 12340 --- [ecommerce] [scheduling-1] c.d.e.service.SincronizacaoService       : Lendo VW_ECOMMERCE_PRECOS no banco de dados...
2026-09-06T08:18:00.206-03:00  INFO 12340 --- [ecommerce] [scheduling-1] c.d.e.service.SincronizacaoService       : Ciclo finalizado. Total de atualizações enviadas: 0
2026-09-06T08:19:00.000-03:00  INFO 12340 --- [ecommerce] [scheduling-1] c.d.e.s.SincronizacaoEstoqueService      : [ESTOQUE] Lendo VW_ECOMMERCE_ESTOQUE no banco de dados...
2026-09-06T08:19:00.055-03:00  INFO 12340 --- [ecommerce] [scheduling-1] c.d.e.s.SincronizacaoEstoqueService      : [ESTOQUE] Ciclo finalizado. Total de atualizações enviadas: 0
2026-09-06T08:19:00.056-03:00  INFO 12340 --- [ecommerce] [scheduling-1] c.d.e.service.SincronizacaoService       : Lendo VW_ECOMMERCE_PRECOS no banco de dados...
2026-09-06T08:19:00.103-03:00  INFO 12340 --- [ecommerce] [scheduling-1] c.d.e.service.SincronizacaoService       : Ciclo finalizado. Total de atualizações enviadas: 0
2026-09-06T08:20:00.000-03:00  INFO 12340 --- [ecommerce] [scheduling-1] c.d.e.service.SincronizacaoService       : Lendo VW_ECOMMERCE_PRECOS no banco de dados...
2026-09-06T08:20:00.112-03:00  INFO 12340 --- [ecommerce] [scheduling-1] c.d.e.service.SincronizacaoService       : Ciclo finalizado. Total de atualizações enviadas: 0
2026-09-06T08:20:00.112-03:00  INFO 12340 --- [ecommerce] [scheduling-1] c.d.e.s.SincronizacaoEstoqueService      : [ESTOQUE] Lendo VW_ECOMMERCE_ESTOQUE no banco de dados...
2026-09-06T08:20:00.141-03:00  INFO 12340 --- [ecommerce] [scheduling-1] c.d.e.s.SincronizacaoEstoqueService      : [ESTOQUE] Ciclo finalizado. Total de atualizações enviadas: 0
2026-09-06T08:21:00.001-03:00  INFO 12340 --- [ecommerce] [scheduling-1] c.d.e.s.SincronizacaoEstoqueService      : [ESTOQUE] Lendo VW_ECOMMERCE_ESTOQUE no banco de dados...
2026-09-06T08:21:00.079-03:00  INFO 12340 --- [ecommerce] [scheduling-1] c.d.e.s.SincronizacaoEstoqueService      : [ESTOQUE] Ciclo finalizado. Total de atualizações enviadas: 0
2026-09-06T08:21:00.079-03:00  INFO 12340 --- [ecommerce] [scheduling-1] c.d.e.service.SincronizacaoService       : Lendo VW_ECOMMERCE_PRECOS no banco de dados...
2026-09-06T08:21:00.128-03:00  INFO 12340 --- [ecommerce] [scheduling-1] c.d.e.service.SincronizacaoService       : Ciclo finalizado. Total de atualizações enviadas: 0
2026-09-06T08:22:00.000-03:00  INFO 12340 --- [ecommerce] [scheduling-1] c.d.e.s.SincronizacaoEstoqueService      : [ESTOQUE] Lendo VW_ECOMMERCE_ESTOQUE no banco de dados...
2026-09-06T08:22:00.071-03:00  INFO 12340 --- [ecommerce] [scheduling-1] c.d.e.s.SincronizacaoEstoqueService      : [ESTOQUE] Ciclo finalizado. Total de atualizações enviadas: 0
2026-09-06T08:22:00.071-03:00  INFO 12340 --- [ecommerce] [scheduling-1] c.d.e.service.SincronizacaoService       : Lendo VW_ECOMMERCE_PRECOS no banco de dados...
2026-09-06T08:22:00.122-03:00  INFO 12340 --- [ecommerce] [scheduling-1] c.d.e.service.SincronizacaoService       : Ciclo finalizado. Total de atualizações enviadas: 0
2026-09-06T08:23:00.000-03:00  INFO 12340 --- [ecommerce] [scheduling-1] c.d.e.s.SincronizacaoEstoqueService      : [ESTOQUE] Lendo VW_ECOMMERCE_ESTOQUE no banco de dados...
2026-09-06T08:23:00.052-03:00  INFO 12340 --- [ecommerce] [scheduling-1] c.d.e.s.SincronizacaoEstoqueService      : [ESTOQUE] Ciclo finalizado. Total de atualizações enviadas: 0
2026-09-06T08:23:00.053-03:00  INFO 12340 --- [ecommerce] [scheduling-1] c.d.e.service.SincronizacaoService       : Lendo VW_ECOMMERCE_PRECOS no banco de dados...
2026-09-06T08:23:00.098-03:00  INFO 12340 --- [ecommerce] [scheduling-1] c.d.e.service.SincronizacaoService       : Ciclo finalizado. Total de atualizações enviadas: 0
2026-09-06T08:24:00.001-03:00  INFO 12340 --- [ecommerce] [scheduling-1] c.d.e.service.SincronizacaoService       : Lendo VW_ECOMMERCE_PRECOS no banco de dados...
2026-09-06T08:24:00.099-03:00  INFO 12340 --- [ecommerce] [scheduling-1] c.d.e.service.SincronizacaoService       : Ciclo finalizado. Total de atualizações enviadas: 0
2026-09-06T08:24:00.099-03:00  INFO 12340 --- [ecommerce] [scheduling-1] c.d.e.s.SincronizacaoEstoqueService      : [ESTOQUE] Lendo VW_ECOMMERCE_ESTOQUE no banco de dados...
2026-09-06T08:24:00.124-03:00  INFO 12340 --- [ecommerce] [scheduling-1] c.d.e.s.SincronizacaoEstoqueService      : [ESTOQUE] Ciclo finalizado. Total de atualizações enviadas: 0
2026-09-06T08:25:00.000-03:00  INFO 12340 --- [ecommerce] [scheduling-1] c.d.e.s.SincronizacaoEstoqueService      : [ESTOQUE] Lendo VW_ECOMMERCE_ESTOQUE no banco de dados...
2026-09-06T08:25:00.053-03:00  INFO 12340 --- [ecommerce] [scheduling-1] c.d.e.s.SincronizacaoEstoqueService      : [ESTOQUE] Ciclo finalizado. Total de atualizações enviadas: 0
2026-09-06T08:25:00.053-03:00  INFO 12340 --- [ecommerce] [scheduling-1] c.d.e.service.SincronizacaoService       : Lendo VW_ECOMMERCE_PRECOS no banco de dados...
2026-09-06T08:25:00.140-03:00  INFO 12340 --- [ecommerce] [scheduling-1] c.d.e.service.SincronizacaoService       : Ciclo finalizado. Total de atualizações enviadas: 0
2026-09-06T08:26:00.001-03:00  INFO 12340 --- [ecommerce] [scheduling-1] c.d.e.s.SincronizacaoEstoqueService      : [ESTOQUE] Lendo VW_ECOMMERCE_ESTOQUE no banco de dados...
2026-09-06T08:26:00.075-03:00  INFO 12340 --- [ecommerce] [scheduling-1] c.d.e.s.SincronizacaoEstoqueService      : [ESTOQUE] Ciclo finalizado. Total de atualizações enviadas: 0
2026-09-06T08:26:00.075-03:00  INFO 12340 --- [ecommerce] [scheduling-1] c.d.e.service.SincronizacaoService       : Lendo VW_ECOMMERCE_PRECOS no banco de dados...
2026-09-06T08:26:00.163-03:00  INFO 12340 --- [ecommerce] [scheduling-1] c.d.e.service.SincronizacaoService       : Ciclo finalizado. Total de atualizações enviadas: 0
2026-09-06T08:27:00.000-03:00  INFO 12340 --- [ecommerce] [scheduling-1] c.d.e.service.SincronizacaoService       : Lendo VW_ECOMMERCE_PRECOS no banco de dados...
2026-09-06T08:27:00.108-03:00  INFO 12340 --- [ecommerce] [scheduling-1] c.d.e.service.SincronizacaoService       : Ciclo finalizado. Total de atualizações enviadas: 0
2026-09-06T08:27:00.108-03:00  INFO 12340 --- [ecommerce] [scheduling-1] c.d.e.s.SincronizacaoEstoqueService      : [ESTOQUE] Lendo VW_ECOMMERCE_ESTOQUE no banco de dados...
2026-09-06T08:27:00.131-03:00  INFO 12340 --- [ecommerce] [scheduling-1] c.d.e.s.SincronizacaoEstoqueService      : [ESTOQUE] Ciclo finalizado. Total de atualizações enviadas: 0
2026-09-06T08:28:00.001-03:00  INFO 12340 --- [ecommerce] [scheduling-1] c.d.e.service.SincronizacaoService       : Lendo VW_ECOMMERCE_PRECOS no banco de dados...
2026-09-06T08:28:00.163-03:00  INFO 12340 --- [ecommerce] [scheduling-1] c.d.e.service.SincronizacaoService       : Ciclo finalizado. Total de atualizações enviadas: 0
2026-09-06T08:28:00.163-03:00  INFO 12340 --- [ecommerce] [scheduling-1] c.d.e.s.SincronizacaoEstoqueService      : [ESTOQUE] Lendo VW_ECOMMERCE_ESTOQUE no banco de dados...
2026-09-06T08:28:00.183-03:00  INFO 12340 --- [ecommerce] [scheduling-1] c.d.e.s.SincronizacaoEstoqueService      : [ESTOQUE] Ciclo finalizado. Total de atualizações enviadas: 0
2026-09-06T08:29:00.000-03:00  INFO 12340 --- [ecommerce] [scheduling-1] c.d.e.service.SincronizacaoService       : Lendo VW_ECOMMERCE_PRECOS no banco de dados...
2026-09-06T08:29:00.062-03:00  INFO 12340 --- [ecommerce] [scheduling-1] c.d.e.service.SincronizacaoService       : Ciclo finalizado. Total de atualizações enviadas: 0
2026-09-06T08:29:00.062-03:00  INFO 12340 --- [ecommerce] [scheduling-1] c.d.e.s.SincronizacaoEstoqueService      : [ESTOQUE] Lendo VW_ECOMMERCE_ESTOQUE no banco de dados...
2026-09-06T08:29:00.091-03:00  INFO 12340 --- [ecommerce] [scheduling-1] c.d.e.s.SincronizacaoEstoqueService      : [ESTOQUE] Ciclo finalizado. Total de atualizações enviadas: 0
2026-09-06T08:30:00.001-03:00  INFO 12340 --- [ecommerce] [scheduling-1] c.d.e.service.SincronizacaoService       : Lendo VW_ECOMMERCE_PRECOS no banco de dados...
2026-09-06T08:30:00.085-03:00  INFO 12340 --- [ecommerce] [scheduling-1] c.d.e.service.SincronizacaoService       : Ciclo finalizado. Total de atualizações enviadas: 0
2026-09-06T08:30:00.085-03:00  INFO 12340 --- [ecommerce] [scheduling-1] c.d.e.s.SincronizacaoEstoqueService      : [ESTOQUE] Lendo VW_ECOMMERCE_ESTOQUE no banco de dados...
2026-09-06T08:30:00.118-03:00  INFO 12340 --- [ecommerce] [scheduling-1] c.d.e.s.SincronizacaoEstoqueService      : [ESTOQUE] Ciclo finalizado. Total de atualizações enviadas: 0
2026-09-06T08:31:00.001-03:00  INFO 12340 --- [ecommerce] [scheduling-1] c.d.e.service.SincronizacaoService       : Lendo VW_ECOMMERCE_PRECOS no banco de dados...
2026-09-06T08:31:00.057-03:00  INFO 12340 --- [ecommerce] [scheduling-1] c.d.e.service.SincronizacaoService       : Ciclo finalizado. Total de atualizações enviadas: 0
2026-09-06T08:31:00.059-03:00  INFO 12340 --- [ecommerce] [scheduling-1] c.d.e.s.SincronizacaoEstoqueService      : [ESTOQUE] Lendo VW_ECOMMERCE_ESTOQUE no banco de dados...
2026-09-06T08:31:00.102-03:00  INFO 12340 --- [ecommerce] [scheduling-1] c.d.e.s.SincronizacaoEstoqueService      : [ESTOQUE] Ciclo finalizado. Total de atualizações enviadas: 0
2026-09-06T08:32:00.000-03:00  INFO 12340 --- [ecommerce] [scheduling-1] c.d.e.s.SincronizacaoEstoqueService      : [ESTOQUE] Lendo VW_ECOMMERCE_ESTOQUE no banco de dados...
2026-09-06T08:32:00.084-03:00  INFO 12340 --- [ecommerce] [scheduling-1] c.d.e.s.SincronizacaoEstoqueService      : [ESTOQUE] Ciclo finalizado. Total de atualizações enviadas: 0
2026-09-06T08:32:00.085-03:00  INFO 12340 --- [ecommerce] [scheduling-1] c.d.e.service.SincronizacaoService       : Lendo VW_ECOMMERCE_PRECOS no banco de dados...
2026-09-06T08:32:00.129-03:00  INFO 12340 --- [ecommerce] [scheduling-1] c.d.e.service.SincronizacaoService       : Ciclo finalizado. Total de atualizações enviadas: 0
2026-09-06T08:32:59.999-03:00  INFO 12340 --- [ecommerce] [scheduling-1] c.d.e.s.SincronizacaoEstoqueService      : [ESTOQUE] Lendo VW_ECOMMERCE_ESTOQUE no banco de dados...
2026-09-06T08:33:00.098-03:00  INFO 12340 --- [ecommerce] [scheduling-1] c.d.e.s.SincronizacaoEstoqueService      : [ESTOQUE] Ciclo finalizado. Total de atualizações enviadas: 0
2026-09-06T08:33:00.098-03:00  INFO 12340 --- [ecommerce] [scheduling-1] c.d.e.service.SincronizacaoService       : Lendo VW_ECOMMERCE_PRECOS no banco de dados...
2026-09-06T08:33:00.144-03:00  INFO 12340 --- [ecommerce] [scheduling-1] c.d.e.service.SincronizacaoService       : Ciclo finalizado. Total de atualizações enviadas: 0
2026-09-06T08:33:59.999-03:00  INFO 12340 --- [ecommerce] [scheduling-1] c.d.e.s.SincronizacaoEstoqueService      : [ESTOQUE] Lendo VW_ECOMMERCE_ESTOQUE no banco de dados...
2026-09-06T08:34:00.099-03:00  INFO 12340 --- [ecommerce] [scheduling-1] c.d.e.s.SincronizacaoEstoqueService      : [ESTOQUE] Ciclo finalizado. Total de atualizações enviadas: 0
2026-09-06T08:34:00.099-03:00  INFO 12340 --- [ecommerce] [scheduling-1] c.d.e.service.SincronizacaoService       : Lendo VW_ECOMMERCE_PRECOS no banco de dados...
2026-09-06T08:34:00.408-03:00  INFO 12340 --- [ecommerce] [scheduling-1] c.d.e.service.SincronizacaoService       : Ciclo finalizado. Total de atualizações enviadas: 0
2026-09-06T08:35:00.000-03:00  INFO 12340 --- [ecommerce] [scheduling-1] c.d.e.service.SincronizacaoService       : Lendo VW_ECOMMERCE_PRECOS no banco de dados...
2026-09-06T08:35:00.056-03:00  INFO 12340 --- [ecommerce] [scheduling-1] c.d.e.service.SincronizacaoService       : Ciclo finalizado. Total de atualizações enviadas: 0
2026-09-06T08:35:00.056-03:00  INFO 12340 --- [ecommerce] [scheduling-1] c.d.e.s.SincronizacaoEstoqueService      : [ESTOQUE] Lendo VW_ECOMMERCE_ESTOQUE no banco de dados...
2026-09-06T08:35:00.090-03:00  INFO 12340 --- [ecommerce] [scheduling-1] c.d.e.s.SincronizacaoEstoqueService      : [ESTOQUE] Ciclo finalizado. Total de atualizações enviadas: 0
2026-09-06T08:36:00.000-03:00  INFO 12340 --- [ecommerce] [scheduling-1] c.d.e.s.SincronizacaoEstoqueService      : [ESTOQUE] Lendo VW_ECOMMERCE_ESTOQUE no banco de dados...
2026-09-06T08:36:00.095-03:00  INFO 12340 --- [ecommerce] [scheduling-1] c.d.e.s.SincronizacaoEstoqueService      : [ESTOQUE] Ciclo finalizado. Total de atualizações enviadas: 0
2026-09-06T08:36:00.095-03:00  INFO 12340 --- [ecommerce] [scheduling-1] c.d.e.service.SincronizacaoService       : Lendo VW_ECOMMERCE_PRECOS no banco de dados...
2026-09-06T08:36:00.141-03:00  INFO 12340 --- [ecommerce] [scheduling-1] c.d.e.service.SincronizacaoService       : Ciclo finalizado. Total de atualizações enviadas: 0
2026-09-06T08:37:00.000-03:00  INFO 12340 --- [ecommerce] [scheduling-1] c.d.e.s.SincronizacaoEstoqueService      : [ESTOQUE] Lendo VW_ECOMMERCE_ESTOQUE no banco de dados...
2026-09-06T08:37:00.066-03:00  INFO 12340 --- [ecommerce] [scheduling-1] c.d.e.s.SincronizacaoEstoqueService      : [ESTOQUE] Ciclo finalizado. Total de atualizações enviadas: 0
2026-09-06T08:37:00.066-03:00  INFO 12340 --- [ecommerce] [scheduling-1] c.d.e.service.SincronizacaoService       : Lendo VW_ECOMMERCE_PRECOS no banco de dados...
2026-09-06T08:37:00.115-03:00  INFO 12340 --- [ecommerce] [scheduling-1] c.d.e.service.SincronizacaoService       : Ciclo finalizado. Total de atualizações enviadas: 0
2026-09-06T08:38:00.000-03:00  INFO 12340 --- [ecommerce] [scheduling-1] c.d.e.service.SincronizacaoService       : Lendo VW_ECOMMERCE_PRECOS no banco de dados...
2026-09-06T08:38:00.105-03:00  INFO 12340 --- [ecommerce] [scheduling-1] c.d.e.service.SincronizacaoService       : Ciclo finalizado. Total de atualizações enviadas: 0
2026-09-06T08:38:00.105-03:00  INFO 12340 --- [ecommerce] [scheduling-1] c.d.e.s.SincronizacaoEstoqueService      : [ESTOQUE] Lendo VW_ECOMMERCE_ESTOQUE no banco de dados...
2026-09-06T08:38:00.131-03:00  INFO 12340 --- [ecommerce] [scheduling-1] c.d.e.s.SincronizacaoEstoqueService      : [ESTOQUE] Ciclo finalizado. Total de atualizações enviadas: 0
2026-09-06T08:39:00.000-03:00  INFO 12340 --- [ecommerce] [scheduling-1] c.d.e.service.SincronizacaoService       : Lendo VW_ECOMMERCE_PRECOS no banco de dados...
2026-09-06T08:39:00.108-03:00  INFO 12340 --- [ecommerce] [scheduling-1] c.d.e.service.SincronizacaoService       : Ciclo finalizado. Total de atualizações enviadas: 0
2026-09-06T08:39:00.108-03:00  INFO 12340 --- [ecommerce] [scheduling-1] c.d.e.s.SincronizacaoEstoqueService      : [ESTOQUE] Lendo VW_ECOMMERCE_ESTOQUE no banco de dados...
2026-09-06T08:39:00.134-03:00  INFO 12340 --- [ecommerce] [scheduling-1] c.d.e.s.SincronizacaoEstoqueService      : [ESTOQUE] Ciclo finalizado. Total de atualizações enviadas: 0
2026-09-06T08:40:00.001-03:00  INFO 12340 --- [ecommerce] [scheduling-1] c.d.e.s.SincronizacaoEstoqueService      : [ESTOQUE] Lendo VW_ECOMMERCE_ESTOQUE no banco de dados...
2026-09-06T08:40:00.074-03:00  INFO 12340 --- [ecommerce] [scheduling-1] c.d.e.s.SincronizacaoEstoqueService      : [ESTOQUE] Ciclo finalizado. Total de atualizações enviadas: 0
2026-09-06T08:40:00.074-03:00  INFO 12340 --- [ecommerce] [scheduling-1] c.d.e.service.SincronizacaoService       : Lendo VW_ECOMMERCE_PRECOS no banco de dados...
2026-09-06T08:40:00.127-03:00  INFO 12340 --- [ecommerce] [scheduling-1] c.d.e.service.SincronizacaoService       : Ciclo finalizado. Total de atualizações enviadas: 0
2026-09-06T08:41:00.000-03:00  INFO 12340 --- [ecommerce] [scheduling-1] c.d.e.service.SincronizacaoService       : Lendo VW_ECOMMERCE_PRECOS no banco de dados...
2026-09-06T08:41:00.051-03:00  INFO 12340 --- [ecommerce] [scheduling-1] c.d.e.service.SincronizacaoService       : Ciclo finalizado. Total de atualizações enviadas: 0
2026-09-06T08:41:00.051-03:00  INFO 12340 --- [ecommerce] [scheduling-1] c.d.e.s.SincronizacaoEstoqueService      : [ESTOQUE] Lendo VW_ECOMMERCE_ESTOQUE no banco de dados...
2026-09-06T08:41:00.082-03:00  INFO 12340 --- [ecommerce] [scheduling-1] c.d.e.s.SincronizacaoEstoqueService      : [ESTOQUE] Ciclo finalizado. Total de atualizações enviadas: 0
2026-09-06T08:41:59.999-03:00  INFO 12340 --- [ecommerce] [scheduling-1] c.d.e.s.SincronizacaoEstoqueService      : [ESTOQUE] Lendo VW_ECOMMERCE_ESTOQUE no banco de dados...
2026-09-06T08:42:00.078-03:00  INFO 12340 --- [ecommerce] [scheduling-1] c.d.e.s.SincronizacaoEstoqueService      : [ESTOQUE] Ciclo finalizado. Total de atualizações enviadas: 0
2026-09-06T08:42:00.079-03:00  INFO 12340 --- [ecommerce] [scheduling-1] c.d.e.service.SincronizacaoService       : Lendo VW_ECOMMERCE_PRECOS no banco de dados...
2026-09-06T08:42:00.196-03:00  INFO 12340 --- [ecommerce] [scheduling-1] c.d.e.service.SincronizacaoService       : Ciclo finalizado. Total de atualizações enviadas: 0
2026-09-06T08:43:00.000-03:00  INFO 12340 --- [ecommerce] [scheduling-1] c.d.e.s.SincronizacaoEstoqueService      : [ESTOQUE] Lendo VW_ECOMMERCE_ESTOQUE no banco de dados...
2026-09-06T08:43:00.045-03:00  INFO 12340 --- [ecommerce] [scheduling-1] c.d.e.s.SincronizacaoEstoqueService      : [ESTOQUE] Ciclo finalizado. Total de atualizações enviadas: 0
2026-09-06T08:43:00.046-03:00  INFO 12340 --- [ecommerce] [scheduling-1] c.d.e.service.SincronizacaoService       : Lendo VW_ECOMMERCE_PRECOS no banco de dados...
2026-09-06T08:43:00.092-03:00  INFO 12340 --- [ecommerce] [scheduling-1] c.d.e.service.SincronizacaoService       : Ciclo finalizado. Total de atualizações enviadas: 0
2026-09-06T08:43:59.999-03:00  INFO 12340 --- [ecommerce] [scheduling-1] c.d.e.s.SincronizacaoEstoqueService      : [ESTOQUE] Lendo VW_ECOMMERCE_ESTOQUE no banco de dados...
2026-09-06T08:44:00.033-03:00  INFO 12340 --- [ecommerce] [scheduling-1] c.d.e.s.SincronizacaoEstoqueService      : [ESTOQUE] Ciclo finalizado. Total de atualizações enviadas: 0
2026-09-06T08:44:00.033-03:00  INFO 12340 --- [ecommerce] [scheduling-1] c.d.e.service.SincronizacaoService       : Lendo VW_ECOMMERCE_PRECOS no banco de dados...
2026-09-06T08:44:00.080-03:00  INFO 12340 --- [ecommerce] [scheduling-1] c.d.e.service.SincronizacaoService       : Ciclo finalizado. Total de atualizações enviadas: 0
2026-09-06T08:45:00.000-03:00  INFO 12340 --- [ecommerce] [scheduling-1] c.d.e.s.SincronizacaoEstoqueService      : [ESTOQUE] Lendo VW_ECOMMERCE_ESTOQUE no banco de dados...
2026-09-06T08:45:00.058-03:00  INFO 12340 --- [ecommerce] [scheduling-1] c.d.e.s.SincronizacaoEstoqueService      : [ESTOQUE] Ciclo finalizado. Total de atualizações enviadas: 0
2026-09-06T08:45:00.058-03:00  INFO 12340 --- [ecommerce] [scheduling-1] c.d.e.service.SincronizacaoService       : Lendo VW_ECOMMERCE_PRECOS no banco de dados...
2026-09-06T08:45:00.131-03:00  INFO 12340 --- [ecommerce] [scheduling-1] c.d.e.service.SincronizacaoService       : Ciclo finalizado. Total de atualizações enviadas: 0
2026-09-06T08:46:00.001-03:00  INFO 12340 --- [ecommerce] [scheduling-1] c.d.e.s.SincronizacaoEstoqueService      : [ESTOQUE] Lendo VW_ECOMMERCE_ESTOQUE no banco de dados...
2026-09-06T08:46:00.045-03:00  INFO 12340 --- [ecommerce] [scheduling-1] c.d.e.s.SincronizacaoEstoqueService      : [ESTOQUE] Ciclo finalizado. Total de atualizações enviadas: 0
2026-09-06T08:46:00.045-03:00  INFO 12340 --- [ecommerce] [scheduling-1] c.d.e.service.SincronizacaoService       : Lendo VW_ECOMMERCE_PRECOS no banco de dados...
2026-09-06T08:46:00.092-03:00  INFO 12340 --- [ecommerce] [scheduling-1] c.d.e.service.SincronizacaoService       : Ciclo finalizado. Total de atualizações enviadas: 0
2026-09-06T08:47:00.000-03:00  INFO 12340 --- [ecommerce] [scheduling-1] c.d.e.service.SincronizacaoService       : Lendo VW_ECOMMERCE_PRECOS no banco de dados...
2026-09-06T08:47:00.051-03:00  INFO 12340 --- [ecommerce] [scheduling-1] c.d.e.service.SincronizacaoService       : Ciclo finalizado. Total de atualizações enviadas: 0
2026-09-06T08:47:00.052-03:00  INFO 12340 --- [ecommerce] [scheduling-1] c.d.e.s.SincronizacaoEstoqueService      : [ESTOQUE] Lendo VW_ECOMMERCE_ESTOQUE no banco de dados...
2026-09-06T08:47:00.090-03:00  INFO 12340 --- [ecommerce] [scheduling-1] c.d.e.s.SincronizacaoEstoqueService      : [ESTOQUE] Ciclo finalizado. Total de atualizações enviadas: 0
2026-09-06T08:48:00.000-03:00  INFO 12340 --- [ecommerce] [scheduling-1] c.d.e.service.SincronizacaoService       : Lendo VW_ECOMMERCE_PRECOS no banco de dados...
2026-09-06T08:48:00.081-03:00  INFO 12340 --- [ecommerce] [scheduling-1] c.d.e.service.SincronizacaoService       : Ciclo finalizado. Total de atualizações enviadas: 0
2026-09-06T08:48:00.081-03:00  INFO 12340 --- [ecommerce] [scheduling-1] c.d.e.s.SincronizacaoEstoqueService      : [ESTOQUE] Lendo VW_ECOMMERCE_ESTOQUE no banco de dados...
2026-09-06T08:48:00.103-03:00  INFO 12340 --- [ecommerce] [scheduling-1] c.d.e.s.SincronizacaoEstoqueService      : [ESTOQUE] Ciclo finalizado. Total de atualizações enviadas: 0
2026-09-06T08:49:00.000-03:00  INFO 12340 --- [ecommerce] [scheduling-1] c.d.e.s.SincronizacaoEstoqueService      : [ESTOQUE] Lendo VW_ECOMMERCE_ESTOQUE no banco de dados...
2026-09-06T08:49:00.030-03:00  INFO 12340 --- [ecommerce] [scheduling-1] c.d.e.s.SincronizacaoEstoqueService      : [ESTOQUE] Ciclo finalizado. Total de atualizações enviadas: 0
2026-09-06T08:49:00.030-03:00  INFO 12340 --- [ecommerce] [scheduling-1] c.d.e.service.SincronizacaoService       : Lendo VW_ECOMMERCE_PRECOS no banco de dados...
2026-09-06T08:49:00.073-03:00  INFO 12340 --- [ecommerce] [scheduling-1] c.d.e.service.SincronizacaoService       : Ciclo finalizado. Total de atualizações enviadas: 0
2026-09-06T08:50:00.000-03:00  INFO 12340 --- [ecommerce] [scheduling-1] c.d.e.service.SincronizacaoService       : Lendo VW_ECOMMERCE_PRECOS no banco de dados...
2026-09-06T08:50:00.098-03:00  INFO 12340 --- [ecommerce] [scheduling-1] c.d.e.service.SincronizacaoService       : Ciclo finalizado. Total de atualizações enviadas: 0
2026-09-06T08:50:00.099-03:00  INFO 12340 --- [ecommerce] [scheduling-1] c.d.e.s.SincronizacaoEstoqueService      : [ESTOQUE] Lendo VW_ECOMMERCE_ESTOQUE no banco de dados...
2026-09-06T08:50:00.130-03:00  INFO 12340 --- [ecommerce] [scheduling-1] c.d.e.s.SincronizacaoEstoqueService      : [ESTOQUE] Ciclo finalizado. Total de atualizações enviadas: 0
2026-09-06T08:51:00.000-03:00  INFO 12340 --- [ecommerce] [scheduling-1] c.d.e.service.SincronizacaoService       : Lendo VW_ECOMMERCE_PRECOS no banco de dados...
2026-09-06T08:51:00.099-03:00  INFO 12340 --- [ecommerce] [scheduling-1] c.d.e.service.SincronizacaoService       : Ciclo finalizado. Total de atualizações enviadas: 0
2026-09-06T08:51:00.101-03:00  INFO 12340 --- [ecommerce] [scheduling-1] c.d.e.s.SincronizacaoEstoqueService      : [ESTOQUE] Lendo VW_ECOMMERCE_ESTOQUE no banco de dados...
2026-09-06T08:51:00.122-03:00  INFO 12340 --- [ecommerce] [scheduling-1] c.d.e.s.SincronizacaoEstoqueService      : [ESTOQUE] Ciclo finalizado. Total de atualizações enviadas: 0
2026-09-06T08:52:00.000-03:00  INFO 12340 --- [ecommerce] [scheduling-1] c.d.e.service.SincronizacaoService       : Lendo VW_ECOMMERCE_PRECOS no banco de dados...
2026-09-06T08:52:00.085-03:00  INFO 12340 --- [ecommerce] [scheduling-1] c.d.e.service.SincronizacaoService       : Ciclo finalizado. Total de atualizações enviadas: 0
2026-09-06T08:52:00.085-03:00  INFO 12340 --- [ecommerce] [scheduling-1] c.d.e.s.SincronizacaoEstoqueService      : [ESTOQUE] Lendo VW_ECOMMERCE_ESTOQUE no banco de dados...
2026-09-06T08:52:00.118-03:00  INFO 12340 --- [ecommerce] [scheduling-1] c.d.e.s.SincronizacaoEstoqueService      : [ESTOQUE] Ciclo finalizado. Total de atualizações enviadas: 0
2026-09-06T08:53:00.000-03:00  INFO 12340 --- [ecommerce] [scheduling-1] c.d.e.service.SincronizacaoService       : Lendo VW_ECOMMERCE_PRECOS no banco de dados...
2026-09-06T08:53:00.063-03:00  INFO 12340 --- [ecommerce] [scheduling-1] c.d.e.service.SincronizacaoService       : Ciclo finalizado. Total de atualizações enviadas: 0
2026-09-06T08:53:00.063-03:00  INFO 12340 --- [ecommerce] [scheduling-1] c.d.e.s.SincronizacaoEstoqueService      : [ESTOQUE] Lendo VW_ECOMMERCE_ESTOQUE no banco de dados...
2026-09-06T08:53:00.095-03:00  INFO 12340 --- [ecommerce] [scheduling-1] c.d.e.s.SincronizacaoEstoqueService      : [ESTOQUE] Ciclo finalizado. Total de atualizações enviadas: 0
2026-09-06T08:54:00.000-03:00  INFO 12340 --- [ecommerce] [scheduling-1] c.d.e.service.SincronizacaoService       : Lendo VW_ECOMMERCE_PRECOS no banco de dados...
2026-09-06T08:54:00.091-03:00  INFO 12340 --- [ecommerce] [scheduling-1] c.d.e.service.SincronizacaoService       : Ciclo finalizado. Total de atualizações enviadas: 0
2026-09-06T08:54:00.092-03:00  INFO 12340 --- [ecommerce] [scheduling-1] c.d.e.s.SincronizacaoEstoqueService      : [ESTOQUE] Lendo VW_ECOMMERCE_ESTOQUE no banco de dados...
2026-09-06T08:54:00.123-03:00  INFO 12340 --- [ecommerce] [scheduling-1] c.d.e.s.SincronizacaoEstoqueService      : [ESTOQUE] Ciclo finalizado. Total de atualizações enviadas: 0
2026-09-06T08:55:00.000-03:00  INFO 12340 --- [ecommerce] [scheduling-1] c.d.e.s.SincronizacaoEstoqueService      : [ESTOQUE] Lendo VW_ECOMMERCE_ESTOQUE no banco de dados...
2026-09-06T08:55:00.043-03:00  INFO 12340 --- [ecommerce] [scheduling-1] c.d.e.s.SincronizacaoEstoqueService      : [ESTOQUE] Ciclo finalizado. Total de atualizações enviadas: 0
2026-09-06T08:55:00.044-03:00  INFO 12340 --- [ecommerce] [scheduling-1] c.d.e.service.SincronizacaoService       : Lendo VW_ECOMMERCE_PRECOS no banco de dados...
2026-09-06T08:55:00.092-03:00  INFO 12340 --- [ecommerce] [scheduling-1] c.d.e.service.SincronizacaoService       : Ciclo finalizado. Total de atualizações enviadas: 0
2026-09-06T08:56:00.000-03:00  INFO 12340 --- [ecommerce] [scheduling-1] c.d.e.s.SincronizacaoEstoqueService      : [ESTOQUE] Lendo VW_ECOMMERCE_ESTOQUE no banco de dados...
2026-09-06T08:56:00.093-03:00  INFO 12340 --- [ecommerce] [scheduling-1] c.d.e.s.SincronizacaoEstoqueService      : [ESTOQUE] Ciclo finalizado. Total de atualizações enviadas: 0
2026-09-06T08:56:00.093-03:00  INFO 12340 --- [ecommerce] [scheduling-1] c.d.e.service.SincronizacaoService       : Lendo VW_ECOMMERCE_PRECOS no banco de dados...
2026-09-06T08:56:00.149-03:00  INFO 12340 --- [ecommerce] [scheduling-1] c.d.e.service.SincronizacaoService       : Ciclo finalizado. Total de atualizações enviadas: 0
2026-09-06T08:57:00.000-03:00  INFO 12340 --- [ecommerce] [scheduling-1] c.d.e.service.SincronizacaoService       : Lendo VW_ECOMMERCE_PRECOS no banco de dados...
2026-09-06T08:57:00.048-03:00  INFO 12340 --- [ecommerce] [scheduling-1] c.d.e.service.SincronizacaoService       : Ciclo finalizado. Total de atualizações enviadas: 0
2026-09-06T08:57:00.048-03:00  INFO 12340 --- [ecommerce] [scheduling-1] c.d.e.s.SincronizacaoEstoqueService      : [ESTOQUE] Lendo VW_ECOMMERCE_ESTOQUE no banco de dados...
2026-09-06T08:57:00.069-03:00  INFO 12340 --- [ecommerce] [scheduling-1] c.d.e.s.SincronizacaoEstoqueService      : [ESTOQUE] Ciclo finalizado. Total de atualizações enviadas: 0
2026-09-06T08:58:00.000-03:00  INFO 12340 --- [ecommerce] [scheduling-1] c.d.e.service.SincronizacaoService       : Lendo VW_ECOMMERCE_PRECOS no banco de dados...
2026-09-06T08:58:00.107-03:00  INFO 12340 --- [ecommerce] [scheduling-1] c.d.e.service.SincronizacaoService       : Ciclo finalizado. Total de atualizações enviadas: 0
2026-09-06T08:58:00.107-03:00  INFO 12340 --- [ecommerce] [scheduling-1] c.d.e.s.SincronizacaoEstoqueService      : [ESTOQUE] Lendo VW_ECOMMERCE_ESTOQUE no banco de dados...
2026-09-06T08:58:00.134-03:00  INFO 12340 --- [ecommerce] [scheduling-1] c.d.e.s.SincronizacaoEstoqueService      : [ESTOQUE] Ciclo finalizado. Total de atualizações enviadas: 0
2026-09-06T08:59:00.000-03:00  INFO 12340 --- [ecommerce] [scheduling-1] c.d.e.service.SincronizacaoService       : Lendo VW_ECOMMERCE_PRECOS no banco de dados...
2026-09-06T08:59:00.108-03:00  INFO 12340 --- [ecommerce] [scheduling-1] c.d.e.service.SincronizacaoService       : Ciclo finalizado. Total de atualizações enviadas: 0
2026-09-06T08:59:00.108-03:00  INFO 12340 --- [ecommerce] [scheduling-1] c.d.e.s.SincronizacaoEstoqueService      : [ESTOQUE] Lendo VW_ECOMMERCE_ESTOQUE no banco de dados...
2026-09-06T08:59:00.134-03:00  INFO 12340 --- [ecommerce] [scheduling-1] c.d.e.s.SincronizacaoEstoqueService      : [ESTOQUE] Ciclo finalizado. Total de atualizações enviadas: 0
2026-09-06T09:00:00.000-03:00  INFO 12340 --- [ecommerce] [scheduling-1] c.d.e.service.SincronizacaoService       : Lendo VW_ECOMMERCE_PRECOS no banco de dados...
2026-09-06T09:00:00.119-03:00  INFO 12340 --- [ecommerce] [scheduling-1] c.d.e.service.SincronizacaoService       : Ciclo finalizado. Total de atualizações enviadas: 0
2026-09-06T09:00:00.119-03:00  INFO 12340 --- [ecommerce] [scheduling-1] c.d.e.s.SincronizacaoEstoqueService      : [ESTOQUE] Lendo VW_ECOMMERCE_ESTOQUE no banco de dados...
2026-09-06T09:00:00.142-03:00  INFO 12340 --- [ecommerce] [scheduling-1] c.d.e.s.SincronizacaoEstoqueService      : [ESTOQUE] Ciclo finalizado. Total de atualizações enviadas: 0
2026-09-06T09:01:00.000-03:00  INFO 12340 --- [ecommerce] [scheduling-1] c.d.e.service.SincronizacaoService       : Lendo VW_ECOMMERCE_PRECOS no banco de dados...
2026-09-06T09:01:00.071-03:00  INFO 12340 --- [ecommerce] [scheduling-1] c.d.e.service.SincronizacaoService       : Ciclo finalizado. Total de atualizações enviadas: 0
2026-09-06T09:01:00.072-03:00  INFO 12340 --- [ecommerce] [scheduling-1] c.d.e.s.SincronizacaoEstoqueService      : [ESTOQUE] Lendo VW_ECOMMERCE_ESTOQUE no banco de dados...
2026-09-06T09:01:00.102-03:00  INFO 12340 --- [ecommerce] [scheduling-1] c.d.e.s.SincronizacaoEstoqueService      : [ESTOQUE] Ciclo finalizado. Total de atualizações enviadas: 0
2026-09-06T09:02:00.000-03:00  INFO 12340 --- [ecommerce] [scheduling-1] c.d.e.service.SincronizacaoService       : Lendo VW_ECOMMERCE_PRECOS no banco de dados...
2026-09-06T09:02:00.101-03:00  INFO 12340 --- [ecommerce] [scheduling-1] c.d.e.service.SincronizacaoService       : Ciclo finalizado. Total de atualizações enviadas: 0
2026-09-06T09:02:00.101-03:00  INFO 12340 --- [ecommerce] [scheduling-1] c.d.e.s.SincronizacaoEstoqueService      : [ESTOQUE] Lendo VW_ECOMMERCE_ESTOQUE no banco de dados...
2026-09-06T09:02:00.122-03:00  INFO 12340 --- [ecommerce] [scheduling-1] c.d.e.s.SincronizacaoEstoqueService      : [ESTOQUE] Ciclo finalizado. Total de atualizações enviadas: 0
2026-09-06T09:03:00.000-03:00  INFO 12340 --- [ecommerce] [scheduling-1] c.d.e.service.SincronizacaoService       : Lendo VW_ECOMMERCE_PRECOS no banco de dados...
2026-09-06T09:03:00.079-03:00  INFO 12340 --- [ecommerce] [scheduling-1] c.d.e.service.SincronizacaoService       : Ciclo finalizado. Total de atualizações enviadas: 0
2026-09-06T09:03:00.079-03:00  INFO 12340 --- [ecommerce] [scheduling-1] c.d.e.s.SincronizacaoEstoqueService      : [ESTOQUE] Lendo VW_ECOMMERCE_ESTOQUE no banco de dados...
2026-09-06T09:03:00.111-03:00  INFO 12340 --- [ecommerce] [scheduling-1] c.d.e.s.SincronizacaoEstoqueService      : [ESTOQUE] Ciclo finalizado. Total de atualizações enviadas: 0
2026-09-06T09:04:00.000-03:00  INFO 12340 --- [ecommerce] [scheduling-1] c.d.e.s.SincronizacaoEstoqueService      : [ESTOQUE] Lendo VW_ECOMMERCE_ESTOQUE no banco de dados...
2026-09-06T09:04:00.042-03:00  INFO 12340 --- [ecommerce] [scheduling-1] c.d.e.s.SincronizacaoEstoqueService      : [ESTOQUE] Ciclo finalizado. Total de atualizações enviadas: 0
2026-09-06T09:04:00.042-03:00  INFO 12340 --- [ecommerce] [scheduling-1] c.d.e.service.SincronizacaoService       : Lendo VW_ECOMMERCE_PRECOS no banco de dados...
2026-09-06T09:04:00.093-03:00  INFO 12340 --- [ecommerce] [scheduling-1] c.d.e.service.SincronizacaoService       : Ciclo finalizado. Total de atualizações enviadas: 0
2026-09-06T09:05:00.001-03:00  INFO 12340 --- [ecommerce] [scheduling-1] c.d.e.service.SincronizacaoService       : Lendo VW_ECOMMERCE_PRECOS no banco de dados...
2026-09-06T09:05:00.270-03:00  INFO 12340 --- [ecommerce] [scheduling-1] c.d.e.service.SincronizacaoService       : Ciclo finalizado. Total de atualizações enviadas: 0
2026-09-06T09:05:00.271-03:00  INFO 12340 --- [ecommerce] [scheduling-1] c.d.e.s.SincronizacaoEstoqueService      : [ESTOQUE] Lendo VW_ECOMMERCE_ESTOQUE no banco de dados...
2026-09-06T09:05:00.299-03:00  INFO 12340 --- [ecommerce] [scheduling-1] c.d.e.s.SincronizacaoEstoqueService      : [ESTOQUE] Ciclo finalizado. Total de atualizações enviadas: 0
2026-09-06T09:06:00.000-03:00  INFO 12340 --- [ecommerce] [scheduling-1] c.d.e.service.SincronizacaoService       : Lendo VW_ECOMMERCE_PRECOS no banco de dados...
2026-09-06T09:06:00.052-03:00  INFO 12340 --- [ecommerce] [scheduling-1] c.d.e.service.SincronizacaoService       : Ciclo finalizado. Total de atualizações enviadas: 0
2026-09-06T09:06:00.053-03:00  INFO 12340 --- [ecommerce] [scheduling-1] c.d.e.s.SincronizacaoEstoqueService      : [ESTOQUE] Lendo VW_ECOMMERCE_ESTOQUE no banco de dados...
2026-09-06T09:06:00.084-03:00  INFO 12340 --- [ecommerce] [scheduling-1] c.d.e.s.SincronizacaoEstoqueService      : [ESTOQUE] Ciclo finalizado. Total de atualizações enviadas: 0
2026-09-06T09:07:00.000-03:00  INFO 12340 --- [ecommerce] [scheduling-1] c.d.e.s.SincronizacaoEstoqueService      : [ESTOQUE] Lendo VW_ECOMMERCE_ESTOQUE no banco de dados...
2026-09-06T09:07:00.086-03:00  INFO 12340 --- [ecommerce] [scheduling-1] c.d.e.s.SincronizacaoEstoqueService      : [ESTOQUE] Ciclo finalizado. Total de atualizações enviadas: 0
2026-09-06T09:07:00.086-03:00  INFO 12340 --- [ecommerce] [scheduling-1] c.d.e.service.SincronizacaoService       : Lendo VW_ECOMMERCE_PRECOS no banco de dados...
2026-09-06T09:07:00.132-03:00  INFO 12340 --- [ecommerce] [scheduling-1] c.d.e.service.SincronizacaoService       : Ciclo finalizado. Total de atualizações enviadas: 0
2026-09-06T09:08:00.000-03:00  INFO 12340 --- [ecommerce] [scheduling-1] c.d.e.service.SincronizacaoService       : Lendo VW_ECOMMERCE_PRECOS no banco de dados...
2026-09-06T09:08:00.071-03:00  INFO 12340 --- [ecommerce] [scheduling-1] c.d.e.service.SincronizacaoService       : Ciclo finalizado. Total de atualizações enviadas: 0
2026-09-06T09:08:00.071-03:00  INFO 12340 --- [ecommerce] [scheduling-1] c.d.e.s.SincronizacaoEstoqueService      : [ESTOQUE] Lendo VW_ECOMMERCE_ESTOQUE no banco de dados...
2026-09-06T09:08:00.104-03:00  INFO 12340 --- [ecommerce] [scheduling-1] c.d.e.s.SincronizacaoEstoqueService      : [ESTOQUE] Ciclo finalizado. Total de atualizações enviadas: 0
2026-09-06T09:09:00.001-03:00  INFO 12340 --- [ecommerce] [scheduling-1] c.d.e.s.SincronizacaoEstoqueService      : [ESTOQUE] Lendo VW_ECOMMERCE_ESTOQUE no banco de dados...
2026-09-06T09:09:00.069-03:00  INFO 12340 --- [ecommerce] [scheduling-1] c.d.e.s.SincronizacaoEstoqueService      : [ESTOQUE] Ciclo finalizado. Total de atualizações enviadas: 0
2026-09-06T09:09:00.069-03:00  INFO 12340 --- [ecommerce] [scheduling-1] c.d.e.service.SincronizacaoService       : Lendo VW_ECOMMERCE_PRECOS no banco de dados...
2026-09-06T09:09:00.117-03:00  INFO 12340 --- [ecommerce] [scheduling-1] c.d.e.service.SincronizacaoService       : Ciclo finalizado. Total de atualizações enviadas: 0
2026-09-06T09:10:00.002-03:00  INFO 12340 --- [ecommerce] [scheduling-1] c.d.e.service.SincronizacaoService       : Lendo VW_ECOMMERCE_PRECOS no banco de dados...
2026-09-06T09:10:00.060-03:00  INFO 12340 --- [ecommerce] [scheduling-1] c.d.e.service.SincronizacaoService       : Ciclo finalizado. Total de atualizações enviadas: 0
2026-09-06T09:10:00.060-03:00  INFO 12340 --- [ecommerce] [scheduling-1] c.d.e.s.SincronizacaoEstoqueService      : [ESTOQUE] Lendo VW_ECOMMERCE_ESTOQUE no banco de dados...
2026-09-06T09:10:00.085-03:00  INFO 12340 --- [ecommerce] [scheduling-1] c.d.e.s.SincronizacaoEstoqueService      : [ESTOQUE] Ciclo finalizado. Total de atualizações enviadas: 0
2026-09-06T09:11:00.000-03:00  INFO 12340 --- [ecommerce] [scheduling-1] c.d.e.s.SincronizacaoEstoqueService      : [ESTOQUE] Lendo VW_ECOMMERCE_ESTOQUE no banco de dados...
2026-09-06T09:11:00.092-03:00  INFO 12340 --- [ecommerce] [scheduling-1] c.d.e.s.SincronizacaoEstoqueService      : [ESTOQUE] Ciclo finalizado. Total de atualizações enviadas: 0
2026-09-06T09:11:00.092-03:00  INFO 12340 --- [ecommerce] [scheduling-1] c.d.e.service.SincronizacaoService       : Lendo VW_ECOMMERCE_PRECOS no banco de dados...
2026-09-06T09:11:00.256-03:00  INFO 12340 --- [ecommerce] [scheduling-1] c.d.e.service.SincronizacaoService       : Ciclo finalizado. Total de atualizações enviadas: 0
2026-09-06T09:12:00.001-03:00  INFO 12340 --- [ecommerce] [scheduling-1] c.d.e.s.SincronizacaoEstoqueService      : [ESTOQUE] Lendo VW_ECOMMERCE_ESTOQUE no banco de dados...
2026-09-06T09:12:00.048-03:00  INFO 12340 --- [ecommerce] [scheduling-1] c.d.e.s.SincronizacaoEstoqueService      : [ESTOQUE] Ciclo finalizado. Total de atualizações enviadas: 0
2026-09-06T09:12:00.049-03:00  INFO 12340 --- [ecommerce] [scheduling-1] c.d.e.service.SincronizacaoService       : Lendo VW_ECOMMERCE_PRECOS no banco de dados...
2026-09-06T09:12:00.096-03:00  INFO 12340 --- [ecommerce] [scheduling-1] c.d.e.service.SincronizacaoService       : Ciclo finalizado. Total de atualizações enviadas: 0
2026-09-06T09:13:00.001-03:00  INFO 12340 --- [ecommerce] [scheduling-1] c.d.e.s.SincronizacaoEstoqueService      : [ESTOQUE] Lendo VW_ECOMMERCE_ESTOQUE no banco de dados...
2026-09-06T09:13:00.133-03:00  INFO 12340 --- [ecommerce] [scheduling-1] c.d.e.s.SincronizacaoEstoqueService      : [ESTOQUE] Ciclo finalizado. Total de atualizações enviadas: 0
2026-09-06T09:13:00.133-03:00  INFO 12340 --- [ecommerce] [scheduling-1] c.d.e.service.SincronizacaoService       : Lendo VW_ECOMMERCE_PRECOS no banco de dados...
2026-09-06T09:13:00.279-03:00  INFO 12340 --- [ecommerce] [scheduling-1] c.d.e.service.SincronizacaoService       : Ciclo finalizado. Total de atualizações enviadas: 0
2026-09-06T09:14:00.000-03:00  INFO 12340 --- [ecommerce] [scheduling-1] c.d.e.s.SincronizacaoEstoqueService      : [ESTOQUE] Lendo VW_ECOMMERCE_ESTOQUE no banco de dados...
2026-09-06T09:14:00.045-03:00  INFO 12340 --- [ecommerce] [scheduling-1] c.d.e.s.SincronizacaoEstoqueService      : [ESTOQUE] Ciclo finalizado. Total de atualizações enviadas: 0
2026-09-06T09:14:00.045-03:00  INFO 12340 --- [ecommerce] [scheduling-1] c.d.e.service.SincronizacaoService       : Lendo VW_ECOMMERCE_PRECOS no banco de dados...
2026-09-06T09:14:00.133-03:00  INFO 12340 --- [ecommerce] [scheduling-1] c.d.e.service.SincronizacaoService       : Ciclo finalizado. Total de atualizações enviadas: 0
2026-09-06T09:15:00.001-03:00  INFO 12340 --- [ecommerce] [scheduling-1] c.d.e.s.SincronizacaoEstoqueService      : [ESTOQUE] Lendo VW_ECOMMERCE_ESTOQUE no banco de dados...
2026-09-06T09:15:00.096-03:00  INFO 12340 --- [ecommerce] [scheduling-1] c.d.e.s.SincronizacaoEstoqueService      : [ESTOQUE] Ciclo finalizado. Total de atualizações enviadas: 0
2026-09-06T09:15:00.096-03:00  INFO 12340 --- [ecommerce] [scheduling-1] c.d.e.service.SincronizacaoService       : Lendo VW_ECOMMERCE_PRECOS no banco de dados...
2026-09-06T09:15:00.143-03:00  INFO 12340 --- [ecommerce] [scheduling-1] c.d.e.service.SincronizacaoService       : Ciclo finalizado. Total de atualizações enviadas: 0
2026-09-06T09:16:00.001-03:00  INFO 12340 --- [ecommerce] [scheduling-1] c.d.e.s.SincronizacaoEstoqueService      : [ESTOQUE] Lendo VW_ECOMMERCE_ESTOQUE no banco de dados...
2026-09-06T09:16:00.045-03:00  INFO 12340 --- [ecommerce] [scheduling-1] c.d.e.s.SincronizacaoEstoqueService      : [ESTOQUE] Ciclo finalizado. Total de atualizações enviadas: 0
2026-09-06T09:16:00.045-03:00  INFO 12340 --- [ecommerce] [scheduling-1] c.d.e.service.SincronizacaoService       : Lendo VW_ECOMMERCE_PRECOS no banco de dados...
2026-09-06T09:16:00.114-03:00  INFO 12340 --- [ecommerce] [scheduling-1] c.d.e.service.SincronizacaoService       : Ciclo finalizado. Total de atualizações enviadas: 0
2026-09-06T09:17:00.000-03:00  INFO 12340 --- [ecommerce] [scheduling-1] c.d.e.s.SincronizacaoEstoqueService      : [ESTOQUE] Lendo VW_ECOMMERCE_ESTOQUE no banco de dados...
2026-09-06T09:17:00.094-03:00  INFO 12340 --- [ecommerce] [scheduling-1] c.d.e.s.SincronizacaoEstoqueService      : [ESTOQUE] Ciclo finalizado. Total de atualizações enviadas: 0
2026-09-06T09:17:00.095-03:00  INFO 12340 --- [ecommerce] [scheduling-1] c.d.e.service.SincronizacaoService       : Lendo VW_ECOMMERCE_PRECOS no banco de dados...
2026-09-06T09:17:00.141-03:00  INFO 12340 --- [ecommerce] [scheduling-1] c.d.e.service.SincronizacaoService       : Ciclo finalizado. Total de atualizações enviadas: 0
2026-09-06T09:18:00.000-03:00  INFO 12340 --- [ecommerce] [scheduling-1] c.d.e.s.SincronizacaoEstoqueService      : [ESTOQUE] Lendo VW_ECOMMERCE_ESTOQUE no banco de dados...
2026-09-06T09:18:00.090-03:00  INFO 12340 --- [ecommerce] [scheduling-1] c.d.e.s.SincronizacaoEstoqueService      : [ESTOQUE] Ciclo finalizado. Total de atualizações enviadas: 0
2026-09-06T09:18:00.090-03:00  INFO 12340 --- [ecommerce] [scheduling-1] c.d.e.service.SincronizacaoService       : Lendo VW_ECOMMERCE_PRECOS no banco de dados...
2026-09-06T09:18:00.136-03:00  INFO 12340 --- [ecommerce] [scheduling-1] c.d.e.service.SincronizacaoService       : Ciclo finalizado. Total de atualizações enviadas: 0
2026-09-06T09:19:00.000-03:00  INFO 12340 --- [ecommerce] [scheduling-1] c.d.e.service.SincronizacaoService       : Lendo VW_ECOMMERCE_PRECOS no banco de dados...
2026-09-06T09:19:00.255-03:00  INFO 12340 --- [ecommerce] [scheduling-1] c.d.e.service.SincronizacaoService       : Ciclo finalizado. Total de atualizações enviadas: 0
2026-09-06T09:19:00.257-03:00  INFO 12340 --- [ecommerce] [scheduling-1] c.d.e.s.SincronizacaoEstoqueService      : [ESTOQUE] Lendo VW_ECOMMERCE_ESTOQUE no banco de dados...
2026-09-06T09:19:00.278-03:00  INFO 12340 --- [ecommerce] [scheduling-1] c.d.e.s.SincronizacaoEstoqueService      : [ESTOQUE] Ciclo finalizado. Total de atualizações enviadas: 0
2026-09-06T09:20:00.000-03:00  INFO 12340 --- [ecommerce] [scheduling-1] c.d.e.s.SincronizacaoEstoqueService      : [ESTOQUE] Lendo VW_ECOMMERCE_ESTOQUE no banco de dados...
2026-09-06T09:20:00.075-03:00  INFO 12340 --- [ecommerce] [scheduling-1] c.d.e.s.SincronizacaoEstoqueService      : [ESTOQUE] Ciclo finalizado. Total de atualizações enviadas: 0
2026-09-06T09:20:00.075-03:00  INFO 12340 --- [ecommerce] [scheduling-1] c.d.e.service.SincronizacaoService       : Lendo VW_ECOMMERCE_PRECOS no banco de dados...
2026-09-06T09:20:00.124-03:00  INFO 12340 --- [ecommerce] [scheduling-1] c.d.e.service.SincronizacaoService       : Ciclo finalizado. Total de atualizações enviadas: 0
2026-09-06T09:21:00.000-03:00  INFO 12340 --- [ecommerce] [scheduling-1] c.d.e.service.SincronizacaoService       : Lendo VW_ECOMMERCE_PRECOS no banco de dados...
2026-09-06T09:21:00.094-03:00  INFO 12340 --- [ecommerce] [scheduling-1] c.d.e.service.SincronizacaoService       : Ciclo finalizado. Total de atualizações enviadas: 0
2026-09-06T09:21:00.094-03:00  INFO 12340 --- [ecommerce] [scheduling-1] c.d.e.s.SincronizacaoEstoqueService      : [ESTOQUE] Lendo VW_ECOMMERCE_ESTOQUE no banco de dados...
2026-09-06T09:21:00.118-03:00  INFO 12340 --- [ecommerce] [scheduling-1] c.d.e.s.SincronizacaoEstoqueService      : [ESTOQUE] Ciclo finalizado. Total de atualizações enviadas: 0
2026-09-06T09:22:00.000-03:00  INFO 12340 --- [ecommerce] [scheduling-1] c.d.e.service.SincronizacaoService       : Lendo VW_ECOMMERCE_PRECOS no banco de dados...
2026-09-06T09:22:00.064-03:00  INFO 12340 --- [ecommerce] [scheduling-1] c.d.e.service.SincronizacaoService       : Ciclo finalizado. Total de atualizações enviadas: 0
2026-09-06T09:22:00.064-03:00  INFO 12340 --- [ecommerce] [scheduling-1] c.d.e.s.SincronizacaoEstoqueService      : [ESTOQUE] Lendo VW_ECOMMERCE_ESTOQUE no banco de dados...
2026-09-06T09:22:00.105-03:00  INFO 12340 --- [ecommerce] [scheduling-1] c.d.e.s.SincronizacaoEstoqueService      : [ESTOQUE] Ciclo finalizado. Total de atualizações enviadas: 0
2026-09-06T09:23:00.000-03:00  INFO 12340 --- [ecommerce] [scheduling-1] c.d.e.service.SincronizacaoService       : Lendo VW_ECOMMERCE_PRECOS no banco de dados...
2026-09-06T09:23:00.071-03:00  INFO 12340 --- [ecommerce] [scheduling-1] c.d.e.service.SincronizacaoService       : Ciclo finalizado. Total de atualizações enviadas: 0
2026-09-06T09:23:00.071-03:00  INFO 12340 --- [ecommerce] [scheduling-1] c.d.e.s.SincronizacaoEstoqueService      : [ESTOQUE] Lendo VW_ECOMMERCE_ESTOQUE no banco de dados...
2026-09-06T09:23:00.103-03:00  INFO 12340 --- [ecommerce] [scheduling-1] c.d.e.s.SincronizacaoEstoqueService      : [ESTOQUE] Ciclo finalizado. Total de atualizações enviadas: 0
2026-09-06T09:24:00.000-03:00  INFO 12340 --- [ecommerce] [scheduling-1] c.d.e.s.SincronizacaoEstoqueService      : [ESTOQUE] Lendo VW_ECOMMERCE_ESTOQUE no banco de dados...
2026-09-06T09:24:00.059-03:00  INFO 12340 --- [ecommerce] [scheduling-1] c.d.e.s.SincronizacaoEstoqueService      : [ESTOQUE] Ciclo finalizado. Total de atualizações enviadas: 0
2026-09-06T09:24:00.059-03:00  INFO 12340 --- [ecommerce] [scheduling-1] c.d.e.service.SincronizacaoService       : Lendo VW_ECOMMERCE_PRECOS no banco de dados...
2026-09-06T09:24:00.266-03:00  INFO 12340 --- [ecommerce] [scheduling-1] c.d.e.service.SincronizacaoService       : Ciclo finalizado. Total de atualizações enviadas: 0
2026-09-06T09:25:00.000-03:00  INFO 12340 --- [ecommerce] [scheduling-1] c.d.e.service.SincronizacaoService       : Lendo VW_ECOMMERCE_PRECOS no banco de dados...
2026-09-06T09:25:00.105-03:00  INFO 12340 --- [ecommerce] [scheduling-1] c.d.e.service.SincronizacaoService       : Ciclo finalizado. Total de atualizações enviadas: 0
2026-09-06T09:25:00.105-03:00  INFO 12340 --- [ecommerce] [scheduling-1] c.d.e.s.SincronizacaoEstoqueService      : [ESTOQUE] Lendo VW_ECOMMERCE_ESTOQUE no banco de dados...
2026-09-06T09:25:00.136-03:00  INFO 12340 --- [ecommerce] [scheduling-1] c.d.e.s.SincronizacaoEstoqueService      : [ESTOQUE] Ciclo finalizado. Total de atualizações enviadas: 0
2026-09-06T09:26:00.001-03:00  INFO 12340 --- [ecommerce] [scheduling-1] c.d.e.s.SincronizacaoEstoqueService      : [ESTOQUE] Lendo VW_ECOMMERCE_ESTOQUE no banco de dados...
2026-09-06T09:26:00.057-03:00  INFO 12340 --- [ecommerce] [scheduling-1] c.d.e.s.SincronizacaoEstoqueService      : [ESTOQUE] Ciclo finalizado. Total de atualizações enviadas: 0
2026-09-06T09:26:00.057-03:00  INFO 12340 --- [ecommerce] [scheduling-1] c.d.e.service.SincronizacaoService       : Lendo VW_ECOMMERCE_PRECOS no banco de dados...
2026-09-06T09:26:00.105-03:00  INFO 12340 --- [ecommerce] [scheduling-1] c.d.e.service.SincronizacaoService       : Ciclo finalizado. Total de atualizações enviadas: 0
2026-09-06T09:27:00.000-03:00  INFO 12340 --- [ecommerce] [scheduling-1] c.d.e.service.SincronizacaoService       : Lendo VW_ECOMMERCE_PRECOS no banco de dados...
2026-09-06T09:27:00.106-03:00  INFO 12340 --- [ecommerce] [scheduling-1] c.d.e.service.SincronizacaoService       : Ciclo finalizado. Total de atualizações enviadas: 0
2026-09-06T09:27:00.106-03:00  INFO 12340 --- [ecommerce] [scheduling-1] c.d.e.s.SincronizacaoEstoqueService      : [ESTOQUE] Lendo VW_ECOMMERCE_ESTOQUE no banco de dados...
2026-09-06T09:27:00.133-03:00  INFO 12340 --- [ecommerce] [scheduling-1] c.d.e.s.SincronizacaoEstoqueService      : [ESTOQUE] Ciclo finalizado. Total de atualizações enviadas: 0
2026-09-06T09:28:00.001-03:00  INFO 12340 --- [ecommerce] [scheduling-1] c.d.e.s.SincronizacaoEstoqueService      : [ESTOQUE] Lendo VW_ECOMMERCE_ESTOQUE no banco de dados...
2026-09-06T09:28:00.083-03:00  INFO 12340 --- [ecommerce] [scheduling-1] c.d.e.s.SincronizacaoEstoqueService      : [ESTOQUE] Ciclo finalizado. Total de atualizações enviadas: 0
2026-09-06T09:28:00.083-03:00  INFO 12340 --- [ecommerce] [scheduling-1] c.d.e.service.SincronizacaoService       : Lendo VW_ECOMMERCE_PRECOS no banco de dados...
2026-09-06T09:28:00.124-03:00  INFO 12340 --- [ecommerce] [scheduling-1] c.d.e.service.SincronizacaoService       : Ciclo finalizado. Total de atualizações enviadas: 0
2026-09-06T09:29:00.000-03:00  INFO 12340 --- [ecommerce] [scheduling-1] c.d.e.service.SincronizacaoService       : Lendo VW_ECOMMERCE_PRECOS no banco de dados...
2026-09-06T09:29:00.094-03:00  INFO 12340 --- [ecommerce] [scheduling-1] c.d.e.service.SincronizacaoService       : Ciclo finalizado. Total de atualizações enviadas: 0
2026-09-06T09:29:00.094-03:00  INFO 12340 --- [ecommerce] [scheduling-1] c.d.e.s.SincronizacaoEstoqueService      : [ESTOQUE] Lendo VW_ECOMMERCE_ESTOQUE no banco de dados...
2026-09-06T09:29:00.118-03:00  INFO 12340 --- [ecommerce] [scheduling-1] c.d.e.s.SincronizacaoEstoqueService      : [ESTOQUE] Ciclo finalizado. Total de atualizações enviadas: 0
2026-09-06T09:30:00.000-03:00  INFO 12340 --- [ecommerce] [scheduling-1] c.d.e.s.SincronizacaoEstoqueService      : [ESTOQUE] Lendo VW_ECOMMERCE_ESTOQUE no banco de dados...
2026-09-06T09:30:00.091-03:00  INFO 12340 --- [ecommerce] [scheduling-1] c.d.e.s.SincronizacaoEstoqueService      : [ESTOQUE] Ciclo finalizado. Total de atualizações enviadas: 0
2026-09-06T09:30:00.091-03:00  INFO 12340 --- [ecommerce] [scheduling-1] c.d.e.service.SincronizacaoService       : Lendo VW_ECOMMERCE_PRECOS no banco de dados...
2026-09-06T09:30:00.207-03:00  INFO 12340 --- [ecommerce] [scheduling-1] c.d.e.service.SincronizacaoService       : Ciclo finalizado. Total de atualizações enviadas: 0
2026-09-06T09:31:00.001-03:00  INFO 12340 --- [ecommerce] [scheduling-1] c.d.e.s.SincronizacaoEstoqueService      : [ESTOQUE] Lendo VW_ECOMMERCE_ESTOQUE no banco de dados...
2026-09-06T09:31:00.054-03:00  INFO 12340 --- [ecommerce] [scheduling-1] c.d.e.s.SincronizacaoEstoqueService      : [ESTOQUE] Ciclo finalizado. Total de atualizações enviadas: 0
2026-09-06T09:31:00.054-03:00  INFO 12340 --- [ecommerce] [scheduling-1] c.d.e.service.SincronizacaoService       : Lendo VW_ECOMMERCE_PRECOS no banco de dados...
2026-09-06T09:31:00.101-03:00  INFO 12340 --- [ecommerce] [scheduling-1] c.d.e.service.SincronizacaoService       : Ciclo finalizado. Total de atualizações enviadas: 0
2026-09-06T09:32:00.000-03:00  INFO 12340 --- [ecommerce] [scheduling-1] c.d.e.s.SincronizacaoEstoqueService      : [ESTOQUE] Lendo VW_ECOMMERCE_ESTOQUE no banco de dados...
2026-09-06T09:32:00.051-03:00  INFO 12340 --- [ecommerce] [scheduling-1] c.d.e.s.SincronizacaoEstoqueService      : [ESTOQUE] Ciclo finalizado. Total de atualizações enviadas: 0
2026-09-06T09:32:00.052-03:00  INFO 12340 --- [ecommerce] [scheduling-1] c.d.e.service.SincronizacaoService       : Lendo VW_ECOMMERCE_PRECOS no banco de dados...
2026-09-06T09:32:00.179-03:00  INFO 12340 --- [ecommerce] [scheduling-1] c.d.e.service.SincronizacaoService       : Ciclo finalizado. Total de atualizações enviadas: 0
2026-09-06T09:32:59.999-03:00  INFO 12340 --- [ecommerce] [scheduling-1] c.d.e.service.SincronizacaoService       : Lendo VW_ECOMMERCE_PRECOS no banco de dados...
2026-09-06T09:33:00.102-03:00  INFO 12340 --- [ecommerce] [scheduling-1] c.d.e.service.SincronizacaoService       : Ciclo finalizado. Total de atualizações enviadas: 0
2026-09-06T09:33:00.102-03:00  INFO 12340 --- [ecommerce] [scheduling-1] c.d.e.s.SincronizacaoEstoqueService      : [ESTOQUE] Lendo VW_ECOMMERCE_ESTOQUE no banco de dados...
2026-09-06T09:33:00.136-03:00  INFO 12340 --- [ecommerce] [scheduling-1] c.d.e.s.SincronizacaoEstoqueService      : [ESTOQUE] Ciclo finalizado. Total de atualizações enviadas: 0
2026-09-06T09:34:00.000-03:00  INFO 12340 --- [ecommerce] [scheduling-1] c.d.e.s.SincronizacaoEstoqueService      : [ESTOQUE] Lendo VW_ECOMMERCE_ESTOQUE no banco de dados...
2026-09-06T09:34:00.037-03:00  INFO 12340 --- [ecommerce] [scheduling-1] c.d.e.s.SincronizacaoEstoqueService      : [ESTOQUE] Ciclo finalizado. Total de atualizações enviadas: 0
2026-09-06T09:34:00.037-03:00  INFO 12340 --- [ecommerce] [scheduling-1] c.d.e.service.SincronizacaoService       : Lendo VW_ECOMMERCE_PRECOS no banco de dados...
2026-09-06T09:34:00.083-03:00  INFO 12340 --- [ecommerce] [scheduling-1] c.d.e.service.SincronizacaoService       : Ciclo finalizado. Total de atualizações enviadas: 0
2026-09-06T09:34:59.999-03:00  INFO 12340 --- [ecommerce] [scheduling-1] c.d.e.service.SincronizacaoService       : Lendo VW_ECOMMERCE_PRECOS no banco de dados...
2026-09-06T09:35:00.095-03:00  INFO 12340 --- [ecommerce] [scheduling-1] c.d.e.service.SincronizacaoService       : Ciclo finalizado. Total de atualizações enviadas: 0
2026-09-06T09:35:00.095-03:00  INFO 12340 --- [ecommerce] [scheduling-1] c.d.e.s.SincronizacaoEstoqueService      : [ESTOQUE] Lendo VW_ECOMMERCE_ESTOQUE no banco de dados...
2026-09-06T09:35:00.127-03:00  INFO 12340 --- [ecommerce] [scheduling-1] c.d.e.s.SincronizacaoEstoqueService      : [ESTOQUE] Ciclo finalizado. Total de atualizações enviadas: 0
2026-09-06T09:36:00.000-03:00  INFO 12340 --- [ecommerce] [scheduling-1] c.d.e.s.SincronizacaoEstoqueService      : [ESTOQUE] Lendo VW_ECOMMERCE_ESTOQUE no banco de dados...
2026-09-06T09:36:00.032-03:00  INFO 12340 --- [ecommerce] [scheduling-1] c.d.e.s.SincronizacaoEstoqueService      : [ESTOQUE] Ciclo finalizado. Total de atualizações enviadas: 0
2026-09-06T09:36:00.032-03:00  INFO 12340 --- [ecommerce] [scheduling-1] c.d.e.service.SincronizacaoService       : Lendo VW_ECOMMERCE_PRECOS no banco de dados...
2026-09-06T09:36:00.076-03:00  INFO 12340 --- [ecommerce] [scheduling-1] c.d.e.service.SincronizacaoService       : Ciclo finalizado. Total de atualizações enviadas: 0
2026-09-06T09:37:00.000-03:00  INFO 12340 --- [ecommerce] [scheduling-1] c.d.e.service.SincronizacaoService       : Lendo VW_ECOMMERCE_PRECOS no banco de dados...
2026-09-06T09:37:00.145-03:00  INFO 12340 --- [ecommerce] [scheduling-1] c.d.e.service.SincronizacaoService       : Ciclo finalizado. Total de atualizações enviadas: 0
2026-09-06T09:37:00.146-03:00  INFO 12340 --- [ecommerce] [scheduling-1] c.d.e.s.SincronizacaoEstoqueService      : [ESTOQUE] Lendo VW_ECOMMERCE_ESTOQUE no banco de dados...
2026-09-06T09:37:00.167-03:00  INFO 12340 --- [ecommerce] [scheduling-1] c.d.e.s.SincronizacaoEstoqueService      : [ESTOQUE] Ciclo finalizado. Total de atualizações enviadas: 0
2026-09-06T09:38:00.000-03:00  INFO 12340 --- [ecommerce] [scheduling-1] c.d.e.s.SincronizacaoEstoqueService      : [ESTOQUE] Lendo VW_ECOMMERCE_ESTOQUE no banco de dados...
2026-09-06T09:38:00.079-03:00  INFO 12340 --- [ecommerce] [scheduling-1] c.d.e.s.SincronizacaoEstoqueService      : [ESTOQUE] Ciclo finalizado. Total de atualizações enviadas: 0
2026-09-06T09:38:00.079-03:00  INFO 12340 --- [ecommerce] [scheduling-1] c.d.e.service.SincronizacaoService       : Lendo VW_ECOMMERCE_PRECOS no banco de dados...
2026-09-06T09:38:00.121-03:00  INFO 12340 --- [ecommerce] [scheduling-1] c.d.e.service.SincronizacaoService       : Ciclo finalizado. Total de atualizações enviadas: 0
2026-09-06T09:39:00.000-03:00  INFO 12340 --- [ecommerce] [scheduling-1] c.d.e.s.SincronizacaoEstoqueService      : [ESTOQUE] Lendo VW_ECOMMERCE_ESTOQUE no banco de dados...
2026-09-06T09:39:00.026-03:00  INFO 12340 --- [ecommerce] [scheduling-1] c.d.e.s.SincronizacaoEstoqueService      : [ESTOQUE] Ciclo finalizado. Total de atualizações enviadas: 0
2026-09-06T09:39:00.026-03:00  INFO 12340 --- [ecommerce] [scheduling-1] c.d.e.service.SincronizacaoService       : Lendo VW_ECOMMERCE_PRECOS no banco de dados...
2026-09-06T09:39:00.070-03:00  INFO 12340 --- [ecommerce] [scheduling-1] c.d.e.service.SincronizacaoService       : Ciclo finalizado. Total de atualizações enviadas: 0
2026-09-06T09:40:00.001-03:00  INFO 12340 --- [ecommerce] [scheduling-1] c.d.e.service.SincronizacaoService       : Lendo VW_ECOMMERCE_PRECOS no banco de dados...
2026-09-06T09:40:00.131-03:00  INFO 12340 --- [ecommerce] [scheduling-1] c.d.e.service.SincronizacaoService       : Ciclo finalizado. Total de atualizações enviadas: 0
2026-09-06T09:40:00.132-03:00  INFO 12340 --- [ecommerce] [scheduling-1] c.d.e.s.SincronizacaoEstoqueService      : [ESTOQUE] Lendo VW_ECOMMERCE_ESTOQUE no banco de dados...
2026-09-06T09:40:00.152-03:00  INFO 12340 --- [ecommerce] [scheduling-1] c.d.e.s.SincronizacaoEstoqueService      : [ESTOQUE] Ciclo finalizado. Total de atualizações enviadas: 0
2026-09-06T09:40:59.999-03:00  INFO 12340 --- [ecommerce] [scheduling-1] c.d.e.s.SincronizacaoEstoqueService      : [ESTOQUE] Lendo VW_ECOMMERCE_ESTOQUE no banco de dados...
2026-09-06T09:41:00.051-03:00  INFO 12340 --- [ecommerce] [scheduling-1] c.d.e.s.SincronizacaoEstoqueService      : [ESTOQUE] Ciclo finalizado. Total de atualizações enviadas: 0
2026-09-06T09:41:00.051-03:00  INFO 12340 --- [ecommerce] [scheduling-1] c.d.e.service.SincronizacaoService       : Lendo VW_ECOMMERCE_PRECOS no banco de dados...
2026-09-06T09:41:00.095-03:00  INFO 12340 --- [ecommerce] [scheduling-1] c.d.e.service.SincronizacaoService       : Ciclo finalizado. Total de atualizações enviadas: 0
2026-09-06T09:42:00.001-03:00  INFO 12340 --- [ecommerce] [scheduling-1] c.d.e.s.SincronizacaoEstoqueService      : [ESTOQUE] Lendo VW_ECOMMERCE_ESTOQUE no banco de dados...
2026-09-06T09:42:00.053-03:00  INFO 12340 --- [ecommerce] [scheduling-1] c.d.e.s.SincronizacaoEstoqueService      : [ESTOQUE] Ciclo finalizado. Total de atualizações enviadas: 0
2026-09-06T09:42:00.053-03:00  INFO 12340 --- [ecommerce] [scheduling-1] c.d.e.service.SincronizacaoService       : Lendo VW_ECOMMERCE_PRECOS no banco de dados...
2026-09-06T09:42:00.110-03:00  INFO 12340 --- [ecommerce] [scheduling-1] c.d.e.service.SincronizacaoService       : Ciclo finalizado. Total de atualizações enviadas: 0
2026-09-06T09:42:59.999-03:00  INFO 12340 --- [ecommerce] [scheduling-1] c.d.e.s.SincronizacaoEstoqueService      : [ESTOQUE] Lendo VW_ECOMMERCE_ESTOQUE no banco de dados...
2026-09-06T09:43:00.041-03:00  INFO 12340 --- [ecommerce] [scheduling-1] c.d.e.s.SincronizacaoEstoqueService      : [ESTOQUE] Ciclo finalizado. Total de atualizações enviadas: 0
2026-09-06T09:43:00.041-03:00  INFO 12340 --- [ecommerce] [scheduling-1] c.d.e.service.SincronizacaoService       : Lendo VW_ECOMMERCE_PRECOS no banco de dados...
2026-09-06T09:43:00.171-03:00  INFO 12340 --- [ecommerce] [scheduling-1] c.d.e.service.SincronizacaoService       : Ciclo finalizado. Total de atualizações enviadas: 0
2026-09-06T09:44:00.001-03:00  INFO 12340 --- [ecommerce] [scheduling-1] c.d.e.service.SincronizacaoService       : Lendo VW_ECOMMERCE_PRECOS no banco de dados...
2026-09-06T09:44:00.058-03:00  INFO 12340 --- [ecommerce] [scheduling-1] c.d.e.service.SincronizacaoService       : Ciclo finalizado. Total de atualizações enviadas: 0
2026-09-06T09:44:00.058-03:00  INFO 12340 --- [ecommerce] [scheduling-1] c.d.e.s.SincronizacaoEstoqueService      : [ESTOQUE] Lendo VW_ECOMMERCE_ESTOQUE no banco de dados...
2026-09-06T09:44:00.080-03:00  INFO 12340 --- [ecommerce] [scheduling-1] c.d.e.s.SincronizacaoEstoqueService      : [ESTOQUE] Ciclo finalizado. Total de atualizações enviadas: 0
2026-09-06T09:45:00.001-03:00  INFO 12340 --- [ecommerce] [scheduling-1] c.d.e.service.SincronizacaoService       : Lendo VW_ECOMMERCE_PRECOS no banco de dados...
2026-09-06T09:45:00.081-03:00  INFO 12340 --- [ecommerce] [scheduling-1] c.d.e.service.SincronizacaoService       : Ciclo finalizado. Total de atualizações enviadas: 0
2026-09-06T09:45:00.081-03:00  INFO 12340 --- [ecommerce] [scheduling-1] c.d.e.s.SincronizacaoEstoqueService      : [ESTOQUE] Lendo VW_ECOMMERCE_ESTOQUE no banco de dados...
2026-09-06T09:45:00.113-03:00  INFO 12340 --- [ecommerce] [scheduling-1] c.d.e.s.SincronizacaoEstoqueService      : [ESTOQUE] Ciclo finalizado. Total de atualizações enviadas: 0
2026-09-06T09:46:00.000-03:00  INFO 12340 --- [ecommerce] [scheduling-1] c.d.e.service.SincronizacaoService       : Lendo VW_ECOMMERCE_PRECOS no banco de dados...
2026-09-06T09:46:00.093-03:00  INFO 12340 --- [ecommerce] [scheduling-1] c.d.e.service.SincronizacaoService       : Ciclo finalizado. Total de atualizações enviadas: 0
2026-09-06T09:46:00.093-03:00  INFO 12340 --- [ecommerce] [scheduling-1] c.d.e.s.SincronizacaoEstoqueService      : [ESTOQUE] Lendo VW_ECOMMERCE_ESTOQUE no banco de dados...
2026-09-06T09:46:00.124-03:00  INFO 12340 --- [ecommerce] [scheduling-1] c.d.e.s.SincronizacaoEstoqueService      : [ESTOQUE] Ciclo finalizado. Total de atualizações enviadas: 0
2026-09-06T09:47:00.000-03:00  INFO 12340 --- [ecommerce] [scheduling-1] c.d.e.s.SincronizacaoEstoqueService      : [ESTOQUE] Lendo VW_ECOMMERCE_ESTOQUE no banco de dados...
2026-09-06T09:47:00.051-03:00  INFO 12340 --- [ecommerce] [scheduling-1] c.d.e.s.SincronizacaoEstoqueService      : [ESTOQUE] Ciclo finalizado. Total de atualizações enviadas: 0
2026-09-06T09:47:00.056-03:00  INFO 12340 --- [ecommerce] [scheduling-1] c.d.e.service.SincronizacaoService       : Lendo VW_ECOMMERCE_PRECOS no banco de dados...
2026-09-06T09:47:00.101-03:00  INFO 12340 --- [ecommerce] [scheduling-1] c.d.e.service.SincronizacaoService       : Ciclo finalizado. Total de atualizações enviadas: 0
2026-09-06T09:47:59.999-03:00  INFO 12340 --- [ecommerce] [scheduling-1] c.d.e.s.SincronizacaoEstoqueService      : [ESTOQUE] Lendo VW_ECOMMERCE_ESTOQUE no banco de dados...
2026-09-06T09:48:00.064-03:00  INFO 12340 --- [ecommerce] [scheduling-1] c.d.e.s.SincronizacaoEstoqueService      : [ESTOQUE] Ciclo finalizado. Total de atualizações enviadas: 0
2026-09-06T09:48:00.064-03:00  INFO 12340 --- [ecommerce] [scheduling-1] c.d.e.service.SincronizacaoService       : Lendo VW_ECOMMERCE_PRECOS no banco de dados...
2026-09-06T09:48:00.381-03:00  INFO 12340 --- [ecommerce] [scheduling-1] c.d.e.service.SincronizacaoService       : Ciclo finalizado. Total de atualizações enviadas: 0
2026-09-06T09:48:59.999-03:00  INFO 12340 --- [ecommerce] [scheduling-1] c.d.e.service.SincronizacaoService       : Lendo VW_ECOMMERCE_PRECOS no banco de dados...
2026-09-06T09:49:00.060-03:00  INFO 12340 --- [ecommerce] [scheduling-1] c.d.e.service.SincronizacaoService       : Ciclo finalizado. Total de atualizações enviadas: 0
2026-09-06T09:49:00.060-03:00  INFO 12340 --- [ecommerce] [scheduling-1] c.d.e.s.SincronizacaoEstoqueService      : [ESTOQUE] Lendo VW_ECOMMERCE_ESTOQUE no banco de dados...
2026-09-06T09:49:00.095-03:00  INFO 12340 --- [ecommerce] [scheduling-1] c.d.e.s.SincronizacaoEstoqueService      : [ESTOQUE] Ciclo finalizado. Total de atualizações enviadas: 0
2026-09-06T09:50:00.001-03:00  INFO 12340 --- [ecommerce] [scheduling-1] c.d.e.service.SincronizacaoService       : Lendo VW_ECOMMERCE_PRECOS no banco de dados...
2026-09-06T09:50:00.071-03:00  INFO 12340 --- [ecommerce] [scheduling-1] c.d.e.service.SincronizacaoService       : Ciclo finalizado. Total de atualizações enviadas: 0
2026-09-06T09:50:00.071-03:00  INFO 12340 --- [ecommerce] [scheduling-1] c.d.e.s.SincronizacaoEstoqueService      : [ESTOQUE] Lendo VW_ECOMMERCE_ESTOQUE no banco de dados...
2026-09-06T09:50:00.107-03:00  INFO 12340 --- [ecommerce] [scheduling-1] c.d.e.s.SincronizacaoEstoqueService      : [ESTOQUE] Ciclo finalizado. Total de atualizações enviadas: 0
2026-09-06T09:51:00.001-03:00  INFO 12340 --- [ecommerce] [scheduling-1] c.d.e.s.SincronizacaoEstoqueService      : [ESTOQUE] Lendo VW_ECOMMERCE_ESTOQUE no banco de dados...
2026-09-06T09:51:00.092-03:00  INFO 12340 --- [ecommerce] [scheduling-1] c.d.e.s.SincronizacaoEstoqueService      : [ESTOQUE] Ciclo finalizado. Total de atualizações enviadas: 0
2026-09-06T09:51:00.092-03:00  INFO 12340 --- [ecommerce] [scheduling-1] c.d.e.service.SincronizacaoService       : Lendo VW_ECOMMERCE_PRECOS no banco de dados...
2026-09-06T09:51:00.200-03:00  INFO 12340 --- [ecommerce] [scheduling-1] c.d.e.service.SincronizacaoService       : Ciclo finalizado. Total de atualizações enviadas: 0
2026-09-06T09:51:59.999-03:00  INFO 12340 --- [ecommerce] [scheduling-1] c.d.e.service.SincronizacaoService       : Lendo VW_ECOMMERCE_PRECOS no banco de dados...
2026-09-06T09:52:00.083-03:00  INFO 12340 --- [ecommerce] [scheduling-1] c.d.e.service.SincronizacaoService       : Ciclo finalizado. Total de atualizações enviadas: 0
2026-09-06T09:52:00.083-03:00  INFO 12340 --- [ecommerce] [scheduling-1] c.d.e.s.SincronizacaoEstoqueService      : [ESTOQUE] Lendo VW_ECOMMERCE_ESTOQUE no banco de dados...
2026-09-06T09:52:00.116-03:00  INFO 12340 --- [ecommerce] [scheduling-1] c.d.e.s.SincronizacaoEstoqueService      : [ESTOQUE] Ciclo finalizado. Total de atualizações enviadas: 0
2026-09-06T09:53:00.000-03:00  INFO 12340 --- [ecommerce] [scheduling-1] c.d.e.s.SincronizacaoEstoqueService      : [ESTOQUE] Lendo VW_ECOMMERCE_ESTOQUE no banco de dados...
2026-09-06T09:53:00.065-03:00  INFO 12340 --- [ecommerce] [scheduling-1] c.d.e.s.SincronizacaoEstoqueService      : [ESTOQUE] Ciclo finalizado. Total de atualizações enviadas: 0
2026-09-06T09:53:00.066-03:00  INFO 12340 --- [ecommerce] [scheduling-1] c.d.e.service.SincronizacaoService       : Lendo VW_ECOMMERCE_PRECOS no banco de dados...
2026-09-06T09:53:00.145-03:00  INFO 12340 --- [ecommerce] [scheduling-1] c.d.e.service.SincronizacaoService       : Ciclo finalizado. Total de atualizações enviadas: 0
2026-09-06T09:54:00.000-03:00  INFO 12340 --- [ecommerce] [scheduling-1] c.d.e.s.SincronizacaoEstoqueService      : [ESTOQUE] Lendo VW_ECOMMERCE_ESTOQUE no banco de dados...
2026-09-06T09:54:00.054-03:00  INFO 12340 --- [ecommerce] [scheduling-1] c.d.e.s.SincronizacaoEstoqueService      : [ESTOQUE] Ciclo finalizado. Total de atualizações enviadas: 0
2026-09-06T09:54:00.054-03:00  INFO 12340 --- [ecommerce] [scheduling-1] c.d.e.service.SincronizacaoService       : Lendo VW_ECOMMERCE_PRECOS no banco de dados...
2026-09-06T09:54:00.140-03:00  INFO 12340 --- [ecommerce] [scheduling-1] c.d.e.service.SincronizacaoService       : Ciclo finalizado. Total de atualizações enviadas: 0
2026-09-06T09:54:59.999-03:00  INFO 12340 --- [ecommerce] [scheduling-1] c.d.e.s.SincronizacaoEstoqueService      : [ESTOQUE] Lendo VW_ECOMMERCE_ESTOQUE no banco de dados...
2026-09-06T09:55:00.058-03:00  INFO 12340 --- [ecommerce] [scheduling-1] c.d.e.s.SincronizacaoEstoqueService      : [ESTOQUE] Ciclo finalizado. Total de atualizações enviadas: 0
2026-09-06T09:55:00.059-03:00  INFO 12340 --- [ecommerce] [scheduling-1] c.d.e.service.SincronizacaoService       : Lendo VW_ECOMMERCE_PRECOS no banco de dados...
2026-09-06T09:55:00.101-03:00  INFO 12340 --- [ecommerce] [scheduling-1] c.d.e.service.SincronizacaoService       : Ciclo finalizado. Total de atualizações enviadas: 0
2026-09-06T09:56:00.001-03:00  INFO 12340 --- [ecommerce] [scheduling-1] c.d.e.s.SincronizacaoEstoqueService      : [ESTOQUE] Lendo VW_ECOMMERCE_ESTOQUE no banco de dados...
2026-09-06T09:56:00.034-03:00  INFO 12340 --- [ecommerce] [scheduling-1] c.d.e.s.SincronizacaoEstoqueService      : [ESTOQUE] Ciclo finalizado. Total de atualizações enviadas: 0
2026-09-06T09:56:00.034-03:00  INFO 12340 --- [ecommerce] [scheduling-1] c.d.e.service.SincronizacaoService       : Lendo VW_ECOMMERCE_PRECOS no banco de dados...
2026-09-06T09:56:00.076-03:00  INFO 12340 --- [ecommerce] [scheduling-1] c.d.e.service.SincronizacaoService       : Ciclo finalizado. Total de atualizações enviadas: 0
2026-09-06T09:57:00.000-03:00  INFO 12340 --- [ecommerce] [scheduling-1] c.d.e.s.SincronizacaoEstoqueService      : [ESTOQUE] Lendo VW_ECOMMERCE_ESTOQUE no banco de dados...
2026-09-06T09:57:00.094-03:00  INFO 12340 --- [ecommerce] [scheduling-1] c.d.e.s.SincronizacaoEstoqueService      : [ESTOQUE] Ciclo finalizado. Total de atualizações enviadas: 0
2026-09-06T09:57:00.094-03:00  INFO 12340 --- [ecommerce] [scheduling-1] c.d.e.service.SincronizacaoService       : Lendo VW_ECOMMERCE_PRECOS no banco de dados...
2026-09-06T09:57:00.146-03:00  INFO 12340 --- [ecommerce] [scheduling-1] c.d.e.service.SincronizacaoService       : Ciclo finalizado. Total de atualizações enviadas: 0
2026-09-06T09:58:00.001-03:00  INFO 12340 --- [ecommerce] [scheduling-1] c.d.e.s.SincronizacaoEstoqueService      : [ESTOQUE] Lendo VW_ECOMMERCE_ESTOQUE no banco de dados...
2026-09-06T09:58:00.080-03:00  INFO 12340 --- [ecommerce] [scheduling-1] c.d.e.s.SincronizacaoEstoqueService      : [ESTOQUE] Ciclo finalizado. Total de atualizações enviadas: 0
2026-09-06T09:58:00.080-03:00  INFO 12340 --- [ecommerce] [scheduling-1] c.d.e.service.SincronizacaoService       : Lendo VW_ECOMMERCE_PRECOS no banco de dados...
2026-09-06T09:58:00.123-03:00  INFO 12340 --- [ecommerce] [scheduling-1] c.d.e.service.SincronizacaoService       : Ciclo finalizado. Total de atualizações enviadas: 0
2026-09-06T09:59:00.000-03:00  INFO 12340 --- [ecommerce] [scheduling-1] c.d.e.service.SincronizacaoService       : Lendo VW_ECOMMERCE_PRECOS no banco de dados...
2026-09-06T09:59:00.053-03:00  INFO 12340 --- [ecommerce] [scheduling-1] c.d.e.service.SincronizacaoService       : Ciclo finalizado. Total de atualizações enviadas: 0
2026-09-06T09:59:00.053-03:00  INFO 12340 --- [ecommerce] [scheduling-1] c.d.e.s.SincronizacaoEstoqueService      : [ESTOQUE] Lendo VW_ECOMMERCE_ESTOQUE no banco de dados...
2026-09-06T09:59:00.081-03:00  INFO 12340 --- [ecommerce] [scheduling-1] c.d.e.s.SincronizacaoEstoqueService      : [ESTOQUE] Ciclo finalizado. Total de atualizações enviadas: 0
2026-09-06T10:00:00.001-03:00  INFO 12340 --- [ecommerce] [scheduling-1] c.d.e.s.SincronizacaoEstoqueService      : [ESTOQUE] Lendo VW_ECOMMERCE_ESTOQUE no banco de dados...
2026-09-06T10:00:00.095-03:00  INFO 12340 --- [ecommerce] [scheduling-1] c.d.e.s.SincronizacaoEstoqueService      : [ESTOQUE] Ciclo finalizado. Total de atualizações enviadas: 0
2026-09-06T10:00:00.096-03:00  INFO 12340 --- [ecommerce] [scheduling-1] c.d.e.service.SincronizacaoService       : Lendo VW_ECOMMERCE_PRECOS no banco de dados...
2026-09-06T10:00:00.140-03:00  INFO 12340 --- [ecommerce] [scheduling-1] c.d.e.service.SincronizacaoService       : Ciclo finalizado. Total de atualizações enviadas: 0
2026-09-06T10:00:59.999-03:00  INFO 12340 --- [ecommerce] [scheduling-1] c.d.e.s.SincronizacaoEstoqueService      : [ESTOQUE] Lendo VW_ECOMMERCE_ESTOQUE no banco de dados...
2026-09-06T10:01:00.095-03:00  INFO 12340 --- [ecommerce] [scheduling-1] c.d.e.s.SincronizacaoEstoqueService      : [ESTOQUE] Ciclo finalizado. Total de atualizações enviadas: 0
2026-09-06T10:01:00.095-03:00  INFO 12340 --- [ecommerce] [scheduling-1] c.d.e.service.SincronizacaoService       : Lendo VW_ECOMMERCE_PRECOS no banco de dados...
2026-09-06T10:01:00.141-03:00  INFO 12340 --- [ecommerce] [scheduling-1] c.d.e.service.SincronizacaoService       : Ciclo finalizado. Total de atualizações enviadas: 0
2026-09-06T10:02:00.000-03:00  INFO 12340 --- [ecommerce] [scheduling-1] c.d.e.s.SincronizacaoEstoqueService      : [ESTOQUE] Lendo VW_ECOMMERCE_ESTOQUE no banco de dados...
2026-09-06T10:02:00.044-03:00  INFO 12340 --- [ecommerce] [scheduling-1] c.d.e.s.SincronizacaoEstoqueService      : [ESTOQUE] Ciclo finalizado. Total de atualizações enviadas: 0
2026-09-06T10:02:00.045-03:00  INFO 12340 --- [ecommerce] [scheduling-1] c.d.e.service.SincronizacaoService       : Lendo VW_ECOMMERCE_PRECOS no banco de dados...
2026-09-06T10:02:00.157-03:00  INFO 12340 --- [ecommerce] [scheduling-1] c.d.e.service.SincronizacaoService       : Ciclo finalizado. Total de atualizações enviadas: 0
2026-09-06T10:03:00.000-03:00  INFO 12340 --- [ecommerce] [scheduling-1] c.d.e.s.SincronizacaoEstoqueService      : [ESTOQUE] Lendo VW_ECOMMERCE_ESTOQUE no banco de dados...
2026-09-06T10:03:00.040-03:00  INFO 12340 --- [ecommerce] [scheduling-1] c.d.e.s.SincronizacaoEstoqueService      : [ESTOQUE] Ciclo finalizado. Total de atualizações enviadas: 0
2026-09-06T10:03:00.040-03:00  INFO 12340 --- [ecommerce] [scheduling-1] c.d.e.service.SincronizacaoService       : Lendo VW_ECOMMERCE_PRECOS no banco de dados...
2026-09-06T10:03:00.086-03:00  INFO 12340 --- [ecommerce] [scheduling-1] c.d.e.service.SincronizacaoService       : Ciclo finalizado. Total de atualizações enviadas: 0
2026-09-06T10:04:00.000-03:00  INFO 12340 --- [ecommerce] [scheduling-1] c.d.e.s.SincronizacaoEstoqueService      : [ESTOQUE] Lendo VW_ECOMMERCE_ESTOQUE no banco de dados...
2026-09-06T10:04:00.071-03:00  INFO 12340 --- [ecommerce] [scheduling-1] c.d.e.s.SincronizacaoEstoqueService      : [ESTOQUE] Ciclo finalizado. Total de atualizações enviadas: 0
2026-09-06T10:04:00.071-03:00  INFO 12340 --- [ecommerce] [scheduling-1] c.d.e.service.SincronizacaoService       : Lendo VW_ECOMMERCE_PRECOS no banco de dados...
2026-09-06T10:04:00.116-03:00  INFO 12340 --- [ecommerce] [scheduling-1] c.d.e.service.SincronizacaoService       : Ciclo finalizado. Total de atualizações enviadas: 0
2026-09-06T10:05:00.000-03:00  INFO 12340 --- [ecommerce] [scheduling-1] c.d.e.service.SincronizacaoService       : Lendo VW_ECOMMERCE_PRECOS no banco de dados...
2026-09-06T10:05:00.133-03:00  INFO 12340 --- [ecommerce] [scheduling-1] c.d.e.service.SincronizacaoService       : Ciclo finalizado. Total de atualizações enviadas: 0
2026-09-06T10:05:00.134-03:00  INFO 12340 --- [ecommerce] [scheduling-1] c.d.e.s.SincronizacaoEstoqueService      : [ESTOQUE] Lendo VW_ECOMMERCE_ESTOQUE no banco de dados...
2026-09-06T10:05:00.156-03:00  INFO 12340 --- [ecommerce] [scheduling-1] c.d.e.s.SincronizacaoEstoqueService      : [ESTOQUE] Ciclo finalizado. Total de atualizações enviadas: 0
2026-09-06T10:05:59.999-03:00  INFO 12340 --- [ecommerce] [scheduling-1] c.d.e.service.SincronizacaoService       : Lendo VW_ECOMMERCE_PRECOS no banco de dados...
2026-09-06T10:06:00.107-03:00  INFO 12340 --- [ecommerce] [scheduling-1] c.d.e.service.SincronizacaoService       : Ciclo finalizado. Total de atualizações enviadas: 0
2026-09-06T10:06:00.107-03:00  INFO 12340 --- [ecommerce] [scheduling-1] c.d.e.s.SincronizacaoEstoqueService      : [ESTOQUE] Lendo VW_ECOMMERCE_ESTOQUE no banco de dados...
2026-09-06T10:06:00.136-03:00  INFO 12340 --- [ecommerce] [scheduling-1] c.d.e.s.SincronizacaoEstoqueService      : [ESTOQUE] Ciclo finalizado. Total de atualizações enviadas: 0
2026-09-06T10:07:00.000-03:00  INFO 12340 --- [ecommerce] [scheduling-1] c.d.e.s.SincronizacaoEstoqueService      : [ESTOQUE] Lendo VW_ECOMMERCE_ESTOQUE no banco de dados...
2026-09-06T10:07:00.074-03:00  INFO 12340 --- [ecommerce] [scheduling-1] c.d.e.s.SincronizacaoEstoqueService      : [ESTOQUE] Ciclo finalizado. Total de atualizações enviadas: 0
2026-09-06T10:07:00.074-03:00  INFO 12340 --- [ecommerce] [scheduling-1] c.d.e.service.SincronizacaoService       : Lendo VW_ECOMMERCE_PRECOS no banco de dados...
2026-09-06T10:07:00.189-03:00  INFO 12340 --- [ecommerce] [scheduling-1] c.d.e.service.SincronizacaoService       : Ciclo finalizado. Total de atualizações enviadas: 0
2026-09-06T10:08:00.000-03:00  INFO 12340 --- [ecommerce] [scheduling-1] c.d.e.service.SincronizacaoService       : Lendo VW_ECOMMERCE_PRECOS no banco de dados...
2026-09-06T10:08:00.113-03:00  INFO 12340 --- [ecommerce] [scheduling-1] c.d.e.service.SincronizacaoService       : Ciclo finalizado. Total de atualizações enviadas: 0
2026-09-06T10:08:00.113-03:00  INFO 12340 --- [ecommerce] [scheduling-1] c.d.e.s.SincronizacaoEstoqueService      : [ESTOQUE] Lendo VW_ECOMMERCE_ESTOQUE no banco de dados...
2026-09-06T10:08:00.139-03:00  INFO 12340 --- [ecommerce] [scheduling-1] c.d.e.s.SincronizacaoEstoqueService      : [ESTOQUE] Ciclo finalizado. Total de atualizações enviadas: 0
2026-09-06T10:09:00.000-03:00  INFO 12340 --- [ecommerce] [scheduling-1] c.d.e.s.SincronizacaoEstoqueService      : [ESTOQUE] Lendo VW_ECOMMERCE_ESTOQUE no banco de dados...
2026-09-06T10:09:00.099-03:00  INFO 12340 --- [ecommerce] [scheduling-1] c.d.e.s.SincronizacaoEstoqueService      : [ESTOQUE] Ciclo finalizado. Total de atualizações enviadas: 0
2026-09-06T10:09:00.099-03:00  INFO 12340 --- [ecommerce] [scheduling-1] c.d.e.service.SincronizacaoService       : Lendo VW_ECOMMERCE_PRECOS no banco de dados...
2026-09-06T10:09:00.141-03:00  INFO 12340 --- [ecommerce] [scheduling-1] c.d.e.service.SincronizacaoService       : Ciclo finalizado. Total de atualizações enviadas: 0
2026-09-06T10:10:00.001-03:00  INFO 12340 --- [ecommerce] [scheduling-1] c.d.e.s.SincronizacaoEstoqueService      : [ESTOQUE] Lendo VW_ECOMMERCE_ESTOQUE no banco de dados...
2026-09-06T10:10:00.073-03:00  INFO 12340 --- [ecommerce] [scheduling-1] c.d.e.s.SincronizacaoEstoqueService      : [ESTOQUE] Ciclo finalizado. Total de atualizações enviadas: 0
2026-09-06T10:10:00.074-03:00  INFO 12340 --- [ecommerce] [scheduling-1] c.d.e.service.SincronizacaoService       : Lendo VW_ECOMMERCE_PRECOS no banco de dados...
2026-09-06T10:10:00.119-03:00  INFO 12340 --- [ecommerce] [scheduling-1] c.d.e.service.SincronizacaoService       : Ciclo finalizado. Total de atualizações enviadas: 0
2026-09-06T10:11:00.000-03:00  INFO 12340 --- [ecommerce] [scheduling-1] c.d.e.s.SincronizacaoEstoqueService      : [ESTOQUE] Lendo VW_ECOMMERCE_ESTOQUE no banco de dados...
2026-09-06T10:11:00.032-03:00  INFO 12340 --- [ecommerce] [scheduling-1] c.d.e.s.SincronizacaoEstoqueService      : [ESTOQUE] Ciclo finalizado. Total de atualizações enviadas: 0
2026-09-06T10:11:00.032-03:00  INFO 12340 --- [ecommerce] [scheduling-1] c.d.e.service.SincronizacaoService       : Lendo VW_ECOMMERCE_PRECOS no banco de dados...
2026-09-06T10:11:00.079-03:00  INFO 12340 --- [ecommerce] [scheduling-1] c.d.e.service.SincronizacaoService       : Ciclo finalizado. Total de atualizações enviadas: 0
2026-09-06T10:12:00.000-03:00  INFO 12340 --- [ecommerce] [scheduling-1] c.d.e.s.SincronizacaoEstoqueService      : [ESTOQUE] Lendo VW_ECOMMERCE_ESTOQUE no banco de dados...
2026-09-06T10:12:00.193-03:00  INFO 12340 --- [ecommerce] [scheduling-1] c.d.e.s.SincronizacaoEstoqueService      : [ESTOQUE] Ciclo finalizado. Total de atualizações enviadas: 0
2026-09-06T10:12:00.194-03:00  INFO 12340 --- [ecommerce] [scheduling-1] c.d.e.service.SincronizacaoService       : Lendo VW_ECOMMERCE_PRECOS no banco de dados...
2026-09-06T10:12:00.242-03:00  INFO 12340 --- [ecommerce] [scheduling-1] c.d.e.service.SincronizacaoService       : Ciclo finalizado. Total de atualizações enviadas: 0
2026-09-06T10:13:00.000-03:00  INFO 12340 --- [ecommerce] [scheduling-1] c.d.e.s.SincronizacaoEstoqueService      : [ESTOQUE] Lendo VW_ECOMMERCE_ESTOQUE no banco de dados...
2026-09-06T10:13:00.048-03:00  INFO 12340 --- [ecommerce] [scheduling-1] c.d.e.s.SincronizacaoEstoqueService      : [ESTOQUE] Ciclo finalizado. Total de atualizações enviadas: 0
2026-09-06T10:13:00.048-03:00  INFO 12340 --- [ecommerce] [scheduling-1] c.d.e.service.SincronizacaoService       : Lendo VW_ECOMMERCE_PRECOS no banco de dados...
2026-09-06T10:13:00.093-03:00  INFO 12340 --- [ecommerce] [scheduling-1] c.d.e.service.SincronizacaoService       : Ciclo finalizado. Total de atualizações enviadas: 0
2026-09-06T10:13:59.999-03:00  INFO 12340 --- [ecommerce] [scheduling-1] c.d.e.service.SincronizacaoService       : Lendo VW_ECOMMERCE_PRECOS no banco de dados...
2026-09-06T10:14:00.046-03:00  INFO 12340 --- [ecommerce] [scheduling-1] c.d.e.service.SincronizacaoService       : Ciclo finalizado. Total de atualizações enviadas: 0
2026-09-06T10:14:00.047-03:00  INFO 12340 --- [ecommerce] [scheduling-1] c.d.e.s.SincronizacaoEstoqueService      : [ESTOQUE] Lendo VW_ECOMMERCE_ESTOQUE no banco de dados...
2026-09-06T10:14:00.082-03:00  INFO 12340 --- [ecommerce] [scheduling-1] c.d.e.s.SincronizacaoEstoqueService      : [ESTOQUE] Ciclo finalizado. Total de atualizações enviadas: 0
2026-09-06T10:15:00.000-03:00  INFO 12340 --- [ecommerce] [scheduling-1] c.d.e.s.SincronizacaoEstoqueService      : [ESTOQUE] Lendo VW_ECOMMERCE_ESTOQUE no banco de dados...
2026-09-06T10:15:00.077-03:00  INFO 12340 --- [ecommerce] [scheduling-1] c.d.e.s.SincronizacaoEstoqueService      : [ESTOQUE] Ciclo finalizado. Total de atualizações enviadas: 0
2026-09-06T10:15:00.077-03:00  INFO 12340 --- [ecommerce] [scheduling-1] c.d.e.service.SincronizacaoService       : Lendo VW_ECOMMERCE_PRECOS no banco de dados...
2026-09-06T10:15:00.127-03:00  INFO 12340 --- [ecommerce] [scheduling-1] c.d.e.service.SincronizacaoService       : Ciclo finalizado. Total de atualizações enviadas: 0
2026-09-06T10:16:00.001-03:00  INFO 12340 --- [ecommerce] [scheduling-1] c.d.e.s.SincronizacaoEstoqueService      : [ESTOQUE] Lendo VW_ECOMMERCE_ESTOQUE no banco de dados...
2026-09-06T10:16:00.043-03:00  INFO 12340 --- [ecommerce] [scheduling-1] c.d.e.s.SincronizacaoEstoqueService      : [ESTOQUE] Ciclo finalizado. Total de atualizações enviadas: 0
2026-09-06T10:16:00.043-03:00  INFO 12340 --- [ecommerce] [scheduling-1] c.d.e.service.SincronizacaoService       : Lendo VW_ECOMMERCE_PRECOS no banco de dados...
2026-09-06T10:16:00.087-03:00  INFO 12340 --- [ecommerce] [scheduling-1] c.d.e.service.SincronizacaoService       : Ciclo finalizado. Total de atualizações enviadas: 0
2026-09-06T10:17:00.000-03:00  INFO 12340 --- [ecommerce] [scheduling-1] c.d.e.s.SincronizacaoEstoqueService      : [ESTOQUE] Lendo VW_ECOMMERCE_ESTOQUE no banco de dados...
2026-09-06T10:17:00.076-03:00  INFO 12340 --- [ecommerce] [scheduling-1] c.d.e.s.SincronizacaoEstoqueService      : [ESTOQUE] Ciclo finalizado. Total de atualizações enviadas: 0
2026-09-06T10:17:00.076-03:00  INFO 12340 --- [ecommerce] [scheduling-1] c.d.e.service.SincronizacaoService       : Lendo VW_ECOMMERCE_PRECOS no banco de dados...
2026-09-06T10:17:00.120-03:00  INFO 12340 --- [ecommerce] [scheduling-1] c.d.e.service.SincronizacaoService       : Ciclo finalizado. Total de atualizações enviadas: 0
2026-09-06T10:18:00.000-03:00  INFO 12340 --- [ecommerce] [scheduling-1] c.d.e.s.SincronizacaoEstoqueService      : [ESTOQUE] Lendo VW_ECOMMERCE_ESTOQUE no banco de dados...
2026-09-06T10:18:00.045-03:00  INFO 12340 --- [ecommerce] [scheduling-1] c.d.e.s.SincronizacaoEstoqueService      : [ESTOQUE] Ciclo finalizado. Total de atualizações enviadas: 0
2026-09-06T10:18:00.045-03:00  INFO 12340 --- [ecommerce] [scheduling-1] c.d.e.service.SincronizacaoService       : Lendo VW_ECOMMERCE_PRECOS no banco de dados...
2026-09-06T10:18:00.105-03:00  INFO 12340 --- [ecommerce] [scheduling-1] c.d.e.service.SincronizacaoService       : Ciclo finalizado. Total de atualizações enviadas: 0
2026-09-06T10:19:00.001-03:00  INFO 12340 --- [ecommerce] [scheduling-1] c.d.e.s.SincronizacaoEstoqueService      : [ESTOQUE] Lendo VW_ECOMMERCE_ESTOQUE no banco de dados...
2026-09-06T10:19:00.099-03:00  INFO 12340 --- [ecommerce] [scheduling-1] c.d.e.s.SincronizacaoEstoqueService      : [ESTOQUE] Ciclo finalizado. Total de atualizações enviadas: 0
2026-09-06T10:19:00.099-03:00  INFO 12340 --- [ecommerce] [scheduling-1] c.d.e.service.SincronizacaoService       : Lendo VW_ECOMMERCE_PRECOS no banco de dados...
2026-09-06T10:19:00.142-03:00  INFO 12340 --- [ecommerce] [scheduling-1] c.d.e.service.SincronizacaoService       : Ciclo finalizado. Total de atualizações enviadas: 0
2026-09-06T10:20:00.000-03:00  INFO 12340 --- [ecommerce] [scheduling-1] c.d.e.service.SincronizacaoService       : Lendo VW_ECOMMERCE_PRECOS no banco de dados...
2026-09-06T10:20:00.056-03:00  INFO 12340 --- [ecommerce] [scheduling-1] c.d.e.service.SincronizacaoService       : Ciclo finalizado. Total de atualizações enviadas: 0
2026-09-06T10:20:00.056-03:00  INFO 12340 --- [ecommerce] [scheduling-1] c.d.e.s.SincronizacaoEstoqueService      : [ESTOQUE] Lendo VW_ECOMMERCE_ESTOQUE no banco de dados...
2026-09-06T10:20:00.088-03:00  INFO 12340 --- [ecommerce] [scheduling-1] c.d.e.s.SincronizacaoEstoqueService      : [ESTOQUE] Ciclo finalizado. Total de atualizações enviadas: 0
2026-09-06T10:21:00.001-03:00  INFO 12340 --- [ecommerce] [scheduling-1] c.d.e.s.SincronizacaoEstoqueService      : [ESTOQUE] Lendo VW_ECOMMERCE_ESTOQUE no banco de dados...
2026-09-06T10:21:00.071-03:00  INFO 12340 --- [ecommerce] [scheduling-1] c.d.e.s.SincronizacaoEstoqueService      : [ESTOQUE] Ciclo finalizado. Total de atualizações enviadas: 0
2026-09-06T10:21:00.071-03:00  INFO 12340 --- [ecommerce] [scheduling-1] c.d.e.service.SincronizacaoService       : Lendo VW_ECOMMERCE_PRECOS no banco de dados...
2026-09-06T10:21:00.115-03:00  INFO 12340 --- [ecommerce] [scheduling-1] c.d.e.service.SincronizacaoService       : Ciclo finalizado. Total de atualizações enviadas: 0
2026-09-06T10:22:00.000-03:00  INFO 12340 --- [ecommerce] [scheduling-1] c.d.e.s.SincronizacaoEstoqueService      : [ESTOQUE] Lendo VW_ECOMMERCE_ESTOQUE no banco de dados...
2026-09-06T10:22:00.084-03:00  INFO 12340 --- [ecommerce] [scheduling-1] c.d.e.s.SincronizacaoEstoqueService      : [ESTOQUE] Ciclo finalizado. Total de atualizações enviadas: 0
2026-09-06T10:22:00.084-03:00  INFO 12340 --- [ecommerce] [scheduling-1] c.d.e.service.SincronizacaoService       : Lendo VW_ECOMMERCE_PRECOS no banco de dados...
2026-09-06T10:22:00.129-03:00  INFO 12340 --- [ecommerce] [scheduling-1] c.d.e.service.SincronizacaoService       : Ciclo finalizado. Total de atualizações enviadas: 0
2026-09-06T10:23:00.000-03:00  INFO 12340 --- [ecommerce] [scheduling-1] c.d.e.s.SincronizacaoEstoqueService      : [ESTOQUE] Lendo VW_ECOMMERCE_ESTOQUE no banco de dados...
2026-09-06T10:23:00.036-03:00  INFO 12340 --- [ecommerce] [scheduling-1] c.d.e.s.SincronizacaoEstoqueService      : [ESTOQUE] Ciclo finalizado. Total de atualizações enviadas: 0
2026-09-06T10:23:00.036-03:00  INFO 12340 --- [ecommerce] [scheduling-1] c.d.e.service.SincronizacaoService       : Lendo VW_ECOMMERCE_PRECOS no banco de dados...
2026-09-06T10:23:00.081-03:00  INFO 12340 --- [ecommerce] [scheduling-1] c.d.e.service.SincronizacaoService       : Ciclo finalizado. Total de atualizações enviadas: 0
2026-09-06T10:24:00.000-03:00  INFO 12340 --- [ecommerce] [scheduling-1] c.d.e.service.SincronizacaoService       : Lendo VW_ECOMMERCE_PRECOS no banco de dados...
2026-09-06T10:24:00.092-03:00  INFO 12340 --- [ecommerce] [scheduling-1] c.d.e.service.SincronizacaoService       : Ciclo finalizado. Total de atualizações enviadas: 0
2026-09-06T10:24:00.092-03:00  INFO 12340 --- [ecommerce] [scheduling-1] c.d.e.s.SincronizacaoEstoqueService      : [ESTOQUE] Lendo VW_ECOMMERCE_ESTOQUE no banco de dados...
2026-09-06T10:24:00.116-03:00  INFO 12340 --- [ecommerce] [scheduling-1] c.d.e.s.SincronizacaoEstoqueService      : [ESTOQUE] Ciclo finalizado. Total de atualizações enviadas: 0
2026-09-06T10:25:00.000-03:00  INFO 12340 --- [ecommerce] [scheduling-1] c.d.e.s.SincronizacaoEstoqueService      : [ESTOQUE] Lendo VW_ECOMMERCE_ESTOQUE no banco de dados...
2026-09-06T10:25:00.094-03:00  INFO 12340 --- [ecommerce] [scheduling-1] c.d.e.s.SincronizacaoEstoqueService      : [ESTOQUE] Ciclo finalizado. Total de atualizações enviadas: 0
2026-09-06T10:25:00.094-03:00  INFO 12340 --- [ecommerce] [scheduling-1] c.d.e.service.SincronizacaoService       : Lendo VW_ECOMMERCE_PRECOS no banco de dados...
2026-09-06T10:25:00.151-03:00  INFO 12340 --- [ecommerce] [scheduling-1] c.d.e.service.SincronizacaoService       : Ciclo finalizado. Total de atualizações enviadas: 0
2026-09-06T10:26:00.000-03:00  INFO 12340 --- [ecommerce] [scheduling-1] c.d.e.service.SincronizacaoService       : Lendo VW_ECOMMERCE_PRECOS no banco de dados...
2026-09-06T10:26:00.079-03:00  INFO 12340 --- [ecommerce] [scheduling-1] c.d.e.service.SincronizacaoService       : Ciclo finalizado. Total de atualizações enviadas: 0
2026-09-06T10:26:00.080-03:00  INFO 12340 --- [ecommerce] [scheduling-1] c.d.e.s.SincronizacaoEstoqueService      : [ESTOQUE] Lendo VW_ECOMMERCE_ESTOQUE no banco de dados...
2026-09-06T10:26:00.113-03:00  INFO 12340 --- [ecommerce] [scheduling-1] c.d.e.s.SincronizacaoEstoqueService      : [ESTOQUE] Ciclo finalizado. Total de atualizações enviadas: 0
2026-09-06T10:27:00.000-03:00  INFO 12340 --- [ecommerce] [scheduling-1] c.d.e.s.SincronizacaoEstoqueService      : [ESTOQUE] Lendo VW_ECOMMERCE_ESTOQUE no banco de dados...
2026-09-06T10:27:00.089-03:00  INFO 12340 --- [ecommerce] [scheduling-1] c.d.e.s.SincronizacaoEstoqueService      : [ESTOQUE] Ciclo finalizado. Total de atualizações enviadas: 0
2026-09-06T10:27:00.090-03:00  INFO 12340 --- [ecommerce] [scheduling-1] c.d.e.service.SincronizacaoService       : Lendo VW_ECOMMERCE_PRECOS no banco de dados...
2026-09-06T10:27:00.134-03:00  INFO 12340 --- [ecommerce] [scheduling-1] c.d.e.service.SincronizacaoService       : Ciclo finalizado. Total de atualizações enviadas: 0
2026-09-06T10:28:00.001-03:00  INFO 12340 --- [ecommerce] [scheduling-1] c.d.e.s.SincronizacaoEstoqueService      : [ESTOQUE] Lendo VW_ECOMMERCE_ESTOQUE no banco de dados...
2026-09-06T10:28:00.093-03:00  INFO 12340 --- [ecommerce] [scheduling-1] c.d.e.s.SincronizacaoEstoqueService      : [ESTOQUE] Ciclo finalizado. Total de atualizações enviadas: 0
2026-09-06T10:28:00.093-03:00  INFO 12340 --- [ecommerce] [scheduling-1] c.d.e.service.SincronizacaoService       : Lendo VW_ECOMMERCE_PRECOS no banco de dados...
2026-09-06T10:28:00.136-03:00  INFO 12340 --- [ecommerce] [scheduling-1] c.d.e.service.SincronizacaoService       : Ciclo finalizado. Total de atualizações enviadas: 0
2026-09-06T10:29:00.000-03:00  INFO 12340 --- [ecommerce] [scheduling-1] c.d.e.service.SincronizacaoService       : Lendo VW_ECOMMERCE_PRECOS no banco de dados...
2026-09-06T10:29:00.085-03:00  INFO 12340 --- [ecommerce] [scheduling-1] c.d.e.service.SincronizacaoService       : Ciclo finalizado. Total de atualizações enviadas: 0
2026-09-06T10:29:00.086-03:00  INFO 12340 --- [ecommerce] [scheduling-1] c.d.e.s.SincronizacaoEstoqueService      : [ESTOQUE] Lendo VW_ECOMMERCE_ESTOQUE no banco de dados...
2026-09-06T10:29:00.119-03:00  INFO 12340 --- [ecommerce] [scheduling-1] c.d.e.s.SincronizacaoEstoqueService      : [ESTOQUE] Ciclo finalizado. Total de atualizações enviadas: 0
2026-09-06T10:29:59.999-03:00  INFO 12340 --- [ecommerce] [scheduling-1] c.d.e.service.SincronizacaoService       : Lendo VW_ECOMMERCE_PRECOS no banco de dados...
2026-09-06T10:30:00.113-03:00  INFO 12340 --- [ecommerce] [scheduling-1] c.d.e.service.SincronizacaoService       : Ciclo finalizado. Total de atualizações enviadas: 0
2026-09-06T10:30:00.113-03:00  INFO 12340 --- [ecommerce] [scheduling-1] c.d.e.s.SincronizacaoEstoqueService      : [ESTOQUE] Lendo VW_ECOMMERCE_ESTOQUE no banco de dados...
2026-09-06T10:30:00.142-03:00  INFO 12340 --- [ecommerce] [scheduling-1] c.d.e.s.SincronizacaoEstoqueService      : [ESTOQUE] Ciclo finalizado. Total de atualizações enviadas: 0
2026-09-06T10:31:00.000-03:00  INFO 12340 --- [ecommerce] [scheduling-1] c.d.e.s.SincronizacaoEstoqueService      : [ESTOQUE] Lendo VW_ECOMMERCE_ESTOQUE no banco de dados...
2026-09-06T10:31:00.086-03:00  INFO 12340 --- [ecommerce] [scheduling-1] c.d.e.s.SincronizacaoEstoqueService      : [ESTOQUE] Ciclo finalizado. Total de atualizações enviadas: 0
2026-09-06T10:31:00.086-03:00  INFO 12340 --- [ecommerce] [scheduling-1] c.d.e.service.SincronizacaoService       : Lendo VW_ECOMMERCE_PRECOS no banco de dados...
2026-09-06T10:31:00.127-03:00  INFO 12340 --- [ecommerce] [scheduling-1] c.d.e.service.SincronizacaoService       : Ciclo finalizado. Total de atualizações enviadas: 0
2026-09-06T10:32:00.000-03:00  INFO 12340 --- [ecommerce] [scheduling-1] c.d.e.service.SincronizacaoService       : Lendo VW_ECOMMERCE_PRECOS no banco de dados...
2026-09-06T10:32:00.117-03:00  INFO 12340 --- [ecommerce] [scheduling-1] c.d.e.service.SincronizacaoService       : Ciclo finalizado. Total de atualizações enviadas: 0
2026-09-06T10:32:00.117-03:00  INFO 12340 --- [ecommerce] [scheduling-1] c.d.e.s.SincronizacaoEstoqueService      : [ESTOQUE] Lendo VW_ECOMMERCE_ESTOQUE no banco de dados...
2026-09-06T10:32:00.139-03:00  INFO 12340 --- [ecommerce] [scheduling-1] c.d.e.s.SincronizacaoEstoqueService      : [ESTOQUE] Ciclo finalizado. Total de atualizações enviadas: 0
2026-09-06T10:33:00.001-03:00  INFO 12340 --- [ecommerce] [scheduling-1] c.d.e.service.SincronizacaoService       : Lendo VW_ECOMMERCE_PRECOS no banco de dados...
2026-09-06T10:33:00.049-03:00  INFO 12340 --- [ecommerce] [scheduling-1] c.d.e.service.SincronizacaoService       : Ciclo finalizado. Total de atualizações enviadas: 0
2026-09-06T10:33:00.050-03:00  INFO 12340 --- [ecommerce] [scheduling-1] c.d.e.s.SincronizacaoEstoqueService      : [ESTOQUE] Lendo VW_ECOMMERCE_ESTOQUE no banco de dados...
2026-09-06T10:33:00.080-03:00  INFO 12340 --- [ecommerce] [scheduling-1] c.d.e.s.SincronizacaoEstoqueService      : [ESTOQUE] Ciclo finalizado. Total de atualizações enviadas: 0
2026-09-06T10:33:59.999-03:00  INFO 12340 --- [ecommerce] [scheduling-1] c.d.e.service.SincronizacaoService       : Lendo VW_ECOMMERCE_PRECOS no banco de dados...
2026-09-06T10:34:00.084-03:00  INFO 12340 --- [ecommerce] [scheduling-1] c.d.e.service.SincronizacaoService       : Ciclo finalizado. Total de atualizações enviadas: 0
2026-09-06T10:34:00.084-03:00  INFO 12340 --- [ecommerce] [scheduling-1] c.d.e.s.SincronizacaoEstoqueService      : [ESTOQUE] Lendo VW_ECOMMERCE_ESTOQUE no banco de dados...
2026-09-06T10:34:00.117-03:00  INFO 12340 --- [ecommerce] [scheduling-1] c.d.e.s.SincronizacaoEstoqueService      : [ESTOQUE] Ciclo finalizado. Total de atualizações enviadas: 0
2026-09-06T10:35:00.000-03:00  INFO 12340 --- [ecommerce] [scheduling-1] c.d.e.s.SincronizacaoEstoqueService      : [ESTOQUE] Lendo VW_ECOMMERCE_ESTOQUE no banco de dados...
2026-09-06T10:35:00.052-03:00  INFO 12340 --- [ecommerce] [scheduling-1] c.d.e.s.SincronizacaoEstoqueService      : [ESTOQUE] Ciclo finalizado. Total de atualizações enviadas: 0
2026-09-06T10:35:00.052-03:00  INFO 12340 --- [ecommerce] [scheduling-1] c.d.e.service.SincronizacaoService       : Lendo VW_ECOMMERCE_PRECOS no banco de dados...
2026-09-06T10:35:00.104-03:00  INFO 12340 --- [ecommerce] [scheduling-1] c.d.e.service.SincronizacaoService       : Ciclo finalizado. Total de atualizações enviadas: 0
2026-09-06T10:36:00.000-03:00  INFO 12340 --- [ecommerce] [scheduling-1] c.d.e.s.SincronizacaoEstoqueService      : [ESTOQUE] Lendo VW_ECOMMERCE_ESTOQUE no banco de dados...
2026-09-06T10:36:00.090-03:00  INFO 12340 --- [ecommerce] [scheduling-1] c.d.e.s.SincronizacaoEstoqueService      : [ESTOQUE] Ciclo finalizado. Total de atualizações enviadas: 0
2026-09-06T10:36:00.090-03:00  INFO 12340 --- [ecommerce] [scheduling-1] c.d.e.service.SincronizacaoService       : Lendo VW_ECOMMERCE_PRECOS no banco de dados...
2026-09-06T10:36:00.134-03:00  INFO 12340 --- [ecommerce] [scheduling-1] c.d.e.service.SincronizacaoService       : Ciclo finalizado. Total de atualizações enviadas: 0
2026-09-06T10:37:00.000-03:00  INFO 12340 --- [ecommerce] [scheduling-1] c.d.e.service.SincronizacaoService       : Lendo VW_ECOMMERCE_PRECOS no banco de dados...
2026-09-06T10:37:00.092-03:00  INFO 12340 --- [ecommerce] [scheduling-1] c.d.e.service.SincronizacaoService       : Ciclo finalizado. Total de atualizações enviadas: 0
2026-09-06T10:37:00.092-03:00  INFO 12340 --- [ecommerce] [scheduling-1] c.d.e.s.SincronizacaoEstoqueService      : [ESTOQUE] Lendo VW_ECOMMERCE_ESTOQUE no banco de dados...
2026-09-06T10:37:00.124-03:00  INFO 12340 --- [ecommerce] [scheduling-1] c.d.e.s.SincronizacaoEstoqueService      : [ESTOQUE] Ciclo finalizado. Total de atualizações enviadas: 0
2026-09-06T10:37:59.999-03:00  INFO 12340 --- [ecommerce] [scheduling-1] c.d.e.s.SincronizacaoEstoqueService      : [ESTOQUE] Lendo VW_ECOMMERCE_ESTOQUE no banco de dados...
2026-09-06T10:38:00.028-03:00  INFO 12340 --- [ecommerce] [scheduling-1] c.d.e.s.SincronizacaoEstoqueService      : [ESTOQUE] Ciclo finalizado. Total de atualizações enviadas: 0
2026-09-06T10:38:00.028-03:00  INFO 12340 --- [ecommerce] [scheduling-1] c.d.e.service.SincronizacaoService       : Lendo VW_ECOMMERCE_PRECOS no banco de dados...
2026-09-06T10:38:00.073-03:00  INFO 12340 --- [ecommerce] [scheduling-1] c.d.e.service.SincronizacaoService       : Ciclo finalizado. Total de atualizações enviadas: 0
2026-09-06T10:39:00.001-03:00  INFO 12340 --- [ecommerce] [scheduling-1] c.d.e.s.SincronizacaoEstoqueService      : [ESTOQUE] Lendo VW_ECOMMERCE_ESTOQUE no banco de dados...
2026-09-06T10:39:00.075-03:00  INFO 12340 --- [ecommerce] [scheduling-1] c.d.e.s.SincronizacaoEstoqueService      : [ESTOQUE] Ciclo finalizado. Total de atualizações enviadas: 0
2026-09-06T10:39:00.075-03:00  INFO 12340 --- [ecommerce] [scheduling-1] c.d.e.service.SincronizacaoService       : Lendo VW_ECOMMERCE_PRECOS no banco de dados...
2026-09-06T10:39:00.117-03:00  INFO 12340 --- [ecommerce] [scheduling-1] c.d.e.service.SincronizacaoService       : Ciclo finalizado. Total de atualizações enviadas: 0
2026-09-06T10:39:59.999-03:00  INFO 12340 --- [ecommerce] [scheduling-1] c.d.e.s.SincronizacaoEstoqueService      : [ESTOQUE] Lendo VW_ECOMMERCE_ESTOQUE no banco de dados...
2026-09-06T10:40:00.048-03:00  INFO 12340 --- [ecommerce] [scheduling-1] c.d.e.s.SincronizacaoEstoqueService      : [ESTOQUE] Ciclo finalizado. Total de atualizações enviadas: 0
2026-09-06T10:40:00.048-03:00  INFO 12340 --- [ecommerce] [scheduling-1] c.d.e.service.SincronizacaoService       : Lendo VW_ECOMMERCE_PRECOS no banco de dados...
2026-09-06T10:40:00.094-03:00  INFO 12340 --- [ecommerce] [scheduling-1] c.d.e.service.SincronizacaoService       : Ciclo finalizado. Total de atualizações enviadas: 0
2026-09-06T10:41:00.000-03:00  INFO 12340 --- [ecommerce] [scheduling-1] c.d.e.service.SincronizacaoService       : Lendo VW_ECOMMERCE_PRECOS no banco de dados...
2026-09-06T10:41:00.071-03:00  INFO 12340 --- [ecommerce] [scheduling-1] c.d.e.service.SincronizacaoService       : Ciclo finalizado. Total de atualizações enviadas: 0
2026-09-06T10:41:00.071-03:00  INFO 12340 --- [ecommerce] [scheduling-1] c.d.e.s.SincronizacaoEstoqueService      : [ESTOQUE] Lendo VW_ECOMMERCE_ESTOQUE no banco de dados...
2026-09-06T10:41:00.105-03:00  INFO 12340 --- [ecommerce] [scheduling-1] c.d.e.s.SincronizacaoEstoqueService      : [ESTOQUE] Ciclo finalizado. Total de atualizações enviadas: 0
2026-09-06T10:41:59.999-03:00  INFO 12340 --- [ecommerce] [scheduling-1] c.d.e.s.SincronizacaoEstoqueService      : [ESTOQUE] Lendo VW_ECOMMERCE_ESTOQUE no banco de dados...
2026-09-06T10:42:00.101-03:00  INFO 12340 --- [ecommerce] [scheduling-1] c.d.e.s.SincronizacaoEstoqueService      : [ESTOQUE] Ciclo finalizado. Total de atualizações enviadas: 0
2026-09-06T10:42:00.101-03:00  INFO 12340 --- [ecommerce] [scheduling-1] c.d.e.service.SincronizacaoService       : Lendo VW_ECOMMERCE_PRECOS no banco de dados...
2026-09-06T10:42:00.186-03:00  INFO 12340 --- [ecommerce] [scheduling-1] c.d.e.service.SincronizacaoService       : Ciclo finalizado. Total de atualizações enviadas: 0
2026-09-06T10:42:59.999-03:00  INFO 12340 --- [ecommerce] [scheduling-1] c.d.e.s.SincronizacaoEstoqueService      : [ESTOQUE] Lendo VW_ECOMMERCE_ESTOQUE no banco de dados...
2026-09-06T10:43:00.076-03:00  INFO 12340 --- [ecommerce] [scheduling-1] c.d.e.s.SincronizacaoEstoqueService      : [ESTOQUE] Ciclo finalizado. Total de atualizações enviadas: 0
2026-09-06T10:43:00.076-03:00  INFO 12340 --- [ecommerce] [scheduling-1] c.d.e.service.SincronizacaoService       : Lendo VW_ECOMMERCE_PRECOS no banco de dados...
2026-09-06T10:43:00.141-03:00  INFO 12340 --- [ecommerce] [scheduling-1] c.d.e.service.SincronizacaoService       : Ciclo finalizado. Total de atualizações enviadas: 0
2026-09-06T10:44:00.000-03:00  INFO 12340 --- [ecommerce] [scheduling-1] c.d.e.service.SincronizacaoService       : Lendo VW_ECOMMERCE_PRECOS no banco de dados...
2026-09-06T10:44:00.049-03:00  INFO 12340 --- [ecommerce] [scheduling-1] c.d.e.service.SincronizacaoService       : Ciclo finalizado. Total de atualizações enviadas: 0
2026-09-06T10:44:00.049-03:00  INFO 12340 --- [ecommerce] [scheduling-1] c.d.e.s.SincronizacaoEstoqueService      : [ESTOQUE] Lendo VW_ECOMMERCE_ESTOQUE no banco de dados...
2026-09-06T10:44:00.082-03:00  INFO 12340 --- [ecommerce] [scheduling-1] c.d.e.s.SincronizacaoEstoqueService      : [ESTOQUE] Ciclo finalizado. Total de atualizações enviadas: 0
2026-09-06T10:45:00.000-03:00  INFO 12340 --- [ecommerce] [scheduling-1] c.d.e.s.SincronizacaoEstoqueService      : [ESTOQUE] Lendo VW_ECOMMERCE_ESTOQUE no banco de dados...
2026-09-06T10:45:00.089-03:00  INFO 12340 --- [ecommerce] [scheduling-1] c.d.e.s.SincronizacaoEstoqueService      : [ESTOQUE] Ciclo finalizado. Total de atualizações enviadas: 0
2026-09-06T10:45:00.089-03:00  INFO 12340 --- [ecommerce] [scheduling-1] c.d.e.service.SincronizacaoService       : Lendo VW_ECOMMERCE_PRECOS no banco de dados...
2026-09-06T10:45:00.134-03:00  INFO 12340 --- [ecommerce] [scheduling-1] c.d.e.service.SincronizacaoService       : Ciclo finalizado. Total de atualizações enviadas: 0
2026-09-06T10:46:00.000-03:00  INFO 12340 --- [ecommerce] [scheduling-1] c.d.e.service.SincronizacaoService       : Lendo VW_ECOMMERCE_PRECOS no banco de dados...
2026-09-06T10:46:00.088-03:00  INFO 12340 --- [ecommerce] [scheduling-1] c.d.e.service.SincronizacaoService       : Ciclo finalizado. Total de atualizações enviadas: 0
2026-09-06T10:46:00.088-03:00  INFO 12340 --- [ecommerce] [scheduling-1] c.d.e.s.SincronizacaoEstoqueService      : [ESTOQUE] Lendo VW_ECOMMERCE_ESTOQUE no banco de dados...
2026-09-06T10:46:00.119-03:00  INFO 12340 --- [ecommerce] [scheduling-1] c.d.e.s.SincronizacaoEstoqueService      : [ESTOQUE] Ciclo finalizado. Total de atualizações enviadas: 0
2026-09-06T10:47:00.001-03:00  INFO 12340 --- [ecommerce] [scheduling-1] c.d.e.s.SincronizacaoEstoqueService      : [ESTOQUE] Lendo VW_ECOMMERCE_ESTOQUE no banco de dados...
2026-09-06T10:47:00.050-03:00  INFO 12340 --- [ecommerce] [scheduling-1] c.d.e.s.SincronizacaoEstoqueService      : [ESTOQUE] Ciclo finalizado. Total de atualizações enviadas: 0
2026-09-06T10:47:00.050-03:00  INFO 12340 --- [ecommerce] [scheduling-1] c.d.e.service.SincronizacaoService       : Lendo VW_ECOMMERCE_PRECOS no banco de dados...
2026-09-06T10:47:00.095-03:00  INFO 12340 --- [ecommerce] [scheduling-1] c.d.e.service.SincronizacaoService       : Ciclo finalizado. Total de atualizações enviadas: 0
2026-09-06T10:48:00.000-03:00  INFO 12340 --- [ecommerce] [scheduling-1] c.d.e.service.SincronizacaoService       : Lendo VW_ECOMMERCE_PRECOS no banco de dados...
2026-09-06T10:48:00.049-03:00  INFO 12340 --- [ecommerce] [scheduling-1] c.d.e.service.SincronizacaoService       : Ciclo finalizado. Total de atualizações enviadas: 0
2026-09-06T10:48:00.049-03:00  INFO 12340 --- [ecommerce] [scheduling-1] c.d.e.s.SincronizacaoEstoqueService      : [ESTOQUE] Lendo VW_ECOMMERCE_ESTOQUE no banco de dados...
2026-09-06T10:48:00.082-03:00  INFO 12340 --- [ecommerce] [scheduling-1] c.d.e.s.SincronizacaoEstoqueService      : [ESTOQUE] Ciclo finalizado. Total de atualizações enviadas: 0
2026-09-06T10:48:59.999-03:00  INFO 12340 --- [ecommerce] [scheduling-1] c.d.e.s.SincronizacaoEstoqueService      : [ESTOQUE] Lendo VW_ECOMMERCE_ESTOQUE no banco de dados...
2026-09-06T10:49:00.087-03:00  INFO 12340 --- [ecommerce] [scheduling-1] c.d.e.s.SincronizacaoEstoqueService      : [ESTOQUE] Ciclo finalizado. Total de atualizações enviadas: 0
2026-09-06T10:49:00.087-03:00  INFO 12340 --- [ecommerce] [scheduling-1] c.d.e.service.SincronizacaoService       : Lendo VW_ECOMMERCE_PRECOS no banco de dados...
2026-09-06T10:49:00.129-03:00  INFO 12340 --- [ecommerce] [scheduling-1] c.d.e.service.SincronizacaoService       : Ciclo finalizado. Total de atualizações enviadas: 0
2026-09-06T10:50:00.000-03:00  INFO 12340 --- [ecommerce] [scheduling-1] c.d.e.s.SincronizacaoEstoqueService      : [ESTOQUE] Lendo VW_ECOMMERCE_ESTOQUE no banco de dados...
2026-09-06T10:50:00.042-03:00  INFO 12340 --- [ecommerce] [scheduling-1] c.d.e.s.SincronizacaoEstoqueService      : [ESTOQUE] Ciclo finalizado. Total de atualizações enviadas: 0
2026-09-06T10:50:00.042-03:00  INFO 12340 --- [ecommerce] [scheduling-1] c.d.e.service.SincronizacaoService       : Lendo VW_ECOMMERCE_PRECOS no banco de dados...
2026-09-06T10:50:00.086-03:00  INFO 12340 --- [ecommerce] [scheduling-1] c.d.e.service.SincronizacaoService       : Ciclo finalizado. Total de atualizações enviadas: 0
2026-09-06T10:51:00.000-03:00  INFO 12340 --- [ecommerce] [scheduling-1] c.d.e.service.SincronizacaoService       : Lendo VW_ECOMMERCE_PRECOS no banco de dados...
2026-09-06T10:51:00.099-03:00  INFO 12340 --- [ecommerce] [scheduling-1] c.d.e.service.SincronizacaoService       : Ciclo finalizado. Total de atualizações enviadas: 0
2026-09-06T10:51:00.100-03:00  INFO 12340 --- [ecommerce] [scheduling-1] c.d.e.s.SincronizacaoEstoqueService      : [ESTOQUE] Lendo VW_ECOMMERCE_ESTOQUE no banco de dados...
2026-09-06T10:51:00.127-03:00  INFO 12340 --- [ecommerce] [scheduling-1] c.d.e.s.SincronizacaoEstoqueService      : [ESTOQUE] Ciclo finalizado. Total de atualizações enviadas: 0
2026-09-06T10:52:00.001-03:00  INFO 12340 --- [ecommerce] [scheduling-1] c.d.e.service.SincronizacaoService       : Lendo VW_ECOMMERCE_PRECOS no banco de dados...
2026-09-06T10:52:00.051-03:00  INFO 12340 --- [ecommerce] [scheduling-1] c.d.e.service.SincronizacaoService       : Ciclo finalizado. Total de atualizações enviadas: 0
2026-09-06T10:52:00.051-03:00  INFO 12340 --- [ecommerce] [scheduling-1] c.d.e.s.SincronizacaoEstoqueService      : [ESTOQUE] Lendo VW_ECOMMERCE_ESTOQUE no banco de dados...
2026-09-06T10:52:00.076-03:00  INFO 12340 --- [ecommerce] [scheduling-1] c.d.e.s.SincronizacaoEstoqueService      : [ESTOQUE] Ciclo finalizado. Total de atualizações enviadas: 0
2026-09-06T10:53:00.000-03:00  INFO 12340 --- [ecommerce] [scheduling-1] c.d.e.s.SincronizacaoEstoqueService      : [ESTOQUE] Lendo VW_ECOMMERCE_ESTOQUE no banco de dados...
2026-09-06T10:53:00.077-03:00  INFO 12340 --- [ecommerce] [scheduling-1] c.d.e.s.SincronizacaoEstoqueService      : [ESTOQUE] Ciclo finalizado. Total de atualizações enviadas: 0
2026-09-06T10:53:00.077-03:00  INFO 12340 --- [ecommerce] [scheduling-1] c.d.e.service.SincronizacaoService       : Lendo VW_ECOMMERCE_PRECOS no banco de dados...
2026-09-06T10:53:00.119-03:00  INFO 12340 --- [ecommerce] [scheduling-1] c.d.e.service.SincronizacaoService       : Ciclo finalizado. Total de atualizações enviadas: 0
2026-09-06T10:54:00.000-03:00  INFO 12340 --- [ecommerce] [scheduling-1] c.d.e.s.SincronizacaoEstoqueService      : [ESTOQUE] Lendo VW_ECOMMERCE_ESTOQUE no banco de dados...
2026-09-06T10:54:00.082-03:00  INFO 12340 --- [ecommerce] [scheduling-1] c.d.e.s.SincronizacaoEstoqueService      : [ESTOQUE] Ciclo finalizado. Total de atualizações enviadas: 0
2026-09-06T10:54:00.082-03:00  INFO 12340 --- [ecommerce] [scheduling-1] c.d.e.service.SincronizacaoService       : Lendo VW_ECOMMERCE_PRECOS no banco de dados...
2026-09-06T10:54:00.127-03:00  INFO 12340 --- [ecommerce] [scheduling-1] c.d.e.service.SincronizacaoService       : Ciclo finalizado. Total de atualizações enviadas: 0
2026-09-06T10:55:00.000-03:00  INFO 12340 --- [ecommerce] [scheduling-1] c.d.e.s.SincronizacaoEstoqueService      : [ESTOQUE] Lendo VW_ECOMMERCE_ESTOQUE no banco de dados...
2026-09-06T10:55:00.071-03:00  INFO 12340 --- [ecommerce] [scheduling-1] c.d.e.s.SincronizacaoEstoqueService      : [ESTOQUE] Ciclo finalizado. Total de atualizações enviadas: 0
2026-09-06T10:55:00.071-03:00  INFO 12340 --- [ecommerce] [scheduling-1] c.d.e.service.SincronizacaoService       : Lendo VW_ECOMMERCE_PRECOS no banco de dados...
2026-09-06T10:55:00.136-03:00  INFO 12340 --- [ecommerce] [scheduling-1] c.d.e.service.SincronizacaoService       : Ciclo finalizado. Total de atualizações enviadas: 0
2026-09-06T10:56:00.000-03:00  INFO 12340 --- [ecommerce] [scheduling-1] c.d.e.s.SincronizacaoEstoqueService      : [ESTOQUE] Lendo VW_ECOMMERCE_ESTOQUE no banco de dados...
2026-09-06T10:56:00.057-03:00  INFO 12340 --- [ecommerce] [scheduling-1] c.d.e.s.SincronizacaoEstoqueService      : [ESTOQUE] Ciclo finalizado. Total de atualizações enviadas: 0
2026-09-06T10:56:00.057-03:00  INFO 12340 --- [ecommerce] [scheduling-1] c.d.e.service.SincronizacaoService       : Lendo VW_ECOMMERCE_PRECOS no banco de dados...
2026-09-06T10:56:00.101-03:00  INFO 12340 --- [ecommerce] [scheduling-1] c.d.e.service.SincronizacaoService       : Ciclo finalizado. Total de atualizações enviadas: 0
2026-09-06T10:57:00.001-03:00  INFO 12340 --- [ecommerce] [scheduling-1] c.d.e.service.SincronizacaoService       : Lendo VW_ECOMMERCE_PRECOS no banco de dados...
2026-09-06T10:57:00.054-03:00  INFO 12340 --- [ecommerce] [scheduling-1] c.d.e.service.SincronizacaoService       : Ciclo finalizado. Total de atualizações enviadas: 0
2026-09-06T10:57:00.055-03:00  INFO 12340 --- [ecommerce] [scheduling-1] c.d.e.s.SincronizacaoEstoqueService      : [ESTOQUE] Lendo VW_ECOMMERCE_ESTOQUE no banco de dados...
2026-09-06T10:57:00.086-03:00  INFO 12340 --- [ecommerce] [scheduling-1] c.d.e.s.SincronizacaoEstoqueService      : [ESTOQUE] Ciclo finalizado. Total de atualizações enviadas: 0
2026-09-06T10:58:00.000-03:00  INFO 12340 --- [ecommerce] [scheduling-1] c.d.e.service.SincronizacaoService       : Lendo VW_ECOMMERCE_PRECOS no banco de dados...
2026-09-06T10:58:00.054-03:00  INFO 12340 --- [ecommerce] [scheduling-1] c.d.e.service.SincronizacaoService       : Ciclo finalizado. Total de atualizações enviadas: 0
2026-09-06T10:58:00.054-03:00  INFO 12340 --- [ecommerce] [scheduling-1] c.d.e.s.SincronizacaoEstoqueService      : [ESTOQUE] Lendo VW_ECOMMERCE_ESTOQUE no banco de dados...
2026-09-06T10:58:00.087-03:00  INFO 12340 --- [ecommerce] [scheduling-1] c.d.e.s.SincronizacaoEstoqueService      : [ESTOQUE] Ciclo finalizado. Total de atualizações enviadas: 0
2026-09-06T10:59:00.001-03:00  INFO 12340 --- [ecommerce] [scheduling-1] c.d.e.s.SincronizacaoEstoqueService      : [ESTOQUE] Lendo VW_ECOMMERCE_ESTOQUE no banco de dados...
2026-09-06T10:59:00.084-03:00  INFO 12340 --- [ecommerce] [scheduling-1] c.d.e.s.SincronizacaoEstoqueService      : [ESTOQUE] Ciclo finalizado. Total de atualizações enviadas: 0
2026-09-06T10:59:00.084-03:00  INFO 12340 --- [ecommerce] [scheduling-1] c.d.e.service.SincronizacaoService       : Lendo VW_ECOMMERCE_PRECOS no banco de dados...
2026-09-06T10:59:00.128-03:00  INFO 12340 --- [ecommerce] [scheduling-1] c.d.e.service.SincronizacaoService       : Ciclo finalizado. Total de atualizações enviadas: 0
2026-09-06T11:00:00.000-03:00  INFO 12340 --- [ecommerce] [scheduling-1] c.d.e.service.SincronizacaoService       : Lendo VW_ECOMMERCE_PRECOS no banco de dados...
2026-09-06T11:00:00.119-03:00  INFO 12340 --- [ecommerce] [scheduling-1] c.d.e.service.SincronizacaoService       : Ciclo finalizado. Total de atualizações enviadas: 0
2026-09-06T11:00:00.119-03:00  INFO 12340 --- [ecommerce] [scheduling-1] c.d.e.s.SincronizacaoEstoqueService      : [ESTOQUE] Lendo VW_ECOMMERCE_ESTOQUE no banco de dados...
2026-09-06T11:00:00.145-03:00  INFO 12340 --- [ecommerce] [scheduling-1] c.d.e.s.SincronizacaoEstoqueService      : [ESTOQUE] Ciclo finalizado. Total de atualizações enviadas: 0
2026-09-06T11:00:59.999-03:00  INFO 12340 --- [ecommerce] [scheduling-1] c.d.e.s.SincronizacaoEstoqueService      : [ESTOQUE] Lendo VW_ECOMMERCE_ESTOQUE no banco de dados...
2026-09-06T11:01:00.041-03:00  INFO 12340 --- [ecommerce] [scheduling-1] c.d.e.s.SincronizacaoEstoqueService      : [ESTOQUE] Ciclo finalizado. Total de atualizações enviadas: 0
2026-09-06T11:01:00.041-03:00  INFO 12340 --- [ecommerce] [scheduling-1] c.d.e.service.SincronizacaoService       : Lendo VW_ECOMMERCE_PRECOS no banco de dados...
2026-09-06T11:01:00.144-03:00  INFO 12340 --- [ecommerce] [scheduling-1] c.d.e.service.SincronizacaoService       : Ciclo finalizado. Total de atualizações enviadas: 0
2026-09-06T11:01:59.999-03:00  INFO 12340 --- [ecommerce] [scheduling-1] c.d.e.s.SincronizacaoEstoqueService      : [ESTOQUE] Lendo VW_ECOMMERCE_ESTOQUE no banco de dados...
2026-09-06T11:02:00.085-03:00  INFO 12340 --- [ecommerce] [scheduling-1] c.d.e.s.SincronizacaoEstoqueService      : [ESTOQUE] Ciclo finalizado. Total de atualizações enviadas: 0
2026-09-06T11:02:00.085-03:00  INFO 12340 --- [ecommerce] [scheduling-1] c.d.e.service.SincronizacaoService       : Lendo VW_ECOMMERCE_PRECOS no banco de dados...
2026-09-06T11:02:00.135-03:00  INFO 12340 --- [ecommerce] [scheduling-1] c.d.e.service.SincronizacaoService       : Ciclo finalizado. Total de atualizações enviadas: 0
2026-09-06T11:03:00.000-03:00  INFO 12340 --- [ecommerce] [scheduling-1] c.d.e.s.SincronizacaoEstoqueService      : [ESTOQUE] Lendo VW_ECOMMERCE_ESTOQUE no banco de dados...
2026-09-06T11:03:00.054-03:00  INFO 12340 --- [ecommerce] [scheduling-1] c.d.e.s.SincronizacaoEstoqueService      : [ESTOQUE] Ciclo finalizado. Total de atualizações enviadas: 0
2026-09-06T11:03:00.054-03:00  INFO 12340 --- [ecommerce] [scheduling-1] c.d.e.service.SincronizacaoService       : Lendo VW_ECOMMERCE_PRECOS no banco de dados...
2026-09-06T11:03:00.150-03:00  INFO 12340 --- [ecommerce] [scheduling-1] c.d.e.service.SincronizacaoService       : Ciclo finalizado. Total de atualizações enviadas: 0
2026-09-06T11:04:00.000-03:00  INFO 12340 --- [ecommerce] [scheduling-1] c.d.e.service.SincronizacaoService       : Lendo VW_ECOMMERCE_PRECOS no banco de dados...
2026-09-06T11:04:00.129-03:00  INFO 12340 --- [ecommerce] [scheduling-1] c.d.e.service.SincronizacaoService       : Ciclo finalizado. Total de atualizações enviadas: 0
2026-09-06T11:04:00.129-03:00  INFO 12340 --- [ecommerce] [scheduling-1] c.d.e.s.SincronizacaoEstoqueService      : [ESTOQUE] Lendo VW_ECOMMERCE_ESTOQUE no banco de dados...
2026-09-06T11:04:00.152-03:00  INFO 12340 --- [ecommerce] [scheduling-1] c.d.e.s.SincronizacaoEstoqueService      : [ESTOQUE] Ciclo finalizado. Total de atualizações enviadas: 0
2026-09-06T11:05:00.000-03:00  INFO 12340 --- [ecommerce] [scheduling-1] c.d.e.service.SincronizacaoService       : Lendo VW_ECOMMERCE_PRECOS no banco de dados...
2026-09-06T11:05:00.092-03:00  INFO 12340 --- [ecommerce] [scheduling-1] c.d.e.service.SincronizacaoService       : Ciclo finalizado. Total de atualizações enviadas: 0
2026-09-06T11:05:00.092-03:00  INFO 12340 --- [ecommerce] [scheduling-1] c.d.e.s.SincronizacaoEstoqueService      : [ESTOQUE] Lendo VW_ECOMMERCE_ESTOQUE no banco de dados...
2026-09-06T11:05:00.113-03:00  INFO 12340 --- [ecommerce] [scheduling-1] c.d.e.s.SincronizacaoEstoqueService      : [ESTOQUE] Ciclo finalizado. Total de atualizações enviadas: 0
2026-09-06T11:06:00.000-03:00  INFO 12340 --- [ecommerce] [scheduling-1] c.d.e.s.SincronizacaoEstoqueService      : [ESTOQUE] Lendo VW_ECOMMERCE_ESTOQUE no banco de dados...
2026-09-06T11:06:00.082-03:00  INFO 12340 --- [ecommerce] [scheduling-1] c.d.e.s.SincronizacaoEstoqueService      : [ESTOQUE] Ciclo finalizado. Total de atualizações enviadas: 0
2026-09-06T11:06:00.082-03:00  INFO 12340 --- [ecommerce] [scheduling-1] c.d.e.service.SincronizacaoService       : Lendo VW_ECOMMERCE_PRECOS no banco de dados...
2026-09-06T11:06:00.131-03:00  INFO 12340 --- [ecommerce] [scheduling-1] c.d.e.service.SincronizacaoService       : Ciclo finalizado. Total de atualizações enviadas: 0
2026-09-06T11:07:00.000-03:00  INFO 12340 --- [ecommerce] [scheduling-1] c.d.e.service.SincronizacaoService       : Lendo VW_ECOMMERCE_PRECOS no banco de dados...
2026-09-06T11:07:00.048-03:00  INFO 12340 --- [ecommerce] [scheduling-1] c.d.e.service.SincronizacaoService       : Ciclo finalizado. Total de atualizações enviadas: 0
2026-09-06T11:07:00.048-03:00  INFO 12340 --- [ecommerce] [scheduling-1] c.d.e.s.SincronizacaoEstoqueService      : [ESTOQUE] Lendo VW_ECOMMERCE_ESTOQUE no banco de dados...
2026-09-06T11:07:00.082-03:00  INFO 12340 --- [ecommerce] [scheduling-1] c.d.e.s.SincronizacaoEstoqueService      : [ESTOQUE] Ciclo finalizado. Total de atualizações enviadas: 0
2026-09-06T11:08:00.000-03:00  INFO 12340 --- [ecommerce] [scheduling-1] c.d.e.s.SincronizacaoEstoqueService      : [ESTOQUE] Lendo VW_ECOMMERCE_ESTOQUE no banco de dados...
2026-09-06T11:08:00.050-03:00  INFO 12340 --- [ecommerce] [scheduling-1] c.d.e.s.SincronizacaoEstoqueService      : [ESTOQUE] Ciclo finalizado. Total de atualizações enviadas: 0
2026-09-06T11:08:00.050-03:00  INFO 12340 --- [ecommerce] [scheduling-1] c.d.e.service.SincronizacaoService       : Lendo VW_ECOMMERCE_PRECOS no banco de dados...
2026-09-06T11:08:00.092-03:00  INFO 12340 --- [ecommerce] [scheduling-1] c.d.e.service.SincronizacaoService       : Ciclo finalizado. Total de atualizações enviadas: 0
2026-09-06T11:09:00.000-03:00  INFO 12340 --- [ecommerce] [scheduling-1] c.d.e.s.SincronizacaoEstoqueService      : [ESTOQUE] Lendo VW_ECOMMERCE_ESTOQUE no banco de dados...
2026-09-06T11:09:00.100-03:00  INFO 12340 --- [ecommerce] [scheduling-1] c.d.e.s.SincronizacaoEstoqueService      : [ESTOQUE] Ciclo finalizado. Total de atualizações enviadas: 0
2026-09-06T11:09:00.100-03:00  INFO 12340 --- [ecommerce] [scheduling-1] c.d.e.service.SincronizacaoService       : Lendo VW_ECOMMERCE_PRECOS no banco de dados...
2026-09-06T11:09:00.148-03:00  INFO 12340 --- [ecommerce] [scheduling-1] c.d.e.service.SincronizacaoService       : Ciclo finalizado. Total de atualizações enviadas: 0
2026-09-06T11:10:00.000-03:00  INFO 12340 --- [ecommerce] [scheduling-1] c.d.e.service.SincronizacaoService       : Lendo VW_ECOMMERCE_PRECOS no banco de dados...
2026-09-06T11:10:00.051-03:00  INFO 12340 --- [ecommerce] [scheduling-1] c.d.e.service.SincronizacaoService       : Ciclo finalizado. Total de atualizações enviadas: 0
2026-09-06T11:10:00.052-03:00  INFO 12340 --- [ecommerce] [scheduling-1] c.d.e.s.SincronizacaoEstoqueService      : [ESTOQUE] Lendo VW_ECOMMERCE_ESTOQUE no banco de dados...
2026-09-06T11:10:00.084-03:00  INFO 12340 --- [ecommerce] [scheduling-1] c.d.e.s.SincronizacaoEstoqueService      : [ESTOQUE] Ciclo finalizado. Total de atualizações enviadas: 0
2026-09-06T11:10:59.999-03:00  INFO 12340 --- [ecommerce] [scheduling-1] c.d.e.service.SincronizacaoService       : Lendo VW_ECOMMERCE_PRECOS no banco de dados...
2026-09-06T11:11:00.101-03:00  INFO 12340 --- [ecommerce] [scheduling-1] c.d.e.service.SincronizacaoService       : Ciclo finalizado. Total de atualizações enviadas: 0
2026-09-06T11:11:00.102-03:00  INFO 12340 --- [ecommerce] [scheduling-1] c.d.e.s.SincronizacaoEstoqueService      : [ESTOQUE] Lendo VW_ECOMMERCE_ESTOQUE no banco de dados...
2026-09-06T11:11:00.124-03:00  INFO 12340 --- [ecommerce] [scheduling-1] c.d.e.s.SincronizacaoEstoqueService      : [ESTOQUE] Ciclo finalizado. Total de atualizações enviadas: 0
2026-09-06T11:11:59.999-03:00  INFO 12340 --- [ecommerce] [scheduling-1] c.d.e.service.SincronizacaoService       : Lendo VW_ECOMMERCE_PRECOS no banco de dados...
2026-09-06T11:12:00.110-03:00  INFO 12340 --- [ecommerce] [scheduling-1] c.d.e.service.SincronizacaoService       : Ciclo finalizado. Total de atualizações enviadas: 0
2026-09-06T11:12:00.110-03:00  INFO 12340 --- [ecommerce] [scheduling-1] c.d.e.s.SincronizacaoEstoqueService      : [ESTOQUE] Lendo VW_ECOMMERCE_ESTOQUE no banco de dados...
2026-09-06T11:12:00.136-03:00  INFO 12340 --- [ecommerce] [scheduling-1] c.d.e.s.SincronizacaoEstoqueService      : [ESTOQUE] Ciclo finalizado. Total de atualizações enviadas: 0
2026-09-06T11:13:00.000-03:00  INFO 12340 --- [ecommerce] [scheduling-1] c.d.e.s.SincronizacaoEstoqueService      : [ESTOQUE] Lendo VW_ECOMMERCE_ESTOQUE no banco de dados...
2026-09-06T11:13:00.067-03:00  INFO 12340 --- [ecommerce] [scheduling-1] c.d.e.s.SincronizacaoEstoqueService      : [ESTOQUE] Ciclo finalizado. Total de atualizações enviadas: 0
2026-09-06T11:13:00.067-03:00  INFO 12340 --- [ecommerce] [scheduling-1] c.d.e.service.SincronizacaoService       : Lendo VW_ECOMMERCE_PRECOS no banco de dados...
2026-09-06T11:13:00.109-03:00  INFO 12340 --- [ecommerce] [scheduling-1] c.d.e.service.SincronizacaoService       : Ciclo finalizado. Total de atualizações enviadas: 0
2026-09-06T11:14:00.000-03:00  INFO 12340 --- [ecommerce] [scheduling-1] c.d.e.service.SincronizacaoService       : Lendo VW_ECOMMERCE_PRECOS no banco de dados...
2026-09-06T11:14:00.122-03:00  INFO 12340 --- [ecommerce] [scheduling-1] c.d.e.service.SincronizacaoService       : Ciclo finalizado. Total de atualizações enviadas: 0
2026-09-06T11:14:00.122-03:00  INFO 12340 --- [ecommerce] [scheduling-1] c.d.e.s.SincronizacaoEstoqueService      : [ESTOQUE] Lendo VW_ECOMMERCE_ESTOQUE no banco de dados...
2026-09-06T11:14:00.161-03:00  INFO 12340 --- [ecommerce] [scheduling-1] c.d.e.s.SincronizacaoEstoqueService      : [ESTOQUE] Ciclo finalizado. Total de atualizações enviadas: 0
2026-09-06T11:15:00.001-03:00  INFO 12340 --- [ecommerce] [scheduling-1] c.d.e.s.SincronizacaoEstoqueService      : [ESTOQUE] Lendo VW_ECOMMERCE_ESTOQUE no banco de dados...
2026-09-06T11:15:00.083-03:00  INFO 12340 --- [ecommerce] [scheduling-1] c.d.e.s.SincronizacaoEstoqueService      : [ESTOQUE] Ciclo finalizado. Total de atualizações enviadas: 0
2026-09-06T11:15:00.084-03:00  INFO 12340 --- [ecommerce] [scheduling-1] c.d.e.service.SincronizacaoService       : Lendo VW_ECOMMERCE_PRECOS no banco de dados...
2026-09-06T11:15:00.128-03:00  INFO 12340 --- [ecommerce] [scheduling-1] c.d.e.service.SincronizacaoService       : Ciclo finalizado. Total de atualizações enviadas: 0
2026-09-06T11:16:00.001-03:00  INFO 12340 --- [ecommerce] [scheduling-1] c.d.e.s.SincronizacaoEstoqueService      : [ESTOQUE] Lendo VW_ECOMMERCE_ESTOQUE no banco de dados...
2026-09-06T11:16:00.066-03:00  INFO 12340 --- [ecommerce] [scheduling-1] c.d.e.s.SincronizacaoEstoqueService      : [ESTOQUE] Ciclo finalizado. Total de atualizações enviadas: 0
2026-09-06T11:16:00.066-03:00  INFO 12340 --- [ecommerce] [scheduling-1] c.d.e.service.SincronizacaoService       : Lendo VW_ECOMMERCE_PRECOS no banco de dados...
2026-09-06T11:16:00.112-03:00  INFO 12340 --- [ecommerce] [scheduling-1] c.d.e.service.SincronizacaoService       : Ciclo finalizado. Total de atualizações enviadas: 0
2026-09-06T11:17:00.001-03:00  INFO 12340 --- [ecommerce] [scheduling-1] c.d.e.service.SincronizacaoService       : Lendo VW_ECOMMERCE_PRECOS no banco de dados...
2026-09-06T11:17:00.098-03:00  INFO 12340 --- [ecommerce] [scheduling-1] c.d.e.service.SincronizacaoService       : Ciclo finalizado. Total de atualizações enviadas: 0
2026-09-06T11:17:00.098-03:00  INFO 12340 --- [ecommerce] [scheduling-1] c.d.e.s.SincronizacaoEstoqueService      : [ESTOQUE] Lendo VW_ECOMMERCE_ESTOQUE no banco de dados...
2026-09-06T11:17:00.127-03:00  INFO 12340 --- [ecommerce] [scheduling-1] c.d.e.s.SincronizacaoEstoqueService      : [ESTOQUE] Ciclo finalizado. Total de atualizações enviadas: 0
2026-09-06T11:18:00.000-03:00  INFO 12340 --- [ecommerce] [scheduling-1] c.d.e.s.SincronizacaoEstoqueService      : [ESTOQUE] Lendo VW_ECOMMERCE_ESTOQUE no banco de dados...
2026-09-06T11:18:00.058-03:00  INFO 12340 --- [ecommerce] [scheduling-1] c.d.e.s.SincronizacaoEstoqueService      : [ESTOQUE] Ciclo finalizado. Total de atualizações enviadas: 0
2026-09-06T11:18:00.058-03:00  INFO 12340 --- [ecommerce] [scheduling-1] c.d.e.service.SincronizacaoService       : Lendo VW_ECOMMERCE_PRECOS no banco de dados...
2026-09-06T11:18:00.101-03:00  INFO 12340 --- [ecommerce] [scheduling-1] c.d.e.service.SincronizacaoService       : Ciclo finalizado. Total de atualizações enviadas: 0
2026-09-06T11:19:00.000-03:00  INFO 12340 --- [ecommerce] [scheduling-1] c.d.e.s.SincronizacaoEstoqueService      : [ESTOQUE] Lendo VW_ECOMMERCE_ESTOQUE no banco de dados...
2026-09-06T11:19:00.031-03:00  INFO 12340 --- [ecommerce] [scheduling-1] c.d.e.s.SincronizacaoEstoqueService      : [ESTOQUE] Ciclo finalizado. Total de atualizações enviadas: 0
2026-09-06T11:19:00.031-03:00  INFO 12340 --- [ecommerce] [scheduling-1] c.d.e.service.SincronizacaoService       : Lendo VW_ECOMMERCE_PRECOS no banco de dados...
2026-09-06T11:19:00.090-03:00  INFO 12340 --- [ecommerce] [scheduling-1] c.d.e.service.SincronizacaoService       : Ciclo finalizado. Total de atualizações enviadas: 0
2026-09-06T11:20:00.000-03:00  INFO 12340 --- [ecommerce] [scheduling-1] c.d.e.service.SincronizacaoService       : Lendo VW_ECOMMERCE_PRECOS no banco de dados...
2026-09-06T11:20:00.089-03:00  INFO 12340 --- [ecommerce] [scheduling-1] c.d.e.service.SincronizacaoService       : Ciclo finalizado. Total de atualizações enviadas: 0
2026-09-06T11:20:00.089-03:00  INFO 12340 --- [ecommerce] [scheduling-1] c.d.e.s.SincronizacaoEstoqueService      : [ESTOQUE] Lendo VW_ECOMMERCE_ESTOQUE no banco de dados...
2026-09-06T11:20:00.121-03:00  INFO 12340 --- [ecommerce] [scheduling-1] c.d.e.s.SincronizacaoEstoqueService      : [ESTOQUE] Ciclo finalizado. Total de atualizações enviadas: 0
2026-09-06T11:21:00.001-03:00  INFO 12340 --- [ecommerce] [scheduling-1] c.d.e.service.SincronizacaoService       : Lendo VW_ECOMMERCE_PRECOS no banco de dados...
2026-09-06T11:21:00.098-03:00  INFO 12340 --- [ecommerce] [scheduling-1] c.d.e.service.SincronizacaoService       : Ciclo finalizado. Total de atualizações enviadas: 0
2026-09-06T11:21:00.098-03:00  INFO 12340 --- [ecommerce] [scheduling-1] c.d.e.s.SincronizacaoEstoqueService      : [ESTOQUE] Lendo VW_ECOMMERCE_ESTOQUE no banco de dados...
2026-09-06T11:21:00.125-03:00  INFO 12340 --- [ecommerce] [scheduling-1] c.d.e.s.SincronizacaoEstoqueService      : [ESTOQUE] Ciclo finalizado. Total de atualizações enviadas: 0
2026-09-06T11:22:00.000-03:00  INFO 12340 --- [ecommerce] [scheduling-1] c.d.e.s.SincronizacaoEstoqueService      : [ESTOQUE] Lendo VW_ECOMMERCE_ESTOQUE no banco de dados...
2026-09-06T11:22:00.068-03:00  INFO 12340 --- [ecommerce] [scheduling-1] c.d.e.s.SincronizacaoEstoqueService      : [ESTOQUE] Ciclo finalizado. Total de atualizações enviadas: 0
2026-09-06T11:22:00.069-03:00  INFO 12340 --- [ecommerce] [scheduling-1] c.d.e.service.SincronizacaoService       : Lendo VW_ECOMMERCE_PRECOS no banco de dados...
2026-09-06T11:22:00.116-03:00  INFO 12340 --- [ecommerce] [scheduling-1] c.d.e.service.SincronizacaoService       : Ciclo finalizado. Total de atualizações enviadas: 0
2026-09-06T11:23:00.001-03:00  INFO 12340 --- [ecommerce] [scheduling-1] c.d.e.s.SincronizacaoEstoqueService      : [ESTOQUE] Lendo VW_ECOMMERCE_ESTOQUE no banco de dados...
2026-09-06T11:23:00.032-03:00  INFO 12340 --- [ecommerce] [scheduling-1] c.d.e.s.SincronizacaoEstoqueService      : [ESTOQUE] Ciclo finalizado. Total de atualizações enviadas: 0
2026-09-06T11:23:00.032-03:00  INFO 12340 --- [ecommerce] [scheduling-1] c.d.e.service.SincronizacaoService       : Lendo VW_ECOMMERCE_PRECOS no banco de dados...
2026-09-06T11:23:00.076-03:00  INFO 12340 --- [ecommerce] [scheduling-1] c.d.e.service.SincronizacaoService       : Ciclo finalizado. Total de atualizações enviadas: 0
2026-09-06T11:24:00.000-03:00  INFO 12340 --- [ecommerce] [scheduling-1] c.d.e.service.SincronizacaoService       : Lendo VW_ECOMMERCE_PRECOS no banco de dados...
2026-09-06T11:24:00.129-03:00  INFO 12340 --- [ecommerce] [scheduling-1] c.d.e.service.SincronizacaoService       : Ciclo finalizado. Total de atualizações enviadas: 0
2026-09-06T11:24:00.129-03:00  INFO 12340 --- [ecommerce] [scheduling-1] c.d.e.s.SincronizacaoEstoqueService      : [ESTOQUE] Lendo VW_ECOMMERCE_ESTOQUE no banco de dados...
2026-09-06T11:24:00.153-03:00  INFO 12340 --- [ecommerce] [scheduling-1] c.d.e.s.SincronizacaoEstoqueService      : [ESTOQUE] Ciclo finalizado. Total de atualizações enviadas: 0
2026-09-06T11:25:00.000-03:00  INFO 12340 --- [ecommerce] [scheduling-1] c.d.e.service.SincronizacaoService       : Lendo VW_ECOMMERCE_PRECOS no banco de dados...
2026-09-06T11:25:00.162-03:00  INFO 12340 --- [ecommerce] [scheduling-1] c.d.e.service.SincronizacaoService       : Ciclo finalizado. Total de atualizações enviadas: 0
2026-09-06T11:25:00.162-03:00  INFO 12340 --- [ecommerce] [scheduling-1] c.d.e.s.SincronizacaoEstoqueService      : [ESTOQUE] Lendo VW_ECOMMERCE_ESTOQUE no banco de dados...
2026-09-06T11:25:00.188-03:00  INFO 12340 --- [ecommerce] [scheduling-1] c.d.e.s.SincronizacaoEstoqueService      : [ESTOQUE] Ciclo finalizado. Total de atualizações enviadas: 0
2026-09-06T11:26:00.000-03:00  INFO 12340 --- [ecommerce] [scheduling-1] c.d.e.service.SincronizacaoService       : Lendo VW_ECOMMERCE_PRECOS no banco de dados...
2026-09-06T11:26:00.066-03:00  INFO 12340 --- [ecommerce] [scheduling-1] c.d.e.service.SincronizacaoService       : Ciclo finalizado. Total de atualizações enviadas: 0
2026-09-06T11:26:00.066-03:00  INFO 12340 --- [ecommerce] [scheduling-1] c.d.e.s.SincronizacaoEstoqueService      : [ESTOQUE] Lendo VW_ECOMMERCE_ESTOQUE no banco de dados...
2026-09-06T11:26:00.098-03:00  INFO 12340 --- [ecommerce] [scheduling-1] c.d.e.s.SincronizacaoEstoqueService      : [ESTOQUE] Ciclo finalizado. Total de atualizações enviadas: 0
2026-09-06T11:26:59.999-03:00  INFO 12340 --- [ecommerce] [scheduling-1] c.d.e.s.SincronizacaoEstoqueService      : [ESTOQUE] Lendo VW_ECOMMERCE_ESTOQUE no banco de dados...
2026-09-06T11:27:00.051-03:00  INFO 12340 --- [ecommerce] [scheduling-1] c.d.e.s.SincronizacaoEstoqueService      : [ESTOQUE] Ciclo finalizado. Total de atualizações enviadas: 0
2026-09-06T11:27:00.051-03:00  INFO 12340 --- [ecommerce] [scheduling-1] c.d.e.service.SincronizacaoService       : Lendo VW_ECOMMERCE_PRECOS no banco de dados...
2026-09-06T11:27:00.145-03:00  INFO 12340 --- [ecommerce] [scheduling-1] c.d.e.service.SincronizacaoService       : Ciclo finalizado. Total de atualizações enviadas: 0
2026-09-06T11:28:00.000-03:00  INFO 12340 --- [ecommerce] [scheduling-1] c.d.e.service.SincronizacaoService       : Lendo VW_ECOMMERCE_PRECOS no banco de dados...
2026-09-06T11:28:00.101-03:00  INFO 12340 --- [ecommerce] [scheduling-1] c.d.e.service.SincronizacaoService       : Ciclo finalizado. Total de atualizações enviadas: 0
2026-09-06T11:28:00.102-03:00  INFO 12340 --- [ecommerce] [scheduling-1] c.d.e.s.SincronizacaoEstoqueService      : [ESTOQUE] Lendo VW_ECOMMERCE_ESTOQUE no banco de dados...
2026-09-06T11:28:00.131-03:00  INFO 12340 --- [ecommerce] [scheduling-1] c.d.e.s.SincronizacaoEstoqueService      : [ESTOQUE] Ciclo finalizado. Total de atualizações enviadas: 0
2026-09-06T11:29:00.000-03:00  INFO 12340 --- [ecommerce] [scheduling-1] c.d.e.service.SincronizacaoService       : Lendo VW_ECOMMERCE_PRECOS no banco de dados...
2026-09-06T11:29:00.087-03:00  INFO 12340 --- [ecommerce] [scheduling-1] c.d.e.service.SincronizacaoService       : Ciclo finalizado. Total de atualizações enviadas: 0
2026-09-06T11:29:00.087-03:00  INFO 12340 --- [ecommerce] [scheduling-1] c.d.e.s.SincronizacaoEstoqueService      : [ESTOQUE] Lendo VW_ECOMMERCE_ESTOQUE no banco de dados...
2026-09-06T11:29:00.111-03:00  INFO 12340 --- [ecommerce] [scheduling-1] c.d.e.s.SincronizacaoEstoqueService      : [ESTOQUE] Ciclo finalizado. Total de atualizações enviadas: 0
2026-09-06T11:30:00.000-03:00  INFO 12340 --- [ecommerce] [scheduling-1] c.d.e.service.SincronizacaoService       : Lendo VW_ECOMMERCE_PRECOS no banco de dados...
2026-09-06T11:30:00.055-03:00  INFO 12340 --- [ecommerce] [scheduling-1] c.d.e.service.SincronizacaoService       : Ciclo finalizado. Total de atualizações enviadas: 0
2026-09-06T11:30:00.055-03:00  INFO 12340 --- [ecommerce] [scheduling-1] c.d.e.s.SincronizacaoEstoqueService      : [ESTOQUE] Lendo VW_ECOMMERCE_ESTOQUE no banco de dados...
2026-09-06T11:30:00.089-03:00  INFO 12340 --- [ecommerce] [scheduling-1] c.d.e.s.SincronizacaoEstoqueService      : [ESTOQUE] Ciclo finalizado. Total de atualizações enviadas: 0
2026-09-06T11:31:00.000-03:00  INFO 12340 --- [ecommerce] [scheduling-1] c.d.e.s.SincronizacaoEstoqueService      : [ESTOQUE] Lendo VW_ECOMMERCE_ESTOQUE no banco de dados...
2026-09-06T11:31:00.137-03:00  INFO 12340 --- [ecommerce] [scheduling-1] c.d.e.s.SincronizacaoEstoqueService      : [ESTOQUE] Ciclo finalizado. Total de atualizações enviadas: 0
2026-09-06T11:31:00.138-03:00  INFO 12340 --- [ecommerce] [scheduling-1] c.d.e.service.SincronizacaoService       : Lendo VW_ECOMMERCE_PRECOS no banco de dados...
2026-09-06T11:31:00.453-03:00  INFO 12340 --- [ecommerce] [scheduling-1] c.d.e.service.SincronizacaoService       : Ciclo finalizado. Total de atualizações enviadas: 0
2026-09-06T11:32:00.000-03:00  INFO 12340 --- [ecommerce] [scheduling-1] c.d.e.service.SincronizacaoService       : Lendo VW_ECOMMERCE_PRECOS no banco de dados...
2026-09-06T11:32:00.073-03:00  INFO 12340 --- [ecommerce] [scheduling-1] c.d.e.service.SincronizacaoService       : Ciclo finalizado. Total de atualizações enviadas: 0
2026-09-06T11:32:00.073-03:00  INFO 12340 --- [ecommerce] [scheduling-1] c.d.e.s.SincronizacaoEstoqueService      : [ESTOQUE] Lendo VW_ECOMMERCE_ESTOQUE no banco de dados...
2026-09-06T11:32:00.105-03:00  INFO 12340 --- [ecommerce] [scheduling-1] c.d.e.s.SincronizacaoEstoqueService      : [ESTOQUE] Ciclo finalizado. Total de atualizações enviadas: 0
2026-09-06T11:33:00.000-03:00  INFO 12340 --- [ecommerce] [scheduling-1] c.d.e.s.SincronizacaoEstoqueService      : [ESTOQUE] Lendo VW_ECOMMERCE_ESTOQUE no banco de dados...
2026-09-06T11:33:00.028-03:00  INFO 12340 --- [ecommerce] [scheduling-1] c.d.e.s.SincronizacaoEstoqueService      : [ESTOQUE] Ciclo finalizado. Total de atualizações enviadas: 0
2026-09-06T11:33:00.028-03:00  INFO 12340 --- [ecommerce] [scheduling-1] c.d.e.service.SincronizacaoService       : Lendo VW_ECOMMERCE_PRECOS no banco de dados...
2026-09-06T11:33:00.086-03:00  INFO 12340 --- [ecommerce] [scheduling-1] c.d.e.service.SincronizacaoService       : Ciclo finalizado. Total de atualizações enviadas: 0
2026-09-06T11:34:00.000-03:00  INFO 12340 --- [ecommerce] [scheduling-1] c.d.e.service.SincronizacaoService       : Lendo VW_ECOMMERCE_PRECOS no banco de dados...
2026-09-06T11:34:00.087-03:00  INFO 12340 --- [ecommerce] [scheduling-1] c.d.e.service.SincronizacaoService       : Ciclo finalizado. Total de atualizações enviadas: 0
2026-09-06T11:34:00.087-03:00  INFO 12340 --- [ecommerce] [scheduling-1] c.d.e.s.SincronizacaoEstoqueService      : [ESTOQUE] Lendo VW_ECOMMERCE_ESTOQUE no banco de dados...
2026-09-06T11:34:00.113-03:00  INFO 12340 --- [ecommerce] [scheduling-1] c.d.e.s.SincronizacaoEstoqueService      : [ESTOQUE] Ciclo finalizado. Total de atualizações enviadas: 0
2026-09-06T11:35:00.000-03:00  INFO 12340 --- [ecommerce] [scheduling-1] c.d.e.service.SincronizacaoService       : Lendo VW_ECOMMERCE_PRECOS no banco de dados...
2026-09-06T11:35:00.070-03:00  INFO 12340 --- [ecommerce] [scheduling-1] c.d.e.service.SincronizacaoService       : Ciclo finalizado. Total de atualizações enviadas: 0
2026-09-06T11:35:00.071-03:00  INFO 12340 --- [ecommerce] [scheduling-1] c.d.e.s.SincronizacaoEstoqueService      : [ESTOQUE] Lendo VW_ECOMMERCE_ESTOQUE no banco de dados...
2026-09-06T11:35:00.096-03:00  INFO 12340 --- [ecommerce] [scheduling-1] c.d.e.s.SincronizacaoEstoqueService      : [ESTOQUE] Ciclo finalizado. Total de atualizações enviadas: 0
2026-09-06T11:36:00.000-03:00  INFO 12340 --- [ecommerce] [scheduling-1] c.d.e.service.SincronizacaoService       : Lendo VW_ECOMMERCE_PRECOS no banco de dados...
2026-09-06T11:36:00.090-03:00  INFO 12340 --- [ecommerce] [scheduling-1] c.d.e.service.SincronizacaoService       : Ciclo finalizado. Total de atualizações enviadas: 0
2026-09-06T11:36:00.090-03:00  INFO 12340 --- [ecommerce] [scheduling-1] c.d.e.s.SincronizacaoEstoqueService      : [ESTOQUE] Lendo VW_ECOMMERCE_ESTOQUE no banco de dados...
2026-09-06T11:36:00.128-03:00  INFO 12340 --- [ecommerce] [scheduling-1] c.d.e.s.SincronizacaoEstoqueService      : [ESTOQUE] Ciclo finalizado. Total de atualizações enviadas: 0
2026-09-06T11:37:00.000-03:00  INFO 12340 --- [ecommerce] [scheduling-1] c.d.e.service.SincronizacaoService       : Lendo VW_ECOMMERCE_PRECOS no banco de dados...
2026-09-06T11:37:00.052-03:00  INFO 12340 --- [ecommerce] [scheduling-1] c.d.e.service.SincronizacaoService       : Ciclo finalizado. Total de atualizações enviadas: 0
2026-09-06T11:37:00.053-03:00  INFO 12340 --- [ecommerce] [scheduling-1] c.d.e.s.SincronizacaoEstoqueService      : [ESTOQUE] Lendo VW_ECOMMERCE_ESTOQUE no banco de dados...
2026-09-06T11:37:00.087-03:00  INFO 12340 --- [ecommerce] [scheduling-1] c.d.e.s.SincronizacaoEstoqueService      : [ESTOQUE] Ciclo finalizado. Total de atualizações enviadas: 0
2026-09-06T11:38:00.000-03:00  INFO 12340 --- [ecommerce] [scheduling-1] c.d.e.service.SincronizacaoService       : Lendo VW_ECOMMERCE_PRECOS no banco de dados...
2026-09-06T11:38:00.077-03:00  INFO 12340 --- [ecommerce] [scheduling-1] c.d.e.service.SincronizacaoService       : Ciclo finalizado. Total de atualizações enviadas: 0
2026-09-06T11:38:00.077-03:00  INFO 12340 --- [ecommerce] [scheduling-1] c.d.e.s.SincronizacaoEstoqueService      : [ESTOQUE] Lendo VW_ECOMMERCE_ESTOQUE no banco de dados...
2026-09-06T11:38:00.101-03:00  INFO 12340 --- [ecommerce] [scheduling-1] c.d.e.s.SincronizacaoEstoqueService      : [ESTOQUE] Ciclo finalizado. Total de atualizações enviadas: 0
2026-09-06T11:39:00.001-03:00  INFO 12340 --- [ecommerce] [scheduling-1] c.d.e.s.SincronizacaoEstoqueService      : [ESTOQUE] Lendo VW_ECOMMERCE_ESTOQUE no banco de dados...
2026-09-06T11:39:00.111-03:00  INFO 12340 --- [ecommerce] [scheduling-1] c.d.e.s.SincronizacaoEstoqueService      : [ESTOQUE] Ciclo finalizado. Total de atualizações enviadas: 0
2026-09-06T11:39:00.111-03:00  INFO 12340 --- [ecommerce] [scheduling-1] c.d.e.service.SincronizacaoService       : Lendo VW_ECOMMERCE_PRECOS no banco de dados...
2026-09-06T11:39:00.284-03:00  INFO 12340 --- [ecommerce] [scheduling-1] c.d.e.service.SincronizacaoService       : Ciclo finalizado. Total de atualizações enviadas: 0
2026-09-06T11:40:00.000-03:00  INFO 12340 --- [ecommerce] [scheduling-1] c.d.e.service.SincronizacaoService       : Lendo VW_ECOMMERCE_PRECOS no banco de dados...
2026-09-06T11:40:00.054-03:00  INFO 12340 --- [ecommerce] [scheduling-1] c.d.e.service.SincronizacaoService       : Ciclo finalizado. Total de atualizações enviadas: 0
2026-09-06T11:40:00.054-03:00  INFO 12340 --- [ecommerce] [scheduling-1] c.d.e.s.SincronizacaoEstoqueService      : [ESTOQUE] Lendo VW_ECOMMERCE_ESTOQUE no banco de dados...
2026-09-06T11:40:00.086-03:00  INFO 12340 --- [ecommerce] [scheduling-1] c.d.e.s.SincronizacaoEstoqueService      : [ESTOQUE] Ciclo finalizado. Total de atualizações enviadas: 0
2026-09-06T11:41:00.000-03:00  INFO 12340 --- [ecommerce] [scheduling-1] c.d.e.service.SincronizacaoService       : Lendo VW_ECOMMERCE_PRECOS no banco de dados...
2026-09-06T11:41:00.096-03:00  INFO 12340 --- [ecommerce] [scheduling-1] c.d.e.service.SincronizacaoService       : Ciclo finalizado. Total de atualizações enviadas: 0
2026-09-06T11:41:00.096-03:00  INFO 12340 --- [ecommerce] [scheduling-1] c.d.e.s.SincronizacaoEstoqueService      : [ESTOQUE] Lendo VW_ECOMMERCE_ESTOQUE no banco de dados...
2026-09-06T11:41:00.119-03:00  INFO 12340 --- [ecommerce] [scheduling-1] c.d.e.s.SincronizacaoEstoqueService      : [ESTOQUE] Ciclo finalizado. Total de atualizações enviadas: 0
2026-09-06T11:42:00.000-03:00  INFO 12340 --- [ecommerce] [scheduling-1] c.d.e.service.SincronizacaoService       : Lendo VW_ECOMMERCE_PRECOS no banco de dados...
2026-09-06T11:42:00.117-03:00  INFO 12340 --- [ecommerce] [scheduling-1] c.d.e.service.SincronizacaoService       : Ciclo finalizado. Total de atualizações enviadas: 0
2026-09-06T11:42:00.118-03:00  INFO 12340 --- [ecommerce] [scheduling-1] c.d.e.s.SincronizacaoEstoqueService      : [ESTOQUE] Lendo VW_ECOMMERCE_ESTOQUE no banco de dados...
2026-09-06T11:42:00.168-03:00  INFO 12340 --- [ecommerce] [scheduling-1] c.d.e.s.SincronizacaoEstoqueService      : [ESTOQUE] Ciclo finalizado. Total de atualizações enviadas: 0
2026-09-06T11:42:59.999-03:00  INFO 12340 --- [ecommerce] [scheduling-1] c.d.e.service.SincronizacaoService       : Lendo VW_ECOMMERCE_PRECOS no banco de dados...
2026-09-06T11:43:00.091-03:00  INFO 12340 --- [ecommerce] [scheduling-1] c.d.e.service.SincronizacaoService       : Ciclo finalizado. Total de atualizações enviadas: 0
2026-09-06T11:43:00.091-03:00  INFO 12340 --- [ecommerce] [scheduling-1] c.d.e.s.SincronizacaoEstoqueService      : [ESTOQUE] Lendo VW_ECOMMERCE_ESTOQUE no banco de dados...
2026-09-06T11:43:00.123-03:00  INFO 12340 --- [ecommerce] [scheduling-1] c.d.e.s.SincronizacaoEstoqueService      : [ESTOQUE] Ciclo finalizado. Total de atualizações enviadas: 0
2026-09-06T11:44:00.001-03:00  INFO 12340 --- [ecommerce] [scheduling-1] c.d.e.service.SincronizacaoService       : Lendo VW_ECOMMERCE_PRECOS no banco de dados...
2026-09-06T11:44:00.070-03:00  INFO 12340 --- [ecommerce] [scheduling-1] c.d.e.service.SincronizacaoService       : Ciclo finalizado. Total de atualizações enviadas: 0
2026-09-06T11:44:00.070-03:00  INFO 12340 --- [ecommerce] [scheduling-1] c.d.e.s.SincronizacaoEstoqueService      : [ESTOQUE] Lendo VW_ECOMMERCE_ESTOQUE no banco de dados...
2026-09-06T11:44:00.102-03:00  INFO 12340 --- [ecommerce] [scheduling-1] c.d.e.s.SincronizacaoEstoqueService      : [ESTOQUE] Ciclo finalizado. Total de atualizações enviadas: 0
2026-09-06T11:45:00.000-03:00  INFO 12340 --- [ecommerce] [scheduling-1] c.d.e.s.SincronizacaoEstoqueService      : [ESTOQUE] Lendo VW_ECOMMERCE_ESTOQUE no banco de dados...
2026-09-06T11:45:00.091-03:00  INFO 12340 --- [ecommerce] [scheduling-1] c.d.e.s.SincronizacaoEstoqueService      : [ESTOQUE] Ciclo finalizado. Total de atualizações enviadas: 0
2026-09-06T11:45:00.092-03:00  INFO 12340 --- [ecommerce] [scheduling-1] c.d.e.service.SincronizacaoService       : Lendo VW_ECOMMERCE_PRECOS no banco de dados...
2026-09-06T11:45:00.157-03:00  INFO 12340 --- [ecommerce] [scheduling-1] c.d.e.service.SincronizacaoService       : Ciclo finalizado. Total de atualizações enviadas: 0
2026-09-06T11:46:00.001-03:00  INFO 12340 --- [ecommerce] [scheduling-1] c.d.e.service.SincronizacaoService       : Lendo VW_ECOMMERCE_PRECOS no banco de dados...
2026-09-06T11:46:00.051-03:00  INFO 12340 --- [ecommerce] [scheduling-1] c.d.e.service.SincronizacaoService       : Ciclo finalizado. Total de atualizações enviadas: 0
2026-09-06T11:46:00.051-03:00  INFO 12340 --- [ecommerce] [scheduling-1] c.d.e.s.SincronizacaoEstoqueService      : [ESTOQUE] Lendo VW_ECOMMERCE_ESTOQUE no banco de dados...
2026-09-06T11:46:00.082-03:00  INFO 12340 --- [ecommerce] [scheduling-1] c.d.e.s.SincronizacaoEstoqueService      : [ESTOQUE] Ciclo finalizado. Total de atualizações enviadas: 0
2026-09-06T11:47:00.001-03:00  INFO 12340 --- [ecommerce] [scheduling-1] c.d.e.service.SincronizacaoService       : Lendo VW_ECOMMERCE_PRECOS no banco de dados...
2026-09-06T11:47:00.141-03:00  INFO 12340 --- [ecommerce] [scheduling-1] c.d.e.service.SincronizacaoService       : Ciclo finalizado. Total de atualizações enviadas: 0
2026-09-06T11:47:00.141-03:00  INFO 12340 --- [ecommerce] [scheduling-1] c.d.e.s.SincronizacaoEstoqueService      : [ESTOQUE] Lendo VW_ECOMMERCE_ESTOQUE no banco de dados...
2026-09-06T11:47:00.164-03:00  INFO 12340 --- [ecommerce] [scheduling-1] c.d.e.s.SincronizacaoEstoqueService      : [ESTOQUE] Ciclo finalizado. Total de atualizações enviadas: 0
2026-09-06T11:48:00.000-03:00  INFO 12340 --- [ecommerce] [scheduling-1] c.d.e.s.SincronizacaoEstoqueService      : [ESTOQUE] Lendo VW_ECOMMERCE_ESTOQUE no banco de dados...
2026-09-06T11:48:00.054-03:00  INFO 12340 --- [ecommerce] [scheduling-1] c.d.e.s.SincronizacaoEstoqueService      : [ESTOQUE] Ciclo finalizado. Total de atualizações enviadas: 0
2026-09-06T11:48:00.054-03:00  INFO 12340 --- [ecommerce] [scheduling-1] c.d.e.service.SincronizacaoService       : Lendo VW_ECOMMERCE_PRECOS no banco de dados...
2026-09-06T11:48:00.156-03:00  INFO 12340 --- [ecommerce] [scheduling-1] c.d.e.service.SincronizacaoService       : Ciclo finalizado. Total de atualizações enviadas: 0
2026-09-06T11:49:00.000-03:00  INFO 12340 --- [ecommerce] [scheduling-1] c.d.e.service.SincronizacaoService       : Lendo VW_ECOMMERCE_PRECOS no banco de dados...
2026-09-06T11:49:00.062-03:00  INFO 12340 --- [ecommerce] [scheduling-1] c.d.e.service.SincronizacaoService       : Ciclo finalizado. Total de atualizações enviadas: 0
2026-09-06T11:49:00.062-03:00  INFO 12340 --- [ecommerce] [scheduling-1] c.d.e.s.SincronizacaoEstoqueService      : [ESTOQUE] Lendo VW_ECOMMERCE_ESTOQUE no banco de dados...
2026-09-06T11:49:00.087-03:00  INFO 12340 --- [ecommerce] [scheduling-1] c.d.e.s.SincronizacaoEstoqueService      : [ESTOQUE] Ciclo finalizado. Total de atualizações enviadas: 0
2026-09-06T11:50:00.000-03:00  INFO 12340 --- [ecommerce] [scheduling-1] c.d.e.s.SincronizacaoEstoqueService      : [ESTOQUE] Lendo VW_ECOMMERCE_ESTOQUE no banco de dados...
2026-09-06T11:50:00.025-03:00  INFO 12340 --- [ecommerce] [scheduling-1] c.d.e.s.SincronizacaoEstoqueService      : [ESTOQUE] Ciclo finalizado. Total de atualizações enviadas: 0
2026-09-06T11:50:00.025-03:00  INFO 12340 --- [ecommerce] [scheduling-1] c.d.e.service.SincronizacaoService       : Lendo VW_ECOMMERCE_PRECOS no banco de dados...
2026-09-06T11:50:00.068-03:00  INFO 12340 --- [ecommerce] [scheduling-1] c.d.e.service.SincronizacaoService       : Ciclo finalizado. Total de atualizações enviadas: 0
2026-09-06T11:51:00.000-03:00  INFO 12340 --- [ecommerce] [scheduling-1] c.d.e.s.SincronizacaoEstoqueService      : [ESTOQUE] Lendo VW_ECOMMERCE_ESTOQUE no banco de dados...
2026-09-06T11:51:00.052-03:00  INFO 12340 --- [ecommerce] [scheduling-1] c.d.e.s.SincronizacaoEstoqueService      : [ESTOQUE] Ciclo finalizado. Total de atualizações enviadas: 0
2026-09-06T11:51:00.053-03:00  INFO 12340 --- [ecommerce] [scheduling-1] c.d.e.service.SincronizacaoService       : Lendo VW_ECOMMERCE_PRECOS no banco de dados...
2026-09-06T11:51:00.141-03:00  INFO 12340 --- [ecommerce] [scheduling-1] c.d.e.service.SincronizacaoService       : Ciclo finalizado. Total de atualizações enviadas: 0
2026-09-06T11:52:00.001-03:00  INFO 12340 --- [ecommerce] [scheduling-1] c.d.e.s.SincronizacaoEstoqueService      : [ESTOQUE] Lendo VW_ECOMMERCE_ESTOQUE no banco de dados...
2026-09-06T11:52:00.078-03:00  INFO 12340 --- [ecommerce] [scheduling-1] c.d.e.s.SincronizacaoEstoqueService      : [ESTOQUE] Ciclo finalizado. Total de atualizações enviadas: 0
2026-09-06T11:52:00.079-03:00  INFO 12340 --- [ecommerce] [scheduling-1] c.d.e.service.SincronizacaoService       : Lendo VW_ECOMMERCE_PRECOS no banco de dados...
2026-09-06T11:52:00.128-03:00  INFO 12340 --- [ecommerce] [scheduling-1] c.d.e.service.SincronizacaoService       : Ciclo finalizado. Total de atualizações enviadas: 0
2026-09-06T11:53:00.000-03:00  INFO 12340 --- [ecommerce] [scheduling-1] c.d.e.service.SincronizacaoService       : Lendo VW_ECOMMERCE_PRECOS no banco de dados...
2026-09-06T11:53:00.050-03:00  INFO 12340 --- [ecommerce] [scheduling-1] c.d.e.service.SincronizacaoService       : Ciclo finalizado. Total de atualizações enviadas: 0
2026-09-06T11:53:00.051-03:00  INFO 12340 --- [ecommerce] [scheduling-1] c.d.e.s.SincronizacaoEstoqueService      : [ESTOQUE] Lendo VW_ECOMMERCE_ESTOQUE no banco de dados...
2026-09-06T11:53:00.070-03:00  INFO 12340 --- [ecommerce] [scheduling-1] c.d.e.s.SincronizacaoEstoqueService      : [ESTOQUE] Ciclo finalizado. Total de atualizações enviadas: 0
2026-09-06T11:54:00.000-03:00  INFO 12340 --- [ecommerce] [scheduling-1] c.d.e.service.SincronizacaoService       : Lendo VW_ECOMMERCE_PRECOS no banco de dados...
2026-09-06T11:54:00.122-03:00  INFO 12340 --- [ecommerce] [scheduling-1] c.d.e.service.SincronizacaoService       : Ciclo finalizado. Total de atualizações enviadas: 0
2026-09-06T11:54:00.122-03:00  INFO 12340 --- [ecommerce] [scheduling-1] c.d.e.s.SincronizacaoEstoqueService      : [ESTOQUE] Lendo VW_ECOMMERCE_ESTOQUE no banco de dados...
2026-09-06T11:54:00.142-03:00  INFO 12340 --- [ecommerce] [scheduling-1] c.d.e.s.SincronizacaoEstoqueService      : [ESTOQUE] Ciclo finalizado. Total de atualizações enviadas: 0
2026-09-06T11:55:00.001-03:00  INFO 12340 --- [ecommerce] [scheduling-1] c.d.e.service.SincronizacaoService       : Lendo VW_ECOMMERCE_PRECOS no banco de dados...
2026-09-06T11:55:00.158-03:00  INFO 12340 --- [ecommerce] [scheduling-1] c.d.e.service.SincronizacaoService       : Ciclo finalizado. Total de atualizações enviadas: 0
2026-09-06T11:55:00.158-03:00  INFO 12340 --- [ecommerce] [scheduling-1] c.d.e.s.SincronizacaoEstoqueService      : [ESTOQUE] Lendo VW_ECOMMERCE_ESTOQUE no banco de dados...
2026-09-06T11:55:00.214-03:00  INFO 12340 --- [ecommerce] [scheduling-1] c.d.e.s.SincronizacaoEstoqueService      : [ESTOQUE] Ciclo finalizado. Total de atualizações enviadas: 0
2026-09-06T11:56:00.000-03:00  INFO 12340 --- [ecommerce] [scheduling-1] c.d.e.s.SincronizacaoEstoqueService      : [ESTOQUE] Lendo VW_ECOMMERCE_ESTOQUE no banco de dados...
2026-09-06T11:56:00.066-03:00  INFO 12340 --- [ecommerce] [scheduling-1] c.d.e.s.SincronizacaoEstoqueService      : [ESTOQUE] Ciclo finalizado. Total de atualizações enviadas: 0
2026-09-06T11:56:00.066-03:00  INFO 12340 --- [ecommerce] [scheduling-1] c.d.e.service.SincronizacaoService       : Lendo VW_ECOMMERCE_PRECOS no banco de dados...
2026-09-06T11:56:00.139-03:00  INFO 12340 --- [ecommerce] [scheduling-1] c.d.e.service.SincronizacaoService       : Ciclo finalizado. Total de atualizações enviadas: 0
2026-09-06T11:57:00.000-03:00  INFO 12340 --- [ecommerce] [scheduling-1] c.d.e.service.SincronizacaoService       : Lendo VW_ECOMMERCE_PRECOS no banco de dados...
2026-09-06T11:57:00.094-03:00  INFO 12340 --- [ecommerce] [scheduling-1] c.d.e.service.SincronizacaoService       : Ciclo finalizado. Total de atualizações enviadas: 0
2026-09-06T11:57:00.094-03:00  INFO 12340 --- [ecommerce] [scheduling-1] c.d.e.s.SincronizacaoEstoqueService      : [ESTOQUE] Lendo VW_ECOMMERCE_ESTOQUE no banco de dados...
2026-09-06T11:57:00.122-03:00  INFO 12340 --- [ecommerce] [scheduling-1] c.d.e.s.SincronizacaoEstoqueService      : [ESTOQUE] Ciclo finalizado. Total de atualizações enviadas: 0
2026-09-06T11:58:00.000-03:00  INFO 12340 --- [ecommerce] [scheduling-1] c.d.e.s.SincronizacaoEstoqueService      : [ESTOQUE] Lendo VW_ECOMMERCE_ESTOQUE no banco de dados...
2026-09-06T11:58:00.042-03:00  INFO 12340 --- [ecommerce] [scheduling-1] c.d.e.s.SincronizacaoEstoqueService      : [ESTOQUE] Ciclo finalizado. Total de atualizações enviadas: 0
2026-09-06T11:58:00.046-03:00  INFO 12340 --- [ecommerce] [scheduling-1] c.d.e.service.SincronizacaoService       : Lendo VW_ECOMMERCE_PRECOS no banco de dados...
2026-09-06T11:58:00.188-03:00  INFO 12340 --- [ecommerce] [scheduling-1] c.d.e.service.SincronizacaoService       : Ciclo finalizado. Total de atualizações enviadas: 0
2026-09-06T11:59:00.001-03:00  INFO 12340 --- [ecommerce] [scheduling-1] c.d.e.service.SincronizacaoService       : Lendo VW_ECOMMERCE_PRECOS no banco de dados...
2026-09-06T11:59:00.101-03:00  INFO 12340 --- [ecommerce] [scheduling-1] c.d.e.service.SincronizacaoService       : Ciclo finalizado. Total de atualizações enviadas: 0
2026-09-06T11:59:00.102-03:00  INFO 12340 --- [ecommerce] [scheduling-1] c.d.e.s.SincronizacaoEstoqueService      : [ESTOQUE] Lendo VW_ECOMMERCE_ESTOQUE no banco de dados...
2026-09-06T11:59:00.122-03:00  INFO 12340 --- [ecommerce] [scheduling-1] c.d.e.s.SincronizacaoEstoqueService      : [ESTOQUE] Ciclo finalizado. Total de atualizações enviadas: 0
2026-09-06T12:00:00.001-03:00  INFO 12340 --- [ecommerce] [scheduling-1] c.d.e.s.SincronizacaoEstoqueService      : [ESTOQUE] Lendo VW_ECOMMERCE_ESTOQUE no banco de dados...
2026-09-06T12:00:00.051-03:00  INFO 12340 --- [ecommerce] [scheduling-1] c.d.e.s.SincronizacaoEstoqueService      : [ESTOQUE] Ciclo finalizado. Total de atualizações enviadas: 0
2026-09-06T12:00:00.052-03:00  INFO 12340 --- [ecommerce] [scheduling-1] c.d.e.service.SincronizacaoService       : Lendo VW_ECOMMERCE_PRECOS no banco de dados...
2026-09-06T12:00:00.173-03:00  INFO 12340 --- [ecommerce] [scheduling-1] c.d.e.service.SincronizacaoService       : Ciclo finalizado. Total de atualizações enviadas: 0
2026-09-06T12:01:00.000-03:00  INFO 12340 --- [ecommerce] [scheduling-1] c.d.e.s.SincronizacaoEstoqueService      : [ESTOQUE] Lendo VW_ECOMMERCE_ESTOQUE no banco de dados...
2026-09-06T12:01:00.076-03:00  INFO 12340 --- [ecommerce] [scheduling-1] c.d.e.s.SincronizacaoEstoqueService      : [ESTOQUE] Ciclo finalizado. Total de atualizações enviadas: 0
2026-09-06T12:01:00.076-03:00  INFO 12340 --- [ecommerce] [scheduling-1] c.d.e.service.SincronizacaoService       : Lendo VW_ECOMMERCE_PRECOS no banco de dados...
2026-09-06T12:01:00.199-03:00  INFO 12340 --- [ecommerce] [scheduling-1] c.d.e.service.SincronizacaoService       : Ciclo finalizado. Total de atualizações enviadas: 0
2026-09-06T12:02:00.001-03:00  INFO 12340 --- [ecommerce] [scheduling-1] c.d.e.s.SincronizacaoEstoqueService      : [ESTOQUE] Lendo VW_ECOMMERCE_ESTOQUE no banco de dados...
2026-09-06T12:02:00.085-03:00  INFO 12340 --- [ecommerce] [scheduling-1] c.d.e.s.SincronizacaoEstoqueService      : [ESTOQUE] Ciclo finalizado. Total de atualizações enviadas: 0
2026-09-06T12:02:00.085-03:00  INFO 12340 --- [ecommerce] [scheduling-1] c.d.e.service.SincronizacaoService       : Lendo VW_ECOMMERCE_PRECOS no banco de dados...
2026-09-06T12:02:00.131-03:00  INFO 12340 --- [ecommerce] [scheduling-1] c.d.e.service.SincronizacaoService       : Ciclo finalizado. Total de atualizações enviadas: 0
2026-09-06T12:03:00.000-03:00  INFO 12340 --- [ecommerce] [scheduling-1] c.d.e.s.SincronizacaoEstoqueService      : [ESTOQUE] Lendo VW_ECOMMERCE_ESTOQUE no banco de dados...
2026-09-06T12:03:00.064-03:00  INFO 12340 --- [ecommerce] [scheduling-1] c.d.e.s.SincronizacaoEstoqueService      : [ESTOQUE] Ciclo finalizado. Total de atualizações enviadas: 0
2026-09-06T12:03:00.064-03:00  INFO 12340 --- [ecommerce] [scheduling-1] c.d.e.service.SincronizacaoService       : Lendo VW_ECOMMERCE_PRECOS no banco de dados...
2026-09-06T12:03:00.200-03:00  INFO 12340 --- [ecommerce] [scheduling-1] c.d.e.service.SincronizacaoService       : Ciclo finalizado. Total de atualizações enviadas: 0
2026-09-06T12:03:59.999-03:00  INFO 12340 --- [ecommerce] [scheduling-1] c.d.e.service.SincronizacaoService       : Lendo VW_ECOMMERCE_PRECOS no banco de dados...
2026-09-06T12:04:00.073-03:00  INFO 12340 --- [ecommerce] [scheduling-1] c.d.e.service.SincronizacaoService       : Ciclo finalizado. Total de atualizações enviadas: 0
2026-09-06T12:04:00.073-03:00  INFO 12340 --- [ecommerce] [scheduling-1] c.d.e.s.SincronizacaoEstoqueService      : [ESTOQUE] Lendo VW_ECOMMERCE_ESTOQUE no banco de dados...
2026-09-06T12:04:00.102-03:00  INFO 12340 --- [ecommerce] [scheduling-1] c.d.e.s.SincronizacaoEstoqueService      : [ESTOQUE] Ciclo finalizado. Total de atualizações enviadas: 0
2026-09-06T12:05:00.000-03:00  INFO 12340 --- [ecommerce] [scheduling-1] c.d.e.s.SincronizacaoEstoqueService      : [ESTOQUE] Lendo VW_ECOMMERCE_ESTOQUE no banco de dados...
2026-09-06T12:05:00.087-03:00  INFO 12340 --- [ecommerce] [scheduling-1] c.d.e.s.SincronizacaoEstoqueService      : [ESTOQUE] Ciclo finalizado. Total de atualizações enviadas: 0
2026-09-06T12:05:00.088-03:00  INFO 12340 --- [ecommerce] [scheduling-1] c.d.e.service.SincronizacaoService       : Lendo VW_ECOMMERCE_PRECOS no banco de dados...
2026-09-06T12:05:00.167-03:00  INFO 12340 --- [ecommerce] [scheduling-1] c.d.e.service.SincronizacaoService       : Ciclo finalizado. Total de atualizações enviadas: 0
2026-09-06T12:06:00.001-03:00  INFO 12340 --- [ecommerce] [scheduling-1] c.d.e.s.SincronizacaoEstoqueService      : [ESTOQUE] Lendo VW_ECOMMERCE_ESTOQUE no banco de dados...
2026-09-06T12:06:00.094-03:00  INFO 12340 --- [ecommerce] [scheduling-1] c.d.e.s.SincronizacaoEstoqueService      : [ESTOQUE] Ciclo finalizado. Total de atualizações enviadas: 0
2026-09-06T12:06:00.094-03:00  INFO 12340 --- [ecommerce] [scheduling-1] c.d.e.service.SincronizacaoService       : Lendo VW_ECOMMERCE_PRECOS no banco de dados...
2026-09-06T12:06:00.139-03:00  INFO 12340 --- [ecommerce] [scheduling-1] c.d.e.service.SincronizacaoService       : Ciclo finalizado. Total de atualizações enviadas: 0
2026-09-06T12:07:00.000-03:00  INFO 12340 --- [ecommerce] [scheduling-1] c.d.e.service.SincronizacaoService       : Lendo VW_ECOMMERCE_PRECOS no banco de dados...
2026-09-06T12:07:00.092-03:00  INFO 12340 --- [ecommerce] [scheduling-1] c.d.e.service.SincronizacaoService       : Ciclo finalizado. Total de atualizações enviadas: 0
2026-09-06T12:07:00.092-03:00  INFO 12340 --- [ecommerce] [scheduling-1] c.d.e.s.SincronizacaoEstoqueService      : [ESTOQUE] Lendo VW_ECOMMERCE_ESTOQUE no banco de dados...
2026-09-06T12:07:00.119-03:00  INFO 12340 --- [ecommerce] [scheduling-1] c.d.e.s.SincronizacaoEstoqueService      : [ESTOQUE] Ciclo finalizado. Total de atualizações enviadas: 0
2026-09-06T12:08:00.000-03:00  INFO 12340 --- [ecommerce] [scheduling-1] c.d.e.service.SincronizacaoService       : Lendo VW_ECOMMERCE_PRECOS no banco de dados...
2026-09-06T12:08:00.143-03:00  INFO 12340 --- [ecommerce] [scheduling-1] c.d.e.service.SincronizacaoService       : Ciclo finalizado. Total de atualizações enviadas: 0
2026-09-06T12:08:00.143-03:00  INFO 12340 --- [ecommerce] [scheduling-1] c.d.e.s.SincronizacaoEstoqueService      : [ESTOQUE] Lendo VW_ECOMMERCE_ESTOQUE no banco de dados...
2026-09-06T12:08:00.168-03:00  INFO 12340 --- [ecommerce] [scheduling-1] c.d.e.s.SincronizacaoEstoqueService      : [ESTOQUE] Ciclo finalizado. Total de atualizações enviadas: 0
2026-09-06T12:09:00.000-03:00  INFO 12340 --- [ecommerce] [scheduling-1] c.d.e.service.SincronizacaoService       : Lendo VW_ECOMMERCE_PRECOS no banco de dados...
2026-09-06T12:09:00.140-03:00  INFO 12340 --- [ecommerce] [scheduling-1] c.d.e.service.SincronizacaoService       : Ciclo finalizado. Total de atualizações enviadas: 0
2026-09-06T12:09:00.140-03:00  INFO 12340 --- [ecommerce] [scheduling-1] c.d.e.s.SincronizacaoEstoqueService      : [ESTOQUE] Lendo VW_ECOMMERCE_ESTOQUE no banco de dados...
2026-09-06T12:09:00.170-03:00  INFO 12340 --- [ecommerce] [scheduling-1] c.d.e.s.SincronizacaoEstoqueService      : [ESTOQUE] Ciclo finalizado. Total de atualizações enviadas: 0
2026-09-06T12:10:00.000-03:00  INFO 12340 --- [ecommerce] [scheduling-1] c.d.e.s.SincronizacaoEstoqueService      : [ESTOQUE] Lendo VW_ECOMMERCE_ESTOQUE no banco de dados...
2026-09-06T12:10:00.346-03:00  INFO 12340 --- [ecommerce] [scheduling-1] c.d.e.s.SincronizacaoEstoqueService      : [ESTOQUE] Ciclo finalizado. Total de atualizações enviadas: 0
2026-09-06T12:10:00.346-03:00  INFO 12340 --- [ecommerce] [scheduling-1] c.d.e.service.SincronizacaoService       : Lendo VW_ECOMMERCE_PRECOS no banco de dados...
2026-09-06T12:10:00.399-03:00  INFO 12340 --- [ecommerce] [scheduling-1] c.d.e.service.SincronizacaoService       : Ciclo finalizado. Total de atualizações enviadas: 0
2026-09-06T12:11:00.000-03:00  INFO 12340 --- [ecommerce] [scheduling-1] c.d.e.service.SincronizacaoService       : Lendo VW_ECOMMERCE_PRECOS no banco de dados...
2026-09-06T12:11:00.103-03:00  INFO 12340 --- [ecommerce] [scheduling-1] c.d.e.service.SincronizacaoService       : Ciclo finalizado. Total de atualizações enviadas: 0
2026-09-06T12:11:00.103-03:00  INFO 12340 --- [ecommerce] [scheduling-1] c.d.e.s.SincronizacaoEstoqueService      : [ESTOQUE] Lendo VW_ECOMMERCE_ESTOQUE no banco de dados...
2026-09-06T12:11:00.123-03:00  INFO 12340 --- [ecommerce] [scheduling-1] c.d.e.s.SincronizacaoEstoqueService      : [ESTOQUE] Ciclo finalizado. Total de atualizações enviadas: 0
2026-09-06T12:12:00.000-03:00  INFO 12340 --- [ecommerce] [scheduling-1] c.d.e.s.SincronizacaoEstoqueService      : [ESTOQUE] Lendo VW_ECOMMERCE_ESTOQUE no banco de dados...
2026-09-06T12:12:00.077-03:00  INFO 12340 --- [ecommerce] [scheduling-1] c.d.e.s.SincronizacaoEstoqueService      : [ESTOQUE] Ciclo finalizado. Total de atualizações enviadas: 0
2026-09-06T12:12:00.077-03:00  INFO 12340 --- [ecommerce] [scheduling-1] c.d.e.service.SincronizacaoService       : Lendo VW_ECOMMERCE_PRECOS no banco de dados...
2026-09-06T12:12:00.182-03:00  INFO 12340 --- [ecommerce] [scheduling-1] c.d.e.service.SincronizacaoService       : Ciclo finalizado. Total de atualizações enviadas: 0
2026-09-06T12:12:59.999-03:00  INFO 12340 --- [ecommerce] [scheduling-1] c.d.e.service.SincronizacaoService       : Lendo VW_ECOMMERCE_PRECOS no banco de dados...
2026-09-06T12:13:00.054-03:00  INFO 12340 --- [ecommerce] [scheduling-1] c.d.e.service.SincronizacaoService       : Ciclo finalizado. Total de atualizações enviadas: 0
2026-09-06T12:13:00.054-03:00  INFO 12340 --- [ecommerce] [scheduling-1] c.d.e.s.SincronizacaoEstoqueService      : [ESTOQUE] Lendo VW_ECOMMERCE_ESTOQUE no banco de dados...
2026-09-06T12:13:00.090-03:00  INFO 12340 --- [ecommerce] [scheduling-1] c.d.e.s.SincronizacaoEstoqueService      : [ESTOQUE] Ciclo finalizado. Total de atualizações enviadas: 0
2026-09-06T12:14:00.000-03:00  INFO 12340 --- [ecommerce] [scheduling-1] c.d.e.service.SincronizacaoService       : Lendo VW_ECOMMERCE_PRECOS no banco de dados...
2026-09-06T12:14:00.055-03:00  INFO 12340 --- [ecommerce] [scheduling-1] c.d.e.service.SincronizacaoService       : Ciclo finalizado. Total de atualizações enviadas: 0
2026-09-06T12:14:00.056-03:00  INFO 12340 --- [ecommerce] [scheduling-1] c.d.e.s.SincronizacaoEstoqueService      : [ESTOQUE] Lendo VW_ECOMMERCE_ESTOQUE no banco de dados...
2026-09-06T12:14:00.098-03:00  INFO 12340 --- [ecommerce] [scheduling-1] c.d.e.s.SincronizacaoEstoqueService      : [ESTOQUE] Ciclo finalizado. Total de atualizações enviadas: 0
2026-09-06T12:15:00.000-03:00  INFO 12340 --- [ecommerce] [scheduling-1] c.d.e.service.SincronizacaoService       : Lendo VW_ECOMMERCE_PRECOS no banco de dados...
2026-09-06T12:15:00.111-03:00  INFO 12340 --- [ecommerce] [scheduling-1] c.d.e.service.SincronizacaoService       : Ciclo finalizado. Total de atualizações enviadas: 0
2026-09-06T12:15:00.111-03:00  INFO 12340 --- [ecommerce] [scheduling-1] c.d.e.s.SincronizacaoEstoqueService      : [ESTOQUE] Lendo VW_ECOMMERCE_ESTOQUE no banco de dados...
2026-09-06T12:15:00.138-03:00  INFO 12340 --- [ecommerce] [scheduling-1] c.d.e.s.SincronizacaoEstoqueService      : [ESTOQUE] Ciclo finalizado. Total de atualizações enviadas: 0
2026-09-06T12:15:59.999-03:00  INFO 12340 --- [ecommerce] [scheduling-1] c.d.e.s.SincronizacaoEstoqueService      : [ESTOQUE] Lendo VW_ECOMMERCE_ESTOQUE no banco de dados...
2026-09-06T12:16:00.046-03:00  INFO 12340 --- [ecommerce] [scheduling-1] c.d.e.s.SincronizacaoEstoqueService      : [ESTOQUE] Ciclo finalizado. Total de atualizações enviadas: 0
2026-09-06T12:16:00.046-03:00  INFO 12340 --- [ecommerce] [scheduling-1] c.d.e.service.SincronizacaoService       : Lendo VW_ECOMMERCE_PRECOS no banco de dados...
2026-09-06T12:16:00.091-03:00  INFO 12340 --- [ecommerce] [scheduling-1] c.d.e.service.SincronizacaoService       : Ciclo finalizado. Total de atualizações enviadas: 0
2026-09-06T12:17:00.000-03:00  INFO 12340 --- [ecommerce] [scheduling-1] c.d.e.service.SincronizacaoService       : Lendo VW_ECOMMERCE_PRECOS no banco de dados...
2026-09-06T12:17:00.092-03:00  INFO 12340 --- [ecommerce] [scheduling-1] c.d.e.service.SincronizacaoService       : Ciclo finalizado. Total de atualizações enviadas: 0
2026-09-06T12:17:00.092-03:00  INFO 12340 --- [ecommerce] [scheduling-1] c.d.e.s.SincronizacaoEstoqueService      : [ESTOQUE] Lendo VW_ECOMMERCE_ESTOQUE no banco de dados...
2026-09-06T12:17:00.123-03:00  INFO 12340 --- [ecommerce] [scheduling-1] c.d.e.s.SincronizacaoEstoqueService      : [ESTOQUE] Ciclo finalizado. Total de atualizações enviadas: 0
2026-09-06T12:18:00.000-03:00  INFO 12340 --- [ecommerce] [scheduling-1] c.d.e.service.SincronizacaoService       : Lendo VW_ECOMMERCE_PRECOS no banco de dados...
2026-09-06T12:18:00.103-03:00  INFO 12340 --- [ecommerce] [scheduling-1] c.d.e.service.SincronizacaoService       : Ciclo finalizado. Total de atualizações enviadas: 0
2026-09-06T12:18:00.104-03:00  INFO 12340 --- [ecommerce] [scheduling-1] c.d.e.s.SincronizacaoEstoqueService      : [ESTOQUE] Lendo VW_ECOMMERCE_ESTOQUE no banco de dados...
2026-09-06T12:18:00.127-03:00  INFO 12340 --- [ecommerce] [scheduling-1] c.d.e.s.SincronizacaoEstoqueService      : [ESTOQUE] Ciclo finalizado. Total de atualizações enviadas: 0
2026-09-06T12:19:00.000-03:00  INFO 12340 --- [ecommerce] [scheduling-1] c.d.e.service.SincronizacaoService       : Lendo VW_ECOMMERCE_PRECOS no banco de dados...
2026-09-06T12:19:00.095-03:00  INFO 12340 --- [ecommerce] [scheduling-1] c.d.e.service.SincronizacaoService       : Ciclo finalizado. Total de atualizações enviadas: 0
2026-09-06T12:19:00.095-03:00  INFO 12340 --- [ecommerce] [scheduling-1] c.d.e.s.SincronizacaoEstoqueService      : [ESTOQUE] Lendo VW_ECOMMERCE_ESTOQUE no banco de dados...
2026-09-06T12:19:00.125-03:00  INFO 12340 --- [ecommerce] [scheduling-1] c.d.e.s.SincronizacaoEstoqueService      : [ESTOQUE] Ciclo finalizado. Total de atualizações enviadas: 0
2026-09-06T12:20:00.000-03:00  INFO 12340 --- [ecommerce] [scheduling-1] c.d.e.s.SincronizacaoEstoqueService      : [ESTOQUE] Lendo VW_ECOMMERCE_ESTOQUE no banco de dados...
2026-09-06T12:20:00.072-03:00  INFO 12340 --- [ecommerce] [scheduling-1] c.d.e.s.SincronizacaoEstoqueService      : [ESTOQUE] Ciclo finalizado. Total de atualizações enviadas: 0
2026-09-06T12:20:00.072-03:00  INFO 12340 --- [ecommerce] [scheduling-1] c.d.e.service.SincronizacaoService       : Lendo VW_ECOMMERCE_PRECOS no banco de dados...
2026-09-06T12:20:00.120-03:00  INFO 12340 --- [ecommerce] [scheduling-1] c.d.e.service.SincronizacaoService       : Ciclo finalizado. Total de atualizações enviadas: 0
2026-09-06T12:21:00.000-03:00  INFO 12340 --- [ecommerce] [scheduling-1] c.d.e.s.SincronizacaoEstoqueService      : [ESTOQUE] Lendo VW_ECOMMERCE_ESTOQUE no banco de dados...
2026-09-06T12:21:00.057-03:00  INFO 12340 --- [ecommerce] [scheduling-1] c.d.e.s.SincronizacaoEstoqueService      : [ESTOQUE] Ciclo finalizado. Total de atualizações enviadas: 0
2026-09-06T12:21:00.058-03:00  INFO 12340 --- [ecommerce] [scheduling-1] c.d.e.service.SincronizacaoService       : Lendo VW_ECOMMERCE_PRECOS no banco de dados...
2026-09-06T12:21:00.218-03:00  INFO 12340 --- [ecommerce] [scheduling-1] c.d.e.service.SincronizacaoService       : Ciclo finalizado. Total de atualizações enviadas: 0
2026-09-06T12:22:00.000-03:00  INFO 12340 --- [ecommerce] [scheduling-1] c.d.e.service.SincronizacaoService       : Lendo VW_ECOMMERCE_PRECOS no banco de dados...
2026-09-06T12:22:00.059-03:00  INFO 12340 --- [ecommerce] [scheduling-1] c.d.e.service.SincronizacaoService       : Ciclo finalizado. Total de atualizações enviadas: 0
2026-09-06T12:22:00.060-03:00  INFO 12340 --- [ecommerce] [scheduling-1] c.d.e.s.SincronizacaoEstoqueService      : [ESTOQUE] Lendo VW_ECOMMERCE_ESTOQUE no banco de dados...
2026-09-06T12:22:00.091-03:00  INFO 12340 --- [ecommerce] [scheduling-1] c.d.e.s.SincronizacaoEstoqueService      : [ESTOQUE] Ciclo finalizado. Total de atualizações enviadas: 0
2026-09-06T12:22:59.999-03:00  INFO 12340 --- [ecommerce] [scheduling-1] c.d.e.service.SincronizacaoService       : Lendo VW_ECOMMERCE_PRECOS no banco de dados...
2026-09-06T12:23:00.104-03:00  INFO 12340 --- [ecommerce] [scheduling-1] c.d.e.service.SincronizacaoService       : Ciclo finalizado. Total de atualizações enviadas: 0
2026-09-06T12:23:00.104-03:00  INFO 12340 --- [ecommerce] [scheduling-1] c.d.e.s.SincronizacaoEstoqueService      : [ESTOQUE] Lendo VW_ECOMMERCE_ESTOQUE no banco de dados...
2026-09-06T12:23:00.127-03:00  INFO 12340 --- [ecommerce] [scheduling-1] c.d.e.s.SincronizacaoEstoqueService      : [ESTOQUE] Ciclo finalizado. Total de atualizações enviadas: 0
2026-09-06T12:23:59.999-03:00  INFO 12340 --- [ecommerce] [scheduling-1] c.d.e.s.SincronizacaoEstoqueService      : [ESTOQUE] Lendo VW_ECOMMERCE_ESTOQUE no banco de dados...
2026-09-06T12:24:00.061-03:00  INFO 12340 --- [ecommerce] [scheduling-1] c.d.e.s.SincronizacaoEstoqueService      : [ESTOQUE] Ciclo finalizado. Total de atualizações enviadas: 0
2026-09-06T12:24:00.061-03:00  INFO 12340 --- [ecommerce] [scheduling-1] c.d.e.service.SincronizacaoService       : Lendo VW_ECOMMERCE_PRECOS no banco de dados...
2026-09-06T12:24:00.118-03:00  INFO 12340 --- [ecommerce] [scheduling-1] c.d.e.service.SincronizacaoService       : Ciclo finalizado. Total de atualizações enviadas: 0
2026-09-06T12:25:00.000-03:00  INFO 12340 --- [ecommerce] [scheduling-1] c.d.e.service.SincronizacaoService       : Lendo VW_ECOMMERCE_PRECOS no banco de dados...
2026-09-06T12:25:00.054-03:00  INFO 12340 --- [ecommerce] [scheduling-1] c.d.e.service.SincronizacaoService       : Ciclo finalizado. Total de atualizações enviadas: 0
2026-09-06T12:25:00.054-03:00  INFO 12340 --- [ecommerce] [scheduling-1] c.d.e.s.SincronizacaoEstoqueService      : [ESTOQUE] Lendo VW_ECOMMERCE_ESTOQUE no banco de dados...
2026-09-06T12:25:00.087-03:00  INFO 12340 --- [ecommerce] [scheduling-1] c.d.e.s.SincronizacaoEstoqueService      : [ESTOQUE] Ciclo finalizado. Total de atualizações enviadas: 0
2026-09-06T12:26:00.001-03:00  INFO 12340 --- [ecommerce] [scheduling-1] c.d.e.s.SincronizacaoEstoqueService      : [ESTOQUE] Lendo VW_ECOMMERCE_ESTOQUE no banco de dados...
2026-09-06T12:26:00.092-03:00  INFO 12340 --- [ecommerce] [scheduling-1] c.d.e.s.SincronizacaoEstoqueService      : [ESTOQUE] Ciclo finalizado. Total de atualizações enviadas: 0
2026-09-06T12:26:00.092-03:00  INFO 12340 --- [ecommerce] [scheduling-1] c.d.e.service.SincronizacaoService       : Lendo VW_ECOMMERCE_PRECOS no banco de dados...
2026-09-06T12:26:00.137-03:00  INFO 12340 --- [ecommerce] [scheduling-1] c.d.e.service.SincronizacaoService       : Ciclo finalizado. Total de atualizações enviadas: 0
2026-09-06T12:27:00.000-03:00  INFO 12340 --- [ecommerce] [scheduling-1] c.d.e.service.SincronizacaoService       : Lendo VW_ECOMMERCE_PRECOS no banco de dados...
2026-09-06T12:27:00.232-03:00  INFO 12340 --- [ecommerce] [scheduling-1] c.d.e.service.SincronizacaoService       : Ciclo finalizado. Total de atualizações enviadas: 0
2026-09-06T12:27:00.232-03:00  INFO 12340 --- [ecommerce] [scheduling-1] c.d.e.s.SincronizacaoEstoqueService      : [ESTOQUE] Lendo VW_ECOMMERCE_ESTOQUE no banco de dados...
2026-09-06T12:27:00.305-03:00  INFO 12340 --- [ecommerce] [scheduling-1] c.d.e.s.SincronizacaoEstoqueService      : [ESTOQUE] Ciclo finalizado. Total de atualizações enviadas: 0
2026-09-06T12:28:00.000-03:00  INFO 12340 --- [ecommerce] [scheduling-1] c.d.e.service.SincronizacaoService       : Lendo VW_ECOMMERCE_PRECOS no banco de dados...
2026-09-06T12:28:00.057-03:00  INFO 12340 --- [ecommerce] [scheduling-1] c.d.e.service.SincronizacaoService       : Ciclo finalizado. Total de atualizações enviadas: 0
2026-09-06T12:28:00.057-03:00  INFO 12340 --- [ecommerce] [scheduling-1] c.d.e.s.SincronizacaoEstoqueService      : [ESTOQUE] Lendo VW_ECOMMERCE_ESTOQUE no banco de dados...
2026-09-06T12:28:00.090-03:00  INFO 12340 --- [ecommerce] [scheduling-1] c.d.e.s.SincronizacaoEstoqueService      : [ESTOQUE] Ciclo finalizado. Total de atualizações enviadas: 0
2026-09-06T12:29:00.001-03:00  INFO 12340 --- [ecommerce] [scheduling-1] c.d.e.s.SincronizacaoEstoqueService      : [ESTOQUE] Lendo VW_ECOMMERCE_ESTOQUE no banco de dados...
2026-09-06T12:29:00.076-03:00  INFO 12340 --- [ecommerce] [scheduling-1] c.d.e.s.SincronizacaoEstoqueService      : [ESTOQUE] Ciclo finalizado. Total de atualizações enviadas: 0
2026-09-06T12:29:00.076-03:00  INFO 12340 --- [ecommerce] [scheduling-1] c.d.e.service.SincronizacaoService       : Lendo VW_ECOMMERCE_PRECOS no banco de dados...
2026-09-06T12:29:00.119-03:00  INFO 12340 --- [ecommerce] [scheduling-1] c.d.e.service.SincronizacaoService       : Ciclo finalizado. Total de atualizações enviadas: 0
2026-09-06T12:30:00.000-03:00  INFO 12340 --- [ecommerce] [scheduling-1] c.d.e.s.SincronizacaoEstoqueService      : [ESTOQUE] Lendo VW_ECOMMERCE_ESTOQUE no banco de dados...
2026-09-06T12:30:00.065-03:00  INFO 12340 --- [ecommerce] [scheduling-1] c.d.e.s.SincronizacaoEstoqueService      : [ESTOQUE] Ciclo finalizado. Total de atualizações enviadas: 0
2026-09-06T12:30:00.065-03:00  INFO 12340 --- [ecommerce] [scheduling-1] c.d.e.service.SincronizacaoService       : Lendo VW_ECOMMERCE_PRECOS no banco de dados...
2026-09-06T12:30:00.232-03:00  INFO 12340 --- [ecommerce] [scheduling-1] c.d.e.service.SincronizacaoService       : Ciclo finalizado. Total de atualizações enviadas: 0
2026-09-06T12:31:00.001-03:00  INFO 12340 --- [ecommerce] [scheduling-1] c.d.e.service.SincronizacaoService       : Lendo VW_ECOMMERCE_PRECOS no banco de dados...
2026-09-06T12:31:00.051-03:00  INFO 12340 --- [ecommerce] [scheduling-1] c.d.e.service.SincronizacaoService       : Ciclo finalizado. Total de atualizações enviadas: 0
2026-09-06T12:31:00.051-03:00  INFO 12340 --- [ecommerce] [scheduling-1] c.d.e.s.SincronizacaoEstoqueService      : [ESTOQUE] Lendo VW_ECOMMERCE_ESTOQUE no banco de dados...
2026-09-06T12:31:00.084-03:00  INFO 12340 --- [ecommerce] [scheduling-1] c.d.e.s.SincronizacaoEstoqueService      : [ESTOQUE] Ciclo finalizado. Total de atualizações enviadas: 0
2026-09-06T12:32:00.000-03:00  INFO 12340 --- [ecommerce] [scheduling-1] c.d.e.service.SincronizacaoService       : Lendo VW_ECOMMERCE_PRECOS no banco de dados...
2026-09-06T12:32:00.187-03:00  INFO 12340 --- [ecommerce] [scheduling-1] c.d.e.service.SincronizacaoService       : Ciclo finalizado. Total de atualizações enviadas: 0
2026-09-06T12:32:00.187-03:00  INFO 12340 --- [ecommerce] [scheduling-1] c.d.e.s.SincronizacaoEstoqueService      : [ESTOQUE] Lendo VW_ECOMMERCE_ESTOQUE no banco de dados...
2026-09-06T12:32:00.219-03:00  INFO 12340 --- [ecommerce] [scheduling-1] c.d.e.s.SincronizacaoEstoqueService      : [ESTOQUE] Ciclo finalizado. Total de atualizações enviadas: 0
2026-09-06T12:33:00.001-03:00  INFO 12340 --- [ecommerce] [scheduling-1] c.d.e.s.SincronizacaoEstoqueService      : [ESTOQUE] Lendo VW_ECOMMERCE_ESTOQUE no banco de dados...
2026-09-06T12:33:00.037-03:00  INFO 12340 --- [ecommerce] [scheduling-1] c.d.e.s.SincronizacaoEstoqueService      : [ESTOQUE] Ciclo finalizado. Total de atualizações enviadas: 0
2026-09-06T12:33:00.037-03:00  INFO 12340 --- [ecommerce] [scheduling-1] c.d.e.service.SincronizacaoService       : Lendo VW_ECOMMERCE_PRECOS no banco de dados...
2026-09-06T12:33:00.081-03:00  INFO 12340 --- [ecommerce] [scheduling-1] c.d.e.service.SincronizacaoService       : Ciclo finalizado. Total de atualizações enviadas: 0
2026-09-06T12:33:59.999-03:00  INFO 12340 --- [ecommerce] [scheduling-1] c.d.e.service.SincronizacaoService       : Lendo VW_ECOMMERCE_PRECOS no banco de dados...
2026-09-06T12:34:00.113-03:00  INFO 12340 --- [ecommerce] [scheduling-1] c.d.e.service.SincronizacaoService       : Ciclo finalizado. Total de atualizações enviadas: 0
2026-09-06T12:34:00.113-03:00  INFO 12340 --- [ecommerce] [scheduling-1] c.d.e.s.SincronizacaoEstoqueService      : [ESTOQUE] Lendo VW_ECOMMERCE_ESTOQUE no banco de dados...
2026-09-06T12:34:00.135-03:00  INFO 12340 --- [ecommerce] [scheduling-1] c.d.e.s.SincronizacaoEstoqueService      : [ESTOQUE] Ciclo finalizado. Total de atualizações enviadas: 0
2026-09-06T12:35:00.000-03:00  INFO 12340 --- [ecommerce] [scheduling-1] c.d.e.service.SincronizacaoService       : Lendo VW_ECOMMERCE_PRECOS no banco de dados...
2026-09-06T12:35:00.080-03:00  INFO 12340 --- [ecommerce] [scheduling-1] c.d.e.service.SincronizacaoService       : Ciclo finalizado. Total de atualizações enviadas: 0
2026-09-06T12:35:00.080-03:00  INFO 12340 --- [ecommerce] [scheduling-1] c.d.e.s.SincronizacaoEstoqueService      : [ESTOQUE] Lendo VW_ECOMMERCE_ESTOQUE no banco de dados...
2026-09-06T12:35:00.115-03:00  INFO 12340 --- [ecommerce] [scheduling-1] c.d.e.s.SincronizacaoEstoqueService      : [ESTOQUE] Ciclo finalizado. Total de atualizações enviadas: 0
2026-09-06T12:36:00.001-03:00  INFO 12340 --- [ecommerce] [scheduling-1] c.d.e.s.SincronizacaoEstoqueService      : [ESTOQUE] Lendo VW_ECOMMERCE_ESTOQUE no banco de dados...
2026-09-06T12:36:00.095-03:00  INFO 12340 --- [ecommerce] [scheduling-1] c.d.e.s.SincronizacaoEstoqueService      : [ESTOQUE] Ciclo finalizado. Total de atualizações enviadas: 0
2026-09-06T12:36:00.095-03:00  INFO 12340 --- [ecommerce] [scheduling-1] c.d.e.service.SincronizacaoService       : Lendo VW_ECOMMERCE_PRECOS no banco de dados...
2026-09-06T12:36:00.141-03:00  INFO 12340 --- [ecommerce] [scheduling-1] c.d.e.service.SincronizacaoService       : Ciclo finalizado. Total de atualizações enviadas: 0
2026-09-06T12:37:00.000-03:00  INFO 12340 --- [ecommerce] [scheduling-1] c.d.e.service.SincronizacaoService       : Lendo VW_ECOMMERCE_PRECOS no banco de dados...
2026-09-06T12:37:00.052-03:00  INFO 12340 --- [ecommerce] [scheduling-1] c.d.e.service.SincronizacaoService       : Ciclo finalizado. Total de atualizações enviadas: 0
2026-09-06T12:37:00.052-03:00  INFO 12340 --- [ecommerce] [scheduling-1] c.d.e.s.SincronizacaoEstoqueService      : [ESTOQUE] Lendo VW_ECOMMERCE_ESTOQUE no banco de dados...
2026-09-06T12:37:00.104-03:00  INFO 12340 --- [ecommerce] [scheduling-1] c.d.e.s.SincronizacaoEstoqueService      : [ESTOQUE] Ciclo finalizado. Total de atualizações enviadas: 0
2026-09-06T12:38:00.000-03:00  INFO 12340 --- [ecommerce] [scheduling-1] c.d.e.s.SincronizacaoEstoqueService      : [ESTOQUE] Lendo VW_ECOMMERCE_ESTOQUE no banco de dados...
2026-09-06T12:38:00.114-03:00  INFO 12340 --- [ecommerce] [scheduling-1] c.d.e.s.SincronizacaoEstoqueService      : [ESTOQUE] Ciclo finalizado. Total de atualizações enviadas: 0
2026-09-06T12:38:00.114-03:00  INFO 12340 --- [ecommerce] [scheduling-1] c.d.e.service.SincronizacaoService       : Lendo VW_ECOMMERCE_PRECOS no banco de dados...
2026-09-06T12:38:00.238-03:00  INFO 12340 --- [ecommerce] [scheduling-1] c.d.e.service.SincronizacaoService       : Ciclo finalizado. Total de atualizações enviadas: 0
2026-09-06T12:38:59.999-03:00  INFO 12340 --- [ecommerce] [scheduling-1] c.d.e.s.SincronizacaoEstoqueService      : [ESTOQUE] Lendo VW_ECOMMERCE_ESTOQUE no banco de dados...
2026-09-06T12:39:00.057-03:00  INFO 12340 --- [ecommerce] [scheduling-1] c.d.e.s.SincronizacaoEstoqueService      : [ESTOQUE] Ciclo finalizado. Total de atualizações enviadas: 0
2026-09-06T12:39:00.057-03:00  INFO 12340 --- [ecommerce] [scheduling-1] c.d.e.service.SincronizacaoService       : Lendo VW_ECOMMERCE_PRECOS no banco de dados...
2026-09-06T12:39:00.102-03:00  INFO 12340 --- [ecommerce] [scheduling-1] c.d.e.service.SincronizacaoService       : Ciclo finalizado. Total de atualizações enviadas: 0
2026-09-06T12:39:59.999-03:00  INFO 12340 --- [ecommerce] [scheduling-1] c.d.e.service.SincronizacaoService       : Lendo VW_ECOMMERCE_PRECOS no banco de dados...
2026-09-06T12:40:00.084-03:00  INFO 12340 --- [ecommerce] [scheduling-1] c.d.e.service.SincronizacaoService       : Ciclo finalizado. Total de atualizações enviadas: 0
2026-09-06T12:40:00.084-03:00  INFO 12340 --- [ecommerce] [scheduling-1] c.d.e.s.SincronizacaoEstoqueService      : [ESTOQUE] Lendo VW_ECOMMERCE_ESTOQUE no banco de dados...
2026-09-06T12:40:00.106-03:00  INFO 12340 --- [ecommerce] [scheduling-1] c.d.e.s.SincronizacaoEstoqueService      : [ESTOQUE] Ciclo finalizado. Total de atualizações enviadas: 0
2026-09-06T12:41:00.000-03:00  INFO 12340 --- [ecommerce] [scheduling-1] c.d.e.s.SincronizacaoEstoqueService      : [ESTOQUE] Lendo VW_ECOMMERCE_ESTOQUE no banco de dados...
2026-09-06T12:41:00.044-03:00  INFO 12340 --- [ecommerce] [scheduling-1] c.d.e.s.SincronizacaoEstoqueService      : [ESTOQUE] Ciclo finalizado. Total de atualizações enviadas: 0
2026-09-06T12:41:00.045-03:00  INFO 12340 --- [ecommerce] [scheduling-1] c.d.e.service.SincronizacaoService       : Lendo VW_ECOMMERCE_PRECOS no banco de dados...
2026-09-06T12:41:00.092-03:00  INFO 12340 --- [ecommerce] [scheduling-1] c.d.e.service.SincronizacaoService       : Ciclo finalizado. Total de atualizações enviadas: 0
2026-09-06T12:42:00.000-03:00  INFO 12340 --- [ecommerce] [scheduling-1] c.d.e.s.SincronizacaoEstoqueService      : [ESTOQUE] Lendo VW_ECOMMERCE_ESTOQUE no banco de dados...
2026-09-06T12:42:00.038-03:00  INFO 12340 --- [ecommerce] [scheduling-1] c.d.e.s.SincronizacaoEstoqueService      : [ESTOQUE] Ciclo finalizado. Total de atualizações enviadas: 0
2026-09-06T12:42:00.038-03:00  INFO 12340 --- [ecommerce] [scheduling-1] c.d.e.service.SincronizacaoService       : Lendo VW_ECOMMERCE_PRECOS no banco de dados...
2026-09-06T12:42:00.083-03:00  INFO 12340 --- [ecommerce] [scheduling-1] c.d.e.service.SincronizacaoService       : Ciclo finalizado. Total de atualizações enviadas: 0
2026-09-06T12:43:00.000-03:00  INFO 12340 --- [ecommerce] [scheduling-1] c.d.e.s.SincronizacaoEstoqueService      : [ESTOQUE] Lendo VW_ECOMMERCE_ESTOQUE no banco de dados...
2026-09-06T12:43:00.040-03:00  INFO 12340 --- [ecommerce] [scheduling-1] c.d.e.s.SincronizacaoEstoqueService      : [ESTOQUE] Ciclo finalizado. Total de atualizações enviadas: 0
2026-09-06T12:43:00.041-03:00  INFO 12340 --- [ecommerce] [scheduling-1] c.d.e.service.SincronizacaoService       : Lendo VW_ECOMMERCE_PRECOS no banco de dados...
2026-09-06T12:43:00.085-03:00  INFO 12340 --- [ecommerce] [scheduling-1] c.d.e.service.SincronizacaoService       : Ciclo finalizado. Total de atualizações enviadas: 0
2026-09-06T12:44:00.000-03:00  INFO 12340 --- [ecommerce] [scheduling-1] c.d.e.s.SincronizacaoEstoqueService      : [ESTOQUE] Lendo VW_ECOMMERCE_ESTOQUE no banco de dados...
2026-09-06T12:44:00.077-03:00  INFO 12340 --- [ecommerce] [scheduling-1] c.d.e.s.SincronizacaoEstoqueService      : [ESTOQUE] Ciclo finalizado. Total de atualizações enviadas: 0
2026-09-06T12:44:00.078-03:00  INFO 12340 --- [ecommerce] [scheduling-1] c.d.e.service.SincronizacaoService       : Lendo VW_ECOMMERCE_PRECOS no banco de dados...
2026-09-06T12:44:00.121-03:00  INFO 12340 --- [ecommerce] [scheduling-1] c.d.e.service.SincronizacaoService       : Ciclo finalizado. Total de atualizações enviadas: 0
2026-09-06T12:45:00.000-03:00  INFO 12340 --- [ecommerce] [scheduling-1] c.d.e.s.SincronizacaoEstoqueService      : [ESTOQUE] Lendo VW_ECOMMERCE_ESTOQUE no banco de dados...
2026-09-06T12:45:00.051-03:00  INFO 12340 --- [ecommerce] [scheduling-1] c.d.e.s.SincronizacaoEstoqueService      : [ESTOQUE] Ciclo finalizado. Total de atualizações enviadas: 0
2026-09-06T12:45:00.051-03:00  INFO 12340 --- [ecommerce] [scheduling-1] c.d.e.service.SincronizacaoService       : Lendo VW_ECOMMERCE_PRECOS no banco de dados...
2026-09-06T12:45:00.097-03:00  INFO 12340 --- [ecommerce] [scheduling-1] c.d.e.service.SincronizacaoService       : Ciclo finalizado. Total de atualizações enviadas: 0
2026-09-06T12:46:00.000-03:00  INFO 12340 --- [ecommerce] [scheduling-1] c.d.e.s.SincronizacaoEstoqueService      : [ESTOQUE] Lendo VW_ECOMMERCE_ESTOQUE no banco de dados...
2026-09-06T12:46:00.055-03:00  INFO 12340 --- [ecommerce] [scheduling-1] c.d.e.s.SincronizacaoEstoqueService      : [ESTOQUE] Ciclo finalizado. Total de atualizações enviadas: 0
2026-09-06T12:46:00.055-03:00  INFO 12340 --- [ecommerce] [scheduling-1] c.d.e.service.SincronizacaoService       : Lendo VW_ECOMMERCE_PRECOS no banco de dados...
2026-09-06T12:46:00.099-03:00  INFO 12340 --- [ecommerce] [scheduling-1] c.d.e.service.SincronizacaoService       : Ciclo finalizado. Total de atualizações enviadas: 0
2026-09-06T12:47:00.001-03:00  INFO 12340 --- [ecommerce] [scheduling-1] c.d.e.s.SincronizacaoEstoqueService      : [ESTOQUE] Lendo VW_ECOMMERCE_ESTOQUE no banco de dados...
2026-09-06T12:47:00.055-03:00  INFO 12340 --- [ecommerce] [scheduling-1] c.d.e.s.SincronizacaoEstoqueService      : [ESTOQUE] Ciclo finalizado. Total de atualizações enviadas: 0
2026-09-06T12:47:00.056-03:00  INFO 12340 --- [ecommerce] [scheduling-1] c.d.e.service.SincronizacaoService       : Lendo VW_ECOMMERCE_PRECOS no banco de dados...
2026-09-06T12:47:00.105-03:00  INFO 12340 --- [ecommerce] [scheduling-1] c.d.e.service.SincronizacaoService       : Ciclo finalizado. Total de atualizações enviadas: 0
2026-09-06T12:48:00.001-03:00  INFO 12340 --- [ecommerce] [scheduling-1] c.d.e.service.SincronizacaoService       : Lendo VW_ECOMMERCE_PRECOS no banco de dados...
2026-09-06T12:48:00.057-03:00  INFO 12340 --- [ecommerce] [scheduling-1] c.d.e.service.SincronizacaoService       : Ciclo finalizado. Total de atualizações enviadas: 0
2026-09-06T12:48:00.057-03:00  INFO 12340 --- [ecommerce] [scheduling-1] c.d.e.s.SincronizacaoEstoqueService      : [ESTOQUE] Lendo VW_ECOMMERCE_ESTOQUE no banco de dados...
2026-09-06T12:48:00.091-03:00  INFO 12340 --- [ecommerce] [scheduling-1] c.d.e.s.SincronizacaoEstoqueService      : [ESTOQUE] Ciclo finalizado. Total de atualizações enviadas: 0
2026-09-06T12:49:00.000-03:00  INFO 12340 --- [ecommerce] [scheduling-1] c.d.e.s.SincronizacaoEstoqueService      : [ESTOQUE] Lendo VW_ECOMMERCE_ESTOQUE no banco de dados...
2026-09-06T12:49:00.059-03:00  INFO 12340 --- [ecommerce] [scheduling-1] c.d.e.s.SincronizacaoEstoqueService      : [ESTOQUE] Ciclo finalizado. Total de atualizações enviadas: 0
2026-09-06T12:49:00.059-03:00  INFO 12340 --- [ecommerce] [scheduling-1] c.d.e.service.SincronizacaoService       : Lendo VW_ECOMMERCE_PRECOS no banco de dados...
2026-09-06T12:49:00.105-03:00  INFO 12340 --- [ecommerce] [scheduling-1] c.d.e.service.SincronizacaoService       : Ciclo finalizado. Total de atualizações enviadas: 0
2026-09-06T12:50:00.000-03:00  INFO 12340 --- [ecommerce] [scheduling-1] c.d.e.service.SincronizacaoService       : Lendo VW_ECOMMERCE_PRECOS no banco de dados...
2026-09-06T12:50:00.063-03:00  INFO 12340 --- [ecommerce] [scheduling-1] c.d.e.service.SincronizacaoService       : Ciclo finalizado. Total de atualizações enviadas: 0
2026-09-06T12:50:00.063-03:00  INFO 12340 --- [ecommerce] [scheduling-1] c.d.e.s.SincronizacaoEstoqueService      : [ESTOQUE] Lendo VW_ECOMMERCE_ESTOQUE no banco de dados...
2026-09-06T12:50:00.087-03:00  INFO 12340 --- [ecommerce] [scheduling-1] c.d.e.s.SincronizacaoEstoqueService      : [ESTOQUE] Ciclo finalizado. Total de atualizações enviadas: 0
2026-09-06T12:51:00.000-03:00  INFO 12340 --- [ecommerce] [scheduling-1] c.d.e.service.SincronizacaoService       : Lendo VW_ECOMMERCE_PRECOS no banco de dados...
2026-09-06T12:51:00.055-03:00  INFO 12340 --- [ecommerce] [scheduling-1] c.d.e.service.SincronizacaoService       : Ciclo finalizado. Total de atualizações enviadas: 0
2026-09-06T12:51:00.056-03:00  INFO 12340 --- [ecommerce] [scheduling-1] c.d.e.s.SincronizacaoEstoqueService      : [ESTOQUE] Lendo VW_ECOMMERCE_ESTOQUE no banco de dados...
2026-09-06T12:51:00.092-03:00  INFO 12340 --- [ecommerce] [scheduling-1] c.d.e.s.SincronizacaoEstoqueService      : [ESTOQUE] Ciclo finalizado. Total de atualizações enviadas: 0
2026-09-06T12:51:59.999-03:00  INFO 12340 --- [ecommerce] [scheduling-1] c.d.e.service.SincronizacaoService       : Lendo VW_ECOMMERCE_PRECOS no banco de dados...
2026-09-06T12:52:00.057-03:00  INFO 12340 --- [ecommerce] [scheduling-1] c.d.e.service.SincronizacaoService       : Ciclo finalizado. Total de atualizações enviadas: 0
2026-09-06T12:52:00.057-03:00  INFO 12340 --- [ecommerce] [scheduling-1] c.d.e.s.SincronizacaoEstoqueService      : [ESTOQUE] Lendo VW_ECOMMERCE_ESTOQUE no banco de dados...
2026-09-06T12:52:00.091-03:00  INFO 12340 --- [ecommerce] [scheduling-1] c.d.e.s.SincronizacaoEstoqueService      : [ESTOQUE] Ciclo finalizado. Total de atualizações enviadas: 0
2026-09-06T12:53:00.001-03:00  INFO 12340 --- [ecommerce] [scheduling-1] c.d.e.s.SincronizacaoEstoqueService      : [ESTOQUE] Lendo VW_ECOMMERCE_ESTOQUE no banco de dados...
2026-09-06T12:53:00.099-03:00  INFO 12340 --- [ecommerce] [scheduling-1] c.d.e.s.SincronizacaoEstoqueService      : [ESTOQUE] Ciclo finalizado. Total de atualizações enviadas: 0
2026-09-06T12:53:00.099-03:00  INFO 12340 --- [ecommerce] [scheduling-1] c.d.e.service.SincronizacaoService       : Lendo VW_ECOMMERCE_PRECOS no banco de dados...
2026-09-06T12:53:00.141-03:00  INFO 12340 --- [ecommerce] [scheduling-1] c.d.e.service.SincronizacaoService       : Ciclo finalizado. Total de atualizações enviadas: 0
2026-09-06T12:54:00.001-03:00  INFO 12340 --- [ecommerce] [scheduling-1] c.d.e.s.SincronizacaoEstoqueService      : [ESTOQUE] Lendo VW_ECOMMERCE_ESTOQUE no banco de dados...
2026-09-06T12:54:00.069-03:00  INFO 12340 --- [ecommerce] [scheduling-1] c.d.e.s.SincronizacaoEstoqueService      : [ESTOQUE] Ciclo finalizado. Total de atualizações enviadas: 0
2026-09-06T12:54:00.069-03:00  INFO 12340 --- [ecommerce] [scheduling-1] c.d.e.service.SincronizacaoService       : Lendo VW_ECOMMERCE_PRECOS no banco de dados...
2026-09-06T12:54:00.114-03:00  INFO 12340 --- [ecommerce] [scheduling-1] c.d.e.service.SincronizacaoService       : Ciclo finalizado. Total de atualizações enviadas: 0
2026-09-06T12:55:00.000-03:00  INFO 12340 --- [ecommerce] [scheduling-1] c.d.e.s.SincronizacaoEstoqueService      : [ESTOQUE] Lendo VW_ECOMMERCE_ESTOQUE no banco de dados...
2026-09-06T12:55:00.059-03:00  INFO 12340 --- [ecommerce] [scheduling-1] c.d.e.s.SincronizacaoEstoqueService      : [ESTOQUE] Ciclo finalizado. Total de atualizações enviadas: 0
2026-09-06T12:55:00.060-03:00  INFO 12340 --- [ecommerce] [scheduling-1] c.d.e.service.SincronizacaoService       : Lendo VW_ECOMMERCE_PRECOS no banco de dados...
2026-09-06T12:55:00.109-03:00  INFO 12340 --- [ecommerce] [scheduling-1] c.d.e.service.SincronizacaoService       : Ciclo finalizado. Total de atualizações enviadas: 0
2026-09-06T12:56:00.000-03:00  INFO 12340 --- [ecommerce] [scheduling-1] c.d.e.s.SincronizacaoEstoqueService      : [ESTOQUE] Lendo VW_ECOMMERCE_ESTOQUE no banco de dados...
2026-09-06T12:56:00.055-03:00  INFO 12340 --- [ecommerce] [scheduling-1] c.d.e.s.SincronizacaoEstoqueService      : [ESTOQUE] Ciclo finalizado. Total de atualizações enviadas: 0
2026-09-06T12:56:00.055-03:00  INFO 12340 --- [ecommerce] [scheduling-1] c.d.e.service.SincronizacaoService       : Lendo VW_ECOMMERCE_PRECOS no banco de dados...
2026-09-06T12:56:00.105-03:00  INFO 12340 --- [ecommerce] [scheduling-1] c.d.e.service.SincronizacaoService       : Ciclo finalizado. Total de atualizações enviadas: 0
2026-09-06T12:57:00.001-03:00  INFO 12340 --- [ecommerce] [scheduling-1] c.d.e.s.SincronizacaoEstoqueService      : [ESTOQUE] Lendo VW_ECOMMERCE_ESTOQUE no banco de dados...
2026-09-06T12:57:00.094-03:00  INFO 12340 --- [ecommerce] [scheduling-1] c.d.e.s.SincronizacaoEstoqueService      : [ESTOQUE] Ciclo finalizado. Total de atualizações enviadas: 0
2026-09-06T12:57:00.094-03:00  INFO 12340 --- [ecommerce] [scheduling-1] c.d.e.service.SincronizacaoService       : Lendo VW_ECOMMERCE_PRECOS no banco de dados...
2026-09-06T12:57:00.144-03:00  INFO 12340 --- [ecommerce] [scheduling-1] c.d.e.service.SincronizacaoService       : Ciclo finalizado. Total de atualizações enviadas: 0
2026-09-06T12:57:59.999-03:00  INFO 12340 --- [ecommerce] [scheduling-1] c.d.e.service.SincronizacaoService       : Lendo VW_ECOMMERCE_PRECOS no banco de dados...
2026-09-06T12:58:00.060-03:00  INFO 12340 --- [ecommerce] [scheduling-1] c.d.e.service.SincronizacaoService       : Ciclo finalizado. Total de atualizações enviadas: 0
2026-09-06T12:58:00.060-03:00  INFO 12340 --- [ecommerce] [scheduling-1] c.d.e.s.SincronizacaoEstoqueService      : [ESTOQUE] Lendo VW_ECOMMERCE_ESTOQUE no banco de dados...
2026-09-06T12:58:00.090-03:00  INFO 12340 --- [ecommerce] [scheduling-1] c.d.e.s.SincronizacaoEstoqueService      : [ESTOQUE] Ciclo finalizado. Total de atualizações enviadas: 0
2026-09-06T12:58:59.999-03:00  INFO 12340 --- [ecommerce] [scheduling-1] c.d.e.s.SincronizacaoEstoqueService      : [ESTOQUE] Lendo VW_ECOMMERCE_ESTOQUE no banco de dados...
2026-09-06T12:59:00.071-03:00  INFO 12340 --- [ecommerce] [scheduling-1] c.d.e.s.SincronizacaoEstoqueService      : [ESTOQUE] Ciclo finalizado. Total de atualizações enviadas: 0
2026-09-06T12:59:00.072-03:00  INFO 12340 --- [ecommerce] [scheduling-1] c.d.e.service.SincronizacaoService       : Lendo VW_ECOMMERCE_PRECOS no banco de dados...
2026-09-06T12:59:00.115-03:00  INFO 12340 --- [ecommerce] [scheduling-1] c.d.e.service.SincronizacaoService       : Ciclo finalizado. Total de atualizações enviadas: 0
2026-09-06T13:00:00.000-03:00  INFO 12340 --- [ecommerce] [scheduling-1] c.d.e.s.SincronizacaoEstoqueService      : [ESTOQUE] Lendo VW_ECOMMERCE_ESTOQUE no banco de dados...
2026-09-06T13:00:00.064-03:00  INFO 12340 --- [ecommerce] [scheduling-1] c.d.e.s.SincronizacaoEstoqueService      : [ESTOQUE] Ciclo finalizado. Total de atualizações enviadas: 0
2026-09-06T13:00:00.064-03:00  INFO 12340 --- [ecommerce] [scheduling-1] c.d.e.service.SincronizacaoService       : Lendo VW_ECOMMERCE_PRECOS no banco de dados...
2026-09-06T13:00:00.110-03:00  INFO 12340 --- [ecommerce] [scheduling-1] c.d.e.service.SincronizacaoService       : Ciclo finalizado. Total de atualizações enviadas: 0
2026-09-06T13:01:00.001-03:00  INFO 12340 --- [ecommerce] [scheduling-1] c.d.e.service.SincronizacaoService       : Lendo VW_ECOMMERCE_PRECOS no banco de dados...
2026-09-06T13:01:00.131-03:00  INFO 12340 --- [ecommerce] [scheduling-1] c.d.e.service.SincronizacaoService       : Ciclo finalizado. Total de atualizações enviadas: 0
2026-09-06T13:01:00.131-03:00  INFO 12340 --- [ecommerce] [scheduling-1] c.d.e.s.SincronizacaoEstoqueService      : [ESTOQUE] Lendo VW_ECOMMERCE_ESTOQUE no banco de dados...
2026-09-06T13:01:00.177-03:00  INFO 12340 --- [ecommerce] [scheduling-1] c.d.e.s.SincronizacaoEstoqueService      : [ESTOQUE] Ciclo finalizado. Total de atualizações enviadas: 0
2026-09-06T13:02:00.001-03:00  INFO 12340 --- [ecommerce] [scheduling-1] c.d.e.s.SincronizacaoEstoqueService      : [ESTOQUE] Lendo VW_ECOMMERCE_ESTOQUE no banco de dados...
2026-09-06T13:02:00.047-03:00  INFO 12340 --- [ecommerce] [scheduling-1] c.d.e.s.SincronizacaoEstoqueService      : [ESTOQUE] Ciclo finalizado. Total de atualizações enviadas: 0
2026-09-06T13:02:00.047-03:00  INFO 12340 --- [ecommerce] [scheduling-1] c.d.e.service.SincronizacaoService       : Lendo VW_ECOMMERCE_PRECOS no banco de dados...
2026-09-06T13:02:00.150-03:00  INFO 12340 --- [ecommerce] [scheduling-1] c.d.e.service.SincronizacaoService       : Ciclo finalizado. Total de atualizações enviadas: 0
2026-09-06T13:03:00.000-03:00  INFO 12340 --- [ecommerce] [scheduling-1] c.d.e.s.SincronizacaoEstoqueService      : [ESTOQUE] Lendo VW_ECOMMERCE_ESTOQUE no banco de dados...
2026-09-06T13:03:00.077-03:00  INFO 12340 --- [ecommerce] [scheduling-1] c.d.e.s.SincronizacaoEstoqueService      : [ESTOQUE] Ciclo finalizado. Total de atualizações enviadas: 0
2026-09-06T13:03:00.078-03:00  INFO 12340 --- [ecommerce] [scheduling-1] c.d.e.service.SincronizacaoService       : Lendo VW_ECOMMERCE_PRECOS no banco de dados...
2026-09-06T13:03:00.124-03:00  INFO 12340 --- [ecommerce] [scheduling-1] c.d.e.service.SincronizacaoService       : Ciclo finalizado. Total de atualizações enviadas: 0
2026-09-06T13:04:00.000-03:00  INFO 12340 --- [ecommerce] [scheduling-1] c.d.e.s.SincronizacaoEstoqueService      : [ESTOQUE] Lendo VW_ECOMMERCE_ESTOQUE no banco de dados...
2026-09-06T13:04:00.056-03:00  INFO 12340 --- [ecommerce] [scheduling-1] c.d.e.s.SincronizacaoEstoqueService      : [ESTOQUE] Ciclo finalizado. Total de atualizações enviadas: 0
2026-09-06T13:04:00.056-03:00  INFO 12340 --- [ecommerce] [scheduling-1] c.d.e.service.SincronizacaoService       : Lendo VW_ECOMMERCE_PRECOS no banco de dados...
2026-09-06T13:04:00.101-03:00  INFO 12340 --- [ecommerce] [scheduling-1] c.d.e.service.SincronizacaoService       : Ciclo finalizado. Total de atualizações enviadas: 0
2026-09-06T13:05:00.000-03:00  INFO 12340 --- [ecommerce] [scheduling-1] c.d.e.s.SincronizacaoEstoqueService      : [ESTOQUE] Lendo VW_ECOMMERCE_ESTOQUE no banco de dados...
2026-09-06T13:05:00.049-03:00  INFO 12340 --- [ecommerce] [scheduling-1] c.d.e.s.SincronizacaoEstoqueService      : [ESTOQUE] Ciclo finalizado. Total de atualizações enviadas: 0
2026-09-06T13:05:00.049-03:00  INFO 12340 --- [ecommerce] [scheduling-1] c.d.e.service.SincronizacaoService       : Lendo VW_ECOMMERCE_PRECOS no banco de dados...
2026-09-06T13:05:00.120-03:00  INFO 12340 --- [ecommerce] [scheduling-1] c.d.e.service.SincronizacaoService       : Ciclo finalizado. Total de atualizações enviadas: 0
2026-09-06T13:06:00.001-03:00  INFO 12340 --- [ecommerce] [scheduling-1] c.d.e.s.SincronizacaoEstoqueService      : [ESTOQUE] Lendo VW_ECOMMERCE_ESTOQUE no banco de dados...
2026-09-06T13:06:00.048-03:00  INFO 12340 --- [ecommerce] [scheduling-1] c.d.e.s.SincronizacaoEstoqueService      : [ESTOQUE] Ciclo finalizado. Total de atualizações enviadas: 0
2026-09-06T13:06:00.048-03:00  INFO 12340 --- [ecommerce] [scheduling-1] c.d.e.service.SincronizacaoService       : Lendo VW_ECOMMERCE_PRECOS no banco de dados...
2026-09-06T13:06:00.093-03:00  INFO 12340 --- [ecommerce] [scheduling-1] c.d.e.service.SincronizacaoService       : Ciclo finalizado. Total de atualizações enviadas: 0
2026-09-06T13:07:00.001-03:00  INFO 12340 --- [ecommerce] [scheduling-1] c.d.e.s.SincronizacaoEstoqueService      : [ESTOQUE] Lendo VW_ECOMMERCE_ESTOQUE no banco de dados...
2026-09-06T13:07:00.097-03:00  INFO 12340 --- [ecommerce] [scheduling-1] c.d.e.s.SincronizacaoEstoqueService      : [ESTOQUE] Ciclo finalizado. Total de atualizações enviadas: 0
2026-09-06T13:07:00.098-03:00  INFO 12340 --- [ecommerce] [scheduling-1] c.d.e.service.SincronizacaoService       : Lendo VW_ECOMMERCE_PRECOS no banco de dados...
2026-09-06T13:07:00.143-03:00  INFO 12340 --- [ecommerce] [scheduling-1] c.d.e.service.SincronizacaoService       : Ciclo finalizado. Total de atualizações enviadas: 0
2026-09-06T13:08:00.001-03:00  INFO 12340 --- [ecommerce] [scheduling-1] c.d.e.s.SincronizacaoEstoqueService      : [ESTOQUE] Lendo VW_ECOMMERCE_ESTOQUE no banco de dados...
2026-09-06T13:08:00.046-03:00  INFO 12340 --- [ecommerce] [scheduling-1] c.d.e.s.SincronizacaoEstoqueService      : [ESTOQUE] Ciclo finalizado. Total de atualizações enviadas: 0
2026-09-06T13:08:00.046-03:00  INFO 12340 --- [ecommerce] [scheduling-1] c.d.e.service.SincronizacaoService       : Lendo VW_ECOMMERCE_PRECOS no banco de dados...
2026-09-06T13:08:00.089-03:00  INFO 12340 --- [ecommerce] [scheduling-1] c.d.e.service.SincronizacaoService       : Ciclo finalizado. Total de atualizações enviadas: 0
2026-09-06T13:09:00.000-03:00  INFO 12340 --- [ecommerce] [scheduling-1] c.d.e.s.SincronizacaoEstoqueService      : [ESTOQUE] Lendo VW_ECOMMERCE_ESTOQUE no banco de dados...
2026-09-06T13:09:00.082-03:00  INFO 12340 --- [ecommerce] [scheduling-1] c.d.e.s.SincronizacaoEstoqueService      : [ESTOQUE] Ciclo finalizado. Total de atualizações enviadas: 0
2026-09-06T13:09:00.082-03:00  INFO 12340 --- [ecommerce] [scheduling-1] c.d.e.service.SincronizacaoService       : Lendo VW_ECOMMERCE_PRECOS no banco de dados...
2026-09-06T13:09:00.129-03:00  INFO 12340 --- [ecommerce] [scheduling-1] c.d.e.service.SincronizacaoService       : Ciclo finalizado. Total de atualizações enviadas: 0
2026-09-06T13:10:00.000-03:00  INFO 12340 --- [ecommerce] [scheduling-1] c.d.e.service.SincronizacaoService       : Lendo VW_ECOMMERCE_PRECOS no banco de dados...
2026-09-06T13:10:00.083-03:00  INFO 12340 --- [ecommerce] [scheduling-1] c.d.e.service.SincronizacaoService       : Ciclo finalizado. Total de atualizações enviadas: 0
2026-09-06T13:10:00.083-03:00  INFO 12340 --- [ecommerce] [scheduling-1] c.d.e.s.SincronizacaoEstoqueService      : [ESTOQUE] Lendo VW_ECOMMERCE_ESTOQUE no banco de dados...
2026-09-06T13:10:00.113-03:00  INFO 12340 --- [ecommerce] [scheduling-1] c.d.e.s.SincronizacaoEstoqueService      : [ESTOQUE] Ciclo finalizado. Total de atualizações enviadas: 0
2026-09-06T13:11:00.000-03:00  INFO 12340 --- [ecommerce] [scheduling-1] c.d.e.s.SincronizacaoEstoqueService      : [ESTOQUE] Lendo VW_ECOMMERCE_ESTOQUE no banco de dados...
2026-09-06T13:11:00.056-03:00  INFO 12340 --- [ecommerce] [scheduling-1] c.d.e.s.SincronizacaoEstoqueService      : [ESTOQUE] Ciclo finalizado. Total de atualizações enviadas: 0
2026-09-06T13:11:00.056-03:00  INFO 12340 --- [ecommerce] [scheduling-1] c.d.e.service.SincronizacaoService       : Lendo VW_ECOMMERCE_PRECOS no banco de dados...
2026-09-06T13:11:00.113-03:00  INFO 12340 --- [ecommerce] [scheduling-1] c.d.e.service.SincronizacaoService       : Ciclo finalizado. Total de atualizações enviadas: 0
2026-09-06T13:12:00.000-03:00  INFO 12340 --- [ecommerce] [scheduling-1] c.d.e.s.SincronizacaoEstoqueService      : [ESTOQUE] Lendo VW_ECOMMERCE_ESTOQUE no banco de dados...
2026-09-06T13:12:00.081-03:00  INFO 12340 --- [ecommerce] [scheduling-1] c.d.e.s.SincronizacaoEstoqueService      : [ESTOQUE] Ciclo finalizado. Total de atualizações enviadas: 0
2026-09-06T13:12:00.081-03:00  INFO 12340 --- [ecommerce] [scheduling-1] c.d.e.service.SincronizacaoService       : Lendo VW_ECOMMERCE_PRECOS no banco de dados...
2026-09-06T13:12:00.197-03:00  INFO 12340 --- [ecommerce] [scheduling-1] c.d.e.service.SincronizacaoService       : Ciclo finalizado. Total de atualizações enviadas: 0
2026-09-06T13:13:00.000-03:00  INFO 12340 --- [ecommerce] [scheduling-1] c.d.e.s.SincronizacaoEstoqueService      : [ESTOQUE] Lendo VW_ECOMMERCE_ESTOQUE no banco de dados...
2026-09-06T13:13:00.041-03:00  INFO 12340 --- [ecommerce] [scheduling-1] c.d.e.s.SincronizacaoEstoqueService      : [ESTOQUE] Ciclo finalizado. Total de atualizações enviadas: 0
2026-09-06T13:13:00.041-03:00  INFO 12340 --- [ecommerce] [scheduling-1] c.d.e.service.SincronizacaoService       : Lendo VW_ECOMMERCE_PRECOS no banco de dados...
2026-09-06T13:13:00.111-03:00  INFO 12340 --- [ecommerce] [scheduling-1] c.d.e.service.SincronizacaoService       : Ciclo finalizado. Total de atualizações enviadas: 0
2026-09-06T13:14:00.001-03:00  INFO 12340 --- [ecommerce] [scheduling-1] c.d.e.s.SincronizacaoEstoqueService      : [ESTOQUE] Lendo VW_ECOMMERCE_ESTOQUE no banco de dados...
2026-09-06T13:14:00.045-03:00  INFO 12340 --- [ecommerce] [scheduling-1] c.d.e.s.SincronizacaoEstoqueService      : [ESTOQUE] Ciclo finalizado. Total de atualizações enviadas: 0
2026-09-06T13:14:00.046-03:00  INFO 12340 --- [ecommerce] [scheduling-1] c.d.e.service.SincronizacaoService       : Lendo VW_ECOMMERCE_PRECOS no banco de dados...
2026-09-06T13:14:00.088-03:00  INFO 12340 --- [ecommerce] [scheduling-1] c.d.e.service.SincronizacaoService       : Ciclo finalizado. Total de atualizações enviadas: 0
2026-09-06T13:15:00.000-03:00  INFO 12340 --- [ecommerce] [scheduling-1] c.d.e.service.SincronizacaoService       : Lendo VW_ECOMMERCE_PRECOS no banco de dados...
2026-09-06T13:15:00.068-03:00  INFO 12340 --- [ecommerce] [scheduling-1] c.d.e.service.SincronizacaoService       : Ciclo finalizado. Total de atualizações enviadas: 0
2026-09-06T13:15:00.068-03:00  INFO 12340 --- [ecommerce] [scheduling-1] c.d.e.s.SincronizacaoEstoqueService      : [ESTOQUE] Lendo VW_ECOMMERCE_ESTOQUE no banco de dados...
2026-09-06T13:15:00.100-03:00  INFO 12340 --- [ecommerce] [scheduling-1] c.d.e.s.SincronizacaoEstoqueService      : [ESTOQUE] Ciclo finalizado. Total de atualizações enviadas: 0
2026-09-06T13:16:00.000-03:00  INFO 12340 --- [ecommerce] [scheduling-1] c.d.e.s.SincronizacaoEstoqueService      : [ESTOQUE] Lendo VW_ECOMMERCE_ESTOQUE no banco de dados...
2026-09-06T13:16:00.090-03:00  INFO 12340 --- [ecommerce] [scheduling-1] c.d.e.s.SincronizacaoEstoqueService      : [ESTOQUE] Ciclo finalizado. Total de atualizações enviadas: 0
2026-09-06T13:16:00.090-03:00  INFO 12340 --- [ecommerce] [scheduling-1] c.d.e.service.SincronizacaoService       : Lendo VW_ECOMMERCE_PRECOS no banco de dados...
2026-09-06T13:16:00.141-03:00  INFO 12340 --- [ecommerce] [scheduling-1] c.d.e.service.SincronizacaoService       : Ciclo finalizado. Total de atualizações enviadas: 0
2026-09-06T13:17:00.001-03:00  INFO 12340 --- [ecommerce] [scheduling-1] c.d.e.s.SincronizacaoEstoqueService      : [ESTOQUE] Lendo VW_ECOMMERCE_ESTOQUE no banco de dados...
2026-09-06T13:17:00.055-03:00  INFO 12340 --- [ecommerce] [scheduling-1] c.d.e.s.SincronizacaoEstoqueService      : [ESTOQUE] Ciclo finalizado. Total de atualizações enviadas: 0
2026-09-06T13:17:00.055-03:00  INFO 12340 --- [ecommerce] [scheduling-1] c.d.e.service.SincronizacaoService       : Lendo VW_ECOMMERCE_PRECOS no banco de dados...
2026-09-06T13:17:00.100-03:00  INFO 12340 --- [ecommerce] [scheduling-1] c.d.e.service.SincronizacaoService       : Ciclo finalizado. Total de atualizações enviadas: 0
2026-09-06T13:17:59.999-03:00  INFO 12340 --- [ecommerce] [scheduling-1] c.d.e.service.SincronizacaoService       : Lendo VW_ECOMMERCE_PRECOS no banco de dados...
2026-09-06T13:18:00.054-03:00  INFO 12340 --- [ecommerce] [scheduling-1] c.d.e.service.SincronizacaoService       : Ciclo finalizado. Total de atualizações enviadas: 0
2026-09-06T13:18:00.054-03:00  INFO 12340 --- [ecommerce] [scheduling-1] c.d.e.s.SincronizacaoEstoqueService      : [ESTOQUE] Lendo VW_ECOMMERCE_ESTOQUE no banco de dados...
2026-09-06T13:18:00.082-03:00  INFO 12340 --- [ecommerce] [scheduling-1] c.d.e.s.SincronizacaoEstoqueService      : [ESTOQUE] Ciclo finalizado. Total de atualizações enviadas: 0
2026-09-06T13:19:00.000-03:00  INFO 12340 --- [ecommerce] [scheduling-1] c.d.e.s.SincronizacaoEstoqueService      : [ESTOQUE] Lendo VW_ECOMMERCE_ESTOQUE no banco de dados...
2026-09-06T13:19:00.048-03:00  INFO 12340 --- [ecommerce] [scheduling-1] c.d.e.s.SincronizacaoEstoqueService      : [ESTOQUE] Ciclo finalizado. Total de atualizações enviadas: 0
2026-09-06T13:19:00.057-03:00  INFO 12340 --- [ecommerce] [scheduling-1] c.d.e.service.SincronizacaoService       : Lendo VW_ECOMMERCE_PRECOS no banco de dados...
2026-09-06T13:19:00.136-03:00  INFO 12340 --- [ecommerce] [scheduling-1] c.d.e.service.SincronizacaoService       : Ciclo finalizado. Total de atualizações enviadas: 0
2026-09-06T13:20:00.000-03:00  INFO 12340 --- [ecommerce] [scheduling-1] c.d.e.s.SincronizacaoEstoqueService      : [ESTOQUE] Lendo VW_ECOMMERCE_ESTOQUE no banco de dados...
2026-09-06T13:20:00.092-03:00  INFO 12340 --- [ecommerce] [scheduling-1] c.d.e.s.SincronizacaoEstoqueService      : [ESTOQUE] Ciclo finalizado. Total de atualizações enviadas: 0
2026-09-06T13:20:00.092-03:00  INFO 12340 --- [ecommerce] [scheduling-1] c.d.e.service.SincronizacaoService       : Lendo VW_ECOMMERCE_PRECOS no banco de dados...
2026-09-06T13:20:00.137-03:00  INFO 12340 --- [ecommerce] [scheduling-1] c.d.e.service.SincronizacaoService       : Ciclo finalizado. Total de atualizações enviadas: 0
2026-09-06T13:21:00.000-03:00  INFO 12340 --- [ecommerce] [scheduling-1] c.d.e.service.SincronizacaoService       : Lendo VW_ECOMMERCE_PRECOS no banco de dados...
2026-09-06T13:21:00.053-03:00  INFO 12340 --- [ecommerce] [scheduling-1] c.d.e.service.SincronizacaoService       : Ciclo finalizado. Total de atualizações enviadas: 0
2026-09-06T13:21:00.054-03:00  INFO 12340 --- [ecommerce] [scheduling-1] c.d.e.s.SincronizacaoEstoqueService      : [ESTOQUE] Lendo VW_ECOMMERCE_ESTOQUE no banco de dados...
2026-09-06T13:21:00.086-03:00  INFO 12340 --- [ecommerce] [scheduling-1] c.d.e.s.SincronizacaoEstoqueService      : [ESTOQUE] Ciclo finalizado. Total de atualizações enviadas: 0
2026-09-06T13:22:00.000-03:00  INFO 12340 --- [ecommerce] [scheduling-1] c.d.e.s.SincronizacaoEstoqueService      : [ESTOQUE] Lendo VW_ECOMMERCE_ESTOQUE no banco de dados...
2026-09-06T13:22:00.069-03:00  INFO 12340 --- [ecommerce] [scheduling-1] c.d.e.s.SincronizacaoEstoqueService      : [ESTOQUE] Ciclo finalizado. Total de atualizações enviadas: 0
2026-09-06T13:22:00.069-03:00  INFO 12340 --- [ecommerce] [scheduling-1] c.d.e.service.SincronizacaoService       : Lendo VW_ECOMMERCE_PRECOS no banco de dados...
2026-09-06T13:22:00.118-03:00  INFO 12340 --- [ecommerce] [scheduling-1] c.d.e.service.SincronizacaoService       : Ciclo finalizado. Total de atualizações enviadas: 0
2026-09-06T13:23:00.000-03:00  INFO 12340 --- [ecommerce] [scheduling-1] c.d.e.service.SincronizacaoService       : Lendo VW_ECOMMERCE_PRECOS no banco de dados...
2026-09-06T13:23:00.052-03:00  INFO 12340 --- [ecommerce] [scheduling-1] c.d.e.service.SincronizacaoService       : Ciclo finalizado. Total de atualizações enviadas: 0
2026-09-06T13:23:00.053-03:00  INFO 12340 --- [ecommerce] [scheduling-1] c.d.e.s.SincronizacaoEstoqueService      : [ESTOQUE] Lendo VW_ECOMMERCE_ESTOQUE no banco de dados...
2026-09-06T13:23:00.085-03:00  INFO 12340 --- [ecommerce] [scheduling-1] c.d.e.s.SincronizacaoEstoqueService      : [ESTOQUE] Ciclo finalizado. Total de atualizações enviadas: 0
2026-09-06T13:24:00.000-03:00  INFO 12340 --- [ecommerce] [scheduling-1] c.d.e.s.SincronizacaoEstoqueService      : [ESTOQUE] Lendo VW_ECOMMERCE_ESTOQUE no banco de dados...
2026-09-06T13:24:00.096-03:00  INFO 12340 --- [ecommerce] [scheduling-1] c.d.e.s.SincronizacaoEstoqueService      : [ESTOQUE] Ciclo finalizado. Total de atualizações enviadas: 0
2026-09-06T13:24:00.096-03:00  INFO 12340 --- [ecommerce] [scheduling-1] c.d.e.service.SincronizacaoService       : Lendo VW_ECOMMERCE_PRECOS no banco de dados...
2026-09-06T13:24:00.144-03:00  INFO 12340 --- [ecommerce] [scheduling-1] c.d.e.service.SincronizacaoService       : Ciclo finalizado. Total de atualizações enviadas: 0
2026-09-06T13:25:00.000-03:00  INFO 12340 --- [ecommerce] [scheduling-1] c.d.e.service.SincronizacaoService       : Lendo VW_ECOMMERCE_PRECOS no banco de dados...
2026-09-06T13:25:00.086-03:00  INFO 12340 --- [ecommerce] [scheduling-1] c.d.e.service.SincronizacaoService       : Ciclo finalizado. Total de atualizações enviadas: 0
2026-09-06T13:25:00.086-03:00  INFO 12340 --- [ecommerce] [scheduling-1] c.d.e.s.SincronizacaoEstoqueService      : [ESTOQUE] Lendo VW_ECOMMERCE_ESTOQUE no banco de dados...
2026-09-06T13:25:00.126-03:00  INFO 12340 --- [ecommerce] [scheduling-1] c.d.e.s.SincronizacaoEstoqueService      : [ESTOQUE] Ciclo finalizado. Total de atualizações enviadas: 0
2026-09-06T13:26:00.000-03:00  INFO 12340 --- [ecommerce] [scheduling-1] c.d.e.service.SincronizacaoService       : Lendo VW_ECOMMERCE_PRECOS no banco de dados...
2026-09-06T13:26:00.083-03:00  INFO 12340 --- [ecommerce] [scheduling-1] c.d.e.service.SincronizacaoService       : Ciclo finalizado. Total de atualizações enviadas: 0
2026-09-06T13:26:00.083-03:00  INFO 12340 --- [ecommerce] [scheduling-1] c.d.e.s.SincronizacaoEstoqueService      : [ESTOQUE] Lendo VW_ECOMMERCE_ESTOQUE no banco de dados...
2026-09-06T13:26:00.109-03:00  INFO 12340 --- [ecommerce] [scheduling-1] c.d.e.s.SincronizacaoEstoqueService      : [ESTOQUE] Ciclo finalizado. Total de atualizações enviadas: 0
2026-09-06T13:27:00.000-03:00  INFO 12340 --- [ecommerce] [scheduling-1] c.d.e.s.SincronizacaoEstoqueService      : [ESTOQUE] Lendo VW_ECOMMERCE_ESTOQUE no banco de dados...
2026-09-06T13:27:00.056-03:00  INFO 12340 --- [ecommerce] [scheduling-1] c.d.e.s.SincronizacaoEstoqueService      : [ESTOQUE] Ciclo finalizado. Total de atualizações enviadas: 0
2026-09-06T13:27:00.057-03:00  INFO 12340 --- [ecommerce] [scheduling-1] c.d.e.service.SincronizacaoService       : Lendo VW_ECOMMERCE_PRECOS no banco de dados...
2026-09-06T13:27:00.102-03:00  INFO 12340 --- [ecommerce] [scheduling-1] c.d.e.service.SincronizacaoService       : Ciclo finalizado. Total de atualizações enviadas: 0
2026-09-06T13:28:00.001-03:00  INFO 12340 --- [ecommerce] [scheduling-1] c.d.e.service.SincronizacaoService       : Lendo VW_ECOMMERCE_PRECOS no banco de dados...
2026-09-06T13:28:00.108-03:00  INFO 12340 --- [ecommerce] [scheduling-1] c.d.e.service.SincronizacaoService       : Ciclo finalizado. Total de atualizações enviadas: 0
2026-09-06T13:28:00.108-03:00  INFO 12340 --- [ecommerce] [scheduling-1] c.d.e.s.SincronizacaoEstoqueService      : [ESTOQUE] Lendo VW_ECOMMERCE_ESTOQUE no banco de dados...
2026-09-06T13:28:00.134-03:00  INFO 12340 --- [ecommerce] [scheduling-1] c.d.e.s.SincronizacaoEstoqueService      : [ESTOQUE] Ciclo finalizado. Total de atualizações enviadas: 0
2026-09-06T13:29:00.001-03:00  INFO 12340 --- [ecommerce] [scheduling-1] c.d.e.s.SincronizacaoEstoqueService      : [ESTOQUE] Lendo VW_ECOMMERCE_ESTOQUE no banco de dados...
2026-09-06T13:29:00.074-03:00  INFO 12340 --- [ecommerce] [scheduling-1] c.d.e.s.SincronizacaoEstoqueService      : [ESTOQUE] Ciclo finalizado. Total de atualizações enviadas: 0
2026-09-06T13:29:00.075-03:00  INFO 12340 --- [ecommerce] [scheduling-1] c.d.e.service.SincronizacaoService       : Lendo VW_ECOMMERCE_PRECOS no banco de dados...
2026-09-06T13:29:00.163-03:00  INFO 12340 --- [ecommerce] [scheduling-1] c.d.e.service.SincronizacaoService       : Ciclo finalizado. Total de atualizações enviadas: 0
2026-09-06T13:29:59.999-03:00  INFO 12340 --- [ecommerce] [scheduling-1] c.d.e.s.SincronizacaoEstoqueService      : [ESTOQUE] Lendo VW_ECOMMERCE_ESTOQUE no banco de dados...
2026-09-06T13:30:00.056-03:00  INFO 12340 --- [ecommerce] [scheduling-1] c.d.e.s.SincronizacaoEstoqueService      : [ESTOQUE] Ciclo finalizado. Total de atualizações enviadas: 0
2026-09-06T13:30:00.056-03:00  INFO 12340 --- [ecommerce] [scheduling-1] c.d.e.service.SincronizacaoService       : Lendo VW_ECOMMERCE_PRECOS no banco de dados...
2026-09-06T13:30:00.103-03:00  INFO 12340 --- [ecommerce] [scheduling-1] c.d.e.service.SincronizacaoService       : Ciclo finalizado. Total de atualizações enviadas: 0
2026-09-06T13:31:00.000-03:00  INFO 12340 --- [ecommerce] [scheduling-1] c.d.e.service.SincronizacaoService       : Lendo VW_ECOMMERCE_PRECOS no banco de dados...
2026-09-06T13:31:00.095-03:00  INFO 12340 --- [ecommerce] [scheduling-1] c.d.e.service.SincronizacaoService       : Ciclo finalizado. Total de atualizações enviadas: 0
2026-09-06T13:31:00.095-03:00  INFO 12340 --- [ecommerce] [scheduling-1] c.d.e.s.SincronizacaoEstoqueService      : [ESTOQUE] Lendo VW_ECOMMERCE_ESTOQUE no banco de dados...
2026-09-06T13:31:00.118-03:00  INFO 12340 --- [ecommerce] [scheduling-1] c.d.e.s.SincronizacaoEstoqueService      : [ESTOQUE] Ciclo finalizado. Total de atualizações enviadas: 0
2026-09-06T13:32:00.001-03:00  INFO 12340 --- [ecommerce] [scheduling-1] c.d.e.service.SincronizacaoService       : Lendo VW_ECOMMERCE_PRECOS no banco de dados...
2026-09-06T13:32:00.056-03:00  INFO 12340 --- [ecommerce] [scheduling-1] c.d.e.service.SincronizacaoService       : Ciclo finalizado. Total de atualizações enviadas: 0
2026-09-06T13:32:00.056-03:00  INFO 12340 --- [ecommerce] [scheduling-1] c.d.e.s.SincronizacaoEstoqueService      : [ESTOQUE] Lendo VW_ECOMMERCE_ESTOQUE no banco de dados...
2026-09-06T13:32:00.086-03:00  INFO 12340 --- [ecommerce] [scheduling-1] c.d.e.s.SincronizacaoEstoqueService      : [ESTOQUE] Ciclo finalizado. Total de atualizações enviadas: 0
2026-09-06T13:33:00.000-03:00  INFO 12340 --- [ecommerce] [scheduling-1] c.d.e.s.SincronizacaoEstoqueService      : [ESTOQUE] Lendo VW_ECOMMERCE_ESTOQUE no banco de dados...
2026-09-06T13:33:00.047-03:00  INFO 12340 --- [ecommerce] [scheduling-1] c.d.e.s.SincronizacaoEstoqueService      : [ESTOQUE] Ciclo finalizado. Total de atualizações enviadas: 0
2026-09-06T13:33:00.047-03:00  INFO 12340 --- [ecommerce] [scheduling-1] c.d.e.service.SincronizacaoService       : Lendo VW_ECOMMERCE_PRECOS no banco de dados...
2026-09-06T13:33:00.088-03:00  INFO 12340 --- [ecommerce] [scheduling-1] c.d.e.service.SincronizacaoService       : Ciclo finalizado. Total de atualizações enviadas: 0
2026-09-06T13:34:00.001-03:00  INFO 12340 --- [ecommerce] [scheduling-1] c.d.e.service.SincronizacaoService       : Lendo VW_ECOMMERCE_PRECOS no banco de dados...
2026-09-06T13:34:00.060-03:00  INFO 12340 --- [ecommerce] [scheduling-1] c.d.e.service.SincronizacaoService       : Ciclo finalizado. Total de atualizações enviadas: 0
2026-09-06T13:34:00.060-03:00  INFO 12340 --- [ecommerce] [scheduling-1] c.d.e.s.SincronizacaoEstoqueService      : [ESTOQUE] Lendo VW_ECOMMERCE_ESTOQUE no banco de dados...
2026-09-06T13:34:00.093-03:00  INFO 12340 --- [ecommerce] [scheduling-1] c.d.e.s.SincronizacaoEstoqueService      : [ESTOQUE] Ciclo finalizado. Total de atualizações enviadas: 0
2026-09-06T13:35:00.000-03:00  INFO 12340 --- [ecommerce] [scheduling-1] c.d.e.s.SincronizacaoEstoqueService      : [ESTOQUE] Lendo VW_ECOMMERCE_ESTOQUE no banco de dados...
2026-09-06T13:35:00.071-03:00  INFO 12340 --- [ecommerce] [scheduling-1] c.d.e.s.SincronizacaoEstoqueService      : [ESTOQUE] Ciclo finalizado. Total de atualizações enviadas: 0
2026-09-06T13:35:00.071-03:00  INFO 12340 --- [ecommerce] [scheduling-1] c.d.e.service.SincronizacaoService       : Lendo VW_ECOMMERCE_PRECOS no banco de dados...
2026-09-06T13:35:00.117-03:00  INFO 12340 --- [ecommerce] [scheduling-1] c.d.e.service.SincronizacaoService       : Ciclo finalizado. Total de atualizações enviadas: 0
2026-09-06T13:36:00.000-03:00  INFO 12340 --- [ecommerce] [scheduling-1] c.d.e.s.SincronizacaoEstoqueService      : [ESTOQUE] Lendo VW_ECOMMERCE_ESTOQUE no banco de dados...
2026-09-06T13:36:00.048-03:00  INFO 12340 --- [ecommerce] [scheduling-1] c.d.e.s.SincronizacaoEstoqueService      : [ESTOQUE] Ciclo finalizado. Total de atualizações enviadas: 0
2026-09-06T13:36:00.048-03:00  INFO 12340 --- [ecommerce] [scheduling-1] c.d.e.service.SincronizacaoService       : Lendo VW_ECOMMERCE_PRECOS no banco de dados...
2026-09-06T13:36:00.095-03:00  INFO 12340 --- [ecommerce] [scheduling-1] c.d.e.service.SincronizacaoService       : Ciclo finalizado. Total de atualizações enviadas: 0
2026-09-06T13:37:00.000-03:00  INFO 12340 --- [ecommerce] [scheduling-1] c.d.e.service.SincronizacaoService       : Lendo VW_ECOMMERCE_PRECOS no banco de dados...
2026-09-06T13:37:00.051-03:00  INFO 12340 --- [ecommerce] [scheduling-1] c.d.e.service.SincronizacaoService       : Ciclo finalizado. Total de atualizações enviadas: 0
2026-09-06T13:37:00.051-03:00  INFO 12340 --- [ecommerce] [scheduling-1] c.d.e.s.SincronizacaoEstoqueService      : [ESTOQUE] Lendo VW_ECOMMERCE_ESTOQUE no banco de dados...
2026-09-06T13:37:00.080-03:00  INFO 12340 --- [ecommerce] [scheduling-1] c.d.e.s.SincronizacaoEstoqueService      : [ESTOQUE] Ciclo finalizado. Total de atualizações enviadas: 0
2026-09-06T13:38:00.000-03:00  INFO 12340 --- [ecommerce] [scheduling-1] c.d.e.service.SincronizacaoService       : Lendo VW_ECOMMERCE_PRECOS no banco de dados...
2026-09-06T13:38:00.082-03:00  INFO 12340 --- [ecommerce] [scheduling-1] c.d.e.service.SincronizacaoService       : Ciclo finalizado. Total de atualizações enviadas: 0
2026-09-06T13:38:00.083-03:00  INFO 12340 --- [ecommerce] [scheduling-1] c.d.e.s.SincronizacaoEstoqueService      : [ESTOQUE] Lendo VW_ECOMMERCE_ESTOQUE no banco de dados...
2026-09-06T13:38:00.104-03:00  INFO 12340 --- [ecommerce] [scheduling-1] c.d.e.s.SincronizacaoEstoqueService      : [ESTOQUE] Ciclo finalizado. Total de atualizações enviadas: 0
2026-09-06T13:38:59.999-03:00  INFO 12340 --- [ecommerce] [scheduling-1] c.d.e.service.SincronizacaoService       : Lendo VW_ECOMMERCE_PRECOS no banco de dados...
2026-09-06T13:39:00.055-03:00  INFO 12340 --- [ecommerce] [scheduling-1] c.d.e.service.SincronizacaoService       : Ciclo finalizado. Total de atualizações enviadas: 0
2026-09-06T13:39:00.056-03:00  INFO 12340 --- [ecommerce] [scheduling-1] c.d.e.s.SincronizacaoEstoqueService      : [ESTOQUE] Lendo VW_ECOMMERCE_ESTOQUE no banco de dados...
2026-09-06T13:39:00.084-03:00  INFO 12340 --- [ecommerce] [scheduling-1] c.d.e.s.SincronizacaoEstoqueService      : [ESTOQUE] Ciclo finalizado. Total de atualizações enviadas: 0
2026-09-06T13:40:00.000-03:00  INFO 12340 --- [ecommerce] [scheduling-1] c.d.e.s.SincronizacaoEstoqueService      : [ESTOQUE] Lendo VW_ECOMMERCE_ESTOQUE no banco de dados...
2026-09-06T13:40:00.072-03:00  INFO 12340 --- [ecommerce] [scheduling-1] c.d.e.s.SincronizacaoEstoqueService      : [ESTOQUE] Ciclo finalizado. Total de atualizações enviadas: 0
2026-09-06T13:40:00.072-03:00  INFO 12340 --- [ecommerce] [scheduling-1] c.d.e.service.SincronizacaoService       : Lendo VW_ECOMMERCE_PRECOS no banco de dados...
2026-09-06T13:40:00.121-03:00  INFO 12340 --- [ecommerce] [scheduling-1] c.d.e.service.SincronizacaoService       : Ciclo finalizado. Total de atualizações enviadas: 0
2026-09-06T13:41:00.001-03:00  INFO 12340 --- [ecommerce] [scheduling-1] c.d.e.service.SincronizacaoService       : Lendo VW_ECOMMERCE_PRECOS no banco de dados...
2026-09-06T13:41:00.052-03:00  INFO 12340 --- [ecommerce] [scheduling-1] c.d.e.service.SincronizacaoService       : Ciclo finalizado. Total de atualizações enviadas: 0
2026-09-06T13:41:00.052-03:00  INFO 12340 --- [ecommerce] [scheduling-1] c.d.e.s.SincronizacaoEstoqueService      : [ESTOQUE] Lendo VW_ECOMMERCE_ESTOQUE no banco de dados...
2026-09-06T13:41:00.074-03:00  INFO 12340 --- [ecommerce] [scheduling-1] c.d.e.s.SincronizacaoEstoqueService      : [ESTOQUE] Ciclo finalizado. Total de atualizações enviadas: 0
2026-09-06T13:42:00.000-03:00  INFO 12340 --- [ecommerce] [scheduling-1] c.d.e.service.SincronizacaoService       : Lendo VW_ECOMMERCE_PRECOS no banco de dados...
2026-09-06T13:42:00.093-03:00  INFO 12340 --- [ecommerce] [scheduling-1] c.d.e.service.SincronizacaoService       : Ciclo finalizado. Total de atualizações enviadas: 0
2026-09-06T13:42:00.093-03:00  INFO 12340 --- [ecommerce] [scheduling-1] c.d.e.s.SincronizacaoEstoqueService      : [ESTOQUE] Lendo VW_ECOMMERCE_ESTOQUE no banco de dados...
2026-09-06T13:42:00.121-03:00  INFO 12340 --- [ecommerce] [scheduling-1] c.d.e.s.SincronizacaoEstoqueService      : [ESTOQUE] Ciclo finalizado. Total de atualizações enviadas: 0
2026-09-06T13:43:00.000-03:00  INFO 12340 --- [ecommerce] [scheduling-1] c.d.e.s.SincronizacaoEstoqueService      : [ESTOQUE] Lendo VW_ECOMMERCE_ESTOQUE no banco de dados...
2026-09-06T13:43:00.052-03:00  INFO 12340 --- [ecommerce] [scheduling-1] c.d.e.s.SincronizacaoEstoqueService      : [ESTOQUE] Ciclo finalizado. Total de atualizações enviadas: 0
2026-09-06T13:43:00.053-03:00  INFO 12340 --- [ecommerce] [scheduling-1] c.d.e.service.SincronizacaoService       : Lendo VW_ECOMMERCE_PRECOS no banco de dados...
2026-09-06T13:43:00.096-03:00  INFO 12340 --- [ecommerce] [scheduling-1] c.d.e.service.SincronizacaoService       : Ciclo finalizado. Total de atualizações enviadas: 0
2026-09-06T13:44:00.000-03:00  INFO 12340 --- [ecommerce] [scheduling-1] c.d.e.service.SincronizacaoService       : Lendo VW_ECOMMERCE_PRECOS no banco de dados...
2026-09-06T13:44:00.094-03:00  INFO 12340 --- [ecommerce] [scheduling-1] c.d.e.service.SincronizacaoService       : Ciclo finalizado. Total de atualizações enviadas: 0
2026-09-06T13:44:00.094-03:00  INFO 12340 --- [ecommerce] [scheduling-1] c.d.e.s.SincronizacaoEstoqueService      : [ESTOQUE] Lendo VW_ECOMMERCE_ESTOQUE no banco de dados...
2026-09-06T13:44:00.122-03:00  INFO 12340 --- [ecommerce] [scheduling-1] c.d.e.s.SincronizacaoEstoqueService      : [ESTOQUE] Ciclo finalizado. Total de atualizações enviadas: 0
2026-09-06T13:45:00.000-03:00  INFO 12340 --- [ecommerce] [scheduling-1] c.d.e.service.SincronizacaoService       : Lendo VW_ECOMMERCE_PRECOS no banco de dados...
2026-09-06T13:45:00.121-03:00  INFO 12340 --- [ecommerce] [scheduling-1] c.d.e.service.SincronizacaoService       : Ciclo finalizado. Total de atualizações enviadas: 0
2026-09-06T13:45:00.121-03:00  INFO 12340 --- [ecommerce] [scheduling-1] c.d.e.s.SincronizacaoEstoqueService      : [ESTOQUE] Lendo VW_ECOMMERCE_ESTOQUE no banco de dados...
2026-09-06T13:45:00.161-03:00  INFO 12340 --- [ecommerce] [scheduling-1] c.d.e.s.SincronizacaoEstoqueService      : [ESTOQUE] Ciclo finalizado. Total de atualizações enviadas: 0
2026-09-06T13:46:00.000-03:00  INFO 12340 --- [ecommerce] [scheduling-1] c.d.e.s.SincronizacaoEstoqueService      : [ESTOQUE] Lendo VW_ECOMMERCE_ESTOQUE no banco de dados...
2026-09-06T13:46:00.049-03:00  INFO 12340 --- [ecommerce] [scheduling-1] c.d.e.s.SincronizacaoEstoqueService      : [ESTOQUE] Ciclo finalizado. Total de atualizações enviadas: 0
2026-09-06T13:46:00.049-03:00  INFO 12340 --- [ecommerce] [scheduling-1] c.d.e.service.SincronizacaoService       : Lendo VW_ECOMMERCE_PRECOS no banco de dados...
2026-09-06T13:46:00.094-03:00  INFO 12340 --- [ecommerce] [scheduling-1] c.d.e.service.SincronizacaoService       : Ciclo finalizado. Total de atualizações enviadas: 0
2026-09-06T13:47:00.000-03:00  INFO 12340 --- [ecommerce] [scheduling-1] c.d.e.s.SincronizacaoEstoqueService      : [ESTOQUE] Lendo VW_ECOMMERCE_ESTOQUE no banco de dados...
2026-09-06T13:47:00.031-03:00  INFO 12340 --- [ecommerce] [scheduling-1] c.d.e.s.SincronizacaoEstoqueService      : [ESTOQUE] Ciclo finalizado. Total de atualizações enviadas: 0
2026-09-06T13:47:00.032-03:00  INFO 12340 --- [ecommerce] [scheduling-1] c.d.e.service.SincronizacaoService       : Lendo VW_ECOMMERCE_PRECOS no banco de dados...
2026-09-06T13:47:00.076-03:00  INFO 12340 --- [ecommerce] [scheduling-1] c.d.e.service.SincronizacaoService       : Ciclo finalizado. Total de atualizações enviadas: 0
2026-09-06T13:48:00.000-03:00  INFO 12340 --- [ecommerce] [scheduling-1] c.d.e.service.SincronizacaoService       : Lendo VW_ECOMMERCE_PRECOS no banco de dados...
2026-09-06T13:48:00.053-03:00  INFO 12340 --- [ecommerce] [scheduling-1] c.d.e.service.SincronizacaoService       : Ciclo finalizado. Total de atualizações enviadas: 0
2026-09-06T13:48:00.053-03:00  INFO 12340 --- [ecommerce] [scheduling-1] c.d.e.s.SincronizacaoEstoqueService      : [ESTOQUE] Lendo VW_ECOMMERCE_ESTOQUE no banco de dados...
2026-09-06T13:48:00.088-03:00  INFO 12340 --- [ecommerce] [scheduling-1] c.d.e.s.SincronizacaoEstoqueService      : [ESTOQUE] Ciclo finalizado. Total de atualizações enviadas: 0
2026-09-06T13:48:59.999-03:00  INFO 12340 --- [ecommerce] [scheduling-1] c.d.e.s.SincronizacaoEstoqueService      : [ESTOQUE] Lendo VW_ECOMMERCE_ESTOQUE no banco de dados...
2026-09-06T13:49:00.062-03:00  INFO 12340 --- [ecommerce] [scheduling-1] c.d.e.s.SincronizacaoEstoqueService      : [ESTOQUE] Ciclo finalizado. Total de atualizações enviadas: 0
2026-09-06T13:49:00.063-03:00  INFO 12340 --- [ecommerce] [scheduling-1] c.d.e.service.SincronizacaoService       : Lendo VW_ECOMMERCE_PRECOS no banco de dados...
2026-09-06T13:49:00.168-03:00  INFO 12340 --- [ecommerce] [scheduling-1] c.d.e.service.SincronizacaoService       : Ciclo finalizado. Total de atualizações enviadas: 0
2026-09-06T13:50:00.000-03:00  INFO 12340 --- [ecommerce] [scheduling-1] c.d.e.service.SincronizacaoService       : Lendo VW_ECOMMERCE_PRECOS no banco de dados...
2026-09-06T13:50:00.052-03:00  INFO 12340 --- [ecommerce] [scheduling-1] c.d.e.service.SincronizacaoService       : Ciclo finalizado. Total de atualizações enviadas: 0
2026-09-06T13:50:00.052-03:00  INFO 12340 --- [ecommerce] [scheduling-1] c.d.e.s.SincronizacaoEstoqueService      : [ESTOQUE] Lendo VW_ECOMMERCE_ESTOQUE no banco de dados...
2026-09-06T13:50:00.087-03:00  INFO 12340 --- [ecommerce] [scheduling-1] c.d.e.s.SincronizacaoEstoqueService      : [ESTOQUE] Ciclo finalizado. Total de atualizações enviadas: 0
2026-09-06T13:51:00.000-03:00  INFO 12340 --- [ecommerce] [scheduling-1] c.d.e.s.SincronizacaoEstoqueService      : [ESTOQUE] Lendo VW_ECOMMERCE_ESTOQUE no banco de dados...
2026-09-06T13:51:00.095-03:00  INFO 12340 --- [ecommerce] [scheduling-1] c.d.e.s.SincronizacaoEstoqueService      : [ESTOQUE] Ciclo finalizado. Total de atualizações enviadas: 0
2026-09-06T13:51:00.095-03:00  INFO 12340 --- [ecommerce] [scheduling-1] c.d.e.service.SincronizacaoService       : Lendo VW_ECOMMERCE_PRECOS no banco de dados...
2026-09-06T13:51:00.144-03:00  INFO 12340 --- [ecommerce] [scheduling-1] c.d.e.service.SincronizacaoService       : Ciclo finalizado. Total de atualizações enviadas: 0
2026-09-06T13:52:00.000-03:00  INFO 12340 --- [ecommerce] [scheduling-1] c.d.e.service.SincronizacaoService       : Lendo VW_ECOMMERCE_PRECOS no banco de dados...
2026-09-06T13:52:00.084-03:00  INFO 12340 --- [ecommerce] [scheduling-1] c.d.e.service.SincronizacaoService       : Ciclo finalizado. Total de atualizações enviadas: 0
2026-09-06T13:52:00.085-03:00  INFO 12340 --- [ecommerce] [scheduling-1] c.d.e.s.SincronizacaoEstoqueService      : [ESTOQUE] Lendo VW_ECOMMERCE_ESTOQUE no banco de dados...
2026-09-06T13:52:00.115-03:00  INFO 12340 --- [ecommerce] [scheduling-1] c.d.e.s.SincronizacaoEstoqueService      : [ESTOQUE] Ciclo finalizado. Total de atualizações enviadas: 0
2026-09-06T13:52:59.999-03:00  INFO 12340 --- [ecommerce] [scheduling-1] c.d.e.service.SincronizacaoService       : Lendo VW_ECOMMERCE_PRECOS no banco de dados...
2026-09-06T13:53:00.102-03:00  INFO 12340 --- [ecommerce] [scheduling-1] c.d.e.service.SincronizacaoService       : Ciclo finalizado. Total de atualizações enviadas: 0
2026-09-06T13:53:00.103-03:00  INFO 12340 --- [ecommerce] [scheduling-1] c.d.e.s.SincronizacaoEstoqueService      : [ESTOQUE] Lendo VW_ECOMMERCE_ESTOQUE no banco de dados...
2026-09-06T13:53:00.130-03:00  INFO 12340 --- [ecommerce] [scheduling-1] c.d.e.s.SincronizacaoEstoqueService      : [ESTOQUE] Ciclo finalizado. Total de atualizações enviadas: 0
2026-09-06T13:53:59.999-03:00  INFO 12340 --- [ecommerce] [scheduling-1] c.d.e.service.SincronizacaoService       : Lendo VW_ECOMMERCE_PRECOS no banco de dados...
2026-09-06T13:54:00.096-03:00  INFO 12340 --- [ecommerce] [scheduling-1] c.d.e.service.SincronizacaoService       : Ciclo finalizado. Total de atualizações enviadas: 0
2026-09-06T13:54:00.097-03:00  INFO 12340 --- [ecommerce] [scheduling-1] c.d.e.s.SincronizacaoEstoqueService      : [ESTOQUE] Lendo VW_ECOMMERCE_ESTOQUE no banco de dados...
2026-09-06T13:54:00.124-03:00  INFO 12340 --- [ecommerce] [scheduling-1] c.d.e.s.SincronizacaoEstoqueService      : [ESTOQUE] Ciclo finalizado. Total de atualizações enviadas: 0
2026-09-06T13:55:00.000-03:00  INFO 12340 --- [ecommerce] [scheduling-1] c.d.e.service.SincronizacaoService       : Lendo VW_ECOMMERCE_PRECOS no banco de dados...
2026-09-06T13:55:00.170-03:00  INFO 12340 --- [ecommerce] [scheduling-1] c.d.e.service.SincronizacaoService       : Ciclo finalizado. Total de atualizações enviadas: 0
2026-09-06T13:55:00.170-03:00  INFO 12340 --- [ecommerce] [scheduling-1] c.d.e.s.SincronizacaoEstoqueService      : [ESTOQUE] Lendo VW_ECOMMERCE_ESTOQUE no banco de dados...
2026-09-06T13:55:00.193-03:00  INFO 12340 --- [ecommerce] [scheduling-1] c.d.e.s.SincronizacaoEstoqueService      : [ESTOQUE] Ciclo finalizado. Total de atualizações enviadas: 0
2026-09-06T13:56:00.000-03:00  INFO 12340 --- [ecommerce] [scheduling-1] c.d.e.s.SincronizacaoEstoqueService      : [ESTOQUE] Lendo VW_ECOMMERCE_ESTOQUE no banco de dados...
2026-09-06T13:56:00.040-03:00  INFO 12340 --- [ecommerce] [scheduling-1] c.d.e.s.SincronizacaoEstoqueService      : [ESTOQUE] Ciclo finalizado. Total de atualizações enviadas: 0
2026-09-06T13:56:00.041-03:00  INFO 12340 --- [ecommerce] [scheduling-1] c.d.e.service.SincronizacaoService       : Lendo VW_ECOMMERCE_PRECOS no banco de dados...
2026-09-06T13:56:00.092-03:00  INFO 12340 --- [ecommerce] [scheduling-1] c.d.e.service.SincronizacaoService       : Ciclo finalizado. Total de atualizações enviadas: 0
2026-09-06T13:57:00.000-03:00  INFO 12340 --- [ecommerce] [scheduling-1] c.d.e.s.SincronizacaoEstoqueService      : [ESTOQUE] Lendo VW_ECOMMERCE_ESTOQUE no banco de dados...
2026-09-06T13:57:00.043-03:00  INFO 12340 --- [ecommerce] [scheduling-1] c.d.e.s.SincronizacaoEstoqueService      : [ESTOQUE] Ciclo finalizado. Total de atualizações enviadas: 0
2026-09-06T13:57:00.043-03:00  INFO 12340 --- [ecommerce] [scheduling-1] c.d.e.service.SincronizacaoService       : Lendo VW_ECOMMERCE_PRECOS no banco de dados...
2026-09-06T13:57:00.090-03:00  INFO 12340 --- [ecommerce] [scheduling-1] c.d.e.service.SincronizacaoService       : Ciclo finalizado. Total de atualizações enviadas: 0
2026-09-06T13:58:00.000-03:00  INFO 12340 --- [ecommerce] [scheduling-1] c.d.e.s.SincronizacaoEstoqueService      : [ESTOQUE] Lendo VW_ECOMMERCE_ESTOQUE no banco de dados...
2026-09-06T13:58:00.064-03:00  INFO 12340 --- [ecommerce] [scheduling-1] c.d.e.s.SincronizacaoEstoqueService      : [ESTOQUE] Ciclo finalizado. Total de atualizações enviadas: 0
2026-09-06T13:58:00.064-03:00  INFO 12340 --- [ecommerce] [scheduling-1] c.d.e.service.SincronizacaoService       : Lendo VW_ECOMMERCE_PRECOS no banco de dados...
2026-09-06T13:58:00.110-03:00  INFO 12340 --- [ecommerce] [scheduling-1] c.d.e.service.SincronizacaoService       : Ciclo finalizado. Total de atualizações enviadas: 0
2026-09-06T13:59:00.001-03:00  INFO 12340 --- [ecommerce] [scheduling-1] c.d.e.service.SincronizacaoService       : Lendo VW_ECOMMERCE_PRECOS no banco de dados...
2026-09-06T13:59:00.087-03:00  INFO 12340 --- [ecommerce] [scheduling-1] c.d.e.service.SincronizacaoService       : Ciclo finalizado. Total de atualizações enviadas: 0
2026-09-06T13:59:00.088-03:00  INFO 12340 --- [ecommerce] [scheduling-1] c.d.e.s.SincronizacaoEstoqueService      : [ESTOQUE] Lendo VW_ECOMMERCE_ESTOQUE no banco de dados...
2026-09-06T13:59:00.129-03:00  INFO 12340 --- [ecommerce] [scheduling-1] c.d.e.s.SincronizacaoEstoqueService      : [ESTOQUE] Ciclo finalizado. Total de atualizações enviadas: 0
2026-09-06T14:00:00.000-03:00  INFO 12340 --- [ecommerce] [scheduling-1] c.d.e.service.SincronizacaoService       : Lendo VW_ECOMMERCE_PRECOS no banco de dados...
2026-09-06T14:00:00.245-03:00  INFO 12340 --- [ecommerce] [scheduling-1] c.d.e.service.SincronizacaoService       : Ciclo finalizado. Total de atualizações enviadas: 0
2026-09-06T14:00:00.246-03:00  INFO 12340 --- [ecommerce] [scheduling-1] c.d.e.s.SincronizacaoEstoqueService      : [ESTOQUE] Lendo VW_ECOMMERCE_ESTOQUE no banco de dados...
2026-09-06T14:00:00.324-03:00  INFO 12340 --- [ecommerce] [scheduling-1] c.d.e.s.SincronizacaoEstoqueService      : [ESTOQUE] Ciclo finalizado. Total de atualizações enviadas: 0
2026-09-06T14:01:00.000-03:00  INFO 12340 --- [ecommerce] [scheduling-1] c.d.e.s.SincronizacaoEstoqueService      : [ESTOQUE] Lendo VW_ECOMMERCE_ESTOQUE no banco de dados...
2026-09-06T14:01:00.094-03:00  INFO 12340 --- [ecommerce] [scheduling-1] c.d.e.s.SincronizacaoEstoqueService      : [ESTOQUE] Ciclo finalizado. Total de atualizações enviadas: 0
2026-09-06T14:01:00.094-03:00  INFO 12340 --- [ecommerce] [scheduling-1] c.d.e.service.SincronizacaoService       : Lendo VW_ECOMMERCE_PRECOS no banco de dados...
2026-09-06T14:01:00.174-03:00  INFO 12340 --- [ecommerce] [scheduling-1] c.d.e.service.SincronizacaoService       : Ciclo finalizado. Total de atualizações enviadas: 0
2026-09-06T14:02:00.000-03:00  INFO 12340 --- [ecommerce] [scheduling-1] c.d.e.service.SincronizacaoService       : Lendo VW_ECOMMERCE_PRECOS no banco de dados...
2026-09-06T14:02:00.114-03:00  INFO 12340 --- [ecommerce] [scheduling-1] c.d.e.service.SincronizacaoService       : Ciclo finalizado. Total de atualizações enviadas: 0
2026-09-06T14:02:00.114-03:00  INFO 12340 --- [ecommerce] [scheduling-1] c.d.e.s.SincronizacaoEstoqueService      : [ESTOQUE] Lendo VW_ECOMMERCE_ESTOQUE no banco de dados...
2026-09-06T14:02:00.145-03:00  INFO 12340 --- [ecommerce] [scheduling-1] c.d.e.s.SincronizacaoEstoqueService      : [ESTOQUE] Ciclo finalizado. Total de atualizações enviadas: 0
2026-09-06T14:03:00.000-03:00  INFO 12340 --- [ecommerce] [scheduling-1] c.d.e.s.SincronizacaoEstoqueService      : [ESTOQUE] Lendo VW_ECOMMERCE_ESTOQUE no banco de dados...
2026-09-06T14:03:00.086-03:00  INFO 12340 --- [ecommerce] [scheduling-1] c.d.e.s.SincronizacaoEstoqueService      : [ESTOQUE] Ciclo finalizado. Total de atualizações enviadas: 0
2026-09-06T14:03:00.086-03:00  INFO 12340 --- [ecommerce] [scheduling-1] c.d.e.service.SincronizacaoService       : Lendo VW_ECOMMERCE_PRECOS no banco de dados...
2026-09-06T14:03:00.183-03:00  INFO 12340 --- [ecommerce] [scheduling-1] c.d.e.service.SincronizacaoService       : Ciclo finalizado. Total de atualizações enviadas: 0
2026-09-06T14:04:00.000-03:00  INFO 12340 --- [ecommerce] [scheduling-1] c.d.e.service.SincronizacaoService       : Lendo VW_ECOMMERCE_PRECOS no banco de dados...
2026-09-06T14:04:00.096-03:00  INFO 12340 --- [ecommerce] [scheduling-1] c.d.e.service.SincronizacaoService       : Ciclo finalizado. Total de atualizações enviadas: 0
2026-09-06T14:04:00.096-03:00  INFO 12340 --- [ecommerce] [scheduling-1] c.d.e.s.SincronizacaoEstoqueService      : [ESTOQUE] Lendo VW_ECOMMERCE_ESTOQUE no banco de dados...
2026-09-06T14:04:00.121-03:00  INFO 12340 --- [ecommerce] [scheduling-1] c.d.e.s.SincronizacaoEstoqueService      : [ESTOQUE] Ciclo finalizado. Total de atualizações enviadas: 0
2026-09-06T14:05:00.000-03:00  INFO 12340 --- [ecommerce] [scheduling-1] c.d.e.s.SincronizacaoEstoqueService      : [ESTOQUE] Lendo VW_ECOMMERCE_ESTOQUE no banco de dados...
2026-09-06T14:05:00.044-03:00  INFO 12340 --- [ecommerce] [scheduling-1] c.d.e.s.SincronizacaoEstoqueService      : [ESTOQUE] Ciclo finalizado. Total de atualizações enviadas: 0
2026-09-06T14:05:00.044-03:00  INFO 12340 --- [ecommerce] [scheduling-1] c.d.e.service.SincronizacaoService       : Lendo VW_ECOMMERCE_PRECOS no banco de dados...
2026-09-06T14:05:00.120-03:00  INFO 12340 --- [ecommerce] [scheduling-1] c.d.e.service.SincronizacaoService       : Ciclo finalizado. Total de atualizações enviadas: 0
2026-09-06T14:06:00.000-03:00  INFO 12340 --- [ecommerce] [scheduling-1] c.d.e.service.SincronizacaoService       : Lendo VW_ECOMMERCE_PRECOS no banco de dados...
2026-09-06T14:06:00.139-03:00  INFO 12340 --- [ecommerce] [scheduling-1] c.d.e.service.SincronizacaoService       : Ciclo finalizado. Total de atualizações enviadas: 0
2026-09-06T14:06:00.139-03:00  INFO 12340 --- [ecommerce] [scheduling-1] c.d.e.s.SincronizacaoEstoqueService      : [ESTOQUE] Lendo VW_ECOMMERCE_ESTOQUE no banco de dados...
2026-09-06T14:06:00.160-03:00  INFO 12340 --- [ecommerce] [scheduling-1] c.d.e.s.SincronizacaoEstoqueService      : [ESTOQUE] Ciclo finalizado. Total de atualizações enviadas: 0
2026-09-06T14:06:59.999-03:00  INFO 12340 --- [ecommerce] [scheduling-1] c.d.e.s.SincronizacaoEstoqueService      : [ESTOQUE] Lendo VW_ECOMMERCE_ESTOQUE no banco de dados...
2026-09-06T14:07:00.222-03:00  INFO 12340 --- [ecommerce] [scheduling-1] c.d.e.s.SincronizacaoEstoqueService      : [ESTOQUE] Ciclo finalizado. Total de atualizações enviadas: 0
2026-09-06T14:07:00.222-03:00  INFO 12340 --- [ecommerce] [scheduling-1] c.d.e.service.SincronizacaoService       : Lendo VW_ECOMMERCE_PRECOS no banco de dados...
2026-09-06T14:07:00.314-03:00  INFO 12340 --- [ecommerce] [scheduling-1] c.d.e.service.SincronizacaoService       : Ciclo finalizado. Total de atualizações enviadas: 0
2026-09-06T14:08:00.000-03:00  INFO 12340 --- [ecommerce] [scheduling-1] c.d.e.service.SincronizacaoService       : Lendo VW_ECOMMERCE_PRECOS no banco de dados...
2026-09-06T14:08:00.059-03:00  INFO 12340 --- [ecommerce] [scheduling-1] c.d.e.service.SincronizacaoService       : Ciclo finalizado. Total de atualizações enviadas: 0
2026-09-06T14:08:00.060-03:00  INFO 12340 --- [ecommerce] [scheduling-1] c.d.e.s.SincronizacaoEstoqueService      : [ESTOQUE] Lendo VW_ECOMMERCE_ESTOQUE no banco de dados...
2026-09-06T14:08:00.092-03:00  INFO 12340 --- [ecommerce] [scheduling-1] c.d.e.s.SincronizacaoEstoqueService      : [ESTOQUE] Ciclo finalizado. Total de atualizações enviadas: 0
2026-09-06T14:08:59.999-03:00  INFO 12340 --- [ecommerce] [scheduling-1] c.d.e.service.SincronizacaoService       : Lendo VW_ECOMMERCE_PRECOS no banco de dados...
2026-09-06T14:09:00.110-03:00  INFO 12340 --- [ecommerce] [scheduling-1] c.d.e.service.SincronizacaoService       : Ciclo finalizado. Total de atualizações enviadas: 0
2026-09-06T14:09:00.110-03:00  INFO 12340 --- [ecommerce] [scheduling-1] c.d.e.s.SincronizacaoEstoqueService      : [ESTOQUE] Lendo VW_ECOMMERCE_ESTOQUE no banco de dados...
2026-09-06T14:09:00.142-03:00  INFO 12340 --- [ecommerce] [scheduling-1] c.d.e.s.SincronizacaoEstoqueService      : [ESTOQUE] Ciclo finalizado. Total de atualizações enviadas: 0
2026-09-06T14:10:00.000-03:00  INFO 12340 --- [ecommerce] [scheduling-1] c.d.e.s.SincronizacaoEstoqueService      : [ESTOQUE] Lendo VW_ECOMMERCE_ESTOQUE no banco de dados...
2026-09-06T14:10:00.059-03:00  INFO 12340 --- [ecommerce] [scheduling-1] c.d.e.s.SincronizacaoEstoqueService      : [ESTOQUE] Ciclo finalizado. Total de atualizações enviadas: 0
2026-09-06T14:10:00.059-03:00  INFO 12340 --- [ecommerce] [scheduling-1] c.d.e.service.SincronizacaoService       : Lendo VW_ECOMMERCE_PRECOS no banco de dados...
2026-09-06T14:10:00.128-03:00  INFO 12340 --- [ecommerce] [scheduling-1] c.d.e.service.SincronizacaoService       : Ciclo finalizado. Total de atualizações enviadas: 0
2026-09-06T14:11:00.000-03:00  INFO 12340 --- [ecommerce] [scheduling-1] c.d.e.service.SincronizacaoService       : Lendo VW_ECOMMERCE_PRECOS no banco de dados...
2026-09-06T14:11:00.083-03:00  INFO 12340 --- [ecommerce] [scheduling-1] c.d.e.service.SincronizacaoService       : Ciclo finalizado. Total de atualizações enviadas: 0
2026-09-06T14:11:00.084-03:00  INFO 12340 --- [ecommerce] [scheduling-1] c.d.e.s.SincronizacaoEstoqueService      : [ESTOQUE] Lendo VW_ECOMMERCE_ESTOQUE no banco de dados...
2026-09-06T14:11:00.115-03:00  INFO 12340 --- [ecommerce] [scheduling-1] c.d.e.s.SincronizacaoEstoqueService      : [ESTOQUE] Ciclo finalizado. Total de atualizações enviadas: 0
2026-09-06T14:11:59.999-03:00  INFO 12340 --- [ecommerce] [scheduling-1] c.d.e.s.SincronizacaoEstoqueService      : [ESTOQUE] Lendo VW_ECOMMERCE_ESTOQUE no banco de dados...
2026-09-06T14:12:00.085-03:00  INFO 12340 --- [ecommerce] [scheduling-1] c.d.e.s.SincronizacaoEstoqueService      : [ESTOQUE] Ciclo finalizado. Total de atualizações enviadas: 0
2026-09-06T14:12:00.086-03:00  INFO 12340 --- [ecommerce] [scheduling-1] c.d.e.service.SincronizacaoService       : Lendo VW_ECOMMERCE_PRECOS no banco de dados...
2026-09-06T14:12:00.133-03:00  INFO 12340 --- [ecommerce] [scheduling-1] c.d.e.service.SincronizacaoService       : Ciclo finalizado. Total de atualizações enviadas: 0
2026-09-06T14:13:00.000-03:00  INFO 12340 --- [ecommerce] [scheduling-1] c.d.e.s.SincronizacaoEstoqueService      : [ESTOQUE] Lendo VW_ECOMMERCE_ESTOQUE no banco de dados...
2026-09-06T14:13:00.048-03:00  INFO 12340 --- [ecommerce] [scheduling-1] c.d.e.s.SincronizacaoEstoqueService      : [ESTOQUE] Ciclo finalizado. Total de atualizações enviadas: 0
2026-09-06T14:13:00.048-03:00  INFO 12340 --- [ecommerce] [scheduling-1] c.d.e.service.SincronizacaoService       : Lendo VW_ECOMMERCE_PRECOS no banco de dados...
2026-09-06T14:13:00.092-03:00  INFO 12340 --- [ecommerce] [scheduling-1] c.d.e.service.SincronizacaoService       : Ciclo finalizado. Total de atualizações enviadas: 0
2026-09-06T14:14:00.000-03:00  INFO 12340 --- [ecommerce] [scheduling-1] c.d.e.s.SincronizacaoEstoqueService      : [ESTOQUE] Lendo VW_ECOMMERCE_ESTOQUE no banco de dados...
2026-09-06T14:14:00.084-03:00  INFO 12340 --- [ecommerce] [scheduling-1] c.d.e.s.SincronizacaoEstoqueService      : [ESTOQUE] Ciclo finalizado. Total de atualizações enviadas: 0
2026-09-06T14:14:00.084-03:00  INFO 12340 --- [ecommerce] [scheduling-1] c.d.e.service.SincronizacaoService       : Lendo VW_ECOMMERCE_PRECOS no banco de dados...
2026-09-06T14:14:00.127-03:00  INFO 12340 --- [ecommerce] [scheduling-1] c.d.e.service.SincronizacaoService       : Ciclo finalizado. Total de atualizações enviadas: 0
2026-09-06T14:15:00.000-03:00  INFO 12340 --- [ecommerce] [scheduling-1] c.d.e.service.SincronizacaoService       : Lendo VW_ECOMMERCE_PRECOS no banco de dados...
2026-09-06T14:15:00.073-03:00  INFO 12340 --- [ecommerce] [scheduling-1] c.d.e.service.SincronizacaoService       : Ciclo finalizado. Total de atualizações enviadas: 0
2026-09-06T14:15:00.074-03:00  INFO 12340 --- [ecommerce] [scheduling-1] c.d.e.s.SincronizacaoEstoqueService      : [ESTOQUE] Lendo VW_ECOMMERCE_ESTOQUE no banco de dados...
2026-09-06T14:15:00.105-03:00  INFO 12340 --- [ecommerce] [scheduling-1] c.d.e.s.SincronizacaoEstoqueService      : [ESTOQUE] Ciclo finalizado. Total de atualizações enviadas: 0
2026-09-06T14:16:00.000-03:00  INFO 12340 --- [ecommerce] [scheduling-1] c.d.e.service.SincronizacaoService       : Lendo VW_ECOMMERCE_PRECOS no banco de dados...
2026-09-06T14:16:00.185-03:00  INFO 12340 --- [ecommerce] [scheduling-1] c.d.e.service.SincronizacaoService       : Ciclo finalizado. Total de atualizações enviadas: 0
2026-09-06T14:16:00.185-03:00  INFO 12340 --- [ecommerce] [scheduling-1] c.d.e.s.SincronizacaoEstoqueService      : [ESTOQUE] Lendo VW_ECOMMERCE_ESTOQUE no banco de dados...
2026-09-06T14:16:00.208-03:00  INFO 12340 --- [ecommerce] [scheduling-1] c.d.e.s.SincronizacaoEstoqueService      : [ESTOQUE] Ciclo finalizado. Total de atualizações enviadas: 0
2026-09-06T14:17:00.000-03:00  INFO 12340 --- [ecommerce] [scheduling-1] c.d.e.s.SincronizacaoEstoqueService      : [ESTOQUE] Lendo VW_ECOMMERCE_ESTOQUE no banco de dados...
2026-09-06T14:17:00.104-03:00  INFO 12340 --- [ecommerce] [scheduling-1] c.d.e.s.SincronizacaoEstoqueService      : [ESTOQUE] Ciclo finalizado. Total de atualizações enviadas: 0
2026-09-06T14:17:00.104-03:00  INFO 12340 --- [ecommerce] [scheduling-1] c.d.e.service.SincronizacaoService       : Lendo VW_ECOMMERCE_PRECOS no banco de dados...
2026-09-06T14:17:00.152-03:00  INFO 12340 --- [ecommerce] [scheduling-1] c.d.e.service.SincronizacaoService       : Ciclo finalizado. Total de atualizações enviadas: 0
2026-09-06T14:18:00.001-03:00  INFO 12340 --- [ecommerce] [scheduling-1] c.d.e.s.SincronizacaoEstoqueService      : [ESTOQUE] Lendo VW_ECOMMERCE_ESTOQUE no banco de dados...
2026-09-06T14:18:00.081-03:00  INFO 12340 --- [ecommerce] [scheduling-1] c.d.e.s.SincronizacaoEstoqueService      : [ESTOQUE] Ciclo finalizado. Total de atualizações enviadas: 0
2026-09-06T14:18:00.081-03:00  INFO 12340 --- [ecommerce] [scheduling-1] c.d.e.service.SincronizacaoService       : Lendo VW_ECOMMERCE_PRECOS no banco de dados...
2026-09-06T14:18:00.127-03:00  INFO 12340 --- [ecommerce] [scheduling-1] c.d.e.service.SincronizacaoService       : Ciclo finalizado. Total de atualizações enviadas: 0
2026-09-06T14:19:00.000-03:00  INFO 12340 --- [ecommerce] [scheduling-1] c.d.e.service.SincronizacaoService       : Lendo VW_ECOMMERCE_PRECOS no banco de dados...
2026-09-06T14:19:00.051-03:00  INFO 12340 --- [ecommerce] [scheduling-1] c.d.e.service.SincronizacaoService       : Ciclo finalizado. Total de atualizações enviadas: 0
2026-09-06T14:19:00.051-03:00  INFO 12340 --- [ecommerce] [scheduling-1] c.d.e.s.SincronizacaoEstoqueService      : [ESTOQUE] Lendo VW_ECOMMERCE_ESTOQUE no banco de dados...
2026-09-06T14:19:00.074-03:00  INFO 12340 --- [ecommerce] [scheduling-1] c.d.e.s.SincronizacaoEstoqueService      : [ESTOQUE] Ciclo finalizado. Total de atualizações enviadas: 0
2026-09-06T14:20:00.000-03:00  INFO 12340 --- [ecommerce] [scheduling-1] c.d.e.s.SincronizacaoEstoqueService      : [ESTOQUE] Lendo VW_ECOMMERCE_ESTOQUE no banco de dados...
2026-09-06T14:20:00.075-03:00  INFO 12340 --- [ecommerce] [scheduling-1] c.d.e.s.SincronizacaoEstoqueService      : [ESTOQUE] Ciclo finalizado. Total de atualizações enviadas: 0
2026-09-06T14:20:00.075-03:00  INFO 12340 --- [ecommerce] [scheduling-1] c.d.e.service.SincronizacaoService       : Lendo VW_ECOMMERCE_PRECOS no banco de dados...
2026-09-06T14:20:00.123-03:00  INFO 12340 --- [ecommerce] [scheduling-1] c.d.e.service.SincronizacaoService       : Ciclo finalizado. Total de atualizações enviadas: 0
2026-09-06T14:21:00.000-03:00  INFO 12340 --- [ecommerce] [scheduling-1] c.d.e.service.SincronizacaoService       : Lendo VW_ECOMMERCE_PRECOS no banco de dados...
2026-09-06T14:21:00.068-03:00  INFO 12340 --- [ecommerce] [scheduling-1] c.d.e.service.SincronizacaoService       : Ciclo finalizado. Total de atualizações enviadas: 0
2026-09-06T14:21:00.069-03:00  INFO 12340 --- [ecommerce] [scheduling-1] c.d.e.s.SincronizacaoEstoqueService      : [ESTOQUE] Lendo VW_ECOMMERCE_ESTOQUE no banco de dados...
2026-09-06T14:21:00.102-03:00  INFO 12340 --- [ecommerce] [scheduling-1] c.d.e.s.SincronizacaoEstoqueService      : [ESTOQUE] Ciclo finalizado. Total de atualizações enviadas: 0
2026-09-06T14:22:00.000-03:00  INFO 12340 --- [ecommerce] [scheduling-1] c.d.e.service.SincronizacaoService       : Lendo VW_ECOMMERCE_PRECOS no banco de dados...
2026-09-06T14:22:00.050-03:00  INFO 12340 --- [ecommerce] [scheduling-1] c.d.e.service.SincronizacaoService       : Ciclo finalizado. Total de atualizações enviadas: 0
2026-09-06T14:22:00.050-03:00  INFO 12340 --- [ecommerce] [scheduling-1] c.d.e.s.SincronizacaoEstoqueService      : [ESTOQUE] Lendo VW_ECOMMERCE_ESTOQUE no banco de dados...
2026-09-06T14:22:00.091-03:00  INFO 12340 --- [ecommerce] [scheduling-1] c.d.e.s.SincronizacaoEstoqueService      : [ESTOQUE] Ciclo finalizado. Total de atualizações enviadas: 0
2026-09-06T14:23:00.000-03:00  INFO 12340 --- [ecommerce] [scheduling-1] c.d.e.service.SincronizacaoService       : Lendo VW_ECOMMERCE_PRECOS no banco de dados...
2026-09-06T14:23:00.096-03:00  INFO 12340 --- [ecommerce] [scheduling-1] c.d.e.service.SincronizacaoService       : Ciclo finalizado. Total de atualizações enviadas: 0
2026-09-06T14:23:00.097-03:00  INFO 12340 --- [ecommerce] [scheduling-1] c.d.e.s.SincronizacaoEstoqueService      : [ESTOQUE] Lendo VW_ECOMMERCE_ESTOQUE no banco de dados...
2026-09-06T14:23:00.189-03:00  INFO 12340 --- [ecommerce] [scheduling-1] c.d.e.s.SincronizacaoEstoqueService      : [ESTOQUE] Ciclo finalizado. Total de atualizações enviadas: 0
2026-09-06T14:23:59.999-03:00  INFO 12340 --- [ecommerce] [scheduling-1] c.d.e.service.SincronizacaoService       : Lendo VW_ECOMMERCE_PRECOS no banco de dados...
2026-09-06T14:24:00.108-03:00  INFO 12340 --- [ecommerce] [scheduling-1] c.d.e.service.SincronizacaoService       : Ciclo finalizado. Total de atualizações enviadas: 0
2026-09-06T14:24:00.108-03:00  INFO 12340 --- [ecommerce] [scheduling-1] c.d.e.s.SincronizacaoEstoqueService      : [ESTOQUE] Lendo VW_ECOMMERCE_ESTOQUE no banco de dados...
2026-09-06T14:24:00.131-03:00  INFO 12340 --- [ecommerce] [scheduling-1] c.d.e.s.SincronizacaoEstoqueService      : [ESTOQUE] Ciclo finalizado. Total de atualizações enviadas: 0
2026-09-06T14:24:59.999-03:00  INFO 12340 --- [ecommerce] [scheduling-1] c.d.e.s.SincronizacaoEstoqueService      : [ESTOQUE] Lendo VW_ECOMMERCE_ESTOQUE no banco de dados...
2026-09-06T14:25:00.088-03:00  INFO 12340 --- [ecommerce] [scheduling-1] c.d.e.s.SincronizacaoEstoqueService      : [ESTOQUE] Ciclo finalizado. Total de atualizações enviadas: 0
2026-09-06T14:25:00.089-03:00  INFO 12340 --- [ecommerce] [scheduling-1] c.d.e.service.SincronizacaoService       : Lendo VW_ECOMMERCE_PRECOS no banco de dados...
2026-09-06T14:25:00.135-03:00  INFO 12340 --- [ecommerce] [scheduling-1] c.d.e.service.SincronizacaoService       : Ciclo finalizado. Total de atualizações enviadas: 0
2026-09-06T14:25:59.999-03:00  INFO 12340 --- [ecommerce] [scheduling-1] c.d.e.s.SincronizacaoEstoqueService      : [ESTOQUE] Lendo VW_ECOMMERCE_ESTOQUE no banco de dados...
2026-09-06T14:26:00.039-03:00  INFO 12340 --- [ecommerce] [scheduling-1] c.d.e.s.SincronizacaoEstoqueService      : [ESTOQUE] Ciclo finalizado. Total de atualizações enviadas: 0
2026-09-06T14:26:00.039-03:00  INFO 12340 --- [ecommerce] [scheduling-1] c.d.e.service.SincronizacaoService       : Lendo VW_ECOMMERCE_PRECOS no banco de dados...
2026-09-06T14:26:00.089-03:00  INFO 12340 --- [ecommerce] [scheduling-1] c.d.e.service.SincronizacaoService       : Ciclo finalizado. Total de atualizações enviadas: 0
2026-09-06T14:26:59.999-03:00  INFO 12340 --- [ecommerce] [scheduling-1] c.d.e.service.SincronizacaoService       : Lendo VW_ECOMMERCE_PRECOS no banco de dados...
2026-09-06T14:27:00.112-03:00  INFO 12340 --- [ecommerce] [scheduling-1] c.d.e.service.SincronizacaoService       : Ciclo finalizado. Total de atualizações enviadas: 0
2026-09-06T14:27:00.112-03:00  INFO 12340 --- [ecommerce] [scheduling-1] c.d.e.s.SincronizacaoEstoqueService      : [ESTOQUE] Lendo VW_ECOMMERCE_ESTOQUE no banco de dados...
2026-09-06T14:27:00.135-03:00  INFO 12340 --- [ecommerce] [scheduling-1] c.d.e.s.SincronizacaoEstoqueService      : [ESTOQUE] Ciclo finalizado. Total de atualizações enviadas: 0
2026-09-06T14:28:00.001-03:00  INFO 12340 --- [ecommerce] [scheduling-1] c.d.e.service.SincronizacaoService       : Lendo VW_ECOMMERCE_PRECOS no banco de dados...
2026-09-06T14:28:00.055-03:00  INFO 12340 --- [ecommerce] [scheduling-1] c.d.e.service.SincronizacaoService       : Ciclo finalizado. Total de atualizações enviadas: 0
2026-09-06T14:28:00.055-03:00  INFO 12340 --- [ecommerce] [scheduling-1] c.d.e.s.SincronizacaoEstoqueService      : [ESTOQUE] Lendo VW_ECOMMERCE_ESTOQUE no banco de dados...
2026-09-06T14:28:00.084-03:00  INFO 12340 --- [ecommerce] [scheduling-1] c.d.e.s.SincronizacaoEstoqueService      : [ESTOQUE] Ciclo finalizado. Total de atualizações enviadas: 0
2026-09-06T14:29:00.000-03:00  INFO 12340 --- [ecommerce] [scheduling-1] c.d.e.s.SincronizacaoEstoqueService      : [ESTOQUE] Lendo VW_ECOMMERCE_ESTOQUE no banco de dados...
2026-09-06T14:29:00.049-03:00  INFO 12340 --- [ecommerce] [scheduling-1] c.d.e.s.SincronizacaoEstoqueService      : [ESTOQUE] Ciclo finalizado. Total de atualizações enviadas: 0
2026-09-06T14:29:00.050-03:00  INFO 12340 --- [ecommerce] [scheduling-1] c.d.e.service.SincronizacaoService       : Lendo VW_ECOMMERCE_PRECOS no banco de dados...
2026-09-06T14:29:00.091-03:00  INFO 12340 --- [ecommerce] [scheduling-1] c.d.e.service.SincronizacaoService       : Ciclo finalizado. Total de atualizações enviadas: 0
2026-09-06T14:30:00.001-03:00  INFO 12340 --- [ecommerce] [scheduling-1] c.d.e.s.SincronizacaoEstoqueService      : [ESTOQUE] Lendo VW_ECOMMERCE_ESTOQUE no banco de dados...
2026-09-06T14:30:00.039-03:00  INFO 12340 --- [ecommerce] [scheduling-1] c.d.e.s.SincronizacaoEstoqueService      : [ESTOQUE] Ciclo finalizado. Total de atualizações enviadas: 0
2026-09-06T14:30:00.039-03:00  INFO 12340 --- [ecommerce] [scheduling-1] c.d.e.service.SincronizacaoService       : Lendo VW_ECOMMERCE_PRECOS no banco de dados...
2026-09-06T14:30:00.087-03:00  INFO 12340 --- [ecommerce] [scheduling-1] c.d.e.service.SincronizacaoService       : Ciclo finalizado. Total de atualizações enviadas: 0
2026-09-06T14:31:00.000-03:00  INFO 12340 --- [ecommerce] [scheduling-1] c.d.e.s.SincronizacaoEstoqueService      : [ESTOQUE] Lendo VW_ECOMMERCE_ESTOQUE no banco de dados...
2026-09-06T14:31:00.079-03:00  INFO 12340 --- [ecommerce] [scheduling-1] c.d.e.s.SincronizacaoEstoqueService      : [ESTOQUE] Ciclo finalizado. Total de atualizações enviadas: 0
2026-09-06T14:31:00.080-03:00  INFO 12340 --- [ecommerce] [scheduling-1] c.d.e.service.SincronizacaoService       : Lendo VW_ECOMMERCE_PRECOS no banco de dados...
2026-09-06T14:31:00.127-03:00  INFO 12340 --- [ecommerce] [scheduling-1] c.d.e.service.SincronizacaoService       : Ciclo finalizado. Total de atualizações enviadas: 0
2026-09-06T14:32:00.001-03:00  INFO 12340 --- [ecommerce] [scheduling-1] c.d.e.s.SincronizacaoEstoqueService      : [ESTOQUE] Lendo VW_ECOMMERCE_ESTOQUE no banco de dados...
2026-09-06T14:32:00.033-03:00  INFO 12340 --- [ecommerce] [scheduling-1] c.d.e.s.SincronizacaoEstoqueService      : [ESTOQUE] Ciclo finalizado. Total de atualizações enviadas: 0
2026-09-06T14:32:00.033-03:00  INFO 12340 --- [ecommerce] [scheduling-1] c.d.e.service.SincronizacaoService       : Lendo VW_ECOMMERCE_PRECOS no banco de dados...
2026-09-06T14:32:00.082-03:00  INFO 12340 --- [ecommerce] [scheduling-1] c.d.e.service.SincronizacaoService       : Ciclo finalizado. Total de atualizações enviadas: 0
2026-09-06T14:33:00.000-03:00  INFO 12340 --- [ecommerce] [scheduling-1] c.d.e.service.SincronizacaoService       : Lendo VW_ECOMMERCE_PRECOS no banco de dados...
2026-09-06T14:33:00.050-03:00  INFO 12340 --- [ecommerce] [scheduling-1] c.d.e.service.SincronizacaoService       : Ciclo finalizado. Total de atualizações enviadas: 0
2026-09-06T14:33:00.050-03:00  INFO 12340 --- [ecommerce] [scheduling-1] c.d.e.s.SincronizacaoEstoqueService      : [ESTOQUE] Lendo VW_ECOMMERCE_ESTOQUE no banco de dados...
2026-09-06T14:33:00.074-03:00  INFO 12340 --- [ecommerce] [scheduling-1] c.d.e.s.SincronizacaoEstoqueService      : [ESTOQUE] Ciclo finalizado. Total de atualizações enviadas: 0
2026-09-06T14:34:00.000-03:00  INFO 12340 --- [ecommerce] [scheduling-1] c.d.e.s.SincronizacaoEstoqueService      : [ESTOQUE] Lendo VW_ECOMMERCE_ESTOQUE no banco de dados...
2026-09-06T14:34:00.058-03:00  INFO 12340 --- [ecommerce] [scheduling-1] c.d.e.s.SincronizacaoEstoqueService      : [ESTOQUE] Ciclo finalizado. Total de atualizações enviadas: 0
2026-09-06T14:34:00.058-03:00  INFO 12340 --- [ecommerce] [scheduling-1] c.d.e.service.SincronizacaoService       : Lendo VW_ECOMMERCE_PRECOS no banco de dados...
2026-09-06T14:34:00.101-03:00  INFO 12340 --- [ecommerce] [scheduling-1] c.d.e.service.SincronizacaoService       : Ciclo finalizado. Total de atualizações enviadas: 0
2026-09-06T14:35:00.000-03:00  INFO 12340 --- [ecommerce] [scheduling-1] c.d.e.s.SincronizacaoEstoqueService      : [ESTOQUE] Lendo VW_ECOMMERCE_ESTOQUE no banco de dados...
2026-09-06T14:35:00.066-03:00  INFO 12340 --- [ecommerce] [scheduling-1] c.d.e.s.SincronizacaoEstoqueService      : [ESTOQUE] Ciclo finalizado. Total de atualizações enviadas: 0
2026-09-06T14:35:00.066-03:00  INFO 12340 --- [ecommerce] [scheduling-1] c.d.e.service.SincronizacaoService       : Lendo VW_ECOMMERCE_PRECOS no banco de dados...
2026-09-06T14:35:00.120-03:00  INFO 12340 --- [ecommerce] [scheduling-1] c.d.e.service.SincronizacaoService       : Ciclo finalizado. Total de atualizações enviadas: 0
2026-09-06T14:36:00.000-03:00  INFO 12340 --- [ecommerce] [scheduling-1] c.d.e.service.SincronizacaoService       : Lendo VW_ECOMMERCE_PRECOS no banco de dados...
2026-09-06T14:36:00.115-03:00  INFO 12340 --- [ecommerce] [scheduling-1] c.d.e.service.SincronizacaoService       : Ciclo finalizado. Total de atualizações enviadas: 0
2026-09-06T14:36:00.115-03:00  INFO 12340 --- [ecommerce] [scheduling-1] c.d.e.s.SincronizacaoEstoqueService      : [ESTOQUE] Lendo VW_ECOMMERCE_ESTOQUE no banco de dados...
2026-09-06T14:36:00.140-03:00  INFO 12340 --- [ecommerce] [scheduling-1] c.d.e.s.SincronizacaoEstoqueService      : [ESTOQUE] Ciclo finalizado. Total de atualizações enviadas: 0
2026-09-06T14:37:00.000-03:00  INFO 12340 --- [ecommerce] [scheduling-1] c.d.e.s.SincronizacaoEstoqueService      : [ESTOQUE] Lendo VW_ECOMMERCE_ESTOQUE no banco de dados...
2026-09-06T14:37:00.095-03:00  INFO 12340 --- [ecommerce] [scheduling-1] c.d.e.s.SincronizacaoEstoqueService      : [ESTOQUE] Ciclo finalizado. Total de atualizações enviadas: 0
2026-09-06T14:37:00.096-03:00  INFO 12340 --- [ecommerce] [scheduling-1] c.d.e.service.SincronizacaoService       : Lendo VW_ECOMMERCE_PRECOS no banco de dados...
2026-09-06T14:37:00.144-03:00  INFO 12340 --- [ecommerce] [scheduling-1] c.d.e.service.SincronizacaoService       : Ciclo finalizado. Total de atualizações enviadas: 0
2026-09-06T14:38:00.000-03:00  INFO 12340 --- [ecommerce] [scheduling-1] c.d.e.s.SincronizacaoEstoqueService      : [ESTOQUE] Lendo VW_ECOMMERCE_ESTOQUE no banco de dados...
2026-09-06T14:38:00.075-03:00  INFO 12340 --- [ecommerce] [scheduling-1] c.d.e.s.SincronizacaoEstoqueService      : [ESTOQUE] Ciclo finalizado. Total de atualizações enviadas: 0
2026-09-06T14:38:00.075-03:00  INFO 12340 --- [ecommerce] [scheduling-1] c.d.e.service.SincronizacaoService       : Lendo VW_ECOMMERCE_PRECOS no banco de dados...
2026-09-06T14:38:00.122-03:00  INFO 12340 --- [ecommerce] [scheduling-1] c.d.e.service.SincronizacaoService       : Ciclo finalizado. Total de atualizações enviadas: 0
2026-09-06T14:39:00.000-03:00  INFO 12340 --- [ecommerce] [scheduling-1] c.d.e.s.SincronizacaoEstoqueService      : [ESTOQUE] Lendo VW_ECOMMERCE_ESTOQUE no banco de dados...
2026-09-06T14:39:00.046-03:00  INFO 12340 --- [ecommerce] [scheduling-1] c.d.e.s.SincronizacaoEstoqueService      : [ESTOQUE] Ciclo finalizado. Total de atualizações enviadas: 0
2026-09-06T14:39:00.046-03:00  INFO 12340 --- [ecommerce] [scheduling-1] c.d.e.service.SincronizacaoService       : Lendo VW_ECOMMERCE_PRECOS no banco de dados...
2026-09-06T14:39:00.102-03:00  INFO 12340 --- [ecommerce] [scheduling-1] c.d.e.service.SincronizacaoService       : Ciclo finalizado. Total de atualizações enviadas: 0
2026-09-06T14:39:59.999-03:00  INFO 12340 --- [ecommerce] [scheduling-1] c.d.e.s.SincronizacaoEstoqueService      : [ESTOQUE] Lendo VW_ECOMMERCE_ESTOQUE no banco de dados...
2026-09-06T14:40:00.086-03:00  INFO 12340 --- [ecommerce] [scheduling-1] c.d.e.s.SincronizacaoEstoqueService      : [ESTOQUE] Ciclo finalizado. Total de atualizações enviadas: 0
2026-09-06T14:40:00.086-03:00  INFO 12340 --- [ecommerce] [scheduling-1] c.d.e.service.SincronizacaoService       : Lendo VW_ECOMMERCE_PRECOS no banco de dados...
2026-09-06T14:40:00.134-03:00  INFO 12340 --- [ecommerce] [scheduling-1] c.d.e.service.SincronizacaoService       : Ciclo finalizado. Total de atualizações enviadas: 0
2026-09-06T14:40:59.999-03:00  INFO 12340 --- [ecommerce] [scheduling-1] c.d.e.service.SincronizacaoService       : Lendo VW_ECOMMERCE_PRECOS no banco de dados...
2026-09-06T14:41:00.092-03:00  INFO 12340 --- [ecommerce] [scheduling-1] c.d.e.service.SincronizacaoService       : Ciclo finalizado. Total de atualizações enviadas: 0
2026-09-06T14:41:00.092-03:00  INFO 12340 --- [ecommerce] [scheduling-1] c.d.e.s.SincronizacaoEstoqueService      : [ESTOQUE] Lendo VW_ECOMMERCE_ESTOQUE no banco de dados...
2026-09-06T14:41:00.124-03:00  INFO 12340 --- [ecommerce] [scheduling-1] c.d.e.s.SincronizacaoEstoqueService      : [ESTOQUE] Ciclo finalizado. Total de atualizações enviadas: 0
2026-09-06T14:42:00.000-03:00  INFO 12340 --- [ecommerce] [scheduling-1] c.d.e.service.SincronizacaoService       : Lendo VW_ECOMMERCE_PRECOS no banco de dados...
2026-09-06T14:42:00.116-03:00  INFO 12340 --- [ecommerce] [scheduling-1] c.d.e.service.SincronizacaoService       : Ciclo finalizado. Total de atualizações enviadas: 0
2026-09-06T14:42:00.116-03:00  INFO 12340 --- [ecommerce] [scheduling-1] c.d.e.s.SincronizacaoEstoqueService      : [ESTOQUE] Lendo VW_ECOMMERCE_ESTOQUE no banco de dados...
2026-09-06T14:42:00.141-03:00  INFO 12340 --- [ecommerce] [scheduling-1] c.d.e.s.SincronizacaoEstoqueService      : [ESTOQUE] Ciclo finalizado. Total de atualizações enviadas: 0
2026-09-06T14:43:00.000-03:00  INFO 12340 --- [ecommerce] [scheduling-1] c.d.e.s.SincronizacaoEstoqueService      : [ESTOQUE] Lendo VW_ECOMMERCE_ESTOQUE no banco de dados...
2026-09-06T14:43:00.030-03:00  INFO 12340 --- [ecommerce] [scheduling-1] c.d.e.s.SincronizacaoEstoqueService      : [ESTOQUE] Ciclo finalizado. Total de atualizações enviadas: 0
2026-09-06T14:43:00.030-03:00  INFO 12340 --- [ecommerce] [scheduling-1] c.d.e.service.SincronizacaoService       : Lendo VW_ECOMMERCE_PRECOS no banco de dados...
2026-09-06T14:43:00.077-03:00  INFO 12340 --- [ecommerce] [scheduling-1] c.d.e.service.SincronizacaoService       : Ciclo finalizado. Total de atualizações enviadas: 0
2026-09-06T14:44:00.000-03:00  INFO 12340 --- [ecommerce] [scheduling-1] c.d.e.service.SincronizacaoService       : Lendo VW_ECOMMERCE_PRECOS no banco de dados...
2026-09-06T14:44:00.098-03:00  INFO 12340 --- [ecommerce] [scheduling-1] c.d.e.service.SincronizacaoService       : Ciclo finalizado. Total de atualizações enviadas: 0
2026-09-06T14:44:00.098-03:00  INFO 12340 --- [ecommerce] [scheduling-1] c.d.e.s.SincronizacaoEstoqueService      : [ESTOQUE] Lendo VW_ECOMMERCE_ESTOQUE no banco de dados...
2026-09-06T14:44:00.127-03:00  INFO 12340 --- [ecommerce] [scheduling-1] c.d.e.s.SincronizacaoEstoqueService      : [ESTOQUE] Ciclo finalizado. Total de atualizações enviadas: 0
2026-09-06T14:45:00.000-03:00  INFO 12340 --- [ecommerce] [scheduling-1] c.d.e.s.SincronizacaoEstoqueService      : [ESTOQUE] Lendo VW_ECOMMERCE_ESTOQUE no banco de dados...
2026-09-06T14:45:00.044-03:00  INFO 12340 --- [ecommerce] [scheduling-1] c.d.e.s.SincronizacaoEstoqueService      : [ESTOQUE] Ciclo finalizado. Total de atualizações enviadas: 0
2026-09-06T14:45:00.044-03:00  INFO 12340 --- [ecommerce] [scheduling-1] c.d.e.service.SincronizacaoService       : Lendo VW_ECOMMERCE_PRECOS no banco de dados...
2026-09-06T14:45:00.125-03:00  INFO 12340 --- [ecommerce] [scheduling-1] c.d.e.service.SincronizacaoService       : Ciclo finalizado. Total de atualizações enviadas: 0
2026-09-06T14:46:00.000-03:00  INFO 12340 --- [ecommerce] [scheduling-1] c.d.e.s.SincronizacaoEstoqueService      : [ESTOQUE] Lendo VW_ECOMMERCE_ESTOQUE no banco de dados...
2026-09-06T14:46:00.044-03:00  INFO 12340 --- [ecommerce] [scheduling-1] c.d.e.s.SincronizacaoEstoqueService      : [ESTOQUE] Ciclo finalizado. Total de atualizações enviadas: 0
2026-09-06T14:46:00.044-03:00  INFO 12340 --- [ecommerce] [scheduling-1] c.d.e.service.SincronizacaoService       : Lendo VW_ECOMMERCE_PRECOS no banco de dados...
2026-09-06T14:46:00.092-03:00  INFO 12340 --- [ecommerce] [scheduling-1] c.d.e.service.SincronizacaoService       : Ciclo finalizado. Total de atualizações enviadas: 0
2026-09-06T14:47:00.001-03:00  INFO 12340 --- [ecommerce] [scheduling-1] c.d.e.s.SincronizacaoEstoqueService      : [ESTOQUE] Lendo VW_ECOMMERCE_ESTOQUE no banco de dados...
2026-09-06T14:47:00.083-03:00  INFO 12340 --- [ecommerce] [scheduling-1] c.d.e.s.SincronizacaoEstoqueService      : [ESTOQUE] Ciclo finalizado. Total de atualizações enviadas: 0
2026-09-06T14:47:00.084-03:00  INFO 12340 --- [ecommerce] [scheduling-1] c.d.e.service.SincronizacaoService       : Lendo VW_ECOMMERCE_PRECOS no banco de dados...
2026-09-06T14:47:00.130-03:00  INFO 12340 --- [ecommerce] [scheduling-1] c.d.e.service.SincronizacaoService       : Ciclo finalizado. Total de atualizações enviadas: 0
2026-09-06T14:47:59.999-03:00  INFO 12340 --- [ecommerce] [scheduling-1] c.d.e.service.SincronizacaoService       : Lendo VW_ECOMMERCE_PRECOS no banco de dados...
2026-09-06T14:48:00.053-03:00  INFO 12340 --- [ecommerce] [scheduling-1] c.d.e.service.SincronizacaoService       : Ciclo finalizado. Total de atualizações enviadas: 0
2026-09-06T14:48:00.053-03:00  INFO 12340 --- [ecommerce] [scheduling-1] c.d.e.s.SincronizacaoEstoqueService      : [ESTOQUE] Lendo VW_ECOMMERCE_ESTOQUE no banco de dados...
2026-09-06T14:48:00.084-03:00  INFO 12340 --- [ecommerce] [scheduling-1] c.d.e.s.SincronizacaoEstoqueService      : [ESTOQUE] Ciclo finalizado. Total de atualizações enviadas: 0
2026-09-06T14:49:00.000-03:00  INFO 12340 --- [ecommerce] [scheduling-1] c.d.e.s.SincronizacaoEstoqueService      : [ESTOQUE] Lendo VW_ECOMMERCE_ESTOQUE no banco de dados...
2026-09-06T14:49:00.078-03:00  INFO 12340 --- [ecommerce] [scheduling-1] c.d.e.s.SincronizacaoEstoqueService      : [ESTOQUE] Ciclo finalizado. Total de atualizações enviadas: 0
2026-09-06T14:49:00.078-03:00  INFO 12340 --- [ecommerce] [scheduling-1] c.d.e.service.SincronizacaoService       : Lendo VW_ECOMMERCE_PRECOS no banco de dados...
2026-09-06T14:49:00.123-03:00  INFO 12340 --- [ecommerce] [scheduling-1] c.d.e.service.SincronizacaoService       : Ciclo finalizado. Total de atualizações enviadas: 0
2026-09-06T14:49:59.999-03:00  INFO 12340 --- [ecommerce] [scheduling-1] c.d.e.s.SincronizacaoEstoqueService      : [ESTOQUE] Lendo VW_ECOMMERCE_ESTOQUE no banco de dados...
2026-09-06T14:50:00.088-03:00  INFO 12340 --- [ecommerce] [scheduling-1] c.d.e.s.SincronizacaoEstoqueService      : [ESTOQUE] Ciclo finalizado. Total de atualizações enviadas: 0
2026-09-06T14:50:00.088-03:00  INFO 12340 --- [ecommerce] [scheduling-1] c.d.e.service.SincronizacaoService       : Lendo VW_ECOMMERCE_PRECOS no banco de dados...
2026-09-06T14:50:00.259-03:00  INFO 12340 --- [ecommerce] [scheduling-1] c.d.e.service.SincronizacaoService       : Ciclo finalizado. Total de atualizações enviadas: 0
2026-09-06T14:51:00.000-03:00  INFO 12340 --- [ecommerce] [scheduling-1] c.d.e.service.SincronizacaoService       : Lendo VW_ECOMMERCE_PRECOS no banco de dados...
2026-09-06T14:51:00.052-03:00  INFO 12340 --- [ecommerce] [scheduling-1] c.d.e.service.SincronizacaoService       : Ciclo finalizado. Total de atualizações enviadas: 0
2026-09-06T14:51:00.052-03:00  INFO 12340 --- [ecommerce] [scheduling-1] c.d.e.s.SincronizacaoEstoqueService      : [ESTOQUE] Lendo VW_ECOMMERCE_ESTOQUE no banco de dados...
2026-09-06T14:51:00.075-03:00  INFO 12340 --- [ecommerce] [scheduling-1] c.d.e.s.SincronizacaoEstoqueService      : [ESTOQUE] Ciclo finalizado. Total de atualizações enviadas: 0
2026-09-06T14:52:00.000-03:00  INFO 12340 --- [ecommerce] [scheduling-1] c.d.e.service.SincronizacaoService       : Lendo VW_ECOMMERCE_PRECOS no banco de dados...
2026-09-06T14:52:00.101-03:00  INFO 12340 --- [ecommerce] [scheduling-1] c.d.e.service.SincronizacaoService       : Ciclo finalizado. Total de atualizações enviadas: 0
2026-09-06T14:52:00.101-03:00  INFO 12340 --- [ecommerce] [scheduling-1] c.d.e.s.SincronizacaoEstoqueService      : [ESTOQUE] Lendo VW_ECOMMERCE_ESTOQUE no banco de dados...
2026-09-06T14:52:00.132-03:00  INFO 12340 --- [ecommerce] [scheduling-1] c.d.e.s.SincronizacaoEstoqueService      : [ESTOQUE] Ciclo finalizado. Total de atualizações enviadas: 0
2026-09-06T14:53:00.000-03:00  INFO 12340 --- [ecommerce] [scheduling-1] c.d.e.service.SincronizacaoService       : Lendo VW_ECOMMERCE_PRECOS no banco de dados...
2026-09-06T14:53:00.050-03:00  INFO 12340 --- [ecommerce] [scheduling-1] c.d.e.service.SincronizacaoService       : Ciclo finalizado. Total de atualizações enviadas: 0
2026-09-06T14:53:00.051-03:00  INFO 12340 --- [ecommerce] [scheduling-1] c.d.e.s.SincronizacaoEstoqueService      : [ESTOQUE] Lendo VW_ECOMMERCE_ESTOQUE no banco de dados...
2026-09-06T14:53:00.076-03:00  INFO 12340 --- [ecommerce] [scheduling-1] c.d.e.s.SincronizacaoEstoqueService      : [ESTOQUE] Ciclo finalizado. Total de atualizações enviadas: 0
2026-09-06T14:54:00.001-03:00  INFO 12340 --- [ecommerce] [scheduling-1] c.d.e.service.SincronizacaoService       : Lendo VW_ECOMMERCE_PRECOS no banco de dados...
2026-09-06T14:54:00.100-03:00  INFO 12340 --- [ecommerce] [scheduling-1] c.d.e.service.SincronizacaoService       : Ciclo finalizado. Total de atualizações enviadas: 0
2026-09-06T14:54:00.101-03:00  INFO 12340 --- [ecommerce] [scheduling-1] c.d.e.s.SincronizacaoEstoqueService      : [ESTOQUE] Lendo VW_ECOMMERCE_ESTOQUE no banco de dados...
2026-09-06T14:54:00.128-03:00  INFO 12340 --- [ecommerce] [scheduling-1] c.d.e.s.SincronizacaoEstoqueService      : [ESTOQUE] Ciclo finalizado. Total de atualizações enviadas: 0
2026-09-06T14:55:00.000-03:00  INFO 12340 --- [ecommerce] [scheduling-1] c.d.e.service.SincronizacaoService       : Lendo VW_ECOMMERCE_PRECOS no banco de dados...
2026-09-06T14:55:00.079-03:00  INFO 12340 --- [ecommerce] [scheduling-1] c.d.e.service.SincronizacaoService       : Ciclo finalizado. Total de atualizações enviadas: 0
2026-09-06T14:55:00.079-03:00  INFO 12340 --- [ecommerce] [scheduling-1] c.d.e.s.SincronizacaoEstoqueService      : [ESTOQUE] Lendo VW_ECOMMERCE_ESTOQUE no banco de dados...
2026-09-06T14:55:00.106-03:00  INFO 12340 --- [ecommerce] [scheduling-1] c.d.e.s.SincronizacaoEstoqueService      : [ESTOQUE] Ciclo finalizado. Total de atualizações enviadas: 0
2026-09-06T14:56:00.000-03:00  INFO 12340 --- [ecommerce] [scheduling-1] c.d.e.service.SincronizacaoService       : Lendo VW_ECOMMERCE_PRECOS no banco de dados...
2026-09-06T14:56:00.100-03:00  INFO 12340 --- [ecommerce] [scheduling-1] c.d.e.service.SincronizacaoService       : Ciclo finalizado. Total de atualizações enviadas: 0
2026-09-06T14:56:00.100-03:00  INFO 12340 --- [ecommerce] [scheduling-1] c.d.e.s.SincronizacaoEstoqueService      : [ESTOQUE] Lendo VW_ECOMMERCE_ESTOQUE no banco de dados...
2026-09-06T14:56:00.133-03:00  INFO 12340 --- [ecommerce] [scheduling-1] c.d.e.s.SincronizacaoEstoqueService      : [ESTOQUE] Ciclo finalizado. Total de atualizações enviadas: 0
2026-09-06T14:57:00.000-03:00  INFO 12340 --- [ecommerce] [scheduling-1] c.d.e.service.SincronizacaoService       : Lendo VW_ECOMMERCE_PRECOS no banco de dados...
2026-09-06T14:57:00.083-03:00  INFO 12340 --- [ecommerce] [scheduling-1] c.d.e.service.SincronizacaoService       : Ciclo finalizado. Total de atualizações enviadas: 0
2026-09-06T14:57:00.083-03:00  INFO 12340 --- [ecommerce] [scheduling-1] c.d.e.s.SincronizacaoEstoqueService      : [ESTOQUE] Lendo VW_ECOMMERCE_ESTOQUE no banco de dados...
2026-09-06T14:57:00.107-03:00  INFO 12340 --- [ecommerce] [scheduling-1] c.d.e.s.SincronizacaoEstoqueService      : [ESTOQUE] Ciclo finalizado. Total de atualizações enviadas: 0
2026-09-06T14:58:00.000-03:00  INFO 12340 --- [ecommerce] [scheduling-1] c.d.e.s.SincronizacaoEstoqueService      : [ESTOQUE] Lendo VW_ECOMMERCE_ESTOQUE no banco de dados...
2026-09-06T14:58:00.073-03:00  INFO 12340 --- [ecommerce] [scheduling-1] c.d.e.s.SincronizacaoEstoqueService      : [ESTOQUE] Ciclo finalizado. Total de atualizações enviadas: 0
2026-09-06T14:58:00.073-03:00  INFO 12340 --- [ecommerce] [scheduling-1] c.d.e.service.SincronizacaoService       : Lendo VW_ECOMMERCE_PRECOS no banco de dados...
2026-09-06T14:58:00.119-03:00  INFO 12340 --- [ecommerce] [scheduling-1] c.d.e.service.SincronizacaoService       : Ciclo finalizado. Total de atualizações enviadas: 0
2026-09-06T14:59:00.000-03:00  INFO 12340 --- [ecommerce] [scheduling-1] c.d.e.service.SincronizacaoService       : Lendo VW_ECOMMERCE_PRECOS no banco de dados...
2026-09-06T14:59:00.051-03:00  INFO 12340 --- [ecommerce] [scheduling-1] c.d.e.service.SincronizacaoService       : Ciclo finalizado. Total de atualizações enviadas: 0
2026-09-06T14:59:00.055-03:00  INFO 12340 --- [ecommerce] [scheduling-1] c.d.e.s.SincronizacaoEstoqueService      : [ESTOQUE] Lendo VW_ECOMMERCE_ESTOQUE no banco de dados...
2026-09-06T14:59:00.089-03:00  INFO 12340 --- [ecommerce] [scheduling-1] c.d.e.s.SincronizacaoEstoqueService      : [ESTOQUE] Ciclo finalizado. Total de atualizações enviadas: 0
2026-09-06T15:00:00.000-03:00  INFO 12340 --- [ecommerce] [scheduling-1] c.d.e.service.SincronizacaoService       : Lendo VW_ECOMMERCE_PRECOS no banco de dados...
2026-09-06T15:00:00.105-03:00  INFO 12340 --- [ecommerce] [scheduling-1] c.d.e.service.SincronizacaoService       : Ciclo finalizado. Total de atualizações enviadas: 0
2026-09-06T15:00:00.105-03:00  INFO 12340 --- [ecommerce] [scheduling-1] c.d.e.s.SincronizacaoEstoqueService      : [ESTOQUE] Lendo VW_ECOMMERCE_ESTOQUE no banco de dados...
2026-09-06T15:00:00.135-03:00  INFO 12340 --- [ecommerce] [scheduling-1] c.d.e.s.SincronizacaoEstoqueService      : [ESTOQUE] Ciclo finalizado. Total de atualizações enviadas: 0
2026-09-06T15:01:00.000-03:00  INFO 12340 --- [ecommerce] [scheduling-1] c.d.e.service.SincronizacaoService       : Lendo VW_ECOMMERCE_PRECOS no banco de dados...
2026-09-06T15:01:00.053-03:00  INFO 12340 --- [ecommerce] [scheduling-1] c.d.e.service.SincronizacaoService       : Ciclo finalizado. Total de atualizações enviadas: 0
2026-09-06T15:01:00.053-03:00  INFO 12340 --- [ecommerce] [scheduling-1] c.d.e.s.SincronizacaoEstoqueService      : [ESTOQUE] Lendo VW_ECOMMERCE_ESTOQUE no banco de dados...
2026-09-06T15:01:00.088-03:00  INFO 12340 --- [ecommerce] [scheduling-1] c.d.e.s.SincronizacaoEstoqueService      : [ESTOQUE] Ciclo finalizado. Total de atualizações enviadas: 0
2026-09-06T15:02:00.000-03:00  INFO 12340 --- [ecommerce] [scheduling-1] c.d.e.service.SincronizacaoService       : Lendo VW_ECOMMERCE_PRECOS no banco de dados...
2026-09-06T15:02:00.084-03:00  INFO 12340 --- [ecommerce] [scheduling-1] c.d.e.service.SincronizacaoService       : Ciclo finalizado. Total de atualizações enviadas: 0
2026-09-06T15:02:00.084-03:00  INFO 12340 --- [ecommerce] [scheduling-1] c.d.e.s.SincronizacaoEstoqueService      : [ESTOQUE] Lendo VW_ECOMMERCE_ESTOQUE no banco de dados...
2026-09-06T15:02:00.115-03:00  INFO 12340 --- [ecommerce] [scheduling-1] c.d.e.s.SincronizacaoEstoqueService      : [ESTOQUE] Ciclo finalizado. Total de atualizações enviadas: 0
2026-09-06T15:03:00.000-03:00  INFO 12340 --- [ecommerce] [scheduling-1] c.d.e.s.SincronizacaoEstoqueService      : [ESTOQUE] Lendo VW_ECOMMERCE_ESTOQUE no banco de dados...
2026-09-06T15:03:00.067-03:00  INFO 12340 --- [ecommerce] [scheduling-1] c.d.e.s.SincronizacaoEstoqueService      : [ESTOQUE] Ciclo finalizado. Total de atualizações enviadas: 0
2026-09-06T15:03:00.068-03:00  INFO 12340 --- [ecommerce] [scheduling-1] c.d.e.service.SincronizacaoService       : Lendo VW_ECOMMERCE_PRECOS no banco de dados...
2026-09-06T15:03:00.113-03:00  INFO 12340 --- [ecommerce] [scheduling-1] c.d.e.service.SincronizacaoService       : Ciclo finalizado. Total de atualizações enviadas: 0
2026-09-06T15:04:00.000-03:00  INFO 12340 --- [ecommerce] [scheduling-1] c.d.e.service.SincronizacaoService       : Lendo VW_ECOMMERCE_PRECOS no banco de dados...
2026-09-06T15:04:00.073-03:00  INFO 12340 --- [ecommerce] [scheduling-1] c.d.e.service.SincronizacaoService       : Ciclo finalizado. Total de atualizações enviadas: 0
2026-09-06T15:04:00.073-03:00  INFO 12340 --- [ecommerce] [scheduling-1] c.d.e.s.SincronizacaoEstoqueService      : [ESTOQUE] Lendo VW_ECOMMERCE_ESTOQUE no banco de dados...
2026-09-06T15:04:00.101-03:00  INFO 12340 --- [ecommerce] [scheduling-1] c.d.e.s.SincronizacaoEstoqueService      : [ESTOQUE] Ciclo finalizado. Total de atualizações enviadas: 0
2026-09-06T15:05:00.000-03:00  INFO 12340 --- [ecommerce] [scheduling-1] c.d.e.s.SincronizacaoEstoqueService      : [ESTOQUE] Lendo VW_ECOMMERCE_ESTOQUE no banco de dados...
2026-09-06T15:05:00.062-03:00  INFO 12340 --- [ecommerce] [scheduling-1] c.d.e.s.SincronizacaoEstoqueService      : [ESTOQUE] Ciclo finalizado. Total de atualizações enviadas: 0
2026-09-06T15:05:00.063-03:00  INFO 12340 --- [ecommerce] [scheduling-1] c.d.e.service.SincronizacaoService       : Lendo VW_ECOMMERCE_PRECOS no banco de dados...
2026-09-06T15:05:00.124-03:00  INFO 12340 --- [ecommerce] [scheduling-1] c.d.e.service.SincronizacaoService       : Ciclo finalizado. Total de atualizações enviadas: 0
2026-09-06T15:06:00.000-03:00  INFO 12340 --- [ecommerce] [scheduling-1] c.d.e.s.SincronizacaoEstoqueService      : [ESTOQUE] Lendo VW_ECOMMERCE_ESTOQUE no banco de dados...
2026-09-06T15:06:00.038-03:00  INFO 12340 --- [ecommerce] [scheduling-1] c.d.e.s.SincronizacaoEstoqueService      : [ESTOQUE] Ciclo finalizado. Total de atualizações enviadas: 0
2026-09-06T15:06:00.038-03:00  INFO 12340 --- [ecommerce] [scheduling-1] c.d.e.service.SincronizacaoService       : Lendo VW_ECOMMERCE_PRECOS no banco de dados...
2026-09-06T15:06:00.095-03:00  INFO 12340 --- [ecommerce] [scheduling-1] c.d.e.service.SincronizacaoService       : Ciclo finalizado. Total de atualizações enviadas: 0
2026-09-06T15:07:00.000-03:00  INFO 12340 --- [ecommerce] [scheduling-1] c.d.e.service.SincronizacaoService       : Lendo VW_ECOMMERCE_PRECOS no banco de dados...
2026-09-06T15:07:00.141-03:00  INFO 12340 --- [ecommerce] [scheduling-1] c.d.e.service.SincronizacaoService       : Ciclo finalizado. Total de atualizações enviadas: 0
2026-09-06T15:07:00.141-03:00  INFO 12340 --- [ecommerce] [scheduling-1] c.d.e.s.SincronizacaoEstoqueService      : [ESTOQUE] Lendo VW_ECOMMERCE_ESTOQUE no banco de dados...
2026-09-06T15:07:00.163-03:00  INFO 12340 --- [ecommerce] [scheduling-1] c.d.e.s.SincronizacaoEstoqueService      : [ESTOQUE] Ciclo finalizado. Total de atualizações enviadas: 0
2026-09-06T15:08:00.000-03:00  INFO 12340 --- [ecommerce] [scheduling-1] c.d.e.service.SincronizacaoService       : Lendo VW_ECOMMERCE_PRECOS no banco de dados...
2026-09-06T15:08:00.094-03:00  INFO 12340 --- [ecommerce] [scheduling-1] c.d.e.service.SincronizacaoService       : Ciclo finalizado. Total de atualizações enviadas: 0
2026-09-06T15:08:00.094-03:00  INFO 12340 --- [ecommerce] [scheduling-1] c.d.e.s.SincronizacaoEstoqueService      : [ESTOQUE] Lendo VW_ECOMMERCE_ESTOQUE no banco de dados...
2026-09-06T15:08:00.120-03:00  INFO 12340 --- [ecommerce] [scheduling-1] c.d.e.s.SincronizacaoEstoqueService      : [ESTOQUE] Ciclo finalizado. Total de atualizações enviadas: 0
2026-09-06T15:09:00.001-03:00  INFO 12340 --- [ecommerce] [scheduling-1] c.d.e.s.SincronizacaoEstoqueService      : [ESTOQUE] Lendo VW_ECOMMERCE_ESTOQUE no banco de dados...
2026-09-06T15:09:00.033-03:00  INFO 12340 --- [ecommerce] [scheduling-1] c.d.e.s.SincronizacaoEstoqueService      : [ESTOQUE] Ciclo finalizado. Total de atualizações enviadas: 0
2026-09-06T15:09:00.034-03:00  INFO 12340 --- [ecommerce] [scheduling-1] c.d.e.service.SincronizacaoService       : Lendo VW_ECOMMERCE_PRECOS no banco de dados...
2026-09-06T15:09:00.075-03:00  INFO 12340 --- [ecommerce] [scheduling-1] c.d.e.service.SincronizacaoService       : Ciclo finalizado. Total de atualizações enviadas: 0
2026-09-06T15:10:00.000-03:00  INFO 12340 --- [ecommerce] [scheduling-1] c.d.e.s.SincronizacaoEstoqueService      : [ESTOQUE] Lendo VW_ECOMMERCE_ESTOQUE no banco de dados...
2026-09-06T15:10:00.118-03:00  INFO 12340 --- [ecommerce] [scheduling-1] c.d.e.s.SincronizacaoEstoqueService      : [ESTOQUE] Ciclo finalizado. Total de atualizações enviadas: 0
2026-09-06T15:10:00.118-03:00  INFO 12340 --- [ecommerce] [scheduling-1] c.d.e.service.SincronizacaoService       : Lendo VW_ECOMMERCE_PRECOS no banco de dados...
2026-09-06T15:10:00.265-03:00  INFO 12340 --- [ecommerce] [scheduling-1] c.d.e.service.SincronizacaoService       : Ciclo finalizado. Total de atualizações enviadas: 0
2026-09-06T15:11:00.000-03:00  INFO 12340 --- [ecommerce] [scheduling-1] c.d.e.s.SincronizacaoEstoqueService      : [ESTOQUE] Lendo VW_ECOMMERCE_ESTOQUE no banco de dados...
2026-09-06T15:11:00.088-03:00  INFO 12340 --- [ecommerce] [scheduling-1] c.d.e.s.SincronizacaoEstoqueService      : [ESTOQUE] Ciclo finalizado. Total de atualizações enviadas: 0
2026-09-06T15:11:00.089-03:00  INFO 12340 --- [ecommerce] [scheduling-1] c.d.e.service.SincronizacaoService       : Lendo VW_ECOMMERCE_PRECOS no banco de dados...
2026-09-06T15:11:00.136-03:00  INFO 12340 --- [ecommerce] [scheduling-1] c.d.e.service.SincronizacaoService       : Ciclo finalizado. Total de atualizações enviadas: 0
2026-09-06T15:12:00.000-03:00  INFO 12340 --- [ecommerce] [scheduling-1] c.d.e.s.SincronizacaoEstoqueService      : [ESTOQUE] Lendo VW_ECOMMERCE_ESTOQUE no banco de dados...
2026-09-06T15:12:00.057-03:00  INFO 12340 --- [ecommerce] [scheduling-1] c.d.e.s.SincronizacaoEstoqueService      : [ESTOQUE] Ciclo finalizado. Total de atualizações enviadas: 0
2026-09-06T15:12:00.057-03:00  INFO 12340 --- [ecommerce] [scheduling-1] c.d.e.service.SincronizacaoService       : Lendo VW_ECOMMERCE_PRECOS no banco de dados...
2026-09-06T15:12:00.103-03:00  INFO 12340 --- [ecommerce] [scheduling-1] c.d.e.service.SincronizacaoService       : Ciclo finalizado. Total de atualizações enviadas: 0
2026-09-06T15:13:00.001-03:00  INFO 12340 --- [ecommerce] [scheduling-1] c.d.e.s.SincronizacaoEstoqueService      : [ESTOQUE] Lendo VW_ECOMMERCE_ESTOQUE no banco de dados...
2026-09-06T15:13:00.081-03:00  INFO 12340 --- [ecommerce] [scheduling-1] c.d.e.s.SincronizacaoEstoqueService      : [ESTOQUE] Ciclo finalizado. Total de atualizações enviadas: 0
2026-09-06T15:13:00.081-03:00  INFO 12340 --- [ecommerce] [scheduling-1] c.d.e.service.SincronizacaoService       : Lendo VW_ECOMMERCE_PRECOS no banco de dados...
2026-09-06T15:13:00.126-03:00  INFO 12340 --- [ecommerce] [scheduling-1] c.d.e.service.SincronizacaoService       : Ciclo finalizado. Total de atualizações enviadas: 0
2026-09-06T15:14:00.000-03:00  INFO 12340 --- [ecommerce] [scheduling-1] c.d.e.s.SincronizacaoEstoqueService      : [ESTOQUE] Lendo VW_ECOMMERCE_ESTOQUE no banco de dados...
2026-09-06T15:14:00.047-03:00  INFO 12340 --- [ecommerce] [scheduling-1] c.d.e.s.SincronizacaoEstoqueService      : [ESTOQUE] Ciclo finalizado. Total de atualizações enviadas: 0
2026-09-06T15:14:00.048-03:00  INFO 12340 --- [ecommerce] [scheduling-1] c.d.e.service.SincronizacaoService       : Lendo VW_ECOMMERCE_PRECOS no banco de dados...
2026-09-06T15:14:00.090-03:00  INFO 12340 --- [ecommerce] [scheduling-1] c.d.e.service.SincronizacaoService       : Ciclo finalizado. Total de atualizações enviadas: 0
2026-09-06T15:14:59.999-03:00  INFO 12340 --- [ecommerce] [scheduling-1] c.d.e.s.SincronizacaoEstoqueService      : [ESTOQUE] Lendo VW_ECOMMERCE_ESTOQUE no banco de dados...
2026-09-06T15:15:00.078-03:00  INFO 12340 --- [ecommerce] [scheduling-1] c.d.e.s.SincronizacaoEstoqueService      : [ESTOQUE] Ciclo finalizado. Total de atualizações enviadas: 0
2026-09-06T15:15:00.079-03:00  INFO 12340 --- [ecommerce] [scheduling-1] c.d.e.service.SincronizacaoService       : Lendo VW_ECOMMERCE_PRECOS no banco de dados...
2026-09-06T15:15:00.145-03:00  INFO 12340 --- [ecommerce] [scheduling-1] c.d.e.service.SincronizacaoService       : Ciclo finalizado. Total de atualizações enviadas: 0
2026-09-06T15:16:00.000-03:00  INFO 12340 --- [ecommerce] [scheduling-1] c.d.e.s.SincronizacaoEstoqueService      : [ESTOQUE] Lendo VW_ECOMMERCE_ESTOQUE no banco de dados...
2026-09-06T15:16:00.077-03:00  INFO 12340 --- [ecommerce] [scheduling-1] c.d.e.s.SincronizacaoEstoqueService      : [ESTOQUE] Ciclo finalizado. Total de atualizações enviadas: 0
2026-09-06T15:16:00.077-03:00  INFO 12340 --- [ecommerce] [scheduling-1] c.d.e.service.SincronizacaoService       : Lendo VW_ECOMMERCE_PRECOS no banco de dados...
2026-09-06T15:16:00.126-03:00  INFO 12340 --- [ecommerce] [scheduling-1] c.d.e.service.SincronizacaoService       : Ciclo finalizado. Total de atualizações enviadas: 0
2026-09-06T15:17:00.000-03:00  INFO 12340 --- [ecommerce] [scheduling-1] c.d.e.s.SincronizacaoEstoqueService      : [ESTOQUE] Lendo VW_ECOMMERCE_ESTOQUE no banco de dados...
2026-09-06T15:17:00.093-03:00  INFO 12340 --- [ecommerce] [scheduling-1] c.d.e.s.SincronizacaoEstoqueService      : [ESTOQUE] Ciclo finalizado. Total de atualizações enviadas: 0
2026-09-06T15:17:00.093-03:00  INFO 12340 --- [ecommerce] [scheduling-1] c.d.e.service.SincronizacaoService       : Lendo VW_ECOMMERCE_PRECOS no banco de dados...
2026-09-06T15:17:00.138-03:00  INFO 12340 --- [ecommerce] [scheduling-1] c.d.e.service.SincronizacaoService       : Ciclo finalizado. Total de atualizações enviadas: 0
2026-09-06T15:18:00.000-03:00  INFO 12340 --- [ecommerce] [scheduling-1] c.d.e.service.SincronizacaoService       : Lendo VW_ECOMMERCE_PRECOS no banco de dados...
2026-09-06T15:18:00.090-03:00  INFO 12340 --- [ecommerce] [scheduling-1] c.d.e.service.SincronizacaoService       : Ciclo finalizado. Total de atualizações enviadas: 0
2026-09-06T15:18:00.090-03:00  INFO 12340 --- [ecommerce] [scheduling-1] c.d.e.s.SincronizacaoEstoqueService      : [ESTOQUE] Lendo VW_ECOMMERCE_ESTOQUE no banco de dados...
2026-09-06T15:18:00.121-03:00  INFO 12340 --- [ecommerce] [scheduling-1] c.d.e.s.SincronizacaoEstoqueService      : [ESTOQUE] Ciclo finalizado. Total de atualizações enviadas: 0
2026-09-06T15:19:00.000-03:00  INFO 12340 --- [ecommerce] [scheduling-1] c.d.e.s.SincronizacaoEstoqueService      : [ESTOQUE] Lendo VW_ECOMMERCE_ESTOQUE no banco de dados...
2026-09-06T15:19:00.027-03:00  INFO 12340 --- [ecommerce] [scheduling-1] c.d.e.s.SincronizacaoEstoqueService      : [ESTOQUE] Ciclo finalizado. Total de atualizações enviadas: 0
2026-09-06T15:19:00.027-03:00  INFO 12340 --- [ecommerce] [scheduling-1] c.d.e.service.SincronizacaoService       : Lendo VW_ECOMMERCE_PRECOS no banco de dados...
2026-09-06T15:19:00.072-03:00  INFO 12340 --- [ecommerce] [scheduling-1] c.d.e.service.SincronizacaoService       : Ciclo finalizado. Total de atualizações enviadas: 0
2026-09-06T15:20:00.001-03:00  INFO 12340 --- [ecommerce] [scheduling-1] c.d.e.service.SincronizacaoService       : Lendo VW_ECOMMERCE_PRECOS no banco de dados...
2026-09-06T15:20:00.097-03:00  INFO 12340 --- [ecommerce] [scheduling-1] c.d.e.service.SincronizacaoService       : Ciclo finalizado. Total de atualizações enviadas: 0
2026-09-06T15:20:00.097-03:00  INFO 12340 --- [ecommerce] [scheduling-1] c.d.e.s.SincronizacaoEstoqueService      : [ESTOQUE] Lendo VW_ECOMMERCE_ESTOQUE no banco de dados...
2026-09-06T15:20:00.120-03:00  INFO 12340 --- [ecommerce] [scheduling-1] c.d.e.s.SincronizacaoEstoqueService      : [ESTOQUE] Ciclo finalizado. Total de atualizações enviadas: 0
2026-09-06T15:20:59.999-03:00  INFO 12340 --- [ecommerce] [scheduling-1] c.d.e.s.SincronizacaoEstoqueService      : [ESTOQUE] Lendo VW_ECOMMERCE_ESTOQUE no banco de dados...
2026-09-06T15:21:00.078-03:00  INFO 12340 --- [ecommerce] [scheduling-1] c.d.e.s.SincronizacaoEstoqueService      : [ESTOQUE] Ciclo finalizado. Total de atualizações enviadas: 0
2026-09-06T15:21:00.078-03:00  INFO 12340 --- [ecommerce] [scheduling-1] c.d.e.service.SincronizacaoService       : Lendo VW_ECOMMERCE_PRECOS no banco de dados...
2026-09-06T15:21:00.199-03:00  INFO 12340 --- [ecommerce] [scheduling-1] c.d.e.service.SincronizacaoService       : Ciclo finalizado. Total de atualizações enviadas: 0
2026-09-06T15:22:00.000-03:00  INFO 12340 --- [ecommerce] [scheduling-1] c.d.e.s.SincronizacaoEstoqueService      : [ESTOQUE] Lendo VW_ECOMMERCE_ESTOQUE no banco de dados...
2026-09-06T15:22:00.061-03:00  INFO 12340 --- [ecommerce] [scheduling-1] c.d.e.s.SincronizacaoEstoqueService      : [ESTOQUE] Ciclo finalizado. Total de atualizações enviadas: 0
2026-09-06T15:22:00.062-03:00  INFO 12340 --- [ecommerce] [scheduling-1] c.d.e.service.SincronizacaoService       : Lendo VW_ECOMMERCE_PRECOS no banco de dados...
2026-09-06T15:22:00.109-03:00  INFO 12340 --- [ecommerce] [scheduling-1] c.d.e.service.SincronizacaoService       : Ciclo finalizado. Total de atualizações enviadas: 0
2026-09-06T15:23:00.000-03:00  INFO 12340 --- [ecommerce] [scheduling-1] c.d.e.service.SincronizacaoService       : Lendo VW_ECOMMERCE_PRECOS no banco de dados...
2026-09-06T15:23:00.102-03:00  INFO 12340 --- [ecommerce] [scheduling-1] c.d.e.service.SincronizacaoService       : Ciclo finalizado. Total de atualizações enviadas: 0
2026-09-06T15:23:00.102-03:00  INFO 12340 --- [ecommerce] [scheduling-1] c.d.e.s.SincronizacaoEstoqueService      : [ESTOQUE] Lendo VW_ECOMMERCE_ESTOQUE no banco de dados...
2026-09-06T15:23:00.136-03:00  INFO 12340 --- [ecommerce] [scheduling-1] c.d.e.s.SincronizacaoEstoqueService      : [ESTOQUE] Ciclo finalizado. Total de atualizações enviadas: 0
2026-09-06T15:24:00.000-03:00  INFO 12340 --- [ecommerce] [scheduling-1] c.d.e.service.SincronizacaoService       : Lendo VW_ECOMMERCE_PRECOS no banco de dados...
2026-09-06T15:24:00.083-03:00  INFO 12340 --- [ecommerce] [scheduling-1] c.d.e.service.SincronizacaoService       : Ciclo finalizado. Total de atualizações enviadas: 0
2026-09-06T15:24:00.083-03:00  INFO 12340 --- [ecommerce] [scheduling-1] c.d.e.s.SincronizacaoEstoqueService      : [ESTOQUE] Lendo VW_ECOMMERCE_ESTOQUE no banco de dados...
2026-09-06T15:24:00.114-03:00  INFO 12340 --- [ecommerce] [scheduling-1] c.d.e.s.SincronizacaoEstoqueService      : [ESTOQUE] Ciclo finalizado. Total de atualizações enviadas: 0
2026-09-06T15:25:00.001-03:00  INFO 12340 --- [ecommerce] [scheduling-1] c.d.e.service.SincronizacaoService       : Lendo VW_ECOMMERCE_PRECOS no banco de dados...
2026-09-06T15:25:00.088-03:00  INFO 12340 --- [ecommerce] [scheduling-1] c.d.e.service.SincronizacaoService       : Ciclo finalizado. Total de atualizações enviadas: 0
2026-09-06T15:25:00.088-03:00  INFO 12340 --- [ecommerce] [scheduling-1] c.d.e.s.SincronizacaoEstoqueService      : [ESTOQUE] Lendo VW_ECOMMERCE_ESTOQUE no banco de dados...
2026-09-06T15:25:00.115-03:00  INFO 12340 --- [ecommerce] [scheduling-1] c.d.e.s.SincronizacaoEstoqueService      : [ESTOQUE] Ciclo finalizado. Total de atualizações enviadas: 0
2026-09-06T15:26:00.000-03:00  INFO 12340 --- [ecommerce] [scheduling-1] c.d.e.s.SincronizacaoEstoqueService      : [ESTOQUE] Lendo VW_ECOMMERCE_ESTOQUE no banco de dados...
2026-09-06T15:26:00.032-03:00  INFO 12340 --- [ecommerce] [scheduling-1] c.d.e.s.SincronizacaoEstoqueService      : [ESTOQUE] Ciclo finalizado. Total de atualizações enviadas: 0
2026-09-06T15:26:00.032-03:00  INFO 12340 --- [ecommerce] [scheduling-1] c.d.e.service.SincronizacaoService       : Lendo VW_ECOMMERCE_PRECOS no banco de dados...
2026-09-06T15:26:00.078-03:00  INFO 12340 --- [ecommerce] [scheduling-1] c.d.e.service.SincronizacaoService       : Ciclo finalizado. Total de atualizações enviadas: 0
2026-09-06T15:27:00.000-03:00  INFO 12340 --- [ecommerce] [scheduling-1] c.d.e.s.SincronizacaoEstoqueService      : [ESTOQUE] Lendo VW_ECOMMERCE_ESTOQUE no banco de dados...
2026-09-06T15:27:00.043-03:00  INFO 12340 --- [ecommerce] [scheduling-1] c.d.e.s.SincronizacaoEstoqueService      : [ESTOQUE] Ciclo finalizado. Total de atualizações enviadas: 0
2026-09-06T15:27:00.043-03:00  INFO 12340 --- [ecommerce] [scheduling-1] c.d.e.service.SincronizacaoService       : Lendo VW_ECOMMERCE_PRECOS no banco de dados...
2026-09-06T15:27:00.182-03:00  INFO 12340 --- [ecommerce] [scheduling-1] c.d.e.service.SincronizacaoService       : Ciclo finalizado. Total de atualizações enviadas: 0
2026-09-06T15:28:00.000-03:00  INFO 12340 --- [ecommerce] [scheduling-1] c.d.e.service.SincronizacaoService       : Lendo VW_ECOMMERCE_PRECOS no banco de dados...
2026-09-06T15:28:00.153-03:00  INFO 12340 --- [ecommerce] [scheduling-1] c.d.e.service.SincronizacaoService       : Ciclo finalizado. Total de atualizações enviadas: 0
2026-09-06T15:28:00.153-03:00  INFO 12340 --- [ecommerce] [scheduling-1] c.d.e.s.SincronizacaoEstoqueService      : [ESTOQUE] Lendo VW_ECOMMERCE_ESTOQUE no banco de dados...
2026-09-06T15:28:00.187-03:00  INFO 12340 --- [ecommerce] [scheduling-1] c.d.e.s.SincronizacaoEstoqueService      : [ESTOQUE] Ciclo finalizado. Total de atualizações enviadas: 0
2026-09-06T15:28:59.999-03:00  INFO 12340 --- [ecommerce] [scheduling-1] c.d.e.s.SincronizacaoEstoqueService      : [ESTOQUE] Lendo VW_ECOMMERCE_ESTOQUE no banco de dados...
2026-09-06T15:29:00.075-03:00  INFO 12340 --- [ecommerce] [scheduling-1] c.d.e.s.SincronizacaoEstoqueService      : [ESTOQUE] Ciclo finalizado. Total de atualizações enviadas: 0
2026-09-06T15:29:00.076-03:00  INFO 12340 --- [ecommerce] [scheduling-1] c.d.e.service.SincronizacaoService       : Lendo VW_ECOMMERCE_PRECOS no banco de dados...
2026-09-06T15:29:00.117-03:00  INFO 12340 --- [ecommerce] [scheduling-1] c.d.e.service.SincronizacaoService       : Ciclo finalizado. Total de atualizações enviadas: 0
2026-09-06T15:30:00.001-03:00  INFO 12340 --- [ecommerce] [scheduling-1] c.d.e.s.SincronizacaoEstoqueService      : [ESTOQUE] Lendo VW_ECOMMERCE_ESTOQUE no banco de dados...
2026-09-06T15:30:00.066-03:00  INFO 12340 --- [ecommerce] [scheduling-1] c.d.e.s.SincronizacaoEstoqueService      : [ESTOQUE] Ciclo finalizado. Total de atualizações enviadas: 0
2026-09-06T15:30:00.066-03:00  INFO 12340 --- [ecommerce] [scheduling-1] c.d.e.service.SincronizacaoService       : Lendo VW_ECOMMERCE_PRECOS no banco de dados...
2026-09-06T15:30:00.118-03:00  INFO 12340 --- [ecommerce] [scheduling-1] c.d.e.service.SincronizacaoService       : Ciclo finalizado. Total de atualizações enviadas: 0
2026-09-06T15:31:00.000-03:00  INFO 12340 --- [ecommerce] [scheduling-1] c.d.e.s.SincronizacaoEstoqueService      : [ESTOQUE] Lendo VW_ECOMMERCE_ESTOQUE no banco de dados...
2026-09-06T15:31:00.071-03:00  INFO 12340 --- [ecommerce] [scheduling-1] c.d.e.s.SincronizacaoEstoqueService      : [ESTOQUE] Ciclo finalizado. Total de atualizações enviadas: 0
2026-09-06T15:31:00.071-03:00  INFO 12340 --- [ecommerce] [scheduling-1] c.d.e.service.SincronizacaoService       : Lendo VW_ECOMMERCE_PRECOS no banco de dados...
2026-09-06T15:31:00.135-03:00  INFO 12340 --- [ecommerce] [scheduling-1] c.d.e.service.SincronizacaoService       : Ciclo finalizado. Total de atualizações enviadas: 0
2026-09-06T15:31:59.999-03:00  INFO 12340 --- [ecommerce] [scheduling-1] c.d.e.service.SincronizacaoService       : Lendo VW_ECOMMERCE_PRECOS no banco de dados...
2026-09-06T15:32:00.070-03:00  INFO 12340 --- [ecommerce] [scheduling-1] c.d.e.service.SincronizacaoService       : Ciclo finalizado. Total de atualizações enviadas: 0
2026-09-06T15:32:00.070-03:00  INFO 12340 --- [ecommerce] [scheduling-1] c.d.e.s.SincronizacaoEstoqueService      : [ESTOQUE] Lendo VW_ECOMMERCE_ESTOQUE no banco de dados...
2026-09-06T15:32:00.097-03:00  INFO 12340 --- [ecommerce] [scheduling-1] c.d.e.s.SincronizacaoEstoqueService      : [ESTOQUE] Ciclo finalizado. Total de atualizações enviadas: 0
2026-09-06T15:33:00.000-03:00  INFO 12340 --- [ecommerce] [scheduling-1] c.d.e.s.SincronizacaoEstoqueService      : [ESTOQUE] Lendo VW_ECOMMERCE_ESTOQUE no banco de dados...
2026-09-06T15:33:00.090-03:00  INFO 12340 --- [ecommerce] [scheduling-1] c.d.e.s.SincronizacaoEstoqueService      : [ESTOQUE] Ciclo finalizado. Total de atualizações enviadas: 0
2026-09-06T15:33:00.091-03:00  INFO 12340 --- [ecommerce] [scheduling-1] c.d.e.service.SincronizacaoService       : Lendo VW_ECOMMERCE_PRECOS no banco de dados...
2026-09-06T15:33:00.133-03:00  INFO 12340 --- [ecommerce] [scheduling-1] c.d.e.service.SincronizacaoService       : Ciclo finalizado. Total de atualizações enviadas: 0
2026-09-06T15:34:00.000-03:00  INFO 12340 --- [ecommerce] [scheduling-1] c.d.e.s.SincronizacaoEstoqueService      : [ESTOQUE] Lendo VW_ECOMMERCE_ESTOQUE no banco de dados...
2026-09-06T15:34:00.040-03:00  INFO 12340 --- [ecommerce] [scheduling-1] c.d.e.s.SincronizacaoEstoqueService      : [ESTOQUE] Ciclo finalizado. Total de atualizações enviadas: 0
2026-09-06T15:34:00.040-03:00  INFO 12340 --- [ecommerce] [scheduling-1] c.d.e.service.SincronizacaoService       : Lendo VW_ECOMMERCE_PRECOS no banco de dados...
2026-09-06T15:34:00.147-03:00  INFO 12340 --- [ecommerce] [scheduling-1] c.d.e.service.SincronizacaoService       : Ciclo finalizado. Total de atualizações enviadas: 0
2026-09-06T15:35:00.000-03:00  INFO 12340 --- [ecommerce] [scheduling-1] c.d.e.s.SincronizacaoEstoqueService      : [ESTOQUE] Lendo VW_ECOMMERCE_ESTOQUE no banco de dados...
2026-09-06T15:35:00.089-03:00  INFO 12340 --- [ecommerce] [scheduling-1] c.d.e.s.SincronizacaoEstoqueService      : [ESTOQUE] Ciclo finalizado. Total de atualizações enviadas: 0
2026-09-06T15:35:00.089-03:00  INFO 12340 --- [ecommerce] [scheduling-1] c.d.e.service.SincronizacaoService       : Lendo VW_ECOMMERCE_PRECOS no banco de dados...
2026-09-06T15:35:00.137-03:00  INFO 12340 --- [ecommerce] [scheduling-1] c.d.e.service.SincronizacaoService       : Ciclo finalizado. Total de atualizações enviadas: 0
2026-09-06T15:36:00.000-03:00  INFO 12340 --- [ecommerce] [scheduling-1] c.d.e.s.SincronizacaoEstoqueService      : [ESTOQUE] Lendo VW_ECOMMERCE_ESTOQUE no banco de dados...
2026-09-06T15:36:00.081-03:00  INFO 12340 --- [ecommerce] [scheduling-1] c.d.e.s.SincronizacaoEstoqueService      : [ESTOQUE] Ciclo finalizado. Total de atualizações enviadas: 0
2026-09-06T15:36:00.082-03:00  INFO 12340 --- [ecommerce] [scheduling-1] c.d.e.service.SincronizacaoService       : Lendo VW_ECOMMERCE_PRECOS no banco de dados...
2026-09-06T15:36:00.126-03:00  INFO 12340 --- [ecommerce] [scheduling-1] c.d.e.service.SincronizacaoService       : Ciclo finalizado. Total de atualizações enviadas: 0
2026-09-06T15:36:59.999-03:00  INFO 12340 --- [ecommerce] [scheduling-1] c.d.e.s.SincronizacaoEstoqueService      : [ESTOQUE] Lendo VW_ECOMMERCE_ESTOQUE no banco de dados...
2026-09-06T15:37:00.050-03:00  INFO 12340 --- [ecommerce] [scheduling-1] c.d.e.s.SincronizacaoEstoqueService      : [ESTOQUE] Ciclo finalizado. Total de atualizações enviadas: 0
2026-09-06T15:37:00.050-03:00  INFO 12340 --- [ecommerce] [scheduling-1] c.d.e.service.SincronizacaoService       : Lendo VW_ECOMMERCE_PRECOS no banco de dados...
2026-09-06T15:37:00.112-03:00  INFO 12340 --- [ecommerce] [scheduling-1] c.d.e.service.SincronizacaoService       : Ciclo finalizado. Total de atualizações enviadas: 0
2026-09-06T15:38:00.000-03:00  INFO 12340 --- [ecommerce] [scheduling-1] c.d.e.s.SincronizacaoEstoqueService      : [ESTOQUE] Lendo VW_ECOMMERCE_ESTOQUE no banco de dados...
2026-09-06T15:38:00.076-03:00  INFO 12340 --- [ecommerce] [scheduling-1] c.d.e.s.SincronizacaoEstoqueService      : [ESTOQUE] Ciclo finalizado. Total de atualizações enviadas: 0
2026-09-06T15:38:00.077-03:00  INFO 12340 --- [ecommerce] [scheduling-1] c.d.e.service.SincronizacaoService       : Lendo VW_ECOMMERCE_PRECOS no banco de dados...
2026-09-06T15:38:00.119-03:00  INFO 12340 --- [ecommerce] [scheduling-1] c.d.e.service.SincronizacaoService       : Ciclo finalizado. Total de atualizações enviadas: 0
2026-09-06T15:39:00.000-03:00  INFO 12340 --- [ecommerce] [scheduling-1] c.d.e.service.SincronizacaoService       : Lendo VW_ECOMMERCE_PRECOS no banco de dados...
2026-09-06T15:39:00.063-03:00  INFO 12340 --- [ecommerce] [scheduling-1] c.d.e.service.SincronizacaoService       : Ciclo finalizado. Total de atualizações enviadas: 0
2026-09-06T15:39:00.064-03:00  INFO 12340 --- [ecommerce] [scheduling-1] c.d.e.s.SincronizacaoEstoqueService      : [ESTOQUE] Lendo VW_ECOMMERCE_ESTOQUE no banco de dados...
2026-09-06T15:39:00.097-03:00  INFO 12340 --- [ecommerce] [scheduling-1] c.d.e.s.SincronizacaoEstoqueService      : [ESTOQUE] Ciclo finalizado. Total de atualizações enviadas: 0
2026-09-06T15:40:00.000-03:00  INFO 12340 --- [ecommerce] [scheduling-1] c.d.e.service.SincronizacaoService       : Lendo VW_ECOMMERCE_PRECOS no banco de dados...
2026-09-06T15:40:00.105-03:00  INFO 12340 --- [ecommerce] [scheduling-1] c.d.e.service.SincronizacaoService       : Ciclo finalizado. Total de atualizações enviadas: 0
2026-09-06T15:40:00.105-03:00  INFO 12340 --- [ecommerce] [scheduling-1] c.d.e.s.SincronizacaoEstoqueService      : [ESTOQUE] Lendo VW_ECOMMERCE_ESTOQUE no banco de dados...
2026-09-06T15:40:00.131-03:00  INFO 12340 --- [ecommerce] [scheduling-1] c.d.e.s.SincronizacaoEstoqueService      : [ESTOQUE] Ciclo finalizado. Total de atualizações enviadas: 0
2026-09-06T15:41:00.000-03:00  INFO 12340 --- [ecommerce] [scheduling-1] c.d.e.service.SincronizacaoService       : Lendo VW_ECOMMERCE_PRECOS no banco de dados...
2026-09-06T15:41:00.055-03:00  INFO 12340 --- [ecommerce] [scheduling-1] c.d.e.service.SincronizacaoService       : Ciclo finalizado. Total de atualizações enviadas: 0
2026-09-06T15:41:00.055-03:00  INFO 12340 --- [ecommerce] [scheduling-1] c.d.e.s.SincronizacaoEstoqueService      : [ESTOQUE] Lendo VW_ECOMMERCE_ESTOQUE no banco de dados...
2026-09-06T15:41:00.091-03:00  INFO 12340 --- [ecommerce] [scheduling-1] c.d.e.s.SincronizacaoEstoqueService      : [ESTOQUE] Ciclo finalizado. Total de atualizações enviadas: 0
2026-09-06T15:42:00.000-03:00  INFO 12340 --- [ecommerce] [scheduling-1] c.d.e.s.SincronizacaoEstoqueService      : [ESTOQUE] Lendo VW_ECOMMERCE_ESTOQUE no banco de dados...
2026-09-06T15:42:00.061-03:00  INFO 12340 --- [ecommerce] [scheduling-1] c.d.e.s.SincronizacaoEstoqueService      : [ESTOQUE] Ciclo finalizado. Total de atualizações enviadas: 0
2026-09-06T15:42:00.061-03:00  INFO 12340 --- [ecommerce] [scheduling-1] c.d.e.service.SincronizacaoService       : Lendo VW_ECOMMERCE_PRECOS no banco de dados...
2026-09-06T15:42:00.188-03:00  INFO 12340 --- [ecommerce] [scheduling-1] c.d.e.service.SincronizacaoService       : Ciclo finalizado. Total de atualizações enviadas: 0
2026-09-06T15:43:00.001-03:00  INFO 12340 --- [ecommerce] [scheduling-1] c.d.e.service.SincronizacaoService       : Lendo VW_ECOMMERCE_PRECOS no banco de dados...
2026-09-06T15:43:00.053-03:00  INFO 12340 --- [ecommerce] [scheduling-1] c.d.e.service.SincronizacaoService       : Ciclo finalizado. Total de atualizações enviadas: 0
2026-09-06T15:43:00.054-03:00  INFO 12340 --- [ecommerce] [scheduling-1] c.d.e.s.SincronizacaoEstoqueService      : [ESTOQUE] Lendo VW_ECOMMERCE_ESTOQUE no banco de dados...
2026-09-06T15:43:00.077-03:00  INFO 12340 --- [ecommerce] [scheduling-1] c.d.e.s.SincronizacaoEstoqueService      : [ESTOQUE] Ciclo finalizado. Total de atualizações enviadas: 0
2026-09-06T15:44:00.000-03:00  INFO 12340 --- [ecommerce] [scheduling-1] c.d.e.service.SincronizacaoService       : Lendo VW_ECOMMERCE_PRECOS no banco de dados...
2026-09-06T15:44:00.090-03:00  INFO 12340 --- [ecommerce] [scheduling-1] c.d.e.service.SincronizacaoService       : Ciclo finalizado. Total de atualizações enviadas: 0
2026-09-06T15:44:00.090-03:00  INFO 12340 --- [ecommerce] [scheduling-1] c.d.e.s.SincronizacaoEstoqueService      : [ESTOQUE] Lendo VW_ECOMMERCE_ESTOQUE no banco de dados...
2026-09-06T15:44:00.111-03:00  INFO 12340 --- [ecommerce] [scheduling-1] c.d.e.s.SincronizacaoEstoqueService      : [ESTOQUE] Ciclo finalizado. Total de atualizações enviadas: 0
2026-09-06T15:45:00.000-03:00  INFO 12340 --- [ecommerce] [scheduling-1] c.d.e.s.SincronizacaoEstoqueService      : [ESTOQUE] Lendo VW_ECOMMERCE_ESTOQUE no banco de dados...
2026-09-06T15:45:00.045-03:00  INFO 12340 --- [ecommerce] [scheduling-1] c.d.e.s.SincronizacaoEstoqueService      : [ESTOQUE] Ciclo finalizado. Total de atualizações enviadas: 0
2026-09-06T15:45:00.045-03:00  INFO 12340 --- [ecommerce] [scheduling-1] c.d.e.service.SincronizacaoService       : Lendo VW_ECOMMERCE_PRECOS no banco de dados...
2026-09-06T15:45:00.118-03:00  INFO 12340 --- [ecommerce] [scheduling-1] c.d.e.service.SincronizacaoService       : Ciclo finalizado. Total de atualizações enviadas: 0
2026-09-06T15:46:00.000-03:00  INFO 12340 --- [ecommerce] [scheduling-1] c.d.e.s.SincronizacaoEstoqueService      : [ESTOQUE] Lendo VW_ECOMMERCE_ESTOQUE no banco de dados...
2026-09-06T15:46:00.070-03:00  INFO 12340 --- [ecommerce] [scheduling-1] c.d.e.s.SincronizacaoEstoqueService      : [ESTOQUE] Ciclo finalizado. Total de atualizações enviadas: 0
2026-09-06T15:46:00.070-03:00  INFO 12340 --- [ecommerce] [scheduling-1] c.d.e.service.SincronizacaoService       : Lendo VW_ECOMMERCE_PRECOS no banco de dados...
2026-09-06T15:46:00.122-03:00  INFO 12340 --- [ecommerce] [scheduling-1] c.d.e.service.SincronizacaoService       : Ciclo finalizado. Total de atualizações enviadas: 0
2026-09-06T15:47:00.000-03:00  INFO 12340 --- [ecommerce] [scheduling-1] c.d.e.s.SincronizacaoEstoqueService      : [ESTOQUE] Lendo VW_ECOMMERCE_ESTOQUE no banco de dados...
2026-09-06T15:47:00.026-03:00  INFO 12340 --- [ecommerce] [scheduling-1] c.d.e.s.SincronizacaoEstoqueService      : [ESTOQUE] Ciclo finalizado. Total de atualizações enviadas: 0
2026-09-06T15:47:00.026-03:00  INFO 12340 --- [ecommerce] [scheduling-1] c.d.e.service.SincronizacaoService       : Lendo VW_ECOMMERCE_PRECOS no banco de dados...
2026-09-06T15:47:00.073-03:00  INFO 12340 --- [ecommerce] [scheduling-1] c.d.e.service.SincronizacaoService       : Ciclo finalizado. Total de atualizações enviadas: 0
2026-09-06T15:48:00.000-03:00  INFO 12340 --- [ecommerce] [scheduling-1] c.d.e.service.SincronizacaoService       : Lendo VW_ECOMMERCE_PRECOS no banco de dados...
2026-09-06T15:48:00.061-03:00  INFO 12340 --- [ecommerce] [scheduling-1] c.d.e.service.SincronizacaoService       : Ciclo finalizado. Total de atualizações enviadas: 0
2026-09-06T15:48:00.061-03:00  INFO 12340 --- [ecommerce] [scheduling-1] c.d.e.s.SincronizacaoEstoqueService      : [ESTOQUE] Lendo VW_ECOMMERCE_ESTOQUE no banco de dados...
2026-09-06T15:48:00.095-03:00  INFO 12340 --- [ecommerce] [scheduling-1] c.d.e.s.SincronizacaoEstoqueService      : [ESTOQUE] Ciclo finalizado. Total de atualizações enviadas: 0
2026-09-06T15:49:00.000-03:00  INFO 12340 --- [ecommerce] [scheduling-1] c.d.e.s.SincronizacaoEstoqueService      : [ESTOQUE] Lendo VW_ECOMMERCE_ESTOQUE no banco de dados...
2026-09-06T15:49:00.079-03:00  INFO 12340 --- [ecommerce] [scheduling-1] c.d.e.s.SincronizacaoEstoqueService      : [ESTOQUE] Ciclo finalizado. Total de atualizações enviadas: 0
2026-09-06T15:49:00.079-03:00  INFO 12340 --- [ecommerce] [scheduling-1] c.d.e.service.SincronizacaoService       : Lendo VW_ECOMMERCE_PRECOS no banco de dados...
2026-09-06T15:49:00.124-03:00  INFO 12340 --- [ecommerce] [scheduling-1] c.d.e.service.SincronizacaoService       : Ciclo finalizado. Total de atualizações enviadas: 0
2026-09-06T15:50:00.001-03:00  INFO 12340 --- [ecommerce] [scheduling-1] c.d.e.s.SincronizacaoEstoqueService      : [ESTOQUE] Lendo VW_ECOMMERCE_ESTOQUE no banco de dados...
2026-09-06T15:50:00.055-03:00  INFO 12340 --- [ecommerce] [scheduling-1] c.d.e.s.SincronizacaoEstoqueService      : [ESTOQUE] Ciclo finalizado. Total de atualizações enviadas: 0
2026-09-06T15:50:00.056-03:00  INFO 12340 --- [ecommerce] [scheduling-1] c.d.e.service.SincronizacaoService       : Lendo VW_ECOMMERCE_PRECOS no banco de dados...
2026-09-06T15:50:00.115-03:00  INFO 12340 --- [ecommerce] [scheduling-1] c.d.e.service.SincronizacaoService       : Ciclo finalizado. Total de atualizações enviadas: 0
2026-09-06T15:51:00.000-03:00  INFO 12340 --- [ecommerce] [scheduling-1] c.d.e.s.SincronizacaoEstoqueService      : [ESTOQUE] Lendo VW_ECOMMERCE_ESTOQUE no banco de dados...
2026-09-06T15:51:00.086-03:00  INFO 12340 --- [ecommerce] [scheduling-1] c.d.e.s.SincronizacaoEstoqueService      : [ESTOQUE] Ciclo finalizado. Total de atualizações enviadas: 0
2026-09-06T15:51:00.087-03:00  INFO 12340 --- [ecommerce] [scheduling-1] c.d.e.service.SincronizacaoService       : Lendo VW_ECOMMERCE_PRECOS no banco de dados...
2026-09-06T15:51:00.132-03:00  INFO 12340 --- [ecommerce] [scheduling-1] c.d.e.service.SincronizacaoService       : Ciclo finalizado. Total de atualizações enviadas: 0
2026-09-06T15:52:00.000-03:00  INFO 12340 --- [ecommerce] [scheduling-1] c.d.e.service.SincronizacaoService       : Lendo VW_ECOMMERCE_PRECOS no banco de dados...
2026-09-06T15:52:00.091-03:00  INFO 12340 --- [ecommerce] [scheduling-1] c.d.e.service.SincronizacaoService       : Ciclo finalizado. Total de atualizações enviadas: 0
2026-09-06T15:52:00.091-03:00  INFO 12340 --- [ecommerce] [scheduling-1] c.d.e.s.SincronizacaoEstoqueService      : [ESTOQUE] Lendo VW_ECOMMERCE_ESTOQUE no banco de dados...
2026-09-06T15:52:00.120-03:00  INFO 12340 --- [ecommerce] [scheduling-1] c.d.e.s.SincronizacaoEstoqueService      : [ESTOQUE] Ciclo finalizado. Total de atualizações enviadas: 0
2026-09-06T15:53:00.000-03:00  INFO 12340 --- [ecommerce] [scheduling-1] c.d.e.service.SincronizacaoService       : Lendo VW_ECOMMERCE_PRECOS no banco de dados...
2026-09-06T15:53:00.056-03:00  INFO 12340 --- [ecommerce] [scheduling-1] c.d.e.service.SincronizacaoService       : Ciclo finalizado. Total de atualizações enviadas: 0
2026-09-06T15:53:00.056-03:00  INFO 12340 --- [ecommerce] [scheduling-1] c.d.e.s.SincronizacaoEstoqueService      : [ESTOQUE] Lendo VW_ECOMMERCE_ESTOQUE no banco de dados...
2026-09-06T15:53:00.090-03:00  INFO 12340 --- [ecommerce] [scheduling-1] c.d.e.s.SincronizacaoEstoqueService      : [ESTOQUE] Ciclo finalizado. Total de atualizações enviadas: 0
2026-09-06T15:54:00.000-03:00  INFO 12340 --- [ecommerce] [scheduling-1] c.d.e.service.SincronizacaoService       : Lendo VW_ECOMMERCE_PRECOS no banco de dados...
2026-09-06T15:54:00.053-03:00  INFO 12340 --- [ecommerce] [scheduling-1] c.d.e.service.SincronizacaoService       : Ciclo finalizado. Total de atualizações enviadas: 0
2026-09-06T15:54:00.053-03:00  INFO 12340 --- [ecommerce] [scheduling-1] c.d.e.s.SincronizacaoEstoqueService      : [ESTOQUE] Lendo VW_ECOMMERCE_ESTOQUE no banco de dados...
2026-09-06T15:54:00.086-03:00  INFO 12340 --- [ecommerce] [scheduling-1] c.d.e.s.SincronizacaoEstoqueService      : [ESTOQUE] Ciclo finalizado. Total de atualizações enviadas: 0
2026-09-06T15:55:00.000-03:00  INFO 12340 --- [ecommerce] [scheduling-1] c.d.e.s.SincronizacaoEstoqueService      : [ESTOQUE] Lendo VW_ECOMMERCE_ESTOQUE no banco de dados...
2026-09-06T15:55:00.063-03:00  INFO 12340 --- [ecommerce] [scheduling-1] c.d.e.s.SincronizacaoEstoqueService      : [ESTOQUE] Ciclo finalizado. Total de atualizações enviadas: 0
2026-09-06T15:55:00.063-03:00  INFO 12340 --- [ecommerce] [scheduling-1] c.d.e.service.SincronizacaoService       : Lendo VW_ECOMMERCE_PRECOS no banco de dados...
2026-09-06T15:55:00.110-03:00  INFO 12340 --- [ecommerce] [scheduling-1] c.d.e.service.SincronizacaoService       : Ciclo finalizado. Total de atualizações enviadas: 0
2026-09-06T15:55:59.999-03:00  INFO 12340 --- [ecommerce] [scheduling-1] c.d.e.service.SincronizacaoService       : Lendo VW_ECOMMERCE_PRECOS no banco de dados...
2026-09-06T15:56:00.166-03:00  INFO 12340 --- [ecommerce] [scheduling-1] c.d.e.service.SincronizacaoService       : Ciclo finalizado. Total de atualizações enviadas: 0
2026-09-06T15:56:00.167-03:00  INFO 12340 --- [ecommerce] [scheduling-1] c.d.e.s.SincronizacaoEstoqueService      : [ESTOQUE] Lendo VW_ECOMMERCE_ESTOQUE no banco de dados...
2026-09-06T15:56:00.195-03:00  INFO 12340 --- [ecommerce] [scheduling-1] c.d.e.s.SincronizacaoEstoqueService      : [ESTOQUE] Ciclo finalizado. Total de atualizações enviadas: 0
2026-09-06T15:57:00.001-03:00  INFO 12340 --- [ecommerce] [scheduling-1] c.d.e.s.SincronizacaoEstoqueService      : [ESTOQUE] Lendo VW_ECOMMERCE_ESTOQUE no banco de dados...
2026-09-06T15:57:00.053-03:00  INFO 12340 --- [ecommerce] [scheduling-1] c.d.e.s.SincronizacaoEstoqueService      : [ESTOQUE] Ciclo finalizado. Total de atualizações enviadas: 0
2026-09-06T15:57:00.053-03:00  INFO 12340 --- [ecommerce] [scheduling-1] c.d.e.service.SincronizacaoService       : Lendo VW_ECOMMERCE_PRECOS no banco de dados...
2026-09-06T15:57:00.102-03:00  INFO 12340 --- [ecommerce] [scheduling-1] c.d.e.service.SincronizacaoService       : Ciclo finalizado. Total de atualizações enviadas: 0
2026-09-06T15:58:00.001-03:00  INFO 12340 --- [ecommerce] [scheduling-1] c.d.e.s.SincronizacaoEstoqueService      : [ESTOQUE] Lendo VW_ECOMMERCE_ESTOQUE no banco de dados...
2026-09-06T15:58:00.072-03:00  INFO 12340 --- [ecommerce] [scheduling-1] c.d.e.s.SincronizacaoEstoqueService      : [ESTOQUE] Ciclo finalizado. Total de atualizações enviadas: 0
2026-09-06T15:58:00.074-03:00  INFO 12340 --- [ecommerce] [scheduling-1] c.d.e.service.SincronizacaoService       : Lendo VW_ECOMMERCE_PRECOS no banco de dados...
2026-09-06T15:58:00.119-03:00  INFO 12340 --- [ecommerce] [scheduling-1] c.d.e.service.SincronizacaoService       : Ciclo finalizado. Total de atualizações enviadas: 0
2026-09-06T15:59:00.000-03:00  INFO 12340 --- [ecommerce] [scheduling-1] c.d.e.s.SincronizacaoEstoqueService      : [ESTOQUE] Lendo VW_ECOMMERCE_ESTOQUE no banco de dados...
2026-09-06T15:59:00.066-03:00  INFO 12340 --- [ecommerce] [scheduling-1] c.d.e.s.SincronizacaoEstoqueService      : [ESTOQUE] Ciclo finalizado. Total de atualizações enviadas: 0
2026-09-06T15:59:00.066-03:00  INFO 12340 --- [ecommerce] [scheduling-1] c.d.e.service.SincronizacaoService       : Lendo VW_ECOMMERCE_PRECOS no banco de dados...
2026-09-06T15:59:00.180-03:00  INFO 12340 --- [ecommerce] [scheduling-1] c.d.e.service.SincronizacaoService       : Ciclo finalizado. Total de atualizações enviadas: 0
2026-09-06T16:00:00.000-03:00  INFO 12340 --- [ecommerce] [scheduling-1] c.d.e.s.SincronizacaoEstoqueService      : [ESTOQUE] Lendo VW_ECOMMERCE_ESTOQUE no banco de dados...
2026-09-06T16:00:00.051-03:00  INFO 12340 --- [ecommerce] [scheduling-1] c.d.e.s.SincronizacaoEstoqueService      : [ESTOQUE] Ciclo finalizado. Total de atualizações enviadas: 0
2026-09-06T16:00:00.051-03:00  INFO 12340 --- [ecommerce] [scheduling-1] c.d.e.service.SincronizacaoService       : Lendo VW_ECOMMERCE_PRECOS no banco de dados...
2026-09-06T16:00:00.097-03:00  INFO 12340 --- [ecommerce] [scheduling-1] c.d.e.service.SincronizacaoService       : Ciclo finalizado. Total de atualizações enviadas: 0
2026-09-06T16:00:59.999-03:00  INFO 12340 --- [ecommerce] [scheduling-1] c.d.e.service.SincronizacaoService       : Lendo VW_ECOMMERCE_PRECOS no banco de dados...
2026-09-06T16:01:00.094-03:00  INFO 12340 --- [ecommerce] [scheduling-1] c.d.e.service.SincronizacaoService       : Ciclo finalizado. Total de atualizações enviadas: 0
2026-09-06T16:01:00.094-03:00  INFO 12340 --- [ecommerce] [scheduling-1] c.d.e.s.SincronizacaoEstoqueService      : [ESTOQUE] Lendo VW_ECOMMERCE_ESTOQUE no banco de dados...
2026-09-06T16:01:00.126-03:00  INFO 12340 --- [ecommerce] [scheduling-1] c.d.e.s.SincronizacaoEstoqueService      : [ESTOQUE] Ciclo finalizado. Total de atualizações enviadas: 0
2026-09-06T16:02:00.000-03:00  INFO 12340 --- [ecommerce] [scheduling-1] c.d.e.s.SincronizacaoEstoqueService      : [ESTOQUE] Lendo VW_ECOMMERCE_ESTOQUE no banco de dados...
2026-09-06T16:02:00.058-03:00  INFO 12340 --- [ecommerce] [scheduling-1] c.d.e.s.SincronizacaoEstoqueService      : [ESTOQUE] Ciclo finalizado. Total de atualizações enviadas: 0
2026-09-06T16:02:00.059-03:00  INFO 12340 --- [ecommerce] [scheduling-1] c.d.e.service.SincronizacaoService       : Lendo VW_ECOMMERCE_PRECOS no banco de dados...
2026-09-06T16:02:00.147-03:00  INFO 12340 --- [ecommerce] [scheduling-1] c.d.e.service.SincronizacaoService       : Ciclo finalizado. Total de atualizações enviadas: 0
2026-09-06T16:03:00.001-03:00  INFO 12340 --- [ecommerce] [scheduling-1] c.d.e.s.SincronizacaoEstoqueService      : [ESTOQUE] Lendo VW_ECOMMERCE_ESTOQUE no banco de dados...
2026-09-06T16:03:00.081-03:00  INFO 12340 --- [ecommerce] [scheduling-1] c.d.e.s.SincronizacaoEstoqueService      : [ESTOQUE] Ciclo finalizado. Total de atualizações enviadas: 0
2026-09-06T16:03:00.081-03:00  INFO 12340 --- [ecommerce] [scheduling-1] c.d.e.service.SincronizacaoService       : Lendo VW_ECOMMERCE_PRECOS no banco de dados...
2026-09-06T16:03:00.207-03:00  INFO 12340 --- [ecommerce] [scheduling-1] c.d.e.service.SincronizacaoService       : Ciclo finalizado. Total de atualizações enviadas: 0
2026-09-06T16:04:00.001-03:00  INFO 12340 --- [ecommerce] [scheduling-1] c.d.e.s.SincronizacaoEstoqueService      : [ESTOQUE] Lendo VW_ECOMMERCE_ESTOQUE no banco de dados...
2026-09-06T16:04:00.032-03:00  INFO 12340 --- [ecommerce] [scheduling-1] c.d.e.s.SincronizacaoEstoqueService      : [ESTOQUE] Ciclo finalizado. Total de atualizações enviadas: 0
2026-09-06T16:04:00.032-03:00  INFO 12340 --- [ecommerce] [scheduling-1] c.d.e.service.SincronizacaoService       : Lendo VW_ECOMMERCE_PRECOS no banco de dados...
2026-09-06T16:04:00.079-03:00  INFO 12340 --- [ecommerce] [scheduling-1] c.d.e.service.SincronizacaoService       : Ciclo finalizado. Total de atualizações enviadas: 0
2026-09-06T16:05:00.001-03:00  INFO 12340 --- [ecommerce] [scheduling-1] c.d.e.s.SincronizacaoEstoqueService      : [ESTOQUE] Lendo VW_ECOMMERCE_ESTOQUE no banco de dados...
2026-09-06T16:05:00.087-03:00  INFO 12340 --- [ecommerce] [scheduling-1] c.d.e.s.SincronizacaoEstoqueService      : [ESTOQUE] Ciclo finalizado. Total de atualizações enviadas: 0
2026-09-06T16:05:00.088-03:00  INFO 12340 --- [ecommerce] [scheduling-1] c.d.e.service.SincronizacaoService       : Lendo VW_ECOMMERCE_PRECOS no banco de dados...
2026-09-06T16:05:00.476-03:00  INFO 12340 --- [ecommerce] [scheduling-1] c.d.e.service.SincronizacaoService       : Ciclo finalizado. Total de atualizações enviadas: 0
2026-09-06T16:06:00.000-03:00  INFO 12340 --- [ecommerce] [scheduling-1] c.d.e.s.SincronizacaoEstoqueService      : [ESTOQUE] Lendo VW_ECOMMERCE_ESTOQUE no banco de dados...
2026-09-06T16:06:00.094-03:00  INFO 12340 --- [ecommerce] [scheduling-1] c.d.e.s.SincronizacaoEstoqueService      : [ESTOQUE] Ciclo finalizado. Total de atualizações enviadas: 0
2026-09-06T16:06:00.094-03:00  INFO 12340 --- [ecommerce] [scheduling-1] c.d.e.service.SincronizacaoService       : Lendo VW_ECOMMERCE_PRECOS no banco de dados...
2026-09-06T16:06:00.155-03:00  INFO 12340 --- [ecommerce] [scheduling-1] c.d.e.service.SincronizacaoService       : Ciclo finalizado. Total de atualizações enviadas: 0
2026-09-06T16:07:00.001-03:00  INFO 12340 --- [ecommerce] [scheduling-1] c.d.e.s.SincronizacaoEstoqueService      : [ESTOQUE] Lendo VW_ECOMMERCE_ESTOQUE no banco de dados...
2026-09-06T16:07:00.103-03:00  INFO 12340 --- [ecommerce] [scheduling-1] c.d.e.s.SincronizacaoEstoqueService      : [ESTOQUE] Ciclo finalizado. Total de atualizações enviadas: 0
2026-09-06T16:07:00.104-03:00  INFO 12340 --- [ecommerce] [scheduling-1] c.d.e.service.SincronizacaoService       : Lendo VW_ECOMMERCE_PRECOS no banco de dados...
2026-09-06T16:07:00.161-03:00  INFO 12340 --- [ecommerce] [scheduling-1] c.d.e.service.SincronizacaoService       : Ciclo finalizado. Total de atualizações enviadas: 0
2026-09-06T16:07:59.999-03:00  INFO 12340 --- [ecommerce] [scheduling-1] c.d.e.s.SincronizacaoEstoqueService      : [ESTOQUE] Lendo VW_ECOMMERCE_ESTOQUE no banco de dados...
2026-09-06T16:08:00.089-03:00  INFO 12340 --- [ecommerce] [scheduling-1] c.d.e.s.SincronizacaoEstoqueService      : [ESTOQUE] Ciclo finalizado. Total de atualizações enviadas: 0
2026-09-06T16:08:00.089-03:00  INFO 12340 --- [ecommerce] [scheduling-1] c.d.e.service.SincronizacaoService       : Lendo VW_ECOMMERCE_PRECOS no banco de dados...
2026-09-06T16:08:00.138-03:00  INFO 12340 --- [ecommerce] [scheduling-1] c.d.e.service.SincronizacaoService       : Ciclo finalizado. Total de atualizações enviadas: 0
2026-09-06T16:09:00.000-03:00  INFO 12340 --- [ecommerce] [scheduling-1] c.d.e.service.SincronizacaoService       : Lendo VW_ECOMMERCE_PRECOS no banco de dados...
2026-09-06T16:09:00.093-03:00  INFO 12340 --- [ecommerce] [scheduling-1] c.d.e.service.SincronizacaoService       : Ciclo finalizado. Total de atualizações enviadas: 0
2026-09-06T16:09:00.093-03:00  INFO 12340 --- [ecommerce] [scheduling-1] c.d.e.s.SincronizacaoEstoqueService      : [ESTOQUE] Lendo VW_ECOMMERCE_ESTOQUE no banco de dados...
2026-09-06T16:09:00.125-03:00  INFO 12340 --- [ecommerce] [scheduling-1] c.d.e.s.SincronizacaoEstoqueService      : [ESTOQUE] Ciclo finalizado. Total de atualizações enviadas: 0
2026-09-06T16:10:00.000-03:00  INFO 12340 --- [ecommerce] [scheduling-1] c.d.e.service.SincronizacaoService       : Lendo VW_ECOMMERCE_PRECOS no banco de dados...
2026-09-06T16:10:00.058-03:00  INFO 12340 --- [ecommerce] [scheduling-1] c.d.e.service.SincronizacaoService       : Ciclo finalizado. Total de atualizações enviadas: 0
2026-09-06T16:10:00.059-03:00  INFO 12340 --- [ecommerce] [scheduling-1] c.d.e.s.SincronizacaoEstoqueService      : [ESTOQUE] Lendo VW_ECOMMERCE_ESTOQUE no banco de dados...
2026-09-06T16:10:00.091-03:00  INFO 12340 --- [ecommerce] [scheduling-1] c.d.e.s.SincronizacaoEstoqueService      : [ESTOQUE] Ciclo finalizado. Total de atualizações enviadas: 0
2026-09-06T16:10:59.999-03:00  INFO 12340 --- [ecommerce] [scheduling-1] c.d.e.service.SincronizacaoService       : Lendo VW_ECOMMERCE_PRECOS no banco de dados...
2026-09-06T16:11:00.081-03:00  INFO 12340 --- [ecommerce] [scheduling-1] c.d.e.service.SincronizacaoService       : Ciclo finalizado. Total de atualizações enviadas: 0
2026-09-06T16:11:00.081-03:00  INFO 12340 --- [ecommerce] [scheduling-1] c.d.e.s.SincronizacaoEstoqueService      : [ESTOQUE] Lendo VW_ECOMMERCE_ESTOQUE no banco de dados...
2026-09-06T16:11:00.108-03:00  INFO 12340 --- [ecommerce] [scheduling-1] c.d.e.s.SincronizacaoEstoqueService      : [ESTOQUE] Ciclo finalizado. Total de atualizações enviadas: 0
2026-09-06T16:11:59.999-03:00  INFO 12340 --- [ecommerce] [scheduling-1] c.d.e.s.SincronizacaoEstoqueService      : [ESTOQUE] Lendo VW_ECOMMERCE_ESTOQUE no banco de dados...
2026-09-06T16:12:00.069-03:00  INFO 12340 --- [ecommerce] [scheduling-1] c.d.e.s.SincronizacaoEstoqueService      : [ESTOQUE] Ciclo finalizado. Total de atualizações enviadas: 0
2026-09-06T16:12:00.069-03:00  INFO 12340 --- [ecommerce] [scheduling-1] c.d.e.service.SincronizacaoService       : Lendo VW_ECOMMERCE_PRECOS no banco de dados...
2026-09-06T16:12:00.119-03:00  INFO 12340 --- [ecommerce] [scheduling-1] c.d.e.service.SincronizacaoService       : Ciclo finalizado. Total de atualizações enviadas: 0
2026-09-06T16:13:00.000-03:00  INFO 12340 --- [ecommerce] [scheduling-1] c.d.e.service.SincronizacaoService       : Lendo VW_ECOMMERCE_PRECOS no banco de dados...
2026-09-06T16:13:00.254-03:00  INFO 12340 --- [ecommerce] [scheduling-1] c.d.e.service.SincronizacaoService       : Ciclo finalizado. Total de atualizações enviadas: 0
2026-09-06T16:13:00.254-03:00  INFO 12340 --- [ecommerce] [scheduling-1] c.d.e.s.SincronizacaoEstoqueService      : [ESTOQUE] Lendo VW_ECOMMERCE_ESTOQUE no banco de dados...
2026-09-06T16:13:00.299-03:00  INFO 12340 --- [ecommerce] [scheduling-1] c.d.e.s.SincronizacaoEstoqueService      : [ESTOQUE] Ciclo finalizado. Total de atualizações enviadas: 0
2026-09-06T16:14:00.001-03:00  INFO 12340 --- [ecommerce] [scheduling-1] c.d.e.service.SincronizacaoService       : Lendo VW_ECOMMERCE_PRECOS no banco de dados...
2026-09-06T16:14:00.089-03:00  INFO 12340 --- [ecommerce] [scheduling-1] c.d.e.service.SincronizacaoService       : Ciclo finalizado. Total de atualizações enviadas: 0
2026-09-06T16:14:00.089-03:00  INFO 12340 --- [ecommerce] [scheduling-1] c.d.e.s.SincronizacaoEstoqueService      : [ESTOQUE] Lendo VW_ECOMMERCE_ESTOQUE no banco de dados...
2026-09-06T16:14:00.121-03:00  INFO 12340 --- [ecommerce] [scheduling-1] c.d.e.s.SincronizacaoEstoqueService      : [ESTOQUE] Ciclo finalizado. Total de atualizações enviadas: 0
2026-09-06T16:15:00.000-03:00  INFO 12340 --- [ecommerce] [scheduling-1] c.d.e.s.SincronizacaoEstoqueService      : [ESTOQUE] Lendo VW_ECOMMERCE_ESTOQUE no banco de dados...
2026-09-06T16:15:00.061-03:00  INFO 12340 --- [ecommerce] [scheduling-1] c.d.e.s.SincronizacaoEstoqueService      : [ESTOQUE] Ciclo finalizado. Total de atualizações enviadas: 0
2026-09-06T16:15:00.061-03:00  INFO 12340 --- [ecommerce] [scheduling-1] c.d.e.service.SincronizacaoService       : Lendo VW_ECOMMERCE_PRECOS no banco de dados...
2026-09-06T16:15:00.109-03:00  INFO 12340 --- [ecommerce] [scheduling-1] c.d.e.service.SincronizacaoService       : Ciclo finalizado. Total de atualizações enviadas: 0
2026-09-06T16:16:00.000-03:00  INFO 12340 --- [ecommerce] [scheduling-1] c.d.e.s.SincronizacaoEstoqueService      : [ESTOQUE] Lendo VW_ECOMMERCE_ESTOQUE no banco de dados...
2026-09-06T16:16:00.084-03:00  INFO 12340 --- [ecommerce] [scheduling-1] c.d.e.s.SincronizacaoEstoqueService      : [ESTOQUE] Ciclo finalizado. Total de atualizações enviadas: 0
2026-09-06T16:16:00.085-03:00  INFO 12340 --- [ecommerce] [scheduling-1] c.d.e.service.SincronizacaoService       : Lendo VW_ECOMMERCE_PRECOS no banco de dados...
2026-09-06T16:16:00.134-03:00  INFO 12340 --- [ecommerce] [scheduling-1] c.d.e.service.SincronizacaoService       : Ciclo finalizado. Total de atualizações enviadas: 0
2026-09-06T16:17:00.001-03:00  INFO 12340 --- [ecommerce] [scheduling-1] c.d.e.s.SincronizacaoEstoqueService      : [ESTOQUE] Lendo VW_ECOMMERCE_ESTOQUE no banco de dados...
2026-09-06T16:17:00.090-03:00  INFO 12340 --- [ecommerce] [scheduling-1] c.d.e.s.SincronizacaoEstoqueService      : [ESTOQUE] Ciclo finalizado. Total de atualizações enviadas: 0
2026-09-06T16:17:00.091-03:00  INFO 12340 --- [ecommerce] [scheduling-1] c.d.e.service.SincronizacaoService       : Lendo VW_ECOMMERCE_PRECOS no banco de dados...
2026-09-06T16:17:00.141-03:00  INFO 12340 --- [ecommerce] [scheduling-1] c.d.e.service.SincronizacaoService       : Ciclo finalizado. Total de atualizações enviadas: 0
2026-09-06T16:18:00.000-03:00  INFO 12340 --- [ecommerce] [scheduling-1] c.d.e.s.SincronizacaoEstoqueService      : [ESTOQUE] Lendo VW_ECOMMERCE_ESTOQUE no banco de dados...
2026-09-06T16:18:00.064-03:00  INFO 12340 --- [ecommerce] [scheduling-1] c.d.e.s.SincronizacaoEstoqueService      : [ESTOQUE] Ciclo finalizado. Total de atualizações enviadas: 0
2026-09-06T16:18:00.064-03:00  INFO 12340 --- [ecommerce] [scheduling-1] c.d.e.service.SincronizacaoService       : Lendo VW_ECOMMERCE_PRECOS no banco de dados...
2026-09-06T16:18:00.145-03:00  INFO 12340 --- [ecommerce] [scheduling-1] c.d.e.service.SincronizacaoService       : Ciclo finalizado. Total de atualizações enviadas: 0
2026-09-06T16:18:59.999-03:00  INFO 12340 --- [ecommerce] [scheduling-1] c.d.e.s.SincronizacaoEstoqueService      : [ESTOQUE] Lendo VW_ECOMMERCE_ESTOQUE no banco de dados...
2026-09-06T16:19:00.075-03:00  INFO 12340 --- [ecommerce] [scheduling-1] c.d.e.s.SincronizacaoEstoqueService      : [ESTOQUE] Ciclo finalizado. Total de atualizações enviadas: 0
2026-09-06T16:19:00.076-03:00  INFO 12340 --- [ecommerce] [scheduling-1] c.d.e.service.SincronizacaoService       : Lendo VW_ECOMMERCE_PRECOS no banco de dados...
2026-09-06T16:19:00.129-03:00  INFO 12340 --- [ecommerce] [scheduling-1] c.d.e.service.SincronizacaoService       : Ciclo finalizado. Total de atualizações enviadas: 0
2026-09-06T16:20:00.001-03:00  INFO 12340 --- [ecommerce] [scheduling-1] c.d.e.service.SincronizacaoService       : Lendo VW_ECOMMERCE_PRECOS no banco de dados...
2026-09-06T16:20:00.067-03:00  INFO 12340 --- [ecommerce] [scheduling-1] c.d.e.service.SincronizacaoService       : Ciclo finalizado. Total de atualizações enviadas: 0
2026-09-06T16:20:00.067-03:00  INFO 12340 --- [ecommerce] [scheduling-1] c.d.e.s.SincronizacaoEstoqueService      : [ESTOQUE] Lendo VW_ECOMMERCE_ESTOQUE no banco de dados...
2026-09-06T16:20:00.100-03:00  INFO 12340 --- [ecommerce] [scheduling-1] c.d.e.s.SincronizacaoEstoqueService      : [ESTOQUE] Ciclo finalizado. Total de atualizações enviadas: 0
2026-09-06T16:21:00.000-03:00  INFO 12340 --- [ecommerce] [scheduling-1] c.d.e.s.SincronizacaoEstoqueService      : [ESTOQUE] Lendo VW_ECOMMERCE_ESTOQUE no banco de dados...
2026-09-06T16:21:00.071-03:00  INFO 12340 --- [ecommerce] [scheduling-1] c.d.e.s.SincronizacaoEstoqueService      : [ESTOQUE] Ciclo finalizado. Total de atualizações enviadas: 0
2026-09-06T16:21:00.071-03:00  INFO 12340 --- [ecommerce] [scheduling-1] c.d.e.service.SincronizacaoService       : Lendo VW_ECOMMERCE_PRECOS no banco de dados...
2026-09-06T16:21:00.119-03:00  INFO 12340 --- [ecommerce] [scheduling-1] c.d.e.service.SincronizacaoService       : Ciclo finalizado. Total de atualizações enviadas: 0
2026-09-06T16:22:00.001-03:00  INFO 12340 --- [ecommerce] [scheduling-1] c.d.e.s.SincronizacaoEstoqueService      : [ESTOQUE] Lendo VW_ECOMMERCE_ESTOQUE no banco de dados...
2026-09-06T16:22:00.086-03:00  INFO 12340 --- [ecommerce] [scheduling-1] c.d.e.s.SincronizacaoEstoqueService      : [ESTOQUE] Ciclo finalizado. Total de atualizações enviadas: 0
2026-09-06T16:22:00.087-03:00  INFO 12340 --- [ecommerce] [scheduling-1] c.d.e.service.SincronizacaoService       : Lendo VW_ECOMMERCE_PRECOS no banco de dados...
2026-09-06T16:22:00.446-03:00  INFO 12340 --- [ecommerce] [scheduling-1] c.d.e.service.SincronizacaoService       : Ciclo finalizado. Total de atualizações enviadas: 0
2026-09-06T16:23:00.000-03:00  INFO 12340 --- [ecommerce] [scheduling-1] c.d.e.s.SincronizacaoEstoqueService      : [ESTOQUE] Lendo VW_ECOMMERCE_ESTOQUE no banco de dados...
2026-09-06T16:23:00.042-03:00  INFO 12340 --- [ecommerce] [scheduling-1] c.d.e.s.SincronizacaoEstoqueService      : [ESTOQUE] Ciclo finalizado. Total de atualizações enviadas: 0
2026-09-06T16:23:00.042-03:00  INFO 12340 --- [ecommerce] [scheduling-1] c.d.e.service.SincronizacaoService       : Lendo VW_ECOMMERCE_PRECOS no banco de dados...
2026-09-06T16:23:00.086-03:00  INFO 12340 --- [ecommerce] [scheduling-1] c.d.e.service.SincronizacaoService       : Ciclo finalizado. Total de atualizações enviadas: 0
2026-09-06T16:24:00.000-03:00  INFO 12340 --- [ecommerce] [scheduling-1] c.d.e.service.SincronizacaoService       : Lendo VW_ECOMMERCE_PRECOS no banco de dados...
2026-09-06T16:24:00.102-03:00  INFO 12340 --- [ecommerce] [scheduling-1] c.d.e.service.SincronizacaoService       : Ciclo finalizado. Total de atualizações enviadas: 0
2026-09-06T16:24:00.102-03:00  INFO 12340 --- [ecommerce] [scheduling-1] c.d.e.s.SincronizacaoEstoqueService      : [ESTOQUE] Lendo VW_ECOMMERCE_ESTOQUE no banco de dados...
2026-09-06T16:24:00.127-03:00  INFO 12340 --- [ecommerce] [scheduling-1] c.d.e.s.SincronizacaoEstoqueService      : [ESTOQUE] Ciclo finalizado. Total de atualizações enviadas: 0
2026-09-06T16:24:59.999-03:00  INFO 12340 --- [ecommerce] [scheduling-1] c.d.e.s.SincronizacaoEstoqueService      : [ESTOQUE] Lendo VW_ECOMMERCE_ESTOQUE no banco de dados...
2026-09-06T16:25:00.059-03:00  INFO 12340 --- [ecommerce] [scheduling-1] c.d.e.s.SincronizacaoEstoqueService      : [ESTOQUE] Ciclo finalizado. Total de atualizações enviadas: 0
2026-09-06T16:25:00.059-03:00  INFO 12340 --- [ecommerce] [scheduling-1] c.d.e.service.SincronizacaoService       : Lendo VW_ECOMMERCE_PRECOS no banco de dados...
2026-09-06T16:25:00.133-03:00  INFO 12340 --- [ecommerce] [scheduling-1] c.d.e.service.SincronizacaoService       : Ciclo finalizado. Total de atualizações enviadas: 0
2026-09-06T16:26:00.000-03:00  INFO 12340 --- [ecommerce] [scheduling-1] c.d.e.s.SincronizacaoEstoqueService      : [ESTOQUE] Lendo VW_ECOMMERCE_ESTOQUE no banco de dados...
2026-09-06T16:26:00.050-03:00  INFO 12340 --- [ecommerce] [scheduling-1] c.d.e.s.SincronizacaoEstoqueService      : [ESTOQUE] Ciclo finalizado. Total de atualizações enviadas: 0
2026-09-06T16:26:00.050-03:00  INFO 12340 --- [ecommerce] [scheduling-1] c.d.e.service.SincronizacaoService       : Lendo VW_ECOMMERCE_PRECOS no banco de dados...
2026-09-06T16:26:00.098-03:00  INFO 12340 --- [ecommerce] [scheduling-1] c.d.e.service.SincronizacaoService       : Ciclo finalizado. Total de atualizações enviadas: 0
2026-09-06T16:27:00.000-03:00  INFO 12340 --- [ecommerce] [scheduling-1] c.d.e.service.SincronizacaoService       : Lendo VW_ECOMMERCE_PRECOS no banco de dados...
2026-09-06T16:27:00.156-03:00  INFO 12340 --- [ecommerce] [scheduling-1] c.d.e.service.SincronizacaoService       : Ciclo finalizado. Total de atualizações enviadas: 0
2026-09-06T16:27:00.156-03:00  INFO 12340 --- [ecommerce] [scheduling-1] c.d.e.s.SincronizacaoEstoqueService      : [ESTOQUE] Lendo VW_ECOMMERCE_ESTOQUE no banco de dados...
2026-09-06T16:27:00.187-03:00  INFO 12340 --- [ecommerce] [scheduling-1] c.d.e.s.SincronizacaoEstoqueService      : [ESTOQUE] Ciclo finalizado. Total de atualizações enviadas: 0
2026-09-06T16:28:00.000-03:00  INFO 12340 --- [ecommerce] [scheduling-1] c.d.e.s.SincronizacaoEstoqueService      : [ESTOQUE] Lendo VW_ECOMMERCE_ESTOQUE no banco de dados...
2026-09-06T16:28:00.059-03:00  INFO 12340 --- [ecommerce] [scheduling-1] c.d.e.s.SincronizacaoEstoqueService      : [ESTOQUE] Ciclo finalizado. Total de atualizações enviadas: 0
2026-09-06T16:28:00.059-03:00  INFO 12340 --- [ecommerce] [scheduling-1] c.d.e.service.SincronizacaoService       : Lendo VW_ECOMMERCE_PRECOS no banco de dados...
2026-09-06T16:28:00.105-03:00  INFO 12340 --- [ecommerce] [scheduling-1] c.d.e.service.SincronizacaoService       : Ciclo finalizado. Total de atualizações enviadas: 0
2026-09-06T16:29:00.000-03:00  INFO 12340 --- [ecommerce] [scheduling-1] c.d.e.service.SincronizacaoService       : Lendo VW_ECOMMERCE_PRECOS no banco de dados...
2026-09-06T16:29:00.056-03:00  INFO 12340 --- [ecommerce] [scheduling-1] c.d.e.service.SincronizacaoService       : Ciclo finalizado. Total de atualizações enviadas: 0
2026-09-06T16:29:00.056-03:00  INFO 12340 --- [ecommerce] [scheduling-1] c.d.e.s.SincronizacaoEstoqueService      : [ESTOQUE] Lendo VW_ECOMMERCE_ESTOQUE no banco de dados...
2026-09-06T16:29:00.085-03:00  INFO 12340 --- [ecommerce] [scheduling-1] c.d.e.s.SincronizacaoEstoqueService      : [ESTOQUE] Ciclo finalizado. Total de atualizações enviadas: 0
2026-09-06T16:29:59.999-03:00  INFO 12340 --- [ecommerce] [scheduling-1] c.d.e.service.SincronizacaoService       : Lendo VW_ECOMMERCE_PRECOS no banco de dados...
2026-09-06T16:30:00.129-03:00  INFO 12340 --- [ecommerce] [scheduling-1] c.d.e.service.SincronizacaoService       : Ciclo finalizado. Total de atualizações enviadas: 0
2026-09-06T16:30:00.130-03:00  INFO 12340 --- [ecommerce] [scheduling-1] c.d.e.s.SincronizacaoEstoqueService      : [ESTOQUE] Lendo VW_ECOMMERCE_ESTOQUE no banco de dados...
2026-09-06T16:30:00.155-03:00  INFO 12340 --- [ecommerce] [scheduling-1] c.d.e.s.SincronizacaoEstoqueService      : [ESTOQUE] Ciclo finalizado. Total de atualizações enviadas: 0
2026-09-06T16:31:00.000-03:00  INFO 12340 --- [ecommerce] [scheduling-1] c.d.e.s.SincronizacaoEstoqueService      : [ESTOQUE] Lendo VW_ECOMMERCE_ESTOQUE no banco de dados...
2026-09-06T16:31:00.042-03:00  INFO 12340 --- [ecommerce] [scheduling-1] c.d.e.s.SincronizacaoEstoqueService      : [ESTOQUE] Ciclo finalizado. Total de atualizações enviadas: 0
2026-09-06T16:31:00.042-03:00  INFO 12340 --- [ecommerce] [scheduling-1] c.d.e.service.SincronizacaoService       : Lendo VW_ECOMMERCE_PRECOS no banco de dados...
2026-09-06T16:31:00.089-03:00  INFO 12340 --- [ecommerce] [scheduling-1] c.d.e.service.SincronizacaoService       : Ciclo finalizado. Total de atualizações enviadas: 0
2026-09-06T16:32:00.000-03:00  INFO 12340 --- [ecommerce] [scheduling-1] c.d.e.s.SincronizacaoEstoqueService      : [ESTOQUE] Lendo VW_ECOMMERCE_ESTOQUE no banco de dados...
2026-09-06T16:32:00.080-03:00  INFO 12340 --- [ecommerce] [scheduling-1] c.d.e.s.SincronizacaoEstoqueService      : [ESTOQUE] Ciclo finalizado. Total de atualizações enviadas: 0
2026-09-06T16:32:00.081-03:00  INFO 12340 --- [ecommerce] [scheduling-1] c.d.e.service.SincronizacaoService       : Lendo VW_ECOMMERCE_PRECOS no banco de dados...
2026-09-06T16:32:00.133-03:00  INFO 12340 --- [ecommerce] [scheduling-1] c.d.e.service.SincronizacaoService       : Ciclo finalizado. Total de atualizações enviadas: 0
2026-09-06T16:33:00.001-03:00  INFO 12340 --- [ecommerce] [scheduling-1] c.d.e.s.SincronizacaoEstoqueService      : [ESTOQUE] Lendo VW_ECOMMERCE_ESTOQUE no banco de dados...
2026-09-06T16:33:00.044-03:00  INFO 12340 --- [ecommerce] [scheduling-1] c.d.e.s.SincronizacaoEstoqueService      : [ESTOQUE] Ciclo finalizado. Total de atualizações enviadas: 0
2026-09-06T16:33:00.044-03:00  INFO 12340 --- [ecommerce] [scheduling-1] c.d.e.service.SincronizacaoService       : Lendo VW_ECOMMERCE_PRECOS no banco de dados...
2026-09-06T16:33:00.163-03:00  INFO 12340 --- [ecommerce] [scheduling-1] c.d.e.service.SincronizacaoService       : Ciclo finalizado. Total de atualizações enviadas: 0
2026-09-06T16:34:00.001-03:00  INFO 12340 --- [ecommerce] [scheduling-1] c.d.e.service.SincronizacaoService       : Lendo VW_ECOMMERCE_PRECOS no banco de dados...
2026-09-06T16:34:00.084-03:00  INFO 12340 --- [ecommerce] [scheduling-1] c.d.e.service.SincronizacaoService       : Ciclo finalizado. Total de atualizações enviadas: 0
2026-09-06T16:34:00.085-03:00  INFO 12340 --- [ecommerce] [scheduling-1] c.d.e.s.SincronizacaoEstoqueService      : [ESTOQUE] Lendo VW_ECOMMERCE_ESTOQUE no banco de dados...
2026-09-06T16:34:00.108-03:00  INFO 12340 --- [ecommerce] [scheduling-1] c.d.e.s.SincronizacaoEstoqueService      : [ESTOQUE] Ciclo finalizado. Total de atualizações enviadas: 0
2026-09-06T16:35:00.000-03:00  INFO 12340 --- [ecommerce] [scheduling-1] c.d.e.service.SincronizacaoService       : Lendo VW_ECOMMERCE_PRECOS no banco de dados...
2026-09-06T16:35:00.053-03:00  INFO 12340 --- [ecommerce] [scheduling-1] c.d.e.service.SincronizacaoService       : Ciclo finalizado. Total de atualizações enviadas: 0
2026-09-06T16:35:00.054-03:00  INFO 12340 --- [ecommerce] [scheduling-1] c.d.e.s.SincronizacaoEstoqueService      : [ESTOQUE] Lendo VW_ECOMMERCE_ESTOQUE no banco de dados...
2026-09-06T16:35:00.085-03:00  INFO 12340 --- [ecommerce] [scheduling-1] c.d.e.s.SincronizacaoEstoqueService      : [ESTOQUE] Ciclo finalizado. Total de atualizações enviadas: 0
2026-09-06T16:35:59.999-03:00  INFO 12340 --- [ecommerce] [scheduling-1] c.d.e.service.SincronizacaoService       : Lendo VW_ECOMMERCE_PRECOS no banco de dados...
2026-09-06T16:36:00.049-03:00  INFO 12340 --- [ecommerce] [scheduling-1] c.d.e.service.SincronizacaoService       : Ciclo finalizado. Total de atualizações enviadas: 0
2026-09-06T16:36:00.049-03:00  INFO 12340 --- [ecommerce] [scheduling-1] c.d.e.s.SincronizacaoEstoqueService      : [ESTOQUE] Lendo VW_ECOMMERCE_ESTOQUE no banco de dados...
2026-09-06T16:36:00.077-03:00  INFO 12340 --- [ecommerce] [scheduling-1] c.d.e.s.SincronizacaoEstoqueService      : [ESTOQUE] Ciclo finalizado. Total de atualizações enviadas: 0
2026-09-06T16:37:00.000-03:00  INFO 12340 --- [ecommerce] [scheduling-1] c.d.e.s.SincronizacaoEstoqueService      : [ESTOQUE] Lendo VW_ECOMMERCE_ESTOQUE no banco de dados...
2026-09-06T16:37:00.048-03:00  INFO 12340 --- [ecommerce] [scheduling-1] c.d.e.s.SincronizacaoEstoqueService      : [ESTOQUE] Ciclo finalizado. Total de atualizações enviadas: 0
2026-09-06T16:37:00.049-03:00  INFO 12340 --- [ecommerce] [scheduling-1] c.d.e.service.SincronizacaoService       : Lendo VW_ECOMMERCE_PRECOS no banco de dados...
2026-09-06T16:37:00.098-03:00  INFO 12340 --- [ecommerce] [scheduling-1] c.d.e.service.SincronizacaoService       : Ciclo finalizado. Total de atualizações enviadas: 0
2026-09-06T16:37:59.999-03:00  INFO 12340 --- [ecommerce] [scheduling-1] c.d.e.s.SincronizacaoEstoqueService      : [ESTOQUE] Lendo VW_ECOMMERCE_ESTOQUE no banco de dados...
2026-09-06T16:38:00.084-03:00  INFO 12340 --- [ecommerce] [scheduling-1] c.d.e.s.SincronizacaoEstoqueService      : [ESTOQUE] Ciclo finalizado. Total de atualizações enviadas: 0
2026-09-06T16:38:00.084-03:00  INFO 12340 --- [ecommerce] [scheduling-1] c.d.e.service.SincronizacaoService       : Lendo VW_ECOMMERCE_PRECOS no banco de dados...
2026-09-06T16:38:00.128-03:00  INFO 12340 --- [ecommerce] [scheduling-1] c.d.e.service.SincronizacaoService       : Ciclo finalizado. Total de atualizações enviadas: 0
2026-09-06T16:39:00.000-03:00  INFO 12340 --- [ecommerce] [scheduling-1] c.d.e.service.SincronizacaoService       : Lendo VW_ECOMMERCE_PRECOS no banco de dados...
2026-09-06T16:39:00.051-03:00  INFO 12340 --- [ecommerce] [scheduling-1] c.d.e.service.SincronizacaoService       : Ciclo finalizado. Total de atualizações enviadas: 0
2026-09-06T16:39:00.051-03:00  INFO 12340 --- [ecommerce] [scheduling-1] c.d.e.s.SincronizacaoEstoqueService      : [ESTOQUE] Lendo VW_ECOMMERCE_ESTOQUE no banco de dados...
2026-09-06T16:39:00.079-03:00  INFO 12340 --- [ecommerce] [scheduling-1] c.d.e.s.SincronizacaoEstoqueService      : [ESTOQUE] Ciclo finalizado. Total de atualizações enviadas: 0
2026-09-06T16:40:00.000-03:00  INFO 12340 --- [ecommerce] [scheduling-1] c.d.e.s.SincronizacaoEstoqueService      : [ESTOQUE] Lendo VW_ECOMMERCE_ESTOQUE no banco de dados...
2026-09-06T16:40:00.081-03:00  INFO 12340 --- [ecommerce] [scheduling-1] c.d.e.s.SincronizacaoEstoqueService      : [ESTOQUE] Ciclo finalizado. Total de atualizações enviadas: 0
2026-09-06T16:40:00.081-03:00  INFO 12340 --- [ecommerce] [scheduling-1] c.d.e.service.SincronizacaoService       : Lendo VW_ECOMMERCE_PRECOS no banco de dados...
2026-09-06T16:40:00.131-03:00  INFO 12340 --- [ecommerce] [scheduling-1] c.d.e.service.SincronizacaoService       : Ciclo finalizado. Total de atualizações enviadas: 0
2026-09-06T16:41:00.000-03:00  INFO 12340 --- [ecommerce] [scheduling-1] c.d.e.service.SincronizacaoService       : Lendo VW_ECOMMERCE_PRECOS no banco de dados...
2026-09-06T16:41:00.053-03:00  INFO 12340 --- [ecommerce] [scheduling-1] c.d.e.service.SincronizacaoService       : Ciclo finalizado. Total de atualizações enviadas: 0
2026-09-06T16:41:00.053-03:00  INFO 12340 --- [ecommerce] [scheduling-1] c.d.e.s.SincronizacaoEstoqueService      : [ESTOQUE] Lendo VW_ECOMMERCE_ESTOQUE no banco de dados...
2026-09-06T16:41:00.089-03:00  INFO 12340 --- [ecommerce] [scheduling-1] c.d.e.s.SincronizacaoEstoqueService      : [ESTOQUE] Ciclo finalizado. Total de atualizações enviadas: 0
2026-09-06T16:42:00.000-03:00  INFO 12340 --- [ecommerce] [scheduling-1] c.d.e.service.SincronizacaoService       : Lendo VW_ECOMMERCE_PRECOS no banco de dados...
2026-09-06T16:42:00.082-03:00  INFO 12340 --- [ecommerce] [scheduling-1] c.d.e.service.SincronizacaoService       : Ciclo finalizado. Total de atualizações enviadas: 0
2026-09-06T16:42:00.082-03:00  INFO 12340 --- [ecommerce] [scheduling-1] c.d.e.s.SincronizacaoEstoqueService      : [ESTOQUE] Lendo VW_ECOMMERCE_ESTOQUE no banco de dados...
2026-09-06T16:42:00.110-03:00  INFO 12340 --- [ecommerce] [scheduling-1] c.d.e.s.SincronizacaoEstoqueService      : [ESTOQUE] Ciclo finalizado. Total de atualizações enviadas: 0
2026-09-06T16:43:00.000-03:00  INFO 12340 --- [ecommerce] [scheduling-1] c.d.e.s.SincronizacaoEstoqueService      : [ESTOQUE] Lendo VW_ECOMMERCE_ESTOQUE no banco de dados...
2026-09-06T16:43:00.048-03:00  INFO 12340 --- [ecommerce] [scheduling-1] c.d.e.s.SincronizacaoEstoqueService      : [ESTOQUE] Ciclo finalizado. Total de atualizações enviadas: 0
2026-09-06T16:43:00.048-03:00  INFO 12340 --- [ecommerce] [scheduling-1] c.d.e.service.SincronizacaoService       : Lendo VW_ECOMMERCE_PRECOS no banco de dados...
2026-09-06T16:43:00.094-03:00  INFO 12340 --- [ecommerce] [scheduling-1] c.d.e.service.SincronizacaoService       : Ciclo finalizado. Total de atualizações enviadas: 0
2026-09-06T16:44:00.000-03:00  INFO 12340 --- [ecommerce] [scheduling-1] c.d.e.service.SincronizacaoService       : Lendo VW_ECOMMERCE_PRECOS no banco de dados...
2026-09-06T16:44:00.047-03:00  INFO 12340 --- [ecommerce] [scheduling-1] c.d.e.service.SincronizacaoService       : Ciclo finalizado. Total de atualizações enviadas: 0
2026-09-06T16:44:00.048-03:00  INFO 12340 --- [ecommerce] [scheduling-1] c.d.e.s.SincronizacaoEstoqueService      : [ESTOQUE] Lendo VW_ECOMMERCE_ESTOQUE no banco de dados...
2026-09-06T16:44:00.071-03:00  INFO 12340 --- [ecommerce] [scheduling-1] c.d.e.s.SincronizacaoEstoqueService      : [ESTOQUE] Ciclo finalizado. Total de atualizações enviadas: 0
2026-09-06T16:44:59.999-03:00  INFO 12340 --- [ecommerce] [scheduling-1] c.d.e.service.SincronizacaoService       : Lendo VW_ECOMMERCE_PRECOS no banco de dados...
2026-09-06T16:45:00.051-03:00  INFO 12340 --- [ecommerce] [scheduling-1] c.d.e.service.SincronizacaoService       : Ciclo finalizado. Total de atualizações enviadas: 0
2026-09-06T16:45:00.051-03:00  INFO 12340 --- [ecommerce] [scheduling-1] c.d.e.s.SincronizacaoEstoqueService      : [ESTOQUE] Lendo VW_ECOMMERCE_ESTOQUE no banco de dados...
2026-09-06T16:45:00.073-03:00  INFO 12340 --- [ecommerce] [scheduling-1] c.d.e.s.SincronizacaoEstoqueService      : [ESTOQUE] Ciclo finalizado. Total de atualizações enviadas: 0
2026-09-06T16:46:00.000-03:00  INFO 12340 --- [ecommerce] [scheduling-1] c.d.e.s.SincronizacaoEstoqueService      : [ESTOQUE] Lendo VW_ECOMMERCE_ESTOQUE no banco de dados...
2026-09-06T16:46:00.089-03:00  INFO 12340 --- [ecommerce] [scheduling-1] c.d.e.s.SincronizacaoEstoqueService      : [ESTOQUE] Ciclo finalizado. Total de atualizações enviadas: 0
2026-09-06T16:46:00.089-03:00  INFO 12340 --- [ecommerce] [scheduling-1] c.d.e.service.SincronizacaoService       : Lendo VW_ECOMMERCE_PRECOS no banco de dados...
2026-09-06T16:46:00.147-03:00  INFO 12340 --- [ecommerce] [scheduling-1] c.d.e.service.SincronizacaoService       : Ciclo finalizado. Total de atualizações enviadas: 0
2026-09-06T16:47:00.000-03:00  INFO 12340 --- [ecommerce] [scheduling-1] c.d.e.s.SincronizacaoEstoqueService      : [ESTOQUE] Lendo VW_ECOMMERCE_ESTOQUE no banco de dados...
2026-09-06T16:47:00.052-03:00  INFO 12340 --- [ecommerce] [scheduling-1] c.d.e.s.SincronizacaoEstoqueService      : [ESTOQUE] Ciclo finalizado. Total de atualizações enviadas: 0
2026-09-06T16:47:00.053-03:00  INFO 12340 --- [ecommerce] [scheduling-1] c.d.e.service.SincronizacaoService       : Lendo VW_ECOMMERCE_PRECOS no banco de dados...
2026-09-06T16:47:00.100-03:00  INFO 12340 --- [ecommerce] [scheduling-1] c.d.e.service.SincronizacaoService       : Ciclo finalizado. Total de atualizações enviadas: 0
2026-09-06T16:48:00.000-03:00  INFO 12340 --- [ecommerce] [scheduling-1] c.d.e.service.SincronizacaoService       : Lendo VW_ECOMMERCE_PRECOS no banco de dados...
2026-09-06T16:48:00.092-03:00  INFO 12340 --- [ecommerce] [scheduling-1] c.d.e.service.SincronizacaoService       : Ciclo finalizado. Total de atualizações enviadas: 0
2026-09-06T16:48:00.092-03:00  INFO 12340 --- [ecommerce] [scheduling-1] c.d.e.s.SincronizacaoEstoqueService      : [ESTOQUE] Lendo VW_ECOMMERCE_ESTOQUE no banco de dados...
2026-09-06T16:48:00.116-03:00  INFO 12340 --- [ecommerce] [scheduling-1] c.d.e.s.SincronizacaoEstoqueService      : [ESTOQUE] Ciclo finalizado. Total de atualizações enviadas: 0
2026-09-06T16:49:00.000-03:00  INFO 12340 --- [ecommerce] [scheduling-1] c.d.e.service.SincronizacaoService       : Lendo VW_ECOMMERCE_PRECOS no banco de dados...
2026-09-06T16:49:00.053-03:00  INFO 12340 --- [ecommerce] [scheduling-1] c.d.e.service.SincronizacaoService       : Ciclo finalizado. Total de atualizações enviadas: 0
2026-09-06T16:49:00.053-03:00  INFO 12340 --- [ecommerce] [scheduling-1] c.d.e.s.SincronizacaoEstoqueService      : [ESTOQUE] Lendo VW_ECOMMERCE_ESTOQUE no banco de dados...
2026-09-06T16:49:00.089-03:00  INFO 12340 --- [ecommerce] [scheduling-1] c.d.e.s.SincronizacaoEstoqueService      : [ESTOQUE] Ciclo finalizado. Total de atualizações enviadas: 0
2026-09-06T16:50:00.000-03:00  INFO 12340 --- [ecommerce] [scheduling-1] c.d.e.s.SincronizacaoEstoqueService      : [ESTOQUE] Lendo VW_ECOMMERCE_ESTOQUE no banco de dados...
2026-09-06T16:50:00.087-03:00  INFO 12340 --- [ecommerce] [scheduling-1] c.d.e.s.SincronizacaoEstoqueService      : [ESTOQUE] Ciclo finalizado. Total de atualizações enviadas: 0
2026-09-06T16:50:00.088-03:00  INFO 12340 --- [ecommerce] [scheduling-1] c.d.e.service.SincronizacaoService       : Lendo VW_ECOMMERCE_PRECOS no banco de dados...
2026-09-06T16:50:00.139-03:00  INFO 12340 --- [ecommerce] [scheduling-1] c.d.e.service.SincronizacaoService       : Ciclo finalizado. Total de atualizações enviadas: 0
2026-09-06T16:51:00.001-03:00  INFO 12340 --- [ecommerce] [scheduling-1] c.d.e.s.SincronizacaoEstoqueService      : [ESTOQUE] Lendo VW_ECOMMERCE_ESTOQUE no banco de dados...
2026-09-06T16:51:00.056-03:00  INFO 12340 --- [ecommerce] [scheduling-1] c.d.e.s.SincronizacaoEstoqueService      : [ESTOQUE] Ciclo finalizado. Total de atualizações enviadas: 0
2026-09-06T16:51:00.056-03:00  INFO 12340 --- [ecommerce] [scheduling-1] c.d.e.service.SincronizacaoService       : Lendo VW_ECOMMERCE_PRECOS no banco de dados...
2026-09-06T16:51:00.101-03:00  INFO 12340 --- [ecommerce] [scheduling-1] c.d.e.service.SincronizacaoService       : Ciclo finalizado. Total de atualizações enviadas: 0
2026-09-06T16:52:00.001-03:00  INFO 12340 --- [ecommerce] [scheduling-1] c.d.e.service.SincronizacaoService       : Lendo VW_ECOMMERCE_PRECOS no banco de dados...
2026-09-06T16:52:00.108-03:00  INFO 12340 --- [ecommerce] [scheduling-1] c.d.e.service.SincronizacaoService       : Ciclo finalizado. Total de atualizações enviadas: 0
2026-09-06T16:52:00.109-03:00  INFO 12340 --- [ecommerce] [scheduling-1] c.d.e.s.SincronizacaoEstoqueService      : [ESTOQUE] Lendo VW_ECOMMERCE_ESTOQUE no banco de dados...
2026-09-06T16:52:00.138-03:00  INFO 12340 --- [ecommerce] [scheduling-1] c.d.e.s.SincronizacaoEstoqueService      : [ESTOQUE] Ciclo finalizado. Total de atualizações enviadas: 0
2026-09-06T16:53:00.000-03:00  INFO 12340 --- [ecommerce] [scheduling-1] c.d.e.s.SincronizacaoEstoqueService      : [ESTOQUE] Lendo VW_ECOMMERCE_ESTOQUE no banco de dados...
2026-09-06T16:53:00.091-03:00  INFO 12340 --- [ecommerce] [scheduling-1] c.d.e.s.SincronizacaoEstoqueService      : [ESTOQUE] Ciclo finalizado. Total de atualizações enviadas: 0
2026-09-06T16:53:00.091-03:00  INFO 12340 --- [ecommerce] [scheduling-1] c.d.e.service.SincronizacaoService       : Lendo VW_ECOMMERCE_PRECOS no banco de dados...
2026-09-06T16:53:00.138-03:00  INFO 12340 --- [ecommerce] [scheduling-1] c.d.e.service.SincronizacaoService       : Ciclo finalizado. Total de atualizações enviadas: 0
2026-09-06T16:54:00.000-03:00  INFO 12340 --- [ecommerce] [scheduling-1] c.d.e.service.SincronizacaoService       : Lendo VW_ECOMMERCE_PRECOS no banco de dados...
2026-09-06T16:54:00.055-03:00  INFO 12340 --- [ecommerce] [scheduling-1] c.d.e.service.SincronizacaoService       : Ciclo finalizado. Total de atualizações enviadas: 0
2026-09-06T16:54:00.055-03:00  INFO 12340 --- [ecommerce] [scheduling-1] c.d.e.s.SincronizacaoEstoqueService      : [ESTOQUE] Lendo VW_ECOMMERCE_ESTOQUE no banco de dados...
2026-09-06T16:54:00.088-03:00  INFO 12340 --- [ecommerce] [scheduling-1] c.d.e.s.SincronizacaoEstoqueService      : [ESTOQUE] Ciclo finalizado. Total de atualizações enviadas: 0
2026-09-06T16:55:00.000-03:00  INFO 12340 --- [ecommerce] [scheduling-1] c.d.e.s.SincronizacaoEstoqueService      : [ESTOQUE] Lendo VW_ECOMMERCE_ESTOQUE no banco de dados...
2026-09-06T16:55:00.078-03:00  INFO 12340 --- [ecommerce] [scheduling-1] c.d.e.s.SincronizacaoEstoqueService      : [ESTOQUE] Ciclo finalizado. Total de atualizações enviadas: 0
2026-09-06T16:55:00.078-03:00  INFO 12340 --- [ecommerce] [scheduling-1] c.d.e.service.SincronizacaoService       : Lendo VW_ECOMMERCE_PRECOS no banco de dados...
2026-09-06T16:55:00.128-03:00  INFO 12340 --- [ecommerce] [scheduling-1] c.d.e.service.SincronizacaoService       : Ciclo finalizado. Total de atualizações enviadas: 0
2026-09-06T16:56:00.000-03:00  INFO 12340 --- [ecommerce] [scheduling-1] c.d.e.service.SincronizacaoService       : Lendo VW_ECOMMERCE_PRECOS no banco de dados...
2026-09-06T16:56:00.068-03:00  INFO 12340 --- [ecommerce] [scheduling-1] c.d.e.service.SincronizacaoService       : Ciclo finalizado. Total de atualizações enviadas: 0
2026-09-06T16:56:00.068-03:00  INFO 12340 --- [ecommerce] [scheduling-1] c.d.e.s.SincronizacaoEstoqueService      : [ESTOQUE] Lendo VW_ECOMMERCE_ESTOQUE no banco de dados...
2026-09-06T16:56:00.092-03:00  INFO 12340 --- [ecommerce] [scheduling-1] c.d.e.s.SincronizacaoEstoqueService      : [ESTOQUE] Ciclo finalizado. Total de atualizações enviadas: 0
2026-09-06T16:57:00.000-03:00  INFO 12340 --- [ecommerce] [scheduling-1] c.d.e.service.SincronizacaoService       : Lendo VW_ECOMMERCE_PRECOS no banco de dados...
2026-09-06T16:57:00.060-03:00  INFO 12340 --- [ecommerce] [scheduling-1] c.d.e.service.SincronizacaoService       : Ciclo finalizado. Total de atualizações enviadas: 0
2026-09-06T16:57:00.061-03:00  INFO 12340 --- [ecommerce] [scheduling-1] c.d.e.s.SincronizacaoEstoqueService      : [ESTOQUE] Lendo VW_ECOMMERCE_ESTOQUE no banco de dados...
2026-09-06T16:57:00.097-03:00  INFO 12340 --- [ecommerce] [scheduling-1] c.d.e.s.SincronizacaoEstoqueService      : [ESTOQUE] Ciclo finalizado. Total de atualizações enviadas: 0
2026-09-06T16:58:00.000-03:00  INFO 12340 --- [ecommerce] [scheduling-1] c.d.e.s.SincronizacaoEstoqueService      : [ESTOQUE] Lendo VW_ECOMMERCE_ESTOQUE no banco de dados...
2026-09-06T16:58:00.083-03:00  INFO 12340 --- [ecommerce] [scheduling-1] c.d.e.s.SincronizacaoEstoqueService      : [ESTOQUE] Ciclo finalizado. Total de atualizações enviadas: 0
2026-09-06T16:58:00.084-03:00  INFO 12340 --- [ecommerce] [scheduling-1] c.d.e.service.SincronizacaoService       : Lendo VW_ECOMMERCE_PRECOS no banco de dados...
2026-09-06T16:58:00.133-03:00  INFO 12340 --- [ecommerce] [scheduling-1] c.d.e.service.SincronizacaoService       : Ciclo finalizado. Total de atualizações enviadas: 0
2026-09-06T16:58:59.999-03:00  INFO 12340 --- [ecommerce] [scheduling-1] c.d.e.s.SincronizacaoEstoqueService      : [ESTOQUE] Lendo VW_ECOMMERCE_ESTOQUE no banco de dados...
2026-09-06T16:59:00.037-03:00  INFO 12340 --- [ecommerce] [scheduling-1] c.d.e.s.SincronizacaoEstoqueService      : [ESTOQUE] Ciclo finalizado. Total de atualizações enviadas: 0
2026-09-06T16:59:00.037-03:00  INFO 12340 --- [ecommerce] [scheduling-1] c.d.e.service.SincronizacaoService       : Lendo VW_ECOMMERCE_PRECOS no banco de dados...
2026-09-06T16:59:00.084-03:00  INFO 12340 --- [ecommerce] [scheduling-1] c.d.e.service.SincronizacaoService       : Ciclo finalizado. Total de atualizações enviadas: 0
2026-09-06T17:00:00.001-03:00  INFO 12340 --- [ecommerce] [scheduling-1] c.d.e.service.SincronizacaoService       : Lendo VW_ECOMMERCE_PRECOS no banco de dados...
2026-09-06T17:00:00.103-03:00  INFO 12340 --- [ecommerce] [scheduling-1] c.d.e.service.SincronizacaoService       : Ciclo finalizado. Total de atualizações enviadas: 0
2026-09-06T17:00:00.103-03:00  INFO 12340 --- [ecommerce] [scheduling-1] c.d.e.s.SincronizacaoEstoqueService      : [ESTOQUE] Lendo VW_ECOMMERCE_ESTOQUE no banco de dados...
2026-09-06T17:00:00.135-03:00  INFO 12340 --- [ecommerce] [scheduling-1] c.d.e.s.SincronizacaoEstoqueService      : [ESTOQUE] Ciclo finalizado. Total de atualizações enviadas: 0
2026-09-06T17:01:00.000-03:00  INFO 12340 --- [ecommerce] [scheduling-1] c.d.e.service.SincronizacaoService       : Lendo VW_ECOMMERCE_PRECOS no banco de dados...
2026-09-06T17:01:00.072-03:00  INFO 12340 --- [ecommerce] [scheduling-1] c.d.e.service.SincronizacaoService       : Ciclo finalizado. Total de atualizações enviadas: 0
2026-09-06T17:01:00.073-03:00  INFO 12340 --- [ecommerce] [scheduling-1] c.d.e.s.SincronizacaoEstoqueService      : [ESTOQUE] Lendo VW_ECOMMERCE_ESTOQUE no banco de dados...
2026-09-06T17:01:00.099-03:00  INFO 12340 --- [ecommerce] [scheduling-1] c.d.e.s.SincronizacaoEstoqueService      : [ESTOQUE] Ciclo finalizado. Total de atualizações enviadas: 0
2026-09-06T17:02:00.001-03:00  INFO 12340 --- [ecommerce] [scheduling-1] c.d.e.service.SincronizacaoService       : Lendo VW_ECOMMERCE_PRECOS no banco de dados...
2026-09-06T17:02:00.102-03:00  INFO 12340 --- [ecommerce] [scheduling-1] c.d.e.service.SincronizacaoService       : Ciclo finalizado. Total de atualizações enviadas: 0
2026-09-06T17:02:00.103-03:00  INFO 12340 --- [ecommerce] [scheduling-1] c.d.e.s.SincronizacaoEstoqueService      : [ESTOQUE] Lendo VW_ECOMMERCE_ESTOQUE no banco de dados...
2026-09-06T17:02:00.139-03:00  INFO 12340 --- [ecommerce] [scheduling-1] c.d.e.s.SincronizacaoEstoqueService      : [ESTOQUE] Ciclo finalizado. Total de atualizações enviadas: 0
2026-09-06T17:03:00.001-03:00  INFO 12340 --- [ecommerce] [scheduling-1] c.d.e.service.SincronizacaoService       : Lendo VW_ECOMMERCE_PRECOS no banco de dados...
2026-09-06T17:03:00.106-03:00  INFO 12340 --- [ecommerce] [scheduling-1] c.d.e.service.SincronizacaoService       : Ciclo finalizado. Total de atualizações enviadas: 0
2026-09-06T17:03:00.107-03:00  INFO 12340 --- [ecommerce] [scheduling-1] c.d.e.s.SincronizacaoEstoqueService      : [ESTOQUE] Lendo VW_ECOMMERCE_ESTOQUE no banco de dados...
2026-09-06T17:03:00.131-03:00  INFO 12340 --- [ecommerce] [scheduling-1] c.d.e.s.SincronizacaoEstoqueService      : [ESTOQUE] Ciclo finalizado. Total de atualizações enviadas: 0
2026-09-06T17:04:00.001-03:00  INFO 12340 --- [ecommerce] [scheduling-1] c.d.e.service.SincronizacaoService       : Lendo VW_ECOMMERCE_PRECOS no banco de dados...
2026-09-06T17:04:00.053-03:00  INFO 12340 --- [ecommerce] [scheduling-1] c.d.e.service.SincronizacaoService       : Ciclo finalizado. Total de atualizações enviadas: 0
2026-09-06T17:04:00.053-03:00  INFO 12340 --- [ecommerce] [scheduling-1] c.d.e.s.SincronizacaoEstoqueService      : [ESTOQUE] Lendo VW_ECOMMERCE_ESTOQUE no banco de dados...
2026-09-06T17:04:00.093-03:00  INFO 12340 --- [ecommerce] [scheduling-1] c.d.e.s.SincronizacaoEstoqueService      : [ESTOQUE] Ciclo finalizado. Total de atualizações enviadas: 0
2026-09-06T17:05:00.000-03:00  INFO 12340 --- [ecommerce] [scheduling-1] c.d.e.s.SincronizacaoEstoqueService      : [ESTOQUE] Lendo VW_ECOMMERCE_ESTOQUE no banco de dados...
2026-09-06T17:05:00.065-03:00  INFO 12340 --- [ecommerce] [scheduling-1] c.d.e.s.SincronizacaoEstoqueService      : [ESTOQUE] Ciclo finalizado. Total de atualizações enviadas: 0
2026-09-06T17:05:00.066-03:00  INFO 12340 --- [ecommerce] [scheduling-1] c.d.e.service.SincronizacaoService       : Lendo VW_ECOMMERCE_PRECOS no banco de dados...
2026-09-06T17:05:00.122-03:00  INFO 12340 --- [ecommerce] [scheduling-1] c.d.e.service.SincronizacaoService       : Ciclo finalizado. Total de atualizações enviadas: 0
2026-09-06T17:05:59.999-03:00  INFO 12340 --- [ecommerce] [scheduling-1] c.d.e.s.SincronizacaoEstoqueService      : [ESTOQUE] Lendo VW_ECOMMERCE_ESTOQUE no banco de dados...
2026-09-06T17:06:00.079-03:00  INFO 12340 --- [ecommerce] [scheduling-1] c.d.e.s.SincronizacaoEstoqueService      : [ESTOQUE] Ciclo finalizado. Total de atualizações enviadas: 0
2026-09-06T17:06:00.080-03:00  INFO 12340 --- [ecommerce] [scheduling-1] c.d.e.service.SincronizacaoService       : Lendo VW_ECOMMERCE_PRECOS no banco de dados...
2026-09-06T17:06:00.131-03:00  INFO 12340 --- [ecommerce] [scheduling-1] c.d.e.service.SincronizacaoService       : Ciclo finalizado. Total de atualizações enviadas: 0
2026-09-06T17:07:00.000-03:00  INFO 12340 --- [ecommerce] [scheduling-1] c.d.e.service.SincronizacaoService       : Lendo VW_ECOMMERCE_PRECOS no banco de dados...
2026-09-06T17:07:00.055-03:00  INFO 12340 --- [ecommerce] [scheduling-1] c.d.e.service.SincronizacaoService       : Ciclo finalizado. Total de atualizações enviadas: 0
2026-09-06T17:07:00.055-03:00  INFO 12340 --- [ecommerce] [scheduling-1] c.d.e.s.SincronizacaoEstoqueService      : [ESTOQUE] Lendo VW_ECOMMERCE_ESTOQUE no banco de dados...
2026-09-06T17:07:00.082-03:00  INFO 12340 --- [ecommerce] [scheduling-1] c.d.e.s.SincronizacaoEstoqueService      : [ESTOQUE] Ciclo finalizado. Total de atualizações enviadas: 0
2026-09-06T17:08:00.000-03:00  INFO 12340 --- [ecommerce] [scheduling-1] c.d.e.service.SincronizacaoService       : Lendo VW_ECOMMERCE_PRECOS no banco de dados...
2026-09-06T17:08:00.100-03:00  INFO 12340 --- [ecommerce] [scheduling-1] c.d.e.service.SincronizacaoService       : Ciclo finalizado. Total de atualizações enviadas: 0
2026-09-06T17:08:00.100-03:00  INFO 12340 --- [ecommerce] [scheduling-1] c.d.e.s.SincronizacaoEstoqueService      : [ESTOQUE] Lendo VW_ECOMMERCE_ESTOQUE no banco de dados...
2026-09-06T17:08:00.136-03:00  INFO 12340 --- [ecommerce] [scheduling-1] c.d.e.s.SincronizacaoEstoqueService      : [ESTOQUE] Ciclo finalizado. Total de atualizações enviadas: 0
2026-09-06T17:09:00.001-03:00  INFO 12340 --- [ecommerce] [scheduling-1] c.d.e.service.SincronizacaoService       : Lendo VW_ECOMMERCE_PRECOS no banco de dados...
2026-09-06T17:09:00.106-03:00  INFO 12340 --- [ecommerce] [scheduling-1] c.d.e.service.SincronizacaoService       : Ciclo finalizado. Total de atualizações enviadas: 0
2026-09-06T17:09:00.106-03:00  INFO 12340 --- [ecommerce] [scheduling-1] c.d.e.s.SincronizacaoEstoqueService      : [ESTOQUE] Lendo VW_ECOMMERCE_ESTOQUE no banco de dados...
2026-09-06T17:09:00.134-03:00  INFO 12340 --- [ecommerce] [scheduling-1] c.d.e.s.SincronizacaoEstoqueService      : [ESTOQUE] Ciclo finalizado. Total de atualizações enviadas: 0
2026-09-06T17:10:00.000-03:00  INFO 12340 --- [ecommerce] [scheduling-1] c.d.e.s.SincronizacaoEstoqueService      : [ESTOQUE] Lendo VW_ECOMMERCE_ESTOQUE no banco de dados...
2026-09-06T17:10:00.056-03:00  INFO 12340 --- [ecommerce] [scheduling-1] c.d.e.s.SincronizacaoEstoqueService      : [ESTOQUE] Ciclo finalizado. Total de atualizações enviadas: 0
2026-09-06T17:10:00.056-03:00  INFO 12340 --- [ecommerce] [scheduling-1] c.d.e.service.SincronizacaoService       : Lendo VW_ECOMMERCE_PRECOS no banco de dados...
2026-09-06T17:10:00.103-03:00  INFO 12340 --- [ecommerce] [scheduling-1] c.d.e.service.SincronizacaoService       : Ciclo finalizado. Total de atualizações enviadas: 0
2026-09-06T17:11:00.000-03:00  INFO 12340 --- [ecommerce] [scheduling-1] c.d.e.service.SincronizacaoService       : Lendo VW_ECOMMERCE_PRECOS no banco de dados...
2026-09-06T17:11:00.087-03:00  INFO 12340 --- [ecommerce] [scheduling-1] c.d.e.service.SincronizacaoService       : Ciclo finalizado. Total de atualizações enviadas: 0
2026-09-06T17:11:00.087-03:00  INFO 12340 --- [ecommerce] [scheduling-1] c.d.e.s.SincronizacaoEstoqueService      : [ESTOQUE] Lendo VW_ECOMMERCE_ESTOQUE no banco de dados...
2026-09-06T17:11:00.117-03:00  INFO 12340 --- [ecommerce] [scheduling-1] c.d.e.s.SincronizacaoEstoqueService      : [ESTOQUE] Ciclo finalizado. Total de atualizações enviadas: 0
2026-09-06T17:12:00.000-03:00  INFO 12340 --- [ecommerce] [scheduling-1] c.d.e.s.SincronizacaoEstoqueService      : [ESTOQUE] Lendo VW_ECOMMERCE_ESTOQUE no banco de dados...
2026-09-06T17:12:00.051-03:00  INFO 12340 --- [ecommerce] [scheduling-1] c.d.e.s.SincronizacaoEstoqueService      : [ESTOQUE] Ciclo finalizado. Total de atualizações enviadas: 0
2026-09-06T17:12:00.051-03:00  INFO 12340 --- [ecommerce] [scheduling-1] c.d.e.service.SincronizacaoService       : Lendo VW_ECOMMERCE_PRECOS no banco de dados...
2026-09-06T17:12:00.094-03:00  INFO 12340 --- [ecommerce] [scheduling-1] c.d.e.service.SincronizacaoService       : Ciclo finalizado. Total de atualizações enviadas: 0
2026-09-06T17:12:59.999-03:00  INFO 12340 --- [ecommerce] [scheduling-1] c.d.e.service.SincronizacaoService       : Lendo VW_ECOMMERCE_PRECOS no banco de dados...
2026-09-06T17:13:00.087-03:00  INFO 12340 --- [ecommerce] [scheduling-1] c.d.e.service.SincronizacaoService       : Ciclo finalizado. Total de atualizações enviadas: 0
2026-09-06T17:13:00.087-03:00  INFO 12340 --- [ecommerce] [scheduling-1] c.d.e.s.SincronizacaoEstoqueService      : [ESTOQUE] Lendo VW_ECOMMERCE_ESTOQUE no banco de dados...
2026-09-06T17:13:00.114-03:00  INFO 12340 --- [ecommerce] [scheduling-1] c.d.e.s.SincronizacaoEstoqueService      : [ESTOQUE] Ciclo finalizado. Total de atualizações enviadas: 0
2026-09-06T17:14:00.000-03:00  INFO 12340 --- [ecommerce] [scheduling-1] c.d.e.service.SincronizacaoService       : Lendo VW_ECOMMERCE_PRECOS no banco de dados...
2026-09-06T17:14:00.099-03:00  INFO 12340 --- [ecommerce] [scheduling-1] c.d.e.service.SincronizacaoService       : Ciclo finalizado. Total de atualizações enviadas: 0
2026-09-06T17:14:00.099-03:00  INFO 12340 --- [ecommerce] [scheduling-1] c.d.e.s.SincronizacaoEstoqueService      : [ESTOQUE] Lendo VW_ECOMMERCE_ESTOQUE no banco de dados...
2026-09-06T17:14:00.133-03:00  INFO 12340 --- [ecommerce] [scheduling-1] c.d.e.s.SincronizacaoEstoqueService      : [ESTOQUE] Ciclo finalizado. Total de atualizações enviadas: 0
2026-09-06T17:15:00.000-03:00  INFO 12340 --- [ecommerce] [scheduling-1] c.d.e.s.SincronizacaoEstoqueService      : [ESTOQUE] Lendo VW_ECOMMERCE_ESTOQUE no banco de dados...
2026-09-06T17:15:00.043-03:00  INFO 12340 --- [ecommerce] [scheduling-1] c.d.e.s.SincronizacaoEstoqueService      : [ESTOQUE] Ciclo finalizado. Total de atualizações enviadas: 0
2026-09-06T17:15:00.044-03:00  INFO 12340 --- [ecommerce] [scheduling-1] c.d.e.service.SincronizacaoService       : Lendo VW_ECOMMERCE_PRECOS no banco de dados...
2026-09-06T17:15:00.092-03:00  INFO 12340 --- [ecommerce] [scheduling-1] c.d.e.service.SincronizacaoService       : Ciclo finalizado. Total de atualizações enviadas: 0
2026-09-06T17:16:00.001-03:00  INFO 12340 --- [ecommerce] [scheduling-1] c.d.e.s.SincronizacaoEstoqueService      : [ESTOQUE] Lendo VW_ECOMMERCE_ESTOQUE no banco de dados...
2026-09-06T17:16:00.037-03:00  INFO 12340 --- [ecommerce] [scheduling-1] c.d.e.s.SincronizacaoEstoqueService      : [ESTOQUE] Ciclo finalizado. Total de atualizações enviadas: 0
2026-09-06T17:16:00.037-03:00  INFO 12340 --- [ecommerce] [scheduling-1] c.d.e.service.SincronizacaoService       : Lendo VW_ECOMMERCE_PRECOS no banco de dados...
2026-09-06T17:16:00.084-03:00  INFO 12340 --- [ecommerce] [scheduling-1] c.d.e.service.SincronizacaoService       : Ciclo finalizado. Total de atualizações enviadas: 0
2026-09-06T17:17:00.000-03:00  INFO 12340 --- [ecommerce] [scheduling-1] c.d.e.service.SincronizacaoService       : Lendo VW_ECOMMERCE_PRECOS no banco de dados...
2026-09-06T17:17:00.099-03:00  INFO 12340 --- [ecommerce] [scheduling-1] c.d.e.service.SincronizacaoService       : Ciclo finalizado. Total de atualizações enviadas: 0
2026-09-06T17:17:00.099-03:00  INFO 12340 --- [ecommerce] [scheduling-1] c.d.e.s.SincronizacaoEstoqueService      : [ESTOQUE] Lendo VW_ECOMMERCE_ESTOQUE no banco de dados...
2026-09-06T17:17:00.124-03:00  INFO 12340 --- [ecommerce] [scheduling-1] c.d.e.s.SincronizacaoEstoqueService      : [ESTOQUE] Ciclo finalizado. Total de atualizações enviadas: 0
2026-09-06T17:18:00.000-03:00  INFO 12340 --- [ecommerce] [scheduling-1] c.d.e.service.SincronizacaoService       : Lendo VW_ECOMMERCE_PRECOS no banco de dados...
2026-09-06T17:18:00.079-03:00  INFO 12340 --- [ecommerce] [scheduling-1] c.d.e.service.SincronizacaoService       : Ciclo finalizado. Total de atualizações enviadas: 0
2026-09-06T17:18:00.079-03:00  INFO 12340 --- [ecommerce] [scheduling-1] c.d.e.s.SincronizacaoEstoqueService      : [ESTOQUE] Lendo VW_ECOMMERCE_ESTOQUE no banco de dados...
2026-09-06T17:18:00.105-03:00  INFO 12340 --- [ecommerce] [scheduling-1] c.d.e.s.SincronizacaoEstoqueService      : [ESTOQUE] Ciclo finalizado. Total de atualizações enviadas: 0
2026-09-06T17:19:00.000-03:00  INFO 12340 --- [ecommerce] [scheduling-1] c.d.e.s.SincronizacaoEstoqueService      : [ESTOQUE] Lendo VW_ECOMMERCE_ESTOQUE no banco de dados...
2026-09-06T17:19:00.032-03:00  INFO 12340 --- [ecommerce] [scheduling-1] c.d.e.s.SincronizacaoEstoqueService      : [ESTOQUE] Ciclo finalizado. Total de atualizações enviadas: 0
2026-09-06T17:19:00.032-03:00  INFO 12340 --- [ecommerce] [scheduling-1] c.d.e.service.SincronizacaoService       : Lendo VW_ECOMMERCE_PRECOS no banco de dados...
2026-09-06T17:19:00.089-03:00  INFO 12340 --- [ecommerce] [scheduling-1] c.d.e.service.SincronizacaoService       : Ciclo finalizado. Total de atualizações enviadas: 0
2026-09-06T17:20:00.000-03:00  INFO 12340 --- [ecommerce] [scheduling-1] c.d.e.service.SincronizacaoService       : Lendo VW_ECOMMERCE_PRECOS no banco de dados...
2026-09-06T17:20:00.105-03:00  INFO 12340 --- [ecommerce] [scheduling-1] c.d.e.service.SincronizacaoService       : Ciclo finalizado. Total de atualizações enviadas: 0
2026-09-06T17:20:00.105-03:00  INFO 12340 --- [ecommerce] [scheduling-1] c.d.e.s.SincronizacaoEstoqueService      : [ESTOQUE] Lendo VW_ECOMMERCE_ESTOQUE no banco de dados...
2026-09-06T17:20:00.136-03:00  INFO 12340 --- [ecommerce] [scheduling-1] c.d.e.s.SincronizacaoEstoqueService      : [ESTOQUE] Ciclo finalizado. Total de atualizações enviadas: 0
2026-09-06T17:21:00.000-03:00  INFO 12340 --- [ecommerce] [scheduling-1] c.d.e.service.SincronizacaoService       : Lendo VW_ECOMMERCE_PRECOS no banco de dados...
2026-09-06T17:21:00.070-03:00  INFO 12340 --- [ecommerce] [scheduling-1] c.d.e.service.SincronizacaoService       : Ciclo finalizado. Total de atualizações enviadas: 0
2026-09-06T17:21:00.070-03:00  INFO 12340 --- [ecommerce] [scheduling-1] c.d.e.s.SincronizacaoEstoqueService      : [ESTOQUE] Lendo VW_ECOMMERCE_ESTOQUE no banco de dados...
2026-09-06T17:21:00.111-03:00  INFO 12340 --- [ecommerce] [scheduling-1] c.d.e.s.SincronizacaoEstoqueService      : [ESTOQUE] Ciclo finalizado. Total de atualizações enviadas: 0
2026-09-06T17:22:00.000-03:00  INFO 12340 --- [ecommerce] [scheduling-1] c.d.e.s.SincronizacaoEstoqueService      : [ESTOQUE] Lendo VW_ECOMMERCE_ESTOQUE no banco de dados...
2026-09-06T17:22:00.100-03:00  INFO 12340 --- [ecommerce] [scheduling-1] c.d.e.s.SincronizacaoEstoqueService      : [ESTOQUE] Ciclo finalizado. Total de atualizações enviadas: 0
2026-09-06T17:22:00.100-03:00  INFO 12340 --- [ecommerce] [scheduling-1] c.d.e.service.SincronizacaoService       : Lendo VW_ECOMMERCE_PRECOS no banco de dados...
2026-09-06T17:22:00.147-03:00  INFO 12340 --- [ecommerce] [scheduling-1] c.d.e.service.SincronizacaoService       : Ciclo finalizado. Total de atualizações enviadas: 0
2026-09-06T17:23:00.001-03:00  INFO 12340 --- [ecommerce] [scheduling-1] c.d.e.service.SincronizacaoService       : Lendo VW_ECOMMERCE_PRECOS no banco de dados...
2026-09-06T17:23:00.053-03:00  INFO 12340 --- [ecommerce] [scheduling-1] c.d.e.service.SincronizacaoService       : Ciclo finalizado. Total de atualizações enviadas: 0
2026-09-06T17:23:00.055-03:00  INFO 12340 --- [ecommerce] [scheduling-1] c.d.e.s.SincronizacaoEstoqueService      : [ESTOQUE] Lendo VW_ECOMMERCE_ESTOQUE no banco de dados...
2026-09-06T17:23:00.087-03:00  INFO 12340 --- [ecommerce] [scheduling-1] c.d.e.s.SincronizacaoEstoqueService      : [ESTOQUE] Ciclo finalizado. Total de atualizações enviadas: 0
2026-09-06T17:24:00.000-03:00  INFO 12340 --- [ecommerce] [scheduling-1] c.d.e.s.SincronizacaoEstoqueService      : [ESTOQUE] Lendo VW_ECOMMERCE_ESTOQUE no banco de dados...
2026-09-06T17:24:00.054-03:00  INFO 12340 --- [ecommerce] [scheduling-1] c.d.e.s.SincronizacaoEstoqueService      : [ESTOQUE] Ciclo finalizado. Total de atualizações enviadas: 0
2026-09-06T17:24:00.054-03:00  INFO 12340 --- [ecommerce] [scheduling-1] c.d.e.service.SincronizacaoService       : Lendo VW_ECOMMERCE_PRECOS no banco de dados...
2026-09-06T17:24:00.096-03:00  INFO 12340 --- [ecommerce] [scheduling-1] c.d.e.service.SincronizacaoService       : Ciclo finalizado. Total de atualizações enviadas: 0
2026-09-06T17:25:00.000-03:00  INFO 12340 --- [ecommerce] [scheduling-1] c.d.e.s.SincronizacaoEstoqueService      : [ESTOQUE] Lendo VW_ECOMMERCE_ESTOQUE no banco de dados...
2026-09-06T17:25:00.064-03:00  INFO 12340 --- [ecommerce] [scheduling-1] c.d.e.s.SincronizacaoEstoqueService      : [ESTOQUE] Ciclo finalizado. Total de atualizações enviadas: 0
2026-09-06T17:25:00.065-03:00  INFO 12340 --- [ecommerce] [scheduling-1] c.d.e.service.SincronizacaoService       : Lendo VW_ECOMMERCE_PRECOS no banco de dados...
2026-09-06T17:25:00.115-03:00  INFO 12340 --- [ecommerce] [scheduling-1] c.d.e.service.SincronizacaoService       : Ciclo finalizado. Total de atualizações enviadas: 0
2026-09-06T17:26:00.000-03:00  INFO 12340 --- [ecommerce] [scheduling-1] c.d.e.s.SincronizacaoEstoqueService      : [ESTOQUE] Lendo VW_ECOMMERCE_ESTOQUE no banco de dados...
2026-09-06T17:26:00.079-03:00  INFO 12340 --- [ecommerce] [scheduling-1] c.d.e.s.SincronizacaoEstoqueService      : [ESTOQUE] Ciclo finalizado. Total de atualizações enviadas: 0
2026-09-06T17:26:00.079-03:00  INFO 12340 --- [ecommerce] [scheduling-1] c.d.e.service.SincronizacaoService       : Lendo VW_ECOMMERCE_PRECOS no banco de dados...
2026-09-06T17:26:00.138-03:00  INFO 12340 --- [ecommerce] [scheduling-1] c.d.e.service.SincronizacaoService       : Ciclo finalizado. Total de atualizações enviadas: 0
2026-09-06T17:27:00.000-03:00  INFO 12340 --- [ecommerce] [scheduling-1] c.d.e.service.SincronizacaoService       : Lendo VW_ECOMMERCE_PRECOS no banco de dados...
2026-09-06T17:27:00.051-03:00  INFO 12340 --- [ecommerce] [scheduling-1] c.d.e.service.SincronizacaoService       : Ciclo finalizado. Total de atualizações enviadas: 0
2026-09-06T17:27:00.051-03:00  INFO 12340 --- [ecommerce] [scheduling-1] c.d.e.s.SincronizacaoEstoqueService      : [ESTOQUE] Lendo VW_ECOMMERCE_ESTOQUE no banco de dados...
2026-09-06T17:27:00.087-03:00  INFO 12340 --- [ecommerce] [scheduling-1] c.d.e.s.SincronizacaoEstoqueService      : [ESTOQUE] Ciclo finalizado. Total de atualizações enviadas: 0
2026-09-06T17:28:00.000-03:00  INFO 12340 --- [ecommerce] [scheduling-1] c.d.e.service.SincronizacaoService       : Lendo VW_ECOMMERCE_PRECOS no banco de dados...
2026-09-06T17:28:00.095-03:00  INFO 12340 --- [ecommerce] [scheduling-1] c.d.e.service.SincronizacaoService       : Ciclo finalizado. Total de atualizações enviadas: 0
2026-09-06T17:28:00.095-03:00  INFO 12340 --- [ecommerce] [scheduling-1] c.d.e.s.SincronizacaoEstoqueService      : [ESTOQUE] Lendo VW_ECOMMERCE_ESTOQUE no banco de dados...
2026-09-06T17:28:00.124-03:00  INFO 12340 --- [ecommerce] [scheduling-1] c.d.e.s.SincronizacaoEstoqueService      : [ESTOQUE] Ciclo finalizado. Total de atualizações enviadas: 0
2026-09-06T17:28:59.999-03:00  INFO 12340 --- [ecommerce] [scheduling-1] c.d.e.service.SincronizacaoService       : Lendo VW_ECOMMERCE_PRECOS no banco de dados...
2026-09-06T17:29:00.048-03:00  INFO 12340 --- [ecommerce] [scheduling-1] c.d.e.service.SincronizacaoService       : Ciclo finalizado. Total de atualizações enviadas: 0
2026-09-06T17:29:00.048-03:00  INFO 12340 --- [ecommerce] [scheduling-1] c.d.e.s.SincronizacaoEstoqueService      : [ESTOQUE] Lendo VW_ECOMMERCE_ESTOQUE no banco de dados...
2026-09-06T17:29:00.086-03:00  INFO 12340 --- [ecommerce] [scheduling-1] c.d.e.s.SincronizacaoEstoqueService      : [ESTOQUE] Ciclo finalizado. Total de atualizações enviadas: 0
2026-09-06T17:30:00.001-03:00  INFO 12340 --- [ecommerce] [scheduling-1] c.d.e.service.SincronizacaoService       : Lendo VW_ECOMMERCE_PRECOS no banco de dados...
2026-09-06T17:30:00.058-03:00  INFO 12340 --- [ecommerce] [scheduling-1] c.d.e.service.SincronizacaoService       : Ciclo finalizado. Total de atualizações enviadas: 0
2026-09-06T17:30:00.058-03:00  INFO 12340 --- [ecommerce] [scheduling-1] c.d.e.s.SincronizacaoEstoqueService      : [ESTOQUE] Lendo VW_ECOMMERCE_ESTOQUE no banco de dados...
2026-09-06T17:30:00.100-03:00  INFO 12340 --- [ecommerce] [scheduling-1] c.d.e.s.SincronizacaoEstoqueService      : [ESTOQUE] Ciclo finalizado. Total de atualizações enviadas: 0
2026-09-06T17:31:00.001-03:00  INFO 12340 --- [ecommerce] [scheduling-1] c.d.e.s.SincronizacaoEstoqueService      : [ESTOQUE] Lendo VW_ECOMMERCE_ESTOQUE no banco de dados...
2026-09-06T17:31:00.056-03:00  INFO 12340 --- [ecommerce] [scheduling-1] c.d.e.s.SincronizacaoEstoqueService      : [ESTOQUE] Ciclo finalizado. Total de atualizações enviadas: 0
2026-09-06T17:31:00.057-03:00  INFO 12340 --- [ecommerce] [scheduling-1] c.d.e.service.SincronizacaoService       : Lendo VW_ECOMMERCE_PRECOS no banco de dados...
2026-09-06T17:31:00.107-03:00  INFO 12340 --- [ecommerce] [scheduling-1] c.d.e.service.SincronizacaoService       : Ciclo finalizado. Total de atualizações enviadas: 0
2026-09-06T17:32:00.000-03:00  INFO 12340 --- [ecommerce] [scheduling-1] c.d.e.s.SincronizacaoEstoqueService      : [ESTOQUE] Lendo VW_ECOMMERCE_ESTOQUE no banco de dados...
2026-09-06T17:32:00.056-03:00  INFO 12340 --- [ecommerce] [scheduling-1] c.d.e.s.SincronizacaoEstoqueService      : [ESTOQUE] Ciclo finalizado. Total de atualizações enviadas: 0
2026-09-06T17:32:00.057-03:00  INFO 12340 --- [ecommerce] [scheduling-1] c.d.e.service.SincronizacaoService       : Lendo VW_ECOMMERCE_PRECOS no banco de dados...
2026-09-06T17:32:00.103-03:00  INFO 12340 --- [ecommerce] [scheduling-1] c.d.e.service.SincronizacaoService       : Ciclo finalizado. Total de atualizações enviadas: 0
2026-09-06T17:33:00.000-03:00  INFO 12340 --- [ecommerce] [scheduling-1] c.d.e.service.SincronizacaoService       : Lendo VW_ECOMMERCE_PRECOS no banco de dados...
2026-09-06T17:33:00.064-03:00  INFO 12340 --- [ecommerce] [scheduling-1] c.d.e.service.SincronizacaoService       : Ciclo finalizado. Total de atualizações enviadas: 0
2026-09-06T17:33:00.064-03:00  INFO 12340 --- [ecommerce] [scheduling-1] c.d.e.s.SincronizacaoEstoqueService      : [ESTOQUE] Lendo VW_ECOMMERCE_ESTOQUE no banco de dados...
2026-09-06T17:33:00.097-03:00  INFO 12340 --- [ecommerce] [scheduling-1] c.d.e.s.SincronizacaoEstoqueService      : [ESTOQUE] Ciclo finalizado. Total de atualizações enviadas: 0
2026-09-06T17:34:00.000-03:00  INFO 12340 --- [ecommerce] [scheduling-1] c.d.e.s.SincronizacaoEstoqueService      : [ESTOQUE] Lendo VW_ECOMMERCE_ESTOQUE no banco de dados...
2026-09-06T17:34:00.084-03:00  INFO 12340 --- [ecommerce] [scheduling-1] c.d.e.s.SincronizacaoEstoqueService      : [ESTOQUE] Ciclo finalizado. Total de atualizações enviadas: 0
2026-09-06T17:34:00.085-03:00  INFO 12340 --- [ecommerce] [scheduling-1] c.d.e.service.SincronizacaoService       : Lendo VW_ECOMMERCE_PRECOS no banco de dados...
2026-09-06T17:34:00.128-03:00  INFO 12340 --- [ecommerce] [scheduling-1] c.d.e.service.SincronizacaoService       : Ciclo finalizado. Total de atualizações enviadas: 0
2026-09-06T17:35:00.000-03:00  INFO 12340 --- [ecommerce] [scheduling-1] c.d.e.service.SincronizacaoService       : Lendo VW_ECOMMERCE_PRECOS no banco de dados...
2026-09-06T17:35:00.068-03:00  INFO 12340 --- [ecommerce] [scheduling-1] c.d.e.service.SincronizacaoService       : Ciclo finalizado. Total de atualizações enviadas: 0
2026-09-06T17:35:00.069-03:00  INFO 12340 --- [ecommerce] [scheduling-1] c.d.e.s.SincronizacaoEstoqueService      : [ESTOQUE] Lendo VW_ECOMMERCE_ESTOQUE no banco de dados...
2026-09-06T17:35:00.108-03:00  INFO 12340 --- [ecommerce] [scheduling-1] c.d.e.s.SincronizacaoEstoqueService      : [ESTOQUE] Ciclo finalizado. Total de atualizações enviadas: 0
2026-09-06T17:36:00.000-03:00  INFO 12340 --- [ecommerce] [scheduling-1] c.d.e.s.SincronizacaoEstoqueService      : [ESTOQUE] Lendo VW_ECOMMERCE_ESTOQUE no banco de dados...
2026-09-06T17:36:00.082-03:00  INFO 12340 --- [ecommerce] [scheduling-1] c.d.e.s.SincronizacaoEstoqueService      : [ESTOQUE] Ciclo finalizado. Total de atualizações enviadas: 0
2026-09-06T17:36:00.082-03:00  INFO 12340 --- [ecommerce] [scheduling-1] c.d.e.service.SincronizacaoService       : Lendo VW_ECOMMERCE_PRECOS no banco de dados...
2026-09-06T17:36:00.130-03:00  INFO 12340 --- [ecommerce] [scheduling-1] c.d.e.service.SincronizacaoService       : Ciclo finalizado. Total de atualizações enviadas: 0
2026-09-06T17:37:00.001-03:00  INFO 12340 --- [ecommerce] [scheduling-1] c.d.e.service.SincronizacaoService       : Lendo VW_ECOMMERCE_PRECOS no banco de dados...
2026-09-06T17:37:00.105-03:00  INFO 12340 --- [ecommerce] [scheduling-1] c.d.e.service.SincronizacaoService       : Ciclo finalizado. Total de atualizações enviadas: 0
2026-09-06T17:37:00.106-03:00  INFO 12340 --- [ecommerce] [scheduling-1] c.d.e.s.SincronizacaoEstoqueService      : [ESTOQUE] Lendo VW_ECOMMERCE_ESTOQUE no banco de dados...
2026-09-06T17:37:00.145-03:00  INFO 12340 --- [ecommerce] [scheduling-1] c.d.e.s.SincronizacaoEstoqueService      : [ESTOQUE] Ciclo finalizado. Total de atualizações enviadas: 0
2026-09-06T17:38:00.000-03:00  INFO 12340 --- [ecommerce] [scheduling-1] c.d.e.service.SincronizacaoService       : Lendo VW_ECOMMERCE_PRECOS no banco de dados...
2026-09-06T17:38:00.078-03:00  INFO 12340 --- [ecommerce] [scheduling-1] c.d.e.service.SincronizacaoService       : Ciclo finalizado. Total de atualizações enviadas: 0
2026-09-06T17:38:00.078-03:00  INFO 12340 --- [ecommerce] [scheduling-1] c.d.e.s.SincronizacaoEstoqueService      : [ESTOQUE] Lendo VW_ECOMMERCE_ESTOQUE no banco de dados...
2026-09-06T17:38:00.119-03:00  INFO 12340 --- [ecommerce] [scheduling-1] c.d.e.s.SincronizacaoEstoqueService      : [ESTOQUE] Ciclo finalizado. Total de atualizações enviadas: 0
2026-09-06T17:38:59.999-03:00  INFO 12340 --- [ecommerce] [scheduling-1] c.d.e.s.SincronizacaoEstoqueService      : [ESTOQUE] Lendo VW_ECOMMERCE_ESTOQUE no banco de dados...
2026-09-06T17:39:00.059-03:00  INFO 12340 --- [ecommerce] [scheduling-1] c.d.e.s.SincronizacaoEstoqueService      : [ESTOQUE] Ciclo finalizado. Total de atualizações enviadas: 0
2026-09-06T17:39:00.060-03:00  INFO 12340 --- [ecommerce] [scheduling-1] c.d.e.service.SincronizacaoService       : Lendo VW_ECOMMERCE_PRECOS no banco de dados...
2026-09-06T17:39:00.103-03:00  INFO 12340 --- [ecommerce] [scheduling-1] c.d.e.service.SincronizacaoService       : Ciclo finalizado. Total de atualizações enviadas: 0
2026-09-06T17:40:00.001-03:00  INFO 12340 --- [ecommerce] [scheduling-1] c.d.e.s.SincronizacaoEstoqueService      : [ESTOQUE] Lendo VW_ECOMMERCE_ESTOQUE no banco de dados...
2026-09-06T17:40:00.052-03:00  INFO 12340 --- [ecommerce] [scheduling-1] c.d.e.s.SincronizacaoEstoqueService      : [ESTOQUE] Ciclo finalizado. Total de atualizações enviadas: 0
2026-09-06T17:40:00.053-03:00  INFO 12340 --- [ecommerce] [scheduling-1] c.d.e.service.SincronizacaoService       : Lendo VW_ECOMMERCE_PRECOS no banco de dados...
2026-09-06T17:40:00.099-03:00  INFO 12340 --- [ecommerce] [scheduling-1] c.d.e.service.SincronizacaoService       : Ciclo finalizado. Total de atualizações enviadas: 0
2026-09-06T17:41:00.000-03:00  INFO 12340 --- [ecommerce] [scheduling-1] c.d.e.service.SincronizacaoService       : Lendo VW_ECOMMERCE_PRECOS no banco de dados...
2026-09-06T17:41:00.059-03:00  INFO 12340 --- [ecommerce] [scheduling-1] c.d.e.service.SincronizacaoService       : Ciclo finalizado. Total de atualizações enviadas: 0
2026-09-06T17:41:00.059-03:00  INFO 12340 --- [ecommerce] [scheduling-1] c.d.e.s.SincronizacaoEstoqueService      : [ESTOQUE] Lendo VW_ECOMMERCE_ESTOQUE no banco de dados...
2026-09-06T17:41:00.092-03:00  INFO 12340 --- [ecommerce] [scheduling-1] c.d.e.s.SincronizacaoEstoqueService      : [ESTOQUE] Ciclo finalizado. Total de atualizações enviadas: 0
2026-09-06T17:42:00.000-03:00  INFO 12340 --- [ecommerce] [scheduling-1] c.d.e.s.SincronizacaoEstoqueService      : [ESTOQUE] Lendo VW_ECOMMERCE_ESTOQUE no banco de dados...
2026-09-06T17:42:00.097-03:00  INFO 12340 --- [ecommerce] [scheduling-1] c.d.e.s.SincronizacaoEstoqueService      : [ESTOQUE] Ciclo finalizado. Total de atualizações enviadas: 0
2026-09-06T17:42:00.098-03:00  INFO 12340 --- [ecommerce] [scheduling-1] c.d.e.service.SincronizacaoService       : Lendo VW_ECOMMERCE_PRECOS no banco de dados...
2026-09-06T17:42:00.144-03:00  INFO 12340 --- [ecommerce] [scheduling-1] c.d.e.service.SincronizacaoService       : Ciclo finalizado. Total de atualizações enviadas: 0
2026-09-06T17:42:59.999-03:00  INFO 12340 --- [ecommerce] [scheduling-1] c.d.e.s.SincronizacaoEstoqueService      : [ESTOQUE] Lendo VW_ECOMMERCE_ESTOQUE no banco de dados...
2026-09-06T17:43:00.045-03:00  INFO 12340 --- [ecommerce] [scheduling-1] c.d.e.s.SincronizacaoEstoqueService      : [ESTOQUE] Ciclo finalizado. Total de atualizações enviadas: 0
2026-09-06T17:43:00.046-03:00  INFO 12340 --- [ecommerce] [scheduling-1] c.d.e.service.SincronizacaoService       : Lendo VW_ECOMMERCE_PRECOS no banco de dados...
2026-09-06T17:43:00.098-03:00  INFO 12340 --- [ecommerce] [scheduling-1] c.d.e.service.SincronizacaoService       : Ciclo finalizado. Total de atualizações enviadas: 0
2026-09-06T17:43:59.999-03:00  INFO 12340 --- [ecommerce] [scheduling-1] c.d.e.service.SincronizacaoService       : Lendo VW_ECOMMERCE_PRECOS no banco de dados...
2026-09-06T17:44:00.130-03:00  INFO 12340 --- [ecommerce] [scheduling-1] c.d.e.service.SincronizacaoService       : Ciclo finalizado. Total de atualizações enviadas: 0
2026-09-06T17:44:00.130-03:00  INFO 12340 --- [ecommerce] [scheduling-1] c.d.e.s.SincronizacaoEstoqueService      : [ESTOQUE] Lendo VW_ECOMMERCE_ESTOQUE no banco de dados...
2026-09-06T17:44:00.171-03:00  INFO 12340 --- [ecommerce] [scheduling-1] c.d.e.s.SincronizacaoEstoqueService      : [ESTOQUE] Ciclo finalizado. Total de atualizações enviadas: 0
2026-09-06T17:45:00.001-03:00  INFO 12340 --- [ecommerce] [scheduling-1] c.d.e.service.SincronizacaoService       : Lendo VW_ECOMMERCE_PRECOS no banco de dados...
2026-09-06T17:45:00.160-03:00  INFO 12340 --- [ecommerce] [scheduling-1] c.d.e.service.SincronizacaoService       : Ciclo finalizado. Total de atualizações enviadas: 0
2026-09-06T17:45:00.160-03:00  INFO 12340 --- [ecommerce] [scheduling-1] c.d.e.s.SincronizacaoEstoqueService      : [ESTOQUE] Lendo VW_ECOMMERCE_ESTOQUE no banco de dados...
2026-09-06T17:45:00.231-03:00  INFO 12340 --- [ecommerce] [scheduling-1] c.d.e.s.SincronizacaoEstoqueService      : [ESTOQUE] Ciclo finalizado. Total de atualizações enviadas: 0
2026-09-06T17:46:00.000-03:00  INFO 12340 --- [ecommerce] [scheduling-1] c.d.e.s.SincronizacaoEstoqueService      : [ESTOQUE] Lendo VW_ECOMMERCE_ESTOQUE no banco de dados...
2026-09-06T17:46:00.075-03:00  INFO 12340 --- [ecommerce] [scheduling-1] c.d.e.s.SincronizacaoEstoqueService      : [ESTOQUE] Ciclo finalizado. Total de atualizações enviadas: 0
2026-09-06T17:46:00.076-03:00  INFO 12340 --- [ecommerce] [scheduling-1] c.d.e.service.SincronizacaoService       : Lendo VW_ECOMMERCE_PRECOS no banco de dados...
2026-09-06T17:46:00.164-03:00  INFO 12340 --- [ecommerce] [scheduling-1] c.d.e.service.SincronizacaoService       : Ciclo finalizado. Total de atualizações enviadas: 0
2026-09-06T17:47:00.000-03:00  INFO 12340 --- [ecommerce] [scheduling-1] c.d.e.s.SincronizacaoEstoqueService      : [ESTOQUE] Lendo VW_ECOMMERCE_ESTOQUE no banco de dados...
2026-09-06T17:47:00.067-03:00  INFO 12340 --- [ecommerce] [scheduling-1] c.d.e.s.SincronizacaoEstoqueService      : [ESTOQUE] Ciclo finalizado. Total de atualizações enviadas: 0
2026-09-06T17:47:00.068-03:00  INFO 12340 --- [ecommerce] [scheduling-1] c.d.e.service.SincronizacaoService       : Lendo VW_ECOMMERCE_PRECOS no banco de dados...
2026-09-06T17:47:00.146-03:00  INFO 12340 --- [ecommerce] [scheduling-1] c.d.e.service.SincronizacaoService       : Ciclo finalizado. Total de atualizações enviadas: 0
2026-09-06T17:48:00.000-03:00  INFO 12340 --- [ecommerce] [scheduling-1] c.d.e.s.SincronizacaoEstoqueService      : [ESTOQUE] Lendo VW_ECOMMERCE_ESTOQUE no banco de dados...
2026-09-06T17:48:00.045-03:00  INFO 12340 --- [ecommerce] [scheduling-1] c.d.e.s.SincronizacaoEstoqueService      : [ESTOQUE] Ciclo finalizado. Total de atualizações enviadas: 0
2026-09-06T17:48:00.045-03:00  INFO 12340 --- [ecommerce] [scheduling-1] c.d.e.service.SincronizacaoService       : Lendo VW_ECOMMERCE_PRECOS no banco de dados...
2026-09-06T17:48:00.121-03:00  INFO 12340 --- [ecommerce] [scheduling-1] c.d.e.service.SincronizacaoService       : Ciclo finalizado. Total de atualizações enviadas: 0
2026-09-06T17:49:00.000-03:00  INFO 12340 --- [ecommerce] [scheduling-1] c.d.e.s.SincronizacaoEstoqueService      : [ESTOQUE] Lendo VW_ECOMMERCE_ESTOQUE no banco de dados...
2026-09-06T17:49:00.060-03:00  INFO 12340 --- [ecommerce] [scheduling-1] c.d.e.s.SincronizacaoEstoqueService      : [ESTOQUE] Ciclo finalizado. Total de atualizações enviadas: 0
2026-09-06T17:49:00.061-03:00  INFO 12340 --- [ecommerce] [scheduling-1] c.d.e.service.SincronizacaoService       : Lendo VW_ECOMMERCE_PRECOS no banco de dados...
2026-09-06T17:49:00.139-03:00  INFO 12340 --- [ecommerce] [scheduling-1] c.d.e.service.SincronizacaoService       : Ciclo finalizado. Total de atualizações enviadas: 0
2026-09-06T17:50:00.000-03:00  INFO 12340 --- [ecommerce] [scheduling-1] c.d.e.service.SincronizacaoService       : Lendo VW_ECOMMERCE_PRECOS no banco de dados...
2026-09-06T17:50:00.091-03:00  INFO 12340 --- [ecommerce] [scheduling-1] c.d.e.service.SincronizacaoService       : Ciclo finalizado. Total de atualizações enviadas: 0
2026-09-06T17:50:00.091-03:00  INFO 12340 --- [ecommerce] [scheduling-1] c.d.e.s.SincronizacaoEstoqueService      : [ESTOQUE] Lendo VW_ECOMMERCE_ESTOQUE no banco de dados...
2026-09-06T17:50:00.126-03:00  INFO 12340 --- [ecommerce] [scheduling-1] c.d.e.s.SincronizacaoEstoqueService      : [ESTOQUE] Ciclo finalizado. Total de atualizações enviadas: 0
2026-09-06T17:50:59.999-03:00  INFO 12340 --- [ecommerce] [scheduling-1] c.d.e.service.SincronizacaoService       : Lendo VW_ECOMMERCE_PRECOS no banco de dados...
2026-09-06T17:51:00.132-03:00  INFO 12340 --- [ecommerce] [scheduling-1] c.d.e.service.SincronizacaoService       : Ciclo finalizado. Total de atualizações enviadas: 0
2026-09-06T17:51:00.133-03:00  INFO 12340 --- [ecommerce] [scheduling-1] c.d.e.s.SincronizacaoEstoqueService      : [ESTOQUE] Lendo VW_ECOMMERCE_ESTOQUE no banco de dados...
2026-09-06T17:51:00.173-03:00  INFO 12340 --- [ecommerce] [scheduling-1] c.d.e.s.SincronizacaoEstoqueService      : [ESTOQUE] Ciclo finalizado. Total de atualizações enviadas: 0
2026-09-06T17:52:00.000-03:00  INFO 12340 --- [ecommerce] [scheduling-1] c.d.e.service.SincronizacaoService       : Lendo VW_ECOMMERCE_PRECOS no banco de dados...
2026-09-06T17:52:00.091-03:00  INFO 12340 --- [ecommerce] [scheduling-1] c.d.e.service.SincronizacaoService       : Ciclo finalizado. Total de atualizações enviadas: 0
2026-09-06T17:52:00.091-03:00  INFO 12340 --- [ecommerce] [scheduling-1] c.d.e.s.SincronizacaoEstoqueService      : [ESTOQUE] Lendo VW_ECOMMERCE_ESTOQUE no banco de dados...
2026-09-06T17:52:00.133-03:00  INFO 12340 --- [ecommerce] [scheduling-1] c.d.e.s.SincronizacaoEstoqueService      : [ESTOQUE] Ciclo finalizado. Total de atualizações enviadas: 0
2026-09-06T17:53:00.000-03:00  INFO 12340 --- [ecommerce] [scheduling-1] c.d.e.s.SincronizacaoEstoqueService      : [ESTOQUE] Lendo VW_ECOMMERCE_ESTOQUE no banco de dados...
2026-09-06T17:53:00.093-03:00  INFO 12340 --- [ecommerce] [scheduling-1] c.d.e.s.SincronizacaoEstoqueService      : [ESTOQUE] Ciclo finalizado. Total de atualizações enviadas: 0
2026-09-06T17:53:00.094-03:00  INFO 12340 --- [ecommerce] [scheduling-1] c.d.e.service.SincronizacaoService       : Lendo VW_ECOMMERCE_PRECOS no banco de dados...
2026-09-06T17:53:00.173-03:00  INFO 12340 --- [ecommerce] [scheduling-1] c.d.e.service.SincronizacaoService       : Ciclo finalizado. Total de atualizações enviadas: 0
2026-09-06T17:54:00.000-03:00  INFO 12340 --- [ecommerce] [scheduling-1] c.d.e.s.SincronizacaoEstoqueService      : [ESTOQUE] Lendo VW_ECOMMERCE_ESTOQUE no banco de dados...
2026-09-06T17:54:00.058-03:00  INFO 12340 --- [ecommerce] [scheduling-1] c.d.e.s.SincronizacaoEstoqueService      : [ESTOQUE] Ciclo finalizado. Total de atualizações enviadas: 0
2026-09-06T17:54:00.059-03:00  INFO 12340 --- [ecommerce] [scheduling-1] c.d.e.service.SincronizacaoService       : Lendo VW_ECOMMERCE_PRECOS no banco de dados...
2026-09-06T17:54:00.136-03:00  INFO 12340 --- [ecommerce] [scheduling-1] c.d.e.service.SincronizacaoService       : Ciclo finalizado. Total de atualizações enviadas: 0
2026-09-06T17:55:00.000-03:00  INFO 12340 --- [ecommerce] [scheduling-1] c.d.e.service.SincronizacaoService       : Lendo VW_ECOMMERCE_PRECOS no banco de dados...
2026-09-06T17:55:00.129-03:00  INFO 12340 --- [ecommerce] [scheduling-1] c.d.e.service.SincronizacaoService       : Ciclo finalizado. Total de atualizações enviadas: 0
2026-09-06T17:55:00.130-03:00  INFO 12340 --- [ecommerce] [scheduling-1] c.d.e.s.SincronizacaoEstoqueService      : [ESTOQUE] Lendo VW_ECOMMERCE_ESTOQUE no banco de dados...
2026-09-06T17:55:00.167-03:00  INFO 12340 --- [ecommerce] [scheduling-1] c.d.e.s.SincronizacaoEstoqueService      : [ESTOQUE] Ciclo finalizado. Total de atualizações enviadas: 0
2026-09-06T17:56:00.000-03:00  INFO 12340 --- [ecommerce] [scheduling-1] c.d.e.s.SincronizacaoEstoqueService      : [ESTOQUE] Lendo VW_ECOMMERCE_ESTOQUE no banco de dados...
2026-09-06T17:56:00.103-03:00  INFO 12340 --- [ecommerce] [scheduling-1] c.d.e.s.SincronizacaoEstoqueService      : [ESTOQUE] Ciclo finalizado. Total de atualizações enviadas: 0
2026-09-06T17:56:00.104-03:00  INFO 12340 --- [ecommerce] [scheduling-1] c.d.e.service.SincronizacaoService       : Lendo VW_ECOMMERCE_PRECOS no banco de dados...
2026-09-06T17:56:00.194-03:00  INFO 12340 --- [ecommerce] [scheduling-1] c.d.e.service.SincronizacaoService       : Ciclo finalizado. Total de atualizações enviadas: 0
2026-09-06T17:57:00.000-03:00  INFO 12340 --- [ecommerce] [scheduling-1] c.d.e.service.SincronizacaoService       : Lendo VW_ECOMMERCE_PRECOS no banco de dados...
2026-09-06T17:57:00.101-03:00  INFO 12340 --- [ecommerce] [scheduling-1] c.d.e.service.SincronizacaoService       : Ciclo finalizado. Total de atualizações enviadas: 0
2026-09-06T17:57:00.101-03:00  INFO 12340 --- [ecommerce] [scheduling-1] c.d.e.s.SincronizacaoEstoqueService      : [ESTOQUE] Lendo VW_ECOMMERCE_ESTOQUE no banco de dados...
2026-09-06T17:57:00.139-03:00  INFO 12340 --- [ecommerce] [scheduling-1] c.d.e.s.SincronizacaoEstoqueService      : [ESTOQUE] Ciclo finalizado. Total de atualizações enviadas: 0
2026-09-06T17:58:00.000-03:00  INFO 12340 --- [ecommerce] [scheduling-1] c.d.e.s.SincronizacaoEstoqueService      : [ESTOQUE] Lendo VW_ECOMMERCE_ESTOQUE no banco de dados...
2026-09-06T17:58:00.085-03:00  INFO 12340 --- [ecommerce] [scheduling-1] c.d.e.s.SincronizacaoEstoqueService      : [ESTOQUE] Ciclo finalizado. Total de atualizações enviadas: 0
2026-09-06T17:58:00.085-03:00  INFO 12340 --- [ecommerce] [scheduling-1] c.d.e.service.SincronizacaoService       : Lendo VW_ECOMMERCE_PRECOS no banco de dados...
2026-09-06T17:58:00.175-03:00  INFO 12340 --- [ecommerce] [scheduling-1] c.d.e.service.SincronizacaoService       : Ciclo finalizado. Total de atualizações enviadas: 0
2026-09-06T17:59:00.000-03:00  INFO 12340 --- [ecommerce] [scheduling-1] c.d.e.s.SincronizacaoEstoqueService      : [ESTOQUE] Lendo VW_ECOMMERCE_ESTOQUE no banco de dados...
2026-09-06T17:59:00.051-03:00  INFO 12340 --- [ecommerce] [scheduling-1] c.d.e.s.SincronizacaoEstoqueService      : [ESTOQUE] Ciclo finalizado. Total de atualizações enviadas: 0
2026-09-06T17:59:00.051-03:00  INFO 12340 --- [ecommerce] [scheduling-1] c.d.e.service.SincronizacaoService       : Lendo VW_ECOMMERCE_PRECOS no banco de dados...
2026-09-06T17:59:00.098-03:00  INFO 12340 --- [ecommerce] [scheduling-1] c.d.e.service.SincronizacaoService       : Ciclo finalizado. Total de atualizações enviadas: 0
2026-09-06T18:00:00.000-03:00  INFO 12340 --- [ecommerce] [scheduling-1] c.d.e.service.SincronizacaoService       : Lendo VW_ECOMMERCE_PRECOS no banco de dados...
2026-09-06T18:00:00.102-03:00  INFO 12340 --- [ecommerce] [scheduling-1] c.d.e.service.SincronizacaoService       : Ciclo finalizado. Total de atualizações enviadas: 0
2026-09-06T18:00:00.102-03:00  INFO 12340 --- [ecommerce] [scheduling-1] c.d.e.s.SincronizacaoEstoqueService      : [ESTOQUE] Lendo VW_ECOMMERCE_ESTOQUE no banco de dados...
2026-09-06T18:00:00.125-03:00  INFO 12340 --- [ecommerce] [scheduling-1] c.d.e.s.SincronizacaoEstoqueService      : [ESTOQUE] Ciclo finalizado. Total de atualizações enviadas: 0
2026-09-06T18:01:00.000-03:00  INFO 12340 --- [ecommerce] [scheduling-1] c.d.e.service.SincronizacaoService       : Lendo VW_ECOMMERCE_PRECOS no banco de dados...
2026-09-06T18:01:00.070-03:00  INFO 12340 --- [ecommerce] [scheduling-1] c.d.e.service.SincronizacaoService       : Ciclo finalizado. Total de atualizações enviadas: 0
2026-09-06T18:01:00.070-03:00  INFO 12340 --- [ecommerce] [scheduling-1] c.d.e.s.SincronizacaoEstoqueService      : [ESTOQUE] Lendo VW_ECOMMERCE_ESTOQUE no banco de dados...
2026-09-06T18:01:00.109-03:00  INFO 12340 --- [ecommerce] [scheduling-1] c.d.e.s.SincronizacaoEstoqueService      : [ESTOQUE] Ciclo finalizado. Total de atualizações enviadas: 0
2026-09-06T18:02:00.000-03:00  INFO 12340 --- [ecommerce] [scheduling-1] c.d.e.s.SincronizacaoEstoqueService      : [ESTOQUE] Lendo VW_ECOMMERCE_ESTOQUE no banco de dados...
2026-09-06T18:02:00.083-03:00  INFO 12340 --- [ecommerce] [scheduling-1] c.d.e.s.SincronizacaoEstoqueService      : [ESTOQUE] Ciclo finalizado. Total de atualizações enviadas: 0
2026-09-06T18:02:00.084-03:00  INFO 12340 --- [ecommerce] [scheduling-1] c.d.e.service.SincronizacaoService       : Lendo VW_ECOMMERCE_PRECOS no banco de dados...
2026-09-06T18:02:00.148-03:00  INFO 12340 --- [ecommerce] [scheduling-1] c.d.e.service.SincronizacaoService       : Ciclo finalizado. Total de atualizações enviadas: 0
2026-09-06T18:03:00.000-03:00  INFO 12340 --- [ecommerce] [scheduling-1] c.d.e.s.SincronizacaoEstoqueService      : [ESTOQUE] Lendo VW_ECOMMERCE_ESTOQUE no banco de dados...
2026-09-06T18:03:00.150-03:00  INFO 12340 --- [ecommerce] [scheduling-1] c.d.e.s.SincronizacaoEstoqueService      : [ESTOQUE] Ciclo finalizado. Total de atualizações enviadas: 0
2026-09-06T18:03:00.150-03:00  INFO 12340 --- [ecommerce] [scheduling-1] c.d.e.service.SincronizacaoService       : Lendo VW_ECOMMERCE_PRECOS no banco de dados...
2026-09-06T18:03:00.327-03:00  INFO 12340 --- [ecommerce] [scheduling-1] c.d.e.service.SincronizacaoService       : Ciclo finalizado. Total de atualizações enviadas: 0
2026-09-06T18:04:00.001-03:00  INFO 12340 --- [ecommerce] [scheduling-1] c.d.e.s.SincronizacaoEstoqueService      : [ESTOQUE] Lendo VW_ECOMMERCE_ESTOQUE no banco de dados...
2026-09-06T18:04:00.064-03:00  INFO 12340 --- [ecommerce] [scheduling-1] c.d.e.s.SincronizacaoEstoqueService      : [ESTOQUE] Ciclo finalizado. Total de atualizações enviadas: 0
2026-09-06T18:04:00.064-03:00  INFO 12340 --- [ecommerce] [scheduling-1] c.d.e.service.SincronizacaoService       : Lendo VW_ECOMMERCE_PRECOS no banco de dados...
2026-09-06T18:04:00.125-03:00  INFO 12340 --- [ecommerce] [scheduling-1] c.d.e.service.SincronizacaoService       : Ciclo finalizado. Total de atualizações enviadas: 0
2026-09-06T18:05:00.000-03:00  INFO 12340 --- [ecommerce] [scheduling-1] c.d.e.service.SincronizacaoService       : Lendo VW_ECOMMERCE_PRECOS no banco de dados...
2026-09-06T18:05:00.258-03:00  INFO 12340 --- [ecommerce] [scheduling-1] c.d.e.service.SincronizacaoService       : Ciclo finalizado. Total de atualizações enviadas: 0
2026-09-06T18:05:00.258-03:00  INFO 12340 --- [ecommerce] [scheduling-1] c.d.e.s.SincronizacaoEstoqueService      : [ESTOQUE] Lendo VW_ECOMMERCE_ESTOQUE no banco de dados...
2026-09-06T18:05:00.295-03:00  INFO 12340 --- [ecommerce] [scheduling-1] c.d.e.s.SincronizacaoEstoqueService      : [ESTOQUE] Ciclo finalizado. Total de atualizações enviadas: 0
2026-09-06T18:06:00.000-03:00  INFO 12340 --- [ecommerce] [scheduling-1] c.d.e.s.SincronizacaoEstoqueService      : [ESTOQUE] Lendo VW_ECOMMERCE_ESTOQUE no banco de dados...
2026-09-06T18:06:00.030-03:00  INFO 12340 --- [ecommerce] [scheduling-1] c.d.e.s.SincronizacaoEstoqueService      : [ESTOQUE] Ciclo finalizado. Total de atualizações enviadas: 0
2026-09-06T18:06:00.031-03:00  INFO 12340 --- [ecommerce] [scheduling-1] c.d.e.service.SincronizacaoService       : Lendo VW_ECOMMERCE_PRECOS no banco de dados...
2026-09-06T18:06:00.119-03:00  INFO 12340 --- [ecommerce] [scheduling-1] c.d.e.service.SincronizacaoService       : Ciclo finalizado. Total de atualizações enviadas: 0
2026-09-06T18:07:00.000-03:00  INFO 12340 --- [ecommerce] [scheduling-1] c.d.e.service.SincronizacaoService       : Lendo VW_ECOMMERCE_PRECOS no banco de dados...
2026-09-06T18:07:00.175-03:00  INFO 12340 --- [ecommerce] [scheduling-1] c.d.e.service.SincronizacaoService       : Ciclo finalizado. Total de atualizações enviadas: 0
2026-09-06T18:07:00.176-03:00  INFO 12340 --- [ecommerce] [scheduling-1] c.d.e.s.SincronizacaoEstoqueService      : [ESTOQUE] Lendo VW_ECOMMERCE_ESTOQUE no banco de dados...
2026-09-06T18:07:00.216-03:00  INFO 12340 --- [ecommerce] [scheduling-1] c.d.e.s.SincronizacaoEstoqueService      : [ESTOQUE] Ciclo finalizado. Total de atualizações enviadas: 0
2026-09-06T18:08:00.000-03:00  INFO 12340 --- [ecommerce] [scheduling-1] c.d.e.service.SincronizacaoService       : Lendo VW_ECOMMERCE_PRECOS no banco de dados...
2026-09-06T18:08:00.135-03:00  INFO 12340 --- [ecommerce] [scheduling-1] c.d.e.service.SincronizacaoService       : Ciclo finalizado. Total de atualizações enviadas: 0
2026-09-06T18:08:00.135-03:00  INFO 12340 --- [ecommerce] [scheduling-1] c.d.e.s.SincronizacaoEstoqueService      : [ESTOQUE] Lendo VW_ECOMMERCE_ESTOQUE no banco de dados...
2026-09-06T18:08:00.172-03:00  INFO 12340 --- [ecommerce] [scheduling-1] c.d.e.s.SincronizacaoEstoqueService      : [ESTOQUE] Ciclo finalizado. Total de atualizações enviadas: 0
2026-09-06T18:09:00.000-03:00  INFO 12340 --- [ecommerce] [scheduling-1] c.d.e.service.SincronizacaoService       : Lendo VW_ECOMMERCE_PRECOS no banco de dados...
2026-09-06T18:09:00.171-03:00  INFO 12340 --- [ecommerce] [scheduling-1] c.d.e.service.SincronizacaoService       : Ciclo finalizado. Total de atualizações enviadas: 0
2026-09-06T18:09:00.172-03:00  INFO 12340 --- [ecommerce] [scheduling-1] c.d.e.s.SincronizacaoEstoqueService      : [ESTOQUE] Lendo VW_ECOMMERCE_ESTOQUE no banco de dados...
2026-09-06T18:09:00.211-03:00  INFO 12340 --- [ecommerce] [scheduling-1] c.d.e.s.SincronizacaoEstoqueService      : [ESTOQUE] Ciclo finalizado. Total de atualizações enviadas: 0
2026-09-06T18:10:00.001-03:00  INFO 12340 --- [ecommerce] [scheduling-1] c.d.e.s.SincronizacaoEstoqueService      : [ESTOQUE] Lendo VW_ECOMMERCE_ESTOQUE no banco de dados...
2026-09-06T18:10:00.090-03:00  INFO 12340 --- [ecommerce] [scheduling-1] c.d.e.s.SincronizacaoEstoqueService      : [ESTOQUE] Ciclo finalizado. Total de atualizações enviadas: 0
2026-09-06T18:10:00.091-03:00  INFO 12340 --- [ecommerce] [scheduling-1] c.d.e.service.SincronizacaoService       : Lendo VW_ECOMMERCE_PRECOS no banco de dados...
2026-09-06T18:10:00.208-03:00  INFO 12340 --- [ecommerce] [scheduling-1] c.d.e.service.SincronizacaoService       : Ciclo finalizado. Total de atualizações enviadas: 0
2026-09-06T18:11:00.000-03:00  INFO 12340 --- [ecommerce] [scheduling-1] c.d.e.s.SincronizacaoEstoqueService      : [ESTOQUE] Lendo VW_ECOMMERCE_ESTOQUE no banco de dados...
2026-09-06T18:11:00.086-03:00  INFO 12340 --- [ecommerce] [scheduling-1] c.d.e.s.SincronizacaoEstoqueService      : [ESTOQUE] Ciclo finalizado. Total de atualizações enviadas: 0
2026-09-06T18:11:00.087-03:00  INFO 12340 --- [ecommerce] [scheduling-1] c.d.e.service.SincronizacaoService       : Lendo VW_ECOMMERCE_PRECOS no banco de dados...
2026-09-06T18:11:00.159-03:00  INFO 12340 --- [ecommerce] [scheduling-1] c.d.e.service.SincronizacaoService       : Ciclo finalizado. Total de atualizações enviadas: 0
2026-09-06T18:11:59.999-03:00  INFO 12340 --- [ecommerce] [scheduling-1] c.d.e.s.SincronizacaoEstoqueService      : [ESTOQUE] Lendo VW_ECOMMERCE_ESTOQUE no banco de dados...
2026-09-06T18:12:00.175-03:00  INFO 12340 --- [ecommerce] [scheduling-1] c.d.e.s.SincronizacaoEstoqueService      : [ESTOQUE] Ciclo finalizado. Total de atualizações enviadas: 0
2026-09-06T18:12:00.175-03:00  INFO 12340 --- [ecommerce] [scheduling-1] c.d.e.service.SincronizacaoService       : Lendo VW_ECOMMERCE_PRECOS no banco de dados...
2026-09-06T18:12:00.248-03:00  INFO 12340 --- [ecommerce] [scheduling-1] c.d.e.service.SincronizacaoService       : Ciclo finalizado. Total de atualizações enviadas: 0
2026-09-06T18:13:00.000-03:00  INFO 12340 --- [ecommerce] [scheduling-1] c.d.e.s.SincronizacaoEstoqueService      : [ESTOQUE] Lendo VW_ECOMMERCE_ESTOQUE no banco de dados...
2026-09-06T18:13:00.066-03:00  INFO 12340 --- [ecommerce] [scheduling-1] c.d.e.s.SincronizacaoEstoqueService      : [ESTOQUE] Ciclo finalizado. Total de atualizações enviadas: 0
2026-09-06T18:13:00.066-03:00  INFO 12340 --- [ecommerce] [scheduling-1] c.d.e.service.SincronizacaoService       : Lendo VW_ECOMMERCE_PRECOS no banco de dados...
2026-09-06T18:13:00.278-03:00  INFO 12340 --- [ecommerce] [scheduling-1] c.d.e.service.SincronizacaoService       : Ciclo finalizado. Total de atualizações enviadas: 0
2026-09-06T18:14:00.000-03:00  INFO 12340 --- [ecommerce] [scheduling-1] c.d.e.service.SincronizacaoService       : Lendo VW_ECOMMERCE_PRECOS no banco de dados...
2026-09-06T18:14:00.102-03:00  INFO 12340 --- [ecommerce] [scheduling-1] c.d.e.service.SincronizacaoService       : Ciclo finalizado. Total de atualizações enviadas: 0
2026-09-06T18:14:00.103-03:00  INFO 12340 --- [ecommerce] [scheduling-1] c.d.e.s.SincronizacaoEstoqueService      : [ESTOQUE] Lendo VW_ECOMMERCE_ESTOQUE no banco de dados...
2026-09-06T18:14:00.137-03:00  INFO 12340 --- [ecommerce] [scheduling-1] c.d.e.s.SincronizacaoEstoqueService      : [ESTOQUE] Ciclo finalizado. Total de atualizações enviadas: 0
2026-09-06T18:15:00.000-03:00  INFO 12340 --- [ecommerce] [scheduling-1] c.d.e.service.SincronizacaoService       : Lendo VW_ECOMMERCE_PRECOS no banco de dados...
2026-09-06T18:15:00.089-03:00  INFO 12340 --- [ecommerce] [scheduling-1] c.d.e.service.SincronizacaoService       : Ciclo finalizado. Total de atualizações enviadas: 0
2026-09-06T18:15:00.090-03:00  INFO 12340 --- [ecommerce] [scheduling-1] c.d.e.s.SincronizacaoEstoqueService      : [ESTOQUE] Lendo VW_ECOMMERCE_ESTOQUE no banco de dados...
2026-09-06T18:15:00.121-03:00  INFO 12340 --- [ecommerce] [scheduling-1] c.d.e.s.SincronizacaoEstoqueService      : [ESTOQUE] Ciclo finalizado. Total de atualizações enviadas: 0
2026-09-06T18:16:00.000-03:00  INFO 12340 --- [ecommerce] [scheduling-1] c.d.e.service.SincronizacaoService       : Lendo VW_ECOMMERCE_PRECOS no banco de dados...
2026-09-06T18:16:00.148-03:00  INFO 12340 --- [ecommerce] [scheduling-1] c.d.e.service.SincronizacaoService       : Ciclo finalizado. Total de atualizações enviadas: 0
2026-09-06T18:16:00.148-03:00  INFO 12340 --- [ecommerce] [scheduling-1] c.d.e.s.SincronizacaoEstoqueService      : [ESTOQUE] Lendo VW_ECOMMERCE_ESTOQUE no banco de dados...
2026-09-06T18:16:00.172-03:00  INFO 12340 --- [ecommerce] [scheduling-1] c.d.e.s.SincronizacaoEstoqueService      : [ESTOQUE] Ciclo finalizado. Total de atualizações enviadas: 0
2026-09-06T18:17:00.001-03:00  INFO 12340 --- [ecommerce] [scheduling-1] c.d.e.s.SincronizacaoEstoqueService      : [ESTOQUE] Lendo VW_ECOMMERCE_ESTOQUE no banco de dados...
2026-09-06T18:17:00.101-03:00  INFO 12340 --- [ecommerce] [scheduling-1] c.d.e.s.SincronizacaoEstoqueService      : [ESTOQUE] Ciclo finalizado. Total de atualizações enviadas: 0
2026-09-06T18:17:00.102-03:00  INFO 12340 --- [ecommerce] [scheduling-1] c.d.e.service.SincronizacaoService       : Lendo VW_ECOMMERCE_PRECOS no banco de dados...
2026-09-06T18:17:00.146-03:00  INFO 12340 --- [ecommerce] [scheduling-1] c.d.e.service.SincronizacaoService       : Ciclo finalizado. Total de atualizações enviadas: 0
2026-09-06T18:18:00.000-03:00  INFO 12340 --- [ecommerce] [scheduling-1] c.d.e.s.SincronizacaoEstoqueService      : [ESTOQUE] Lendo VW_ECOMMERCE_ESTOQUE no banco de dados...
2026-09-06T18:18:00.084-03:00  INFO 12340 --- [ecommerce] [scheduling-1] c.d.e.s.SincronizacaoEstoqueService      : [ESTOQUE] Ciclo finalizado. Total de atualizações enviadas: 0
2026-09-06T18:18:00.084-03:00  INFO 12340 --- [ecommerce] [scheduling-1] c.d.e.service.SincronizacaoService       : Lendo VW_ECOMMERCE_PRECOS no banco de dados...
2026-09-06T18:18:00.180-03:00  INFO 12340 --- [ecommerce] [scheduling-1] c.d.e.service.SincronizacaoService       : Ciclo finalizado. Total de atualizações enviadas: 0
2026-09-06T18:19:00.001-03:00  INFO 12340 --- [ecommerce] [scheduling-1] c.d.e.s.SincronizacaoEstoqueService      : [ESTOQUE] Lendo VW_ECOMMERCE_ESTOQUE no banco de dados...
2026-09-06T18:19:00.095-03:00  INFO 12340 --- [ecommerce] [scheduling-1] c.d.e.s.SincronizacaoEstoqueService      : [ESTOQUE] Ciclo finalizado. Total de atualizações enviadas: 0
2026-09-06T18:19:00.095-03:00  INFO 12340 --- [ecommerce] [scheduling-1] c.d.e.service.SincronizacaoService       : Lendo VW_ECOMMERCE_PRECOS no banco de dados...
2026-09-06T18:19:00.176-03:00  INFO 12340 --- [ecommerce] [scheduling-1] c.d.e.service.SincronizacaoService       : Ciclo finalizado. Total de atualizações enviadas: 0
2026-09-06T18:20:00.000-03:00  INFO 12340 --- [ecommerce] [scheduling-1] c.d.e.s.SincronizacaoEstoqueService      : [ESTOQUE] Lendo VW_ECOMMERCE_ESTOQUE no banco de dados...
2026-09-06T18:20:00.043-03:00  INFO 12340 --- [ecommerce] [scheduling-1] c.d.e.s.SincronizacaoEstoqueService      : [ESTOQUE] Ciclo finalizado. Total de atualizações enviadas: 0
2026-09-06T18:20:00.044-03:00  INFO 12340 --- [ecommerce] [scheduling-1] c.d.e.service.SincronizacaoService       : Lendo VW_ECOMMERCE_PRECOS no banco de dados...
2026-09-06T18:20:00.095-03:00  INFO 12340 --- [ecommerce] [scheduling-1] c.d.e.service.SincronizacaoService       : Ciclo finalizado. Total de atualizações enviadas: 0
2026-09-06T18:21:00.000-03:00  INFO 12340 --- [ecommerce] [scheduling-1] c.d.e.s.SincronizacaoEstoqueService      : [ESTOQUE] Lendo VW_ECOMMERCE_ESTOQUE no banco de dados...
2026-09-06T18:21:00.045-03:00  INFO 12340 --- [ecommerce] [scheduling-1] c.d.e.s.SincronizacaoEstoqueService      : [ESTOQUE] Ciclo finalizado. Total de atualizações enviadas: 0
2026-09-06T18:21:00.045-03:00  INFO 12340 --- [ecommerce] [scheduling-1] c.d.e.service.SincronizacaoService       : Lendo VW_ECOMMERCE_PRECOS no banco de dados...
2026-09-06T18:21:00.111-03:00  INFO 12340 --- [ecommerce] [scheduling-1] c.d.e.service.SincronizacaoService       : Ciclo finalizado. Total de atualizações enviadas: 0
2026-09-06T18:22:00.000-03:00  INFO 12340 --- [ecommerce] [scheduling-1] c.d.e.service.SincronizacaoService       : Lendo VW_ECOMMERCE_PRECOS no banco de dados...
2026-09-06T18:22:00.146-03:00  INFO 12340 --- [ecommerce] [scheduling-1] c.d.e.service.SincronizacaoService       : Ciclo finalizado. Total de atualizações enviadas: 0
2026-09-06T18:22:00.146-03:00  INFO 12340 --- [ecommerce] [scheduling-1] c.d.e.s.SincronizacaoEstoqueService      : [ESTOQUE] Lendo VW_ECOMMERCE_ESTOQUE no banco de dados...
2026-09-06T18:22:00.183-03:00  INFO 12340 --- [ecommerce] [scheduling-1] c.d.e.s.SincronizacaoEstoqueService      : [ESTOQUE] Ciclo finalizado. Total de atualizações enviadas: 0
2026-09-06T18:23:00.000-03:00  INFO 12340 --- [ecommerce] [scheduling-1] c.d.e.s.SincronizacaoEstoqueService      : [ESTOQUE] Lendo VW_ECOMMERCE_ESTOQUE no banco de dados...
2026-09-06T18:23:00.051-03:00  INFO 12340 --- [ecommerce] [scheduling-1] c.d.e.s.SincronizacaoEstoqueService      : [ESTOQUE] Ciclo finalizado. Total de atualizações enviadas: 0
2026-09-06T18:23:00.051-03:00  INFO 12340 --- [ecommerce] [scheduling-1] c.d.e.service.SincronizacaoService       : Lendo VW_ECOMMERCE_PRECOS no banco de dados...
2026-09-06T18:23:00.098-03:00  INFO 12340 --- [ecommerce] [scheduling-1] c.d.e.service.SincronizacaoService       : Ciclo finalizado. Total de atualizações enviadas: 0
2026-09-06T18:24:00.000-03:00  INFO 12340 --- [ecommerce] [scheduling-1] c.d.e.service.SincronizacaoService       : Lendo VW_ECOMMERCE_PRECOS no banco de dados...
2026-09-06T18:24:00.148-03:00  INFO 12340 --- [ecommerce] [scheduling-1] c.d.e.service.SincronizacaoService       : Ciclo finalizado. Total de atualizações enviadas: 0
2026-09-06T18:24:00.149-03:00  INFO 12340 --- [ecommerce] [scheduling-1] c.d.e.s.SincronizacaoEstoqueService      : [ESTOQUE] Lendo VW_ECOMMERCE_ESTOQUE no banco de dados...
2026-09-06T18:24:00.169-03:00  INFO 12340 --- [ecommerce] [scheduling-1] c.d.e.s.SincronizacaoEstoqueService      : [ESTOQUE] Ciclo finalizado. Total de atualizações enviadas: 0
2026-09-06T18:25:00.000-03:00  INFO 12340 --- [ecommerce] [scheduling-1] c.d.e.s.SincronizacaoEstoqueService      : [ESTOQUE] Lendo VW_ECOMMERCE_ESTOQUE no banco de dados...
2026-09-06T18:25:00.066-03:00  INFO 12340 --- [ecommerce] [scheduling-1] c.d.e.s.SincronizacaoEstoqueService      : [ESTOQUE] Ciclo finalizado. Total de atualizações enviadas: 0
2026-09-06T18:25:00.066-03:00  INFO 12340 --- [ecommerce] [scheduling-1] c.d.e.service.SincronizacaoService       : Lendo VW_ECOMMERCE_PRECOS no banco de dados...
2026-09-06T18:25:00.173-03:00  INFO 12340 --- [ecommerce] [scheduling-1] c.d.e.service.SincronizacaoService       : Ciclo finalizado. Total de atualizações enviadas: 0
2026-09-06T18:26:00.000-03:00  INFO 12340 --- [ecommerce] [scheduling-1] c.d.e.service.SincronizacaoService       : Lendo VW_ECOMMERCE_PRECOS no banco de dados...
2026-09-06T18:26:00.370-03:00  INFO 12340 --- [ecommerce] [scheduling-1] c.d.e.service.SincronizacaoService       : Ciclo finalizado. Total de atualizações enviadas: 0
2026-09-06T18:26:00.371-03:00  INFO 12340 --- [ecommerce] [scheduling-1] c.d.e.s.SincronizacaoEstoqueService      : [ESTOQUE] Lendo VW_ECOMMERCE_ESTOQUE no banco de dados...
2026-09-06T18:26:00.410-03:00  INFO 12340 --- [ecommerce] [scheduling-1] c.d.e.s.SincronizacaoEstoqueService      : [ESTOQUE] Ciclo finalizado. Total de atualizações enviadas: 0
2026-09-06T18:27:00.000-03:00  INFO 12340 --- [ecommerce] [scheduling-1] c.d.e.service.SincronizacaoService       : Lendo VW_ECOMMERCE_PRECOS no banco de dados...
2026-09-06T18:27:00.098-03:00  INFO 12340 --- [ecommerce] [scheduling-1] c.d.e.service.SincronizacaoService       : Ciclo finalizado. Total de atualizações enviadas: 0
2026-09-06T18:27:00.098-03:00  INFO 12340 --- [ecommerce] [scheduling-1] c.d.e.s.SincronizacaoEstoqueService      : [ESTOQUE] Lendo VW_ECOMMERCE_ESTOQUE no banco de dados...
2026-09-06T18:27:00.127-03:00  INFO 12340 --- [ecommerce] [scheduling-1] c.d.e.s.SincronizacaoEstoqueService      : [ESTOQUE] Ciclo finalizado. Total de atualizações enviadas: 0
2026-09-06T18:28:00.000-03:00  INFO 12340 --- [ecommerce] [scheduling-1] c.d.e.s.SincronizacaoEstoqueService      : [ESTOQUE] Lendo VW_ECOMMERCE_ESTOQUE no banco de dados...
2026-09-06T18:28:00.051-03:00  INFO 12340 --- [ecommerce] [scheduling-1] c.d.e.s.SincronizacaoEstoqueService      : [ESTOQUE] Ciclo finalizado. Total de atualizações enviadas: 0
2026-09-06T18:28:00.051-03:00  INFO 12340 --- [ecommerce] [scheduling-1] c.d.e.service.SincronizacaoService       : Lendo VW_ECOMMERCE_PRECOS no banco de dados...
2026-09-06T18:28:00.094-03:00  INFO 12340 --- [ecommerce] [scheduling-1] c.d.e.service.SincronizacaoService       : Ciclo finalizado. Total de atualizações enviadas: 0
2026-09-06T18:28:59.999-03:00  INFO 12340 --- [ecommerce] [scheduling-1] c.d.e.service.SincronizacaoService       : Lendo VW_ECOMMERCE_PRECOS no banco de dados...
2026-09-06T18:29:00.133-03:00  INFO 12340 --- [ecommerce] [scheduling-1] c.d.e.service.SincronizacaoService       : Ciclo finalizado. Total de atualizações enviadas: 0
2026-09-06T18:29:00.133-03:00  INFO 12340 --- [ecommerce] [scheduling-1] c.d.e.s.SincronizacaoEstoqueService      : [ESTOQUE] Lendo VW_ECOMMERCE_ESTOQUE no banco de dados...
2026-09-06T18:29:00.157-03:00  INFO 12340 --- [ecommerce] [scheduling-1] c.d.e.s.SincronizacaoEstoqueService      : [ESTOQUE] Ciclo finalizado. Total de atualizações enviadas: 0
2026-09-06T18:30:00.000-03:00  INFO 12340 --- [ecommerce] [scheduling-1] c.d.e.s.SincronizacaoEstoqueService      : [ESTOQUE] Lendo VW_ECOMMERCE_ESTOQUE no banco de dados...
2026-09-06T18:30:00.088-03:00  INFO 12340 --- [ecommerce] [scheduling-1] c.d.e.s.SincronizacaoEstoqueService      : [ESTOQUE] Ciclo finalizado. Total de atualizações enviadas: 0
2026-09-06T18:30:00.089-03:00  INFO 12340 --- [ecommerce] [scheduling-1] c.d.e.service.SincronizacaoService       : Lendo VW_ECOMMERCE_PRECOS no banco de dados...
2026-09-06T18:30:00.138-03:00  INFO 12340 --- [ecommerce] [scheduling-1] c.d.e.service.SincronizacaoService       : Ciclo finalizado. Total de atualizações enviadas: 0
2026-09-06T18:31:00.000-03:00  INFO 12340 --- [ecommerce] [scheduling-1] c.d.e.s.SincronizacaoEstoqueService      : [ESTOQUE] Lendo VW_ECOMMERCE_ESTOQUE no banco de dados...
2026-09-06T18:31:00.057-03:00  INFO 12340 --- [ecommerce] [scheduling-1] c.d.e.s.SincronizacaoEstoqueService      : [ESTOQUE] Ciclo finalizado. Total de atualizações enviadas: 0
2026-09-06T18:31:00.057-03:00  INFO 12340 --- [ecommerce] [scheduling-1] c.d.e.service.SincronizacaoService       : Lendo VW_ECOMMERCE_PRECOS no banco de dados...
2026-09-06T18:31:00.165-03:00  INFO 12340 --- [ecommerce] [scheduling-1] c.d.e.service.SincronizacaoService       : Ciclo finalizado. Total de atualizações enviadas: 0
2026-09-06T18:32:00.000-03:00  INFO 12340 --- [ecommerce] [scheduling-1] c.d.e.s.SincronizacaoEstoqueService      : [ESTOQUE] Lendo VW_ECOMMERCE_ESTOQUE no banco de dados...
2026-09-06T18:32:00.056-03:00  INFO 12340 --- [ecommerce] [scheduling-1] c.d.e.s.SincronizacaoEstoqueService      : [ESTOQUE] Ciclo finalizado. Total de atualizações enviadas: 0
2026-09-06T18:32:00.057-03:00  INFO 12340 --- [ecommerce] [scheduling-1] c.d.e.service.SincronizacaoService       : Lendo VW_ECOMMERCE_PRECOS no banco de dados...
2026-09-06T18:32:00.288-03:00  INFO 12340 --- [ecommerce] [scheduling-1] c.d.e.service.SincronizacaoService       : Ciclo finalizado. Total de atualizações enviadas: 0
2026-09-06T18:33:00.000-03:00  INFO 12340 --- [ecommerce] [scheduling-1] c.d.e.s.SincronizacaoEstoqueService      : [ESTOQUE] Lendo VW_ECOMMERCE_ESTOQUE no banco de dados...
2026-09-06T18:33:00.055-03:00  INFO 12340 --- [ecommerce] [scheduling-1] c.d.e.s.SincronizacaoEstoqueService      : [ESTOQUE] Ciclo finalizado. Total de atualizações enviadas: 0
2026-09-06T18:33:00.056-03:00  INFO 12340 --- [ecommerce] [scheduling-1] c.d.e.service.SincronizacaoService       : Lendo VW_ECOMMERCE_PRECOS no banco de dados...
2026-09-06T18:33:00.223-03:00  INFO 12340 --- [ecommerce] [scheduling-1] c.d.e.service.SincronizacaoService       : Ciclo finalizado. Total de atualizações enviadas: 0
2026-09-06T18:34:00.001-03:00  INFO 12340 --- [ecommerce] [scheduling-1] c.d.e.s.SincronizacaoEstoqueService      : [ESTOQUE] Lendo VW_ECOMMERCE_ESTOQUE no banco de dados...
2026-09-06T18:34:00.043-03:00  INFO 12340 --- [ecommerce] [scheduling-1] c.d.e.s.SincronizacaoEstoqueService      : [ESTOQUE] Ciclo finalizado. Total de atualizações enviadas: 0
2026-09-06T18:34:00.044-03:00  INFO 12340 --- [ecommerce] [scheduling-1] c.d.e.service.SincronizacaoService       : Lendo VW_ECOMMERCE_PRECOS no banco de dados...
2026-09-06T18:34:00.157-03:00  INFO 12340 --- [ecommerce] [scheduling-1] c.d.e.service.SincronizacaoService       : Ciclo finalizado. Total de atualizações enviadas: 0
2026-09-06T18:35:00.001-03:00  INFO 12340 --- [ecommerce] [scheduling-1] c.d.e.s.SincronizacaoEstoqueService      : [ESTOQUE] Lendo VW_ECOMMERCE_ESTOQUE no banco de dados...
2026-09-06T18:35:00.088-03:00  INFO 12340 --- [ecommerce] [scheduling-1] c.d.e.s.SincronizacaoEstoqueService      : [ESTOQUE] Ciclo finalizado. Total de atualizações enviadas: 0
2026-09-06T18:35:00.088-03:00  INFO 12340 --- [ecommerce] [scheduling-1] c.d.e.service.SincronizacaoService       : Lendo VW_ECOMMERCE_PRECOS no banco de dados...
2026-09-06T18:35:00.326-03:00  INFO 12340 --- [ecommerce] [scheduling-1] c.d.e.service.SincronizacaoService       : Ciclo finalizado. Total de atualizações enviadas: 0
2026-09-06T18:36:00.001-03:00  INFO 12340 --- [ecommerce] [scheduling-1] c.d.e.s.SincronizacaoEstoqueService      : [ESTOQUE] Lendo VW_ECOMMERCE_ESTOQUE no banco de dados...
2026-09-06T18:36:00.131-03:00  INFO 12340 --- [ecommerce] [scheduling-1] c.d.e.s.SincronizacaoEstoqueService      : [ESTOQUE] Ciclo finalizado. Total de atualizações enviadas: 0
2026-09-06T18:36:00.131-03:00  INFO 12340 --- [ecommerce] [scheduling-1] c.d.e.service.SincronizacaoService       : Lendo VW_ECOMMERCE_PRECOS no banco de dados...
2026-09-06T18:36:00.294-03:00  INFO 12340 --- [ecommerce] [scheduling-1] c.d.e.service.SincronizacaoService       : Ciclo finalizado. Total de atualizações enviadas: 0
2026-09-06T18:36:59.999-03:00  INFO 12340 --- [ecommerce] [scheduling-1] c.d.e.service.SincronizacaoService       : Lendo VW_ECOMMERCE_PRECOS no banco de dados...
2026-09-06T18:37:00.070-03:00  INFO 12340 --- [ecommerce] [scheduling-1] c.d.e.service.SincronizacaoService       : Ciclo finalizado. Total de atualizações enviadas: 0
2026-09-06T18:37:00.070-03:00  INFO 12340 --- [ecommerce] [scheduling-1] c.d.e.s.SincronizacaoEstoqueService      : [ESTOQUE] Lendo VW_ECOMMERCE_ESTOQUE no banco de dados...
2026-09-06T18:37:00.098-03:00  INFO 12340 --- [ecommerce] [scheduling-1] c.d.e.s.SincronizacaoEstoqueService      : [ESTOQUE] Ciclo finalizado. Total de atualizações enviadas: 0
2026-09-06T18:38:00.001-03:00  INFO 12340 --- [ecommerce] [scheduling-1] c.d.e.service.SincronizacaoService       : Lendo VW_ECOMMERCE_PRECOS no banco de dados...
2026-09-06T18:38:00.054-03:00  INFO 12340 --- [ecommerce] [scheduling-1] c.d.e.service.SincronizacaoService       : Ciclo finalizado. Total de atualizações enviadas: 0
2026-09-06T18:38:00.054-03:00  INFO 12340 --- [ecommerce] [scheduling-1] c.d.e.s.SincronizacaoEstoqueService      : [ESTOQUE] Lendo VW_ECOMMERCE_ESTOQUE no banco de dados...
2026-09-06T18:38:00.086-03:00  INFO 12340 --- [ecommerce] [scheduling-1] c.d.e.s.SincronizacaoEstoqueService      : [ESTOQUE] Ciclo finalizado. Total de atualizações enviadas: 0
2026-09-06T18:38:59.999-03:00  INFO 12340 --- [ecommerce] [scheduling-1] c.d.e.s.SincronizacaoEstoqueService      : [ESTOQUE] Lendo VW_ECOMMERCE_ESTOQUE no banco de dados...
2026-09-06T18:39:00.105-03:00  INFO 12340 --- [ecommerce] [scheduling-1] c.d.e.s.SincronizacaoEstoqueService      : [ESTOQUE] Ciclo finalizado. Total de atualizações enviadas: 0
2026-09-06T18:39:00.105-03:00  INFO 12340 --- [ecommerce] [scheduling-1] c.d.e.service.SincronizacaoService       : Lendo VW_ECOMMERCE_PRECOS no banco de dados...
2026-09-06T18:39:00.323-03:00  INFO 12340 --- [ecommerce] [scheduling-1] c.d.e.service.SincronizacaoService       : Ciclo finalizado. Total de atualizações enviadas: 0
2026-09-06T18:40:00.000-03:00  INFO 12340 --- [ecommerce] [scheduling-1] c.d.e.s.SincronizacaoEstoqueService      : [ESTOQUE] Lendo VW_ECOMMERCE_ESTOQUE no banco de dados...
2026-09-06T18:40:00.072-03:00  INFO 12340 --- [ecommerce] [scheduling-1] c.d.e.s.SincronizacaoEstoqueService      : [ESTOQUE] Ciclo finalizado. Total de atualizações enviadas: 0
2026-09-06T18:40:00.072-03:00  INFO 12340 --- [ecommerce] [scheduling-1] c.d.e.service.SincronizacaoService       : Lendo VW_ECOMMERCE_PRECOS no banco de dados...
2026-09-06T18:40:00.120-03:00  INFO 12340 --- [ecommerce] [scheduling-1] c.d.e.service.SincronizacaoService       : Ciclo finalizado. Total de atualizações enviadas: 0
2026-09-06T18:41:00.000-03:00  INFO 12340 --- [ecommerce] [scheduling-1] c.d.e.service.SincronizacaoService       : Lendo VW_ECOMMERCE_PRECOS no banco de dados...
2026-09-06T18:41:00.209-03:00  INFO 12340 --- [ecommerce] [scheduling-1] c.d.e.service.SincronizacaoService       : Ciclo finalizado. Total de atualizações enviadas: 0
2026-09-06T18:41:00.210-03:00  INFO 12340 --- [ecommerce] [scheduling-1] c.d.e.s.SincronizacaoEstoqueService      : [ESTOQUE] Lendo VW_ECOMMERCE_ESTOQUE no banco de dados...
2026-09-06T18:41:00.239-03:00  INFO 12340 --- [ecommerce] [scheduling-1] c.d.e.s.SincronizacaoEstoqueService      : [ESTOQUE] Ciclo finalizado. Total de atualizações enviadas: 0
2026-09-06T18:42:00.000-03:00  INFO 12340 --- [ecommerce] [scheduling-1] c.d.e.service.SincronizacaoService       : Lendo VW_ECOMMERCE_PRECOS no banco de dados...
2026-09-06T18:42:00.097-03:00  INFO 12340 --- [ecommerce] [scheduling-1] c.d.e.service.SincronizacaoService       : Ciclo finalizado. Total de atualizações enviadas: 0
2026-09-06T18:42:00.097-03:00  INFO 12340 --- [ecommerce] [scheduling-1] c.d.e.s.SincronizacaoEstoqueService      : [ESTOQUE] Lendo VW_ECOMMERCE_ESTOQUE no banco de dados...
2026-09-06T18:42:00.126-03:00  INFO 12340 --- [ecommerce] [scheduling-1] c.d.e.s.SincronizacaoEstoqueService      : [ESTOQUE] Ciclo finalizado. Total de atualizações enviadas: 0
2026-09-06T18:43:00.001-03:00  INFO 12340 --- [ecommerce] [scheduling-1] c.d.e.s.SincronizacaoEstoqueService      : [ESTOQUE] Lendo VW_ECOMMERCE_ESTOQUE no banco de dados...
2026-09-06T18:43:00.079-03:00  INFO 12340 --- [ecommerce] [scheduling-1] c.d.e.s.SincronizacaoEstoqueService      : [ESTOQUE] Ciclo finalizado. Total de atualizações enviadas: 0
2026-09-06T18:43:00.080-03:00  INFO 12340 --- [ecommerce] [scheduling-1] c.d.e.service.SincronizacaoService       : Lendo VW_ECOMMERCE_PRECOS no banco de dados...
2026-09-06T18:43:00.124-03:00  INFO 12340 --- [ecommerce] [scheduling-1] c.d.e.service.SincronizacaoService       : Ciclo finalizado. Total de atualizações enviadas: 0
2026-09-06T18:43:59.999-03:00  INFO 12340 --- [ecommerce] [scheduling-1] c.d.e.s.SincronizacaoEstoqueService      : [ESTOQUE] Lendo VW_ECOMMERCE_ESTOQUE no banco de dados...
2026-09-06T18:44:00.048-03:00  INFO 12340 --- [ecommerce] [scheduling-1] c.d.e.s.SincronizacaoEstoqueService      : [ESTOQUE] Ciclo finalizado. Total de atualizações enviadas: 0
2026-09-06T18:44:00.048-03:00  INFO 12340 --- [ecommerce] [scheduling-1] c.d.e.service.SincronizacaoService       : Lendo VW_ECOMMERCE_PRECOS no banco de dados...
2026-09-06T18:44:00.131-03:00  INFO 12340 --- [ecommerce] [scheduling-1] c.d.e.service.SincronizacaoService       : Ciclo finalizado. Total de atualizações enviadas: 0
2026-09-06T18:45:00.000-03:00  INFO 12340 --- [ecommerce] [scheduling-1] c.d.e.service.SincronizacaoService       : Lendo VW_ECOMMERCE_PRECOS no banco de dados...
2026-09-06T18:45:00.107-03:00  INFO 12340 --- [ecommerce] [scheduling-1] c.d.e.service.SincronizacaoService       : Ciclo finalizado. Total de atualizações enviadas: 0
2026-09-06T18:45:00.107-03:00  INFO 12340 --- [ecommerce] [scheduling-1] c.d.e.s.SincronizacaoEstoqueService      : [ESTOQUE] Lendo VW_ECOMMERCE_ESTOQUE no banco de dados...
2026-09-06T18:45:00.138-03:00  INFO 12340 --- [ecommerce] [scheduling-1] c.d.e.s.SincronizacaoEstoqueService      : [ESTOQUE] Ciclo finalizado. Total de atualizações enviadas: 0
2026-09-06T18:46:00.000-03:00  INFO 12340 --- [ecommerce] [scheduling-1] c.d.e.s.SincronizacaoEstoqueService      : [ESTOQUE] Lendo VW_ECOMMERCE_ESTOQUE no banco de dados...
2026-09-06T18:46:00.137-03:00  INFO 12340 --- [ecommerce] [scheduling-1] c.d.e.s.SincronizacaoEstoqueService      : [ESTOQUE] Ciclo finalizado. Total de atualizações enviadas: 0
2026-09-06T18:46:00.137-03:00  INFO 12340 --- [ecommerce] [scheduling-1] c.d.e.service.SincronizacaoService       : Lendo VW_ECOMMERCE_PRECOS no banco de dados...
2026-09-06T18:46:00.633-03:00  INFO 12340 --- [ecommerce] [scheduling-1] c.d.e.service.SincronizacaoService       : Ciclo finalizado. Total de atualizações enviadas: 0
2026-09-06T18:47:00.000-03:00  INFO 12340 --- [ecommerce] [scheduling-1] c.d.e.s.SincronizacaoEstoqueService      : [ESTOQUE] Lendo VW_ECOMMERCE_ESTOQUE no banco de dados...
2026-09-06T18:47:00.050-03:00  INFO 12340 --- [ecommerce] [scheduling-1] c.d.e.s.SincronizacaoEstoqueService      : [ESTOQUE] Ciclo finalizado. Total de atualizações enviadas: 0
2026-09-06T18:47:00.050-03:00  INFO 12340 --- [ecommerce] [scheduling-1] c.d.e.service.SincronizacaoService       : Lendo VW_ECOMMERCE_PRECOS no banco de dados...
2026-09-06T18:47:00.122-03:00  INFO 12340 --- [ecommerce] [scheduling-1] c.d.e.service.SincronizacaoService       : Ciclo finalizado. Total de atualizações enviadas: 0
2026-09-06T18:47:59.999-03:00  INFO 12340 --- [ecommerce] [scheduling-1] c.d.e.s.SincronizacaoEstoqueService      : [ESTOQUE] Lendo VW_ECOMMERCE_ESTOQUE no banco de dados...
2026-09-06T18:48:00.040-03:00  INFO 12340 --- [ecommerce] [scheduling-1] c.d.e.s.SincronizacaoEstoqueService      : [ESTOQUE] Ciclo finalizado. Total de atualizações enviadas: 0
2026-09-06T18:48:00.040-03:00  INFO 12340 --- [ecommerce] [scheduling-1] c.d.e.service.SincronizacaoService       : Lendo VW_ECOMMERCE_PRECOS no banco de dados...
2026-09-06T18:48:00.081-03:00  INFO 12340 --- [ecommerce] [scheduling-1] c.d.e.service.SincronizacaoService       : Ciclo finalizado. Total de atualizações enviadas: 0
2026-09-06T18:48:59.999-03:00  INFO 12340 --- [ecommerce] [scheduling-1] c.d.e.service.SincronizacaoService       : Lendo VW_ECOMMERCE_PRECOS no banco de dados...
2026-09-06T18:49:00.203-03:00  INFO 12340 --- [ecommerce] [scheduling-1] c.d.e.service.SincronizacaoService       : Ciclo finalizado. Total de atualizações enviadas: 0
2026-09-06T18:49:00.204-03:00  INFO 12340 --- [ecommerce] [scheduling-1] c.d.e.s.SincronizacaoEstoqueService      : [ESTOQUE] Lendo VW_ECOMMERCE_ESTOQUE no banco de dados...
2026-09-06T18:49:00.229-03:00  INFO 12340 --- [ecommerce] [scheduling-1] c.d.e.s.SincronizacaoEstoqueService      : [ESTOQUE] Ciclo finalizado. Total de atualizações enviadas: 0
2026-09-06T18:50:00.001-03:00  INFO 12340 --- [ecommerce] [scheduling-1] c.d.e.service.SincronizacaoService       : Lendo VW_ECOMMERCE_PRECOS no banco de dados...
2026-09-06T18:50:00.057-03:00  INFO 12340 --- [ecommerce] [scheduling-1] c.d.e.service.SincronizacaoService       : Ciclo finalizado. Total de atualizações enviadas: 0
2026-09-06T18:50:00.057-03:00  INFO 12340 --- [ecommerce] [scheduling-1] c.d.e.s.SincronizacaoEstoqueService      : [ESTOQUE] Lendo VW_ECOMMERCE_ESTOQUE no banco de dados...
2026-09-06T18:50:00.089-03:00  INFO 12340 --- [ecommerce] [scheduling-1] c.d.e.s.SincronizacaoEstoqueService      : [ESTOQUE] Ciclo finalizado. Total de atualizações enviadas: 0
2026-09-06T18:51:00.000-03:00  INFO 12340 --- [ecommerce] [scheduling-1] c.d.e.s.SincronizacaoEstoqueService      : [ESTOQUE] Lendo VW_ECOMMERCE_ESTOQUE no banco de dados...
2026-09-06T18:51:00.080-03:00  INFO 12340 --- [ecommerce] [scheduling-1] c.d.e.s.SincronizacaoEstoqueService      : [ESTOQUE] Ciclo finalizado. Total de atualizações enviadas: 0
2026-09-06T18:51:00.080-03:00  INFO 12340 --- [ecommerce] [scheduling-1] c.d.e.service.SincronizacaoService       : Lendo VW_ECOMMERCE_PRECOS no banco de dados...
2026-09-06T18:51:00.168-03:00  INFO 12340 --- [ecommerce] [scheduling-1] c.d.e.service.SincronizacaoService       : Ciclo finalizado. Total de atualizações enviadas: 0
2026-09-06T18:52:00.000-03:00  INFO 12340 --- [ecommerce] [scheduling-1] c.d.e.service.SincronizacaoService       : Lendo VW_ECOMMERCE_PRECOS no banco de dados...
2026-09-06T18:52:00.147-03:00  INFO 12340 --- [ecommerce] [scheduling-1] c.d.e.service.SincronizacaoService       : Ciclo finalizado. Total de atualizações enviadas: 0
2026-09-06T18:52:00.148-03:00  INFO 12340 --- [ecommerce] [scheduling-1] c.d.e.s.SincronizacaoEstoqueService      : [ESTOQUE] Lendo VW_ECOMMERCE_ESTOQUE no banco de dados...
2026-09-06T18:52:00.178-03:00  INFO 12340 --- [ecommerce] [scheduling-1] c.d.e.s.SincronizacaoEstoqueService      : [ESTOQUE] Ciclo finalizado. Total de atualizações enviadas: 0
2026-09-06T18:52:59.999-03:00  INFO 12340 --- [ecommerce] [scheduling-1] c.d.e.service.SincronizacaoService       : Lendo VW_ECOMMERCE_PRECOS no banco de dados...
2026-09-06T18:53:00.162-03:00  INFO 12340 --- [ecommerce] [scheduling-1] c.d.e.service.SincronizacaoService       : Ciclo finalizado. Total de atualizações enviadas: 0
2026-09-06T18:53:00.162-03:00  INFO 12340 --- [ecommerce] [scheduling-1] c.d.e.s.SincronizacaoEstoqueService      : [ESTOQUE] Lendo VW_ECOMMERCE_ESTOQUE no banco de dados...
2026-09-06T18:53:00.187-03:00  INFO 12340 --- [ecommerce] [scheduling-1] c.d.e.s.SincronizacaoEstoqueService      : [ESTOQUE] Ciclo finalizado. Total de atualizações enviadas: 0
2026-09-06T18:54:00.000-03:00  INFO 12340 --- [ecommerce] [scheduling-1] c.d.e.s.SincronizacaoEstoqueService      : [ESTOQUE] Lendo VW_ECOMMERCE_ESTOQUE no banco de dados...
2026-09-06T18:54:00.067-03:00  INFO 12340 --- [ecommerce] [scheduling-1] c.d.e.s.SincronizacaoEstoqueService      : [ESTOQUE] Ciclo finalizado. Total de atualizações enviadas: 0
2026-09-06T18:54:00.067-03:00  INFO 12340 --- [ecommerce] [scheduling-1] c.d.e.service.SincronizacaoService       : Lendo VW_ECOMMERCE_PRECOS no banco de dados...
2026-09-06T18:54:00.114-03:00  INFO 12340 --- [ecommerce] [scheduling-1] c.d.e.service.SincronizacaoService       : Ciclo finalizado. Total de atualizações enviadas: 0
2026-09-06T18:55:00.000-03:00  INFO 12340 --- [ecommerce] [scheduling-1] c.d.e.service.SincronizacaoService       : Lendo VW_ECOMMERCE_PRECOS no banco de dados...
2026-09-06T18:55:00.107-03:00  INFO 12340 --- [ecommerce] [scheduling-1] c.d.e.service.SincronizacaoService       : Ciclo finalizado. Total de atualizações enviadas: 0
2026-09-06T18:55:00.107-03:00  INFO 12340 --- [ecommerce] [scheduling-1] c.d.e.s.SincronizacaoEstoqueService      : [ESTOQUE] Lendo VW_ECOMMERCE_ESTOQUE no banco de dados...
2026-09-06T18:55:00.130-03:00  INFO 12340 --- [ecommerce] [scheduling-1] c.d.e.s.SincronizacaoEstoqueService      : [ESTOQUE] Ciclo finalizado. Total de atualizações enviadas: 0
2026-09-06T18:56:00.001-03:00  INFO 12340 --- [ecommerce] [scheduling-1] c.d.e.service.SincronizacaoService       : Lendo VW_ECOMMERCE_PRECOS no banco de dados...
2026-09-06T18:56:00.058-03:00  INFO 12340 --- [ecommerce] [scheduling-1] c.d.e.service.SincronizacaoService       : Ciclo finalizado. Total de atualizações enviadas: 0
2026-09-06T18:56:00.058-03:00  INFO 12340 --- [ecommerce] [scheduling-1] c.d.e.s.SincronizacaoEstoqueService      : [ESTOQUE] Lendo VW_ECOMMERCE_ESTOQUE no banco de dados...
2026-09-06T18:56:00.091-03:00  INFO 12340 --- [ecommerce] [scheduling-1] c.d.e.s.SincronizacaoEstoqueService      : [ESTOQUE] Ciclo finalizado. Total de atualizações enviadas: 0
2026-09-06T18:57:00.000-03:00  INFO 12340 --- [ecommerce] [scheduling-1] c.d.e.s.SincronizacaoEstoqueService      : [ESTOQUE] Lendo VW_ECOMMERCE_ESTOQUE no banco de dados...
2026-09-06T18:57:00.077-03:00  INFO 12340 --- [ecommerce] [scheduling-1] c.d.e.s.SincronizacaoEstoqueService      : [ESTOQUE] Ciclo finalizado. Total de atualizações enviadas: 0
2026-09-06T18:57:00.077-03:00  INFO 12340 --- [ecommerce] [scheduling-1] c.d.e.service.SincronizacaoService       : Lendo VW_ECOMMERCE_PRECOS no banco de dados...
2026-09-06T18:57:00.121-03:00  INFO 12340 --- [ecommerce] [scheduling-1] c.d.e.service.SincronizacaoService       : Ciclo finalizado. Total de atualizações enviadas: 0
2026-09-06T18:58:00.000-03:00  INFO 12340 --- [ecommerce] [scheduling-1] c.d.e.service.SincronizacaoService       : Lendo VW_ECOMMERCE_PRECOS no banco de dados...
2026-09-06T18:58:00.148-03:00  INFO 12340 --- [ecommerce] [scheduling-1] c.d.e.service.SincronizacaoService       : Ciclo finalizado. Total de atualizações enviadas: 0
2026-09-06T18:58:00.148-03:00  INFO 12340 --- [ecommerce] [scheduling-1] c.d.e.s.SincronizacaoEstoqueService      : [ESTOQUE] Lendo VW_ECOMMERCE_ESTOQUE no banco de dados...
2026-09-06T18:58:00.181-03:00  INFO 12340 --- [ecommerce] [scheduling-1] c.d.e.s.SincronizacaoEstoqueService      : [ESTOQUE] Ciclo finalizado. Total de atualizações enviadas: 0
2026-09-06T18:59:00.001-03:00  INFO 12340 --- [ecommerce] [scheduling-1] c.d.e.service.SincronizacaoService       : Lendo VW_ECOMMERCE_PRECOS no banco de dados...
2026-09-06T18:59:00.104-03:00  INFO 12340 --- [ecommerce] [scheduling-1] c.d.e.service.SincronizacaoService       : Ciclo finalizado. Total de atualizações enviadas: 0
2026-09-06T18:59:00.104-03:00  INFO 12340 --- [ecommerce] [scheduling-1] c.d.e.s.SincronizacaoEstoqueService      : [ESTOQUE] Lendo VW_ECOMMERCE_ESTOQUE no banco de dados...
2026-09-06T18:59:00.132-03:00  INFO 12340 --- [ecommerce] [scheduling-1] c.d.e.s.SincronizacaoEstoqueService      : [ESTOQUE] Ciclo finalizado. Total de atualizações enviadas: 0
2026-09-06T19:00:00.000-03:00  INFO 12340 --- [ecommerce] [scheduling-1] c.d.e.s.SincronizacaoEstoqueService      : [ESTOQUE] Lendo VW_ECOMMERCE_ESTOQUE no banco de dados...
2026-09-06T19:00:00.096-03:00  INFO 12340 --- [ecommerce] [scheduling-1] c.d.e.s.SincronizacaoEstoqueService      : [ESTOQUE] Ciclo finalizado. Total de atualizações enviadas: 0
2026-09-06T19:00:00.096-03:00  INFO 12340 --- [ecommerce] [scheduling-1] c.d.e.service.SincronizacaoService       : Lendo VW_ECOMMERCE_PRECOS no banco de dados...
2026-09-06T19:00:00.141-03:00  INFO 12340 --- [ecommerce] [scheduling-1] c.d.e.service.SincronizacaoService       : Ciclo finalizado. Total de atualizações enviadas: 0
2026-09-06T19:01:00.001-03:00  INFO 12340 --- [ecommerce] [scheduling-1] c.d.e.service.SincronizacaoService       : Lendo VW_ECOMMERCE_PRECOS no banco de dados...
2026-09-06T19:01:00.223-03:00  INFO 12340 --- [ecommerce] [scheduling-1] c.d.e.service.SincronizacaoService       : Ciclo finalizado. Total de atualizações enviadas: 0
2026-09-06T19:01:00.224-03:00  INFO 12340 --- [ecommerce] [scheduling-1] c.d.e.s.SincronizacaoEstoqueService      : [ESTOQUE] Lendo VW_ECOMMERCE_ESTOQUE no banco de dados...
2026-09-06T19:01:00.273-03:00  INFO 12340 --- [ecommerce] [scheduling-1] c.d.e.s.SincronizacaoEstoqueService      : [ESTOQUE] Ciclo finalizado. Total de atualizações enviadas: 0
2026-09-06T19:02:00.000-03:00  INFO 12340 --- [ecommerce] [scheduling-1] c.d.e.s.SincronizacaoEstoqueService      : [ESTOQUE] Lendo VW_ECOMMERCE_ESTOQUE no banco de dados...
2026-09-06T19:02:00.118-03:00  INFO 12340 --- [ecommerce] [scheduling-1] c.d.e.s.SincronizacaoEstoqueService      : [ESTOQUE] Ciclo finalizado. Total de atualizações enviadas: 0
2026-09-06T19:02:00.118-03:00  INFO 12340 --- [ecommerce] [scheduling-1] c.d.e.service.SincronizacaoService       : Lendo VW_ECOMMERCE_PRECOS no banco de dados...
2026-09-06T19:02:00.323-03:00  INFO 12340 --- [ecommerce] [scheduling-1] c.d.e.service.SincronizacaoService       : Ciclo finalizado. Total de atualizações enviadas: 0
2026-09-06T19:02:59.999-03:00  INFO 12340 --- [ecommerce] [scheduling-1] c.d.e.service.SincronizacaoService       : Lendo VW_ECOMMERCE_PRECOS no banco de dados...
2026-09-06T19:03:00.110-03:00  INFO 12340 --- [ecommerce] [scheduling-1] c.d.e.service.SincronizacaoService       : Ciclo finalizado. Total de atualizações enviadas: 0
2026-09-06T19:03:00.110-03:00  INFO 12340 --- [ecommerce] [scheduling-1] c.d.e.s.SincronizacaoEstoqueService      : [ESTOQUE] Lendo VW_ECOMMERCE_ESTOQUE no banco de dados...
2026-09-06T19:03:00.144-03:00  INFO 12340 --- [ecommerce] [scheduling-1] c.d.e.s.SincronizacaoEstoqueService      : [ESTOQUE] Ciclo finalizado. Total de atualizações enviadas: 0
2026-09-06T19:04:00.001-03:00  INFO 12340 --- [ecommerce] [scheduling-1] c.d.e.service.SincronizacaoService       : Lendo VW_ECOMMERCE_PRECOS no banco de dados...
2026-09-06T19:04:00.150-03:00  INFO 12340 --- [ecommerce] [scheduling-1] c.d.e.service.SincronizacaoService       : Ciclo finalizado. Total de atualizações enviadas: 0
2026-09-06T19:04:00.150-03:00  INFO 12340 --- [ecommerce] [scheduling-1] c.d.e.s.SincronizacaoEstoqueService      : [ESTOQUE] Lendo VW_ECOMMERCE_ESTOQUE no banco de dados...
2026-09-06T19:04:00.193-03:00  INFO 12340 --- [ecommerce] [scheduling-1] c.d.e.s.SincronizacaoEstoqueService      : [ESTOQUE] Ciclo finalizado. Total de atualizações enviadas: 0
2026-09-06T19:05:00.001-03:00  INFO 12340 --- [ecommerce] [scheduling-1] c.d.e.service.SincronizacaoService       : Lendo VW_ECOMMERCE_PRECOS no banco de dados...
2026-09-06T19:05:00.369-03:00  INFO 12340 --- [ecommerce] [scheduling-1] c.d.e.service.SincronizacaoService       : Ciclo finalizado. Total de atualizações enviadas: 0
2026-09-06T19:05:00.369-03:00  INFO 12340 --- [ecommerce] [scheduling-1] c.d.e.s.SincronizacaoEstoqueService      : [ESTOQUE] Lendo VW_ECOMMERCE_ESTOQUE no banco de dados...
2026-09-06T19:05:00.433-03:00  INFO 12340 --- [ecommerce] [scheduling-1] c.d.e.s.SincronizacaoEstoqueService      : [ESTOQUE] Ciclo finalizado. Total de atualizações enviadas: 0
2026-09-06T19:06:00.000-03:00  INFO 12340 --- [ecommerce] [scheduling-1] c.d.e.s.SincronizacaoEstoqueService      : [ESTOQUE] Lendo VW_ECOMMERCE_ESTOQUE no banco de dados...
2026-09-06T19:06:00.089-03:00  INFO 12340 --- [ecommerce] [scheduling-1] c.d.e.s.SincronizacaoEstoqueService      : [ESTOQUE] Ciclo finalizado. Total de atualizações enviadas: 0
2026-09-06T19:06:00.090-03:00  INFO 12340 --- [ecommerce] [scheduling-1] c.d.e.service.SincronizacaoService       : Lendo VW_ECOMMERCE_PRECOS no banco de dados...
2026-09-06T19:06:00.182-03:00  INFO 12340 --- [ecommerce] [scheduling-1] c.d.e.service.SincronizacaoService       : Ciclo finalizado. Total de atualizações enviadas: 0
2026-09-06T19:07:00.000-03:00  INFO 12340 --- [ecommerce] [scheduling-1] c.d.e.s.SincronizacaoEstoqueService      : [ESTOQUE] Lendo VW_ECOMMERCE_ESTOQUE no banco de dados...
2026-09-06T19:07:00.092-03:00  INFO 12340 --- [ecommerce] [scheduling-1] c.d.e.s.SincronizacaoEstoqueService      : [ESTOQUE] Ciclo finalizado. Total de atualizações enviadas: 0
2026-09-06T19:07:00.092-03:00  INFO 12340 --- [ecommerce] [scheduling-1] c.d.e.service.SincronizacaoService       : Lendo VW_ECOMMERCE_PRECOS no banco de dados...
2026-09-06T19:07:00.137-03:00  INFO 12340 --- [ecommerce] [scheduling-1] c.d.e.service.SincronizacaoService       : Ciclo finalizado. Total de atualizações enviadas: 0
2026-09-06T19:08:00.000-03:00  INFO 12340 --- [ecommerce] [scheduling-1] c.d.e.service.SincronizacaoService       : Lendo VW_ECOMMERCE_PRECOS no banco de dados...
2026-09-06T19:08:00.175-03:00  INFO 12340 --- [ecommerce] [scheduling-1] c.d.e.service.SincronizacaoService       : Ciclo finalizado. Total de atualizações enviadas: 0
2026-09-06T19:08:00.175-03:00  INFO 12340 --- [ecommerce] [scheduling-1] c.d.e.s.SincronizacaoEstoqueService      : [ESTOQUE] Lendo VW_ECOMMERCE_ESTOQUE no banco de dados...
2026-09-06T19:08:00.201-03:00  INFO 12340 --- [ecommerce] [scheduling-1] c.d.e.s.SincronizacaoEstoqueService      : [ESTOQUE] Ciclo finalizado. Total de atualizações enviadas: 0
2026-09-06T19:09:00.000-03:00  INFO 12340 --- [ecommerce] [scheduling-1] c.d.e.service.SincronizacaoService       : Lendo VW_ECOMMERCE_PRECOS no banco de dados...
2026-09-06T19:09:00.116-03:00  INFO 12340 --- [ecommerce] [scheduling-1] c.d.e.service.SincronizacaoService       : Ciclo finalizado. Total de atualizações enviadas: 0
2026-09-06T19:09:00.116-03:00  INFO 12340 --- [ecommerce] [scheduling-1] c.d.e.s.SincronizacaoEstoqueService      : [ESTOQUE] Lendo VW_ECOMMERCE_ESTOQUE no banco de dados...
2026-09-06T19:09:00.137-03:00  INFO 12340 --- [ecommerce] [scheduling-1] c.d.e.s.SincronizacaoEstoqueService      : [ESTOQUE] Ciclo finalizado. Total de atualizações enviadas: 0
2026-09-06T19:10:00.000-03:00  INFO 12340 --- [ecommerce] [scheduling-1] c.d.e.s.SincronizacaoEstoqueService      : [ESTOQUE] Lendo VW_ECOMMERCE_ESTOQUE no banco de dados...
2026-09-06T19:10:00.061-03:00  INFO 12340 --- [ecommerce] [scheduling-1] c.d.e.s.SincronizacaoEstoqueService      : [ESTOQUE] Ciclo finalizado. Total de atualizações enviadas: 0
2026-09-06T19:10:00.061-03:00  INFO 12340 --- [ecommerce] [scheduling-1] c.d.e.service.SincronizacaoService       : Lendo VW_ECOMMERCE_PRECOS no banco de dados...
2026-09-06T19:10:00.135-03:00  INFO 12340 --- [ecommerce] [scheduling-1] c.d.e.service.SincronizacaoService       : Ciclo finalizado. Total de atualizações enviadas: 0
2026-09-06T19:11:00.000-03:00  INFO 12340 --- [ecommerce] [scheduling-1] c.d.e.service.SincronizacaoService       : Lendo VW_ECOMMERCE_PRECOS no banco de dados...
2026-09-06T19:11:00.059-03:00  INFO 12340 --- [ecommerce] [scheduling-1] c.d.e.service.SincronizacaoService       : Ciclo finalizado. Total de atualizações enviadas: 0
2026-09-06T19:11:00.060-03:00  INFO 12340 --- [ecommerce] [scheduling-1] c.d.e.s.SincronizacaoEstoqueService      : [ESTOQUE] Lendo VW_ECOMMERCE_ESTOQUE no banco de dados...
2026-09-06T19:11:00.092-03:00  INFO 12340 --- [ecommerce] [scheduling-1] c.d.e.s.SincronizacaoEstoqueService      : [ESTOQUE] Ciclo finalizado. Total de atualizações enviadas: 0
2026-09-06T19:11:59.999-03:00  INFO 12340 --- [ecommerce] [scheduling-1] c.d.e.s.SincronizacaoEstoqueService      : [ESTOQUE] Lendo VW_ECOMMERCE_ESTOQUE no banco de dados...
2026-09-06T19:12:00.076-03:00  INFO 12340 --- [ecommerce] [scheduling-1] c.d.e.s.SincronizacaoEstoqueService      : [ESTOQUE] Ciclo finalizado. Total de atualizações enviadas: 0
2026-09-06T19:12:00.076-03:00  INFO 12340 --- [ecommerce] [scheduling-1] c.d.e.service.SincronizacaoService       : Lendo VW_ECOMMERCE_PRECOS no banco de dados...
2026-09-06T19:12:00.123-03:00  INFO 12340 --- [ecommerce] [scheduling-1] c.d.e.service.SincronizacaoService       : Ciclo finalizado. Total de atualizações enviadas: 0
2026-09-06T19:13:00.000-03:00  INFO 12340 --- [ecommerce] [scheduling-1] c.d.e.service.SincronizacaoService       : Lendo VW_ECOMMERCE_PRECOS no banco de dados...
2026-09-06T19:13:00.069-03:00  INFO 12340 --- [ecommerce] [scheduling-1] c.d.e.service.SincronizacaoService       : Ciclo finalizado. Total de atualizações enviadas: 0
2026-09-06T19:13:00.069-03:00  INFO 12340 --- [ecommerce] [scheduling-1] c.d.e.s.SincronizacaoEstoqueService      : [ESTOQUE] Lendo VW_ECOMMERCE_ESTOQUE no banco de dados...
2026-09-06T19:13:00.102-03:00  INFO 12340 --- [ecommerce] [scheduling-1] c.d.e.s.SincronizacaoEstoqueService      : [ESTOQUE] Ciclo finalizado. Total de atualizações enviadas: 0
2026-09-06T19:13:59.999-03:00  INFO 12340 --- [ecommerce] [scheduling-1] c.d.e.service.SincronizacaoService       : Lendo VW_ECOMMERCE_PRECOS no banco de dados...
2026-09-06T19:14:00.052-03:00  INFO 12340 --- [ecommerce] [scheduling-1] c.d.e.service.SincronizacaoService       : Ciclo finalizado. Total de atualizações enviadas: 0
2026-09-06T19:14:00.052-03:00  INFO 12340 --- [ecommerce] [scheduling-1] c.d.e.s.SincronizacaoEstoqueService      : [ESTOQUE] Lendo VW_ECOMMERCE_ESTOQUE no banco de dados...
2026-09-06T19:14:00.084-03:00  INFO 12340 --- [ecommerce] [scheduling-1] c.d.e.s.SincronizacaoEstoqueService      : [ESTOQUE] Ciclo finalizado. Total de atualizações enviadas: 0
2026-09-06T19:15:00.000-03:00  INFO 12340 --- [ecommerce] [scheduling-1] c.d.e.service.SincronizacaoService       : Lendo VW_ECOMMERCE_PRECOS no banco de dados...
2026-09-06T19:15:00.084-03:00  INFO 12340 --- [ecommerce] [scheduling-1] c.d.e.service.SincronizacaoService       : Ciclo finalizado. Total de atualizações enviadas: 0
2026-09-06T19:15:00.084-03:00  INFO 12340 --- [ecommerce] [scheduling-1] c.d.e.s.SincronizacaoEstoqueService      : [ESTOQUE] Lendo VW_ECOMMERCE_ESTOQUE no banco de dados...
2026-09-06T19:15:00.117-03:00  INFO 12340 --- [ecommerce] [scheduling-1] c.d.e.s.SincronizacaoEstoqueService      : [ESTOQUE] Ciclo finalizado. Total de atualizações enviadas: 0
2026-09-06T19:16:00.000-03:00  INFO 12340 --- [ecommerce] [scheduling-1] c.d.e.s.SincronizacaoEstoqueService      : [ESTOQUE] Lendo VW_ECOMMERCE_ESTOQUE no banco de dados...
2026-09-06T19:16:00.044-03:00  INFO 12340 --- [ecommerce] [scheduling-1] c.d.e.s.SincronizacaoEstoqueService      : [ESTOQUE] Ciclo finalizado. Total de atualizações enviadas: 0
2026-09-06T19:16:00.045-03:00  INFO 12340 --- [ecommerce] [scheduling-1] c.d.e.service.SincronizacaoService       : Lendo VW_ECOMMERCE_PRECOS no banco de dados...
2026-09-06T19:16:00.120-03:00  INFO 12340 --- [ecommerce] [scheduling-1] c.d.e.service.SincronizacaoService       : Ciclo finalizado. Total de atualizações enviadas: 0
2026-09-06T19:17:00.001-03:00  INFO 12340 --- [ecommerce] [scheduling-1] c.d.e.s.SincronizacaoEstoqueService      : [ESTOQUE] Lendo VW_ECOMMERCE_ESTOQUE no banco de dados...
2026-09-06T19:17:00.067-03:00  INFO 12340 --- [ecommerce] [scheduling-1] c.d.e.s.SincronizacaoEstoqueService      : [ESTOQUE] Ciclo finalizado. Total de atualizações enviadas: 0
2026-09-06T19:17:00.067-03:00  INFO 12340 --- [ecommerce] [scheduling-1] c.d.e.service.SincronizacaoService       : Lendo VW_ECOMMERCE_PRECOS no banco de dados...
2026-09-06T19:17:00.156-03:00  INFO 12340 --- [ecommerce] [scheduling-1] c.d.e.service.SincronizacaoService       : Ciclo finalizado. Total de atualizações enviadas: 0
2026-09-06T19:17:59.999-03:00  INFO 12340 --- [ecommerce] [scheduling-1] c.d.e.service.SincronizacaoService       : Lendo VW_ECOMMERCE_PRECOS no banco de dados...
2026-09-06T19:18:00.048-03:00  INFO 12340 --- [ecommerce] [scheduling-1] c.d.e.service.SincronizacaoService       : Ciclo finalizado. Total de atualizações enviadas: 0
2026-09-06T19:18:00.048-03:00  INFO 12340 --- [ecommerce] [scheduling-1] c.d.e.s.SincronizacaoEstoqueService      : [ESTOQUE] Lendo VW_ECOMMERCE_ESTOQUE no banco de dados...
2026-09-06T19:18:00.081-03:00  INFO 12340 --- [ecommerce] [scheduling-1] c.d.e.s.SincronizacaoEstoqueService      : [ESTOQUE] Ciclo finalizado. Total de atualizações enviadas: 0
2026-09-06T19:19:00.000-03:00  INFO 12340 --- [ecommerce] [scheduling-1] c.d.e.s.SincronizacaoEstoqueService      : [ESTOQUE] Lendo VW_ECOMMERCE_ESTOQUE no banco de dados...
2026-09-06T19:19:00.128-03:00  INFO 12340 --- [ecommerce] [scheduling-1] c.d.e.s.SincronizacaoEstoqueService      : [ESTOQUE] Ciclo finalizado. Total de atualizações enviadas: 0
2026-09-06T19:19:00.129-03:00  INFO 12340 --- [ecommerce] [scheduling-1] c.d.e.service.SincronizacaoService       : Lendo VW_ECOMMERCE_PRECOS no banco de dados...
2026-09-06T19:19:00.633-03:00  INFO 12340 --- [ecommerce] [scheduling-1] c.d.e.service.SincronizacaoService       : Ciclo finalizado. Total de atualizações enviadas: 0
2026-09-06T19:20:00.000-03:00  INFO 12340 --- [ecommerce] [scheduling-1] c.d.e.s.SincronizacaoEstoqueService      : [ESTOQUE] Lendo VW_ECOMMERCE_ESTOQUE no banco de dados...
2026-09-06T19:20:00.051-03:00  INFO 12340 --- [ecommerce] [scheduling-1] c.d.e.s.SincronizacaoEstoqueService      : [ESTOQUE] Ciclo finalizado. Total de atualizações enviadas: 0
2026-09-06T19:20:00.051-03:00  INFO 12340 --- [ecommerce] [scheduling-1] c.d.e.service.SincronizacaoService       : Lendo VW_ECOMMERCE_PRECOS no banco de dados...
2026-09-06T19:20:00.095-03:00  INFO 12340 --- [ecommerce] [scheduling-1] c.d.e.service.SincronizacaoService       : Ciclo finalizado. Total de atualizações enviadas: 0
2026-09-06T19:21:00.001-03:00  INFO 12340 --- [ecommerce] [scheduling-1] c.d.e.service.SincronizacaoService       : Lendo VW_ECOMMERCE_PRECOS no banco de dados...
2026-09-06T19:21:00.092-03:00  INFO 12340 --- [ecommerce] [scheduling-1] c.d.e.service.SincronizacaoService       : Ciclo finalizado. Total de atualizações enviadas: 0
2026-09-06T19:21:00.093-03:00  INFO 12340 --- [ecommerce] [scheduling-1] c.d.e.s.SincronizacaoEstoqueService      : [ESTOQUE] Lendo VW_ECOMMERCE_ESTOQUE no banco de dados...
2026-09-06T19:21:00.125-03:00  INFO 12340 --- [ecommerce] [scheduling-1] c.d.e.s.SincronizacaoEstoqueService      : [ESTOQUE] Ciclo finalizado. Total de atualizações enviadas: 0
2026-09-06T19:21:59.999-03:00  INFO 12340 --- [ecommerce] [scheduling-1] c.d.e.service.SincronizacaoService       : Lendo VW_ECOMMERCE_PRECOS no banco de dados...
2026-09-06T19:22:00.054-03:00  INFO 12340 --- [ecommerce] [scheduling-1] c.d.e.service.SincronizacaoService       : Ciclo finalizado. Total de atualizações enviadas: 0
2026-09-06T19:22:00.054-03:00  INFO 12340 --- [ecommerce] [scheduling-1] c.d.e.s.SincronizacaoEstoqueService      : [ESTOQUE] Lendo VW_ECOMMERCE_ESTOQUE no banco de dados...
2026-09-06T19:22:00.080-03:00  INFO 12340 --- [ecommerce] [scheduling-1] c.d.e.s.SincronizacaoEstoqueService      : [ESTOQUE] Ciclo finalizado. Total de atualizações enviadas: 0
2026-09-06T19:23:00.000-03:00  INFO 12340 --- [ecommerce] [scheduling-1] c.d.e.service.SincronizacaoService       : Lendo VW_ECOMMERCE_PRECOS no banco de dados...
2026-09-06T19:23:00.085-03:00  INFO 12340 --- [ecommerce] [scheduling-1] c.d.e.service.SincronizacaoService       : Ciclo finalizado. Total de atualizações enviadas: 0
2026-09-06T19:23:00.085-03:00  INFO 12340 --- [ecommerce] [scheduling-1] c.d.e.s.SincronizacaoEstoqueService      : [ESTOQUE] Lendo VW_ECOMMERCE_ESTOQUE no banco de dados...
2026-09-06T19:23:00.112-03:00  INFO 12340 --- [ecommerce] [scheduling-1] c.d.e.s.SincronizacaoEstoqueService      : [ESTOQUE] Ciclo finalizado. Total de atualizações enviadas: 0
2026-09-06T19:23:59.999-03:00  INFO 12340 --- [ecommerce] [scheduling-1] c.d.e.service.SincronizacaoService       : Lendo VW_ECOMMERCE_PRECOS no banco de dados...
2026-09-06T19:24:00.089-03:00  INFO 12340 --- [ecommerce] [scheduling-1] c.d.e.service.SincronizacaoService       : Ciclo finalizado. Total de atualizações enviadas: 0
2026-09-06T19:24:00.089-03:00  INFO 12340 --- [ecommerce] [scheduling-1] c.d.e.s.SincronizacaoEstoqueService      : [ESTOQUE] Lendo VW_ECOMMERCE_ESTOQUE no banco de dados...
2026-09-06T19:24:00.120-03:00  INFO 12340 --- [ecommerce] [scheduling-1] c.d.e.s.SincronizacaoEstoqueService      : [ESTOQUE] Ciclo finalizado. Total de atualizações enviadas: 0
2026-09-06T19:24:59.999-03:00  INFO 12340 --- [ecommerce] [scheduling-1] c.d.e.service.SincronizacaoService       : Lendo VW_ECOMMERCE_PRECOS no banco de dados...
2026-09-06T19:25:00.086-03:00  INFO 12340 --- [ecommerce] [scheduling-1] c.d.e.service.SincronizacaoService       : Ciclo finalizado. Total de atualizações enviadas: 0
2026-09-06T19:25:00.086-03:00  INFO 12340 --- [ecommerce] [scheduling-1] c.d.e.s.SincronizacaoEstoqueService      : [ESTOQUE] Lendo VW_ECOMMERCE_ESTOQUE no banco de dados...
2026-09-06T19:25:00.115-03:00  INFO 12340 --- [ecommerce] [scheduling-1] c.d.e.s.SincronizacaoEstoqueService      : [ESTOQUE] Ciclo finalizado. Total de atualizações enviadas: 0
2026-09-06T19:26:00.000-03:00  INFO 12340 --- [ecommerce] [scheduling-1] c.d.e.service.SincronizacaoService       : Lendo VW_ECOMMERCE_PRECOS no banco de dados...
2026-09-06T19:26:00.098-03:00  INFO 12340 --- [ecommerce] [scheduling-1] c.d.e.service.SincronizacaoService       : Ciclo finalizado. Total de atualizações enviadas: 0
2026-09-06T19:26:00.098-03:00  INFO 12340 --- [ecommerce] [scheduling-1] c.d.e.s.SincronizacaoEstoqueService      : [ESTOQUE] Lendo VW_ECOMMERCE_ESTOQUE no banco de dados...
2026-09-06T19:26:00.125-03:00  INFO 12340 --- [ecommerce] [scheduling-1] c.d.e.s.SincronizacaoEstoqueService      : [ESTOQUE] Ciclo finalizado. Total de atualizações enviadas: 0
2026-09-06T19:26:59.999-03:00  INFO 12340 --- [ecommerce] [scheduling-1] c.d.e.service.SincronizacaoService       : Lendo VW_ECOMMERCE_PRECOS no banco de dados...
2026-09-06T19:27:00.127-03:00  INFO 12340 --- [ecommerce] [scheduling-1] c.d.e.service.SincronizacaoService       : Ciclo finalizado. Total de atualizações enviadas: 0
2026-09-06T19:27:00.128-03:00  INFO 12340 --- [ecommerce] [scheduling-1] c.d.e.s.SincronizacaoEstoqueService      : [ESTOQUE] Lendo VW_ECOMMERCE_ESTOQUE no banco de dados...
2026-09-06T19:27:00.150-03:00  INFO 12340 --- [ecommerce] [scheduling-1] c.d.e.s.SincronizacaoEstoqueService      : [ESTOQUE] Ciclo finalizado. Total de atualizações enviadas: 0
2026-09-06T19:28:00.000-03:00  INFO 12340 --- [ecommerce] [scheduling-1] c.d.e.service.SincronizacaoService       : Lendo VW_ECOMMERCE_PRECOS no banco de dados...
2026-09-06T19:28:00.097-03:00  INFO 12340 --- [ecommerce] [scheduling-1] c.d.e.service.SincronizacaoService       : Ciclo finalizado. Total de atualizações enviadas: 0
2026-09-06T19:28:00.098-03:00  INFO 12340 --- [ecommerce] [scheduling-1] c.d.e.s.SincronizacaoEstoqueService      : [ESTOQUE] Lendo VW_ECOMMERCE_ESTOQUE no banco de dados...
2026-09-06T19:28:00.123-03:00  INFO 12340 --- [ecommerce] [scheduling-1] c.d.e.s.SincronizacaoEstoqueService      : [ESTOQUE] Ciclo finalizado. Total de atualizações enviadas: 0
2026-09-06T19:29:00.000-03:00  INFO 12340 --- [ecommerce] [scheduling-1] c.d.e.service.SincronizacaoService       : Lendo VW_ECOMMERCE_PRECOS no banco de dados...
2026-09-06T19:29:00.116-03:00  INFO 12340 --- [ecommerce] [scheduling-1] c.d.e.service.SincronizacaoService       : Ciclo finalizado. Total de atualizações enviadas: 0
2026-09-06T19:29:00.116-03:00  INFO 12340 --- [ecommerce] [scheduling-1] c.d.e.s.SincronizacaoEstoqueService      : [ESTOQUE] Lendo VW_ECOMMERCE_ESTOQUE no banco de dados...
2026-09-06T19:29:00.143-03:00  INFO 12340 --- [ecommerce] [scheduling-1] c.d.e.s.SincronizacaoEstoqueService      : [ESTOQUE] Ciclo finalizado. Total de atualizações enviadas: 0
2026-09-06T19:29:59.999-03:00  INFO 12340 --- [ecommerce] [scheduling-1] c.d.e.s.SincronizacaoEstoqueService      : [ESTOQUE] Lendo VW_ECOMMERCE_ESTOQUE no banco de dados...
2026-09-06T19:30:00.091-03:00  INFO 12340 --- [ecommerce] [scheduling-1] c.d.e.s.SincronizacaoEstoqueService      : [ESTOQUE] Ciclo finalizado. Total de atualizações enviadas: 0
2026-09-06T19:30:00.091-03:00  INFO 12340 --- [ecommerce] [scheduling-1] c.d.e.service.SincronizacaoService       : Lendo VW_ECOMMERCE_PRECOS no banco de dados...
2026-09-06T19:30:00.134-03:00  INFO 12340 --- [ecommerce] [scheduling-1] c.d.e.service.SincronizacaoService       : Ciclo finalizado. Total de atualizações enviadas: 0
2026-09-06T19:31:00.000-03:00  INFO 12340 --- [ecommerce] [scheduling-1] c.d.e.s.SincronizacaoEstoqueService      : [ESTOQUE] Lendo VW_ECOMMERCE_ESTOQUE no banco de dados...
2026-09-06T19:31:00.044-03:00  INFO 12340 --- [ecommerce] [scheduling-1] c.d.e.s.SincronizacaoEstoqueService      : [ESTOQUE] Ciclo finalizado. Total de atualizações enviadas: 0
2026-09-06T19:31:00.045-03:00  INFO 12340 --- [ecommerce] [scheduling-1] c.d.e.service.SincronizacaoService       : Lendo VW_ECOMMERCE_PRECOS no banco de dados...
2026-09-06T19:31:00.113-03:00  INFO 12340 --- [ecommerce] [scheduling-1] c.d.e.service.SincronizacaoService       : Ciclo finalizado. Total de atualizações enviadas: 0
2026-09-06T19:32:00.001-03:00  INFO 12340 --- [ecommerce] [scheduling-1] c.d.e.service.SincronizacaoService       : Lendo VW_ECOMMERCE_PRECOS no banco de dados...
2026-09-06T19:32:00.097-03:00  INFO 12340 --- [ecommerce] [scheduling-1] c.d.e.service.SincronizacaoService       : Ciclo finalizado. Total de atualizações enviadas: 0
2026-09-06T19:32:00.098-03:00  INFO 12340 --- [ecommerce] [scheduling-1] c.d.e.s.SincronizacaoEstoqueService      : [ESTOQUE] Lendo VW_ECOMMERCE_ESTOQUE no banco de dados...
2026-09-06T19:32:00.128-03:00  INFO 12340 --- [ecommerce] [scheduling-1] c.d.e.s.SincronizacaoEstoqueService      : [ESTOQUE] Ciclo finalizado. Total de atualizações enviadas: 0
2026-09-06T19:33:00.000-03:00  INFO 12340 --- [ecommerce] [scheduling-1] c.d.e.service.SincronizacaoService       : Lendo VW_ECOMMERCE_PRECOS no banco de dados...
2026-09-06T19:33:00.049-03:00  INFO 12340 --- [ecommerce] [scheduling-1] c.d.e.service.SincronizacaoService       : Ciclo finalizado. Total de atualizações enviadas: 0
2026-09-06T19:33:00.049-03:00  INFO 12340 --- [ecommerce] [scheduling-1] c.d.e.s.SincronizacaoEstoqueService      : [ESTOQUE] Lendo VW_ECOMMERCE_ESTOQUE no banco de dados...
2026-09-06T19:33:00.082-03:00  INFO 12340 --- [ecommerce] [scheduling-1] c.d.e.s.SincronizacaoEstoqueService      : [ESTOQUE] Ciclo finalizado. Total de atualizações enviadas: 0
2026-09-06T19:34:00.000-03:00  INFO 12340 --- [ecommerce] [scheduling-1] c.d.e.service.SincronizacaoService       : Lendo VW_ECOMMERCE_PRECOS no banco de dados...
2026-09-06T19:34:00.185-03:00  INFO 12340 --- [ecommerce] [scheduling-1] c.d.e.service.SincronizacaoService       : Ciclo finalizado. Total de atualizações enviadas: 0
2026-09-06T19:34:00.185-03:00  INFO 12340 --- [ecommerce] [scheduling-1] c.d.e.s.SincronizacaoEstoqueService      : [ESTOQUE] Lendo VW_ECOMMERCE_ESTOQUE no banco de dados...
2026-09-06T19:34:00.240-03:00  INFO 12340 --- [ecommerce] [scheduling-1] c.d.e.s.SincronizacaoEstoqueService      : [ESTOQUE] Ciclo finalizado. Total de atualizações enviadas: 0
2026-09-06T19:35:00.000-03:00  INFO 12340 --- [ecommerce] [scheduling-1] c.d.e.s.SincronizacaoEstoqueService      : [ESTOQUE] Lendo VW_ECOMMERCE_ESTOQUE no banco de dados...
2026-09-06T19:35:00.069-03:00  INFO 12340 --- [ecommerce] [scheduling-1] c.d.e.s.SincronizacaoEstoqueService      : [ESTOQUE] Ciclo finalizado. Total de atualizações enviadas: 0
2026-09-06T19:35:00.069-03:00  INFO 12340 --- [ecommerce] [scheduling-1] c.d.e.service.SincronizacaoService       : Lendo VW_ECOMMERCE_PRECOS no banco de dados...
2026-09-06T19:35:00.267-03:00  INFO 12340 --- [ecommerce] [scheduling-1] c.d.e.service.SincronizacaoService       : Ciclo finalizado. Total de atualizações enviadas: 0
2026-09-06T19:35:59.999-03:00  INFO 12340 --- [ecommerce] [scheduling-1] c.d.e.service.SincronizacaoService       : Lendo VW_ECOMMERCE_PRECOS no banco de dados...
2026-09-06T19:36:00.078-03:00  INFO 12340 --- [ecommerce] [scheduling-1] c.d.e.service.SincronizacaoService       : Ciclo finalizado. Total de atualizações enviadas: 0
2026-09-06T19:36:00.079-03:00  INFO 12340 --- [ecommerce] [scheduling-1] c.d.e.s.SincronizacaoEstoqueService      : [ESTOQUE] Lendo VW_ECOMMERCE_ESTOQUE no banco de dados...
2026-09-06T19:36:00.103-03:00  INFO 12340 --- [ecommerce] [scheduling-1] c.d.e.s.SincronizacaoEstoqueService      : [ESTOQUE] Ciclo finalizado. Total de atualizações enviadas: 0
2026-09-06T19:36:59.999-03:00  INFO 12340 --- [ecommerce] [scheduling-1] c.d.e.service.SincronizacaoService       : Lendo VW_ECOMMERCE_PRECOS no banco de dados...
2026-09-06T19:37:00.056-03:00  INFO 12340 --- [ecommerce] [scheduling-1] c.d.e.service.SincronizacaoService       : Ciclo finalizado. Total de atualizações enviadas: 0
2026-09-06T19:37:00.056-03:00  INFO 12340 --- [ecommerce] [scheduling-1] c.d.e.s.SincronizacaoEstoqueService      : [ESTOQUE] Lendo VW_ECOMMERCE_ESTOQUE no banco de dados...
2026-09-06T19:37:00.089-03:00  INFO 12340 --- [ecommerce] [scheduling-1] c.d.e.s.SincronizacaoEstoqueService      : [ESTOQUE] Ciclo finalizado. Total de atualizações enviadas: 0
2026-09-06T19:38:00.000-03:00  INFO 12340 --- [ecommerce] [scheduling-1] c.d.e.s.SincronizacaoEstoqueService      : [ESTOQUE] Lendo VW_ECOMMERCE_ESTOQUE no banco de dados...
2026-09-06T19:38:00.077-03:00  INFO 12340 --- [ecommerce] [scheduling-1] c.d.e.s.SincronizacaoEstoqueService      : [ESTOQUE] Ciclo finalizado. Total de atualizações enviadas: 0
2026-09-06T19:38:00.077-03:00  INFO 12340 --- [ecommerce] [scheduling-1] c.d.e.service.SincronizacaoService       : Lendo VW_ECOMMERCE_PRECOS no banco de dados...
2026-09-06T19:38:00.139-03:00  INFO 12340 --- [ecommerce] [scheduling-1] c.d.e.service.SincronizacaoService       : Ciclo finalizado. Total de atualizações enviadas: 0
2026-09-06T19:39:00.000-03:00  INFO 12340 --- [ecommerce] [scheduling-1] c.d.e.s.SincronizacaoEstoqueService      : [ESTOQUE] Lendo VW_ECOMMERCE_ESTOQUE no banco de dados...
2026-09-06T19:39:00.039-03:00  INFO 12340 --- [ecommerce] [scheduling-1] c.d.e.s.SincronizacaoEstoqueService      : [ESTOQUE] Ciclo finalizado. Total de atualizações enviadas: 0
2026-09-06T19:39:00.039-03:00  INFO 12340 --- [ecommerce] [scheduling-1] c.d.e.service.SincronizacaoService       : Lendo VW_ECOMMERCE_PRECOS no banco de dados...
2026-09-06T19:39:00.155-03:00  INFO 12340 --- [ecommerce] [scheduling-1] c.d.e.service.SincronizacaoService       : Ciclo finalizado. Total de atualizações enviadas: 0
2026-09-06T19:40:00.000-03:00  INFO 12340 --- [ecommerce] [scheduling-1] c.d.e.service.SincronizacaoService       : Lendo VW_ECOMMERCE_PRECOS no banco de dados...
2026-09-06T19:40:00.080-03:00  INFO 12340 --- [ecommerce] [scheduling-1] c.d.e.service.SincronizacaoService       : Ciclo finalizado. Total de atualizações enviadas: 0
2026-09-06T19:40:00.080-03:00  INFO 12340 --- [ecommerce] [scheduling-1] c.d.e.s.SincronizacaoEstoqueService      : [ESTOQUE] Lendo VW_ECOMMERCE_ESTOQUE no banco de dados...
2026-09-06T19:40:00.100-03:00  INFO 12340 --- [ecommerce] [scheduling-1] c.d.e.s.SincronizacaoEstoqueService      : [ESTOQUE] Ciclo finalizado. Total de atualizações enviadas: 0
2026-09-06T19:41:00.000-03:00  INFO 12340 --- [ecommerce] [scheduling-1] c.d.e.s.SincronizacaoEstoqueService      : [ESTOQUE] Lendo VW_ECOMMERCE_ESTOQUE no banco de dados...
2026-09-06T19:41:00.029-03:00  INFO 12340 --- [ecommerce] [scheduling-1] c.d.e.s.SincronizacaoEstoqueService      : [ESTOQUE] Ciclo finalizado. Total de atualizações enviadas: 0
2026-09-06T19:41:00.029-03:00  INFO 12340 --- [ecommerce] [scheduling-1] c.d.e.service.SincronizacaoService       : Lendo VW_ECOMMERCE_PRECOS no banco de dados...
2026-09-06T19:41:00.075-03:00  INFO 12340 --- [ecommerce] [scheduling-1] c.d.e.service.SincronizacaoService       : Ciclo finalizado. Total de atualizações enviadas: 0
2026-09-06T19:42:00.000-03:00  INFO 12340 --- [ecommerce] [scheduling-1] c.d.e.service.SincronizacaoService       : Lendo VW_ECOMMERCE_PRECOS no banco de dados...
2026-09-06T19:42:00.087-03:00  INFO 12340 --- [ecommerce] [scheduling-1] c.d.e.service.SincronizacaoService       : Ciclo finalizado. Total de atualizações enviadas: 0
2026-09-06T19:42:00.088-03:00  INFO 12340 --- [ecommerce] [scheduling-1] c.d.e.s.SincronizacaoEstoqueService      : [ESTOQUE] Lendo VW_ECOMMERCE_ESTOQUE no banco de dados...
2026-09-06T19:42:00.118-03:00  INFO 12340 --- [ecommerce] [scheduling-1] c.d.e.s.SincronizacaoEstoqueService      : [ESTOQUE] Ciclo finalizado. Total de atualizações enviadas: 0
2026-09-06T19:43:00.000-03:00  INFO 12340 --- [ecommerce] [scheduling-1] c.d.e.service.SincronizacaoService       : Lendo VW_ECOMMERCE_PRECOS no banco de dados...
2026-09-06T19:43:00.049-03:00  INFO 12340 --- [ecommerce] [scheduling-1] c.d.e.service.SincronizacaoService       : Ciclo finalizado. Total de atualizações enviadas: 0
2026-09-06T19:43:00.050-03:00  INFO 12340 --- [ecommerce] [scheduling-1] c.d.e.s.SincronizacaoEstoqueService      : [ESTOQUE] Lendo VW_ECOMMERCE_ESTOQUE no banco de dados...
2026-09-06T19:43:00.083-03:00  INFO 12340 --- [ecommerce] [scheduling-1] c.d.e.s.SincronizacaoEstoqueService      : [ESTOQUE] Ciclo finalizado. Total de atualizações enviadas: 0
2026-09-06T19:43:59.999-03:00  INFO 12340 --- [ecommerce] [scheduling-1] c.d.e.s.SincronizacaoEstoqueService      : [ESTOQUE] Lendo VW_ECOMMERCE_ESTOQUE no banco de dados...
2026-09-06T19:44:00.051-03:00  INFO 12340 --- [ecommerce] [scheduling-1] c.d.e.s.SincronizacaoEstoqueService      : [ESTOQUE] Ciclo finalizado. Total de atualizações enviadas: 0
2026-09-06T19:44:00.051-03:00  INFO 12340 --- [ecommerce] [scheduling-1] c.d.e.service.SincronizacaoService       : Lendo VW_ECOMMERCE_PRECOS no banco de dados...
2026-09-06T19:44:00.192-03:00  INFO 12340 --- [ecommerce] [scheduling-1] c.d.e.service.SincronizacaoService       : Ciclo finalizado. Total de atualizações enviadas: 0
2026-09-06T19:45:00.000-03:00  INFO 12340 --- [ecommerce] [scheduling-1] c.d.e.service.SincronizacaoService       : Lendo VW_ECOMMERCE_PRECOS no banco de dados...
2026-09-06T19:45:00.104-03:00  INFO 12340 --- [ecommerce] [scheduling-1] c.d.e.service.SincronizacaoService       : Ciclo finalizado. Total de atualizações enviadas: 0
2026-09-06T19:45:00.104-03:00  INFO 12340 --- [ecommerce] [scheduling-1] c.d.e.s.SincronizacaoEstoqueService      : [ESTOQUE] Lendo VW_ECOMMERCE_ESTOQUE no banco de dados...
2026-09-06T19:45:00.125-03:00  INFO 12340 --- [ecommerce] [scheduling-1] c.d.e.s.SincronizacaoEstoqueService      : [ESTOQUE] Ciclo finalizado. Total de atualizações enviadas: 0
2026-09-06T19:45:59.999-03:00  INFO 12340 --- [ecommerce] [scheduling-1] c.d.e.s.SincronizacaoEstoqueService      : [ESTOQUE] Lendo VW_ECOMMERCE_ESTOQUE no banco de dados...
2026-09-06T19:46:00.088-03:00  INFO 12340 --- [ecommerce] [scheduling-1] c.d.e.s.SincronizacaoEstoqueService      : [ESTOQUE] Ciclo finalizado. Total de atualizações enviadas: 0
2026-09-06T19:46:00.088-03:00  INFO 12340 --- [ecommerce] [scheduling-1] c.d.e.service.SincronizacaoService       : Lendo VW_ECOMMERCE_PRECOS no banco de dados...
2026-09-06T19:46:00.221-03:00  INFO 12340 --- [ecommerce] [scheduling-1] c.d.e.service.SincronizacaoService       : Ciclo finalizado. Total de atualizações enviadas: 0
2026-09-06T19:47:00.000-03:00  INFO 12340 --- [ecommerce] [scheduling-1] c.d.e.service.SincronizacaoService       : Lendo VW_ECOMMERCE_PRECOS no banco de dados...
2026-09-06T19:47:00.085-03:00  INFO 12340 --- [ecommerce] [scheduling-1] c.d.e.service.SincronizacaoService       : Ciclo finalizado. Total de atualizações enviadas: 0
2026-09-06T19:47:00.085-03:00  INFO 12340 --- [ecommerce] [scheduling-1] c.d.e.s.SincronizacaoEstoqueService      : [ESTOQUE] Lendo VW_ECOMMERCE_ESTOQUE no banco de dados...
2026-09-06T19:47:00.116-03:00  INFO 12340 --- [ecommerce] [scheduling-1] c.d.e.s.SincronizacaoEstoqueService      : [ESTOQUE] Ciclo finalizado. Total de atualizações enviadas: 0
2026-09-06T19:48:00.000-03:00  INFO 12340 --- [ecommerce] [scheduling-1] c.d.e.service.SincronizacaoService       : Lendo VW_ECOMMERCE_PRECOS no banco de dados...
2026-09-06T19:48:00.052-03:00  INFO 12340 --- [ecommerce] [scheduling-1] c.d.e.service.SincronizacaoService       : Ciclo finalizado. Total de atualizações enviadas: 0
2026-09-06T19:48:00.052-03:00  INFO 12340 --- [ecommerce] [scheduling-1] c.d.e.s.SincronizacaoEstoqueService      : [ESTOQUE] Lendo VW_ECOMMERCE_ESTOQUE no banco de dados...
2026-09-06T19:48:00.085-03:00  INFO 12340 --- [ecommerce] [scheduling-1] c.d.e.s.SincronizacaoEstoqueService      : [ESTOQUE] Ciclo finalizado. Total de atualizações enviadas: 0
2026-09-06T19:48:59.999-03:00  INFO 12340 --- [ecommerce] [scheduling-1] c.d.e.s.SincronizacaoEstoqueService      : [ESTOQUE] Lendo VW_ECOMMERCE_ESTOQUE no banco de dados...
2026-09-06T19:49:00.070-03:00  INFO 12340 --- [ecommerce] [scheduling-1] c.d.e.s.SincronizacaoEstoqueService      : [ESTOQUE] Ciclo finalizado. Total de atualizações enviadas: 0
2026-09-06T19:49:00.070-03:00  INFO 12340 --- [ecommerce] [scheduling-1] c.d.e.service.SincronizacaoService       : Lendo VW_ECOMMERCE_PRECOS no banco de dados...
2026-09-06T19:49:00.144-03:00  INFO 12340 --- [ecommerce] [scheduling-1] c.d.e.service.SincronizacaoService       : Ciclo finalizado. Total de atualizações enviadas: 0
2026-09-06T19:50:00.000-03:00  INFO 12340 --- [ecommerce] [scheduling-1] c.d.e.s.SincronizacaoEstoqueService      : [ESTOQUE] Lendo VW_ECOMMERCE_ESTOQUE no banco de dados...
2026-09-06T19:50:00.071-03:00  INFO 12340 --- [ecommerce] [scheduling-1] c.d.e.s.SincronizacaoEstoqueService      : [ESTOQUE] Ciclo finalizado. Total de atualizações enviadas: 0
2026-09-06T19:50:00.071-03:00  INFO 12340 --- [ecommerce] [scheduling-1] c.d.e.service.SincronizacaoService       : Lendo VW_ECOMMERCE_PRECOS no banco de dados...
2026-09-06T19:50:00.291-03:00  INFO 12340 --- [ecommerce] [scheduling-1] c.d.e.service.SincronizacaoService       : Ciclo finalizado. Total de atualizações enviadas: 0
2026-09-06T19:50:59.999-03:00  INFO 12340 --- [ecommerce] [scheduling-1] c.d.e.service.SincronizacaoService       : Lendo VW_ECOMMERCE_PRECOS no banco de dados...
2026-09-06T19:51:00.186-03:00  INFO 12340 --- [ecommerce] [scheduling-1] c.d.e.service.SincronizacaoService       : Ciclo finalizado. Total de atualizações enviadas: 0
2026-09-06T19:51:00.186-03:00  INFO 12340 --- [ecommerce] [scheduling-1] c.d.e.s.SincronizacaoEstoqueService      : [ESTOQUE] Lendo VW_ECOMMERCE_ESTOQUE no banco de dados...
2026-09-06T19:51:00.244-03:00  INFO 12340 --- [ecommerce] [scheduling-1] c.d.e.s.SincronizacaoEstoqueService      : [ESTOQUE] Ciclo finalizado. Total de atualizações enviadas: 0
2026-09-06T19:52:00.000-03:00  INFO 12340 --- [ecommerce] [scheduling-1] c.d.e.s.SincronizacaoEstoqueService      : [ESTOQUE] Lendo VW_ECOMMERCE_ESTOQUE no banco de dados...
2026-09-06T19:52:00.078-03:00  INFO 12340 --- [ecommerce] [scheduling-1] c.d.e.s.SincronizacaoEstoqueService      : [ESTOQUE] Ciclo finalizado. Total de atualizações enviadas: 0
2026-09-06T19:52:00.078-03:00  INFO 12340 --- [ecommerce] [scheduling-1] c.d.e.service.SincronizacaoService       : Lendo VW_ECOMMERCE_PRECOS no banco de dados...
2026-09-06T19:52:00.126-03:00  INFO 12340 --- [ecommerce] [scheduling-1] c.d.e.service.SincronizacaoService       : Ciclo finalizado. Total de atualizações enviadas: 0
2026-09-06T19:53:00.001-03:00  INFO 12340 --- [ecommerce] [scheduling-1] c.d.e.service.SincronizacaoService       : Lendo VW_ECOMMERCE_PRECOS no banco de dados...
2026-09-06T19:53:00.050-03:00  INFO 12340 --- [ecommerce] [scheduling-1] c.d.e.service.SincronizacaoService       : Ciclo finalizado. Total de atualizações enviadas: 0
2026-09-06T19:53:00.050-03:00  INFO 12340 --- [ecommerce] [scheduling-1] c.d.e.s.SincronizacaoEstoqueService      : [ESTOQUE] Lendo VW_ECOMMERCE_ESTOQUE no banco de dados...
2026-09-06T19:53:00.082-03:00  INFO 12340 --- [ecommerce] [scheduling-1] c.d.e.s.SincronizacaoEstoqueService      : [ESTOQUE] Ciclo finalizado. Total de atualizações enviadas: 0
2026-09-06T19:54:00.000-03:00  INFO 12340 --- [ecommerce] [scheduling-1] c.d.e.service.SincronizacaoService       : Lendo VW_ECOMMERCE_PRECOS no banco de dados...
2026-09-06T19:54:00.106-03:00  INFO 12340 --- [ecommerce] [scheduling-1] c.d.e.service.SincronizacaoService       : Ciclo finalizado. Total de atualizações enviadas: 0
2026-09-06T19:54:00.106-03:00  INFO 12340 --- [ecommerce] [scheduling-1] c.d.e.s.SincronizacaoEstoqueService      : [ESTOQUE] Lendo VW_ECOMMERCE_ESTOQUE no banco de dados...
2026-09-06T19:54:00.136-03:00  INFO 12340 --- [ecommerce] [scheduling-1] c.d.e.s.SincronizacaoEstoqueService      : [ESTOQUE] Ciclo finalizado. Total de atualizações enviadas: 0
2026-09-06T19:54:59.999-03:00  INFO 12340 --- [ecommerce] [scheduling-1] c.d.e.s.SincronizacaoEstoqueService      : [ESTOQUE] Lendo VW_ECOMMERCE_ESTOQUE no banco de dados...
2026-09-06T19:55:00.083-03:00  INFO 12340 --- [ecommerce] [scheduling-1] c.d.e.s.SincronizacaoEstoqueService      : [ESTOQUE] Ciclo finalizado. Total de atualizações enviadas: 0
2026-09-06T19:55:00.083-03:00  INFO 12340 --- [ecommerce] [scheduling-1] c.d.e.service.SincronizacaoService       : Lendo VW_ECOMMERCE_PRECOS no banco de dados...
2026-09-06T19:55:00.151-03:00  INFO 12340 --- [ecommerce] [scheduling-1] c.d.e.service.SincronizacaoService       : Ciclo finalizado. Total de atualizações enviadas: 0
2026-09-06T19:56:00.000-03:00  INFO 12340 --- [ecommerce] [scheduling-1] c.d.e.s.SincronizacaoEstoqueService      : [ESTOQUE] Lendo VW_ECOMMERCE_ESTOQUE no banco de dados...
2026-09-06T19:56:00.046-03:00  INFO 12340 --- [ecommerce] [scheduling-1] c.d.e.s.SincronizacaoEstoqueService      : [ESTOQUE] Ciclo finalizado. Total de atualizações enviadas: 0
2026-09-06T19:56:00.047-03:00  INFO 12340 --- [ecommerce] [scheduling-1] c.d.e.service.SincronizacaoService       : Lendo VW_ECOMMERCE_PRECOS no banco de dados...
2026-09-06T19:56:00.119-03:00  INFO 12340 --- [ecommerce] [scheduling-1] c.d.e.service.SincronizacaoService       : Ciclo finalizado. Total de atualizações enviadas: 0
2026-09-06T19:57:00.000-03:00  INFO 12340 --- [ecommerce] [scheduling-1] c.d.e.s.SincronizacaoEstoqueService      : [ESTOQUE] Lendo VW_ECOMMERCE_ESTOQUE no banco de dados...
2026-09-06T19:57:00.087-03:00  INFO 12340 --- [ecommerce] [scheduling-1] c.d.e.s.SincronizacaoEstoqueService      : [ESTOQUE] Ciclo finalizado. Total de atualizações enviadas: 0
2026-09-06T19:57:00.087-03:00  INFO 12340 --- [ecommerce] [scheduling-1] c.d.e.service.SincronizacaoService       : Lendo VW_ECOMMERCE_PRECOS no banco de dados...
2026-09-06T19:57:00.239-03:00  INFO 12340 --- [ecommerce] [scheduling-1] c.d.e.service.SincronizacaoService       : Ciclo finalizado. Total de atualizações enviadas: 0
2026-09-06T19:58:00.000-03:00  INFO 12340 --- [ecommerce] [scheduling-1] c.d.e.service.SincronizacaoService       : Lendo VW_ECOMMERCE_PRECOS no banco de dados...
2026-09-06T19:58:00.053-03:00  INFO 12340 --- [ecommerce] [scheduling-1] c.d.e.service.SincronizacaoService       : Ciclo finalizado. Total de atualizações enviadas: 0
2026-09-06T19:58:00.054-03:00  INFO 12340 --- [ecommerce] [scheduling-1] c.d.e.s.SincronizacaoEstoqueService      : [ESTOQUE] Lendo VW_ECOMMERCE_ESTOQUE no banco de dados...
2026-09-06T19:58:00.086-03:00  INFO 12340 --- [ecommerce] [scheduling-1] c.d.e.s.SincronizacaoEstoqueService      : [ESTOQUE] Ciclo finalizado. Total de atualizações enviadas: 0
2026-09-06T19:58:59.999-03:00  INFO 12340 --- [ecommerce] [scheduling-1] c.d.e.service.SincronizacaoService       : Lendo VW_ECOMMERCE_PRECOS no banco de dados...
2026-09-06T19:59:00.094-03:00  INFO 12340 --- [ecommerce] [scheduling-1] c.d.e.service.SincronizacaoService       : Ciclo finalizado. Total de atualizações enviadas: 0
2026-09-06T19:59:00.094-03:00  INFO 12340 --- [ecommerce] [scheduling-1] c.d.e.s.SincronizacaoEstoqueService      : [ESTOQUE] Lendo VW_ECOMMERCE_ESTOQUE no banco de dados...
2026-09-06T19:59:00.117-03:00  INFO 12340 --- [ecommerce] [scheduling-1] c.d.e.s.SincronizacaoEstoqueService      : [ESTOQUE] Ciclo finalizado. Total de atualizações enviadas: 0
2026-09-06T19:59:59.999-03:00  INFO 12340 --- [ecommerce] [scheduling-1] c.d.e.service.SincronizacaoService       : Lendo VW_ECOMMERCE_PRECOS no banco de dados...
2026-09-06T20:00:00.048-03:00  INFO 12340 --- [ecommerce] [scheduling-1] c.d.e.service.SincronizacaoService       : Ciclo finalizado. Total de atualizações enviadas: 0
2026-09-06T20:00:00.048-03:00  INFO 12340 --- [ecommerce] [scheduling-1] c.d.e.s.SincronizacaoEstoqueService      : [ESTOQUE] Lendo VW_ECOMMERCE_ESTOQUE no banco de dados...
2026-09-06T20:00:00.069-03:00  INFO 12340 --- [ecommerce] [scheduling-1] c.d.e.s.SincronizacaoEstoqueService      : [ESTOQUE] Ciclo finalizado. Total de atualizações enviadas: 0
2026-09-06T20:00:59.999-03:00  INFO 12340 --- [ecommerce] [scheduling-1] c.d.e.s.SincronizacaoEstoqueService      : [ESTOQUE] Lendo VW_ECOMMERCE_ESTOQUE no banco de dados...
2026-09-06T20:01:00.071-03:00  INFO 12340 --- [ecommerce] [scheduling-1] c.d.e.s.SincronizacaoEstoqueService      : [ESTOQUE] Ciclo finalizado. Total de atualizações enviadas: 0
2026-09-06T20:01:00.071-03:00  INFO 12340 --- [ecommerce] [scheduling-1] c.d.e.service.SincronizacaoService       : Lendo VW_ECOMMERCE_PRECOS no banco de dados...
2026-09-06T20:01:00.120-03:00  INFO 12340 --- [ecommerce] [scheduling-1] c.d.e.service.SincronizacaoService       : Ciclo finalizado. Total de atualizações enviadas: 0
2026-09-06T20:02:00.000-03:00  INFO 12340 --- [ecommerce] [scheduling-1] c.d.e.s.SincronizacaoEstoqueService      : [ESTOQUE] Lendo VW_ECOMMERCE_ESTOQUE no banco de dados...
2026-09-06T20:02:00.092-03:00  INFO 12340 --- [ecommerce] [scheduling-1] c.d.e.s.SincronizacaoEstoqueService      : [ESTOQUE] Ciclo finalizado. Total de atualizações enviadas: 0
2026-09-06T20:02:00.093-03:00  INFO 12340 --- [ecommerce] [scheduling-1] c.d.e.service.SincronizacaoService       : Lendo VW_ECOMMERCE_PRECOS no banco de dados...
2026-09-06T20:02:00.148-03:00  INFO 12340 --- [ecommerce] [scheduling-1] c.d.e.service.SincronizacaoService       : Ciclo finalizado. Total de atualizações enviadas: 0
2026-09-06T20:03:00.000-03:00  INFO 12340 --- [ecommerce] [scheduling-1] c.d.e.s.SincronizacaoEstoqueService      : [ESTOQUE] Lendo VW_ECOMMERCE_ESTOQUE no banco de dados...
2026-09-06T20:03:00.040-03:00  INFO 12340 --- [ecommerce] [scheduling-1] c.d.e.s.SincronizacaoEstoqueService      : [ESTOQUE] Ciclo finalizado. Total de atualizações enviadas: 0
2026-09-06T20:03:00.040-03:00  INFO 12340 --- [ecommerce] [scheduling-1] c.d.e.service.SincronizacaoService       : Lendo VW_ECOMMERCE_PRECOS no banco de dados...
2026-09-06T20:03:00.085-03:00  INFO 12340 --- [ecommerce] [scheduling-1] c.d.e.service.SincronizacaoService       : Ciclo finalizado. Total de atualizações enviadas: 0
2026-09-06T20:03:59.999-03:00  INFO 12340 --- [ecommerce] [scheduling-1] c.d.e.service.SincronizacaoService       : Lendo VW_ECOMMERCE_PRECOS no banco de dados...
2026-09-06T20:04:00.141-03:00  INFO 12340 --- [ecommerce] [scheduling-1] c.d.e.service.SincronizacaoService       : Ciclo finalizado. Total de atualizações enviadas: 0
2026-09-06T20:04:00.141-03:00  INFO 12340 --- [ecommerce] [scheduling-1] c.d.e.s.SincronizacaoEstoqueService      : [ESTOQUE] Lendo VW_ECOMMERCE_ESTOQUE no banco de dados...
2026-09-06T20:04:00.168-03:00  INFO 12340 --- [ecommerce] [scheduling-1] c.d.e.s.SincronizacaoEstoqueService      : [ESTOQUE] Ciclo finalizado. Total de atualizações enviadas: 0
2026-09-06T20:04:59.999-03:00  INFO 12340 --- [ecommerce] [scheduling-1] c.d.e.service.SincronizacaoService       : Lendo VW_ECOMMERCE_PRECOS no banco de dados...
2026-09-06T20:05:00.210-03:00  INFO 12340 --- [ecommerce] [scheduling-1] c.d.e.service.SincronizacaoService       : Ciclo finalizado. Total de atualizações enviadas: 0
2026-09-06T20:05:00.211-03:00  INFO 12340 --- [ecommerce] [scheduling-1] c.d.e.s.SincronizacaoEstoqueService      : [ESTOQUE] Lendo VW_ECOMMERCE_ESTOQUE no banco de dados...
2026-09-06T20:05:00.252-03:00  INFO 12340 --- [ecommerce] [scheduling-1] c.d.e.s.SincronizacaoEstoqueService      : [ESTOQUE] Ciclo finalizado. Total de atualizações enviadas: 0
2026-09-06T20:06:00.000-03:00  INFO 12340 --- [ecommerce] [scheduling-1] c.d.e.service.SincronizacaoService       : Lendo VW_ECOMMERCE_PRECOS no banco de dados...
2026-09-06T20:06:00.089-03:00  INFO 12340 --- [ecommerce] [scheduling-1] c.d.e.service.SincronizacaoService       : Ciclo finalizado. Total de atualizações enviadas: 0
2026-09-06T20:06:00.089-03:00  INFO 12340 --- [ecommerce] [scheduling-1] c.d.e.s.SincronizacaoEstoqueService      : [ESTOQUE] Lendo VW_ECOMMERCE_ESTOQUE no banco de dados...
2026-09-06T20:06:00.118-03:00  INFO 12340 --- [ecommerce] [scheduling-1] c.d.e.s.SincronizacaoEstoqueService      : [ESTOQUE] Ciclo finalizado. Total de atualizações enviadas: 0
2026-09-06T20:07:00.001-03:00  INFO 12340 --- [ecommerce] [scheduling-1] c.d.e.s.SincronizacaoEstoqueService      : [ESTOQUE] Lendo VW_ECOMMERCE_ESTOQUE no banco de dados...
2026-09-06T20:07:00.032-03:00  INFO 12340 --- [ecommerce] [scheduling-1] c.d.e.s.SincronizacaoEstoqueService      : [ESTOQUE] Ciclo finalizado. Total de atualizações enviadas: 0
2026-09-06T20:07:00.032-03:00  INFO 12340 --- [ecommerce] [scheduling-1] c.d.e.service.SincronizacaoService       : Lendo VW_ECOMMERCE_PRECOS no banco de dados...
2026-09-06T20:07:00.077-03:00  INFO 12340 --- [ecommerce] [scheduling-1] c.d.e.service.SincronizacaoService       : Ciclo finalizado. Total de atualizações enviadas: 0
2026-09-06T20:07:59.999-03:00  INFO 12340 --- [ecommerce] [scheduling-1] c.d.e.service.SincronizacaoService       : Lendo VW_ECOMMERCE_PRECOS no banco de dados...
2026-09-06T20:08:00.220-03:00  INFO 12340 --- [ecommerce] [scheduling-1] c.d.e.service.SincronizacaoService       : Ciclo finalizado. Total de atualizações enviadas: 0
2026-09-06T20:08:00.220-03:00  INFO 12340 --- [ecommerce] [scheduling-1] c.d.e.s.SincronizacaoEstoqueService      : [ESTOQUE] Lendo VW_ECOMMERCE_ESTOQUE no banco de dados...
2026-09-06T20:08:00.247-03:00  INFO 12340 --- [ecommerce] [scheduling-1] c.d.e.s.SincronizacaoEstoqueService      : [ESTOQUE] Ciclo finalizado. Total de atualizações enviadas: 0
2026-09-06T20:09:00.000-03:00  INFO 12340 --- [ecommerce] [scheduling-1] c.d.e.s.SincronizacaoEstoqueService      : [ESTOQUE] Lendo VW_ECOMMERCE_ESTOQUE no banco de dados...
2026-09-06T20:09:00.027-03:00  INFO 12340 --- [ecommerce] [scheduling-1] c.d.e.s.SincronizacaoEstoqueService      : [ESTOQUE] Ciclo finalizado. Total de atualizações enviadas: 0
2026-09-06T20:09:00.027-03:00  INFO 12340 --- [ecommerce] [scheduling-1] c.d.e.service.SincronizacaoService       : Lendo VW_ECOMMERCE_PRECOS no banco de dados...
2026-09-06T20:09:00.073-03:00  INFO 12340 --- [ecommerce] [scheduling-1] c.d.e.service.SincronizacaoService       : Ciclo finalizado. Total de atualizações enviadas: 0
2026-09-06T20:10:00.001-03:00  INFO 12340 --- [ecommerce] [scheduling-1] c.d.e.service.SincronizacaoService       : Lendo VW_ECOMMERCE_PRECOS no banco de dados...
2026-09-06T20:10:00.065-03:00  INFO 12340 --- [ecommerce] [scheduling-1] c.d.e.service.SincronizacaoService       : Ciclo finalizado. Total de atualizações enviadas: 0
2026-09-06T20:10:00.065-03:00  INFO 12340 --- [ecommerce] [scheduling-1] c.d.e.s.SincronizacaoEstoqueService      : [ESTOQUE] Lendo VW_ECOMMERCE_ESTOQUE no banco de dados...
2026-09-06T20:10:00.096-03:00  INFO 12340 --- [ecommerce] [scheduling-1] c.d.e.s.SincronizacaoEstoqueService      : [ESTOQUE] Ciclo finalizado. Total de atualizações enviadas: 0
2026-09-06T20:11:00.001-03:00  INFO 12340 --- [ecommerce] [scheduling-1] c.d.e.s.SincronizacaoEstoqueService      : [ESTOQUE] Lendo VW_ECOMMERCE_ESTOQUE no banco de dados...
2026-09-06T20:11:00.349-03:00  INFO 12340 --- [ecommerce] [scheduling-1] c.d.e.s.SincronizacaoEstoqueService      : [ESTOQUE] Ciclo finalizado. Total de atualizações enviadas: 0
2026-09-06T20:11:00.351-03:00  INFO 12340 --- [ecommerce] [scheduling-1] c.d.e.service.SincronizacaoService       : Lendo VW_ECOMMERCE_PRECOS no banco de dados...
2026-09-06T20:11:00.520-03:00  INFO 12340 --- [ecommerce] [scheduling-1] c.d.e.service.SincronizacaoService       : Ciclo finalizado. Total de atualizações enviadas: 0
2026-09-06T20:12:00.000-03:00  INFO 12340 --- [ecommerce] [scheduling-1] c.d.e.service.SincronizacaoService       : Lendo VW_ECOMMERCE_PRECOS no banco de dados...
2026-09-06T20:12:00.105-03:00  INFO 12340 --- [ecommerce] [scheduling-1] c.d.e.service.SincronizacaoService       : Ciclo finalizado. Total de atualizações enviadas: 0
2026-09-06T20:12:00.105-03:00  INFO 12340 --- [ecommerce] [scheduling-1] c.d.e.s.SincronizacaoEstoqueService      : [ESTOQUE] Lendo VW_ECOMMERCE_ESTOQUE no banco de dados...
2026-09-06T20:12:00.132-03:00  INFO 12340 --- [ecommerce] [scheduling-1] c.d.e.s.SincronizacaoEstoqueService      : [ESTOQUE] Ciclo finalizado. Total de atualizações enviadas: 0
2026-09-06T20:13:00.000-03:00  INFO 12340 --- [ecommerce] [scheduling-1] c.d.e.service.SincronizacaoService       : Lendo VW_ECOMMERCE_PRECOS no banco de dados...
2026-09-06T20:13:00.049-03:00  INFO 12340 --- [ecommerce] [scheduling-1] c.d.e.service.SincronizacaoService       : Ciclo finalizado. Total de atualizações enviadas: 0
2026-09-06T20:13:00.049-03:00  INFO 12340 --- [ecommerce] [scheduling-1] c.d.e.s.SincronizacaoEstoqueService      : [ESTOQUE] Lendo VW_ECOMMERCE_ESTOQUE no banco de dados...
2026-09-06T20:13:00.067-03:00  INFO 12340 --- [ecommerce] [scheduling-1] c.d.e.s.SincronizacaoEstoqueService      : [ESTOQUE] Ciclo finalizado. Total de atualizações enviadas: 0
2026-09-06T20:14:00.000-03:00  INFO 12340 --- [ecommerce] [scheduling-1] c.d.e.service.SincronizacaoService       : Lendo VW_ECOMMERCE_PRECOS no banco de dados...
2026-09-06T20:14:00.132-03:00  INFO 12340 --- [ecommerce] [scheduling-1] c.d.e.service.SincronizacaoService       : Ciclo finalizado. Total de atualizações enviadas: 0
2026-09-06T20:14:00.132-03:00  INFO 12340 --- [ecommerce] [scheduling-1] c.d.e.s.SincronizacaoEstoqueService      : [ESTOQUE] Lendo VW_ECOMMERCE_ESTOQUE no banco de dados...
2026-09-06T20:14:00.154-03:00  INFO 12340 --- [ecommerce] [scheduling-1] c.d.e.s.SincronizacaoEstoqueService      : [ESTOQUE] Ciclo finalizado. Total de atualizações enviadas: 0
2026-09-06T20:15:00.000-03:00  INFO 12340 --- [ecommerce] [scheduling-1] c.d.e.s.SincronizacaoEstoqueService      : [ESTOQUE] Lendo VW_ECOMMERCE_ESTOQUE no banco de dados...
2026-09-06T20:15:00.117-03:00  INFO 12340 --- [ecommerce] [scheduling-1] c.d.e.s.SincronizacaoEstoqueService      : [ESTOQUE] Ciclo finalizado. Total de atualizações enviadas: 0
2026-09-06T20:15:00.118-03:00  INFO 12340 --- [ecommerce] [scheduling-1] c.d.e.service.SincronizacaoService       : Lendo VW_ECOMMERCE_PRECOS no banco de dados...
2026-09-06T20:15:00.197-03:00  INFO 12340 --- [ecommerce] [scheduling-1] c.d.e.service.SincronizacaoService       : Ciclo finalizado. Total de atualizações enviadas: 0
2026-09-06T20:16:00.001-03:00  INFO 12340 --- [ecommerce] [scheduling-1] c.d.e.s.SincronizacaoEstoqueService      : [ESTOQUE] Lendo VW_ECOMMERCE_ESTOQUE no banco de dados...
2026-09-06T20:16:00.044-03:00  INFO 12340 --- [ecommerce] [scheduling-1] c.d.e.s.SincronizacaoEstoqueService      : [ESTOQUE] Ciclo finalizado. Total de atualizações enviadas: 0
2026-09-06T20:16:00.044-03:00  INFO 12340 --- [ecommerce] [scheduling-1] c.d.e.service.SincronizacaoService       : Lendo VW_ECOMMERCE_PRECOS no banco de dados...
2026-09-06T20:16:00.112-03:00  INFO 12340 --- [ecommerce] [scheduling-1] c.d.e.service.SincronizacaoService       : Ciclo finalizado. Total de atualizações enviadas: 0
2026-09-06T20:17:00.000-03:00  INFO 12340 --- [ecommerce] [scheduling-1] c.d.e.s.SincronizacaoEstoqueService      : [ESTOQUE] Lendo VW_ECOMMERCE_ESTOQUE no banco de dados...
2026-09-06T20:17:00.054-03:00  INFO 12340 --- [ecommerce] [scheduling-1] c.d.e.s.SincronizacaoEstoqueService      : [ESTOQUE] Ciclo finalizado. Total de atualizações enviadas: 0
2026-09-06T20:17:00.054-03:00  INFO 12340 --- [ecommerce] [scheduling-1] c.d.e.service.SincronizacaoService       : Lendo VW_ECOMMERCE_PRECOS no banco de dados...
2026-09-06T20:17:00.099-03:00  INFO 12340 --- [ecommerce] [scheduling-1] c.d.e.service.SincronizacaoService       : Ciclo finalizado. Total de atualizações enviadas: 0
2026-09-06T20:18:00.000-03:00  INFO 12340 --- [ecommerce] [scheduling-1] c.d.e.s.SincronizacaoEstoqueService      : [ESTOQUE] Lendo VW_ECOMMERCE_ESTOQUE no banco de dados...
2026-09-06T20:18:00.051-03:00  INFO 12340 --- [ecommerce] [scheduling-1] c.d.e.s.SincronizacaoEstoqueService      : [ESTOQUE] Ciclo finalizado. Total de atualizações enviadas: 0
2026-09-06T20:18:00.051-03:00  INFO 12340 --- [ecommerce] [scheduling-1] c.d.e.service.SincronizacaoService       : Lendo VW_ECOMMERCE_PRECOS no banco de dados...
2026-09-06T20:18:00.099-03:00  INFO 12340 --- [ecommerce] [scheduling-1] c.d.e.service.SincronizacaoService       : Ciclo finalizado. Total de atualizações enviadas: 0
2026-09-06T20:19:00.001-03:00  INFO 12340 --- [ecommerce] [scheduling-1] c.d.e.s.SincronizacaoEstoqueService      : [ESTOQUE] Lendo VW_ECOMMERCE_ESTOQUE no banco de dados...
2026-09-06T20:19:00.055-03:00  INFO 12340 --- [ecommerce] [scheduling-1] c.d.e.s.SincronizacaoEstoqueService      : [ESTOQUE] Ciclo finalizado. Total de atualizações enviadas: 0
2026-09-06T20:19:00.055-03:00  INFO 12340 --- [ecommerce] [scheduling-1] c.d.e.service.SincronizacaoService       : Lendo VW_ECOMMERCE_PRECOS no banco de dados...
2026-09-06T20:19:00.100-03:00  INFO 12340 --- [ecommerce] [scheduling-1] c.d.e.service.SincronizacaoService       : Ciclo finalizado. Total de atualizações enviadas: 0
2026-09-06T20:20:00.001-03:00  INFO 12340 --- [ecommerce] [scheduling-1] c.d.e.service.SincronizacaoService       : Lendo VW_ECOMMERCE_PRECOS no banco de dados...
2026-09-06T20:20:00.120-03:00  INFO 12340 --- [ecommerce] [scheduling-1] c.d.e.service.SincronizacaoService       : Ciclo finalizado. Total de atualizações enviadas: 0
2026-09-06T20:20:00.120-03:00  INFO 12340 --- [ecommerce] [scheduling-1] c.d.e.s.SincronizacaoEstoqueService      : [ESTOQUE] Lendo VW_ECOMMERCE_ESTOQUE no banco de dados...
2026-09-06T20:20:00.140-03:00  INFO 12340 --- [ecommerce] [scheduling-1] c.d.e.s.SincronizacaoEstoqueService      : [ESTOQUE] Ciclo finalizado. Total de atualizações enviadas: 0
2026-09-06T20:21:00.000-03:00  INFO 12340 --- [ecommerce] [scheduling-1] c.d.e.s.SincronizacaoEstoqueService      : [ESTOQUE] Lendo VW_ECOMMERCE_ESTOQUE no banco de dados...
2026-09-06T20:21:00.050-03:00  INFO 12340 --- [ecommerce] [scheduling-1] c.d.e.s.SincronizacaoEstoqueService      : [ESTOQUE] Ciclo finalizado. Total de atualizações enviadas: 0
2026-09-06T20:21:00.050-03:00  INFO 12340 --- [ecommerce] [scheduling-1] c.d.e.service.SincronizacaoService       : Lendo VW_ECOMMERCE_PRECOS no banco de dados...
2026-09-06T20:21:00.149-03:00  INFO 12340 --- [ecommerce] [scheduling-1] c.d.e.service.SincronizacaoService       : Ciclo finalizado. Total de atualizações enviadas: 0
2026-09-06T20:22:00.000-03:00  INFO 12340 --- [ecommerce] [scheduling-1] c.d.e.s.SincronizacaoEstoqueService      : [ESTOQUE] Lendo VW_ECOMMERCE_ESTOQUE no banco de dados...
2026-09-06T20:22:00.079-03:00  INFO 12340 --- [ecommerce] [scheduling-1] c.d.e.s.SincronizacaoEstoqueService      : [ESTOQUE] Ciclo finalizado. Total de atualizações enviadas: 0
2026-09-06T20:22:00.079-03:00  INFO 12340 --- [ecommerce] [scheduling-1] c.d.e.service.SincronizacaoService       : Lendo VW_ECOMMERCE_PRECOS no banco de dados...
2026-09-06T20:22:00.205-03:00  INFO 12340 --- [ecommerce] [scheduling-1] c.d.e.service.SincronizacaoService       : Ciclo finalizado. Total de atualizações enviadas: 0
2026-09-06T20:23:00.000-03:00  INFO 12340 --- [ecommerce] [scheduling-1] c.d.e.s.SincronizacaoEstoqueService      : [ESTOQUE] Lendo VW_ECOMMERCE_ESTOQUE no banco de dados...
2026-09-06T20:23:00.051-03:00  INFO 12340 --- [ecommerce] [scheduling-1] c.d.e.s.SincronizacaoEstoqueService      : [ESTOQUE] Ciclo finalizado. Total de atualizações enviadas: 0
2026-09-06T20:23:00.051-03:00  INFO 12340 --- [ecommerce] [scheduling-1] c.d.e.service.SincronizacaoService       : Lendo VW_ECOMMERCE_PRECOS no banco de dados...
2026-09-06T20:23:00.099-03:00  INFO 12340 --- [ecommerce] [scheduling-1] c.d.e.service.SincronizacaoService       : Ciclo finalizado. Total de atualizações enviadas: 0
2026-09-06T20:24:00.001-03:00  INFO 12340 --- [ecommerce] [scheduling-1] c.d.e.service.SincronizacaoService       : Lendo VW_ECOMMERCE_PRECOS no banco de dados...
2026-09-06T20:24:00.096-03:00  INFO 12340 --- [ecommerce] [scheduling-1] c.d.e.service.SincronizacaoService       : Ciclo finalizado. Total de atualizações enviadas: 0
2026-09-06T20:24:00.096-03:00  INFO 12340 --- [ecommerce] [scheduling-1] c.d.e.s.SincronizacaoEstoqueService      : [ESTOQUE] Lendo VW_ECOMMERCE_ESTOQUE no banco de dados...
2026-09-06T20:24:00.125-03:00  INFO 12340 --- [ecommerce] [scheduling-1] c.d.e.s.SincronizacaoEstoqueService      : [ESTOQUE] Ciclo finalizado. Total de atualizações enviadas: 0
2026-09-06T20:25:00.000-03:00  INFO 12340 --- [ecommerce] [scheduling-1] c.d.e.service.SincronizacaoService       : Lendo VW_ECOMMERCE_PRECOS no banco de dados...
2026-09-06T20:25:00.106-03:00  INFO 12340 --- [ecommerce] [scheduling-1] c.d.e.service.SincronizacaoService       : Ciclo finalizado. Total de atualizações enviadas: 0
2026-09-06T20:25:00.107-03:00  INFO 12340 --- [ecommerce] [scheduling-1] c.d.e.s.SincronizacaoEstoqueService      : [ESTOQUE] Lendo VW_ECOMMERCE_ESTOQUE no banco de dados...
2026-09-06T20:25:00.138-03:00  INFO 12340 --- [ecommerce] [scheduling-1] c.d.e.s.SincronizacaoEstoqueService      : [ESTOQUE] Ciclo finalizado. Total de atualizações enviadas: 0
2026-09-06T20:26:00.001-03:00  INFO 12340 --- [ecommerce] [scheduling-1] c.d.e.s.SincronizacaoEstoqueService      : [ESTOQUE] Lendo VW_ECOMMERCE_ESTOQUE no banco de dados...
2026-09-06T20:26:00.103-03:00  INFO 12340 --- [ecommerce] [scheduling-1] c.d.e.s.SincronizacaoEstoqueService      : [ESTOQUE] Ciclo finalizado. Total de atualizações enviadas: 0
2026-09-06T20:26:00.103-03:00  INFO 12340 --- [ecommerce] [scheduling-1] c.d.e.service.SincronizacaoService       : Lendo VW_ECOMMERCE_PRECOS no banco de dados...
2026-09-06T20:26:00.303-03:00  INFO 12340 --- [ecommerce] [scheduling-1] c.d.e.service.SincronizacaoService       : Ciclo finalizado. Total de atualizações enviadas: 0
2026-09-06T20:27:00.000-03:00  INFO 12340 --- [ecommerce] [scheduling-1] c.d.e.service.SincronizacaoService       : Lendo VW_ECOMMERCE_PRECOS no banco de dados...
2026-09-06T20:27:00.092-03:00  INFO 12340 --- [ecommerce] [scheduling-1] c.d.e.service.SincronizacaoService       : Ciclo finalizado. Total de atualizações enviadas: 0
2026-09-06T20:27:00.092-03:00  INFO 12340 --- [ecommerce] [scheduling-1] c.d.e.s.SincronizacaoEstoqueService      : [ESTOQUE] Lendo VW_ECOMMERCE_ESTOQUE no banco de dados...
2026-09-06T20:27:00.123-03:00  INFO 12340 --- [ecommerce] [scheduling-1] c.d.e.s.SincronizacaoEstoqueService      : [ESTOQUE] Ciclo finalizado. Total de atualizações enviadas: 0
2026-09-06T20:28:00.001-03:00  INFO 12340 --- [ecommerce] [scheduling-1] c.d.e.s.SincronizacaoEstoqueService      : [ESTOQUE] Lendo VW_ECOMMERCE_ESTOQUE no banco de dados...
2026-09-06T20:28:00.056-03:00  INFO 12340 --- [ecommerce] [scheduling-1] c.d.e.s.SincronizacaoEstoqueService      : [ESTOQUE] Ciclo finalizado. Total de atualizações enviadas: 0
2026-09-06T20:28:00.056-03:00  INFO 12340 --- [ecommerce] [scheduling-1] c.d.e.service.SincronizacaoService       : Lendo VW_ECOMMERCE_PRECOS no banco de dados...
2026-09-06T20:28:00.170-03:00  INFO 12340 --- [ecommerce] [scheduling-1] c.d.e.service.SincronizacaoService       : Ciclo finalizado. Total de atualizações enviadas: 0
2026-09-06T20:29:00.000-03:00  INFO 12340 --- [ecommerce] [scheduling-1] c.d.e.s.SincronizacaoEstoqueService      : [ESTOQUE] Lendo VW_ECOMMERCE_ESTOQUE no banco de dados...
2026-09-06T20:29:00.106-03:00  INFO 12340 --- [ecommerce] [scheduling-1] c.d.e.s.SincronizacaoEstoqueService      : [ESTOQUE] Ciclo finalizado. Total de atualizações enviadas: 0
2026-09-06T20:29:00.106-03:00  INFO 12340 --- [ecommerce] [scheduling-1] c.d.e.service.SincronizacaoService       : Lendo VW_ECOMMERCE_PRECOS no banco de dados...
2026-09-06T20:29:00.238-03:00  INFO 12340 --- [ecommerce] [scheduling-1] c.d.e.service.SincronizacaoService       : Ciclo finalizado. Total de atualizações enviadas: 0
2026-09-06T20:29:59.999-03:00  INFO 12340 --- [ecommerce] [scheduling-1] c.d.e.service.SincronizacaoService       : Lendo VW_ECOMMERCE_PRECOS no banco de dados...
2026-09-06T20:30:00.135-03:00  INFO 12340 --- [ecommerce] [scheduling-1] c.d.e.service.SincronizacaoService       : Ciclo finalizado. Total de atualizações enviadas: 0
2026-09-06T20:30:00.135-03:00  INFO 12340 --- [ecommerce] [scheduling-1] c.d.e.s.SincronizacaoEstoqueService      : [ESTOQUE] Lendo VW_ECOMMERCE_ESTOQUE no banco de dados...
2026-09-06T20:30:00.168-03:00  INFO 12340 --- [ecommerce] [scheduling-1] c.d.e.s.SincronizacaoEstoqueService      : [ESTOQUE] Ciclo finalizado. Total de atualizações enviadas: 0
2026-09-06T20:31:00.000-03:00  INFO 12340 --- [ecommerce] [scheduling-1] c.d.e.service.SincronizacaoService       : Lendo VW_ECOMMERCE_PRECOS no banco de dados...
2026-09-06T20:31:00.158-03:00  INFO 12340 --- [ecommerce] [scheduling-1] c.d.e.service.SincronizacaoService       : Ciclo finalizado. Total de atualizações enviadas: 0
2026-09-06T20:31:00.158-03:00  INFO 12340 --- [ecommerce] [scheduling-1] c.d.e.s.SincronizacaoEstoqueService      : [ESTOQUE] Lendo VW_ECOMMERCE_ESTOQUE no banco de dados...
2026-09-06T20:31:00.187-03:00  INFO 12340 --- [ecommerce] [scheduling-1] c.d.e.s.SincronizacaoEstoqueService      : [ESTOQUE] Ciclo finalizado. Total de atualizações enviadas: 0
2026-09-06T20:32:00.000-03:00  INFO 12340 --- [ecommerce] [scheduling-1] c.d.e.s.SincronizacaoEstoqueService      : [ESTOQUE] Lendo VW_ECOMMERCE_ESTOQUE no banco de dados...
2026-09-06T20:32:00.078-03:00  INFO 12340 --- [ecommerce] [scheduling-1] c.d.e.s.SincronizacaoEstoqueService      : [ESTOQUE] Ciclo finalizado. Total de atualizações enviadas: 0
2026-09-06T20:32:00.079-03:00  INFO 12340 --- [ecommerce] [scheduling-1] c.d.e.service.SincronizacaoService       : Lendo VW_ECOMMERCE_PRECOS no banco de dados...
2026-09-06T20:32:00.126-03:00  INFO 12340 --- [ecommerce] [scheduling-1] c.d.e.service.SincronizacaoService       : Ciclo finalizado. Total de atualizações enviadas: 0
2026-09-06T20:33:00.000-03:00  INFO 12340 --- [ecommerce] [scheduling-1] c.d.e.s.SincronizacaoEstoqueService      : [ESTOQUE] Lendo VW_ECOMMERCE_ESTOQUE no banco de dados...
2026-09-06T20:33:00.064-03:00  INFO 12340 --- [ecommerce] [scheduling-1] c.d.e.s.SincronizacaoEstoqueService      : [ESTOQUE] Ciclo finalizado. Total de atualizações enviadas: 0
2026-09-06T20:33:00.065-03:00  INFO 12340 --- [ecommerce] [scheduling-1] c.d.e.service.SincronizacaoService       : Lendo VW_ECOMMERCE_PRECOS no banco de dados...
2026-09-06T20:33:00.130-03:00  INFO 12340 --- [ecommerce] [scheduling-1] c.d.e.service.SincronizacaoService       : Ciclo finalizado. Total de atualizações enviadas: 0
2026-09-06T20:34:00.000-03:00  INFO 12340 --- [ecommerce] [scheduling-1] c.d.e.service.SincronizacaoService       : Lendo VW_ECOMMERCE_PRECOS no banco de dados...
2026-09-06T20:34:00.088-03:00  INFO 12340 --- [ecommerce] [scheduling-1] c.d.e.service.SincronizacaoService       : Ciclo finalizado. Total de atualizações enviadas: 0
2026-09-06T20:34:00.088-03:00  INFO 12340 --- [ecommerce] [scheduling-1] c.d.e.s.SincronizacaoEstoqueService      : [ESTOQUE] Lendo VW_ECOMMERCE_ESTOQUE no banco de dados...
2026-09-06T20:34:00.124-03:00  INFO 12340 --- [ecommerce] [scheduling-1] c.d.e.s.SincronizacaoEstoqueService      : [ESTOQUE] Ciclo finalizado. Total de atualizações enviadas: 0
2026-09-06T20:35:00.000-03:00  INFO 12340 --- [ecommerce] [scheduling-1] c.d.e.service.SincronizacaoService       : Lendo VW_ECOMMERCE_PRECOS no banco de dados...
2026-09-06T20:35:00.094-03:00  INFO 12340 --- [ecommerce] [scheduling-1] c.d.e.service.SincronizacaoService       : Ciclo finalizado. Total de atualizações enviadas: 0
2026-09-06T20:35:00.094-03:00  INFO 12340 --- [ecommerce] [scheduling-1] c.d.e.s.SincronizacaoEstoqueService      : [ESTOQUE] Lendo VW_ECOMMERCE_ESTOQUE no banco de dados...
2026-09-06T20:35:00.124-03:00  INFO 12340 --- [ecommerce] [scheduling-1] c.d.e.s.SincronizacaoEstoqueService      : [ESTOQUE] Ciclo finalizado. Total de atualizações enviadas: 0
2026-09-06T20:36:00.000-03:00  INFO 12340 --- [ecommerce] [scheduling-1] c.d.e.service.SincronizacaoService       : Lendo VW_ECOMMERCE_PRECOS no banco de dados...
2026-09-06T20:36:00.106-03:00  INFO 12340 --- [ecommerce] [scheduling-1] c.d.e.service.SincronizacaoService       : Ciclo finalizado. Total de atualizações enviadas: 0
2026-09-06T20:36:00.106-03:00  INFO 12340 --- [ecommerce] [scheduling-1] c.d.e.s.SincronizacaoEstoqueService      : [ESTOQUE] Lendo VW_ECOMMERCE_ESTOQUE no banco de dados...
2026-09-06T20:36:00.133-03:00  INFO 12340 --- [ecommerce] [scheduling-1] c.d.e.s.SincronizacaoEstoqueService      : [ESTOQUE] Ciclo finalizado. Total de atualizações enviadas: 0
2026-09-06T20:37:00.000-03:00  INFO 12340 --- [ecommerce] [scheduling-1] c.d.e.service.SincronizacaoService       : Lendo VW_ECOMMERCE_PRECOS no banco de dados...
2026-09-06T20:37:00.058-03:00  INFO 12340 --- [ecommerce] [scheduling-1] c.d.e.service.SincronizacaoService       : Ciclo finalizado. Total de atualizações enviadas: 0
2026-09-06T20:37:00.058-03:00  INFO 12340 --- [ecommerce] [scheduling-1] c.d.e.s.SincronizacaoEstoqueService      : [ESTOQUE] Lendo VW_ECOMMERCE_ESTOQUE no banco de dados...
2026-09-06T20:37:00.093-03:00  INFO 12340 --- [ecommerce] [scheduling-1] c.d.e.s.SincronizacaoEstoqueService      : [ESTOQUE] Ciclo finalizado. Total de atualizações enviadas: 0
2026-09-06T20:38:00.000-03:00  INFO 12340 --- [ecommerce] [scheduling-1] c.d.e.service.SincronizacaoService       : Lendo VW_ECOMMERCE_PRECOS no banco de dados...
2026-09-06T20:38:00.062-03:00  INFO 12340 --- [ecommerce] [scheduling-1] c.d.e.service.SincronizacaoService       : Ciclo finalizado. Total de atualizações enviadas: 0
2026-09-06T20:38:00.063-03:00  INFO 12340 --- [ecommerce] [scheduling-1] c.d.e.s.SincronizacaoEstoqueService      : [ESTOQUE] Lendo VW_ECOMMERCE_ESTOQUE no banco de dados...
2026-09-06T20:38:00.097-03:00  INFO 12340 --- [ecommerce] [scheduling-1] c.d.e.s.SincronizacaoEstoqueService      : [ESTOQUE] Ciclo finalizado. Total de atualizações enviadas: 0
2026-09-06T20:38:59.999-03:00  INFO 12340 --- [ecommerce] [scheduling-1] c.d.e.service.SincronizacaoService       : Lendo VW_ECOMMERCE_PRECOS no banco de dados...
2026-09-06T20:39:00.105-03:00  INFO 12340 --- [ecommerce] [scheduling-1] c.d.e.service.SincronizacaoService       : Ciclo finalizado. Total de atualizações enviadas: 0
2026-09-06T20:39:00.105-03:00  INFO 12340 --- [ecommerce] [scheduling-1] c.d.e.s.SincronizacaoEstoqueService      : [ESTOQUE] Lendo VW_ECOMMERCE_ESTOQUE no banco de dados...
2026-09-06T20:39:00.134-03:00  INFO 12340 --- [ecommerce] [scheduling-1] c.d.e.s.SincronizacaoEstoqueService      : [ESTOQUE] Ciclo finalizado. Total de atualizações enviadas: 0
2026-09-06T20:40:00.001-03:00  INFO 12340 --- [ecommerce] [scheduling-1] c.d.e.service.SincronizacaoService       : Lendo VW_ECOMMERCE_PRECOS no banco de dados...
2026-09-06T20:40:00.316-03:00  INFO 12340 --- [ecommerce] [scheduling-1] c.d.e.service.SincronizacaoService       : Ciclo finalizado. Total de atualizações enviadas: 0
2026-09-06T20:40:00.316-03:00  INFO 12340 --- [ecommerce] [scheduling-1] c.d.e.s.SincronizacaoEstoqueService      : [ESTOQUE] Lendo VW_ECOMMERCE_ESTOQUE no banco de dados...
2026-09-06T20:40:00.349-03:00  INFO 12340 --- [ecommerce] [scheduling-1] c.d.e.s.SincronizacaoEstoqueService      : [ESTOQUE] Ciclo finalizado. Total de atualizações enviadas: 0
2026-09-06T20:41:00.001-03:00  INFO 12340 --- [ecommerce] [scheduling-1] c.d.e.service.SincronizacaoService       : Lendo VW_ECOMMERCE_PRECOS no banco de dados...
2026-09-06T20:41:00.081-03:00  INFO 12340 --- [ecommerce] [scheduling-1] c.d.e.service.SincronizacaoService       : Ciclo finalizado. Total de atualizações enviadas: 0
2026-09-06T20:41:00.082-03:00  INFO 12340 --- [ecommerce] [scheduling-1] c.d.e.s.SincronizacaoEstoqueService      : [ESTOQUE] Lendo VW_ECOMMERCE_ESTOQUE no banco de dados...
2026-09-06T20:41:00.113-03:00  INFO 12340 --- [ecommerce] [scheduling-1] c.d.e.s.SincronizacaoEstoqueService      : [ESTOQUE] Ciclo finalizado. Total de atualizações enviadas: 0
2026-09-06T20:41:59.999-03:00  INFO 12340 --- [ecommerce] [scheduling-1] c.d.e.service.SincronizacaoService       : Lendo VW_ECOMMERCE_PRECOS no banco de dados...
2026-09-06T20:42:00.192-03:00  INFO 12340 --- [ecommerce] [scheduling-1] c.d.e.service.SincronizacaoService       : Ciclo finalizado. Total de atualizações enviadas: 0
2026-09-06T20:42:00.192-03:00  INFO 12340 --- [ecommerce] [scheduling-1] c.d.e.s.SincronizacaoEstoqueService      : [ESTOQUE] Lendo VW_ECOMMERCE_ESTOQUE no banco de dados...
2026-09-06T20:42:00.241-03:00  INFO 12340 --- [ecommerce] [scheduling-1] c.d.e.s.SincronizacaoEstoqueService      : [ESTOQUE] Ciclo finalizado. Total de atualizações enviadas: 0
2026-09-06T20:43:00.001-03:00  INFO 12340 --- [ecommerce] [scheduling-1] c.d.e.s.SincronizacaoEstoqueService      : [ESTOQUE] Lendo VW_ECOMMERCE_ESTOQUE no banco de dados...
2026-09-06T20:43:00.049-03:00  INFO 12340 --- [ecommerce] [scheduling-1] c.d.e.s.SincronizacaoEstoqueService      : [ESTOQUE] Ciclo finalizado. Total de atualizações enviadas: 0
2026-09-06T20:43:00.049-03:00  INFO 12340 --- [ecommerce] [scheduling-1] c.d.e.service.SincronizacaoService       : Lendo VW_ECOMMERCE_PRECOS no banco de dados...
2026-09-06T20:43:00.101-03:00  INFO 12340 --- [ecommerce] [scheduling-1] c.d.e.service.SincronizacaoService       : Ciclo finalizado. Total de atualizações enviadas: 0
2026-09-06T20:44:00.000-03:00  INFO 12340 --- [ecommerce] [scheduling-1] c.d.e.s.SincronizacaoEstoqueService      : [ESTOQUE] Lendo VW_ECOMMERCE_ESTOQUE no banco de dados...
2026-09-06T20:44:00.040-03:00  INFO 12340 --- [ecommerce] [scheduling-1] c.d.e.s.SincronizacaoEstoqueService      : [ESTOQUE] Ciclo finalizado. Total de atualizações enviadas: 0
2026-09-06T20:44:00.040-03:00  INFO 12340 --- [ecommerce] [scheduling-1] c.d.e.service.SincronizacaoService       : Lendo VW_ECOMMERCE_PRECOS no banco de dados...
2026-09-06T20:44:00.083-03:00  INFO 12340 --- [ecommerce] [scheduling-1] c.d.e.service.SincronizacaoService       : Ciclo finalizado. Total de atualizações enviadas: 0
2026-09-06T20:45:00.000-03:00  INFO 12340 --- [ecommerce] [scheduling-1] c.d.e.s.SincronizacaoEstoqueService      : [ESTOQUE] Lendo VW_ECOMMERCE_ESTOQUE no banco de dados...
2026-09-06T20:45:00.042-03:00  INFO 12340 --- [ecommerce] [scheduling-1] c.d.e.s.SincronizacaoEstoqueService      : [ESTOQUE] Ciclo finalizado. Total de atualizações enviadas: 0
2026-09-06T20:45:00.043-03:00  INFO 12340 --- [ecommerce] [scheduling-1] c.d.e.service.SincronizacaoService       : Lendo VW_ECOMMERCE_PRECOS no banco de dados...
2026-09-06T20:45:00.158-03:00  INFO 12340 --- [ecommerce] [scheduling-1] c.d.e.service.SincronizacaoService       : Ciclo finalizado. Total de atualizações enviadas: 0
2026-09-06T20:45:59.999-03:00  INFO 12340 --- [ecommerce] [scheduling-1] c.d.e.s.SincronizacaoEstoqueService      : [ESTOQUE] Lendo VW_ECOMMERCE_ESTOQUE no banco de dados...
2026-09-06T20:46:00.054-03:00  INFO 12340 --- [ecommerce] [scheduling-1] c.d.e.s.SincronizacaoEstoqueService      : [ESTOQUE] Ciclo finalizado. Total de atualizações enviadas: 0
2026-09-06T20:46:00.054-03:00  INFO 12340 --- [ecommerce] [scheduling-1] c.d.e.service.SincronizacaoService       : Lendo VW_ECOMMERCE_PRECOS no banco de dados...
2026-09-06T20:46:00.124-03:00  INFO 12340 --- [ecommerce] [scheduling-1] c.d.e.service.SincronizacaoService       : Ciclo finalizado. Total de atualizações enviadas: 0
2026-09-06T20:47:00.000-03:00  INFO 12340 --- [ecommerce] [scheduling-1] c.d.e.s.SincronizacaoEstoqueService      : [ESTOQUE] Lendo VW_ECOMMERCE_ESTOQUE no banco de dados...
2026-09-06T20:47:00.103-03:00  INFO 12340 --- [ecommerce] [scheduling-1] c.d.e.s.SincronizacaoEstoqueService      : [ESTOQUE] Ciclo finalizado. Total de atualizações enviadas: 0
2026-09-06T20:47:00.103-03:00  INFO 12340 --- [ecommerce] [scheduling-1] c.d.e.service.SincronizacaoService       : Lendo VW_ECOMMERCE_PRECOS no banco de dados...
2026-09-06T20:47:00.220-03:00  INFO 12340 --- [ecommerce] [scheduling-1] c.d.e.service.SincronizacaoService       : Ciclo finalizado. Total de atualizações enviadas: 0
2026-09-06T20:48:00.000-03:00  INFO 12340 --- [ecommerce] [scheduling-1] c.d.e.s.SincronizacaoEstoqueService      : [ESTOQUE] Lendo VW_ECOMMERCE_ESTOQUE no banco de dados...
2026-09-06T20:48:00.049-03:00  INFO 12340 --- [ecommerce] [scheduling-1] c.d.e.s.SincronizacaoEstoqueService      : [ESTOQUE] Ciclo finalizado. Total de atualizações enviadas: 0
2026-09-06T20:48:00.049-03:00  INFO 12340 --- [ecommerce] [scheduling-1] c.d.e.service.SincronizacaoService       : Lendo VW_ECOMMERCE_PRECOS no banco de dados...
2026-09-06T20:48:00.096-03:00  INFO 12340 --- [ecommerce] [scheduling-1] c.d.e.service.SincronizacaoService       : Ciclo finalizado. Total de atualizações enviadas: 0
2026-09-06T20:49:00.000-03:00  INFO 12340 --- [ecommerce] [scheduling-1] c.d.e.service.SincronizacaoService       : Lendo VW_ECOMMERCE_PRECOS no banco de dados...
2026-09-06T20:49:00.062-03:00  INFO 12340 --- [ecommerce] [scheduling-1] c.d.e.service.SincronizacaoService       : Ciclo finalizado. Total de atualizações enviadas: 0
2026-09-06T20:49:00.063-03:00  INFO 12340 --- [ecommerce] [scheduling-1] c.d.e.s.SincronizacaoEstoqueService      : [ESTOQUE] Lendo VW_ECOMMERCE_ESTOQUE no banco de dados...
2026-09-06T20:49:00.094-03:00  INFO 12340 --- [ecommerce] [scheduling-1] c.d.e.s.SincronizacaoEstoqueService      : [ESTOQUE] Ciclo finalizado. Total de atualizações enviadas: 0
2026-09-06T20:50:00.000-03:00  INFO 12340 --- [ecommerce] [scheduling-1] c.d.e.s.SincronizacaoEstoqueService      : [ESTOQUE] Lendo VW_ECOMMERCE_ESTOQUE no banco de dados...
2026-09-06T20:50:00.057-03:00  INFO 12340 --- [ecommerce] [scheduling-1] c.d.e.s.SincronizacaoEstoqueService      : [ESTOQUE] Ciclo finalizado. Total de atualizações enviadas: 0
2026-09-06T20:50:00.057-03:00  INFO 12340 --- [ecommerce] [scheduling-1] c.d.e.service.SincronizacaoService       : Lendo VW_ECOMMERCE_PRECOS no banco de dados...
2026-09-06T20:50:00.101-03:00  INFO 12340 --- [ecommerce] [scheduling-1] c.d.e.service.SincronizacaoService       : Ciclo finalizado. Total de atualizações enviadas: 0
2026-09-06T20:50:59.999-03:00  INFO 12340 --- [ecommerce] [scheduling-1] c.d.e.service.SincronizacaoService       : Lendo VW_ECOMMERCE_PRECOS no banco de dados...
2026-09-06T20:51:00.088-03:00  INFO 12340 --- [ecommerce] [scheduling-1] c.d.e.service.SincronizacaoService       : Ciclo finalizado. Total de atualizações enviadas: 0
2026-09-06T20:51:00.088-03:00  INFO 12340 --- [ecommerce] [scheduling-1] c.d.e.s.SincronizacaoEstoqueService      : [ESTOQUE] Lendo VW_ECOMMERCE_ESTOQUE no banco de dados...
2026-09-06T20:51:00.126-03:00  INFO 12340 --- [ecommerce] [scheduling-1] c.d.e.s.SincronizacaoEstoqueService      : [ESTOQUE] Ciclo finalizado. Total de atualizações enviadas: 0
2026-09-06T20:52:00.000-03:00  INFO 12340 --- [ecommerce] [scheduling-1] c.d.e.service.SincronizacaoService       : Lendo VW_ECOMMERCE_PRECOS no banco de dados...
2026-09-06T20:52:00.088-03:00  INFO 12340 --- [ecommerce] [scheduling-1] c.d.e.service.SincronizacaoService       : Ciclo finalizado. Total de atualizações enviadas: 0
2026-09-06T20:52:00.089-03:00  INFO 12340 --- [ecommerce] [scheduling-1] c.d.e.s.SincronizacaoEstoqueService      : [ESTOQUE] Lendo VW_ECOMMERCE_ESTOQUE no banco de dados...
2026-09-06T20:52:00.109-03:00  INFO 12340 --- [ecommerce] [scheduling-1] c.d.e.s.SincronizacaoEstoqueService      : [ESTOQUE] Ciclo finalizado. Total de atualizações enviadas: 0
2026-09-06T20:53:00.000-03:00  INFO 12340 --- [ecommerce] [scheduling-1] c.d.e.service.SincronizacaoService       : Lendo VW_ECOMMERCE_PRECOS no banco de dados...
2026-09-06T20:53:00.049-03:00  INFO 12340 --- [ecommerce] [scheduling-1] c.d.e.service.SincronizacaoService       : Ciclo finalizado. Total de atualizações enviadas: 0
2026-09-06T20:53:00.049-03:00  INFO 12340 --- [ecommerce] [scheduling-1] c.d.e.s.SincronizacaoEstoqueService      : [ESTOQUE] Lendo VW_ECOMMERCE_ESTOQUE no banco de dados...
2026-09-06T20:53:00.069-03:00  INFO 12340 --- [ecommerce] [scheduling-1] c.d.e.s.SincronizacaoEstoqueService      : [ESTOQUE] Ciclo finalizado. Total de atualizações enviadas: 0
2026-09-06T20:54:00.001-03:00  INFO 12340 --- [ecommerce] [scheduling-1] c.d.e.s.SincronizacaoEstoqueService      : [ESTOQUE] Lendo VW_ECOMMERCE_ESTOQUE no banco de dados...
2026-09-06T20:54:00.052-03:00  INFO 12340 --- [ecommerce] [scheduling-1] c.d.e.s.SincronizacaoEstoqueService      : [ESTOQUE] Ciclo finalizado. Total de atualizações enviadas: 0
2026-09-06T20:54:00.052-03:00  INFO 12340 --- [ecommerce] [scheduling-1] c.d.e.service.SincronizacaoService       : Lendo VW_ECOMMERCE_PRECOS no banco de dados...
2026-09-06T20:54:00.139-03:00  INFO 12340 --- [ecommerce] [scheduling-1] c.d.e.service.SincronizacaoService       : Ciclo finalizado. Total de atualizações enviadas: 0
2026-09-06T20:55:00.000-03:00  INFO 12340 --- [ecommerce] [scheduling-1] c.d.e.service.SincronizacaoService       : Lendo VW_ECOMMERCE_PRECOS no banco de dados...
2026-09-06T20:55:00.182-03:00  INFO 12340 --- [ecommerce] [scheduling-1] c.d.e.service.SincronizacaoService       : Ciclo finalizado. Total de atualizações enviadas: 0
2026-09-06T20:55:00.182-03:00  INFO 12340 --- [ecommerce] [scheduling-1] c.d.e.s.SincronizacaoEstoqueService      : [ESTOQUE] Lendo VW_ECOMMERCE_ESTOQUE no banco de dados...
2026-09-06T20:55:00.278-03:00  INFO 12340 --- [ecommerce] [scheduling-1] c.d.e.s.SincronizacaoEstoqueService      : [ESTOQUE] Ciclo finalizado. Total de atualizações enviadas: 0
2026-09-06T20:56:00.001-03:00  INFO 12340 --- [ecommerce] [scheduling-1] c.d.e.s.SincronizacaoEstoqueService      : [ESTOQUE] Lendo VW_ECOMMERCE_ESTOQUE no banco de dados...
2026-09-06T20:56:00.042-03:00  INFO 12340 --- [ecommerce] [scheduling-1] c.d.e.s.SincronizacaoEstoqueService      : [ESTOQUE] Ciclo finalizado. Total de atualizações enviadas: 0
2026-09-06T20:56:00.042-03:00  INFO 12340 --- [ecommerce] [scheduling-1] c.d.e.service.SincronizacaoService       : Lendo VW_ECOMMERCE_PRECOS no banco de dados...
2026-09-06T20:56:00.090-03:00  INFO 12340 --- [ecommerce] [scheduling-1] c.d.e.service.SincronizacaoService       : Ciclo finalizado. Total de atualizações enviadas: 0
2026-09-06T20:57:00.000-03:00  INFO 12340 --- [ecommerce] [scheduling-1] c.d.e.s.SincronizacaoEstoqueService      : [ESTOQUE] Lendo VW_ECOMMERCE_ESTOQUE no banco de dados...
2026-09-06T20:57:00.076-03:00  INFO 12340 --- [ecommerce] [scheduling-1] c.d.e.s.SincronizacaoEstoqueService      : [ESTOQUE] Ciclo finalizado. Total de atualizações enviadas: 0
2026-09-06T20:57:00.077-03:00  INFO 12340 --- [ecommerce] [scheduling-1] c.d.e.service.SincronizacaoService       : Lendo VW_ECOMMERCE_PRECOS no banco de dados...
2026-09-06T20:57:00.128-03:00  INFO 12340 --- [ecommerce] [scheduling-1] c.d.e.service.SincronizacaoService       : Ciclo finalizado. Total de atualizações enviadas: 0
2026-09-06T20:57:59.999-03:00  INFO 12340 --- [ecommerce] [scheduling-1] c.d.e.service.SincronizacaoService       : Lendo VW_ECOMMERCE_PRECOS no banco de dados...
2026-09-06T20:58:00.056-03:00  INFO 12340 --- [ecommerce] [scheduling-1] c.d.e.service.SincronizacaoService       : Ciclo finalizado. Total de atualizações enviadas: 0
2026-09-06T20:58:00.056-03:00  INFO 12340 --- [ecommerce] [scheduling-1] c.d.e.s.SincronizacaoEstoqueService      : [ESTOQUE] Lendo VW_ECOMMERCE_ESTOQUE no banco de dados...
2026-09-06T20:58:00.089-03:00  INFO 12340 --- [ecommerce] [scheduling-1] c.d.e.s.SincronizacaoEstoqueService      : [ESTOQUE] Ciclo finalizado. Total de atualizações enviadas: 0
2026-09-06T20:59:00.000-03:00  INFO 12340 --- [ecommerce] [scheduling-1] c.d.e.s.SincronizacaoEstoqueService      : [ESTOQUE] Lendo VW_ECOMMERCE_ESTOQUE no banco de dados...
2026-09-06T20:59:00.061-03:00  INFO 12340 --- [ecommerce] [scheduling-1] c.d.e.s.SincronizacaoEstoqueService      : [ESTOQUE] Ciclo finalizado. Total de atualizações enviadas: 0
2026-09-06T20:59:00.061-03:00  INFO 12340 --- [ecommerce] [scheduling-1] c.d.e.service.SincronizacaoService       : Lendo VW_ECOMMERCE_PRECOS no banco de dados...
2026-09-06T20:59:00.110-03:00  INFO 12340 --- [ecommerce] [scheduling-1] c.d.e.service.SincronizacaoService       : Ciclo finalizado. Total de atualizações enviadas: 0
2026-09-06T21:00:00.000-03:00  INFO 12340 --- [ecommerce] [scheduling-1] c.d.e.s.SincronizacaoEstoqueService      : [ESTOQUE] Lendo VW_ECOMMERCE_ESTOQUE no banco de dados...
2026-09-06T21:00:00.061-03:00  INFO 12340 --- [ecommerce] [scheduling-1] c.d.e.s.SincronizacaoEstoqueService      : [ESTOQUE] Ciclo finalizado. Total de atualizações enviadas: 0
2026-09-06T21:00:00.061-03:00  INFO 12340 --- [ecommerce] [scheduling-1] c.d.e.service.SincronizacaoService       : Lendo VW_ECOMMERCE_PRECOS no banco de dados...
2026-09-06T21:00:00.201-03:00  INFO 12340 --- [ecommerce] [scheduling-1] c.d.e.service.SincronizacaoService       : Ciclo finalizado. Total de atualizações enviadas: 0
2026-09-06T21:00:59.999-03:00  INFO 12340 --- [ecommerce] [scheduling-1] c.d.e.service.SincronizacaoService       : Lendo VW_ECOMMERCE_PRECOS no banco de dados...
2026-09-06T21:01:00.099-03:00  INFO 12340 --- [ecommerce] [scheduling-1] c.d.e.service.SincronizacaoService       : Ciclo finalizado. Total de atualizações enviadas: 0
2026-09-06T21:01:00.099-03:00  INFO 12340 --- [ecommerce] [scheduling-1] c.d.e.s.SincronizacaoEstoqueService      : [ESTOQUE] Lendo VW_ECOMMERCE_ESTOQUE no banco de dados...
2026-09-06T21:01:00.133-03:00  INFO 12340 --- [ecommerce] [scheduling-1] c.d.e.s.SincronizacaoEstoqueService      : [ESTOQUE] Ciclo finalizado. Total de atualizações enviadas: 0
2026-09-06T21:02:00.000-03:00  INFO 12340 --- [ecommerce] [scheduling-1] c.d.e.service.SincronizacaoService       : Lendo VW_ECOMMERCE_PRECOS no banco de dados...
2026-09-06T21:02:00.073-03:00  INFO 12340 --- [ecommerce] [scheduling-1] c.d.e.service.SincronizacaoService       : Ciclo finalizado. Total de atualizações enviadas: 0
2026-09-06T21:02:00.073-03:00  INFO 12340 --- [ecommerce] [scheduling-1] c.d.e.s.SincronizacaoEstoqueService      : [ESTOQUE] Lendo VW_ECOMMERCE_ESTOQUE no banco de dados...
2026-09-06T21:02:00.104-03:00  INFO 12340 --- [ecommerce] [scheduling-1] c.d.e.s.SincronizacaoEstoqueService      : [ESTOQUE] Ciclo finalizado. Total de atualizações enviadas: 0
2026-09-06T21:03:00.000-03:00  INFO 12340 --- [ecommerce] [scheduling-1] c.d.e.service.SincronizacaoService       : Lendo VW_ECOMMERCE_PRECOS no banco de dados...
2026-09-06T21:03:00.137-03:00  INFO 12340 --- [ecommerce] [scheduling-1] c.d.e.service.SincronizacaoService       : Ciclo finalizado. Total de atualizações enviadas: 0
2026-09-06T21:03:00.137-03:00  INFO 12340 --- [ecommerce] [scheduling-1] c.d.e.s.SincronizacaoEstoqueService      : [ESTOQUE] Lendo VW_ECOMMERCE_ESTOQUE no banco de dados...
2026-09-06T21:03:00.167-03:00  INFO 12340 --- [ecommerce] [scheduling-1] c.d.e.s.SincronizacaoEstoqueService      : [ESTOQUE] Ciclo finalizado. Total de atualizações enviadas: 0
2026-09-06T21:03:59.999-03:00  INFO 12340 --- [ecommerce] [scheduling-1] c.d.e.service.SincronizacaoService       : Lendo VW_ECOMMERCE_PRECOS no banco de dados...
2026-09-06T21:04:00.136-03:00  INFO 12340 --- [ecommerce] [scheduling-1] c.d.e.service.SincronizacaoService       : Ciclo finalizado. Total de atualizações enviadas: 0
2026-09-06T21:04:00.136-03:00  INFO 12340 --- [ecommerce] [scheduling-1] c.d.e.s.SincronizacaoEstoqueService      : [ESTOQUE] Lendo VW_ECOMMERCE_ESTOQUE no banco de dados...
2026-09-06T21:04:00.157-03:00  INFO 12340 --- [ecommerce] [scheduling-1] c.d.e.s.SincronizacaoEstoqueService      : [ESTOQUE] Ciclo finalizado. Total de atualizações enviadas: 0
2026-09-06T21:04:59.999-03:00  INFO 12340 --- [ecommerce] [scheduling-1] c.d.e.s.SincronizacaoEstoqueService      : [ESTOQUE] Lendo VW_ECOMMERCE_ESTOQUE no banco de dados...
2026-09-06T21:05:00.090-03:00  INFO 12340 --- [ecommerce] [scheduling-1] c.d.e.s.SincronizacaoEstoqueService      : [ESTOQUE] Ciclo finalizado. Total de atualizações enviadas: 0
2026-09-06T21:05:00.090-03:00  INFO 12340 --- [ecommerce] [scheduling-1] c.d.e.service.SincronizacaoService       : Lendo VW_ECOMMERCE_PRECOS no banco de dados...
2026-09-06T21:05:00.187-03:00  INFO 12340 --- [ecommerce] [scheduling-1] c.d.e.service.SincronizacaoService       : Ciclo finalizado. Total de atualizações enviadas: 0
2026-09-06T21:05:59.999-03:00  INFO 12340 --- [ecommerce] [scheduling-1] c.d.e.service.SincronizacaoService       : Lendo VW_ECOMMERCE_PRECOS no banco de dados...
2026-09-06T21:06:00.048-03:00  INFO 12340 --- [ecommerce] [scheduling-1] c.d.e.service.SincronizacaoService       : Ciclo finalizado. Total de atualizações enviadas: 0
2026-09-06T21:06:00.049-03:00  INFO 12340 --- [ecommerce] [scheduling-1] c.d.e.s.SincronizacaoEstoqueService      : [ESTOQUE] Lendo VW_ECOMMERCE_ESTOQUE no banco de dados...
2026-09-06T21:06:00.076-03:00  INFO 12340 --- [ecommerce] [scheduling-1] c.d.e.s.SincronizacaoEstoqueService      : [ESTOQUE] Ciclo finalizado. Total de atualizações enviadas: 0
2026-09-06T21:07:00.000-03:00  INFO 12340 --- [ecommerce] [scheduling-1] c.d.e.service.SincronizacaoService       : Lendo VW_ECOMMERCE_PRECOS no banco de dados...
2026-09-06T21:07:00.106-03:00  INFO 12340 --- [ecommerce] [scheduling-1] c.d.e.service.SincronizacaoService       : Ciclo finalizado. Total de atualizações enviadas: 0
2026-09-06T21:07:00.106-03:00  INFO 12340 --- [ecommerce] [scheduling-1] c.d.e.s.SincronizacaoEstoqueService      : [ESTOQUE] Lendo VW_ECOMMERCE_ESTOQUE no banco de dados...
2026-09-06T21:07:00.135-03:00  INFO 12340 --- [ecommerce] [scheduling-1] c.d.e.s.SincronizacaoEstoqueService      : [ESTOQUE] Ciclo finalizado. Total de atualizações enviadas: 0
2026-09-06T21:08:00.000-03:00  INFO 12340 --- [ecommerce] [scheduling-1] c.d.e.s.SincronizacaoEstoqueService      : [ESTOQUE] Lendo VW_ECOMMERCE_ESTOQUE no banco de dados...
2026-09-06T21:08:00.026-03:00  INFO 12340 --- [ecommerce] [scheduling-1] c.d.e.s.SincronizacaoEstoqueService      : [ESTOQUE] Ciclo finalizado. Total de atualizações enviadas: 0
2026-09-06T21:08:00.026-03:00  INFO 12340 --- [ecommerce] [scheduling-1] c.d.e.service.SincronizacaoService       : Lendo VW_ECOMMERCE_PRECOS no banco de dados...
2026-09-06T21:08:00.085-03:00  INFO 12340 --- [ecommerce] [scheduling-1] c.d.e.service.SincronizacaoService       : Ciclo finalizado. Total de atualizações enviadas: 0
2026-09-06T21:09:00.000-03:00  INFO 12340 --- [ecommerce] [scheduling-1] c.d.e.service.SincronizacaoService       : Lendo VW_ECOMMERCE_PRECOS no banco de dados...
2026-09-06T21:09:00.098-03:00  INFO 12340 --- [ecommerce] [scheduling-1] c.d.e.service.SincronizacaoService       : Ciclo finalizado. Total de atualizações enviadas: 0
2026-09-06T21:09:00.098-03:00  INFO 12340 --- [ecommerce] [scheduling-1] c.d.e.s.SincronizacaoEstoqueService      : [ESTOQUE] Lendo VW_ECOMMERCE_ESTOQUE no banco de dados...
2026-09-06T21:09:00.131-03:00  INFO 12340 --- [ecommerce] [scheduling-1] c.d.e.s.SincronizacaoEstoqueService      : [ESTOQUE] Ciclo finalizado. Total de atualizações enviadas: 0
2026-09-06T21:10:00.000-03:00  INFO 12340 --- [ecommerce] [scheduling-1] c.d.e.service.SincronizacaoService       : Lendo VW_ECOMMERCE_PRECOS no banco de dados...
2026-09-06T21:10:00.121-03:00  INFO 12340 --- [ecommerce] [scheduling-1] c.d.e.service.SincronizacaoService       : Ciclo finalizado. Total de atualizações enviadas: 0
2026-09-06T21:10:00.121-03:00  INFO 12340 --- [ecommerce] [scheduling-1] c.d.e.s.SincronizacaoEstoqueService      : [ESTOQUE] Lendo VW_ECOMMERCE_ESTOQUE no banco de dados...
2026-09-06T21:10:00.145-03:00  INFO 12340 --- [ecommerce] [scheduling-1] c.d.e.s.SincronizacaoEstoqueService      : [ESTOQUE] Ciclo finalizado. Total de atualizações enviadas: 0
2026-09-06T21:11:00.000-03:00  INFO 12340 --- [ecommerce] [scheduling-1] c.d.e.s.SincronizacaoEstoqueService      : [ESTOQUE] Lendo VW_ECOMMERCE_ESTOQUE no banco de dados...
2026-09-06T21:11:00.057-03:00  INFO 12340 --- [ecommerce] [scheduling-1] c.d.e.s.SincronizacaoEstoqueService      : [ESTOQUE] Ciclo finalizado. Total de atualizações enviadas: 0
2026-09-06T21:11:00.057-03:00  INFO 12340 --- [ecommerce] [scheduling-1] c.d.e.service.SincronizacaoService       : Lendo VW_ECOMMERCE_PRECOS no banco de dados...
2026-09-06T21:11:00.139-03:00  INFO 12340 --- [ecommerce] [scheduling-1] c.d.e.service.SincronizacaoService       : Ciclo finalizado. Total de atualizações enviadas: 0
2026-09-06T21:12:00.001-03:00  INFO 12340 --- [ecommerce] [scheduling-1] c.d.e.s.SincronizacaoEstoqueService      : [ESTOQUE] Lendo VW_ECOMMERCE_ESTOQUE no banco de dados...
2026-09-06T21:12:00.085-03:00  INFO 12340 --- [ecommerce] [scheduling-1] c.d.e.s.SincronizacaoEstoqueService      : [ESTOQUE] Ciclo finalizado. Total de atualizações enviadas: 0
2026-09-06T21:12:00.085-03:00  INFO 12340 --- [ecommerce] [scheduling-1] c.d.e.service.SincronizacaoService       : Lendo VW_ECOMMERCE_PRECOS no banco de dados...
2026-09-06T21:12:00.180-03:00  INFO 12340 --- [ecommerce] [scheduling-1] c.d.e.service.SincronizacaoService       : Ciclo finalizado. Total de atualizações enviadas: 0
2026-09-06T21:13:00.000-03:00  INFO 12340 --- [ecommerce] [scheduling-1] c.d.e.s.SincronizacaoEstoqueService      : [ESTOQUE] Lendo VW_ECOMMERCE_ESTOQUE no banco de dados...
2026-09-06T21:13:00.068-03:00  INFO 12340 --- [ecommerce] [scheduling-1] c.d.e.s.SincronizacaoEstoqueService      : [ESTOQUE] Ciclo finalizado. Total de atualizações enviadas: 0
2026-09-06T21:13:00.069-03:00  INFO 12340 --- [ecommerce] [scheduling-1] c.d.e.service.SincronizacaoService       : Lendo VW_ECOMMERCE_PRECOS no banco de dados...
2026-09-06T21:13:00.439-03:00  INFO 12340 --- [ecommerce] [scheduling-1] c.d.e.service.SincronizacaoService       : Ciclo finalizado. Total de atualizações enviadas: 0
2026-09-06T21:14:00.000-03:00  INFO 12340 --- [ecommerce] [scheduling-1] c.d.e.service.SincronizacaoService       : Lendo VW_ECOMMERCE_PRECOS no banco de dados...
2026-09-06T21:14:00.113-03:00  INFO 12340 --- [ecommerce] [scheduling-1] c.d.e.service.SincronizacaoService       : Ciclo finalizado. Total de atualizações enviadas: 0
2026-09-06T21:14:00.113-03:00  INFO 12340 --- [ecommerce] [scheduling-1] c.d.e.s.SincronizacaoEstoqueService      : [ESTOQUE] Lendo VW_ECOMMERCE_ESTOQUE no banco de dados...
2026-09-06T21:14:00.148-03:00  INFO 12340 --- [ecommerce] [scheduling-1] c.d.e.s.SincronizacaoEstoqueService      : [ESTOQUE] Ciclo finalizado. Total de atualizações enviadas: 0
2026-09-06T21:15:00.000-03:00  INFO 12340 --- [ecommerce] [scheduling-1] c.d.e.s.SincronizacaoEstoqueService      : [ESTOQUE] Lendo VW_ECOMMERCE_ESTOQUE no banco de dados...
2026-09-06T21:15:00.077-03:00  INFO 12340 --- [ecommerce] [scheduling-1] c.d.e.s.SincronizacaoEstoqueService      : [ESTOQUE] Ciclo finalizado. Total de atualizações enviadas: 0
2026-09-06T21:15:00.077-03:00  INFO 12340 --- [ecommerce] [scheduling-1] c.d.e.service.SincronizacaoService       : Lendo VW_ECOMMERCE_PRECOS no banco de dados...
2026-09-06T21:15:00.200-03:00  INFO 12340 --- [ecommerce] [scheduling-1] c.d.e.service.SincronizacaoService       : Ciclo finalizado. Total de atualizações enviadas: 0
2026-09-06T21:16:00.000-03:00  INFO 12340 --- [ecommerce] [scheduling-1] c.d.e.service.SincronizacaoService       : Lendo VW_ECOMMERCE_PRECOS no banco de dados...
2026-09-06T21:16:00.050-03:00  INFO 12340 --- [ecommerce] [scheduling-1] c.d.e.service.SincronizacaoService       : Ciclo finalizado. Total de atualizações enviadas: 0
2026-09-06T21:16:00.050-03:00  INFO 12340 --- [ecommerce] [scheduling-1] c.d.e.s.SincronizacaoEstoqueService      : [ESTOQUE] Lendo VW_ECOMMERCE_ESTOQUE no banco de dados...
2026-09-06T21:16:00.082-03:00  INFO 12340 --- [ecommerce] [scheduling-1] c.d.e.s.SincronizacaoEstoqueService      : [ESTOQUE] Ciclo finalizado. Total de atualizações enviadas: 0
2026-09-06T21:17:00.000-03:00  INFO 12340 --- [ecommerce] [scheduling-1] c.d.e.s.SincronizacaoEstoqueService      : [ESTOQUE] Lendo VW_ECOMMERCE_ESTOQUE no banco de dados...
2026-09-06T21:17:00.094-03:00  INFO 12340 --- [ecommerce] [scheduling-1] c.d.e.s.SincronizacaoEstoqueService      : [ESTOQUE] Ciclo finalizado. Total de atualizações enviadas: 0
2026-09-06T21:17:00.094-03:00  INFO 12340 --- [ecommerce] [scheduling-1] c.d.e.service.SincronizacaoService       : Lendo VW_ECOMMERCE_PRECOS no banco de dados...
2026-09-06T21:17:00.212-03:00  INFO 12340 --- [ecommerce] [scheduling-1] c.d.e.service.SincronizacaoService       : Ciclo finalizado. Total de atualizações enviadas: 0
2026-09-06T21:18:00.001-03:00  INFO 12340 --- [ecommerce] [scheduling-1] c.d.e.service.SincronizacaoService       : Lendo VW_ECOMMERCE_PRECOS no banco de dados...
2026-09-06T21:18:00.079-03:00  INFO 12340 --- [ecommerce] [scheduling-1] c.d.e.service.SincronizacaoService       : Ciclo finalizado. Total de atualizações enviadas: 0
2026-09-06T21:18:00.079-03:00  INFO 12340 --- [ecommerce] [scheduling-1] c.d.e.s.SincronizacaoEstoqueService      : [ESTOQUE] Lendo VW_ECOMMERCE_ESTOQUE no banco de dados...
2026-09-06T21:18:00.111-03:00  INFO 12340 --- [ecommerce] [scheduling-1] c.d.e.s.SincronizacaoEstoqueService      : [ESTOQUE] Ciclo finalizado. Total de atualizações enviadas: 0
2026-09-06T21:19:00.000-03:00  INFO 12340 --- [ecommerce] [scheduling-1] c.d.e.service.SincronizacaoService       : Lendo VW_ECOMMERCE_PRECOS no banco de dados...
2026-09-06T21:19:00.132-03:00  INFO 12340 --- [ecommerce] [scheduling-1] c.d.e.service.SincronizacaoService       : Ciclo finalizado. Total de atualizações enviadas: 0
2026-09-06T21:19:00.133-03:00  INFO 12340 --- [ecommerce] [scheduling-1] c.d.e.s.SincronizacaoEstoqueService      : [ESTOQUE] Lendo VW_ECOMMERCE_ESTOQUE no banco de dados...
2026-09-06T21:19:00.155-03:00  INFO 12340 --- [ecommerce] [scheduling-1] c.d.e.s.SincronizacaoEstoqueService      : [ESTOQUE] Ciclo finalizado. Total de atualizações enviadas: 0
2026-09-06T21:20:00.000-03:00  INFO 12340 --- [ecommerce] [scheduling-1] c.d.e.service.SincronizacaoService       : Lendo VW_ECOMMERCE_PRECOS no banco de dados...
2026-09-06T21:20:00.176-03:00  INFO 12340 --- [ecommerce] [scheduling-1] c.d.e.service.SincronizacaoService       : Ciclo finalizado. Total de atualizações enviadas: 0
2026-09-06T21:20:00.176-03:00  INFO 12340 --- [ecommerce] [scheduling-1] c.d.e.s.SincronizacaoEstoqueService      : [ESTOQUE] Lendo VW_ECOMMERCE_ESTOQUE no banco de dados...
2026-09-06T21:20:00.215-03:00  INFO 12340 --- [ecommerce] [scheduling-1] c.d.e.s.SincronizacaoEstoqueService      : [ESTOQUE] Ciclo finalizado. Total de atualizações enviadas: 0
2026-09-06T21:21:00.001-03:00  INFO 12340 --- [ecommerce] [scheduling-1] c.d.e.service.SincronizacaoService       : Lendo VW_ECOMMERCE_PRECOS no banco de dados...
2026-09-06T21:21:00.056-03:00  INFO 12340 --- [ecommerce] [scheduling-1] c.d.e.service.SincronizacaoService       : Ciclo finalizado. Total de atualizações enviadas: 0
2026-09-06T21:21:00.056-03:00  INFO 12340 --- [ecommerce] [scheduling-1] c.d.e.s.SincronizacaoEstoqueService      : [ESTOQUE] Lendo VW_ECOMMERCE_ESTOQUE no banco de dados...
2026-09-06T21:21:00.086-03:00  INFO 12340 --- [ecommerce] [scheduling-1] c.d.e.s.SincronizacaoEstoqueService      : [ESTOQUE] Ciclo finalizado. Total de atualizações enviadas: 0
2026-09-06T21:22:00.000-03:00  INFO 12340 --- [ecommerce] [scheduling-1] c.d.e.service.SincronizacaoService       : Lendo VW_ECOMMERCE_PRECOS no banco de dados...
2026-09-06T21:22:00.105-03:00  INFO 12340 --- [ecommerce] [scheduling-1] c.d.e.service.SincronizacaoService       : Ciclo finalizado. Total de atualizações enviadas: 0
2026-09-06T21:22:00.105-03:00  INFO 12340 --- [ecommerce] [scheduling-1] c.d.e.s.SincronizacaoEstoqueService      : [ESTOQUE] Lendo VW_ECOMMERCE_ESTOQUE no banco de dados...
2026-09-06T21:22:00.133-03:00  INFO 12340 --- [ecommerce] [scheduling-1] c.d.e.s.SincronizacaoEstoqueService      : [ESTOQUE] Ciclo finalizado. Total de atualizações enviadas: 0
2026-09-06T21:23:00.001-03:00  INFO 12340 --- [ecommerce] [scheduling-1] c.d.e.service.SincronizacaoService       : Lendo VW_ECOMMERCE_PRECOS no banco de dados...
2026-09-06T21:23:00.050-03:00  INFO 12340 --- [ecommerce] [scheduling-1] c.d.e.service.SincronizacaoService       : Ciclo finalizado. Total de atualizações enviadas: 0
2026-09-06T21:23:00.050-03:00  INFO 12340 --- [ecommerce] [scheduling-1] c.d.e.s.SincronizacaoEstoqueService      : [ESTOQUE] Lendo VW_ECOMMERCE_ESTOQUE no banco de dados...
2026-09-06T21:23:00.083-03:00  INFO 12340 --- [ecommerce] [scheduling-1] c.d.e.s.SincronizacaoEstoqueService      : [ESTOQUE] Ciclo finalizado. Total de atualizações enviadas: 0
2026-09-06T21:24:00.000-03:00  INFO 12340 --- [ecommerce] [scheduling-1] c.d.e.s.SincronizacaoEstoqueService      : [ESTOQUE] Lendo VW_ECOMMERCE_ESTOQUE no banco de dados...
2026-09-06T21:24:00.088-03:00  INFO 12340 --- [ecommerce] [scheduling-1] c.d.e.s.SincronizacaoEstoqueService      : [ESTOQUE] Ciclo finalizado. Total de atualizações enviadas: 0
2026-09-06T21:24:00.088-03:00  INFO 12340 --- [ecommerce] [scheduling-1] c.d.e.service.SincronizacaoService       : Lendo VW_ECOMMERCE_PRECOS no banco de dados...
2026-09-06T21:24:00.131-03:00  INFO 12340 --- [ecommerce] [scheduling-1] c.d.e.service.SincronizacaoService       : Ciclo finalizado. Total de atualizações enviadas: 0
2026-09-06T21:25:00.000-03:00  INFO 12340 --- [ecommerce] [scheduling-1] c.d.e.service.SincronizacaoService       : Lendo VW_ECOMMERCE_PRECOS no banco de dados...
2026-09-06T21:25:00.159-03:00  INFO 12340 --- [ecommerce] [scheduling-1] c.d.e.service.SincronizacaoService       : Ciclo finalizado. Total de atualizações enviadas: 0
2026-09-06T21:25:00.159-03:00  INFO 12340 --- [ecommerce] [scheduling-1] c.d.e.s.SincronizacaoEstoqueService      : [ESTOQUE] Lendo VW_ECOMMERCE_ESTOQUE no banco de dados...
2026-09-06T21:25:00.202-03:00  INFO 12340 --- [ecommerce] [scheduling-1] c.d.e.s.SincronizacaoEstoqueService      : [ESTOQUE] Ciclo finalizado. Total de atualizações enviadas: 0
2026-09-06T21:26:00.000-03:00  INFO 12340 --- [ecommerce] [scheduling-1] c.d.e.service.SincronizacaoService       : Lendo VW_ECOMMERCE_PRECOS no banco de dados...
2026-09-06T21:26:00.050-03:00  INFO 12340 --- [ecommerce] [scheduling-1] c.d.e.service.SincronizacaoService       : Ciclo finalizado. Total de atualizações enviadas: 0
2026-09-06T21:26:00.051-03:00  INFO 12340 --- [ecommerce] [scheduling-1] c.d.e.s.SincronizacaoEstoqueService      : [ESTOQUE] Lendo VW_ECOMMERCE_ESTOQUE no banco de dados...
2026-09-06T21:26:00.083-03:00  INFO 12340 --- [ecommerce] [scheduling-1] c.d.e.s.SincronizacaoEstoqueService      : [ESTOQUE] Ciclo finalizado. Total de atualizações enviadas: 0
2026-09-06T21:27:00.001-03:00  INFO 12340 --- [ecommerce] [scheduling-1] c.d.e.service.SincronizacaoService       : Lendo VW_ECOMMERCE_PRECOS no banco de dados...
2026-09-06T21:27:00.094-03:00  INFO 12340 --- [ecommerce] [scheduling-1] c.d.e.service.SincronizacaoService       : Ciclo finalizado. Total de atualizações enviadas: 0
2026-09-06T21:27:00.094-03:00  INFO 12340 --- [ecommerce] [scheduling-1] c.d.e.s.SincronizacaoEstoqueService      : [ESTOQUE] Lendo VW_ECOMMERCE_ESTOQUE no banco de dados...
2026-09-06T21:27:00.124-03:00  INFO 12340 --- [ecommerce] [scheduling-1] c.d.e.s.SincronizacaoEstoqueService      : [ESTOQUE] Ciclo finalizado. Total de atualizações enviadas: 0
2026-09-06T21:27:59.999-03:00  INFO 12340 --- [ecommerce] [scheduling-1] c.d.e.s.SincronizacaoEstoqueService      : [ESTOQUE] Lendo VW_ECOMMERCE_ESTOQUE no banco de dados...
2026-09-06T21:28:00.076-03:00  INFO 12340 --- [ecommerce] [scheduling-1] c.d.e.s.SincronizacaoEstoqueService      : [ESTOQUE] Ciclo finalizado. Total de atualizações enviadas: 0
2026-09-06T21:28:00.076-03:00  INFO 12340 --- [ecommerce] [scheduling-1] c.d.e.service.SincronizacaoService       : Lendo VW_ECOMMERCE_PRECOS no banco de dados...
2026-09-06T21:28:00.165-03:00  INFO 12340 --- [ecommerce] [scheduling-1] c.d.e.service.SincronizacaoService       : Ciclo finalizado. Total de atualizações enviadas: 0
2026-09-06T21:29:00.000-03:00  INFO 12340 --- [ecommerce] [scheduling-1] c.d.e.s.SincronizacaoEstoqueService      : [ESTOQUE] Lendo VW_ECOMMERCE_ESTOQUE no banco de dados...
2026-09-06T21:29:00.097-03:00  INFO 12340 --- [ecommerce] [scheduling-1] c.d.e.s.SincronizacaoEstoqueService      : [ESTOQUE] Ciclo finalizado. Total de atualizações enviadas: 0
2026-09-06T21:29:00.097-03:00  INFO 12340 --- [ecommerce] [scheduling-1] c.d.e.service.SincronizacaoService       : Lendo VW_ECOMMERCE_PRECOS no banco de dados...
2026-09-06T21:29:00.343-03:00  INFO 12340 --- [ecommerce] [scheduling-1] c.d.e.service.SincronizacaoService       : Ciclo finalizado. Total de atualizações enviadas: 0
2026-09-06T21:29:59.999-03:00  INFO 12340 --- [ecommerce] [scheduling-1] c.d.e.s.SincronizacaoEstoqueService      : [ESTOQUE] Lendo VW_ECOMMERCE_ESTOQUE no banco de dados...
2026-09-06T21:30:00.059-03:00  INFO 12340 --- [ecommerce] [scheduling-1] c.d.e.s.SincronizacaoEstoqueService      : [ESTOQUE] Ciclo finalizado. Total de atualizações enviadas: 0
2026-09-06T21:30:00.059-03:00  INFO 12340 --- [ecommerce] [scheduling-1] c.d.e.service.SincronizacaoService       : Lendo VW_ECOMMERCE_PRECOS no banco de dados...
2026-09-06T21:30:00.217-03:00  INFO 12340 --- [ecommerce] [scheduling-1] c.d.e.service.SincronizacaoService       : Ciclo finalizado. Total de atualizações enviadas: 0
2026-09-06T21:31:00.000-03:00  INFO 12340 --- [ecommerce] [scheduling-1] c.d.e.s.SincronizacaoEstoqueService      : [ESTOQUE] Lendo VW_ECOMMERCE_ESTOQUE no banco de dados...
2026-09-06T21:31:00.098-03:00  INFO 12340 --- [ecommerce] [scheduling-1] c.d.e.s.SincronizacaoEstoqueService      : [ESTOQUE] Ciclo finalizado. Total de atualizações enviadas: 0
2026-09-06T21:31:00.098-03:00  INFO 12340 --- [ecommerce] [scheduling-1] c.d.e.service.SincronizacaoService       : Lendo VW_ECOMMERCE_PRECOS no banco de dados...
2026-09-06T21:31:00.195-03:00  INFO 12340 --- [ecommerce] [scheduling-1] c.d.e.service.SincronizacaoService       : Ciclo finalizado. Total de atualizações enviadas: 0
2026-09-06T21:32:00.000-03:00  INFO 12340 --- [ecommerce] [scheduling-1] c.d.e.s.SincronizacaoEstoqueService      : [ESTOQUE] Lendo VW_ECOMMERCE_ESTOQUE no banco de dados...
2026-09-06T21:32:00.072-03:00  INFO 12340 --- [ecommerce] [scheduling-1] c.d.e.s.SincronizacaoEstoqueService      : [ESTOQUE] Ciclo finalizado. Total de atualizações enviadas: 0
2026-09-06T21:32:00.072-03:00  INFO 12340 --- [ecommerce] [scheduling-1] c.d.e.service.SincronizacaoService       : Lendo VW_ECOMMERCE_PRECOS no banco de dados...
2026-09-06T21:32:00.390-03:00  INFO 12340 --- [ecommerce] [scheduling-1] c.d.e.service.SincronizacaoService       : Ciclo finalizado. Total de atualizações enviadas: 0
2026-09-06T21:33:00.000-03:00  INFO 12340 --- [ecommerce] [scheduling-1] c.d.e.s.SincronizacaoEstoqueService      : [ESTOQUE] Lendo VW_ECOMMERCE_ESTOQUE no banco de dados...
2026-09-06T21:33:00.064-03:00  INFO 12340 --- [ecommerce] [scheduling-1] c.d.e.s.SincronizacaoEstoqueService      : [ESTOQUE] Ciclo finalizado. Total de atualizações enviadas: 0
2026-09-06T21:33:00.065-03:00  INFO 12340 --- [ecommerce] [scheduling-1] c.d.e.service.SincronizacaoService       : Lendo VW_ECOMMERCE_PRECOS no banco de dados...
2026-09-06T21:33:00.129-03:00  INFO 12340 --- [ecommerce] [scheduling-1] c.d.e.service.SincronizacaoService       : Ciclo finalizado. Total de atualizações enviadas: 0
2026-09-06T21:34:00.000-03:00  INFO 12340 --- [ecommerce] [scheduling-1] c.d.e.s.SincronizacaoEstoqueService      : [ESTOQUE] Lendo VW_ECOMMERCE_ESTOQUE no banco de dados...
2026-09-06T21:34:00.056-03:00  INFO 12340 --- [ecommerce] [scheduling-1] c.d.e.s.SincronizacaoEstoqueService      : [ESTOQUE] Ciclo finalizado. Total de atualizações enviadas: 0
2026-09-06T21:34:00.057-03:00  INFO 12340 --- [ecommerce] [scheduling-1] c.d.e.service.SincronizacaoService       : Lendo VW_ECOMMERCE_PRECOS no banco de dados...
2026-09-06T21:34:00.117-03:00  INFO 12340 --- [ecommerce] [scheduling-1] c.d.e.service.SincronizacaoService       : Ciclo finalizado. Total de atualizações enviadas: 0
2026-09-06T21:35:00.001-03:00  INFO 12340 --- [ecommerce] [scheduling-1] c.d.e.s.SincronizacaoEstoqueService      : [ESTOQUE] Lendo VW_ECOMMERCE_ESTOQUE no banco de dados...
2026-09-06T21:35:00.079-03:00  INFO 12340 --- [ecommerce] [scheduling-1] c.d.e.s.SincronizacaoEstoqueService      : [ESTOQUE] Ciclo finalizado. Total de atualizações enviadas: 0
2026-09-06T21:35:00.079-03:00  INFO 12340 --- [ecommerce] [scheduling-1] c.d.e.service.SincronizacaoService       : Lendo VW_ECOMMERCE_PRECOS no banco de dados...
2026-09-06T21:35:00.138-03:00  INFO 12340 --- [ecommerce] [scheduling-1] c.d.e.service.SincronizacaoService       : Ciclo finalizado. Total de atualizações enviadas: 0
2026-09-06T21:35:59.999-03:00  INFO 12340 --- [ecommerce] [scheduling-1] c.d.e.service.SincronizacaoService       : Lendo VW_ECOMMERCE_PRECOS no banco de dados...
2026-09-06T21:36:00.193-03:00  INFO 12340 --- [ecommerce] [scheduling-1] c.d.e.service.SincronizacaoService       : Ciclo finalizado. Total de atualizações enviadas: 0
2026-09-06T21:36:00.194-03:00  INFO 12340 --- [ecommerce] [scheduling-1] c.d.e.s.SincronizacaoEstoqueService      : [ESTOQUE] Lendo VW_ECOMMERCE_ESTOQUE no banco de dados...
2026-09-06T21:36:00.239-03:00  INFO 12340 --- [ecommerce] [scheduling-1] c.d.e.s.SincronizacaoEstoqueService      : [ESTOQUE] Ciclo finalizado. Total de atualizações enviadas: 0
2026-09-06T21:37:00.000-03:00  INFO 12340 --- [ecommerce] [scheduling-1] c.d.e.service.SincronizacaoService       : Lendo VW_ECOMMERCE_PRECOS no banco de dados...
2026-09-06T21:37:00.198-03:00  INFO 12340 --- [ecommerce] [scheduling-1] c.d.e.service.SincronizacaoService       : Ciclo finalizado. Total de atualizações enviadas: 0
2026-09-06T21:37:00.198-03:00  INFO 12340 --- [ecommerce] [scheduling-1] c.d.e.s.SincronizacaoEstoqueService      : [ESTOQUE] Lendo VW_ECOMMERCE_ESTOQUE no banco de dados...
2026-09-06T21:37:00.245-03:00  INFO 12340 --- [ecommerce] [scheduling-1] c.d.e.s.SincronizacaoEstoqueService      : [ESTOQUE] Ciclo finalizado. Total de atualizações enviadas: 0
2026-09-06T21:38:00.001-03:00  INFO 12340 --- [ecommerce] [scheduling-1] c.d.e.s.SincronizacaoEstoqueService      : [ESTOQUE] Lendo VW_ECOMMERCE_ESTOQUE no banco de dados...
2026-09-06T21:38:00.077-03:00  INFO 12340 --- [ecommerce] [scheduling-1] c.d.e.s.SincronizacaoEstoqueService      : [ESTOQUE] Ciclo finalizado. Total de atualizações enviadas: 0
2026-09-06T21:38:00.077-03:00  INFO 12340 --- [ecommerce] [scheduling-1] c.d.e.service.SincronizacaoService       : Lendo VW_ECOMMERCE_PRECOS no banco de dados...
2026-09-06T21:38:00.123-03:00  INFO 12340 --- [ecommerce] [scheduling-1] c.d.e.service.SincronizacaoService       : Ciclo finalizado. Total de atualizações enviadas: 0
2026-09-06T21:39:00.000-03:00  INFO 12340 --- [ecommerce] [scheduling-1] c.d.e.service.SincronizacaoService       : Lendo VW_ECOMMERCE_PRECOS no banco de dados...
2026-09-06T21:39:00.091-03:00  INFO 12340 --- [ecommerce] [scheduling-1] c.d.e.service.SincronizacaoService       : Ciclo finalizado. Total de atualizações enviadas: 0
2026-09-06T21:39:00.091-03:00  INFO 12340 --- [ecommerce] [scheduling-1] c.d.e.s.SincronizacaoEstoqueService      : [ESTOQUE] Lendo VW_ECOMMERCE_ESTOQUE no banco de dados...
2026-09-06T21:39:00.121-03:00  INFO 12340 --- [ecommerce] [scheduling-1] c.d.e.s.SincronizacaoEstoqueService      : [ESTOQUE] Ciclo finalizado. Total de atualizações enviadas: 0
2026-09-06T21:40:00.000-03:00  INFO 12340 --- [ecommerce] [scheduling-1] c.d.e.service.SincronizacaoService       : Lendo VW_ECOMMERCE_PRECOS no banco de dados...
2026-09-06T21:40:00.117-03:00  INFO 12340 --- [ecommerce] [scheduling-1] c.d.e.service.SincronizacaoService       : Ciclo finalizado. Total de atualizações enviadas: 0
2026-09-06T21:40:00.118-03:00  INFO 12340 --- [ecommerce] [scheduling-1] c.d.e.s.SincronizacaoEstoqueService      : [ESTOQUE] Lendo VW_ECOMMERCE_ESTOQUE no banco de dados...
2026-09-06T21:40:00.142-03:00  INFO 12340 --- [ecommerce] [scheduling-1] c.d.e.s.SincronizacaoEstoqueService      : [ESTOQUE] Ciclo finalizado. Total de atualizações enviadas: 0
2026-09-06T21:41:00.000-03:00  INFO 12340 --- [ecommerce] [scheduling-1] c.d.e.service.SincronizacaoService       : Lendo VW_ECOMMERCE_PRECOS no banco de dados...
2026-09-06T21:41:00.074-03:00  INFO 12340 --- [ecommerce] [scheduling-1] c.d.e.service.SincronizacaoService       : Ciclo finalizado. Total de atualizações enviadas: 0
2026-09-06T21:41:00.074-03:00  INFO 12340 --- [ecommerce] [scheduling-1] c.d.e.s.SincronizacaoEstoqueService      : [ESTOQUE] Lendo VW_ECOMMERCE_ESTOQUE no banco de dados...
2026-09-06T21:41:00.106-03:00  INFO 12340 --- [ecommerce] [scheduling-1] c.d.e.s.SincronizacaoEstoqueService      : [ESTOQUE] Ciclo finalizado. Total de atualizações enviadas: 0
2026-09-06T21:41:59.999-03:00  INFO 12340 --- [ecommerce] [scheduling-1] c.d.e.s.SincronizacaoEstoqueService      : [ESTOQUE] Lendo VW_ECOMMERCE_ESTOQUE no banco de dados...
2026-09-06T21:42:00.086-03:00  INFO 12340 --- [ecommerce] [scheduling-1] c.d.e.s.SincronizacaoEstoqueService      : [ESTOQUE] Ciclo finalizado. Total de atualizações enviadas: 0
2026-09-06T21:42:00.086-03:00  INFO 12340 --- [ecommerce] [scheduling-1] c.d.e.service.SincronizacaoService       : Lendo VW_ECOMMERCE_PRECOS no banco de dados...
2026-09-06T21:42:00.154-03:00  INFO 12340 --- [ecommerce] [scheduling-1] c.d.e.service.SincronizacaoService       : Ciclo finalizado. Total de atualizações enviadas: 0
2026-09-06T21:43:00.000-03:00  INFO 12340 --- [ecommerce] [scheduling-1] c.d.e.service.SincronizacaoService       : Lendo VW_ECOMMERCE_PRECOS no banco de dados...
2026-09-06T21:43:00.053-03:00  INFO 12340 --- [ecommerce] [scheduling-1] c.d.e.service.SincronizacaoService       : Ciclo finalizado. Total de atualizações enviadas: 0
2026-09-06T21:43:00.054-03:00  INFO 12340 --- [ecommerce] [scheduling-1] c.d.e.s.SincronizacaoEstoqueService      : [ESTOQUE] Lendo VW_ECOMMERCE_ESTOQUE no banco de dados...
2026-09-06T21:43:00.085-03:00  INFO 12340 --- [ecommerce] [scheduling-1] c.d.e.s.SincronizacaoEstoqueService      : [ESTOQUE] Ciclo finalizado. Total de atualizações enviadas: 0
2026-09-06T21:44:00.000-03:00  INFO 12340 --- [ecommerce] [scheduling-1] c.d.e.service.SincronizacaoService       : Lendo VW_ECOMMERCE_PRECOS no banco de dados...
2026-09-06T21:44:00.116-03:00  INFO 12340 --- [ecommerce] [scheduling-1] c.d.e.service.SincronizacaoService       : Ciclo finalizado. Total de atualizações enviadas: 0
2026-09-06T21:44:00.116-03:00  INFO 12340 --- [ecommerce] [scheduling-1] c.d.e.s.SincronizacaoEstoqueService      : [ESTOQUE] Lendo VW_ECOMMERCE_ESTOQUE no banco de dados...
2026-09-06T21:44:00.139-03:00  INFO 12340 --- [ecommerce] [scheduling-1] c.d.e.s.SincronizacaoEstoqueService      : [ESTOQUE] Ciclo finalizado. Total de atualizações enviadas: 0
2026-09-06T21:45:00.000-03:00  INFO 12340 --- [ecommerce] [scheduling-1] c.d.e.s.SincronizacaoEstoqueService      : [ESTOQUE] Lendo VW_ECOMMERCE_ESTOQUE no banco de dados...
2026-09-06T21:45:00.063-03:00  INFO 12340 --- [ecommerce] [scheduling-1] c.d.e.s.SincronizacaoEstoqueService      : [ESTOQUE] Ciclo finalizado. Total de atualizações enviadas: 0
2026-09-06T21:45:00.063-03:00  INFO 12340 --- [ecommerce] [scheduling-1] c.d.e.service.SincronizacaoService       : Lendo VW_ECOMMERCE_PRECOS no banco de dados...
2026-09-06T21:45:00.317-03:00  INFO 12340 --- [ecommerce] [scheduling-1] c.d.e.service.SincronizacaoService       : Ciclo finalizado. Total de atualizações enviadas: 0
2026-09-06T21:45:59.999-03:00  INFO 12340 --- [ecommerce] [scheduling-1] c.d.e.service.SincronizacaoService       : Lendo VW_ECOMMERCE_PRECOS no banco de dados...
2026-09-06T21:46:00.103-03:00  INFO 12340 --- [ecommerce] [scheduling-1] c.d.e.service.SincronizacaoService       : Ciclo finalizado. Total de atualizações enviadas: 0
2026-09-06T21:46:00.103-03:00  INFO 12340 --- [ecommerce] [scheduling-1] c.d.e.s.SincronizacaoEstoqueService      : [ESTOQUE] Lendo VW_ECOMMERCE_ESTOQUE no banco de dados...
2026-09-06T21:46:00.124-03:00  INFO 12340 --- [ecommerce] [scheduling-1] c.d.e.s.SincronizacaoEstoqueService      : [ESTOQUE] Ciclo finalizado. Total de atualizações enviadas: 0
2026-09-06T21:47:00.001-03:00  INFO 12340 --- [ecommerce] [scheduling-1] c.d.e.s.SincronizacaoEstoqueService      : [ESTOQUE] Lendo VW_ECOMMERCE_ESTOQUE no banco de dados...
2026-09-06T21:47:00.038-03:00  INFO 12340 --- [ecommerce] [scheduling-1] c.d.e.s.SincronizacaoEstoqueService      : [ESTOQUE] Ciclo finalizado. Total de atualizações enviadas: 0
2026-09-06T21:47:00.038-03:00  INFO 12340 --- [ecommerce] [scheduling-1] c.d.e.service.SincronizacaoService       : Lendo VW_ECOMMERCE_PRECOS no banco de dados...
2026-09-06T21:47:00.179-03:00  INFO 12340 --- [ecommerce] [scheduling-1] c.d.e.service.SincronizacaoService       : Ciclo finalizado. Total de atualizações enviadas: 0
2026-09-06T21:48:00.000-03:00  INFO 12340 --- [ecommerce] [scheduling-1] c.d.e.service.SincronizacaoService       : Lendo VW_ECOMMERCE_PRECOS no banco de dados...
2026-09-06T21:48:00.055-03:00  INFO 12340 --- [ecommerce] [scheduling-1] c.d.e.service.SincronizacaoService       : Ciclo finalizado. Total de atualizações enviadas: 0
2026-09-06T21:48:00.055-03:00  INFO 12340 --- [ecommerce] [scheduling-1] c.d.e.s.SincronizacaoEstoqueService      : [ESTOQUE] Lendo VW_ECOMMERCE_ESTOQUE no banco de dados...
2026-09-06T21:48:00.078-03:00  INFO 12340 --- [ecommerce] [scheduling-1] c.d.e.s.SincronizacaoEstoqueService      : [ESTOQUE] Ciclo finalizado. Total de atualizações enviadas: 0
2026-09-06T21:49:00.000-03:00  INFO 12340 --- [ecommerce] [scheduling-1] c.d.e.s.SincronizacaoEstoqueService      : [ESTOQUE] Lendo VW_ECOMMERCE_ESTOQUE no banco de dados...
2026-09-06T21:49:00.045-03:00  INFO 12340 --- [ecommerce] [scheduling-1] c.d.e.s.SincronizacaoEstoqueService      : [ESTOQUE] Ciclo finalizado. Total de atualizações enviadas: 0
2026-09-06T21:49:00.045-03:00  INFO 12340 --- [ecommerce] [scheduling-1] c.d.e.service.SincronizacaoService       : Lendo VW_ECOMMERCE_PRECOS no banco de dados...
2026-09-06T21:49:00.090-03:00  INFO 12340 --- [ecommerce] [scheduling-1] c.d.e.service.SincronizacaoService       : Ciclo finalizado. Total de atualizações enviadas: 0
2026-09-06T21:50:00.000-03:00  INFO 12340 --- [ecommerce] [scheduling-1] c.d.e.s.SincronizacaoEstoqueService      : [ESTOQUE] Lendo VW_ECOMMERCE_ESTOQUE no banco de dados...
2026-09-06T21:50:00.092-03:00  INFO 12340 --- [ecommerce] [scheduling-1] c.d.e.s.SincronizacaoEstoqueService      : [ESTOQUE] Ciclo finalizado. Total de atualizações enviadas: 0
2026-09-06T21:50:00.092-03:00  INFO 12340 --- [ecommerce] [scheduling-1] c.d.e.service.SincronizacaoService       : Lendo VW_ECOMMERCE_PRECOS no banco de dados...
2026-09-06T21:50:00.206-03:00  INFO 12340 --- [ecommerce] [scheduling-1] c.d.e.service.SincronizacaoService       : Ciclo finalizado. Total de atualizações enviadas: 0
2026-09-06T21:51:00.000-03:00  INFO 12340 --- [ecommerce] [scheduling-1] c.d.e.s.SincronizacaoEstoqueService      : [ESTOQUE] Lendo VW_ECOMMERCE_ESTOQUE no banco de dados...
2026-09-06T21:51:00.097-03:00  INFO 12340 --- [ecommerce] [scheduling-1] c.d.e.s.SincronizacaoEstoqueService      : [ESTOQUE] Ciclo finalizado. Total de atualizações enviadas: 0
2026-09-06T21:51:00.098-03:00  INFO 12340 --- [ecommerce] [scheduling-1] c.d.e.service.SincronizacaoService       : Lendo VW_ECOMMERCE_PRECOS no banco de dados...
2026-09-06T21:51:00.153-03:00  INFO 12340 --- [ecommerce] [scheduling-1] c.d.e.service.SincronizacaoService       : Ciclo finalizado. Total de atualizações enviadas: 0
2026-09-06T21:51:59.999-03:00  INFO 12340 --- [ecommerce] [scheduling-1] c.d.e.s.SincronizacaoEstoqueService      : [ESTOQUE] Lendo VW_ECOMMERCE_ESTOQUE no banco de dados...
2026-09-06T21:52:00.046-03:00  INFO 12340 --- [ecommerce] [scheduling-1] c.d.e.s.SincronizacaoEstoqueService      : [ESTOQUE] Ciclo finalizado. Total de atualizações enviadas: 0
2026-09-06T21:52:00.047-03:00  INFO 12340 --- [ecommerce] [scheduling-1] c.d.e.service.SincronizacaoService       : Lendo VW_ECOMMERCE_PRECOS no banco de dados...
2026-09-06T21:52:00.093-03:00  INFO 12340 --- [ecommerce] [scheduling-1] c.d.e.service.SincronizacaoService       : Ciclo finalizado. Total de atualizações enviadas: 0
2026-09-06T21:53:00.000-03:00  INFO 12340 --- [ecommerce] [scheduling-1] c.d.e.service.SincronizacaoService       : Lendo VW_ECOMMERCE_PRECOS no banco de dados...
2026-09-06T21:53:00.092-03:00  INFO 12340 --- [ecommerce] [scheduling-1] c.d.e.service.SincronizacaoService       : Ciclo finalizado. Total de atualizações enviadas: 0
2026-09-06T21:53:00.092-03:00  INFO 12340 --- [ecommerce] [scheduling-1] c.d.e.s.SincronizacaoEstoqueService      : [ESTOQUE] Lendo VW_ECOMMERCE_ESTOQUE no banco de dados...
2026-09-06T21:53:00.124-03:00  INFO 12340 --- [ecommerce] [scheduling-1] c.d.e.s.SincronizacaoEstoqueService      : [ESTOQUE] Ciclo finalizado. Total de atualizações enviadas: 0
2026-09-06T21:54:00.000-03:00  INFO 12340 --- [ecommerce] [scheduling-1] c.d.e.service.SincronizacaoService       : Lendo VW_ECOMMERCE_PRECOS no banco de dados...
2026-09-06T21:54:00.326-03:00  INFO 12340 --- [ecommerce] [scheduling-1] c.d.e.service.SincronizacaoService       : Ciclo finalizado. Total de atualizações enviadas: 0
2026-09-06T21:54:00.327-03:00  INFO 12340 --- [ecommerce] [scheduling-1] c.d.e.s.SincronizacaoEstoqueService      : [ESTOQUE] Lendo VW_ECOMMERCE_ESTOQUE no banco de dados...
2026-09-06T21:54:00.379-03:00  INFO 12340 --- [ecommerce] [scheduling-1] c.d.e.s.SincronizacaoEstoqueService      : [ESTOQUE] Ciclo finalizado. Total de atualizações enviadas: 0
2026-09-06T21:55:00.000-03:00  INFO 12340 --- [ecommerce] [scheduling-1] c.d.e.service.SincronizacaoService       : Lendo VW_ECOMMERCE_PRECOS no banco de dados...
2026-09-06T21:55:00.074-03:00  INFO 12340 --- [ecommerce] [scheduling-1] c.d.e.service.SincronizacaoService       : Ciclo finalizado. Total de atualizações enviadas: 0
2026-09-06T21:55:00.074-03:00  INFO 12340 --- [ecommerce] [scheduling-1] c.d.e.s.SincronizacaoEstoqueService      : [ESTOQUE] Lendo VW_ECOMMERCE_ESTOQUE no banco de dados...
2026-09-06T21:55:00.106-03:00  INFO 12340 --- [ecommerce] [scheduling-1] c.d.e.s.SincronizacaoEstoqueService      : [ESTOQUE] Ciclo finalizado. Total de atualizações enviadas: 0
2026-09-06T21:56:00.000-03:00  INFO 12340 --- [ecommerce] [scheduling-1] c.d.e.service.SincronizacaoService       : Lendo VW_ECOMMERCE_PRECOS no banco de dados...
2026-09-06T21:56:00.071-03:00  INFO 12340 --- [ecommerce] [scheduling-1] c.d.e.service.SincronizacaoService       : Ciclo finalizado. Total de atualizações enviadas: 0
2026-09-06T21:56:00.071-03:00  INFO 12340 --- [ecommerce] [scheduling-1] c.d.e.s.SincronizacaoEstoqueService      : [ESTOQUE] Lendo VW_ECOMMERCE_ESTOQUE no banco de dados...
2026-09-06T21:56:00.100-03:00  INFO 12340 --- [ecommerce] [scheduling-1] c.d.e.s.SincronizacaoEstoqueService      : [ESTOQUE] Ciclo finalizado. Total de atualizações enviadas: 0
2026-09-06T21:57:00.000-03:00  INFO 12340 --- [ecommerce] [scheduling-1] c.d.e.s.SincronizacaoEstoqueService      : [ESTOQUE] Lendo VW_ECOMMERCE_ESTOQUE no banco de dados...
2026-09-06T21:57:00.066-03:00  INFO 12340 --- [ecommerce] [scheduling-1] c.d.e.s.SincronizacaoEstoqueService      : [ESTOQUE] Ciclo finalizado. Total de atualizações enviadas: 0
2026-09-06T21:57:00.066-03:00  INFO 12340 --- [ecommerce] [scheduling-1] c.d.e.service.SincronizacaoService       : Lendo VW_ECOMMERCE_PRECOS no banco de dados...
2026-09-06T21:57:00.170-03:00  INFO 12340 --- [ecommerce] [scheduling-1] c.d.e.service.SincronizacaoService       : Ciclo finalizado. Total de atualizações enviadas: 0
2026-09-06T21:58:00.000-03:00  INFO 12340 --- [ecommerce] [scheduling-1] c.d.e.s.SincronizacaoEstoqueService      : [ESTOQUE] Lendo VW_ECOMMERCE_ESTOQUE no banco de dados...
2026-09-06T21:58:00.040-03:00  INFO 12340 --- [ecommerce] [scheduling-1] c.d.e.s.SincronizacaoEstoqueService      : [ESTOQUE] Ciclo finalizado. Total de atualizações enviadas: 0
2026-09-06T21:58:00.040-03:00  INFO 12340 --- [ecommerce] [scheduling-1] c.d.e.service.SincronizacaoService       : Lendo VW_ECOMMERCE_PRECOS no banco de dados...
2026-09-06T21:58:00.098-03:00  INFO 12340 --- [ecommerce] [scheduling-1] c.d.e.service.SincronizacaoService       : Ciclo finalizado. Total de atualizações enviadas: 0
2026-09-06T21:59:00.001-03:00  INFO 12340 --- [ecommerce] [scheduling-1] c.d.e.service.SincronizacaoService       : Lendo VW_ECOMMERCE_PRECOS no banco de dados...
2026-09-06T21:59:00.186-03:00  INFO 12340 --- [ecommerce] [scheduling-1] c.d.e.service.SincronizacaoService       : Ciclo finalizado. Total de atualizações enviadas: 0
2026-09-06T21:59:00.186-03:00  INFO 12340 --- [ecommerce] [scheduling-1] c.d.e.s.SincronizacaoEstoqueService      : [ESTOQUE] Lendo VW_ECOMMERCE_ESTOQUE no banco de dados...
2026-09-06T21:59:00.210-03:00  INFO 12340 --- [ecommerce] [scheduling-1] c.d.e.s.SincronizacaoEstoqueService      : [ESTOQUE] Ciclo finalizado. Total de atualizações enviadas: 0
2026-09-06T22:00:00.000-03:00  INFO 12340 --- [ecommerce] [scheduling-1] c.d.e.service.SincronizacaoService       : Lendo VW_ECOMMERCE_PRECOS no banco de dados...
2026-09-06T22:00:00.100-03:00  INFO 12340 --- [ecommerce] [scheduling-1] c.d.e.service.SincronizacaoService       : Ciclo finalizado. Total de atualizações enviadas: 0
2026-09-06T22:00:00.100-03:00  INFO 12340 --- [ecommerce] [scheduling-1] c.d.e.s.SincronizacaoEstoqueService      : [ESTOQUE] Lendo VW_ECOMMERCE_ESTOQUE no banco de dados...
2026-09-06T22:00:00.135-03:00  INFO 12340 --- [ecommerce] [scheduling-1] c.d.e.s.SincronizacaoEstoqueService      : [ESTOQUE] Ciclo finalizado. Total de atualizações enviadas: 0
2026-09-06T22:01:00.000-03:00  INFO 12340 --- [ecommerce] [scheduling-1] c.d.e.s.SincronizacaoEstoqueService      : [ESTOQUE] Lendo VW_ECOMMERCE_ESTOQUE no banco de dados...
2026-09-06T22:01:00.091-03:00  INFO 12340 --- [ecommerce] [scheduling-1] c.d.e.s.SincronizacaoEstoqueService      : [ESTOQUE] Ciclo finalizado. Total de atualizações enviadas: 0
2026-09-06T22:01:00.092-03:00  INFO 12340 --- [ecommerce] [scheduling-1] c.d.e.service.SincronizacaoService       : Lendo VW_ECOMMERCE_PRECOS no banco de dados...
2026-09-06T22:01:00.303-03:00  INFO 12340 --- [ecommerce] [scheduling-1] c.d.e.service.SincronizacaoService       : Ciclo finalizado. Total de atualizações enviadas: 0
2026-09-06T22:01:59.999-03:00  INFO 12340 --- [ecommerce] [scheduling-1] c.d.e.s.SincronizacaoEstoqueService      : [ESTOQUE] Lendo VW_ECOMMERCE_ESTOQUE no banco de dados...
2026-09-06T22:02:00.036-03:00  INFO 12340 --- [ecommerce] [scheduling-1] c.d.e.s.SincronizacaoEstoqueService      : [ESTOQUE] Ciclo finalizado. Total de atualizações enviadas: 0
2026-09-06T22:02:00.036-03:00  INFO 12340 --- [ecommerce] [scheduling-1] c.d.e.service.SincronizacaoService       : Lendo VW_ECOMMERCE_PRECOS no banco de dados...
2026-09-06T22:02:00.124-03:00  INFO 12340 --- [ecommerce] [scheduling-1] c.d.e.service.SincronizacaoService       : Ciclo finalizado. Total de atualizações enviadas: 0
2026-09-06T22:03:00.000-03:00  INFO 12340 --- [ecommerce] [scheduling-1] c.d.e.service.SincronizacaoService       : Lendo VW_ECOMMERCE_PRECOS no banco de dados...
2026-09-06T22:03:00.107-03:00  INFO 12340 --- [ecommerce] [scheduling-1] c.d.e.service.SincronizacaoService       : Ciclo finalizado. Total de atualizações enviadas: 0
2026-09-06T22:03:00.107-03:00  INFO 12340 --- [ecommerce] [scheduling-1] c.d.e.s.SincronizacaoEstoqueService      : [ESTOQUE] Lendo VW_ECOMMERCE_ESTOQUE no banco de dados...
2026-09-06T22:03:00.132-03:00  INFO 12340 --- [ecommerce] [scheduling-1] c.d.e.s.SincronizacaoEstoqueService      : [ESTOQUE] Ciclo finalizado. Total de atualizações enviadas: 0
2026-09-06T22:04:00.000-03:00  INFO 12340 --- [ecommerce] [scheduling-1] c.d.e.s.SincronizacaoEstoqueService      : [ESTOQUE] Lendo VW_ECOMMERCE_ESTOQUE no banco de dados...
2026-09-06T22:04:00.039-03:00  INFO 12340 --- [ecommerce] [scheduling-1] c.d.e.s.SincronizacaoEstoqueService      : [ESTOQUE] Ciclo finalizado. Total de atualizações enviadas: 0
2026-09-06T22:04:00.039-03:00  INFO 12340 --- [ecommerce] [scheduling-1] c.d.e.service.SincronizacaoService       : Lendo VW_ECOMMERCE_PRECOS no banco de dados...
2026-09-06T22:04:00.083-03:00  INFO 12340 --- [ecommerce] [scheduling-1] c.d.e.service.SincronizacaoService       : Ciclo finalizado. Total de atualizações enviadas: 0
2026-09-06T22:05:00.000-03:00  INFO 12340 --- [ecommerce] [scheduling-1] c.d.e.service.SincronizacaoService       : Lendo VW_ECOMMERCE_PRECOS no banco de dados...
2026-09-06T22:05:00.181-03:00  INFO 12340 --- [ecommerce] [scheduling-1] c.d.e.service.SincronizacaoService       : Ciclo finalizado. Total de atualizações enviadas: 0
2026-09-06T22:05:00.182-03:00  INFO 12340 --- [ecommerce] [scheduling-1] c.d.e.s.SincronizacaoEstoqueService      : [ESTOQUE] Lendo VW_ECOMMERCE_ESTOQUE no banco de dados...
2026-09-06T22:05:00.220-03:00  INFO 12340 --- [ecommerce] [scheduling-1] c.d.e.s.SincronizacaoEstoqueService      : [ESTOQUE] Ciclo finalizado. Total de atualizações enviadas: 0
2026-09-06T22:06:00.000-03:00  INFO 12340 --- [ecommerce] [scheduling-1] c.d.e.service.SincronizacaoService       : Lendo VW_ECOMMERCE_PRECOS no banco de dados...
2026-09-06T22:06:00.114-03:00  INFO 12340 --- [ecommerce] [scheduling-1] c.d.e.service.SincronizacaoService       : Ciclo finalizado. Total de atualizações enviadas: 0
2026-09-06T22:06:00.114-03:00  INFO 12340 --- [ecommerce] [scheduling-1] c.d.e.s.SincronizacaoEstoqueService      : [ESTOQUE] Lendo VW_ECOMMERCE_ESTOQUE no banco de dados...
2026-09-06T22:06:00.136-03:00  INFO 12340 --- [ecommerce] [scheduling-1] c.d.e.s.SincronizacaoEstoqueService      : [ESTOQUE] Ciclo finalizado. Total de atualizações enviadas: 0
2026-09-06T22:07:00.000-03:00  INFO 12340 --- [ecommerce] [scheduling-1] c.d.e.s.SincronizacaoEstoqueService      : [ESTOQUE] Lendo VW_ECOMMERCE_ESTOQUE no banco de dados...
2026-09-06T22:07:00.040-03:00  INFO 12340 --- [ecommerce] [scheduling-1] c.d.e.s.SincronizacaoEstoqueService      : [ESTOQUE] Ciclo finalizado. Total de atualizações enviadas: 0
2026-09-06T22:07:00.041-03:00  INFO 12340 --- [ecommerce] [scheduling-1] c.d.e.service.SincronizacaoService       : Lendo VW_ECOMMERCE_PRECOS no banco de dados...
2026-09-06T22:07:00.101-03:00  INFO 12340 --- [ecommerce] [scheduling-1] c.d.e.service.SincronizacaoService       : Ciclo finalizado. Total de atualizações enviadas: 0
2026-09-06T22:08:00.000-03:00  INFO 12340 --- [ecommerce] [scheduling-1] c.d.e.service.SincronizacaoService       : Lendo VW_ECOMMERCE_PRECOS no banco de dados...
2026-09-06T22:08:00.068-03:00  INFO 12340 --- [ecommerce] [scheduling-1] c.d.e.service.SincronizacaoService       : Ciclo finalizado. Total de atualizações enviadas: 0
2026-09-06T22:08:00.069-03:00  INFO 12340 --- [ecommerce] [scheduling-1] c.d.e.s.SincronizacaoEstoqueService      : [ESTOQUE] Lendo VW_ECOMMERCE_ESTOQUE no banco de dados...
2026-09-06T22:08:00.101-03:00  INFO 12340 --- [ecommerce] [scheduling-1] c.d.e.s.SincronizacaoEstoqueService      : [ESTOQUE] Ciclo finalizado. Total de atualizações enviadas: 0
2026-09-06T22:09:00.000-03:00  INFO 12340 --- [ecommerce] [scheduling-1] c.d.e.service.SincronizacaoService       : Lendo VW_ECOMMERCE_PRECOS no banco de dados...
2026-09-06T22:09:00.093-03:00  INFO 12340 --- [ecommerce] [scheduling-1] c.d.e.service.SincronizacaoService       : Ciclo finalizado. Total de atualizações enviadas: 0
2026-09-06T22:09:00.093-03:00  INFO 12340 --- [ecommerce] [scheduling-1] c.d.e.s.SincronizacaoEstoqueService      : [ESTOQUE] Lendo VW_ECOMMERCE_ESTOQUE no banco de dados...
2026-09-06T22:09:00.122-03:00  INFO 12340 --- [ecommerce] [scheduling-1] c.d.e.s.SincronizacaoEstoqueService      : [ESTOQUE] Ciclo finalizado. Total de atualizações enviadas: 0
2026-09-06T22:10:00.000-03:00  INFO 12340 --- [ecommerce] [scheduling-1] c.d.e.service.SincronizacaoService       : Lendo VW_ECOMMERCE_PRECOS no banco de dados...
2026-09-06T22:10:00.132-03:00  INFO 12340 --- [ecommerce] [scheduling-1] c.d.e.service.SincronizacaoService       : Ciclo finalizado. Total de atualizações enviadas: 0
2026-09-06T22:10:00.132-03:00  INFO 12340 --- [ecommerce] [scheduling-1] c.d.e.s.SincronizacaoEstoqueService      : [ESTOQUE] Lendo VW_ECOMMERCE_ESTOQUE no banco de dados...
2026-09-06T22:10:00.156-03:00  INFO 12340 --- [ecommerce] [scheduling-1] c.d.e.s.SincronizacaoEstoqueService      : [ESTOQUE] Ciclo finalizado. Total de atualizações enviadas: 0
2026-09-06T22:11:00.000-03:00  INFO 12340 --- [ecommerce] [scheduling-1] c.d.e.s.SincronizacaoEstoqueService      : [ESTOQUE] Lendo VW_ECOMMERCE_ESTOQUE no banco de dados...
2026-09-06T22:11:00.032-03:00  INFO 12340 --- [ecommerce] [scheduling-1] c.d.e.s.SincronizacaoEstoqueService      : [ESTOQUE] Ciclo finalizado. Total de atualizações enviadas: 0
2026-09-06T22:11:00.032-03:00  INFO 12340 --- [ecommerce] [scheduling-1] c.d.e.service.SincronizacaoService       : Lendo VW_ECOMMERCE_PRECOS no banco de dados...
2026-09-06T22:11:00.099-03:00  INFO 12340 --- [ecommerce] [scheduling-1] c.d.e.service.SincronizacaoService       : Ciclo finalizado. Total de atualizações enviadas: 0
2026-09-06T22:12:00.001-03:00  INFO 12340 --- [ecommerce] [scheduling-1] c.d.e.service.SincronizacaoService       : Lendo VW_ECOMMERCE_PRECOS no banco de dados...
2026-09-06T22:12:00.136-03:00  INFO 12340 --- [ecommerce] [scheduling-1] c.d.e.service.SincronizacaoService       : Ciclo finalizado. Total de atualizações enviadas: 0
2026-09-06T22:12:00.136-03:00  INFO 12340 --- [ecommerce] [scheduling-1] c.d.e.s.SincronizacaoEstoqueService      : [ESTOQUE] Lendo VW_ECOMMERCE_ESTOQUE no banco de dados...
2026-09-06T22:12:00.158-03:00  INFO 12340 --- [ecommerce] [scheduling-1] c.d.e.s.SincronizacaoEstoqueService      : [ESTOQUE] Ciclo finalizado. Total de atualizações enviadas: 0
2026-09-06T22:13:00.000-03:00  INFO 12340 --- [ecommerce] [scheduling-1] c.d.e.s.SincronizacaoEstoqueService      : [ESTOQUE] Lendo VW_ECOMMERCE_ESTOQUE no banco de dados...
2026-09-06T22:13:00.058-03:00  INFO 12340 --- [ecommerce] [scheduling-1] c.d.e.s.SincronizacaoEstoqueService      : [ESTOQUE] Ciclo finalizado. Total de atualizações enviadas: 0
2026-09-06T22:13:00.058-03:00  INFO 12340 --- [ecommerce] [scheduling-1] c.d.e.service.SincronizacaoService       : Lendo VW_ECOMMERCE_PRECOS no banco de dados...
2026-09-06T22:13:00.253-03:00  INFO 12340 --- [ecommerce] [scheduling-1] c.d.e.service.SincronizacaoService       : Ciclo finalizado. Total de atualizações enviadas: 0
2026-09-06T22:14:00.000-03:00  INFO 12340 --- [ecommerce] [scheduling-1] c.d.e.s.SincronizacaoEstoqueService      : [ESTOQUE] Lendo VW_ECOMMERCE_ESTOQUE no banco de dados...
2026-09-06T22:14:00.094-03:00  INFO 12340 --- [ecommerce] [scheduling-1] c.d.e.s.SincronizacaoEstoqueService      : [ESTOQUE] Ciclo finalizado. Total de atualizações enviadas: 0
2026-09-06T22:14:00.094-03:00  INFO 12340 --- [ecommerce] [scheduling-1] c.d.e.service.SincronizacaoService       : Lendo VW_ECOMMERCE_PRECOS no banco de dados...
2026-09-06T22:14:00.151-03:00  INFO 12340 --- [ecommerce] [scheduling-1] c.d.e.service.SincronizacaoService       : Ciclo finalizado. Total de atualizações enviadas: 0
2026-09-06T22:15:00.000-03:00  INFO 12340 --- [ecommerce] [scheduling-1] c.d.e.service.SincronizacaoService       : Lendo VW_ECOMMERCE_PRECOS no banco de dados...
2026-09-06T22:15:00.183-03:00  INFO 12340 --- [ecommerce] [scheduling-1] c.d.e.service.SincronizacaoService       : Ciclo finalizado. Total de atualizações enviadas: 0
2026-09-06T22:15:00.183-03:00  INFO 12340 --- [ecommerce] [scheduling-1] c.d.e.s.SincronizacaoEstoqueService      : [ESTOQUE] Lendo VW_ECOMMERCE_ESTOQUE no banco de dados...
2026-09-06T22:15:00.231-03:00  INFO 12340 --- [ecommerce] [scheduling-1] c.d.e.s.SincronizacaoEstoqueService      : [ESTOQUE] Ciclo finalizado. Total de atualizações enviadas: 0
2026-09-06T22:16:00.000-03:00  INFO 12340 --- [ecommerce] [scheduling-1] c.d.e.s.SincronizacaoEstoqueService      : [ESTOQUE] Lendo VW_ECOMMERCE_ESTOQUE no banco de dados...
2026-09-06T22:16:00.098-03:00  INFO 12340 --- [ecommerce] [scheduling-1] c.d.e.s.SincronizacaoEstoqueService      : [ESTOQUE] Ciclo finalizado. Total de atualizações enviadas: 0
2026-09-06T22:16:00.098-03:00  INFO 12340 --- [ecommerce] [scheduling-1] c.d.e.service.SincronizacaoService       : Lendo VW_ECOMMERCE_PRECOS no banco de dados...
2026-09-06T22:16:00.168-03:00  INFO 12340 --- [ecommerce] [scheduling-1] c.d.e.service.SincronizacaoService       : Ciclo finalizado. Total de atualizações enviadas: 0
2026-09-06T22:17:00.001-03:00  INFO 12340 --- [ecommerce] [scheduling-1] c.d.e.service.SincronizacaoService       : Lendo VW_ECOMMERCE_PRECOS no banco de dados...
2026-09-06T22:17:00.120-03:00  INFO 12340 --- [ecommerce] [scheduling-1] c.d.e.service.SincronizacaoService       : Ciclo finalizado. Total de atualizações enviadas: 0
2026-09-06T22:17:00.120-03:00  INFO 12340 --- [ecommerce] [scheduling-1] c.d.e.s.SincronizacaoEstoqueService      : [ESTOQUE] Lendo VW_ECOMMERCE_ESTOQUE no banco de dados...
2026-09-06T22:17:00.144-03:00  INFO 12340 --- [ecommerce] [scheduling-1] c.d.e.s.SincronizacaoEstoqueService      : [ESTOQUE] Ciclo finalizado. Total de atualizações enviadas: 0
2026-09-06T22:18:00.000-03:00  INFO 12340 --- [ecommerce] [scheduling-1] c.d.e.s.SincronizacaoEstoqueService      : [ESTOQUE] Lendo VW_ECOMMERCE_ESTOQUE no banco de dados...
2026-09-06T22:18:00.050-03:00  INFO 12340 --- [ecommerce] [scheduling-1] c.d.e.s.SincronizacaoEstoqueService      : [ESTOQUE] Ciclo finalizado. Total de atualizações enviadas: 0
2026-09-06T22:18:00.050-03:00  INFO 12340 --- [ecommerce] [scheduling-1] c.d.e.service.SincronizacaoService       : Lendo VW_ECOMMERCE_PRECOS no banco de dados...
2026-09-06T22:18:00.120-03:00  INFO 12340 --- [ecommerce] [scheduling-1] c.d.e.service.SincronizacaoService       : Ciclo finalizado. Total de atualizações enviadas: 0
2026-09-06T22:19:00.000-03:00  INFO 12340 --- [ecommerce] [scheduling-1] c.d.e.service.SincronizacaoService       : Lendo VW_ECOMMERCE_PRECOS no banco de dados...
2026-09-06T22:19:00.119-03:00  INFO 12340 --- [ecommerce] [scheduling-1] c.d.e.service.SincronizacaoService       : Ciclo finalizado. Total de atualizações enviadas: 0
2026-09-06T22:19:00.119-03:00  INFO 12340 --- [ecommerce] [scheduling-1] c.d.e.s.SincronizacaoEstoqueService      : [ESTOQUE] Lendo VW_ECOMMERCE_ESTOQUE no banco de dados...
2026-09-06T22:19:00.142-03:00  INFO 12340 --- [ecommerce] [scheduling-1] c.d.e.s.SincronizacaoEstoqueService      : [ESTOQUE] Ciclo finalizado. Total de atualizações enviadas: 0
2026-09-06T22:20:00.000-03:00  INFO 12340 --- [ecommerce] [scheduling-1] c.d.e.s.SincronizacaoEstoqueService      : [ESTOQUE] Lendo VW_ECOMMERCE_ESTOQUE no banco de dados...
2026-09-06T22:20:00.046-03:00  INFO 12340 --- [ecommerce] [scheduling-1] c.d.e.s.SincronizacaoEstoqueService      : [ESTOQUE] Ciclo finalizado. Total de atualizações enviadas: 0
2026-09-06T22:20:00.046-03:00  INFO 12340 --- [ecommerce] [scheduling-1] c.d.e.service.SincronizacaoService       : Lendo VW_ECOMMERCE_PRECOS no banco de dados...
2026-09-06T22:20:00.180-03:00  INFO 12340 --- [ecommerce] [scheduling-1] c.d.e.service.SincronizacaoService       : Ciclo finalizado. Total de atualizações enviadas: 0
2026-09-06T22:21:00.000-03:00  INFO 12340 --- [ecommerce] [scheduling-1] c.d.e.s.SincronizacaoEstoqueService      : [ESTOQUE] Lendo VW_ECOMMERCE_ESTOQUE no banco de dados...
2026-09-06T22:21:00.085-03:00  INFO 12340 --- [ecommerce] [scheduling-1] c.d.e.s.SincronizacaoEstoqueService      : [ESTOQUE] Ciclo finalizado. Total de atualizações enviadas: 0
2026-09-06T22:21:00.085-03:00  INFO 12340 --- [ecommerce] [scheduling-1] c.d.e.service.SincronizacaoService       : Lendo VW_ECOMMERCE_PRECOS no banco de dados...
2026-09-06T22:21:00.142-03:00  INFO 12340 --- [ecommerce] [scheduling-1] c.d.e.service.SincronizacaoService       : Ciclo finalizado. Total de atualizações enviadas: 0
2026-09-06T22:22:00.000-03:00  INFO 12340 --- [ecommerce] [scheduling-1] c.d.e.service.SincronizacaoService       : Lendo VW_ECOMMERCE_PRECOS no banco de dados...
2026-09-06T22:22:00.054-03:00  INFO 12340 --- [ecommerce] [scheduling-1] c.d.e.service.SincronizacaoService       : Ciclo finalizado. Total de atualizações enviadas: 0
2026-09-06T22:22:00.054-03:00  INFO 12340 --- [ecommerce] [scheduling-1] c.d.e.s.SincronizacaoEstoqueService      : [ESTOQUE] Lendo VW_ECOMMERCE_ESTOQUE no banco de dados...
2026-09-06T22:22:00.086-03:00  INFO 12340 --- [ecommerce] [scheduling-1] c.d.e.s.SincronizacaoEstoqueService      : [ESTOQUE] Ciclo finalizado. Total de atualizações enviadas: 0
2026-09-06T22:23:00.000-03:00  INFO 12340 --- [ecommerce] [scheduling-1] c.d.e.s.SincronizacaoEstoqueService      : [ESTOQUE] Lendo VW_ECOMMERCE_ESTOQUE no banco de dados...
2026-09-06T22:23:00.084-03:00  INFO 12340 --- [ecommerce] [scheduling-1] c.d.e.s.SincronizacaoEstoqueService      : [ESTOQUE] Ciclo finalizado. Total de atualizações enviadas: 0
2026-09-06T22:23:00.084-03:00  INFO 12340 --- [ecommerce] [scheduling-1] c.d.e.service.SincronizacaoService       : Lendo VW_ECOMMERCE_PRECOS no banco de dados...
2026-09-06T22:23:00.177-03:00  INFO 12340 --- [ecommerce] [scheduling-1] c.d.e.service.SincronizacaoService       : Ciclo finalizado. Total de atualizações enviadas: 0
2026-09-06T22:23:59.999-03:00  INFO 12340 --- [ecommerce] [scheduling-1] c.d.e.s.SincronizacaoEstoqueService      : [ESTOQUE] Lendo VW_ECOMMERCE_ESTOQUE no banco de dados...
2026-09-06T22:24:00.068-03:00  INFO 12340 --- [ecommerce] [scheduling-1] c.d.e.s.SincronizacaoEstoqueService      : [ESTOQUE] Ciclo finalizado. Total de atualizações enviadas: 0
2026-09-06T22:24:00.068-03:00  INFO 12340 --- [ecommerce] [scheduling-1] c.d.e.service.SincronizacaoService       : Lendo VW_ECOMMERCE_PRECOS no banco de dados...
2026-09-06T22:24:00.260-03:00  INFO 12340 --- [ecommerce] [scheduling-1] c.d.e.service.SincronizacaoService       : Ciclo finalizado. Total de atualizações enviadas: 0
2026-09-06T22:25:00.000-03:00  INFO 12340 --- [ecommerce] [scheduling-1] c.d.e.service.SincronizacaoService       : Lendo VW_ECOMMERCE_PRECOS no banco de dados...
2026-09-06T22:25:00.125-03:00  INFO 12340 --- [ecommerce] [scheduling-1] c.d.e.service.SincronizacaoService       : Ciclo finalizado. Total de atualizações enviadas: 0
2026-09-06T22:25:00.126-03:00  INFO 12340 --- [ecommerce] [scheduling-1] c.d.e.s.SincronizacaoEstoqueService      : [ESTOQUE] Lendo VW_ECOMMERCE_ESTOQUE no banco de dados...
2026-09-06T22:25:00.150-03:00  INFO 12340 --- [ecommerce] [scheduling-1] c.d.e.s.SincronizacaoEstoqueService      : [ESTOQUE] Ciclo finalizado. Total de atualizações enviadas: 0
2026-09-06T22:25:59.999-03:00  INFO 12340 --- [ecommerce] [scheduling-1] c.d.e.service.SincronizacaoService       : Lendo VW_ECOMMERCE_PRECOS no banco de dados...
2026-09-06T22:26:00.132-03:00  INFO 12340 --- [ecommerce] [scheduling-1] c.d.e.service.SincronizacaoService       : Ciclo finalizado. Total de atualizações enviadas: 0
2026-09-06T22:26:00.133-03:00  INFO 12340 --- [ecommerce] [scheduling-1] c.d.e.s.SincronizacaoEstoqueService      : [ESTOQUE] Lendo VW_ECOMMERCE_ESTOQUE no banco de dados...
2026-09-06T22:26:00.154-03:00  INFO 12340 --- [ecommerce] [scheduling-1] c.d.e.s.SincronizacaoEstoqueService      : [ESTOQUE] Ciclo finalizado. Total de atualizações enviadas: 0
2026-09-06T22:27:00.002-03:00  INFO 12340 --- [ecommerce] [scheduling-1] c.d.e.s.SincronizacaoEstoqueService      : [ESTOQUE] Lendo VW_ECOMMERCE_ESTOQUE no banco de dados...
2026-09-06T22:27:00.094-03:00  INFO 12340 --- [ecommerce] [scheduling-1] c.d.e.s.SincronizacaoEstoqueService      : [ESTOQUE] Ciclo finalizado. Total de atualizações enviadas: 0
2026-09-06T22:27:00.094-03:00  INFO 12340 --- [ecommerce] [scheduling-1] c.d.e.service.SincronizacaoService       : Lendo VW_ECOMMERCE_PRECOS no banco de dados...
2026-09-06T22:27:00.238-03:00  INFO 12340 --- [ecommerce] [scheduling-1] c.d.e.service.SincronizacaoService       : Ciclo finalizado. Total de atualizações enviadas: 0
2026-09-06T22:28:00.000-03:00  INFO 12340 --- [ecommerce] [scheduling-1] c.d.e.service.SincronizacaoService       : Lendo VW_ECOMMERCE_PRECOS no banco de dados...
2026-09-06T22:28:00.195-03:00  INFO 12340 --- [ecommerce] [scheduling-1] c.d.e.service.SincronizacaoService       : Ciclo finalizado. Total de atualizações enviadas: 0
2026-09-06T22:28:00.195-03:00  INFO 12340 --- [ecommerce] [scheduling-1] c.d.e.s.SincronizacaoEstoqueService      : [ESTOQUE] Lendo VW_ECOMMERCE_ESTOQUE no banco de dados...
2026-09-06T22:28:00.248-03:00  INFO 12340 --- [ecommerce] [scheduling-1] c.d.e.s.SincronizacaoEstoqueService      : [ESTOQUE] Ciclo finalizado. Total de atualizações enviadas: 0
2026-09-06T22:29:00.001-03:00  INFO 12340 --- [ecommerce] [scheduling-1] c.d.e.s.SincronizacaoEstoqueService      : [ESTOQUE] Lendo VW_ECOMMERCE_ESTOQUE no banco de dados...
2026-09-06T22:29:00.089-03:00  INFO 12340 --- [ecommerce] [scheduling-1] c.d.e.s.SincronizacaoEstoqueService      : [ESTOQUE] Ciclo finalizado. Total de atualizações enviadas: 0
2026-09-06T22:29:00.089-03:00  INFO 12340 --- [ecommerce] [scheduling-1] c.d.e.service.SincronizacaoService       : Lendo VW_ECOMMERCE_PRECOS no banco de dados...
2026-09-06T22:29:00.373-03:00  INFO 12340 --- [ecommerce] [scheduling-1] c.d.e.service.SincronizacaoService       : Ciclo finalizado. Total de atualizações enviadas: 0
2026-09-06T22:30:00.000-03:00  INFO 12340 --- [ecommerce] [scheduling-1] c.d.e.service.SincronizacaoService       : Lendo VW_ECOMMERCE_PRECOS no banco de dados...
2026-09-06T22:30:00.084-03:00  INFO 12340 --- [ecommerce] [scheduling-1] c.d.e.service.SincronizacaoService       : Ciclo finalizado. Total de atualizações enviadas: 0
2026-09-06T22:30:00.084-03:00  INFO 12340 --- [ecommerce] [scheduling-1] c.d.e.s.SincronizacaoEstoqueService      : [ESTOQUE] Lendo VW_ECOMMERCE_ESTOQUE no banco de dados...
2026-09-06T22:30:00.116-03:00  INFO 12340 --- [ecommerce] [scheduling-1] c.d.e.s.SincronizacaoEstoqueService      : [ESTOQUE] Ciclo finalizado. Total de atualizações enviadas: 0
2026-09-06T22:31:00.001-03:00  INFO 12340 --- [ecommerce] [scheduling-1] c.d.e.service.SincronizacaoService       : Lendo VW_ECOMMERCE_PRECOS no banco de dados...
2026-09-06T22:31:00.105-03:00  INFO 12340 --- [ecommerce] [scheduling-1] c.d.e.service.SincronizacaoService       : Ciclo finalizado. Total de atualizações enviadas: 0
2026-09-06T22:31:00.105-03:00  INFO 12340 --- [ecommerce] [scheduling-1] c.d.e.s.SincronizacaoEstoqueService      : [ESTOQUE] Lendo VW_ECOMMERCE_ESTOQUE no banco de dados...
2026-09-06T22:31:00.128-03:00  INFO 12340 --- [ecommerce] [scheduling-1] c.d.e.s.SincronizacaoEstoqueService      : [ESTOQUE] Ciclo finalizado. Total de atualizações enviadas: 0
2026-09-06T22:32:00.000-03:00  INFO 12340 --- [ecommerce] [scheduling-1] c.d.e.s.SincronizacaoEstoqueService      : [ESTOQUE] Lendo VW_ECOMMERCE_ESTOQUE no banco de dados...
2026-09-06T22:32:00.051-03:00  INFO 12340 --- [ecommerce] [scheduling-1] c.d.e.s.SincronizacaoEstoqueService      : [ESTOQUE] Ciclo finalizado. Total de atualizações enviadas: 0
2026-09-06T22:32:00.051-03:00  INFO 12340 --- [ecommerce] [scheduling-1] c.d.e.service.SincronizacaoService       : Lendo VW_ECOMMERCE_PRECOS no banco de dados...
2026-09-06T22:32:00.103-03:00  INFO 12340 --- [ecommerce] [scheduling-1] c.d.e.service.SincronizacaoService       : Ciclo finalizado. Total de atualizações enviadas: 0
2026-09-06T22:33:00.000-03:00  INFO 12340 --- [ecommerce] [scheduling-1] c.d.e.s.SincronizacaoEstoqueService      : [ESTOQUE] Lendo VW_ECOMMERCE_ESTOQUE no banco de dados...
2026-09-06T22:33:00.079-03:00  INFO 12340 --- [ecommerce] [scheduling-1] c.d.e.s.SincronizacaoEstoqueService      : [ESTOQUE] Ciclo finalizado. Total de atualizações enviadas: 0
2026-09-06T22:33:00.079-03:00  INFO 12340 --- [ecommerce] [scheduling-1] c.d.e.service.SincronizacaoService       : Lendo VW_ECOMMERCE_PRECOS no banco de dados...
2026-09-06T22:33:00.239-03:00  INFO 12340 --- [ecommerce] [scheduling-1] c.d.e.service.SincronizacaoService       : Ciclo finalizado. Total de atualizações enviadas: 0
2026-09-06T22:34:00.000-03:00  INFO 12340 --- [ecommerce] [scheduling-1] c.d.e.service.SincronizacaoService       : Lendo VW_ECOMMERCE_PRECOS no banco de dados...
2026-09-06T22:34:00.105-03:00  INFO 12340 --- [ecommerce] [scheduling-1] c.d.e.service.SincronizacaoService       : Ciclo finalizado. Total de atualizações enviadas: 0
2026-09-06T22:34:00.105-03:00  INFO 12340 --- [ecommerce] [scheduling-1] c.d.e.s.SincronizacaoEstoqueService      : [ESTOQUE] Lendo VW_ECOMMERCE_ESTOQUE no banco de dados...
2026-09-06T22:34:00.124-03:00  INFO 12340 --- [ecommerce] [scheduling-1] c.d.e.s.SincronizacaoEstoqueService      : [ESTOQUE] Ciclo finalizado. Total de atualizações enviadas: 0
2026-09-06T22:35:00.000-03:00  INFO 12340 --- [ecommerce] [scheduling-1] c.d.e.service.SincronizacaoService       : Lendo VW_ECOMMERCE_PRECOS no banco de dados...
2026-09-06T22:35:00.094-03:00  INFO 12340 --- [ecommerce] [scheduling-1] c.d.e.service.SincronizacaoService       : Ciclo finalizado. Total de atualizações enviadas: 0
2026-09-06T22:35:00.094-03:00  INFO 12340 --- [ecommerce] [scheduling-1] c.d.e.s.SincronizacaoEstoqueService      : [ESTOQUE] Lendo VW_ECOMMERCE_ESTOQUE no banco de dados...
2026-09-06T22:35:00.123-03:00  INFO 12340 --- [ecommerce] [scheduling-1] c.d.e.s.SincronizacaoEstoqueService      : [ESTOQUE] Ciclo finalizado. Total de atualizações enviadas: 0
2026-09-06T22:35:59.999-03:00  INFO 12340 --- [ecommerce] [scheduling-1] c.d.e.service.SincronizacaoService       : Lendo VW_ECOMMERCE_PRECOS no banco de dados...
2026-09-06T22:36:00.173-03:00  INFO 12340 --- [ecommerce] [scheduling-1] c.d.e.service.SincronizacaoService       : Ciclo finalizado. Total de atualizações enviadas: 0
2026-09-06T22:36:00.173-03:00  INFO 12340 --- [ecommerce] [scheduling-1] c.d.e.s.SincronizacaoEstoqueService      : [ESTOQUE] Lendo VW_ECOMMERCE_ESTOQUE no banco de dados...
2026-09-06T22:36:00.219-03:00  INFO 12340 --- [ecommerce] [scheduling-1] c.d.e.s.SincronizacaoEstoqueService      : [ESTOQUE] Ciclo finalizado. Total de atualizações enviadas: 0
2026-09-06T22:37:00.000-03:00  INFO 12340 --- [ecommerce] [scheduling-1] c.d.e.service.SincronizacaoService       : Lendo VW_ECOMMERCE_PRECOS no banco de dados...
2026-09-06T22:37:00.073-03:00  INFO 12340 --- [ecommerce] [scheduling-1] c.d.e.service.SincronizacaoService       : Ciclo finalizado. Total de atualizações enviadas: 0
2026-09-06T22:37:00.073-03:00  INFO 12340 --- [ecommerce] [scheduling-1] c.d.e.s.SincronizacaoEstoqueService      : [ESTOQUE] Lendo VW_ECOMMERCE_ESTOQUE no banco de dados...
2026-09-06T22:37:00.106-03:00  INFO 12340 --- [ecommerce] [scheduling-1] c.d.e.s.SincronizacaoEstoqueService      : [ESTOQUE] Ciclo finalizado. Total de atualizações enviadas: 0
2026-09-06T22:38:00.000-03:00  INFO 12340 --- [ecommerce] [scheduling-1] c.d.e.s.SincronizacaoEstoqueService      : [ESTOQUE] Lendo VW_ECOMMERCE_ESTOQUE no banco de dados...
2026-09-06T22:38:00.059-03:00  INFO 12340 --- [ecommerce] [scheduling-1] c.d.e.s.SincronizacaoEstoqueService      : [ESTOQUE] Ciclo finalizado. Total de atualizações enviadas: 0
2026-09-06T22:38:00.059-03:00  INFO 12340 --- [ecommerce] [scheduling-1] c.d.e.service.SincronizacaoService       : Lendo VW_ECOMMERCE_PRECOS no banco de dados...
2026-09-06T22:38:00.260-03:00  INFO 12340 --- [ecommerce] [scheduling-1] c.d.e.service.SincronizacaoService       : Ciclo finalizado. Total de atualizações enviadas: 0
2026-09-06T22:38:59.999-03:00  INFO 12340 --- [ecommerce] [scheduling-1] c.d.e.service.SincronizacaoService       : Lendo VW_ECOMMERCE_PRECOS no banco de dados...
2026-09-06T22:39:00.094-03:00  INFO 12340 --- [ecommerce] [scheduling-1] c.d.e.service.SincronizacaoService       : Ciclo finalizado. Total de atualizações enviadas: 0
2026-09-06T22:39:00.094-03:00  INFO 12340 --- [ecommerce] [scheduling-1] c.d.e.s.SincronizacaoEstoqueService      : [ESTOQUE] Lendo VW_ECOMMERCE_ESTOQUE no banco de dados...
2026-09-06T22:39:00.126-03:00  INFO 12340 --- [ecommerce] [scheduling-1] c.d.e.s.SincronizacaoEstoqueService      : [ESTOQUE] Ciclo finalizado. Total de atualizações enviadas: 0
2026-09-06T22:40:00.000-03:00  INFO 12340 --- [ecommerce] [scheduling-1] c.d.e.service.SincronizacaoService       : Lendo VW_ECOMMERCE_PRECOS no banco de dados...
2026-09-06T22:40:00.101-03:00  INFO 12340 --- [ecommerce] [scheduling-1] c.d.e.service.SincronizacaoService       : Ciclo finalizado. Total de atualizações enviadas: 0
2026-09-06T22:40:00.101-03:00  INFO 12340 --- [ecommerce] [scheduling-1] c.d.e.s.SincronizacaoEstoqueService      : [ESTOQUE] Lendo VW_ECOMMERCE_ESTOQUE no banco de dados...
2026-09-06T22:40:00.125-03:00  INFO 12340 --- [ecommerce] [scheduling-1] c.d.e.s.SincronizacaoEstoqueService      : [ESTOQUE] Ciclo finalizado. Total de atualizações enviadas: 0
2026-09-06T22:41:00.000-03:00  INFO 12340 --- [ecommerce] [scheduling-1] c.d.e.service.SincronizacaoService       : Lendo VW_ECOMMERCE_PRECOS no banco de dados...
2026-09-06T22:41:00.081-03:00  INFO 12340 --- [ecommerce] [scheduling-1] c.d.e.service.SincronizacaoService       : Ciclo finalizado. Total de atualizações enviadas: 0
2026-09-06T22:41:00.081-03:00  INFO 12340 --- [ecommerce] [scheduling-1] c.d.e.s.SincronizacaoEstoqueService      : [ESTOQUE] Lendo VW_ECOMMERCE_ESTOQUE no banco de dados...
2026-09-06T22:41:00.111-03:00  INFO 12340 --- [ecommerce] [scheduling-1] c.d.e.s.SincronizacaoEstoqueService      : [ESTOQUE] Ciclo finalizado. Total de atualizações enviadas: 0
2026-09-06T22:42:00.000-03:00  INFO 12340 --- [ecommerce] [scheduling-1] c.d.e.s.SincronizacaoEstoqueService      : [ESTOQUE] Lendo VW_ECOMMERCE_ESTOQUE no banco de dados...
2026-09-06T22:42:00.039-03:00  INFO 12340 --- [ecommerce] [scheduling-1] c.d.e.s.SincronizacaoEstoqueService      : [ESTOQUE] Ciclo finalizado. Total de atualizações enviadas: 0
2026-09-06T22:42:00.039-03:00  INFO 12340 --- [ecommerce] [scheduling-1] c.d.e.service.SincronizacaoService       : Lendo VW_ECOMMERCE_PRECOS no banco de dados...
2026-09-06T22:42:00.110-03:00  INFO 12340 --- [ecommerce] [scheduling-1] c.d.e.service.SincronizacaoService       : Ciclo finalizado. Total de atualizações enviadas: 0
2026-09-06T22:43:00.000-03:00  INFO 12340 --- [ecommerce] [scheduling-1] c.d.e.s.SincronizacaoEstoqueService      : [ESTOQUE] Lendo VW_ECOMMERCE_ESTOQUE no banco de dados...
2026-09-06T22:43:00.088-03:00  INFO 12340 --- [ecommerce] [scheduling-1] c.d.e.s.SincronizacaoEstoqueService      : [ESTOQUE] Ciclo finalizado. Total de atualizações enviadas: 0
2026-09-06T22:43:00.089-03:00  INFO 12340 --- [ecommerce] [scheduling-1] c.d.e.service.SincronizacaoService       : Lendo VW_ECOMMERCE_PRECOS no banco de dados...
2026-09-06T22:43:00.134-03:00  INFO 12340 --- [ecommerce] [scheduling-1] c.d.e.service.SincronizacaoService       : Ciclo finalizado. Total de atualizações enviadas: 0
2026-09-06T22:43:59.999-03:00  INFO 12340 --- [ecommerce] [scheduling-1] c.d.e.s.SincronizacaoEstoqueService      : [ESTOQUE] Lendo VW_ECOMMERCE_ESTOQUE no banco de dados...
2026-09-06T22:44:00.035-03:00  INFO 12340 --- [ecommerce] [scheduling-1] c.d.e.s.SincronizacaoEstoqueService      : [ESTOQUE] Ciclo finalizado. Total de atualizações enviadas: 0
2026-09-06T22:44:00.035-03:00  INFO 12340 --- [ecommerce] [scheduling-1] c.d.e.service.SincronizacaoService       : Lendo VW_ECOMMERCE_PRECOS no banco de dados...
2026-09-06T22:44:00.089-03:00  INFO 12340 --- [ecommerce] [scheduling-1] c.d.e.service.SincronizacaoService       : Ciclo finalizado. Total de atualizações enviadas: 0
2026-09-06T22:45:00.000-03:00  INFO 12340 --- [ecommerce] [scheduling-1] c.d.e.service.SincronizacaoService       : Lendo VW_ECOMMERCE_PRECOS no banco de dados...
2026-09-06T22:45:00.124-03:00  INFO 12340 --- [ecommerce] [scheduling-1] c.d.e.service.SincronizacaoService       : Ciclo finalizado. Total de atualizações enviadas: 0
2026-09-06T22:45:00.125-03:00  INFO 12340 --- [ecommerce] [scheduling-1] c.d.e.s.SincronizacaoEstoqueService      : [ESTOQUE] Lendo VW_ECOMMERCE_ESTOQUE no banco de dados...
2026-09-06T22:45:00.148-03:00  INFO 12340 --- [ecommerce] [scheduling-1] c.d.e.s.SincronizacaoEstoqueService      : [ESTOQUE] Ciclo finalizado. Total de atualizações enviadas: 0
2026-09-06T22:46:00.000-03:00  INFO 12340 --- [ecommerce] [scheduling-1] c.d.e.s.SincronizacaoEstoqueService      : [ESTOQUE] Lendo VW_ECOMMERCE_ESTOQUE no banco de dados...
2026-09-06T22:46:00.102-03:00  INFO 12340 --- [ecommerce] [scheduling-1] c.d.e.s.SincronizacaoEstoqueService      : [ESTOQUE] Ciclo finalizado. Total de atualizações enviadas: 0
2026-09-06T22:46:00.103-03:00  INFO 12340 --- [ecommerce] [scheduling-1] c.d.e.service.SincronizacaoService       : Lendo VW_ECOMMERCE_PRECOS no banco de dados...
2026-09-06T22:46:00.252-03:00  INFO 12340 --- [ecommerce] [scheduling-1] c.d.e.service.SincronizacaoService       : Ciclo finalizado. Total de atualizações enviadas: 0
2026-09-06T22:47:00.000-03:00  INFO 12340 --- [ecommerce] [scheduling-1] c.d.e.s.SincronizacaoEstoqueService      : [ESTOQUE] Lendo VW_ECOMMERCE_ESTOQUE no banco de dados...
2026-09-06T22:47:00.092-03:00  INFO 12340 --- [ecommerce] [scheduling-1] c.d.e.s.SincronizacaoEstoqueService      : [ESTOQUE] Ciclo finalizado. Total de atualizações enviadas: 0
2026-09-06T22:47:00.092-03:00  INFO 12340 --- [ecommerce] [scheduling-1] c.d.e.service.SincronizacaoService       : Lendo VW_ECOMMERCE_PRECOS no banco de dados...
2026-09-06T22:47:00.202-03:00  INFO 12340 --- [ecommerce] [scheduling-1] c.d.e.service.SincronizacaoService       : Ciclo finalizado. Total de atualizações enviadas: 0
2026-09-06T22:47:59.999-03:00  INFO 12340 --- [ecommerce] [scheduling-1] c.d.e.s.SincronizacaoEstoqueService      : [ESTOQUE] Lendo VW_ECOMMERCE_ESTOQUE no banco de dados...
2026-09-06T22:48:00.074-03:00  INFO 12340 --- [ecommerce] [scheduling-1] c.d.e.s.SincronizacaoEstoqueService      : [ESTOQUE] Ciclo finalizado. Total de atualizações enviadas: 0
2026-09-06T22:48:00.074-03:00  INFO 12340 --- [ecommerce] [scheduling-1] c.d.e.service.SincronizacaoService       : Lendo VW_ECOMMERCE_PRECOS no banco de dados...
2026-09-06T22:48:00.377-03:00  INFO 12340 --- [ecommerce] [scheduling-1] c.d.e.service.SincronizacaoService       : Ciclo finalizado. Total de atualizações enviadas: 0
2026-09-06T22:49:00.001-03:00  INFO 12340 --- [ecommerce] [scheduling-1] c.d.e.s.SincronizacaoEstoqueService      : [ESTOQUE] Lendo VW_ECOMMERCE_ESTOQUE no banco de dados...
2026-09-06T22:49:00.081-03:00  INFO 12340 --- [ecommerce] [scheduling-1] c.d.e.s.SincronizacaoEstoqueService      : [ESTOQUE] Ciclo finalizado. Total de atualizações enviadas: 0
2026-09-06T22:49:00.081-03:00  INFO 12340 --- [ecommerce] [scheduling-1] c.d.e.service.SincronizacaoService       : Lendo VW_ECOMMERCE_PRECOS no banco de dados...
2026-09-06T22:49:00.127-03:00  INFO 12340 --- [ecommerce] [scheduling-1] c.d.e.service.SincronizacaoService       : Ciclo finalizado. Total de atualizações enviadas: 0
2026-09-06T22:49:59.999-03:00  INFO 12340 --- [ecommerce] [scheduling-1] c.d.e.service.SincronizacaoService       : Lendo VW_ECOMMERCE_PRECOS no banco de dados...
2026-09-06T22:50:00.147-03:00  INFO 12340 --- [ecommerce] [scheduling-1] c.d.e.service.SincronizacaoService       : Ciclo finalizado. Total de atualizações enviadas: 0
2026-09-06T22:50:00.148-03:00  INFO 12340 --- [ecommerce] [scheduling-1] c.d.e.s.SincronizacaoEstoqueService      : [ESTOQUE] Lendo VW_ECOMMERCE_ESTOQUE no banco de dados...
2026-09-06T22:50:00.168-03:00  INFO 12340 --- [ecommerce] [scheduling-1] c.d.e.s.SincronizacaoEstoqueService      : [ESTOQUE] Ciclo finalizado. Total de atualizações enviadas: 0
2026-09-06T22:51:00.000-03:00  INFO 12340 --- [ecommerce] [scheduling-1] c.d.e.service.SincronizacaoService       : Lendo VW_ECOMMERCE_PRECOS no banco de dados...
2026-09-06T22:51:00.072-03:00  INFO 12340 --- [ecommerce] [scheduling-1] c.d.e.service.SincronizacaoService       : Ciclo finalizado. Total de atualizações enviadas: 0
2026-09-06T22:51:00.073-03:00  INFO 12340 --- [ecommerce] [scheduling-1] c.d.e.s.SincronizacaoEstoqueService      : [ESTOQUE] Lendo VW_ECOMMERCE_ESTOQUE no banco de dados...
2026-09-06T22:51:00.107-03:00  INFO 12340 --- [ecommerce] [scheduling-1] c.d.e.s.SincronizacaoEstoqueService      : [ESTOQUE] Ciclo finalizado. Total de atualizações enviadas: 0
2026-09-06T22:51:59.999-03:00  INFO 12340 --- [ecommerce] [scheduling-1] c.d.e.service.SincronizacaoService       : Lendo VW_ECOMMERCE_PRECOS no banco de dados...
2026-09-06T22:52:00.149-03:00  INFO 12340 --- [ecommerce] [scheduling-1] c.d.e.service.SincronizacaoService       : Ciclo finalizado. Total de atualizações enviadas: 0
2026-09-06T22:52:00.149-03:00  INFO 12340 --- [ecommerce] [scheduling-1] c.d.e.s.SincronizacaoEstoqueService      : [ESTOQUE] Lendo VW_ECOMMERCE_ESTOQUE no banco de dados...
2026-09-06T22:52:00.172-03:00  INFO 12340 --- [ecommerce] [scheduling-1] c.d.e.s.SincronizacaoEstoqueService      : [ESTOQUE] Ciclo finalizado. Total de atualizações enviadas: 0
2026-09-06T22:53:00.001-03:00  INFO 12340 --- [ecommerce] [scheduling-1] c.d.e.s.SincronizacaoEstoqueService      : [ESTOQUE] Lendo VW_ECOMMERCE_ESTOQUE no banco de dados...
2026-09-06T22:53:00.052-03:00  INFO 12340 --- [ecommerce] [scheduling-1] c.d.e.s.SincronizacaoEstoqueService      : [ESTOQUE] Ciclo finalizado. Total de atualizações enviadas: 0
2026-09-06T22:53:00.053-03:00  INFO 12340 --- [ecommerce] [scheduling-1] c.d.e.service.SincronizacaoService       : Lendo VW_ECOMMERCE_PRECOS no banco de dados...
2026-09-06T22:53:00.100-03:00  INFO 12340 --- [ecommerce] [scheduling-1] c.d.e.service.SincronizacaoService       : Ciclo finalizado. Total de atualizações enviadas: 0
2026-09-06T22:54:00.000-03:00  INFO 12340 --- [ecommerce] [scheduling-1] c.d.e.s.SincronizacaoEstoqueService      : [ESTOQUE] Lendo VW_ECOMMERCE_ESTOQUE no banco de dados...
2026-09-06T22:54:00.042-03:00  INFO 12340 --- [ecommerce] [scheduling-1] c.d.e.s.SincronizacaoEstoqueService      : [ESTOQUE] Ciclo finalizado. Total de atualizações enviadas: 0
2026-09-06T22:54:00.042-03:00  INFO 12340 --- [ecommerce] [scheduling-1] c.d.e.service.SincronizacaoService       : Lendo VW_ECOMMERCE_PRECOS no banco de dados...
2026-09-06T22:54:00.092-03:00  INFO 12340 --- [ecommerce] [scheduling-1] c.d.e.service.SincronizacaoService       : Ciclo finalizado. Total de atualizações enviadas: 0
2026-09-06T22:55:00.000-03:00  INFO 12340 --- [ecommerce] [scheduling-1] c.d.e.service.SincronizacaoService       : Lendo VW_ECOMMERCE_PRECOS no banco de dados...
2026-09-06T22:55:00.217-03:00  INFO 12340 --- [ecommerce] [scheduling-1] c.d.e.service.SincronizacaoService       : Ciclo finalizado. Total de atualizações enviadas: 0
2026-09-06T22:55:00.217-03:00  INFO 12340 --- [ecommerce] [scheduling-1] c.d.e.s.SincronizacaoEstoqueService      : [ESTOQUE] Lendo VW_ECOMMERCE_ESTOQUE no banco de dados...
2026-09-06T22:55:00.243-03:00  INFO 12340 --- [ecommerce] [scheduling-1] c.d.e.s.SincronizacaoEstoqueService      : [ESTOQUE] Ciclo finalizado. Total de atualizações enviadas: 0
2026-09-06T22:56:00.000-03:00  INFO 12340 --- [ecommerce] [scheduling-1] c.d.e.s.SincronizacaoEstoqueService      : [ESTOQUE] Lendo VW_ECOMMERCE_ESTOQUE no banco de dados...
2026-09-06T22:56:00.100-03:00  INFO 12340 --- [ecommerce] [scheduling-1] c.d.e.s.SincronizacaoEstoqueService      : [ESTOQUE] Ciclo finalizado. Total de atualizações enviadas: 0
2026-09-06T22:56:00.101-03:00  INFO 12340 --- [ecommerce] [scheduling-1] c.d.e.service.SincronizacaoService       : Lendo VW_ECOMMERCE_PRECOS no banco de dados...
2026-09-06T22:56:00.149-03:00  INFO 12340 --- [ecommerce] [scheduling-1] c.d.e.service.SincronizacaoService       : Ciclo finalizado. Total de atualizações enviadas: 0
2026-09-06T22:57:00.000-03:00  INFO 12340 --- [ecommerce] [scheduling-1] c.d.e.s.SincronizacaoEstoqueService      : [ESTOQUE] Lendo VW_ECOMMERCE_ESTOQUE no banco de dados...
2026-09-06T22:57:00.048-03:00  INFO 12340 --- [ecommerce] [scheduling-1] c.d.e.s.SincronizacaoEstoqueService      : [ESTOQUE] Ciclo finalizado. Total de atualizações enviadas: 0
2026-09-06T22:57:00.049-03:00  INFO 12340 --- [ecommerce] [scheduling-1] c.d.e.service.SincronizacaoService       : Lendo VW_ECOMMERCE_PRECOS no banco de dados...
2026-09-06T22:57:00.270-03:00  INFO 12340 --- [ecommerce] [scheduling-1] c.d.e.service.SincronizacaoService       : Ciclo finalizado. Total de atualizações enviadas: 0
2026-09-06T22:58:00.000-03:00  INFO 12340 --- [ecommerce] [scheduling-1] c.d.e.s.SincronizacaoEstoqueService      : [ESTOQUE] Lendo VW_ECOMMERCE_ESTOQUE no banco de dados...
2026-09-06T22:58:00.090-03:00  INFO 12340 --- [ecommerce] [scheduling-1] c.d.e.s.SincronizacaoEstoqueService      : [ESTOQUE] Ciclo finalizado. Total de atualizações enviadas: 0
2026-09-06T22:58:00.091-03:00  INFO 12340 --- [ecommerce] [scheduling-1] c.d.e.service.SincronizacaoService       : Lendo VW_ECOMMERCE_PRECOS no banco de dados...
2026-09-06T22:58:00.140-03:00  INFO 12340 --- [ecommerce] [scheduling-1] c.d.e.service.SincronizacaoService       : Ciclo finalizado. Total de atualizações enviadas: 0
2026-09-06T22:59:00.000-03:00  INFO 12340 --- [ecommerce] [scheduling-1] c.d.e.s.SincronizacaoEstoqueService      : [ESTOQUE] Lendo VW_ECOMMERCE_ESTOQUE no banco de dados...
2026-09-06T22:59:00.061-03:00  INFO 12340 --- [ecommerce] [scheduling-1] c.d.e.s.SincronizacaoEstoqueService      : [ESTOQUE] Ciclo finalizado. Total de atualizações enviadas: 0
2026-09-06T22:59:00.061-03:00  INFO 12340 --- [ecommerce] [scheduling-1] c.d.e.service.SincronizacaoService       : Lendo VW_ECOMMERCE_PRECOS no banco de dados...
2026-09-06T22:59:00.107-03:00  INFO 12340 --- [ecommerce] [scheduling-1] c.d.e.service.SincronizacaoService       : Ciclo finalizado. Total de atualizações enviadas: 0
2026-09-06T22:59:59.999-03:00  INFO 12340 --- [ecommerce] [scheduling-1] c.d.e.service.SincronizacaoService       : Lendo VW_ECOMMERCE_PRECOS no banco de dados...
2026-09-06T23:00:00.073-03:00  INFO 12340 --- [ecommerce] [scheduling-1] c.d.e.service.SincronizacaoService       : Ciclo finalizado. Total de atualizações enviadas: 0
2026-09-06T23:00:00.073-03:00  INFO 12340 --- [ecommerce] [scheduling-1] c.d.e.s.SincronizacaoEstoqueService      : [ESTOQUE] Lendo VW_ECOMMERCE_ESTOQUE no banco de dados...
2026-09-06T23:00:00.106-03:00  INFO 12340 --- [ecommerce] [scheduling-1] c.d.e.s.SincronizacaoEstoqueService      : [ESTOQUE] Ciclo finalizado. Total de atualizações enviadas: 0
2026-09-06T23:01:00.001-03:00  INFO 12340 --- [ecommerce] [scheduling-1] c.d.e.s.SincronizacaoEstoqueService      : [ESTOQUE] Lendo VW_ECOMMERCE_ESTOQUE no banco de dados...
2026-09-06T23:01:00.127-03:00  INFO 12340 --- [ecommerce] [scheduling-1] c.d.e.s.SincronizacaoEstoqueService      : [ESTOQUE] Ciclo finalizado. Total de atualizações enviadas: 0
2026-09-06T23:01:00.127-03:00  INFO 12340 --- [ecommerce] [scheduling-1] c.d.e.service.SincronizacaoService       : Lendo VW_ECOMMERCE_PRECOS no banco de dados...
2026-09-06T23:01:00.377-03:00  INFO 12340 --- [ecommerce] [scheduling-1] c.d.e.service.SincronizacaoService       : Ciclo finalizado. Total de atualizações enviadas: 0
2026-09-06T23:02:00.001-03:00  INFO 12340 --- [ecommerce] [scheduling-1] c.d.e.s.SincronizacaoEstoqueService      : [ESTOQUE] Lendo VW_ECOMMERCE_ESTOQUE no banco de dados...
2026-09-06T23:02:00.050-03:00  INFO 12340 --- [ecommerce] [scheduling-1] c.d.e.s.SincronizacaoEstoqueService      : [ESTOQUE] Ciclo finalizado. Total de atualizações enviadas: 0
2026-09-06T23:02:00.050-03:00  INFO 12340 --- [ecommerce] [scheduling-1] c.d.e.service.SincronizacaoService       : Lendo VW_ECOMMERCE_PRECOS no banco de dados...
2026-09-06T23:02:00.188-03:00  INFO 12340 --- [ecommerce] [scheduling-1] c.d.e.service.SincronizacaoService       : Ciclo finalizado. Total de atualizações enviadas: 0
2026-09-06T23:03:00.001-03:00  INFO 12340 --- [ecommerce] [scheduling-1] c.d.e.service.SincronizacaoService       : Lendo VW_ECOMMERCE_PRECOS no banco de dados...
2026-09-06T23:03:00.134-03:00  INFO 12340 --- [ecommerce] [scheduling-1] c.d.e.service.SincronizacaoService       : Ciclo finalizado. Total de atualizações enviadas: 0
2026-09-06T23:03:00.134-03:00  INFO 12340 --- [ecommerce] [scheduling-1] c.d.e.s.SincronizacaoEstoqueService      : [ESTOQUE] Lendo VW_ECOMMERCE_ESTOQUE no banco de dados...
2026-09-06T23:03:00.154-03:00  INFO 12340 --- [ecommerce] [scheduling-1] c.d.e.s.SincronizacaoEstoqueService      : [ESTOQUE] Ciclo finalizado. Total de atualizações enviadas: 0
2026-09-06T23:04:00.000-03:00  INFO 12340 --- [ecommerce] [scheduling-1] c.d.e.service.SincronizacaoService       : Lendo VW_ECOMMERCE_PRECOS no banco de dados...
2026-09-06T23:04:00.262-03:00  INFO 12340 --- [ecommerce] [scheduling-1] c.d.e.service.SincronizacaoService       : Ciclo finalizado. Total de atualizações enviadas: 0
2026-09-06T23:04:00.262-03:00  INFO 12340 --- [ecommerce] [scheduling-1] c.d.e.s.SincronizacaoEstoqueService      : [ESTOQUE] Lendo VW_ECOMMERCE_ESTOQUE no banco de dados...
2026-09-06T23:04:00.310-03:00  INFO 12340 --- [ecommerce] [scheduling-1] c.d.e.s.SincronizacaoEstoqueService      : [ESTOQUE] Ciclo finalizado. Total de atualizações enviadas: 0
2026-09-06T23:05:00.000-03:00  INFO 12340 --- [ecommerce] [scheduling-1] c.d.e.s.SincronizacaoEstoqueService      : [ESTOQUE] Lendo VW_ECOMMERCE_ESTOQUE no banco de dados...
2026-09-06T23:05:00.054-03:00  INFO 12340 --- [ecommerce] [scheduling-1] c.d.e.s.SincronizacaoEstoqueService      : [ESTOQUE] Ciclo finalizado. Total de atualizações enviadas: 0
2026-09-06T23:05:00.054-03:00  INFO 12340 --- [ecommerce] [scheduling-1] c.d.e.service.SincronizacaoService       : Lendo VW_ECOMMERCE_PRECOS no banco de dados...
2026-09-06T23:05:00.134-03:00  INFO 12340 --- [ecommerce] [scheduling-1] c.d.e.service.SincronizacaoService       : Ciclo finalizado. Total de atualizações enviadas: 0
2026-09-06T23:06:00.000-03:00  INFO 12340 --- [ecommerce] [scheduling-1] c.d.e.service.SincronizacaoService       : Lendo VW_ECOMMERCE_PRECOS no banco de dados...
2026-09-06T23:06:00.244-03:00  INFO 12340 --- [ecommerce] [scheduling-1] c.d.e.service.SincronizacaoService       : Ciclo finalizado. Total de atualizações enviadas: 0
2026-09-06T23:06:00.245-03:00  INFO 12340 --- [ecommerce] [scheduling-1] c.d.e.s.SincronizacaoEstoqueService      : [ESTOQUE] Lendo VW_ECOMMERCE_ESTOQUE no banco de dados...
2026-09-06T23:06:00.303-03:00  INFO 12340 --- [ecommerce] [scheduling-1] c.d.e.s.SincronizacaoEstoqueService      : [ESTOQUE] Ciclo finalizado. Total de atualizações enviadas: 0
2026-09-06T23:06:59.999-03:00  INFO 12340 --- [ecommerce] [scheduling-1] c.d.e.service.SincronizacaoService       : Lendo VW_ECOMMERCE_PRECOS no banco de dados...
2026-09-06T23:07:00.312-03:00  INFO 12340 --- [ecommerce] [scheduling-1] c.d.e.service.SincronizacaoService       : Ciclo finalizado. Total de atualizações enviadas: 0
2026-09-06T23:07:00.313-03:00  INFO 12340 --- [ecommerce] [scheduling-1] c.d.e.s.SincronizacaoEstoqueService      : [ESTOQUE] Lendo VW_ECOMMERCE_ESTOQUE no banco de dados...
2026-09-06T23:07:00.379-03:00  INFO 12340 --- [ecommerce] [scheduling-1] c.d.e.s.SincronizacaoEstoqueService      : [ESTOQUE] Ciclo finalizado. Total de atualizações enviadas: 0
2026-09-06T23:08:00.000-03:00  INFO 12340 --- [ecommerce] [scheduling-1] c.d.e.s.SincronizacaoEstoqueService      : [ESTOQUE] Lendo VW_ECOMMERCE_ESTOQUE no banco de dados...
2026-09-06T23:08:00.085-03:00  INFO 12340 --- [ecommerce] [scheduling-1] c.d.e.s.SincronizacaoEstoqueService      : [ESTOQUE] Ciclo finalizado. Total de atualizações enviadas: 0
2026-09-06T23:08:00.085-03:00  INFO 12340 --- [ecommerce] [scheduling-1] c.d.e.service.SincronizacaoService       : Lendo VW_ECOMMERCE_PRECOS no banco de dados...
2026-09-06T23:08:00.132-03:00  INFO 12340 --- [ecommerce] [scheduling-1] c.d.e.service.SincronizacaoService       : Ciclo finalizado. Total de atualizações enviadas: 0
2026-09-06T23:09:00.000-03:00  INFO 12340 --- [ecommerce] [scheduling-1] c.d.e.s.SincronizacaoEstoqueService      : [ESTOQUE] Lendo VW_ECOMMERCE_ESTOQUE no banco de dados...
2026-09-06T23:09:00.063-03:00  INFO 12340 --- [ecommerce] [scheduling-1] c.d.e.s.SincronizacaoEstoqueService      : [ESTOQUE] Ciclo finalizado. Total de atualizações enviadas: 0
2026-09-06T23:09:00.063-03:00  INFO 12340 --- [ecommerce] [scheduling-1] c.d.e.service.SincronizacaoService       : Lendo VW_ECOMMERCE_PRECOS no banco de dados...
2026-09-06T23:09:00.296-03:00  INFO 12340 --- [ecommerce] [scheduling-1] c.d.e.service.SincronizacaoService       : Ciclo finalizado. Total de atualizações enviadas: 0
2026-09-06T23:10:00.000-03:00  INFO 12340 --- [ecommerce] [scheduling-1] c.d.e.service.SincronizacaoService       : Lendo VW_ECOMMERCE_PRECOS no banco de dados...
2026-09-06T23:10:00.059-03:00  INFO 12340 --- [ecommerce] [scheduling-1] c.d.e.service.SincronizacaoService       : Ciclo finalizado. Total de atualizações enviadas: 0
2026-09-06T23:10:00.059-03:00  INFO 12340 --- [ecommerce] [scheduling-1] c.d.e.s.SincronizacaoEstoqueService      : [ESTOQUE] Lendo VW_ECOMMERCE_ESTOQUE no banco de dados...
2026-09-06T23:10:00.090-03:00  INFO 12340 --- [ecommerce] [scheduling-1] c.d.e.s.SincronizacaoEstoqueService      : [ESTOQUE] Ciclo finalizado. Total de atualizações enviadas: 0
2026-09-06T23:11:00.001-03:00  INFO 12340 --- [ecommerce] [scheduling-1] c.d.e.service.SincronizacaoService       : Lendo VW_ECOMMERCE_PRECOS no banco de dados...
2026-09-06T23:11:00.150-03:00  INFO 12340 --- [ecommerce] [scheduling-1] c.d.e.service.SincronizacaoService       : Ciclo finalizado. Total de atualizações enviadas: 0
2026-09-06T23:11:00.150-03:00  INFO 12340 --- [ecommerce] [scheduling-1] c.d.e.s.SincronizacaoEstoqueService      : [ESTOQUE] Lendo VW_ECOMMERCE_ESTOQUE no banco de dados...
2026-09-06T23:11:00.212-03:00  INFO 12340 --- [ecommerce] [scheduling-1] c.d.e.s.SincronizacaoEstoqueService      : [ESTOQUE] Ciclo finalizado. Total de atualizações enviadas: 0
2026-09-06T23:12:00.001-03:00  INFO 12340 --- [ecommerce] [scheduling-1] c.d.e.s.SincronizacaoEstoqueService      : [ESTOQUE] Lendo VW_ECOMMERCE_ESTOQUE no banco de dados...
2026-09-06T23:12:00.073-03:00  INFO 12340 --- [ecommerce] [scheduling-1] c.d.e.s.SincronizacaoEstoqueService      : [ESTOQUE] Ciclo finalizado. Total de atualizações enviadas: 0
2026-09-06T23:12:00.073-03:00  INFO 12340 --- [ecommerce] [scheduling-1] c.d.e.service.SincronizacaoService       : Lendo VW_ECOMMERCE_PRECOS no banco de dados...
2026-09-06T23:12:00.131-03:00  INFO 12340 --- [ecommerce] [scheduling-1] c.d.e.service.SincronizacaoService       : Ciclo finalizado. Total de atualizações enviadas: 0
2026-09-06T23:13:00.000-03:00  INFO 12340 --- [ecommerce] [scheduling-1] c.d.e.s.SincronizacaoEstoqueService      : [ESTOQUE] Lendo VW_ECOMMERCE_ESTOQUE no banco de dados...
2026-09-06T23:13:00.050-03:00  INFO 12340 --- [ecommerce] [scheduling-1] c.d.e.s.SincronizacaoEstoqueService      : [ESTOQUE] Ciclo finalizado. Total de atualizações enviadas: 0
2026-09-06T23:13:00.051-03:00  INFO 12340 --- [ecommerce] [scheduling-1] c.d.e.service.SincronizacaoService       : Lendo VW_ECOMMERCE_PRECOS no banco de dados...
2026-09-06T23:13:00.106-03:00  INFO 12340 --- [ecommerce] [scheduling-1] c.d.e.service.SincronizacaoService       : Ciclo finalizado. Total de atualizações enviadas: 0
2026-09-06T23:13:59.999-03:00  INFO 12340 --- [ecommerce] [scheduling-1] c.d.e.s.SincronizacaoEstoqueService      : [ESTOQUE] Lendo VW_ECOMMERCE_ESTOQUE no banco de dados...
2026-09-06T23:14:00.055-03:00  INFO 12340 --- [ecommerce] [scheduling-1] c.d.e.s.SincronizacaoEstoqueService      : [ESTOQUE] Ciclo finalizado. Total de atualizações enviadas: 0
2026-09-06T23:14:00.055-03:00  INFO 12340 --- [ecommerce] [scheduling-1] c.d.e.service.SincronizacaoService       : Lendo VW_ECOMMERCE_PRECOS no banco de dados...
2026-09-06T23:14:00.134-03:00  INFO 12340 --- [ecommerce] [scheduling-1] c.d.e.service.SincronizacaoService       : Ciclo finalizado. Total de atualizações enviadas: 0
2026-09-06T23:15:00.000-03:00  INFO 12340 --- [ecommerce] [scheduling-1] c.d.e.service.SincronizacaoService       : Lendo VW_ECOMMERCE_PRECOS no banco de dados...
2026-09-06T23:15:00.139-03:00  INFO 12340 --- [ecommerce] [scheduling-1] c.d.e.service.SincronizacaoService       : Ciclo finalizado. Total de atualizações enviadas: 0
2026-09-06T23:15:00.140-03:00  INFO 12340 --- [ecommerce] [scheduling-1] c.d.e.s.SincronizacaoEstoqueService      : [ESTOQUE] Lendo VW_ECOMMERCE_ESTOQUE no banco de dados...
2026-09-06T23:15:00.164-03:00  INFO 12340 --- [ecommerce] [scheduling-1] c.d.e.s.SincronizacaoEstoqueService      : [ESTOQUE] Ciclo finalizado. Total de atualizações enviadas: 0
2026-09-06T23:16:00.001-03:00  INFO 12340 --- [ecommerce] [scheduling-1] c.d.e.s.SincronizacaoEstoqueService      : [ESTOQUE] Lendo VW_ECOMMERCE_ESTOQUE no banco de dados...
2026-09-06T23:16:00.035-03:00  INFO 12340 --- [ecommerce] [scheduling-1] c.d.e.s.SincronizacaoEstoqueService      : [ESTOQUE] Ciclo finalizado. Total de atualizações enviadas: 0
2026-09-06T23:16:00.035-03:00  INFO 12340 --- [ecommerce] [scheduling-1] c.d.e.service.SincronizacaoService       : Lendo VW_ECOMMERCE_PRECOS no banco de dados...
2026-09-06T23:16:00.115-03:00  INFO 12340 --- [ecommerce] [scheduling-1] c.d.e.service.SincronizacaoService       : Ciclo finalizado. Total de atualizações enviadas: 0
2026-09-06T23:17:00.000-03:00  INFO 12340 --- [ecommerce] [scheduling-1] c.d.e.s.SincronizacaoEstoqueService      : [ESTOQUE] Lendo VW_ECOMMERCE_ESTOQUE no banco de dados...
2026-09-06T23:17:00.059-03:00  INFO 12340 --- [ecommerce] [scheduling-1] c.d.e.s.SincronizacaoEstoqueService      : [ESTOQUE] Ciclo finalizado. Total de atualizações enviadas: 0
2026-09-06T23:17:00.059-03:00  INFO 12340 --- [ecommerce] [scheduling-1] c.d.e.service.SincronizacaoService       : Lendo VW_ECOMMERCE_PRECOS no banco de dados...
2026-09-06T23:17:00.131-03:00  INFO 12340 --- [ecommerce] [scheduling-1] c.d.e.service.SincronizacaoService       : Ciclo finalizado. Total de atualizações enviadas: 0
2026-09-06T23:18:00.000-03:00  INFO 12340 --- [ecommerce] [scheduling-1] c.d.e.service.SincronizacaoService       : Lendo VW_ECOMMERCE_PRECOS no banco de dados...
2026-09-06T23:18:00.426-03:00  INFO 12340 --- [ecommerce] [scheduling-1] c.d.e.service.SincronizacaoService       : Ciclo finalizado. Total de atualizações enviadas: 0
2026-09-06T23:18:00.427-03:00  INFO 12340 --- [ecommerce] [scheduling-1] c.d.e.s.SincronizacaoEstoqueService      : [ESTOQUE] Lendo VW_ECOMMERCE_ESTOQUE no banco de dados...
2026-09-06T23:18:00.491-03:00  INFO 12340 --- [ecommerce] [scheduling-1] c.d.e.s.SincronizacaoEstoqueService      : [ESTOQUE] Ciclo finalizado. Total de atualizações enviadas: 0
2026-09-06T23:19:00.001-03:00  INFO 12340 --- [ecommerce] [scheduling-1] c.d.e.service.SincronizacaoService       : Lendo VW_ECOMMERCE_PRECOS no banco de dados...
2026-09-06T23:19:00.134-03:00  INFO 12340 --- [ecommerce] [scheduling-1] c.d.e.service.SincronizacaoService       : Ciclo finalizado. Total de atualizações enviadas: 0
2026-09-06T23:19:00.134-03:00  INFO 12340 --- [ecommerce] [scheduling-1] c.d.e.s.SincronizacaoEstoqueService      : [ESTOQUE] Lendo VW_ECOMMERCE_ESTOQUE no banco de dados...
2026-09-06T23:19:00.183-03:00  INFO 12340 --- [ecommerce] [scheduling-1] c.d.e.s.SincronizacaoEstoqueService      : [ESTOQUE] Ciclo finalizado. Total de atualizações enviadas: 0
2026-09-06T23:20:00.000-03:00  INFO 12340 --- [ecommerce] [scheduling-1] c.d.e.s.SincronizacaoEstoqueService      : [ESTOQUE] Lendo VW_ECOMMERCE_ESTOQUE no banco de dados...
2026-09-06T23:20:00.083-03:00  INFO 12340 --- [ecommerce] [scheduling-1] c.d.e.s.SincronizacaoEstoqueService      : [ESTOQUE] Ciclo finalizado. Total de atualizações enviadas: 0
2026-09-06T23:20:00.083-03:00  INFO 12340 --- [ecommerce] [scheduling-1] c.d.e.service.SincronizacaoService       : Lendo VW_ECOMMERCE_PRECOS no banco de dados...
2026-09-06T23:20:00.196-03:00  INFO 12340 --- [ecommerce] [scheduling-1] c.d.e.service.SincronizacaoService       : Ciclo finalizado. Total de atualizações enviadas: 0
2026-09-06T23:21:00.000-03:00  INFO 12340 --- [ecommerce] [scheduling-1] c.d.e.service.SincronizacaoService       : Lendo VW_ECOMMERCE_PRECOS no banco de dados...
2026-09-06T23:21:00.092-03:00  INFO 12340 --- [ecommerce] [scheduling-1] c.d.e.service.SincronizacaoService       : Ciclo finalizado. Total de atualizações enviadas: 0
2026-09-06T23:21:00.092-03:00  INFO 12340 --- [ecommerce] [scheduling-1] c.d.e.s.SincronizacaoEstoqueService      : [ESTOQUE] Lendo VW_ECOMMERCE_ESTOQUE no banco de dados...
2026-09-06T23:21:00.125-03:00  INFO 12340 --- [ecommerce] [scheduling-1] c.d.e.s.SincronizacaoEstoqueService      : [ESTOQUE] Ciclo finalizado. Total de atualizações enviadas: 0
2026-09-06T23:22:00.000-03:00  INFO 12340 --- [ecommerce] [scheduling-1] c.d.e.service.SincronizacaoService       : Lendo VW_ECOMMERCE_PRECOS no banco de dados...
2026-09-06T23:22:00.165-03:00  INFO 12340 --- [ecommerce] [scheduling-1] c.d.e.service.SincronizacaoService       : Ciclo finalizado. Total de atualizações enviadas: 0
2026-09-06T23:22:00.166-03:00  INFO 12340 --- [ecommerce] [scheduling-1] c.d.e.s.SincronizacaoEstoqueService      : [ESTOQUE] Lendo VW_ECOMMERCE_ESTOQUE no banco de dados...
2026-09-06T23:22:00.189-03:00  INFO 12340 --- [ecommerce] [scheduling-1] c.d.e.s.SincronizacaoEstoqueService      : [ESTOQUE] Ciclo finalizado. Total de atualizações enviadas: 0
2026-09-06T23:23:00.000-03:00  INFO 12340 --- [ecommerce] [scheduling-1] c.d.e.service.SincronizacaoService       : Lendo VW_ECOMMERCE_PRECOS no banco de dados...
2026-09-06T23:23:00.119-03:00  INFO 12340 --- [ecommerce] [scheduling-1] c.d.e.service.SincronizacaoService       : Ciclo finalizado. Total de atualizações enviadas: 0
2026-09-06T23:23:00.120-03:00  INFO 12340 --- [ecommerce] [scheduling-1] c.d.e.s.SincronizacaoEstoqueService      : [ESTOQUE] Lendo VW_ECOMMERCE_ESTOQUE no banco de dados...
2026-09-06T23:23:00.150-03:00  INFO 12340 --- [ecommerce] [scheduling-1] c.d.e.s.SincronizacaoEstoqueService      : [ESTOQUE] Ciclo finalizado. Total de atualizações enviadas: 0
2026-09-06T23:24:00.001-03:00  INFO 12340 --- [ecommerce] [scheduling-1] c.d.e.service.SincronizacaoService       : Lendo VW_ECOMMERCE_PRECOS no banco de dados...
2026-09-06T23:24:00.180-03:00  INFO 12340 --- [ecommerce] [scheduling-1] c.d.e.service.SincronizacaoService       : Ciclo finalizado. Total de atualizações enviadas: 0
2026-09-06T23:24:00.180-03:00  INFO 12340 --- [ecommerce] [scheduling-1] c.d.e.s.SincronizacaoEstoqueService      : [ESTOQUE] Lendo VW_ECOMMERCE_ESTOQUE no banco de dados...
2026-09-06T23:24:00.213-03:00  INFO 12340 --- [ecommerce] [scheduling-1] c.d.e.s.SincronizacaoEstoqueService      : [ESTOQUE] Ciclo finalizado. Total de atualizações enviadas: 0
2026-09-06T23:25:00.002-03:00  INFO 12340 --- [ecommerce] [scheduling-1] c.d.e.service.SincronizacaoService       : Lendo VW_ECOMMERCE_PRECOS no banco de dados...
2026-09-06T23:25:00.086-03:00  INFO 12340 --- [ecommerce] [scheduling-1] c.d.e.service.SincronizacaoService       : Ciclo finalizado. Total de atualizações enviadas: 0
2026-09-06T23:25:00.086-03:00  INFO 12340 --- [ecommerce] [scheduling-1] c.d.e.s.SincronizacaoEstoqueService      : [ESTOQUE] Lendo VW_ECOMMERCE_ESTOQUE no banco de dados...
2026-09-06T23:25:00.118-03:00  INFO 12340 --- [ecommerce] [scheduling-1] c.d.e.s.SincronizacaoEstoqueService      : [ESTOQUE] Ciclo finalizado. Total de atualizações enviadas: 0
2026-09-06T23:26:00.000-03:00  INFO 12340 --- [ecommerce] [scheduling-1] c.d.e.service.SincronizacaoService       : Lendo VW_ECOMMERCE_PRECOS no banco de dados...
2026-09-06T23:26:00.172-03:00  INFO 12340 --- [ecommerce] [scheduling-1] c.d.e.service.SincronizacaoService       : Ciclo finalizado. Total de atualizações enviadas: 0
2026-09-06T23:26:00.172-03:00  INFO 12340 --- [ecommerce] [scheduling-1] c.d.e.s.SincronizacaoEstoqueService      : [ESTOQUE] Lendo VW_ECOMMERCE_ESTOQUE no banco de dados...
2026-09-06T23:26:00.216-03:00  INFO 12340 --- [ecommerce] [scheduling-1] c.d.e.s.SincronizacaoEstoqueService      : [ESTOQUE] Ciclo finalizado. Total de atualizações enviadas: 0
2026-09-06T23:27:00.000-03:00  INFO 12340 --- [ecommerce] [scheduling-1] c.d.e.s.SincronizacaoEstoqueService      : [ESTOQUE] Lendo VW_ECOMMERCE_ESTOQUE no banco de dados...
2026-09-06T23:27:00.058-03:00  INFO 12340 --- [ecommerce] [scheduling-1] c.d.e.s.SincronizacaoEstoqueService      : [ESTOQUE] Ciclo finalizado. Total de atualizações enviadas: 0
2026-09-06T23:27:00.058-03:00  INFO 12340 --- [ecommerce] [scheduling-1] c.d.e.service.SincronizacaoService       : Lendo VW_ECOMMERCE_PRECOS no banco de dados...
2026-09-06T23:27:00.234-03:00  INFO 12340 --- [ecommerce] [scheduling-1] c.d.e.service.SincronizacaoService       : Ciclo finalizado. Total de atualizações enviadas: 0
2026-09-06T23:28:00.000-03:00  INFO 12340 --- [ecommerce] [scheduling-1] c.d.e.s.SincronizacaoEstoqueService      : [ESTOQUE] Lendo VW_ECOMMERCE_ESTOQUE no banco de dados...
2026-09-06T23:28:00.062-03:00  INFO 12340 --- [ecommerce] [scheduling-1] c.d.e.s.SincronizacaoEstoqueService      : [ESTOQUE] Ciclo finalizado. Total de atualizações enviadas: 0
2026-09-06T23:28:00.063-03:00  INFO 12340 --- [ecommerce] [scheduling-1] c.d.e.service.SincronizacaoService       : Lendo VW_ECOMMERCE_PRECOS no banco de dados...
2026-09-06T23:28:00.192-03:00  INFO 12340 --- [ecommerce] [scheduling-1] c.d.e.service.SincronizacaoService       : Ciclo finalizado. Total de atualizações enviadas: 0
2026-09-06T23:28:59.999-03:00  INFO 12340 --- [ecommerce] [scheduling-1] c.d.e.s.SincronizacaoEstoqueService      : [ESTOQUE] Lendo VW_ECOMMERCE_ESTOQUE no banco de dados...
2026-09-06T23:29:00.045-03:00  INFO 12340 --- [ecommerce] [scheduling-1] c.d.e.s.SincronizacaoEstoqueService      : [ESTOQUE] Ciclo finalizado. Total de atualizações enviadas: 0
2026-09-06T23:29:00.045-03:00  INFO 12340 --- [ecommerce] [scheduling-1] c.d.e.service.SincronizacaoService       : Lendo VW_ECOMMERCE_PRECOS no banco de dados...
2026-09-06T23:29:00.134-03:00  INFO 12340 --- [ecommerce] [scheduling-1] c.d.e.service.SincronizacaoService       : Ciclo finalizado. Total de atualizações enviadas: 0
2026-09-06T23:30:00.000-03:00  INFO 12340 --- [ecommerce] [scheduling-1] c.d.e.s.SincronizacaoEstoqueService      : [ESTOQUE] Lendo VW_ECOMMERCE_ESTOQUE no banco de dados...
2026-09-06T23:30:00.096-03:00  INFO 12340 --- [ecommerce] [scheduling-1] c.d.e.s.SincronizacaoEstoqueService      : [ESTOQUE] Ciclo finalizado. Total de atualizações enviadas: 0
2026-09-06T23:30:00.096-03:00  INFO 12340 --- [ecommerce] [scheduling-1] c.d.e.service.SincronizacaoService       : Lendo VW_ECOMMERCE_PRECOS no banco de dados...
2026-09-06T23:30:00.177-03:00  INFO 12340 --- [ecommerce] [scheduling-1] c.d.e.service.SincronizacaoService       : Ciclo finalizado. Total de atualizações enviadas: 0
2026-09-06T23:31:00.000-03:00  INFO 12340 --- [ecommerce] [scheduling-1] c.d.e.s.SincronizacaoEstoqueService      : [ESTOQUE] Lendo VW_ECOMMERCE_ESTOQUE no banco de dados...
2026-09-06T23:31:00.118-03:00  INFO 12340 --- [ecommerce] [scheduling-1] c.d.e.s.SincronizacaoEstoqueService      : [ESTOQUE] Ciclo finalizado. Total de atualizações enviadas: 0
2026-09-06T23:31:00.118-03:00  INFO 12340 --- [ecommerce] [scheduling-1] c.d.e.service.SincronizacaoService       : Lendo VW_ECOMMERCE_PRECOS no banco de dados...
2026-09-06T23:31:00.206-03:00  INFO 12340 --- [ecommerce] [scheduling-1] c.d.e.service.SincronizacaoService       : Ciclo finalizado. Total de atualizações enviadas: 0
2026-09-06T23:32:00.000-03:00  INFO 12340 --- [ecommerce] [scheduling-1] c.d.e.service.SincronizacaoService       : Lendo VW_ECOMMERCE_PRECOS no banco de dados...
2026-09-06T23:32:00.106-03:00  INFO 12340 --- [ecommerce] [scheduling-1] c.d.e.service.SincronizacaoService       : Ciclo finalizado. Total de atualizações enviadas: 0
2026-09-06T23:32:00.106-03:00  INFO 12340 --- [ecommerce] [scheduling-1] c.d.e.s.SincronizacaoEstoqueService      : [ESTOQUE] Lendo VW_ECOMMERCE_ESTOQUE no banco de dados...
2026-09-06T23:32:00.129-03:00  INFO 12340 --- [ecommerce] [scheduling-1] c.d.e.s.SincronizacaoEstoqueService      : [ESTOQUE] Ciclo finalizado. Total de atualizações enviadas: 0
2026-09-06T23:33:00.001-03:00  INFO 12340 --- [ecommerce] [scheduling-1] c.d.e.s.SincronizacaoEstoqueService      : [ESTOQUE] Lendo VW_ECOMMERCE_ESTOQUE no banco de dados...
2026-09-06T23:33:00.066-03:00  INFO 12340 --- [ecommerce] [scheduling-1] c.d.e.s.SincronizacaoEstoqueService      : [ESTOQUE] Ciclo finalizado. Total de atualizações enviadas: 0
2026-09-06T23:33:00.067-03:00  INFO 12340 --- [ecommerce] [scheduling-1] c.d.e.service.SincronizacaoService       : Lendo VW_ECOMMERCE_PRECOS no banco de dados...
2026-09-06T23:33:00.219-03:00  INFO 12340 --- [ecommerce] [scheduling-1] c.d.e.service.SincronizacaoService       : Ciclo finalizado. Total de atualizações enviadas: 0
2026-09-06T23:34:00.000-03:00  INFO 12340 --- [ecommerce] [scheduling-1] c.d.e.service.SincronizacaoService       : Lendo VW_ECOMMERCE_PRECOS no banco de dados...
2026-09-06T23:34:00.177-03:00  INFO 12340 --- [ecommerce] [scheduling-1] c.d.e.service.SincronizacaoService       : Ciclo finalizado. Total de atualizações enviadas: 0
2026-09-06T23:34:00.177-03:00  INFO 12340 --- [ecommerce] [scheduling-1] c.d.e.s.SincronizacaoEstoqueService      : [ESTOQUE] Lendo VW_ECOMMERCE_ESTOQUE no banco de dados...
2026-09-06T23:34:00.222-03:00  INFO 12340 --- [ecommerce] [scheduling-1] c.d.e.s.SincronizacaoEstoqueService      : [ESTOQUE] Ciclo finalizado. Total de atualizações enviadas: 0
2026-09-06T23:35:00.000-03:00  INFO 12340 --- [ecommerce] [scheduling-1] c.d.e.service.SincronizacaoService       : Lendo VW_ECOMMERCE_PRECOS no banco de dados...
2026-09-06T23:35:00.152-03:00  INFO 12340 --- [ecommerce] [scheduling-1] c.d.e.service.SincronizacaoService       : Ciclo finalizado. Total de atualizações enviadas: 0
2026-09-06T23:35:00.152-03:00  INFO 12340 --- [ecommerce] [scheduling-1] c.d.e.s.SincronizacaoEstoqueService      : [ESTOQUE] Lendo VW_ECOMMERCE_ESTOQUE no banco de dados...
2026-09-06T23:35:00.175-03:00  INFO 12340 --- [ecommerce] [scheduling-1] c.d.e.s.SincronizacaoEstoqueService      : [ESTOQUE] Ciclo finalizado. Total de atualizações enviadas: 0
2026-09-06T23:36:00.000-03:00  INFO 12340 --- [ecommerce] [scheduling-1] c.d.e.service.SincronizacaoService       : Lendo VW_ECOMMERCE_PRECOS no banco de dados...
2026-09-06T23:36:00.114-03:00  INFO 12340 --- [ecommerce] [scheduling-1] c.d.e.service.SincronizacaoService       : Ciclo finalizado. Total de atualizações enviadas: 0
2026-09-06T23:36:00.114-03:00  INFO 12340 --- [ecommerce] [scheduling-1] c.d.e.s.SincronizacaoEstoqueService      : [ESTOQUE] Lendo VW_ECOMMERCE_ESTOQUE no banco de dados...
2026-09-06T23:36:00.136-03:00  INFO 12340 --- [ecommerce] [scheduling-1] c.d.e.s.SincronizacaoEstoqueService      : [ESTOQUE] Ciclo finalizado. Total de atualizações enviadas: 0
2026-09-06T23:37:00.001-03:00  INFO 12340 --- [ecommerce] [scheduling-1] c.d.e.s.SincronizacaoEstoqueService      : [ESTOQUE] Lendo VW_ECOMMERCE_ESTOQUE no banco de dados...
2026-09-06T23:37:00.057-03:00  INFO 12340 --- [ecommerce] [scheduling-1] c.d.e.s.SincronizacaoEstoqueService      : [ESTOQUE] Ciclo finalizado. Total de atualizações enviadas: 0
2026-09-06T23:37:00.058-03:00  INFO 12340 --- [ecommerce] [scheduling-1] c.d.e.service.SincronizacaoService       : Lendo VW_ECOMMERCE_PRECOS no banco de dados...
2026-09-06T23:37:00.212-03:00  INFO 12340 --- [ecommerce] [scheduling-1] c.d.e.service.SincronizacaoService       : Ciclo finalizado. Total de atualizações enviadas: 0
2026-09-06T23:38:00.000-03:00  INFO 12340 --- [ecommerce] [scheduling-1] c.d.e.s.SincronizacaoEstoqueService      : [ESTOQUE] Lendo VW_ECOMMERCE_ESTOQUE no banco de dados...
2026-09-06T23:38:00.057-03:00  INFO 12340 --- [ecommerce] [scheduling-1] c.d.e.s.SincronizacaoEstoqueService      : [ESTOQUE] Ciclo finalizado. Total de atualizações enviadas: 0
2026-09-06T23:38:00.057-03:00  INFO 12340 --- [ecommerce] [scheduling-1] c.d.e.service.SincronizacaoService       : Lendo VW_ECOMMERCE_PRECOS no banco de dados...
2026-09-06T23:38:00.216-03:00  INFO 12340 --- [ecommerce] [scheduling-1] c.d.e.service.SincronizacaoService       : Ciclo finalizado. Total de atualizações enviadas: 0
2026-09-06T23:38:59.999-03:00  INFO 12340 --- [ecommerce] [scheduling-1] c.d.e.service.SincronizacaoService       : Lendo VW_ECOMMERCE_PRECOS no banco de dados...
2026-09-06T23:39:00.050-03:00  INFO 12340 --- [ecommerce] [scheduling-1] c.d.e.service.SincronizacaoService       : Ciclo finalizado. Total de atualizações enviadas: 0
2026-09-06T23:39:00.050-03:00  INFO 12340 --- [ecommerce] [scheduling-1] c.d.e.s.SincronizacaoEstoqueService      : [ESTOQUE] Lendo VW_ECOMMERCE_ESTOQUE no banco de dados...
2026-09-06T23:39:00.076-03:00  INFO 12340 --- [ecommerce] [scheduling-1] c.d.e.s.SincronizacaoEstoqueService      : [ESTOQUE] Ciclo finalizado. Total de atualizações enviadas: 0
2026-09-06T23:40:00.000-03:00  INFO 12340 --- [ecommerce] [scheduling-1] c.d.e.service.SincronizacaoService       : Lendo VW_ECOMMERCE_PRECOS no banco de dados...
2026-09-06T23:40:00.081-03:00  INFO 12340 --- [ecommerce] [scheduling-1] c.d.e.service.SincronizacaoService       : Ciclo finalizado. Total de atualizações enviadas: 0
2026-09-06T23:40:00.081-03:00  INFO 12340 --- [ecommerce] [scheduling-1] c.d.e.s.SincronizacaoEstoqueService      : [ESTOQUE] Lendo VW_ECOMMERCE_ESTOQUE no banco de dados...
2026-09-06T23:40:00.102-03:00  INFO 12340 --- [ecommerce] [scheduling-1] c.d.e.s.SincronizacaoEstoqueService      : [ESTOQUE] Ciclo finalizado. Total de atualizações enviadas: 0
2026-09-06T23:41:00.000-03:00  INFO 12340 --- [ecommerce] [scheduling-1] c.d.e.service.SincronizacaoService       : Lendo VW_ECOMMERCE_PRECOS no banco de dados...
2026-09-06T23:41:00.118-03:00  INFO 12340 --- [ecommerce] [scheduling-1] c.d.e.service.SincronizacaoService       : Ciclo finalizado. Total de atualizações enviadas: 0
2026-09-06T23:41:00.118-03:00  INFO 12340 --- [ecommerce] [scheduling-1] c.d.e.s.SincronizacaoEstoqueService      : [ESTOQUE] Lendo VW_ECOMMERCE_ESTOQUE no banco de dados...
2026-09-06T23:41:00.145-03:00  INFO 12340 --- [ecommerce] [scheduling-1] c.d.e.s.SincronizacaoEstoqueService      : [ESTOQUE] Ciclo finalizado. Total de atualizações enviadas: 0
2026-09-06T23:42:00.000-03:00  INFO 12340 --- [ecommerce] [scheduling-1] c.d.e.service.SincronizacaoService       : Lendo VW_ECOMMERCE_PRECOS no banco de dados...
2026-09-06T23:42:00.154-03:00  INFO 12340 --- [ecommerce] [scheduling-1] c.d.e.service.SincronizacaoService       : Ciclo finalizado. Total de atualizações enviadas: 0
2026-09-06T23:42:00.154-03:00  INFO 12340 --- [ecommerce] [scheduling-1] c.d.e.s.SincronizacaoEstoqueService      : [ESTOQUE] Lendo VW_ECOMMERCE_ESTOQUE no banco de dados...
2026-09-06T23:42:00.179-03:00  INFO 12340 --- [ecommerce] [scheduling-1] c.d.e.s.SincronizacaoEstoqueService      : [ESTOQUE] Ciclo finalizado. Total de atualizações enviadas: 0
2026-09-06T23:43:00.000-03:00  INFO 12340 --- [ecommerce] [scheduling-1] c.d.e.s.SincronizacaoEstoqueService      : [ESTOQUE] Lendo VW_ECOMMERCE_ESTOQUE no banco de dados...
2026-09-06T23:43:00.096-03:00  INFO 12340 --- [ecommerce] [scheduling-1] c.d.e.s.SincronizacaoEstoqueService      : [ESTOQUE] Ciclo finalizado. Total de atualizações enviadas: 0
2026-09-06T23:43:00.096-03:00  INFO 12340 --- [ecommerce] [scheduling-1] c.d.e.service.SincronizacaoService       : Lendo VW_ECOMMERCE_PRECOS no banco de dados...
2026-09-06T23:43:00.142-03:00  INFO 12340 --- [ecommerce] [scheduling-1] c.d.e.service.SincronizacaoService       : Ciclo finalizado. Total de atualizações enviadas: 0
2026-09-06T23:44:00.001-03:00  INFO 12340 --- [ecommerce] [scheduling-1] c.d.e.s.SincronizacaoEstoqueService      : [ESTOQUE] Lendo VW_ECOMMERCE_ESTOQUE no banco de dados...
2026-09-06T23:44:00.043-03:00  INFO 12340 --- [ecommerce] [scheduling-1] c.d.e.s.SincronizacaoEstoqueService      : [ESTOQUE] Ciclo finalizado. Total de atualizações enviadas: 0
2026-09-06T23:44:00.043-03:00  INFO 12340 --- [ecommerce] [scheduling-1] c.d.e.service.SincronizacaoService       : Lendo VW_ECOMMERCE_PRECOS no banco de dados...
2026-09-06T23:44:00.091-03:00  INFO 12340 --- [ecommerce] [scheduling-1] c.d.e.service.SincronizacaoService       : Ciclo finalizado. Total de atualizações enviadas: 0
2026-09-06T23:45:00.000-03:00  INFO 12340 --- [ecommerce] [scheduling-1] c.d.e.s.SincronizacaoEstoqueService      : [ESTOQUE] Lendo VW_ECOMMERCE_ESTOQUE no banco de dados...
2026-09-06T23:45:00.076-03:00  INFO 12340 --- [ecommerce] [scheduling-1] c.d.e.s.SincronizacaoEstoqueService      : [ESTOQUE] Ciclo finalizado. Total de atualizações enviadas: 0
2026-09-06T23:45:00.076-03:00  INFO 12340 --- [ecommerce] [scheduling-1] c.d.e.service.SincronizacaoService       : Lendo VW_ECOMMERCE_PRECOS no banco de dados...
2026-09-06T23:45:00.192-03:00  INFO 12340 --- [ecommerce] [scheduling-1] c.d.e.service.SincronizacaoService       : Ciclo finalizado. Total de atualizações enviadas: 0
2026-09-06T23:46:00.000-03:00  INFO 12340 --- [ecommerce] [scheduling-1] c.d.e.service.SincronizacaoService       : Lendo VW_ECOMMERCE_PRECOS no banco de dados...
2026-09-06T23:46:00.177-03:00  INFO 12340 --- [ecommerce] [scheduling-1] c.d.e.service.SincronizacaoService       : Ciclo finalizado. Total de atualizações enviadas: 0
2026-09-06T23:46:00.178-03:00  INFO 12340 --- [ecommerce] [scheduling-1] c.d.e.s.SincronizacaoEstoqueService      : [ESTOQUE] Lendo VW_ECOMMERCE_ESTOQUE no banco de dados...
2026-09-06T23:46:00.200-03:00  INFO 12340 --- [ecommerce] [scheduling-1] c.d.e.s.SincronizacaoEstoqueService      : [ESTOQUE] Ciclo finalizado. Total de atualizações enviadas: 0
2026-09-06T23:46:59.999-03:00  INFO 12340 --- [ecommerce] [scheduling-1] c.d.e.s.SincronizacaoEstoqueService      : [ESTOQUE] Lendo VW_ECOMMERCE_ESTOQUE no banco de dados...
2026-09-06T23:47:00.056-03:00  INFO 12340 --- [ecommerce] [scheduling-1] c.d.e.s.SincronizacaoEstoqueService      : [ESTOQUE] Ciclo finalizado. Total de atualizações enviadas: 0
2026-09-06T23:47:00.057-03:00  INFO 12340 --- [ecommerce] [scheduling-1] c.d.e.service.SincronizacaoService       : Lendo VW_ECOMMERCE_PRECOS no banco de dados...
2026-09-06T23:47:00.104-03:00  INFO 12340 --- [ecommerce] [scheduling-1] c.d.e.service.SincronizacaoService       : Ciclo finalizado. Total de atualizações enviadas: 0
2026-09-06T23:48:00.000-03:00  INFO 12340 --- [ecommerce] [scheduling-1] c.d.e.service.SincronizacaoService       : Lendo VW_ECOMMERCE_PRECOS no banco de dados...
2026-09-06T23:48:00.257-03:00  INFO 12340 --- [ecommerce] [scheduling-1] c.d.e.service.SincronizacaoService       : Ciclo finalizado. Total de atualizações enviadas: 0
2026-09-06T23:48:00.257-03:00  INFO 12340 --- [ecommerce] [scheduling-1] c.d.e.s.SincronizacaoEstoqueService      : [ESTOQUE] Lendo VW_ECOMMERCE_ESTOQUE no banco de dados...
2026-09-06T23:48:00.306-03:00  INFO 12340 --- [ecommerce] [scheduling-1] c.d.e.s.SincronizacaoEstoqueService      : [ESTOQUE] Ciclo finalizado. Total de atualizações enviadas: 0
2026-09-06T23:49:00.000-03:00  INFO 12340 --- [ecommerce] [scheduling-1] c.d.e.s.SincronizacaoEstoqueService      : [ESTOQUE] Lendo VW_ECOMMERCE_ESTOQUE no banco de dados...
2026-09-06T23:49:00.085-03:00  INFO 12340 --- [ecommerce] [scheduling-1] c.d.e.s.SincronizacaoEstoqueService      : [ESTOQUE] Ciclo finalizado. Total de atualizações enviadas: 0
2026-09-06T23:49:00.085-03:00  INFO 12340 --- [ecommerce] [scheduling-1] c.d.e.service.SincronizacaoService       : Lendo VW_ECOMMERCE_PRECOS no banco de dados...
2026-09-06T23:49:00.128-03:00  INFO 12340 --- [ecommerce] [scheduling-1] c.d.e.service.SincronizacaoService       : Ciclo finalizado. Total de atualizações enviadas: 0
2026-09-06T23:50:00.000-03:00  INFO 12340 --- [ecommerce] [scheduling-1] c.d.e.service.SincronizacaoService       : Lendo VW_ECOMMERCE_PRECOS no banco de dados...
2026-09-06T23:50:00.159-03:00  INFO 12340 --- [ecommerce] [scheduling-1] c.d.e.service.SincronizacaoService       : Ciclo finalizado. Total de atualizações enviadas: 0
2026-09-06T23:50:00.159-03:00  INFO 12340 --- [ecommerce] [scheduling-1] c.d.e.s.SincronizacaoEstoqueService      : [ESTOQUE] Lendo VW_ECOMMERCE_ESTOQUE no banco de dados...
2026-09-06T23:50:00.210-03:00  INFO 12340 --- [ecommerce] [scheduling-1] c.d.e.s.SincronizacaoEstoqueService      : [ESTOQUE] Ciclo finalizado. Total de atualizações enviadas: 0
2026-09-06T23:51:00.000-03:00  INFO 12340 --- [ecommerce] [scheduling-1] c.d.e.s.SincronizacaoEstoqueService      : [ESTOQUE] Lendo VW_ECOMMERCE_ESTOQUE no banco de dados...
2026-09-06T23:51:00.052-03:00  INFO 12340 --- [ecommerce] [scheduling-1] c.d.e.s.SincronizacaoEstoqueService      : [ESTOQUE] Ciclo finalizado. Total de atualizações enviadas: 0
2026-09-06T23:51:00.052-03:00  INFO 12340 --- [ecommerce] [scheduling-1] c.d.e.service.SincronizacaoService       : Lendo VW_ECOMMERCE_PRECOS no banco de dados...
2026-09-06T23:51:00.117-03:00  INFO 12340 --- [ecommerce] [scheduling-1] c.d.e.service.SincronizacaoService       : Ciclo finalizado. Total de atualizações enviadas: 0
2026-09-06T23:52:00.000-03:00  INFO 12340 --- [ecommerce] [scheduling-1] c.d.e.s.SincronizacaoEstoqueService      : [ESTOQUE] Lendo VW_ECOMMERCE_ESTOQUE no banco de dados...
2026-09-06T23:52:00.104-03:00  INFO 12340 --- [ecommerce] [scheduling-1] c.d.e.s.SincronizacaoEstoqueService      : [ESTOQUE] Ciclo finalizado. Total de atualizações enviadas: 0
2026-09-06T23:52:00.104-03:00  INFO 12340 --- [ecommerce] [scheduling-1] c.d.e.service.SincronizacaoService       : Lendo VW_ECOMMERCE_PRECOS no banco de dados...
2026-09-06T23:52:00.245-03:00  INFO 12340 --- [ecommerce] [scheduling-1] c.d.e.service.SincronizacaoService       : Ciclo finalizado. Total de atualizações enviadas: 0
2026-09-06T23:53:00.000-03:00  INFO 12340 --- [ecommerce] [scheduling-1] c.d.e.s.SincronizacaoEstoqueService      : [ESTOQUE] Lendo VW_ECOMMERCE_ESTOQUE no banco de dados...
2026-09-06T23:53:00.085-03:00  INFO 12340 --- [ecommerce] [scheduling-1] c.d.e.s.SincronizacaoEstoqueService      : [ESTOQUE] Ciclo finalizado. Total de atualizações enviadas: 0
2026-09-06T23:53:00.085-03:00  INFO 12340 --- [ecommerce] [scheduling-1] c.d.e.service.SincronizacaoService       : Lendo VW_ECOMMERCE_PRECOS no banco de dados...
2026-09-06T23:53:00.270-03:00  INFO 12340 --- [ecommerce] [scheduling-1] c.d.e.service.SincronizacaoService       : Ciclo finalizado. Total de atualizações enviadas: 0
2026-09-06T23:54:00.000-03:00  INFO 12340 --- [ecommerce] [scheduling-1] c.d.e.service.SincronizacaoService       : Lendo VW_ECOMMERCE_PRECOS no banco de dados...
2026-09-06T23:54:00.086-03:00  INFO 12340 --- [ecommerce] [scheduling-1] c.d.e.service.SincronizacaoService       : Ciclo finalizado. Total de atualizações enviadas: 0
2026-09-06T23:54:00.087-03:00  INFO 12340 --- [ecommerce] [scheduling-1] c.d.e.s.SincronizacaoEstoqueService      : [ESTOQUE] Lendo VW_ECOMMERCE_ESTOQUE no banco de dados...
2026-09-06T23:54:00.121-03:00  INFO 12340 --- [ecommerce] [scheduling-1] c.d.e.s.SincronizacaoEstoqueService      : [ESTOQUE] Ciclo finalizado. Total de atualizações enviadas: 0
2026-09-06T23:54:59.999-03:00  INFO 12340 --- [ecommerce] [scheduling-1] c.d.e.service.SincronizacaoService       : Lendo VW_ECOMMERCE_PRECOS no banco de dados...
2026-09-06T23:55:00.200-03:00  INFO 12340 --- [ecommerce] [scheduling-1] c.d.e.service.SincronizacaoService       : Ciclo finalizado. Total de atualizações enviadas: 0
2026-09-06T23:55:00.201-03:00  INFO 12340 --- [ecommerce] [scheduling-1] c.d.e.s.SincronizacaoEstoqueService      : [ESTOQUE] Lendo VW_ECOMMERCE_ESTOQUE no banco de dados...
2026-09-06T23:55:00.244-03:00  INFO 12340 --- [ecommerce] [scheduling-1] c.d.e.s.SincronizacaoEstoqueService      : [ESTOQUE] Ciclo finalizado. Total de atualizações enviadas: 0
2026-09-06T23:55:59.999-03:00  INFO 12340 --- [ecommerce] [scheduling-1] c.d.e.service.SincronizacaoService       : Lendo VW_ECOMMERCE_PRECOS no banco de dados...
2026-09-06T23:56:00.090-03:00  INFO 12340 --- [ecommerce] [scheduling-1] c.d.e.service.SincronizacaoService       : Ciclo finalizado. Total de atualizações enviadas: 0
2026-09-06T23:56:00.090-03:00  INFO 12340 --- [ecommerce] [scheduling-1] c.d.e.s.SincronizacaoEstoqueService      : [ESTOQUE] Lendo VW_ECOMMERCE_ESTOQUE no banco de dados...
2026-09-06T23:56:00.125-03:00  INFO 12340 --- [ecommerce] [scheduling-1] c.d.e.s.SincronizacaoEstoqueService      : [ESTOQUE] Ciclo finalizado. Total de atualizações enviadas: 0
2026-09-06T23:57:00.000-03:00  INFO 12340 --- [ecommerce] [scheduling-1] c.d.e.s.SincronizacaoEstoqueService      : [ESTOQUE] Lendo VW_ECOMMERCE_ESTOQUE no banco de dados...
2026-09-06T23:57:00.048-03:00  INFO 12340 --- [ecommerce] [scheduling-1] c.d.e.s.SincronizacaoEstoqueService      : [ESTOQUE] Ciclo finalizado. Total de atualizações enviadas: 0
2026-09-06T23:57:00.048-03:00  INFO 12340 --- [ecommerce] [scheduling-1] c.d.e.service.SincronizacaoService       : Lendo VW_ECOMMERCE_PRECOS no banco de dados...
2026-09-06T23:57:00.129-03:00  INFO 12340 --- [ecommerce] [scheduling-1] c.d.e.service.SincronizacaoService       : Ciclo finalizado. Total de atualizações enviadas: 0
2026-09-06T23:58:00.000-03:00  INFO 12340 --- [ecommerce] [scheduling-1] c.d.e.service.SincronizacaoService       : Lendo VW_ECOMMERCE_PRECOS no banco de dados...
2026-09-06T23:58:00.179-03:00  INFO 12340 --- [ecommerce] [scheduling-1] c.d.e.service.SincronizacaoService       : Ciclo finalizado. Total de atualizações enviadas: 0
2026-09-06T23:58:00.179-03:00  INFO 12340 --- [ecommerce] [scheduling-1] c.d.e.s.SincronizacaoEstoqueService      : [ESTOQUE] Lendo VW_ECOMMERCE_ESTOQUE no banco de dados...
2026-09-06T23:58:00.225-03:00  INFO 12340 --- [ecommerce] [scheduling-1] c.d.e.s.SincronizacaoEstoqueService      : [ESTOQUE] Ciclo finalizado. Total de atualizações enviadas: 0
2026-09-06T23:59:00.000-03:00  INFO 12340 --- [ecommerce] [scheduling-1] c.d.e.service.SincronizacaoService       : Lendo VW_ECOMMERCE_PRECOS no banco de dados...
2026-09-06T23:59:00.162-03:00  INFO 12340 --- [ecommerce] [scheduling-1] c.d.e.service.SincronizacaoService       : Ciclo finalizado. Total de atualizações enviadas: 0
2026-09-06T23:59:00.162-03:00  INFO 12340 --- [ecommerce] [scheduling-1] c.d.e.s.SincronizacaoEstoqueService      : [ESTOQUE] Lendo VW_ECOMMERCE_ESTOQUE no banco de dados...
2026-09-06T23:59:00.192-03:00  INFO 12340 --- [ecommerce] [scheduling-1] c.d.e.s.SincronizacaoEstoqueService      : [ESTOQUE] Ciclo finalizado. Total de atualizações enviadas: 0
