2026-09-12T00:00:00.014-03:00  INFO 10892 --- [ecommerce] [scheduling-1] c.d.e.s.SincronizacaoEstoqueService      : [ESTOQUE] Lendo VW_ECOMMERCE_ESTOQUE no banco de dados...
2026-09-12T00:01:04.694-03:00  INFO 10892 --- [ecommerce] [scheduling-1] c.d.e.s.SincronizacaoEstoqueService      : [ESTOQUE] Ciclo finalizado. Total de atualizações enviadas: 0
2026-09-12T00:01:04.694-03:00  INFO 10892 --- [ecommerce] [scheduling-1] c.d.e.service.SincronizacaoService       : Lendo VW_ECOMMERCE_PRECOS no banco de dados...
2026-09-12T00:01:04.930-03:00  INFO 10892 --- [ecommerce] [scheduling-1] c.d.e.service.SincronizacaoService       : Ciclo finalizado. Total de atualizações enviadas: 0
2026-09-12T00:02:00.010-03:00  INFO 10892 --- [ecommerce] [scheduling-1] c.d.e.service.SincronizacaoService       : Lendo VW_ECOMMERCE_PRECOS no banco de dados...
2026-09-12T00:02:00.073-03:00  INFO 10892 --- [ecommerce] [scheduling-1] c.d.e.service.SincronizacaoService       : Ciclo finalizado. Total de atualizações enviadas: 0
2026-09-12T00:02:00.073-03:00  INFO 10892 --- [ecommerce] [scheduling-1] c.d.e.s.SincronizacaoEstoqueService      : [ESTOQUE] Lendo VW_ECOMMERCE_ESTOQUE no banco de dados...
2026-09-12T00:03:05.507-03:00  INFO 10892 --- [ecommerce] [scheduling-1] c.d.e.s.SincronizacaoEstoqueService      : [ESTOQUE] Ciclo finalizado. Total de atualizações enviadas: 0
2026-09-12T00:03:05.507-03:00  INFO 10892 --- [ecommerce] [scheduling-1] c.d.e.service.SincronizacaoService       : Lendo VW_ECOMMERCE_PRECOS no banco de dados...
2026-09-12T00:03:05.971-03:00  INFO 10892 --- [ecommerce] [scheduling-1] c.d.e.service.SincronizacaoService       : Ciclo finalizado. Total de atualizações enviadas: 0
2026-09-12T00:04:00.007-03:00  INFO 10892 --- [ecommerce] [scheduling-1] c.d.e.service.SincronizacaoService       : Lendo VW_ECOMMERCE_PRECOS no banco de dados...
2026-09-12T00:04:00.157-03:00  INFO 10892 --- [ecommerce] [scheduling-1] c.d.e.service.SincronizacaoService       : Ciclo finalizado. Total de atualizações enviadas: 0
2026-09-12T00:04:00.157-03:00  INFO 10892 --- [ecommerce] [scheduling-1] c.d.e.s.SincronizacaoEstoqueService      : [ESTOQUE] Lendo VW_ECOMMERCE_ESTOQUE no banco de dados...
2026-09-12T00:05:04.015-03:00  INFO 10892 --- [ecommerce] [scheduling-1] c.d.e.s.SincronizacaoEstoqueService      : [ESTOQUE] Ciclo finalizado. Total de atualizações enviadas: 0
2026-09-12T00:05:04.015-03:00  INFO 10892 --- [ecommerce] [scheduling-1] c.d.e.service.SincronizacaoService       : Lendo VW_ECOMMERCE_PRECOS no banco de dados...
2026-09-12T00:05:04.110-03:00  INFO 10892 --- [ecommerce] [scheduling-1] c.d.e.service.SincronizacaoService       : Ciclo finalizado. Total de atualizações enviadas: 0
2026-09-12T00:06:00.015-03:00  INFO 10892 --- [ecommerce] [scheduling-1] c.d.e.service.SincronizacaoService       : Lendo VW_ECOMMERCE_PRECOS no banco de dados...
2026-09-12T00:06:00.129-03:00  INFO 10892 --- [ecommerce] [scheduling-1] c.d.e.service.SincronizacaoService       : Ciclo finalizado. Total de atualizações enviadas: 0
2026-09-12T00:06:00.129-03:00  INFO 10892 --- [ecommerce] [scheduling-1] c.d.e.s.SincronizacaoEstoqueService      : [ESTOQUE] Lendo VW_ECOMMERCE_ESTOQUE no banco de dados...
2026-09-12T00:07:03.741-03:00  INFO 10892 --- [ecommerce] [scheduling-1] c.d.e.s.SincronizacaoEstoqueService      : [ESTOQUE] Ciclo finalizado. Total de atualizações enviadas: 0
2026-09-12T00:07:03.741-03:00  INFO 10892 --- [ecommerce] [scheduling-1] c.d.e.service.SincronizacaoService       : Lendo VW_ECOMMERCE_PRECOS no banco de dados...
2026-09-12T00:07:03.805-03:00  INFO 10892 --- [ecommerce] [scheduling-1] c.d.e.service.SincronizacaoService       : Ciclo finalizado. Total de atualizações enviadas: 0
2026-09-12T00:08:00.020-03:00  INFO 10892 --- [ecommerce] [scheduling-1] c.d.e.service.SincronizacaoService       : Lendo VW_ECOMMERCE_PRECOS no banco de dados...
2026-09-12T00:08:00.115-03:00  INFO 10892 --- [ecommerce] [scheduling-1] c.d.e.service.SincronizacaoService       : Ciclo finalizado. Total de atualizações enviadas: 0
2026-09-12T00:08:00.115-03:00  INFO 10892 --- [ecommerce] [scheduling-1] c.d.e.s.SincronizacaoEstoqueService      : [ESTOQUE] Lendo VW_ECOMMERCE_ESTOQUE no banco de dados...
2026-09-12T00:09:06.514-03:00  INFO 10892 --- [ecommerce] [scheduling-1] c.d.e.s.SincronizacaoEstoqueService      : [ESTOQUE] Ciclo finalizado. Total de atualizações enviadas: 0
2026-09-12T00:09:06.514-03:00  INFO 10892 --- [ecommerce] [scheduling-1] c.d.e.service.SincronizacaoService       : Lendo VW_ECOMMERCE_PRECOS no banco de dados...
2026-09-12T00:09:06.578-03:00  INFO 10892 --- [ecommerce] [scheduling-1] c.d.e.service.SincronizacaoService       : Ciclo finalizado. Total de atualizações enviadas: 0
2026-09-12T00:10:00.019-03:00  INFO 10892 --- [ecommerce] [scheduling-1] c.d.e.service.SincronizacaoService       : Lendo VW_ECOMMERCE_PRECOS no banco de dados...
2026-09-12T00:10:00.084-03:00  INFO 10892 --- [ecommerce] [scheduling-1] c.d.e.service.SincronizacaoService       : Ciclo finalizado. Total de atualizações enviadas: 0
2026-09-12T00:10:00.084-03:00  INFO 10892 --- [ecommerce] [scheduling-1] c.d.e.s.SincronizacaoEstoqueService      : [ESTOQUE] Lendo VW_ECOMMERCE_ESTOQUE no banco de dados...
2026-09-12T00:11:04.328-03:00  INFO 10892 --- [ecommerce] [scheduling-1] c.d.e.s.SincronizacaoEstoqueService      : [ESTOQUE] Ciclo finalizado. Total de atualizações enviadas: 0
2026-09-12T00:11:04.328-03:00  INFO 10892 --- [ecommerce] [scheduling-1] c.d.e.service.SincronizacaoService       : Lendo VW_ECOMMERCE_PRECOS no banco de dados...
2026-09-12T00:11:04.441-03:00  INFO 10892 --- [ecommerce] [scheduling-1] c.d.e.service.SincronizacaoService       : Ciclo finalizado. Total de atualizações enviadas: 0
2026-09-12T00:12:00.018-03:00  INFO 10892 --- [ecommerce] [scheduling-1] c.d.e.service.SincronizacaoService       : Lendo VW_ECOMMERCE_PRECOS no banco de dados...
2026-09-12T00:12:00.467-03:00  INFO 10892 --- [ecommerce] [scheduling-1] c.d.e.service.SincronizacaoService       : Ciclo finalizado. Total de atualizações enviadas: 0
2026-09-12T00:12:00.467-03:00  INFO 10892 --- [ecommerce] [scheduling-1] c.d.e.s.SincronizacaoEstoqueService      : [ESTOQUE] Lendo VW_ECOMMERCE_ESTOQUE no banco de dados...
2026-09-12T00:13:01.517-03:00  INFO 10892 --- [ecommerce] [scheduling-1] c.d.e.s.SincronizacaoEstoqueService      : [ESTOQUE] Ciclo finalizado. Total de atualizações enviadas: 0
2026-09-12T00:13:01.517-03:00  INFO 10892 --- [ecommerce] [scheduling-1] c.d.e.service.SincronizacaoService       : Lendo VW_ECOMMERCE_PRECOS no banco de dados...
2026-09-12T00:13:01.635-03:00  INFO 10892 --- [ecommerce] [scheduling-1] c.d.e.service.SincronizacaoService       : Ciclo finalizado. Total de atualizações enviadas: 0
2026-09-12T00:14:00.014-03:00  INFO 10892 --- [ecommerce] [scheduling-1] c.d.e.s.SincronizacaoEstoqueService      : [ESTOQUE] Lendo VW_ECOMMERCE_ESTOQUE no banco de dados...
2026-09-12T00:15:05.399-03:00  INFO 10892 --- [ecommerce] [scheduling-1] c.d.e.s.SincronizacaoEstoqueService      : [ESTOQUE] Ciclo finalizado. Total de atualizações enviadas: 0
2026-09-12T00:15:05.399-03:00  INFO 10892 --- [ecommerce] [scheduling-1] c.d.e.service.SincronizacaoService       : Lendo VW_ECOMMERCE_PRECOS no banco de dados...
2026-09-12T00:15:05.496-03:00  INFO 10892 --- [ecommerce] [scheduling-1] c.d.e.service.SincronizacaoService       : Ciclo finalizado. Total de atualizações enviadas: 0
2026-09-12T00:16:00.016-03:00  INFO 10892 --- [ecommerce] [scheduling-1] c.d.e.s.SincronizacaoEstoqueService      : [ESTOQUE] Lendo VW_ECOMMERCE_ESTOQUE no banco de dados...
2026-09-12T00:17:07.491-03:00  INFO 10892 --- [ecommerce] [scheduling-1] c.d.e.s.SincronizacaoEstoqueService      : [ESTOQUE] Ciclo finalizado. Total de atualizações enviadas: 0
2026-09-12T00:17:07.504-03:00  INFO 10892 --- [ecommerce] [scheduling-1] c.d.e.service.SincronizacaoService       : Lendo VW_ECOMMERCE_PRECOS no banco de dados...
2026-09-12T00:17:07.605-03:00  INFO 10892 --- [ecommerce] [scheduling-1] c.d.e.service.SincronizacaoService       : Ciclo finalizado. Total de atualizações enviadas: 0
2026-09-12T00:18:00.010-03:00  INFO 10892 --- [ecommerce] [scheduling-1] c.d.e.service.SincronizacaoService       : Lendo VW_ECOMMERCE_PRECOS no banco de dados...
2026-09-12T00:18:00.170-03:00  INFO 10892 --- [ecommerce] [scheduling-1] c.d.e.service.SincronizacaoService       : Ciclo finalizado. Total de atualizações enviadas: 0
2026-09-12T00:18:00.170-03:00  INFO 10892 --- [ecommerce] [scheduling-1] c.d.e.s.SincronizacaoEstoqueService      : [ESTOQUE] Lendo VW_ECOMMERCE_ESTOQUE no banco de dados...
2026-09-12T00:19:03.899-03:00  INFO 10892 --- [ecommerce] [scheduling-1] c.d.e.s.SincronizacaoEstoqueService      : [ESTOQUE] Ciclo finalizado. Total de atualizações enviadas: 0
2026-09-12T00:19:03.899-03:00  INFO 10892 --- [ecommerce] [scheduling-1] c.d.e.service.SincronizacaoService       : Lendo VW_ECOMMERCE_PRECOS no banco de dados...
2026-09-12T00:19:03.963-03:00  INFO 10892 --- [ecommerce] [scheduling-1] c.d.e.service.SincronizacaoService       : Ciclo finalizado. Total de atualizações enviadas: 0
2026-09-12T00:20:00.004-03:00  INFO 10892 --- [ecommerce] [scheduling-1] c.d.e.s.SincronizacaoEstoqueService      : [ESTOQUE] Lendo VW_ECOMMERCE_ESTOQUE no banco de dados...
2026-09-12T00:21:06.967-03:00  INFO 10892 --- [ecommerce] [scheduling-1] c.d.e.s.SincronizacaoEstoqueService      : [ESTOQUE] Ciclo finalizado. Total de atualizações enviadas: 0
2026-09-12T00:21:06.967-03:00  INFO 10892 --- [ecommerce] [scheduling-1] c.d.e.service.SincronizacaoService       : Lendo VW_ECOMMERCE_PRECOS no banco de dados...
2026-09-12T00:21:07.047-03:00  INFO 10892 --- [ecommerce] [scheduling-1] c.d.e.service.SincronizacaoService       : Ciclo finalizado. Total de atualizações enviadas: 0
2026-09-12T00:22:00.018-03:00  INFO 10892 --- [ecommerce] [scheduling-1] c.d.e.s.SincronizacaoEstoqueService      : [ESTOQUE] Lendo VW_ECOMMERCE_ESTOQUE no banco de dados...
2026-09-12T00:23:04.219-03:00  INFO 10892 --- [ecommerce] [scheduling-1] c.d.e.s.SincronizacaoEstoqueService      : [ESTOQUE] Ciclo finalizado. Total de atualizações enviadas: 0
2026-09-12T00:23:04.219-03:00  INFO 10892 --- [ecommerce] [scheduling-1] c.d.e.service.SincronizacaoService       : Lendo VW_ECOMMERCE_PRECOS no banco de dados...
2026-09-12T00:23:04.290-03:00  INFO 10892 --- [ecommerce] [scheduling-1] c.d.e.service.SincronizacaoService       : Ciclo finalizado. Total de atualizações enviadas: 0
2026-09-12T00:24:00.005-03:00  INFO 10892 --- [ecommerce] [scheduling-1] c.d.e.service.SincronizacaoService       : Lendo VW_ECOMMERCE_PRECOS no banco de dados...
2026-09-12T00:24:00.072-03:00  INFO 10892 --- [ecommerce] [scheduling-1] c.d.e.service.SincronizacaoService       : Ciclo finalizado. Total de atualizações enviadas: 0
2026-09-12T00:24:00.072-03:00  INFO 10892 --- [ecommerce] [scheduling-1] c.d.e.s.SincronizacaoEstoqueService      : [ESTOQUE] Lendo VW_ECOMMERCE_ESTOQUE no banco de dados...
2026-09-12T00:25:04.645-03:00  INFO 10892 --- [ecommerce] [scheduling-1] c.d.e.s.SincronizacaoEstoqueService      : [ESTOQUE] Ciclo finalizado. Total de atualizações enviadas: 0
2026-09-12T00:25:04.645-03:00  INFO 10892 --- [ecommerce] [scheduling-1] c.d.e.service.SincronizacaoService       : Lendo VW_ECOMMERCE_PRECOS no banco de dados...
2026-09-12T00:25:04.757-03:00  INFO 10892 --- [ecommerce] [scheduling-1] c.d.e.service.SincronizacaoService       : Ciclo finalizado. Total de atualizações enviadas: 0
2026-09-12T00:26:00.001-03:00  INFO 10892 --- [ecommerce] [scheduling-1] c.d.e.service.SincronizacaoService       : Lendo VW_ECOMMERCE_PRECOS no banco de dados...
2026-09-12T00:26:00.070-03:00  INFO 10892 --- [ecommerce] [scheduling-1] c.d.e.service.SincronizacaoService       : Ciclo finalizado. Total de atualizações enviadas: 0
2026-09-12T00:26:00.070-03:00  INFO 10892 --- [ecommerce] [scheduling-1] c.d.e.s.SincronizacaoEstoqueService      : [ESTOQUE] Lendo VW_ECOMMERCE_ESTOQUE no banco de dados...
2026-09-12T00:27:02.617-03:00  INFO 10892 --- [ecommerce] [scheduling-1] c.d.e.s.SincronizacaoEstoqueService      : [ESTOQUE] Ciclo finalizado. Total de atualizações enviadas: 0
2026-09-12T00:27:02.617-03:00  INFO 10892 --- [ecommerce] [scheduling-1] c.d.e.service.SincronizacaoService       : Lendo VW_ECOMMERCE_PRECOS no banco de dados...
2026-09-12T00:27:02.679-03:00  INFO 10892 --- [ecommerce] [scheduling-1] c.d.e.service.SincronizacaoService       : Ciclo finalizado. Total de atualizações enviadas: 0
2026-09-12T00:28:00.011-03:00  INFO 10892 --- [ecommerce] [scheduling-1] c.d.e.s.SincronizacaoEstoqueService      : [ESTOQUE] Lendo VW_ECOMMERCE_ESTOQUE no banco de dados...
2026-09-12T00:28:28.305-03:00  INFO 10892 --- [ecommerce] [scheduling-1] c.d.e.s.SincronizacaoEstoqueService      : [ESTOQUE] Ciclo finalizado. Total de atualizações enviadas: 0
2026-09-12T00:28:28.317-03:00  INFO 10892 --- [ecommerce] [scheduling-1] c.d.e.service.SincronizacaoService       : Lendo VW_ECOMMERCE_PRECOS no banco de dados...
2026-09-12T00:28:28.461-03:00  INFO 10892 --- [ecommerce] [scheduling-1] c.d.e.service.SincronizacaoService       : Ciclo finalizado. Total de atualizações enviadas: 0
2026-09-12T00:29:00.007-03:00  INFO 10892 --- [ecommerce] [scheduling-1] c.d.e.s.SincronizacaoEstoqueService      : [ESTOQUE] Lendo VW_ECOMMERCE_ESTOQUE no banco de dados...
2026-09-12T00:30:01.361-03:00  INFO 10892 --- [ecommerce] [scheduling-1] c.d.e.s.SincronizacaoEstoqueService      : [ESTOQUE] Ciclo finalizado. Total de atualizações enviadas: 0
2026-09-12T00:30:01.361-03:00  INFO 10892 --- [ecommerce] [scheduling-1] c.d.e.service.SincronizacaoService       : Lendo VW_ECOMMERCE_PRECOS no banco de dados...
2026-09-12T00:30:01.488-03:00  INFO 10892 --- [ecommerce] [scheduling-1] c.d.e.service.SincronizacaoService       : Ciclo finalizado. Total de atualizações enviadas: 0
2026-09-12T00:31:00.012-03:00  INFO 10892 --- [ecommerce] [scheduling-1] c.d.e.service.SincronizacaoService       : Lendo VW_ECOMMERCE_PRECOS no banco de dados...
2026-09-12T00:31:00.123-03:00  INFO 10892 --- [ecommerce] [scheduling-1] c.d.e.service.SincronizacaoService       : Ciclo finalizado. Total de atualizações enviadas: 0
2026-09-12T00:31:00.123-03:00  INFO 10892 --- [ecommerce] [scheduling-1] c.d.e.s.SincronizacaoEstoqueService      : [ESTOQUE] Lendo VW_ECOMMERCE_ESTOQUE no banco de dados...
2026-09-12T00:32:02.814-03:00  INFO 10892 --- [ecommerce] [scheduling-1] c.d.e.s.SincronizacaoEstoqueService      : [ESTOQUE] Ciclo finalizado. Total de atualizações enviadas: 0
2026-09-12T00:32:02.814-03:00  INFO 10892 --- [ecommerce] [scheduling-1] c.d.e.service.SincronizacaoService       : Lendo VW_ECOMMERCE_PRECOS no banco de dados...
2026-09-12T00:32:02.911-03:00  INFO 10892 --- [ecommerce] [scheduling-1] c.d.e.service.SincronizacaoService       : Ciclo finalizado. Total de atualizações enviadas: 0
2026-09-12T00:33:00.019-03:00  INFO 10892 --- [ecommerce] [scheduling-1] c.d.e.s.SincronizacaoEstoqueService      : [ESTOQUE] Lendo VW_ECOMMERCE_ESTOQUE no banco de dados...
2026-09-12T00:34:04.446-03:00  INFO 10892 --- [ecommerce] [scheduling-1] c.d.e.s.SincronizacaoEstoqueService      : [ESTOQUE] Ciclo finalizado. Total de atualizações enviadas: 0
2026-09-12T00:34:04.446-03:00  INFO 10892 --- [ecommerce] [scheduling-1] c.d.e.service.SincronizacaoService       : Lendo VW_ECOMMERCE_PRECOS no banco de dados...
2026-09-12T00:34:04.605-03:00  INFO 10892 --- [ecommerce] [scheduling-1] c.d.e.service.SincronizacaoService       : Ciclo finalizado. Total de atualizações enviadas: 0
2026-09-12T00:35:00.013-03:00  INFO 10892 --- [ecommerce] [scheduling-1] c.d.e.s.SincronizacaoEstoqueService      : [ESTOQUE] Lendo VW_ECOMMERCE_ESTOQUE no banco de dados...
2026-09-12T00:36:03.709-03:00  INFO 10892 --- [ecommerce] [scheduling-1] c.d.e.s.SincronizacaoEstoqueService      : [ESTOQUE] Ciclo finalizado. Total de atualizações enviadas: 0
2026-09-12T00:36:03.709-03:00  INFO 10892 --- [ecommerce] [scheduling-1] c.d.e.service.SincronizacaoService       : Lendo VW_ECOMMERCE_PRECOS no banco de dados...
2026-09-12T00:36:03.796-03:00  INFO 10892 --- [ecommerce] [scheduling-1] c.d.e.service.SincronizacaoService       : Ciclo finalizado. Total de atualizações enviadas: 0
2026-09-12T00:37:00.017-03:00  INFO 10892 --- [ecommerce] [scheduling-1] c.d.e.s.SincronizacaoEstoqueService      : [ESTOQUE] Lendo VW_ECOMMERCE_ESTOQUE no banco de dados...
2026-09-12T00:38:03.776-03:00  INFO 10892 --- [ecommerce] [scheduling-1] c.d.e.s.SincronizacaoEstoqueService      : [ESTOQUE] Ciclo finalizado. Total de atualizações enviadas: 0
2026-09-12T00:38:03.776-03:00  INFO 10892 --- [ecommerce] [scheduling-1] c.d.e.service.SincronizacaoService       : Lendo VW_ECOMMERCE_PRECOS no banco de dados...
2026-09-12T00:38:03.889-03:00  INFO 10892 --- [ecommerce] [scheduling-1] c.d.e.service.SincronizacaoService       : Ciclo finalizado. Total de atualizações enviadas: 0
2026-09-12T00:39:00.016-03:00  INFO 10892 --- [ecommerce] [scheduling-1] c.d.e.s.SincronizacaoEstoqueService      : [ESTOQUE] Lendo VW_ECOMMERCE_ESTOQUE no banco de dados...
2026-09-12T00:40:06.364-03:00  INFO 10892 --- [ecommerce] [scheduling-1] c.d.e.s.SincronizacaoEstoqueService      : [ESTOQUE] Ciclo finalizado. Total de atualizações enviadas: 0
2026-09-12T00:40:06.364-03:00  INFO 10892 --- [ecommerce] [scheduling-1] c.d.e.service.SincronizacaoService       : Lendo VW_ECOMMERCE_PRECOS no banco de dados...
2026-09-12T00:40:06.426-03:00  INFO 10892 --- [ecommerce] [scheduling-1] c.d.e.service.SincronizacaoService       : Ciclo finalizado. Total de atualizações enviadas: 0
2026-09-12T00:41:00.006-03:00  INFO 10892 --- [ecommerce] [scheduling-1] c.d.e.service.SincronizacaoService       : Lendo VW_ECOMMERCE_PRECOS no banco de dados...
2026-09-12T00:41:00.118-03:00  INFO 10892 --- [ecommerce] [scheduling-1] c.d.e.service.SincronizacaoService       : Ciclo finalizado. Total de atualizações enviadas: 0
2026-09-12T00:41:00.118-03:00  INFO 10892 --- [ecommerce] [scheduling-1] c.d.e.s.SincronizacaoEstoqueService      : [ESTOQUE] Lendo VW_ECOMMERCE_ESTOQUE no banco de dados...
2026-09-12T00:42:02.789-03:00  INFO 10892 --- [ecommerce] [scheduling-1] c.d.e.s.SincronizacaoEstoqueService      : [ESTOQUE] Ciclo finalizado. Total de atualizações enviadas: 0
2026-09-12T00:42:02.789-03:00  INFO 10892 --- [ecommerce] [scheduling-1] c.d.e.service.SincronizacaoService       : Lendo VW_ECOMMERCE_PRECOS no banco de dados...
2026-09-12T00:42:02.858-03:00  INFO 10892 --- [ecommerce] [scheduling-1] c.d.e.service.SincronizacaoService       : Ciclo finalizado. Total de atualizações enviadas: 0
2026-09-12T00:43:00.000-03:00  INFO 10892 --- [ecommerce] [scheduling-1] c.d.e.service.SincronizacaoService       : Lendo VW_ECOMMERCE_PRECOS no banco de dados...
2026-09-12T00:43:00.064-03:00  INFO 10892 --- [ecommerce] [scheduling-1] c.d.e.service.SincronizacaoService       : Ciclo finalizado. Total de atualizações enviadas: 0
2026-09-12T00:43:00.064-03:00  INFO 10892 --- [ecommerce] [scheduling-1] c.d.e.s.SincronizacaoEstoqueService      : [ESTOQUE] Lendo VW_ECOMMERCE_ESTOQUE no banco de dados...
2026-09-12T00:44:04.328-03:00  INFO 10892 --- [ecommerce] [scheduling-1] c.d.e.s.SincronizacaoEstoqueService      : [ESTOQUE] Ciclo finalizado. Total de atualizações enviadas: 0
2026-09-12T00:44:04.328-03:00  INFO 10892 --- [ecommerce] [scheduling-1] c.d.e.service.SincronizacaoService       : Lendo VW_ECOMMERCE_PRECOS no banco de dados...
2026-09-12T00:44:04.520-03:00  INFO 10892 --- [ecommerce] [scheduling-1] c.d.e.service.SincronizacaoService       : Ciclo finalizado. Total de atualizações enviadas: 0
2026-09-12T00:45:00.013-03:00  INFO 10892 --- [ecommerce] [scheduling-1] c.d.e.service.SincronizacaoService       : Lendo VW_ECOMMERCE_PRECOS no banco de dados...
2026-09-12T00:45:00.078-03:00  INFO 10892 --- [ecommerce] [scheduling-1] c.d.e.service.SincronizacaoService       : Ciclo finalizado. Total de atualizações enviadas: 0
2026-09-12T00:45:00.078-03:00  INFO 10892 --- [ecommerce] [scheduling-1] c.d.e.s.SincronizacaoEstoqueService      : [ESTOQUE] Lendo VW_ECOMMERCE_ESTOQUE no banco de dados...
2026-09-12T00:46:06.509-03:00  INFO 10892 --- [ecommerce] [scheduling-1] c.d.e.s.SincronizacaoEstoqueService      : [ESTOQUE] Ciclo finalizado. Total de atualizações enviadas: 0
2026-09-12T00:46:06.509-03:00  INFO 10892 --- [ecommerce] [scheduling-1] c.d.e.service.SincronizacaoService       : Lendo VW_ECOMMERCE_PRECOS no banco de dados...
2026-09-12T00:46:06.619-03:00  INFO 10892 --- [ecommerce] [scheduling-1] c.d.e.service.SincronizacaoService       : Ciclo finalizado. Total de atualizações enviadas: 0
2026-09-12T00:47:00.013-03:00  INFO 10892 --- [ecommerce] [scheduling-1] c.d.e.s.SincronizacaoEstoqueService      : [ESTOQUE] Lendo VW_ECOMMERCE_ESTOQUE no banco de dados...
2026-09-12T00:48:04.898-03:00  INFO 10892 --- [ecommerce] [scheduling-1] c.d.e.s.SincronizacaoEstoqueService      : [ESTOQUE] Ciclo finalizado. Total de atualizações enviadas: 0
2026-09-12T00:48:04.900-03:00  INFO 10892 --- [ecommerce] [scheduling-1] c.d.e.service.SincronizacaoService       : Lendo VW_ECOMMERCE_PRECOS no banco de dados...
2026-09-12T00:48:04.997-03:00  INFO 10892 --- [ecommerce] [scheduling-1] c.d.e.service.SincronizacaoService       : Ciclo finalizado. Total de atualizações enviadas: 0
2026-09-12T00:49:00.010-03:00  INFO 10892 --- [ecommerce] [scheduling-1] c.d.e.s.SincronizacaoEstoqueService      : [ESTOQUE] Lendo VW_ECOMMERCE_ESTOQUE no banco de dados...
2026-09-12T00:50:02.565-03:00  INFO 10892 --- [ecommerce] [scheduling-1] c.d.e.s.SincronizacaoEstoqueService      : [ESTOQUE] Ciclo finalizado. Total de atualizações enviadas: 0
2026-09-12T00:50:02.581-03:00  INFO 10892 --- [ecommerce] [scheduling-1] c.d.e.service.SincronizacaoService       : Lendo VW_ECOMMERCE_PRECOS no banco de dados...
2026-09-12T00:50:02.698-03:00  INFO 10892 --- [ecommerce] [scheduling-1] c.d.e.service.SincronizacaoService       : Ciclo finalizado. Total de atualizações enviadas: 0
2026-09-12T00:51:00.004-03:00  INFO 10892 --- [ecommerce] [scheduling-1] c.d.e.service.SincronizacaoService       : Lendo VW_ECOMMERCE_PRECOS no banco de dados...
2026-09-12T00:51:00.086-03:00  INFO 10892 --- [ecommerce] [scheduling-1] c.d.e.service.SincronizacaoService       : Ciclo finalizado. Total de atualizações enviadas: 0
2026-09-12T00:51:00.086-03:00  INFO 10892 --- [ecommerce] [scheduling-1] c.d.e.s.SincronizacaoEstoqueService      : [ESTOQUE] Lendo VW_ECOMMERCE_ESTOQUE no banco de dados...
2026-09-12T00:51:53.011-03:00  INFO 10892 --- [ecommerce] [scheduling-1] c.d.e.s.SincronizacaoEstoqueService      : [ESTOQUE] Ciclo finalizado. Total de atualizações enviadas: 0
2026-09-12T00:52:00.005-03:00  INFO 10892 --- [ecommerce] [scheduling-1] c.d.e.s.SincronizacaoEstoqueService      : [ESTOQUE] Lendo VW_ECOMMERCE_ESTOQUE no banco de dados...
2026-09-12T00:53:02.779-03:00  INFO 10892 --- [ecommerce] [scheduling-1] c.d.e.s.SincronizacaoEstoqueService      : [ESTOQUE] Ciclo finalizado. Total de atualizações enviadas: 0
2026-09-12T00:53:02.779-03:00  INFO 10892 --- [ecommerce] [scheduling-1] c.d.e.service.SincronizacaoService       : Lendo VW_ECOMMERCE_PRECOS no banco de dados...
2026-09-12T00:53:02.865-03:00  INFO 10892 --- [ecommerce] [scheduling-1] c.d.e.service.SincronizacaoService       : Ciclo finalizado. Total de atualizações enviadas: 0
2026-09-12T00:54:00.008-03:00  INFO 10892 --- [ecommerce] [scheduling-1] c.d.e.s.SincronizacaoEstoqueService      : [ESTOQUE] Lendo VW_ECOMMERCE_ESTOQUE no banco de dados...
2026-09-12T00:55:00.203-03:00  INFO 10892 --- [ecommerce] [scheduling-1] c.d.e.s.SincronizacaoEstoqueService      : [ESTOQUE] Ciclo finalizado. Total de atualizações enviadas: 0
2026-09-12T00:55:00.219-03:00  INFO 10892 --- [ecommerce] [scheduling-1] c.d.e.service.SincronizacaoService       : Lendo VW_ECOMMERCE_PRECOS no banco de dados...
2026-09-12T00:55:00.416-03:00  INFO 10892 --- [ecommerce] [scheduling-1] c.d.e.service.SincronizacaoService       : Ciclo finalizado. Total de atualizações enviadas: 0
2026-09-12T00:56:00.011-03:00  INFO 10892 --- [ecommerce] [scheduling-1] c.d.e.s.SincronizacaoEstoqueService      : [ESTOQUE] Lendo VW_ECOMMERCE_ESTOQUE no banco de dados...
2026-09-12T00:57:02.662-03:00  INFO 10892 --- [ecommerce] [scheduling-1] c.d.e.s.SincronizacaoEstoqueService      : [ESTOQUE] Ciclo finalizado. Total de atualizações enviadas: 0
2026-09-12T00:57:02.663-03:00  INFO 10892 --- [ecommerce] [scheduling-1] c.d.e.service.SincronizacaoService       : Lendo VW_ECOMMERCE_PRECOS no banco de dados...
2026-09-12T00:57:02.790-03:00  INFO 10892 --- [ecommerce] [scheduling-1] c.d.e.service.SincronizacaoService       : Ciclo finalizado. Total de atualizações enviadas: 0
2026-09-12T00:58:00.000-03:00  INFO 10892 --- [ecommerce] [scheduling-1] c.d.e.s.SincronizacaoEstoqueService      : [ESTOQUE] Lendo VW_ECOMMERCE_ESTOQUE no banco de dados...
2026-09-12T00:59:03.480-03:00  INFO 10892 --- [ecommerce] [scheduling-1] c.d.e.s.SincronizacaoEstoqueService      : [ESTOQUE] Ciclo finalizado. Total de atualizações enviadas: 0
2026-09-12T00:59:03.480-03:00  INFO 10892 --- [ecommerce] [scheduling-1] c.d.e.service.SincronizacaoService       : Lendo VW_ECOMMERCE_PRECOS no banco de dados...
2026-09-12T00:59:03.544-03:00  INFO 10892 --- [ecommerce] [scheduling-1] c.d.e.service.SincronizacaoService       : Ciclo finalizado. Total de atualizações enviadas: 0
2026-09-12T01:00:00.012-03:00  INFO 10892 --- [ecommerce] [scheduling-1] c.d.e.service.SincronizacaoService       : Lendo VW_ECOMMERCE_PRECOS no banco de dados...
2026-09-12T01:00:00.124-03:00  INFO 10892 --- [ecommerce] [scheduling-1] c.d.e.service.SincronizacaoService       : Ciclo finalizado. Total de atualizações enviadas: 0
2026-09-12T01:00:00.124-03:00  INFO 10892 --- [ecommerce] [scheduling-1] c.d.e.s.SincronizacaoEstoqueService      : [ESTOQUE] Lendo VW_ECOMMERCE_ESTOQUE no banco de dados...
2026-09-12T01:01:02.469-03:00  INFO 10892 --- [ecommerce] [scheduling-1] c.d.e.s.SincronizacaoEstoqueService      : [ESTOQUE] Ciclo finalizado. Total de atualizações enviadas: 0
2026-09-12T01:01:02.469-03:00  INFO 10892 --- [ecommerce] [scheduling-1] c.d.e.service.SincronizacaoService       : Lendo VW_ECOMMERCE_PRECOS no banco de dados...
2026-09-12T01:01:02.546-03:00  INFO 10892 --- [ecommerce] [scheduling-1] c.d.e.service.SincronizacaoService       : Ciclo finalizado. Total de atualizações enviadas: 0
2026-09-12T01:02:00.006-03:00  INFO 10892 --- [ecommerce] [scheduling-1] c.d.e.service.SincronizacaoService       : Lendo VW_ECOMMERCE_PRECOS no banco de dados...
2026-09-12T01:02:00.135-03:00  INFO 10892 --- [ecommerce] [scheduling-1] c.d.e.service.SincronizacaoService       : Ciclo finalizado. Total de atualizações enviadas: 0
2026-09-12T01:02:00.151-03:00  INFO 10892 --- [ecommerce] [scheduling-1] c.d.e.s.SincronizacaoEstoqueService      : [ESTOQUE] Lendo VW_ECOMMERCE_ESTOQUE no banco de dados...
2026-09-12T01:03:02.300-03:00  INFO 10892 --- [ecommerce] [scheduling-1] c.d.e.s.SincronizacaoEstoqueService      : [ESTOQUE] Ciclo finalizado. Total de atualizações enviadas: 0
2026-09-12T01:03:02.301-03:00  INFO 10892 --- [ecommerce] [scheduling-1] c.d.e.service.SincronizacaoService       : Lendo VW_ECOMMERCE_PRECOS no banco de dados...
2026-09-12T01:03:02.379-03:00  INFO 10892 --- [ecommerce] [scheduling-1] c.d.e.service.SincronizacaoService       : Ciclo finalizado. Total de atualizações enviadas: 0
2026-09-12T01:04:00.008-03:00  INFO 10892 --- [ecommerce] [scheduling-1] c.d.e.s.SincronizacaoEstoqueService      : [ESTOQUE] Lendo VW_ECOMMERCE_ESTOQUE no banco de dados...
2026-09-12T01:05:07.398-03:00  INFO 10892 --- [ecommerce] [scheduling-1] c.d.e.s.SincronizacaoEstoqueService      : [ESTOQUE] Ciclo finalizado. Total de atualizações enviadas: 0
2026-09-12T01:05:07.398-03:00  INFO 10892 --- [ecommerce] [scheduling-1] c.d.e.service.SincronizacaoService       : Lendo VW_ECOMMERCE_PRECOS no banco de dados...
2026-09-12T01:05:07.696-03:00  INFO 10892 --- [ecommerce] [scheduling-1] c.d.e.service.SincronizacaoService       : Ciclo finalizado. Total de atualizações enviadas: 0
2026-09-12T01:06:00.014-03:00  INFO 10892 --- [ecommerce] [scheduling-1] c.d.e.s.SincronizacaoEstoqueService      : [ESTOQUE] Lendo VW_ECOMMERCE_ESTOQUE no banco de dados...
2026-09-12T01:07:05.472-03:00  INFO 10892 --- [ecommerce] [scheduling-1] c.d.e.s.SincronizacaoEstoqueService      : [ESTOQUE] Ciclo finalizado. Total de atualizações enviadas: 0
2026-09-12T01:07:05.472-03:00  INFO 10892 --- [ecommerce] [scheduling-1] c.d.e.service.SincronizacaoService       : Lendo VW_ECOMMERCE_PRECOS no banco de dados...
2026-09-12T01:07:05.562-03:00  INFO 10892 --- [ecommerce] [scheduling-1] c.d.e.service.SincronizacaoService       : Ciclo finalizado. Total de atualizações enviadas: 0
2026-09-12T01:08:00.002-03:00  INFO 10892 --- [ecommerce] [scheduling-1] c.d.e.service.SincronizacaoService       : Lendo VW_ECOMMERCE_PRECOS no banco de dados...
2026-09-12T01:08:00.098-03:00  INFO 10892 --- [ecommerce] [scheduling-1] c.d.e.service.SincronizacaoService       : Ciclo finalizado. Total de atualizações enviadas: 0
2026-09-12T01:08:00.098-03:00  INFO 10892 --- [ecommerce] [scheduling-1] c.d.e.s.SincronizacaoEstoqueService      : [ESTOQUE] Lendo VW_ECOMMERCE_ESTOQUE no banco de dados...
2026-09-12T01:09:04.257-03:00  INFO 10892 --- [ecommerce] [scheduling-1] c.d.e.s.SincronizacaoEstoqueService      : [ESTOQUE] Ciclo finalizado. Total de atualizações enviadas: 0
2026-09-12T01:09:04.257-03:00  INFO 10892 --- [ecommerce] [scheduling-1] c.d.e.service.SincronizacaoService       : Lendo VW_ECOMMERCE_PRECOS no banco de dados...
2026-09-12T01:09:04.353-03:00  INFO 10892 --- [ecommerce] [scheduling-1] c.d.e.service.SincronizacaoService       : Ciclo finalizado. Total de atualizações enviadas: 0
2026-09-12T01:10:00.007-03:00  INFO 10892 --- [ecommerce] [scheduling-1] c.d.e.service.SincronizacaoService       : Lendo VW_ECOMMERCE_PRECOS no banco de dados...
2026-09-12T01:10:00.106-03:00  INFO 10892 --- [ecommerce] [scheduling-1] c.d.e.service.SincronizacaoService       : Ciclo finalizado. Total de atualizações enviadas: 0
2026-09-12T01:10:00.106-03:00  INFO 10892 --- [ecommerce] [scheduling-1] c.d.e.s.SincronizacaoEstoqueService      : [ESTOQUE] Lendo VW_ECOMMERCE_ESTOQUE no banco de dados...
2026-09-12T01:11:06.252-03:00  INFO 10892 --- [ecommerce] [scheduling-1] c.d.e.s.SincronizacaoEstoqueService      : [ESTOQUE] Ciclo finalizado. Total de atualizações enviadas: 0
2026-09-12T01:11:06.252-03:00  INFO 10892 --- [ecommerce] [scheduling-1] c.d.e.service.SincronizacaoService       : Lendo VW_ECOMMERCE_PRECOS no banco de dados...
2026-09-12T01:11:06.359-03:00  INFO 10892 --- [ecommerce] [scheduling-1] c.d.e.service.SincronizacaoService       : Ciclo finalizado. Total de atualizações enviadas: 0
2026-09-12T01:12:00.005-03:00  INFO 10892 --- [ecommerce] [scheduling-1] c.d.e.s.SincronizacaoEstoqueService      : [ESTOQUE] Lendo VW_ECOMMERCE_ESTOQUE no banco de dados...
2026-09-12T01:13:03.003-03:00  INFO 10892 --- [ecommerce] [scheduling-1] c.d.e.s.SincronizacaoEstoqueService      : [ESTOQUE] Ciclo finalizado. Total de atualizações enviadas: 0
2026-09-12T01:13:03.003-03:00  INFO 10892 --- [ecommerce] [scheduling-1] c.d.e.service.SincronizacaoService       : Lendo VW_ECOMMERCE_PRECOS no banco de dados...
2026-09-12T01:13:03.123-03:00  INFO 10892 --- [ecommerce] [scheduling-1] c.d.e.service.SincronizacaoService       : Ciclo finalizado. Total de atualizações enviadas: 0
2026-09-12T01:14:00.008-03:00  INFO 10892 --- [ecommerce] [scheduling-1] c.d.e.service.SincronizacaoService       : Lendo VW_ECOMMERCE_PRECOS no banco de dados...
2026-09-12T01:14:00.121-03:00  INFO 10892 --- [ecommerce] [scheduling-1] c.d.e.service.SincronizacaoService       : Ciclo finalizado. Total de atualizações enviadas: 0
2026-09-12T01:14:00.121-03:00  INFO 10892 --- [ecommerce] [scheduling-1] c.d.e.s.SincronizacaoEstoqueService      : [ESTOQUE] Lendo VW_ECOMMERCE_ESTOQUE no banco de dados...
2026-09-12T01:15:04.260-03:00  INFO 10892 --- [ecommerce] [scheduling-1] c.d.e.s.SincronizacaoEstoqueService      : [ESTOQUE] Ciclo finalizado. Total de atualizações enviadas: 0
2026-09-12T01:15:04.260-03:00  INFO 10892 --- [ecommerce] [scheduling-1] c.d.e.service.SincronizacaoService       : Lendo VW_ECOMMERCE_PRECOS no banco de dados...
2026-09-12T01:15:04.445-03:00  INFO 10892 --- [ecommerce] [scheduling-1] c.d.e.service.SincronizacaoService       : Ciclo finalizado. Total de atualizações enviadas: 0
2026-09-12T01:16:00.012-03:00  INFO 10892 --- [ecommerce] [scheduling-1] c.d.e.service.SincronizacaoService       : Lendo VW_ECOMMERCE_PRECOS no banco de dados...
2026-09-12T01:16:00.143-03:00  INFO 10892 --- [ecommerce] [scheduling-1] c.d.e.service.SincronizacaoService       : Ciclo finalizado. Total de atualizações enviadas: 0
2026-09-12T01:16:00.143-03:00  INFO 10892 --- [ecommerce] [scheduling-1] c.d.e.s.SincronizacaoEstoqueService      : [ESTOQUE] Lendo VW_ECOMMERCE_ESTOQUE no banco de dados...
2026-09-12T01:17:05.969-03:00  INFO 10892 --- [ecommerce] [scheduling-1] c.d.e.s.SincronizacaoEstoqueService      : [ESTOQUE] Ciclo finalizado. Total de atualizações enviadas: 0
2026-09-12T01:17:05.969-03:00  INFO 10892 --- [ecommerce] [scheduling-1] c.d.e.service.SincronizacaoService       : Lendo VW_ECOMMERCE_PRECOS no banco de dados...
2026-09-12T01:17:06.062-03:00  INFO 10892 --- [ecommerce] [scheduling-1] c.d.e.service.SincronizacaoService       : Ciclo finalizado. Total de atualizações enviadas: 0
2026-09-12T01:18:00.014-03:00  INFO 10892 --- [ecommerce] [scheduling-1] c.d.e.s.SincronizacaoEstoqueService      : [ESTOQUE] Lendo VW_ECOMMERCE_ESTOQUE no banco de dados...
2026-09-12T01:19:02.935-03:00  INFO 10892 --- [ecommerce] [scheduling-1] c.d.e.s.SincronizacaoEstoqueService      : [ESTOQUE] Ciclo finalizado. Total de atualizações enviadas: 0
2026-09-12T01:19:02.935-03:00  INFO 10892 --- [ecommerce] [scheduling-1] c.d.e.service.SincronizacaoService       : Lendo VW_ECOMMERCE_PRECOS no banco de dados...
2026-09-12T01:19:03.042-03:00  INFO 10892 --- [ecommerce] [scheduling-1] c.d.e.service.SincronizacaoService       : Ciclo finalizado. Total de atualizações enviadas: 0
2026-09-12T01:20:00.002-03:00  INFO 10892 --- [ecommerce] [scheduling-1] c.d.e.service.SincronizacaoService       : Lendo VW_ECOMMERCE_PRECOS no banco de dados...
2026-09-12T01:20:00.100-03:00  INFO 10892 --- [ecommerce] [scheduling-1] c.d.e.service.SincronizacaoService       : Ciclo finalizado. Total de atualizações enviadas: 0
2026-09-12T01:20:00.100-03:00  INFO 10892 --- [ecommerce] [scheduling-1] c.d.e.s.SincronizacaoEstoqueService      : [ESTOQUE] Lendo VW_ECOMMERCE_ESTOQUE no banco de dados...
2026-09-12T01:21:05.860-03:00  INFO 10892 --- [ecommerce] [scheduling-1] c.d.e.s.SincronizacaoEstoqueService      : [ESTOQUE] Ciclo finalizado. Total de atualizações enviadas: 0
2026-09-12T01:21:05.862-03:00  INFO 10892 --- [ecommerce] [scheduling-1] c.d.e.service.SincronizacaoService       : Lendo VW_ECOMMERCE_PRECOS no banco de dados...
2026-09-12T01:21:05.979-03:00  INFO 10892 --- [ecommerce] [scheduling-1] c.d.e.service.SincronizacaoService       : Ciclo finalizado. Total de atualizações enviadas: 0
2026-09-12T01:22:00.013-03:00  INFO 10892 --- [ecommerce] [scheduling-1] c.d.e.s.SincronizacaoEstoqueService      : [ESTOQUE] Lendo VW_ECOMMERCE_ESTOQUE no banco de dados...
2026-09-12T01:23:04.195-03:00  INFO 10892 --- [ecommerce] [scheduling-1] c.d.e.s.SincronizacaoEstoqueService      : [ESTOQUE] Ciclo finalizado. Total de atualizações enviadas: 0
2026-09-12T01:23:04.195-03:00  INFO 10892 --- [ecommerce] [scheduling-1] c.d.e.service.SincronizacaoService       : Lendo VW_ECOMMERCE_PRECOS no banco de dados...
2026-09-12T01:23:04.308-03:00  INFO 10892 --- [ecommerce] [scheduling-1] c.d.e.service.SincronizacaoService       : Ciclo finalizado. Total de atualizações enviadas: 0
2026-09-12T01:24:00.014-03:00  INFO 10892 --- [ecommerce] [scheduling-1] c.d.e.service.SincronizacaoService       : Lendo VW_ECOMMERCE_PRECOS no banco de dados...
2026-09-12T01:24:00.080-03:00  INFO 10892 --- [ecommerce] [scheduling-1] c.d.e.service.SincronizacaoService       : Ciclo finalizado. Total de atualizações enviadas: 0
2026-09-12T01:24:00.080-03:00  INFO 10892 --- [ecommerce] [scheduling-1] c.d.e.s.SincronizacaoEstoqueService      : [ESTOQUE] Lendo VW_ECOMMERCE_ESTOQUE no banco de dados...
2026-09-12T01:25:01.230-03:00  INFO 10892 --- [ecommerce] [scheduling-1] c.d.e.s.SincronizacaoEstoqueService      : [ESTOQUE] Ciclo finalizado. Total de atualizações enviadas: 0
2026-09-12T01:25:01.230-03:00  INFO 10892 --- [ecommerce] [scheduling-1] c.d.e.service.SincronizacaoService       : Lendo VW_ECOMMERCE_PRECOS no banco de dados...
2026-09-12T01:25:01.342-03:00  INFO 10892 --- [ecommerce] [scheduling-1] c.d.e.service.SincronizacaoService       : Ciclo finalizado. Total de atualizações enviadas: 0
2026-09-12T01:26:00.015-03:00  INFO 10892 --- [ecommerce] [scheduling-1] c.d.e.service.SincronizacaoService       : Lendo VW_ECOMMERCE_PRECOS no banco de dados...
2026-09-12T01:26:00.081-03:00  INFO 10892 --- [ecommerce] [scheduling-1] c.d.e.service.SincronizacaoService       : Ciclo finalizado. Total de atualizações enviadas: 0
2026-09-12T01:26:00.081-03:00  INFO 10892 --- [ecommerce] [scheduling-1] c.d.e.s.SincronizacaoEstoqueService      : [ESTOQUE] Lendo VW_ECOMMERCE_ESTOQUE no banco de dados...
2026-09-12T01:27:04.637-03:00  INFO 10892 --- [ecommerce] [scheduling-1] c.d.e.s.SincronizacaoEstoqueService      : [ESTOQUE] Ciclo finalizado. Total de atualizações enviadas: 0
2026-09-12T01:27:04.637-03:00  INFO 10892 --- [ecommerce] [scheduling-1] c.d.e.service.SincronizacaoService       : Lendo VW_ECOMMERCE_PRECOS no banco de dados...
2026-09-12T01:27:04.745-03:00  INFO 10892 --- [ecommerce] [scheduling-1] c.d.e.service.SincronizacaoService       : Ciclo finalizado. Total de atualizações enviadas: 0
2026-09-12T01:28:00.019-03:00  INFO 10892 --- [ecommerce] [scheduling-1] c.d.e.s.SincronizacaoEstoqueService      : [ESTOQUE] Lendo VW_ECOMMERCE_ESTOQUE no banco de dados...
2026-09-12T01:29:03.379-03:00  INFO 10892 --- [ecommerce] [scheduling-1] c.d.e.s.SincronizacaoEstoqueService      : [ESTOQUE] Ciclo finalizado. Total de atualizações enviadas: 0
2026-09-12T01:29:03.379-03:00  INFO 10892 --- [ecommerce] [scheduling-1] c.d.e.service.SincronizacaoService       : Lendo VW_ECOMMERCE_PRECOS no banco de dados...
2026-09-12T01:29:03.442-03:00  INFO 10892 --- [ecommerce] [scheduling-1] c.d.e.service.SincronizacaoService       : Ciclo finalizado. Total de atualizações enviadas: 0
2026-09-12T01:30:00.006-03:00  INFO 10892 --- [ecommerce] [scheduling-1] c.d.e.s.SincronizacaoEstoqueService      : [ESTOQUE] Lendo VW_ECOMMERCE_ESTOQUE no banco de dados...
2026-09-12T01:31:02.953-03:00  INFO 10892 --- [ecommerce] [scheduling-1] c.d.e.s.SincronizacaoEstoqueService      : [ESTOQUE] Ciclo finalizado. Total de atualizações enviadas: 0
2026-09-12T01:31:02.953-03:00  INFO 10892 --- [ecommerce] [scheduling-1] c.d.e.service.SincronizacaoService       : Lendo VW_ECOMMERCE_PRECOS no banco de dados...
2026-09-12T01:31:03.060-03:00  INFO 10892 --- [ecommerce] [scheduling-1] c.d.e.service.SincronizacaoService       : Ciclo finalizado. Total de atualizações enviadas: 0
2026-09-12T01:32:00.009-03:00  INFO 10892 --- [ecommerce] [scheduling-1] c.d.e.service.SincronizacaoService       : Lendo VW_ECOMMERCE_PRECOS no banco de dados...
2026-09-12T01:32:00.123-03:00  INFO 10892 --- [ecommerce] [scheduling-1] c.d.e.service.SincronizacaoService       : Ciclo finalizado. Total de atualizações enviadas: 0
2026-09-12T01:32:00.123-03:00  INFO 10892 --- [ecommerce] [scheduling-1] c.d.e.s.SincronizacaoEstoqueService      : [ESTOQUE] Lendo VW_ECOMMERCE_ESTOQUE no banco de dados...
2026-09-12T01:33:02.296-03:00  INFO 10892 --- [ecommerce] [scheduling-1] c.d.e.s.SincronizacaoEstoqueService      : [ESTOQUE] Ciclo finalizado. Total de atualizações enviadas: 0
2026-09-12T01:33:02.296-03:00  INFO 10892 --- [ecommerce] [scheduling-1] c.d.e.service.SincronizacaoService       : Lendo VW_ECOMMERCE_PRECOS no banco de dados...
2026-09-12T01:33:02.418-03:00  INFO 10892 --- [ecommerce] [scheduling-1] c.d.e.service.SincronizacaoService       : Ciclo finalizado. Total de atualizações enviadas: 0
2026-09-12T01:34:00.010-03:00  INFO 10892 --- [ecommerce] [scheduling-1] c.d.e.service.SincronizacaoService       : Lendo VW_ECOMMERCE_PRECOS no banco de dados...
2026-09-12T01:34:00.137-03:00  INFO 10892 --- [ecommerce] [scheduling-1] c.d.e.service.SincronizacaoService       : Ciclo finalizado. Total de atualizações enviadas: 0
2026-09-12T01:34:00.137-03:00  INFO 10892 --- [ecommerce] [scheduling-1] c.d.e.s.SincronizacaoEstoqueService      : [ESTOQUE] Lendo VW_ECOMMERCE_ESTOQUE no banco de dados...
2026-09-12T01:35:04.341-03:00  INFO 10892 --- [ecommerce] [scheduling-1] c.d.e.s.SincronizacaoEstoqueService      : [ESTOQUE] Ciclo finalizado. Total de atualizações enviadas: 0
2026-09-12T01:35:04.341-03:00  INFO 10892 --- [ecommerce] [scheduling-1] c.d.e.service.SincronizacaoService       : Lendo VW_ECOMMERCE_PRECOS no banco de dados...
2026-09-12T01:35:04.452-03:00  INFO 10892 --- [ecommerce] [scheduling-1] c.d.e.service.SincronizacaoService       : Ciclo finalizado. Total de atualizações enviadas: 0
2026-09-12T01:36:00.003-03:00  INFO 10892 --- [ecommerce] [scheduling-1] c.d.e.s.SincronizacaoEstoqueService      : [ESTOQUE] Lendo VW_ECOMMERCE_ESTOQUE no banco de dados...
2026-09-12T01:37:03.799-03:00  INFO 10892 --- [ecommerce] [scheduling-1] c.d.e.s.SincronizacaoEstoqueService      : [ESTOQUE] Ciclo finalizado. Total de atualizações enviadas: 0
2026-09-12T01:37:03.801-03:00  INFO 10892 --- [ecommerce] [scheduling-1] c.d.e.service.SincronizacaoService       : Lendo VW_ECOMMERCE_PRECOS no banco de dados...
2026-09-12T01:37:03.877-03:00  INFO 10892 --- [ecommerce] [scheduling-1] c.d.e.service.SincronizacaoService       : Ciclo finalizado. Total de atualizações enviadas: 0
2026-09-12T01:38:00.014-03:00  INFO 10892 --- [ecommerce] [scheduling-1] c.d.e.s.SincronizacaoEstoqueService      : [ESTOQUE] Lendo VW_ECOMMERCE_ESTOQUE no banco de dados...
2026-09-12T01:39:04.278-03:00  INFO 10892 --- [ecommerce] [scheduling-1] c.d.e.s.SincronizacaoEstoqueService      : [ESTOQUE] Ciclo finalizado. Total de atualizações enviadas: 0
2026-09-12T01:39:04.278-03:00  INFO 10892 --- [ecommerce] [scheduling-1] c.d.e.service.SincronizacaoService       : Lendo VW_ECOMMERCE_PRECOS no banco de dados...
2026-09-12T01:39:04.350-03:00  INFO 10892 --- [ecommerce] [scheduling-1] c.d.e.service.SincronizacaoService       : Ciclo finalizado. Total de atualizações enviadas: 0
2026-09-12T01:40:00.004-03:00  INFO 10892 --- [ecommerce] [scheduling-1] c.d.e.service.SincronizacaoService       : Lendo VW_ECOMMERCE_PRECOS no banco de dados...
2026-09-12T01:40:00.079-03:00  INFO 10892 --- [ecommerce] [scheduling-1] c.d.e.service.SincronizacaoService       : Ciclo finalizado. Total de atualizações enviadas: 0
2026-09-12T01:40:00.079-03:00  INFO 10892 --- [ecommerce] [scheduling-1] c.d.e.s.SincronizacaoEstoqueService      : [ESTOQUE] Lendo VW_ECOMMERCE_ESTOQUE no banco de dados...
2026-09-12T01:41:03.162-03:00  INFO 10892 --- [ecommerce] [scheduling-1] c.d.e.s.SincronizacaoEstoqueService      : [ESTOQUE] Ciclo finalizado. Total de atualizações enviadas: 0
2026-09-12T01:41:03.164-03:00  INFO 10892 --- [ecommerce] [scheduling-1] c.d.e.service.SincronizacaoService       : Lendo VW_ECOMMERCE_PRECOS no banco de dados...
2026-09-12T01:41:03.217-03:00  INFO 10892 --- [ecommerce] [scheduling-1] c.d.e.service.SincronizacaoService       : Ciclo finalizado. Total de atualizações enviadas: 0
2026-09-12T01:42:00.004-03:00  INFO 10892 --- [ecommerce] [scheduling-1] c.d.e.s.SincronizacaoEstoqueService      : [ESTOQUE] Lendo VW_ECOMMERCE_ESTOQUE no banco de dados...
2026-09-12T01:43:01.944-03:00  INFO 10892 --- [ecommerce] [scheduling-1] c.d.e.s.SincronizacaoEstoqueService      : [ESTOQUE] Ciclo finalizado. Total de atualizações enviadas: 0
2026-09-12T01:43:01.944-03:00  INFO 10892 --- [ecommerce] [scheduling-1] c.d.e.service.SincronizacaoService       : Lendo VW_ECOMMERCE_PRECOS no banco de dados...
2026-09-12T01:43:02.009-03:00  INFO 10892 --- [ecommerce] [scheduling-1] c.d.e.service.SincronizacaoService       : Ciclo finalizado. Total de atualizações enviadas: 0
2026-09-12T01:44:00.003-03:00  INFO 10892 --- [ecommerce] [scheduling-1] c.d.e.service.SincronizacaoService       : Lendo VW_ECOMMERCE_PRECOS no banco de dados...
2026-09-12T01:44:00.121-03:00  INFO 10892 --- [ecommerce] [scheduling-1] c.d.e.service.SincronizacaoService       : Ciclo finalizado. Total de atualizações enviadas: 0
2026-09-12T01:44:00.121-03:00  INFO 10892 --- [ecommerce] [scheduling-1] c.d.e.s.SincronizacaoEstoqueService      : [ESTOQUE] Lendo VW_ECOMMERCE_ESTOQUE no banco de dados...
2026-09-12T01:45:02.672-03:00  INFO 10892 --- [ecommerce] [scheduling-1] c.d.e.s.SincronizacaoEstoqueService      : [ESTOQUE] Ciclo finalizado. Total de atualizações enviadas: 0
2026-09-12T01:45:02.672-03:00  INFO 10892 --- [ecommerce] [scheduling-1] c.d.e.service.SincronizacaoService       : Lendo VW_ECOMMERCE_PRECOS no banco de dados...
2026-09-12T01:45:02.796-03:00  INFO 10892 --- [ecommerce] [scheduling-1] c.d.e.service.SincronizacaoService       : Ciclo finalizado. Total de atualizações enviadas: 0
2026-09-12T01:46:00.005-03:00  INFO 10892 --- [ecommerce] [scheduling-1] c.d.e.service.SincronizacaoService       : Lendo VW_ECOMMERCE_PRECOS no banco de dados...
2026-09-12T01:46:00.134-03:00  INFO 10892 --- [ecommerce] [scheduling-1] c.d.e.service.SincronizacaoService       : Ciclo finalizado. Total de atualizações enviadas: 0
2026-09-12T01:46:00.134-03:00  INFO 10892 --- [ecommerce] [scheduling-1] c.d.e.s.SincronizacaoEstoqueService      : [ESTOQUE] Lendo VW_ECOMMERCE_ESTOQUE no banco de dados...
2026-09-12T01:47:08.053-03:00  INFO 10892 --- [ecommerce] [scheduling-1] c.d.e.s.SincronizacaoEstoqueService      : [ESTOQUE] Ciclo finalizado. Total de atualizações enviadas: 0
2026-09-12T01:47:08.053-03:00  INFO 10892 --- [ecommerce] [scheduling-1] c.d.e.service.SincronizacaoService       : Lendo VW_ECOMMERCE_PRECOS no banco de dados...
2026-09-12T01:47:08.127-03:00  INFO 10892 --- [ecommerce] [scheduling-1] c.d.e.service.SincronizacaoService       : Ciclo finalizado. Total de atualizações enviadas: 0
2026-09-12T01:48:00.011-03:00  INFO 10892 --- [ecommerce] [scheduling-1] c.d.e.s.SincronizacaoEstoqueService      : [ESTOQUE] Lendo VW_ECOMMERCE_ESTOQUE no banco de dados...
2026-09-12T01:49:03.506-03:00  INFO 10892 --- [ecommerce] [scheduling-1] c.d.e.s.SincronizacaoEstoqueService      : [ESTOQUE] Ciclo finalizado. Total de atualizações enviadas: 0
2026-09-12T01:49:03.506-03:00  INFO 10892 --- [ecommerce] [scheduling-1] c.d.e.service.SincronizacaoService       : Lendo VW_ECOMMERCE_PRECOS no banco de dados...
2026-09-12T01:49:03.570-03:00  INFO 10892 --- [ecommerce] [scheduling-1] c.d.e.service.SincronizacaoService       : Ciclo finalizado. Total de atualizações enviadas: 0
2026-09-12T01:50:00.011-03:00  INFO 10892 --- [ecommerce] [scheduling-1] c.d.e.s.SincronizacaoEstoqueService      : [ESTOQUE] Lendo VW_ECOMMERCE_ESTOQUE no banco de dados...
2026-09-12T01:51:02.899-03:00  INFO 10892 --- [ecommerce] [scheduling-1] c.d.e.s.SincronizacaoEstoqueService      : [ESTOQUE] Ciclo finalizado. Total de atualizações enviadas: 0
2026-09-12T01:51:02.899-03:00  INFO 10892 --- [ecommerce] [scheduling-1] c.d.e.service.SincronizacaoService       : Lendo VW_ECOMMERCE_PRECOS no banco de dados...
2026-09-12T01:51:02.976-03:00  INFO 10892 --- [ecommerce] [scheduling-1] c.d.e.service.SincronizacaoService       : Ciclo finalizado. Total de atualizações enviadas: 0
2026-09-12T01:52:00.009-03:00  INFO 10892 --- [ecommerce] [scheduling-1] c.d.e.service.SincronizacaoService       : Lendo VW_ECOMMERCE_PRECOS no banco de dados...
2026-09-12T01:52:00.153-03:00  INFO 10892 --- [ecommerce] [scheduling-1] c.d.e.service.SincronizacaoService       : Ciclo finalizado. Total de atualizações enviadas: 0
2026-09-12T01:52:00.153-03:00  INFO 10892 --- [ecommerce] [scheduling-1] c.d.e.s.SincronizacaoEstoqueService      : [ESTOQUE] Lendo VW_ECOMMERCE_ESTOQUE no banco de dados...
2026-09-12T01:53:03.589-03:00  INFO 10892 --- [ecommerce] [scheduling-1] c.d.e.s.SincronizacaoEstoqueService      : [ESTOQUE] Ciclo finalizado. Total de atualizações enviadas: 0
2026-09-12T01:53:03.589-03:00  INFO 10892 --- [ecommerce] [scheduling-1] c.d.e.service.SincronizacaoService       : Lendo VW_ECOMMERCE_PRECOS no banco de dados...
2026-09-12T01:53:03.750-03:00  INFO 10892 --- [ecommerce] [scheduling-1] c.d.e.service.SincronizacaoService       : Ciclo finalizado. Total de atualizações enviadas: 0
2026-09-12T01:54:00.017-03:00  INFO 10892 --- [ecommerce] [scheduling-1] c.d.e.s.SincronizacaoEstoqueService      : [ESTOQUE] Lendo VW_ECOMMERCE_ESTOQUE no banco de dados...
2026-09-12T01:55:04.057-03:00  INFO 10892 --- [ecommerce] [scheduling-1] c.d.e.s.SincronizacaoEstoqueService      : [ESTOQUE] Ciclo finalizado. Total de atualizações enviadas: 0
2026-09-12T01:55:04.059-03:00  INFO 10892 --- [ecommerce] [scheduling-1] c.d.e.service.SincronizacaoService       : Lendo VW_ECOMMERCE_PRECOS no banco de dados...
2026-09-12T01:55:04.183-03:00  INFO 10892 --- [ecommerce] [scheduling-1] c.d.e.service.SincronizacaoService       : Ciclo finalizado. Total de atualizações enviadas: 0
2026-09-12T01:56:00.013-03:00  INFO 10892 --- [ecommerce] [scheduling-1] c.d.e.s.SincronizacaoEstoqueService      : [ESTOQUE] Lendo VW_ECOMMERCE_ESTOQUE no banco de dados...
2026-09-12T01:57:03.688-03:00  INFO 10892 --- [ecommerce] [scheduling-1] c.d.e.s.SincronizacaoEstoqueService      : [ESTOQUE] Ciclo finalizado. Total de atualizações enviadas: 0
2026-09-12T01:57:03.688-03:00  INFO 10892 --- [ecommerce] [scheduling-1] c.d.e.service.SincronizacaoService       : Lendo VW_ECOMMERCE_PRECOS no banco de dados...
2026-09-12T01:57:03.798-03:00  INFO 10892 --- [ecommerce] [scheduling-1] c.d.e.service.SincronizacaoService       : Ciclo finalizado. Total de atualizações enviadas: 0
2026-09-12T01:58:00.017-03:00  INFO 10892 --- [ecommerce] [scheduling-1] c.d.e.service.SincronizacaoService       : Lendo VW_ECOMMERCE_PRECOS no banco de dados...
2026-09-12T01:58:00.081-03:00  INFO 10892 --- [ecommerce] [scheduling-1] c.d.e.service.SincronizacaoService       : Ciclo finalizado. Total de atualizações enviadas: 0
2026-09-12T01:58:00.081-03:00  INFO 10892 --- [ecommerce] [scheduling-1] c.d.e.s.SincronizacaoEstoqueService      : [ESTOQUE] Lendo VW_ECOMMERCE_ESTOQUE no banco de dados...
2026-09-12T01:59:04.881-03:00  INFO 10892 --- [ecommerce] [scheduling-1] c.d.e.s.SincronizacaoEstoqueService      : [ESTOQUE] Ciclo finalizado. Total de atualizações enviadas: 0
2026-09-12T01:59:04.881-03:00  INFO 10892 --- [ecommerce] [scheduling-1] c.d.e.service.SincronizacaoService       : Lendo VW_ECOMMERCE_PRECOS no banco de dados...
2026-09-12T01:59:04.956-03:00  INFO 10892 --- [ecommerce] [scheduling-1] c.d.e.service.SincronizacaoService       : Ciclo finalizado. Total de atualizações enviadas: 0
2026-09-12T02:00:00.001-03:00  INFO 10892 --- [ecommerce] [scheduling-1] c.d.e.service.SincronizacaoService       : Lendo VW_ECOMMERCE_PRECOS no banco de dados...
2026-09-12T02:00:00.064-03:00  INFO 10892 --- [ecommerce] [scheduling-1] c.d.e.service.SincronizacaoService       : Ciclo finalizado. Total de atualizações enviadas: 0
2026-09-12T02:00:00.064-03:00  INFO 10892 --- [ecommerce] [scheduling-1] c.d.e.s.SincronizacaoEstoqueService      : [ESTOQUE] Lendo VW_ECOMMERCE_ESTOQUE no banco de dados...
2026-09-12T02:01:03.275-03:00  INFO 10892 --- [ecommerce] [scheduling-1] c.d.e.s.SincronizacaoEstoqueService      : [ESTOQUE] Ciclo finalizado. Total de atualizações enviadas: 0
2026-09-12T02:01:03.275-03:00  INFO 10892 --- [ecommerce] [scheduling-1] c.d.e.service.SincronizacaoService       : Lendo VW_ECOMMERCE_PRECOS no banco de dados...
2026-09-12T02:01:03.549-03:00  INFO 10892 --- [ecommerce] [scheduling-1] c.d.e.service.SincronizacaoService       : Ciclo finalizado. Total de atualizações enviadas: 0
2026-09-12T02:02:00.007-03:00  INFO 10892 --- [ecommerce] [scheduling-1] c.d.e.s.SincronizacaoEstoqueService      : [ESTOQUE] Lendo VW_ECOMMERCE_ESTOQUE no banco de dados...
2026-09-12T02:03:05.302-03:00  INFO 10892 --- [ecommerce] [scheduling-1] c.d.e.s.SincronizacaoEstoqueService      : [ESTOQUE] Ciclo finalizado. Total de atualizações enviadas: 0
2026-09-12T02:03:05.311-03:00  INFO 10892 --- [ecommerce] [scheduling-1] c.d.e.service.SincronizacaoService       : Lendo VW_ECOMMERCE_PRECOS no banco de dados...
2026-09-12T02:03:05.478-03:00  INFO 10892 --- [ecommerce] [scheduling-1] c.d.e.service.SincronizacaoService       : Ciclo finalizado. Total de atualizações enviadas: 0
2026-09-12T02:04:00.015-03:00  INFO 10892 --- [ecommerce] [scheduling-1] c.d.e.service.SincronizacaoService       : Lendo VW_ECOMMERCE_PRECOS no banco de dados...
2026-09-12T02:04:00.114-03:00  INFO 10892 --- [ecommerce] [scheduling-1] c.d.e.service.SincronizacaoService       : Ciclo finalizado. Total de atualizações enviadas: 0
2026-09-12T02:04:00.114-03:00  INFO 10892 --- [ecommerce] [scheduling-1] c.d.e.s.SincronizacaoEstoqueService      : [ESTOQUE] Lendo VW_ECOMMERCE_ESTOQUE no banco de dados...
2026-09-12T02:05:05.922-03:00  INFO 10892 --- [ecommerce] [scheduling-1] c.d.e.s.SincronizacaoEstoqueService      : [ESTOQUE] Ciclo finalizado. Total de atualizações enviadas: 0
2026-09-12T02:05:05.922-03:00  INFO 10892 --- [ecommerce] [scheduling-1] c.d.e.service.SincronizacaoService       : Lendo VW_ECOMMERCE_PRECOS no banco de dados...
2026-09-12T02:05:06.008-03:00  INFO 10892 --- [ecommerce] [scheduling-1] c.d.e.service.SincronizacaoService       : Ciclo finalizado. Total de atualizações enviadas: 0
2026-09-12T02:06:00.020-03:00  INFO 10892 --- [ecommerce] [scheduling-1] c.d.e.service.SincronizacaoService       : Lendo VW_ECOMMERCE_PRECOS no banco de dados...
2026-09-12T02:06:00.133-03:00  INFO 10892 --- [ecommerce] [scheduling-1] c.d.e.service.SincronizacaoService       : Ciclo finalizado. Total de atualizações enviadas: 0
2026-09-12T02:06:00.133-03:00  INFO 10892 --- [ecommerce] [scheduling-1] c.d.e.s.SincronizacaoEstoqueService      : [ESTOQUE] Lendo VW_ECOMMERCE_ESTOQUE no banco de dados...
2026-09-12T02:07:03.045-03:00  INFO 10892 --- [ecommerce] [scheduling-1] c.d.e.s.SincronizacaoEstoqueService      : [ESTOQUE] Ciclo finalizado. Total de atualizações enviadas: 0
2026-09-12T02:07:03.045-03:00  INFO 10892 --- [ecommerce] [scheduling-1] c.d.e.service.SincronizacaoService       : Lendo VW_ECOMMERCE_PRECOS no banco de dados...
2026-09-12T02:07:03.110-03:00  INFO 10892 --- [ecommerce] [scheduling-1] c.d.e.service.SincronizacaoService       : Ciclo finalizado. Total de atualizações enviadas: 0
2026-09-12T02:08:00.017-03:00  INFO 10892 --- [ecommerce] [scheduling-1] c.d.e.s.SincronizacaoEstoqueService      : [ESTOQUE] Lendo VW_ECOMMERCE_ESTOQUE no banco de dados...
2026-09-12T02:09:02.285-03:00  INFO 10892 --- [ecommerce] [scheduling-1] c.d.e.s.SincronizacaoEstoqueService      : [ESTOQUE] Ciclo finalizado. Total de atualizações enviadas: 0
2026-09-12T02:09:02.285-03:00  INFO 10892 --- [ecommerce] [scheduling-1] c.d.e.service.SincronizacaoService       : Lendo VW_ECOMMERCE_PRECOS no banco de dados...
2026-09-12T02:09:02.346-03:00  INFO 10892 --- [ecommerce] [scheduling-1] c.d.e.service.SincronizacaoService       : Ciclo finalizado. Total de atualizações enviadas: 0
2026-09-12T02:10:00.007-03:00  INFO 10892 --- [ecommerce] [scheduling-1] c.d.e.service.SincronizacaoService       : Lendo VW_ECOMMERCE_PRECOS no banco de dados...
2026-09-12T02:10:00.103-03:00  INFO 10892 --- [ecommerce] [scheduling-1] c.d.e.service.SincronizacaoService       : Ciclo finalizado. Total de atualizações enviadas: 0
2026-09-12T02:10:00.103-03:00  INFO 10892 --- [ecommerce] [scheduling-1] c.d.e.s.SincronizacaoEstoqueService      : [ESTOQUE] Lendo VW_ECOMMERCE_ESTOQUE no banco de dados...
2026-09-12T02:11:02.905-03:00  INFO 10892 --- [ecommerce] [scheduling-1] c.d.e.s.SincronizacaoEstoqueService      : [ESTOQUE] Ciclo finalizado. Total de atualizações enviadas: 0
2026-09-12T02:11:02.905-03:00  INFO 10892 --- [ecommerce] [scheduling-1] c.d.e.service.SincronizacaoService       : Lendo VW_ECOMMERCE_PRECOS no banco de dados...
2026-09-12T02:11:02.998-03:00  INFO 10892 --- [ecommerce] [scheduling-1] c.d.e.service.SincronizacaoService       : Ciclo finalizado. Total de atualizações enviadas: 0
2026-09-12T02:12:00.010-03:00  INFO 10892 --- [ecommerce] [scheduling-1] c.d.e.s.SincronizacaoEstoqueService      : [ESTOQUE] Lendo VW_ECOMMERCE_ESTOQUE no banco de dados...
2026-09-12T02:12:37.375-03:00  INFO 10892 --- [ecommerce] [scheduling-1] c.d.e.s.SincronizacaoEstoqueService      : [ESTOQUE] Ciclo finalizado. Total de atualizações enviadas: 0
2026-09-12T02:12:37.388-03:00  INFO 10892 --- [ecommerce] [scheduling-1] c.d.e.service.SincronizacaoService       : Lendo VW_ECOMMERCE_PRECOS no banco de dados...
2026-09-12T02:12:37.452-03:00  INFO 10892 --- [ecommerce] [scheduling-1] c.d.e.service.SincronizacaoService       : Ciclo finalizado. Total de atualizações enviadas: 0
2026-09-12T02:13:00.004-03:00  INFO 10892 --- [ecommerce] [scheduling-1] c.d.e.s.SincronizacaoEstoqueService      : [ESTOQUE] Lendo VW_ECOMMERCE_ESTOQUE no banco de dados...
2026-09-12T02:14:07.202-03:00  INFO 10892 --- [ecommerce] [scheduling-1] c.d.e.s.SincronizacaoEstoqueService      : [ESTOQUE] Ciclo finalizado. Total de atualizações enviadas: 0
2026-09-12T02:14:07.202-03:00  INFO 10892 --- [ecommerce] [scheduling-1] c.d.e.service.SincronizacaoService       : Lendo VW_ECOMMERCE_PRECOS no banco de dados...
2026-09-12T02:14:07.375-03:00  INFO 10892 --- [ecommerce] [scheduling-1] c.d.e.service.SincronizacaoService       : Ciclo finalizado. Total de atualizações enviadas: 0
2026-09-12T02:15:00.003-03:00  INFO 10892 --- [ecommerce] [scheduling-1] c.d.e.service.SincronizacaoService       : Lendo VW_ECOMMERCE_PRECOS no banco de dados...
2026-09-12T02:15:00.115-03:00  INFO 10892 --- [ecommerce] [scheduling-1] c.d.e.service.SincronizacaoService       : Ciclo finalizado. Total de atualizações enviadas: 0
2026-09-12T02:15:00.115-03:00  INFO 10892 --- [ecommerce] [scheduling-1] c.d.e.s.SincronizacaoEstoqueService      : [ESTOQUE] Lendo VW_ECOMMERCE_ESTOQUE no banco de dados...
2026-09-12T02:16:18.873-03:00  INFO 10892 --- [ecommerce] [scheduling-1] c.d.e.s.SincronizacaoEstoqueService      : [ESTOQUE] Ciclo finalizado. Total de atualizações enviadas: 0
2026-09-12T02:16:18.873-03:00  INFO 10892 --- [ecommerce] [scheduling-1] c.d.e.service.SincronizacaoService       : Lendo VW_ECOMMERCE_PRECOS no banco de dados...
2026-09-12T02:16:18.938-03:00  INFO 10892 --- [ecommerce] [scheduling-1] c.d.e.service.SincronizacaoService       : Ciclo finalizado. Total de atualizações enviadas: 0
2026-09-12T02:17:00.010-03:00  INFO 10892 --- [ecommerce] [scheduling-1] c.d.e.service.SincronizacaoService       : Lendo VW_ECOMMERCE_PRECOS no banco de dados...
2026-09-12T02:17:00.073-03:00  INFO 10892 --- [ecommerce] [scheduling-1] c.d.e.service.SincronizacaoService       : Ciclo finalizado. Total de atualizações enviadas: 0
2026-09-12T02:17:00.073-03:00  INFO 10892 --- [ecommerce] [scheduling-1] c.d.e.s.SincronizacaoEstoqueService      : [ESTOQUE] Lendo VW_ECOMMERCE_ESTOQUE no banco de dados...
2026-09-12T02:18:07.342-03:00  INFO 10892 --- [ecommerce] [scheduling-1] c.d.e.s.SincronizacaoEstoqueService      : [ESTOQUE] Ciclo finalizado. Total de atualizações enviadas: 0
2026-09-12T02:18:07.342-03:00  INFO 10892 --- [ecommerce] [scheduling-1] c.d.e.service.SincronizacaoService       : Lendo VW_ECOMMERCE_PRECOS no banco de dados...
2026-09-12T02:18:07.456-03:00  INFO 10892 --- [ecommerce] [scheduling-1] c.d.e.service.SincronizacaoService       : Ciclo finalizado. Total de atualizações enviadas: 0
2026-09-12T02:19:00.005-03:00  INFO 10892 --- [ecommerce] [scheduling-1] c.d.e.s.SincronizacaoEstoqueService      : [ESTOQUE] Lendo VW_ECOMMERCE_ESTOQUE no banco de dados...
2026-09-12T02:20:04.936-03:00  INFO 10892 --- [ecommerce] [scheduling-1] c.d.e.s.SincronizacaoEstoqueService      : [ESTOQUE] Ciclo finalizado. Total de atualizações enviadas: 0
2026-09-12T02:20:04.936-03:00  INFO 10892 --- [ecommerce] [scheduling-1] c.d.e.service.SincronizacaoService       : Lendo VW_ECOMMERCE_PRECOS no banco de dados...
2026-09-12T02:20:05.035-03:00  INFO 10892 --- [ecommerce] [scheduling-1] c.d.e.service.SincronizacaoService       : Ciclo finalizado. Total de atualizações enviadas: 0
2026-09-12T02:21:00.003-03:00  INFO 10892 --- [ecommerce] [scheduling-1] c.d.e.service.SincronizacaoService       : Lendo VW_ECOMMERCE_PRECOS no banco de dados...
2026-09-12T02:21:00.085-03:00  INFO 10892 --- [ecommerce] [scheduling-1] c.d.e.service.SincronizacaoService       : Ciclo finalizado. Total de atualizações enviadas: 0
2026-09-12T02:21:00.085-03:00  INFO 10892 --- [ecommerce] [scheduling-1] c.d.e.s.SincronizacaoEstoqueService      : [ESTOQUE] Lendo VW_ECOMMERCE_ESTOQUE no banco de dados...
2026-09-12T02:22:03.534-03:00  INFO 10892 --- [ecommerce] [scheduling-1] c.d.e.s.SincronizacaoEstoqueService      : [ESTOQUE] Ciclo finalizado. Total de atualizações enviadas: 0
2026-09-12T02:22:03.534-03:00  INFO 10892 --- [ecommerce] [scheduling-1] c.d.e.service.SincronizacaoService       : Lendo VW_ECOMMERCE_PRECOS no banco de dados...
2026-09-12T02:22:03.643-03:00  INFO 10892 --- [ecommerce] [scheduling-1] c.d.e.service.SincronizacaoService       : Ciclo finalizado. Total de atualizações enviadas: 0
2026-09-12T02:23:00.000-03:00  INFO 10892 --- [ecommerce] [scheduling-1] c.d.e.service.SincronizacaoService       : Lendo VW_ECOMMERCE_PRECOS no banco de dados...
2026-09-12T02:23:00.051-03:00  INFO 10892 --- [ecommerce] [scheduling-1] c.d.e.service.SincronizacaoService       : Ciclo finalizado. Total de atualizações enviadas: 0
2026-09-12T02:23:00.064-03:00  INFO 10892 --- [ecommerce] [scheduling-1] c.d.e.s.SincronizacaoEstoqueService      : [ESTOQUE] Lendo VW_ECOMMERCE_ESTOQUE no banco de dados...
2026-09-12T02:24:02.910-03:00  INFO 10892 --- [ecommerce] [scheduling-1] c.d.e.s.SincronizacaoEstoqueService      : [ESTOQUE] Ciclo finalizado. Total de atualizações enviadas: 0
2026-09-12T02:24:02.910-03:00  INFO 10892 --- [ecommerce] [scheduling-1] c.d.e.service.SincronizacaoService       : Lendo VW_ECOMMERCE_PRECOS no banco de dados...
2026-09-12T02:24:03.022-03:00  INFO 10892 --- [ecommerce] [scheduling-1] c.d.e.service.SincronizacaoService       : Ciclo finalizado. Total de atualizações enviadas: 0
2026-09-12T02:25:00.008-03:00  INFO 10892 --- [ecommerce] [scheduling-1] c.d.e.s.SincronizacaoEstoqueService      : [ESTOQUE] Lendo VW_ECOMMERCE_ESTOQUE no banco de dados...
2026-09-12T02:25:43.879-03:00  INFO 10892 --- [ecommerce] [scheduling-1] c.d.e.s.SincronizacaoEstoqueService      : [ESTOQUE] Ciclo finalizado. Total de atualizações enviadas: 0
2026-09-12T02:25:43.879-03:00  INFO 10892 --- [ecommerce] [scheduling-1] c.d.e.service.SincronizacaoService       : Lendo VW_ECOMMERCE_PRECOS no banco de dados...
2026-09-12T02:25:43.970-03:00  INFO 10892 --- [ecommerce] [scheduling-1] c.d.e.service.SincronizacaoService       : Ciclo finalizado. Total de atualizações enviadas: 0
2026-09-12T02:26:00.007-03:00  INFO 10892 --- [ecommerce] [scheduling-1] c.d.e.s.SincronizacaoEstoqueService      : [ESTOQUE] Lendo VW_ECOMMERCE_ESTOQUE no banco de dados...
2026-09-12T02:27:02.813-03:00  INFO 10892 --- [ecommerce] [scheduling-1] c.d.e.s.SincronizacaoEstoqueService      : [ESTOQUE] Ciclo finalizado. Total de atualizações enviadas: 0
2026-09-12T02:27:02.813-03:00  INFO 10892 --- [ecommerce] [scheduling-1] c.d.e.service.SincronizacaoService       : Lendo VW_ECOMMERCE_PRECOS no banco de dados...
2026-09-12T02:27:02.926-03:00  INFO 10892 --- [ecommerce] [scheduling-1] c.d.e.service.SincronizacaoService       : Ciclo finalizado. Total de atualizações enviadas: 0
2026-09-12T02:28:00.011-03:00  INFO 10892 --- [ecommerce] [scheduling-1] c.d.e.s.SincronizacaoEstoqueService      : [ESTOQUE] Lendo VW_ECOMMERCE_ESTOQUE no banco de dados...
2026-09-12T02:29:05.169-03:00  INFO 10892 --- [ecommerce] [scheduling-1] c.d.e.s.SincronizacaoEstoqueService      : [ESTOQUE] Ciclo finalizado. Total de atualizações enviadas: 0
2026-09-12T02:29:05.169-03:00  INFO 10892 --- [ecommerce] [scheduling-1] c.d.e.service.SincronizacaoService       : Lendo VW_ECOMMERCE_PRECOS no banco de dados...
2026-09-12T02:29:05.241-03:00  INFO 10892 --- [ecommerce] [scheduling-1] c.d.e.service.SincronizacaoService       : Ciclo finalizado. Total de atualizações enviadas: 0
2026-09-12T02:30:00.015-03:00  INFO 10892 --- [ecommerce] [scheduling-1] c.d.e.s.SincronizacaoEstoqueService      : [ESTOQUE] Lendo VW_ECOMMERCE_ESTOQUE no banco de dados...
2026-09-12T02:31:06.312-03:00  INFO 10892 --- [ecommerce] [scheduling-1] c.d.e.s.SincronizacaoEstoqueService      : [ESTOQUE] Ciclo finalizado. Total de atualizações enviadas: 0
2026-09-12T02:31:06.312-03:00  INFO 10892 --- [ecommerce] [scheduling-1] c.d.e.service.SincronizacaoService       : Lendo VW_ECOMMERCE_PRECOS no banco de dados...
2026-09-12T02:31:06.421-03:00  INFO 10892 --- [ecommerce] [scheduling-1] c.d.e.service.SincronizacaoService       : Ciclo finalizado. Total de atualizações enviadas: 0
2026-09-12T02:32:00.010-03:00  INFO 10892 --- [ecommerce] [scheduling-1] c.d.e.service.SincronizacaoService       : Lendo VW_ECOMMERCE_PRECOS no banco de dados...
2026-09-12T02:32:00.068-03:00  INFO 10892 --- [ecommerce] [scheduling-1] c.d.e.service.SincronizacaoService       : Ciclo finalizado. Total de atualizações enviadas: 0
2026-09-12T02:32:00.068-03:00  INFO 10892 --- [ecommerce] [scheduling-1] c.d.e.s.SincronizacaoEstoqueService      : [ESTOQUE] Lendo VW_ECOMMERCE_ESTOQUE no banco de dados...
2026-09-12T02:33:03.583-03:00  INFO 10892 --- [ecommerce] [scheduling-1] c.d.e.s.SincronizacaoEstoqueService      : [ESTOQUE] Ciclo finalizado. Total de atualizações enviadas: 0
2026-09-12T02:33:03.583-03:00  INFO 10892 --- [ecommerce] [scheduling-1] c.d.e.service.SincronizacaoService       : Lendo VW_ECOMMERCE_PRECOS no banco de dados...
2026-09-12T02:33:03.679-03:00  INFO 10892 --- [ecommerce] [scheduling-1] c.d.e.service.SincronizacaoService       : Ciclo finalizado. Total de atualizações enviadas: 0
2026-09-12T02:34:00.005-03:00  INFO 10892 --- [ecommerce] [scheduling-1] c.d.e.service.SincronizacaoService       : Lendo VW_ECOMMERCE_PRECOS no banco de dados...
2026-09-12T02:34:00.085-03:00  INFO 10892 --- [ecommerce] [scheduling-1] c.d.e.service.SincronizacaoService       : Ciclo finalizado. Total de atualizações enviadas: 0
2026-09-12T02:34:00.085-03:00  INFO 10892 --- [ecommerce] [scheduling-1] c.d.e.s.SincronizacaoEstoqueService      : [ESTOQUE] Lendo VW_ECOMMERCE_ESTOQUE no banco de dados...
2026-09-12T02:34:47.161-03:00  INFO 10892 --- [ecommerce] [scheduling-1] c.d.e.s.SincronizacaoEstoqueService      : [ESTOQUE] Ciclo finalizado. Total de atualizações enviadas: 0
2026-09-12T02:35:00.011-03:00  INFO 10892 --- [ecommerce] [scheduling-1] c.d.e.service.SincronizacaoService       : Lendo VW_ECOMMERCE_PRECOS no banco de dados...
2026-09-12T02:35:00.074-03:00  INFO 10892 --- [ecommerce] [scheduling-1] c.d.e.service.SincronizacaoService       : Ciclo finalizado. Total de atualizações enviadas: 0
2026-09-12T02:35:00.074-03:00  INFO 10892 --- [ecommerce] [scheduling-1] c.d.e.s.SincronizacaoEstoqueService      : [ESTOQUE] Lendo VW_ECOMMERCE_ESTOQUE no banco de dados...
2026-09-12T02:36:03.186-03:00  INFO 10892 --- [ecommerce] [scheduling-1] c.d.e.s.SincronizacaoEstoqueService      : [ESTOQUE] Ciclo finalizado. Total de atualizações enviadas: 0
2026-09-12T02:36:03.186-03:00  INFO 10892 --- [ecommerce] [scheduling-1] c.d.e.service.SincronizacaoService       : Lendo VW_ECOMMERCE_PRECOS no banco de dados...
2026-09-12T02:36:03.281-03:00  INFO 10892 --- [ecommerce] [scheduling-1] c.d.e.service.SincronizacaoService       : Ciclo finalizado. Total de atualizações enviadas: 0
2026-09-12T02:37:00.011-03:00  INFO 10892 --- [ecommerce] [scheduling-1] c.d.e.s.SincronizacaoEstoqueService      : [ESTOQUE] Lendo VW_ECOMMERCE_ESTOQUE no banco de dados...
2026-09-12T02:37:38.134-03:00  INFO 10892 --- [ecommerce] [scheduling-1] c.d.e.s.SincronizacaoEstoqueService      : [ESTOQUE] Ciclo finalizado. Total de atualizações enviadas: 0
2026-09-12T02:37:38.134-03:00  INFO 10892 --- [ecommerce] [scheduling-1] c.d.e.service.SincronizacaoService       : Lendo VW_ECOMMERCE_PRECOS no banco de dados...
2026-09-12T02:37:38.230-03:00  INFO 10892 --- [ecommerce] [scheduling-1] c.d.e.service.SincronizacaoService       : Ciclo finalizado. Total de atualizações enviadas: 0
2026-09-12T02:38:00.001-03:00  INFO 10892 --- [ecommerce] [scheduling-1] c.d.e.s.SincronizacaoEstoqueService      : [ESTOQUE] Lendo VW_ECOMMERCE_ESTOQUE no banco de dados...
2026-09-12T02:39:03.246-03:00  INFO 10892 --- [ecommerce] [scheduling-1] c.d.e.s.SincronizacaoEstoqueService      : [ESTOQUE] Ciclo finalizado. Total de atualizações enviadas: 0
2026-09-12T02:39:03.246-03:00  INFO 10892 --- [ecommerce] [scheduling-1] c.d.e.service.SincronizacaoService       : Lendo VW_ECOMMERCE_PRECOS no banco de dados...
2026-09-12T02:39:03.355-03:00  INFO 10892 --- [ecommerce] [scheduling-1] c.d.e.service.SincronizacaoService       : Ciclo finalizado. Total de atualizações enviadas: 0
2026-09-12T02:40:00.021-03:00  INFO 10892 --- [ecommerce] [scheduling-1] c.d.e.s.SincronizacaoEstoqueService      : [ESTOQUE] Lendo VW_ECOMMERCE_ESTOQUE no banco de dados...
2026-09-12T02:41:03.637-03:00  INFO 10892 --- [ecommerce] [scheduling-1] c.d.e.s.SincronizacaoEstoqueService      : [ESTOQUE] Ciclo finalizado. Total de atualizações enviadas: 0
2026-09-12T02:41:03.637-03:00  INFO 10892 --- [ecommerce] [scheduling-1] c.d.e.service.SincronizacaoService       : Lendo VW_ECOMMERCE_PRECOS no banco de dados...
2026-09-12T02:41:03.765-03:00  INFO 10892 --- [ecommerce] [scheduling-1] c.d.e.service.SincronizacaoService       : Ciclo finalizado. Total de atualizações enviadas: 0
2026-09-12T02:42:00.016-03:00  INFO 10892 --- [ecommerce] [scheduling-1] c.d.e.service.SincronizacaoService       : Lendo VW_ECOMMERCE_PRECOS no banco de dados...
2026-09-12T02:42:00.107-03:00  INFO 10892 --- [ecommerce] [scheduling-1] c.d.e.service.SincronizacaoService       : Ciclo finalizado. Total de atualizações enviadas: 0
2026-09-12T02:42:00.107-03:00  INFO 10892 --- [ecommerce] [scheduling-1] c.d.e.s.SincronizacaoEstoqueService      : [ESTOQUE] Lendo VW_ECOMMERCE_ESTOQUE no banco de dados...
2026-09-12T02:43:02.872-03:00  INFO 10892 --- [ecommerce] [scheduling-1] c.d.e.s.SincronizacaoEstoqueService      : [ESTOQUE] Ciclo finalizado. Total de atualizações enviadas: 0
2026-09-12T02:43:02.882-03:00  INFO 10892 --- [ecommerce] [scheduling-1] c.d.e.service.SincronizacaoService       : Lendo VW_ECOMMERCE_PRECOS no banco de dados...
2026-09-12T02:43:02.935-03:00  INFO 10892 --- [ecommerce] [scheduling-1] c.d.e.service.SincronizacaoService       : Ciclo finalizado. Total de atualizações enviadas: 0
2026-09-12T02:44:00.010-03:00  INFO 10892 --- [ecommerce] [scheduling-1] c.d.e.s.SincronizacaoEstoqueService      : [ESTOQUE] Lendo VW_ECOMMERCE_ESTOQUE no banco de dados...
2026-09-12T02:45:04.538-03:00  INFO 10892 --- [ecommerce] [scheduling-1] c.d.e.s.SincronizacaoEstoqueService      : [ESTOQUE] Ciclo finalizado. Total de atualizações enviadas: 0
2026-09-12T02:45:04.538-03:00  INFO 10892 --- [ecommerce] [scheduling-1] c.d.e.service.SincronizacaoService       : Lendo VW_ECOMMERCE_PRECOS no banco de dados...
2026-09-12T02:45:04.615-03:00  INFO 10892 --- [ecommerce] [scheduling-1] c.d.e.service.SincronizacaoService       : Ciclo finalizado. Total de atualizações enviadas: 0
2026-09-12T02:46:00.008-03:00  INFO 10892 --- [ecommerce] [scheduling-1] c.d.e.s.SincronizacaoEstoqueService      : [ESTOQUE] Lendo VW_ECOMMERCE_ESTOQUE no banco de dados...
2026-09-12T02:47:03.228-03:00  INFO 10892 --- [ecommerce] [scheduling-1] c.d.e.s.SincronizacaoEstoqueService      : [ESTOQUE] Ciclo finalizado. Total de atualizações enviadas: 0
2026-09-12T02:47:03.228-03:00  INFO 10892 --- [ecommerce] [scheduling-1] c.d.e.service.SincronizacaoService       : Lendo VW_ECOMMERCE_PRECOS no banco de dados...
2026-09-12T02:47:03.294-03:00  INFO 10892 --- [ecommerce] [scheduling-1] c.d.e.service.SincronizacaoService       : Ciclo finalizado. Total de atualizações enviadas: 0
2026-09-12T02:48:00.004-03:00  INFO 10892 --- [ecommerce] [scheduling-1] c.d.e.service.SincronizacaoService       : Lendo VW_ECOMMERCE_PRECOS no banco de dados...
2026-09-12T02:48:00.115-03:00  INFO 10892 --- [ecommerce] [scheduling-1] c.d.e.service.SincronizacaoService       : Ciclo finalizado. Total de atualizações enviadas: 0
2026-09-12T02:48:00.115-03:00  INFO 10892 --- [ecommerce] [scheduling-1] c.d.e.s.SincronizacaoEstoqueService      : [ESTOQUE] Lendo VW_ECOMMERCE_ESTOQUE no banco de dados...
2026-09-12T02:49:03.685-03:00  INFO 10892 --- [ecommerce] [scheduling-1] c.d.e.s.SincronizacaoEstoqueService      : [ESTOQUE] Ciclo finalizado. Total de atualizações enviadas: 0
2026-09-12T02:49:03.685-03:00  INFO 10892 --- [ecommerce] [scheduling-1] c.d.e.service.SincronizacaoService       : Lendo VW_ECOMMERCE_PRECOS no banco de dados...
2026-09-12T02:49:03.777-03:00  INFO 10892 --- [ecommerce] [scheduling-1] c.d.e.service.SincronizacaoService       : Ciclo finalizado. Total de atualizações enviadas: 0
2026-09-12T02:50:00.014-03:00  INFO 10892 --- [ecommerce] [scheduling-1] c.d.e.s.SincronizacaoEstoqueService      : [ESTOQUE] Lendo VW_ECOMMERCE_ESTOQUE no banco de dados...
2026-09-12T02:51:05.142-03:00  INFO 10892 --- [ecommerce] [scheduling-1] c.d.e.s.SincronizacaoEstoqueService      : [ESTOQUE] Ciclo finalizado. Total de atualizações enviadas: 0
2026-09-12T02:51:05.142-03:00  INFO 10892 --- [ecommerce] [scheduling-1] c.d.e.service.SincronizacaoService       : Lendo VW_ECOMMERCE_PRECOS no banco de dados...
2026-09-12T02:51:05.348-03:00  INFO 10892 --- [ecommerce] [scheduling-1] c.d.e.service.SincronizacaoService       : Ciclo finalizado. Total de atualizações enviadas: 0
2026-09-12T02:52:00.007-03:00  INFO 10892 --- [ecommerce] [scheduling-1] c.d.e.s.SincronizacaoEstoqueService      : [ESTOQUE] Lendo VW_ECOMMERCE_ESTOQUE no banco de dados...
2026-09-12T02:53:03.948-03:00  INFO 10892 --- [ecommerce] [scheduling-1] c.d.e.s.SincronizacaoEstoqueService      : [ESTOQUE] Ciclo finalizado. Total de atualizações enviadas: 0
2026-09-12T02:53:03.948-03:00  INFO 10892 --- [ecommerce] [scheduling-1] c.d.e.service.SincronizacaoService       : Lendo VW_ECOMMERCE_PRECOS no banco de dados...
2026-09-12T02:53:04.061-03:00  INFO 10892 --- [ecommerce] [scheduling-1] c.d.e.service.SincronizacaoService       : Ciclo finalizado. Total de atualizações enviadas: 0
2026-09-12T02:54:00.008-03:00  INFO 10892 --- [ecommerce] [scheduling-1] c.d.e.service.SincronizacaoService       : Lendo VW_ECOMMERCE_PRECOS no banco de dados...
2026-09-12T02:54:00.073-03:00  INFO 10892 --- [ecommerce] [scheduling-1] c.d.e.service.SincronizacaoService       : Ciclo finalizado. Total de atualizações enviadas: 0
2026-09-12T02:54:00.073-03:00  INFO 10892 --- [ecommerce] [scheduling-1] c.d.e.s.SincronizacaoEstoqueService      : [ESTOQUE] Lendo VW_ECOMMERCE_ESTOQUE no banco de dados...
2026-09-12T02:55:03.578-03:00  INFO 10892 --- [ecommerce] [scheduling-1] c.d.e.s.SincronizacaoEstoqueService      : [ESTOQUE] Ciclo finalizado. Total de atualizações enviadas: 0
2026-09-12T02:55:03.593-03:00  INFO 10892 --- [ecommerce] [scheduling-1] c.d.e.service.SincronizacaoService       : Lendo VW_ECOMMERCE_PRECOS no banco de dados...
2026-09-12T02:55:03.695-03:00  INFO 10892 --- [ecommerce] [scheduling-1] c.d.e.service.SincronizacaoService       : Ciclo finalizado. Total de atualizações enviadas: 0
2026-09-12T02:56:00.012-03:00  INFO 10892 --- [ecommerce] [scheduling-1] c.d.e.s.SincronizacaoEstoqueService      : [ESTOQUE] Lendo VW_ECOMMERCE_ESTOQUE no banco de dados...
2026-09-12T02:57:04.109-03:00  INFO 10892 --- [ecommerce] [scheduling-1] c.d.e.s.SincronizacaoEstoqueService      : [ESTOQUE] Ciclo finalizado. Total de atualizações enviadas: 0
2026-09-12T02:57:04.109-03:00  INFO 10892 --- [ecommerce] [scheduling-1] c.d.e.service.SincronizacaoService       : Lendo VW_ECOMMERCE_PRECOS no banco de dados...
2026-09-12T02:57:04.202-03:00  INFO 10892 --- [ecommerce] [scheduling-1] c.d.e.service.SincronizacaoService       : Ciclo finalizado. Total de atualizações enviadas: 0
2026-09-12T02:58:00.016-03:00  INFO 10892 --- [ecommerce] [scheduling-1] c.d.e.service.SincronizacaoService       : Lendo VW_ECOMMERCE_PRECOS no banco de dados...
2026-09-12T02:58:00.080-03:00  INFO 10892 --- [ecommerce] [scheduling-1] c.d.e.service.SincronizacaoService       : Ciclo finalizado. Total de atualizações enviadas: 0
2026-09-12T02:58:00.082-03:00  INFO 10892 --- [ecommerce] [scheduling-1] c.d.e.s.SincronizacaoEstoqueService      : [ESTOQUE] Lendo VW_ECOMMERCE_ESTOQUE no banco de dados...
2026-09-12T02:59:01.830-03:00  INFO 10892 --- [ecommerce] [scheduling-1] c.d.e.s.SincronizacaoEstoqueService      : [ESTOQUE] Ciclo finalizado. Total de atualizações enviadas: 0
2026-09-12T02:59:01.830-03:00  INFO 10892 --- [ecommerce] [scheduling-1] c.d.e.service.SincronizacaoService       : Lendo VW_ECOMMERCE_PRECOS no banco de dados...
2026-09-12T02:59:01.956-03:00  INFO 10892 --- [ecommerce] [scheduling-1] c.d.e.service.SincronizacaoService       : Ciclo finalizado. Total de atualizações enviadas: 0
2026-09-12T03:00:00.016-03:00  INFO 10892 --- [ecommerce] [scheduling-1] c.d.e.service.SincronizacaoService       : Lendo VW_ECOMMERCE_PRECOS no banco de dados...
2026-09-12T03:00:00.113-03:00  INFO 10892 --- [ecommerce] [scheduling-1] c.d.e.service.SincronizacaoService       : Ciclo finalizado. Total de atualizações enviadas: 0
2026-09-12T03:00:00.113-03:00  INFO 10892 --- [ecommerce] [scheduling-1] c.d.e.s.SincronizacaoEstoqueService      : [ESTOQUE] Lendo VW_ECOMMERCE_ESTOQUE no banco de dados...
2026-09-12T03:01:06.082-03:00  INFO 10892 --- [ecommerce] [scheduling-1] c.d.e.s.SincronizacaoEstoqueService      : [ESTOQUE] Ciclo finalizado. Total de atualizações enviadas: 0
2026-09-12T03:01:06.082-03:00  INFO 10892 --- [ecommerce] [scheduling-1] c.d.e.service.SincronizacaoService       : Lendo VW_ECOMMERCE_PRECOS no banco de dados...
2026-09-12T03:01:06.146-03:00  INFO 10892 --- [ecommerce] [scheduling-1] c.d.e.service.SincronizacaoService       : Ciclo finalizado. Total de atualizações enviadas: 0
2026-09-12T03:02:00.015-03:00  INFO 10892 --- [ecommerce] [scheduling-1] c.d.e.s.SincronizacaoEstoqueService      : [ESTOQUE] Lendo VW_ECOMMERCE_ESTOQUE no banco de dados...
2026-09-12T03:03:05.370-03:00  INFO 10892 --- [ecommerce] [scheduling-1] c.d.e.s.SincronizacaoEstoqueService      : [ESTOQUE] Ciclo finalizado. Total de atualizações enviadas: 0
2026-09-12T03:03:05.372-03:00  INFO 10892 --- [ecommerce] [scheduling-1] c.d.e.service.SincronizacaoService       : Lendo VW_ECOMMERCE_PRECOS no banco de dados...
2026-09-12T03:03:05.531-03:00  INFO 10892 --- [ecommerce] [scheduling-1] c.d.e.service.SincronizacaoService       : Ciclo finalizado. Total de atualizações enviadas: 0
2026-09-12T03:04:00.012-03:00  INFO 10892 --- [ecommerce] [scheduling-1] c.d.e.s.SincronizacaoEstoqueService      : [ESTOQUE] Lendo VW_ECOMMERCE_ESTOQUE no banco de dados...
2026-09-12T03:05:06.932-03:00  INFO 10892 --- [ecommerce] [scheduling-1] c.d.e.s.SincronizacaoEstoqueService      : [ESTOQUE] Ciclo finalizado. Total de atualizações enviadas: 0
2026-09-12T03:05:06.932-03:00  INFO 10892 --- [ecommerce] [scheduling-1] c.d.e.service.SincronizacaoService       : Lendo VW_ECOMMERCE_PRECOS no banco de dados...
2026-09-12T03:05:07.054-03:00  INFO 10892 --- [ecommerce] [scheduling-1] c.d.e.service.SincronizacaoService       : Ciclo finalizado. Total de atualizações enviadas: 0
2026-09-12T03:06:00.007-03:00  INFO 10892 --- [ecommerce] [scheduling-1] c.d.e.service.SincronizacaoService       : Lendo VW_ECOMMERCE_PRECOS no banco de dados...
2026-09-12T03:06:00.150-03:00  INFO 10892 --- [ecommerce] [scheduling-1] c.d.e.service.SincronizacaoService       : Ciclo finalizado. Total de atualizações enviadas: 0
2026-09-12T03:06:00.150-03:00  INFO 10892 --- [ecommerce] [scheduling-1] c.d.e.s.SincronizacaoEstoqueService      : [ESTOQUE] Lendo VW_ECOMMERCE_ESTOQUE no banco de dados...
2026-09-12T03:07:04.125-03:00  INFO 10892 --- [ecommerce] [scheduling-1] c.d.e.s.SincronizacaoEstoqueService      : [ESTOQUE] Ciclo finalizado. Total de atualizações enviadas: 0
2026-09-12T03:07:04.125-03:00  INFO 10892 --- [ecommerce] [scheduling-1] c.d.e.service.SincronizacaoService       : Lendo VW_ECOMMERCE_PRECOS no banco de dados...
2026-09-12T03:07:04.189-03:00  INFO 10892 --- [ecommerce] [scheduling-1] c.d.e.service.SincronizacaoService       : Ciclo finalizado. Total de atualizações enviadas: 0
2026-09-12T03:08:00.002-03:00  INFO 10892 --- [ecommerce] [scheduling-1] c.d.e.s.SincronizacaoEstoqueService      : [ESTOQUE] Lendo VW_ECOMMERCE_ESTOQUE no banco de dados...
2026-09-12T03:09:00.651-03:00  INFO 10892 --- [ecommerce] [scheduling-1] c.d.e.s.SincronizacaoEstoqueService      : [ESTOQUE] Ciclo finalizado. Total de atualizações enviadas: 0
2026-09-12T03:09:00.651-03:00  INFO 10892 --- [ecommerce] [scheduling-1] c.d.e.service.SincronizacaoService       : Lendo VW_ECOMMERCE_PRECOS no banco de dados...
2026-09-12T03:09:00.716-03:00  INFO 10892 --- [ecommerce] [scheduling-1] c.d.e.service.SincronizacaoService       : Ciclo finalizado. Total de atualizações enviadas: 0
2026-09-12T03:10:00.013-03:00  INFO 10892 --- [ecommerce] [scheduling-1] c.d.e.service.SincronizacaoService       : Lendo VW_ECOMMERCE_PRECOS no banco de dados...
2026-09-12T03:10:00.077-03:00  INFO 10892 --- [ecommerce] [scheduling-1] c.d.e.service.SincronizacaoService       : Ciclo finalizado. Total de atualizações enviadas: 0
2026-09-12T03:10:00.077-03:00  INFO 10892 --- [ecommerce] [scheduling-1] c.d.e.s.SincronizacaoEstoqueService      : [ESTOQUE] Lendo VW_ECOMMERCE_ESTOQUE no banco de dados...
2026-09-12T03:11:05.862-03:00  INFO 10892 --- [ecommerce] [scheduling-1] c.d.e.s.SincronizacaoEstoqueService      : [ESTOQUE] Ciclo finalizado. Total de atualizações enviadas: 0
2026-09-12T03:11:05.862-03:00  INFO 10892 --- [ecommerce] [scheduling-1] c.d.e.service.SincronizacaoService       : Lendo VW_ECOMMERCE_PRECOS no banco de dados...
2026-09-12T03:11:05.934-03:00  INFO 10892 --- [ecommerce] [scheduling-1] c.d.e.service.SincronizacaoService       : Ciclo finalizado. Total de atualizações enviadas: 0
2026-09-12T03:12:00.004-03:00  INFO 10892 --- [ecommerce] [scheduling-1] c.d.e.service.SincronizacaoService       : Lendo VW_ECOMMERCE_PRECOS no banco de dados...
2026-09-12T03:12:00.116-03:00  INFO 10892 --- [ecommerce] [scheduling-1] c.d.e.service.SincronizacaoService       : Ciclo finalizado. Total de atualizações enviadas: 0
2026-09-12T03:12:00.116-03:00  INFO 10892 --- [ecommerce] [scheduling-1] c.d.e.s.SincronizacaoEstoqueService      : [ESTOQUE] Lendo VW_ECOMMERCE_ESTOQUE no banco de dados...
2026-09-12T03:13:03.881-03:00  INFO 10892 --- [ecommerce] [scheduling-1] c.d.e.s.SincronizacaoEstoqueService      : [ESTOQUE] Ciclo finalizado. Total de atualizações enviadas: 0
2026-09-12T03:13:03.881-03:00  INFO 10892 --- [ecommerce] [scheduling-1] c.d.e.service.SincronizacaoService       : Lendo VW_ECOMMERCE_PRECOS no banco de dados...
2026-09-12T03:13:04.006-03:00  INFO 10892 --- [ecommerce] [scheduling-1] c.d.e.service.SincronizacaoService       : Ciclo finalizado. Total de atualizações enviadas: 0
2026-09-12T03:14:00.005-03:00  INFO 10892 --- [ecommerce] [scheduling-1] c.d.e.service.SincronizacaoService       : Lendo VW_ECOMMERCE_PRECOS no banco de dados...
2026-09-12T03:14:00.116-03:00  INFO 10892 --- [ecommerce] [scheduling-1] c.d.e.service.SincronizacaoService       : Ciclo finalizado. Total de atualizações enviadas: 0
2026-09-12T03:14:00.116-03:00  INFO 10892 --- [ecommerce] [scheduling-1] c.d.e.s.SincronizacaoEstoqueService      : [ESTOQUE] Lendo VW_ECOMMERCE_ESTOQUE no banco de dados...
2026-09-12T03:15:02.200-03:00  INFO 10892 --- [ecommerce] [scheduling-1] c.d.e.s.SincronizacaoEstoqueService      : [ESTOQUE] Ciclo finalizado. Total de atualizações enviadas: 0
2026-09-12T03:15:02.200-03:00  INFO 10892 --- [ecommerce] [scheduling-1] c.d.e.service.SincronizacaoService       : Lendo VW_ECOMMERCE_PRECOS no banco de dados...
2026-09-12T03:15:02.261-03:00  INFO 10892 --- [ecommerce] [scheduling-1] c.d.e.service.SincronizacaoService       : Ciclo finalizado. Total de atualizações enviadas: 0
2026-09-12T03:16:00.002-03:00  INFO 10892 --- [ecommerce] [scheduling-1] c.d.e.s.SincronizacaoEstoqueService      : [ESTOQUE] Lendo VW_ECOMMERCE_ESTOQUE no banco de dados...
2026-09-12T03:17:02.871-03:00  INFO 10892 --- [ecommerce] [scheduling-1] c.d.e.s.SincronizacaoEstoqueService      : [ESTOQUE] Ciclo finalizado. Total de atualizações enviadas: 0
2026-09-12T03:17:02.887-03:00  INFO 10892 --- [ecommerce] [scheduling-1] c.d.e.service.SincronizacaoService       : Lendo VW_ECOMMERCE_PRECOS no banco de dados...
2026-09-12T03:17:03.082-03:00  INFO 10892 --- [ecommerce] [scheduling-1] c.d.e.service.SincronizacaoService       : Ciclo finalizado. Total de atualizações enviadas: 0
2026-09-12T03:18:00.004-03:00  INFO 10892 --- [ecommerce] [scheduling-1] c.d.e.s.SincronizacaoEstoqueService      : [ESTOQUE] Lendo VW_ECOMMERCE_ESTOQUE no banco de dados...
2026-09-12T03:19:03.223-03:00  INFO 10892 --- [ecommerce] [scheduling-1] c.d.e.s.SincronizacaoEstoqueService      : [ESTOQUE] Ciclo finalizado. Total de atualizações enviadas: 0
2026-09-12T03:19:03.224-03:00  INFO 10892 --- [ecommerce] [scheduling-1] c.d.e.service.SincronizacaoService       : Lendo VW_ECOMMERCE_PRECOS no banco de dados...
2026-09-12T03:19:03.404-03:00  INFO 10892 --- [ecommerce] [scheduling-1] c.d.e.service.SincronizacaoService       : Ciclo finalizado. Total de atualizações enviadas: 0
2026-09-12T03:20:00.005-03:00  INFO 10892 --- [ecommerce] [scheduling-1] c.d.e.s.SincronizacaoEstoqueService      : [ESTOQUE] Lendo VW_ECOMMERCE_ESTOQUE no banco de dados...
2026-09-12T03:21:04.714-03:00  INFO 10892 --- [ecommerce] [scheduling-1] c.d.e.s.SincronizacaoEstoqueService      : [ESTOQUE] Ciclo finalizado. Total de atualizações enviadas: 0
2026-09-12T03:21:04.714-03:00  INFO 10892 --- [ecommerce] [scheduling-1] c.d.e.service.SincronizacaoService       : Lendo VW_ECOMMERCE_PRECOS no banco de dados...
2026-09-12T03:21:04.827-03:00  INFO 10892 --- [ecommerce] [scheduling-1] c.d.e.service.SincronizacaoService       : Ciclo finalizado. Total de atualizações enviadas: 0
2026-09-12T03:22:00.004-03:00  INFO 10892 --- [ecommerce] [scheduling-1] c.d.e.service.SincronizacaoService       : Lendo VW_ECOMMERCE_PRECOS no banco de dados...
2026-09-12T03:22:00.096-03:00  INFO 10892 --- [ecommerce] [scheduling-1] c.d.e.service.SincronizacaoService       : Ciclo finalizado. Total de atualizações enviadas: 0
2026-09-12T03:22:00.098-03:00  INFO 10892 --- [ecommerce] [scheduling-1] c.d.e.s.SincronizacaoEstoqueService      : [ESTOQUE] Lendo VW_ECOMMERCE_ESTOQUE no banco de dados...
2026-09-12T03:23:02.460-03:00  INFO 10892 --- [ecommerce] [scheduling-1] c.d.e.s.SincronizacaoEstoqueService      : [ESTOQUE] Ciclo finalizado. Total de atualizações enviadas: 0
2026-09-12T03:23:02.460-03:00  INFO 10892 --- [ecommerce] [scheduling-1] c.d.e.service.SincronizacaoService       : Lendo VW_ECOMMERCE_PRECOS no banco de dados...
2026-09-12T03:23:02.522-03:00  INFO 10892 --- [ecommerce] [scheduling-1] c.d.e.service.SincronizacaoService       : Ciclo finalizado. Total de atualizações enviadas: 0
2026-09-12T03:24:00.002-03:00  INFO 10892 --- [ecommerce] [scheduling-1] c.d.e.service.SincronizacaoService       : Lendo VW_ECOMMERCE_PRECOS no banco de dados...
2026-09-12T03:24:00.136-03:00  INFO 10892 --- [ecommerce] [scheduling-1] c.d.e.service.SincronizacaoService       : Ciclo finalizado. Total de atualizações enviadas: 0
2026-09-12T03:24:00.136-03:00  INFO 10892 --- [ecommerce] [scheduling-1] c.d.e.s.SincronizacaoEstoqueService      : [ESTOQUE] Lendo VW_ECOMMERCE_ESTOQUE no banco de dados...
2026-09-12T03:25:04.422-03:00  INFO 10892 --- [ecommerce] [scheduling-1] c.d.e.s.SincronizacaoEstoqueService      : [ESTOQUE] Ciclo finalizado. Total de atualizações enviadas: 0
2026-09-12T03:25:04.422-03:00  INFO 10892 --- [ecommerce] [scheduling-1] c.d.e.service.SincronizacaoService       : Lendo VW_ECOMMERCE_PRECOS no banco de dados...
2026-09-12T03:25:04.487-03:00  INFO 10892 --- [ecommerce] [scheduling-1] c.d.e.service.SincronizacaoService       : Ciclo finalizado. Total de atualizações enviadas: 0
2026-09-12T03:26:00.016-03:00  INFO 10892 --- [ecommerce] [scheduling-1] c.d.e.s.SincronizacaoEstoqueService      : [ESTOQUE] Lendo VW_ECOMMERCE_ESTOQUE no banco de dados...
2026-09-12T03:27:05.132-03:00  INFO 10892 --- [ecommerce] [scheduling-1] c.d.e.s.SincronizacaoEstoqueService      : [ESTOQUE] Ciclo finalizado. Total de atualizações enviadas: 0
2026-09-12T03:27:05.132-03:00  INFO 10892 --- [ecommerce] [scheduling-1] c.d.e.service.SincronizacaoService       : Lendo VW_ECOMMERCE_PRECOS no banco de dados...
2026-09-12T03:27:05.316-03:00  INFO 10892 --- [ecommerce] [scheduling-1] c.d.e.service.SincronizacaoService       : Ciclo finalizado. Total de atualizações enviadas: 0
2026-09-12T03:28:00.002-03:00  INFO 10892 --- [ecommerce] [scheduling-1] c.d.e.service.SincronizacaoService       : Lendo VW_ECOMMERCE_PRECOS no banco de dados...
2026-09-12T03:28:00.145-03:00  INFO 10892 --- [ecommerce] [scheduling-1] c.d.e.service.SincronizacaoService       : Ciclo finalizado. Total de atualizações enviadas: 0
2026-09-12T03:28:00.145-03:00  INFO 10892 --- [ecommerce] [scheduling-1] c.d.e.s.SincronizacaoEstoqueService      : [ESTOQUE] Lendo VW_ECOMMERCE_ESTOQUE no banco de dados...
2026-09-12T03:29:03.448-03:00  INFO 10892 --- [ecommerce] [scheduling-1] c.d.e.s.SincronizacaoEstoqueService      : [ESTOQUE] Ciclo finalizado. Total de atualizações enviadas: 0
2026-09-12T03:29:03.448-03:00  INFO 10892 --- [ecommerce] [scheduling-1] c.d.e.service.SincronizacaoService       : Lendo VW_ECOMMERCE_PRECOS no banco de dados...
2026-09-12T03:29:03.570-03:00  INFO 10892 --- [ecommerce] [scheduling-1] c.d.e.service.SincronizacaoService       : Ciclo finalizado. Total de atualizações enviadas: 0
2026-09-12T03:30:00.001-03:00  INFO 10892 --- [ecommerce] [scheduling-1] c.d.e.service.SincronizacaoService       : Lendo VW_ECOMMERCE_PRECOS no banco de dados...
2026-09-12T03:30:00.067-03:00  INFO 10892 --- [ecommerce] [scheduling-1] c.d.e.service.SincronizacaoService       : Ciclo finalizado. Total de atualizações enviadas: 0
2026-09-12T03:30:00.067-03:00  INFO 10892 --- [ecommerce] [scheduling-1] c.d.e.s.SincronizacaoEstoqueService      : [ESTOQUE] Lendo VW_ECOMMERCE_ESTOQUE no banco de dados...
2026-09-12T03:31:04.179-03:00  INFO 10892 --- [ecommerce] [scheduling-1] c.d.e.s.SincronizacaoEstoqueService      : [ESTOQUE] Ciclo finalizado. Total de atualizações enviadas: 0
2026-09-12T03:31:04.179-03:00  INFO 10892 --- [ecommerce] [scheduling-1] c.d.e.service.SincronizacaoService       : Lendo VW_ECOMMERCE_PRECOS no banco de dados...
2026-09-12T03:31:04.290-03:00  INFO 10892 --- [ecommerce] [scheduling-1] c.d.e.service.SincronizacaoService       : Ciclo finalizado. Total de atualizações enviadas: 0
2026-09-12T03:32:00.001-03:00  INFO 10892 --- [ecommerce] [scheduling-1] c.d.e.service.SincronizacaoService       : Lendo VW_ECOMMERCE_PRECOS no banco de dados...
2026-09-12T03:32:00.067-03:00  INFO 10892 --- [ecommerce] [scheduling-1] c.d.e.service.SincronizacaoService       : Ciclo finalizado. Total de atualizações enviadas: 0
2026-09-12T03:32:00.067-03:00  INFO 10892 --- [ecommerce] [scheduling-1] c.d.e.s.SincronizacaoEstoqueService      : [ESTOQUE] Lendo VW_ECOMMERCE_ESTOQUE no banco de dados...
2026-09-12T03:32:50.193-03:00  INFO 10892 --- [ecommerce] [scheduling-1] c.d.e.s.SincronizacaoEstoqueService      : [ESTOQUE] Ciclo finalizado. Total de atualizações enviadas: 0
2026-09-12T03:33:00.009-03:00  INFO 10892 --- [ecommerce] [scheduling-1] c.d.e.service.SincronizacaoService       : Lendo VW_ECOMMERCE_PRECOS no banco de dados...
2026-09-12T03:33:00.153-03:00  INFO 10892 --- [ecommerce] [scheduling-1] c.d.e.service.SincronizacaoService       : Ciclo finalizado. Total de atualizações enviadas: 0
2026-09-12T03:33:00.153-03:00  INFO 10892 --- [ecommerce] [scheduling-1] c.d.e.s.SincronizacaoEstoqueService      : [ESTOQUE] Lendo VW_ECOMMERCE_ESTOQUE no banco de dados...
2026-09-12T03:34:02.231-03:00  INFO 10892 --- [ecommerce] [scheduling-1] c.d.e.s.SincronizacaoEstoqueService      : [ESTOQUE] Ciclo finalizado. Total de atualizações enviadas: 0
2026-09-12T03:34:02.231-03:00  INFO 10892 --- [ecommerce] [scheduling-1] c.d.e.service.SincronizacaoService       : Lendo VW_ECOMMERCE_PRECOS no banco de dados...
2026-09-12T03:34:02.295-03:00  INFO 10892 --- [ecommerce] [scheduling-1] c.d.e.service.SincronizacaoService       : Ciclo finalizado. Total de atualizações enviadas: 0
2026-09-12T03:35:00.009-03:00  INFO 10892 --- [ecommerce] [scheduling-1] c.d.e.s.SincronizacaoEstoqueService      : [ESTOQUE] Lendo VW_ECOMMERCE_ESTOQUE no banco de dados...
2026-09-12T03:36:02.944-03:00  INFO 10892 --- [ecommerce] [scheduling-1] c.d.e.s.SincronizacaoEstoqueService      : [ESTOQUE] Ciclo finalizado. Total de atualizações enviadas: 0
2026-09-12T03:36:02.944-03:00  INFO 10892 --- [ecommerce] [scheduling-1] c.d.e.service.SincronizacaoService       : Lendo VW_ECOMMERCE_PRECOS no banco de dados...
2026-09-12T03:36:03.010-03:00  INFO 10892 --- [ecommerce] [scheduling-1] c.d.e.service.SincronizacaoService       : Ciclo finalizado. Total de atualizações enviadas: 0
2026-09-12T03:37:00.012-03:00  INFO 10892 --- [ecommerce] [scheduling-1] c.d.e.s.SincronizacaoEstoqueService      : [ESTOQUE] Lendo VW_ECOMMERCE_ESTOQUE no banco de dados...
2026-09-12T03:38:04.995-03:00  INFO 10892 --- [ecommerce] [scheduling-1] c.d.e.s.SincronizacaoEstoqueService      : [ESTOQUE] Ciclo finalizado. Total de atualizações enviadas: 0
2026-09-12T03:38:04.997-03:00  INFO 10892 --- [ecommerce] [scheduling-1] c.d.e.service.SincronizacaoService       : Lendo VW_ECOMMERCE_PRECOS no banco de dados...
2026-09-12T03:38:05.089-03:00  INFO 10892 --- [ecommerce] [scheduling-1] c.d.e.service.SincronizacaoService       : Ciclo finalizado. Total de atualizações enviadas: 0
2026-09-12T03:39:00.008-03:00  INFO 10892 --- [ecommerce] [scheduling-1] c.d.e.s.SincronizacaoEstoqueService      : [ESTOQUE] Lendo VW_ECOMMERCE_ESTOQUE no banco de dados...
2026-09-12T03:40:02.434-03:00  INFO 10892 --- [ecommerce] [scheduling-1] c.d.e.s.SincronizacaoEstoqueService      : [ESTOQUE] Ciclo finalizado. Total de atualizações enviadas: 0
2026-09-12T03:40:02.434-03:00  INFO 10892 --- [ecommerce] [scheduling-1] c.d.e.service.SincronizacaoService       : Lendo VW_ECOMMERCE_PRECOS no banco de dados...
2026-09-12T03:40:02.530-03:00  INFO 10892 --- [ecommerce] [scheduling-1] c.d.e.service.SincronizacaoService       : Ciclo finalizado. Total de atualizações enviadas: 0
2026-09-12T03:41:00.013-03:00  INFO 10892 --- [ecommerce] [scheduling-1] c.d.e.service.SincronizacaoService       : Lendo VW_ECOMMERCE_PRECOS no banco de dados...
2026-09-12T03:41:00.079-03:00  INFO 10892 --- [ecommerce] [scheduling-1] c.d.e.service.SincronizacaoService       : Ciclo finalizado. Total de atualizações enviadas: 0
2026-09-12T03:41:00.079-03:00  INFO 10892 --- [ecommerce] [scheduling-1] c.d.e.s.SincronizacaoEstoqueService      : [ESTOQUE] Lendo VW_ECOMMERCE_ESTOQUE no banco de dados...
2026-09-12T03:42:02.463-03:00  INFO 10892 --- [ecommerce] [scheduling-1] c.d.e.s.SincronizacaoEstoqueService      : [ESTOQUE] Ciclo finalizado. Total de atualizações enviadas: 0
2026-09-12T03:42:02.463-03:00  INFO 10892 --- [ecommerce] [scheduling-1] c.d.e.service.SincronizacaoService       : Lendo VW_ECOMMERCE_PRECOS no banco de dados...
2026-09-12T03:42:02.535-03:00  INFO 10892 --- [ecommerce] [scheduling-1] c.d.e.service.SincronizacaoService       : Ciclo finalizado. Total de atualizações enviadas: 0
2026-09-12T03:43:00.008-03:00  INFO 10892 --- [ecommerce] [scheduling-1] c.d.e.service.SincronizacaoService       : Lendo VW_ECOMMERCE_PRECOS no banco de dados...
2026-09-12T03:43:00.119-03:00  INFO 10892 --- [ecommerce] [scheduling-1] c.d.e.service.SincronizacaoService       : Ciclo finalizado. Total de atualizações enviadas: 0
2026-09-12T03:43:00.119-03:00  INFO 10892 --- [ecommerce] [scheduling-1] c.d.e.s.SincronizacaoEstoqueService      : [ESTOQUE] Lendo VW_ECOMMERCE_ESTOQUE no banco de dados...
2026-09-12T03:44:04.297-03:00  INFO 10892 --- [ecommerce] [scheduling-1] c.d.e.s.SincronizacaoEstoqueService      : [ESTOQUE] Ciclo finalizado. Total de atualizações enviadas: 0
2026-09-12T03:44:04.301-03:00  INFO 10892 --- [ecommerce] [scheduling-1] c.d.e.service.SincronizacaoService       : Lendo VW_ECOMMERCE_PRECOS no banco de dados...
2026-09-12T03:44:04.397-03:00  INFO 10892 --- [ecommerce] [scheduling-1] c.d.e.service.SincronizacaoService       : Ciclo finalizado. Total de atualizações enviadas: 0
2026-09-12T03:45:00.003-03:00  INFO 10892 --- [ecommerce] [scheduling-1] c.d.e.s.SincronizacaoEstoqueService      : [ESTOQUE] Lendo VW_ECOMMERCE_ESTOQUE no banco de dados...
2026-09-12T03:46:03.249-03:00  INFO 10892 --- [ecommerce] [scheduling-1] c.d.e.s.SincronizacaoEstoqueService      : [ESTOQUE] Ciclo finalizado. Total de atualizações enviadas: 0
2026-09-12T03:46:03.249-03:00  INFO 10892 --- [ecommerce] [scheduling-1] c.d.e.service.SincronizacaoService       : Lendo VW_ECOMMERCE_PRECOS no banco de dados...
2026-09-12T03:46:03.310-03:00  INFO 10892 --- [ecommerce] [scheduling-1] c.d.e.service.SincronizacaoService       : Ciclo finalizado. Total de atualizações enviadas: 0
2026-09-12T03:47:00.015-03:00  INFO 10892 --- [ecommerce] [scheduling-1] c.d.e.service.SincronizacaoService       : Lendo VW_ECOMMERCE_PRECOS no banco de dados...
2026-09-12T03:47:00.127-03:00  INFO 10892 --- [ecommerce] [scheduling-1] c.d.e.service.SincronizacaoService       : Ciclo finalizado. Total de atualizações enviadas: 0
2026-09-12T03:47:00.127-03:00  INFO 10892 --- [ecommerce] [scheduling-1] c.d.e.s.SincronizacaoEstoqueService      : [ESTOQUE] Lendo VW_ECOMMERCE_ESTOQUE no banco de dados...
2026-09-12T03:48:05.208-03:00  INFO 10892 --- [ecommerce] [scheduling-1] c.d.e.s.SincronizacaoEstoqueService      : [ESTOQUE] Ciclo finalizado. Total de atualizações enviadas: 0
2026-09-12T03:48:05.208-03:00  INFO 10892 --- [ecommerce] [scheduling-1] c.d.e.service.SincronizacaoService       : Lendo VW_ECOMMERCE_PRECOS no banco de dados...
2026-09-12T03:48:05.312-03:00  INFO 10892 --- [ecommerce] [scheduling-1] c.d.e.service.SincronizacaoService       : Ciclo finalizado. Total de atualizações enviadas: 0
2026-09-12T03:49:00.000-03:00  INFO 10892 --- [ecommerce] [scheduling-1] c.d.e.service.SincronizacaoService       : Lendo VW_ECOMMERCE_PRECOS no banco de dados...
2026-09-12T03:49:00.064-03:00  INFO 10892 --- [ecommerce] [scheduling-1] c.d.e.service.SincronizacaoService       : Ciclo finalizado. Total de atualizações enviadas: 0
2026-09-12T03:49:00.064-03:00  INFO 10892 --- [ecommerce] [scheduling-1] c.d.e.s.SincronizacaoEstoqueService      : [ESTOQUE] Lendo VW_ECOMMERCE_ESTOQUE no banco de dados...
2026-09-12T03:50:03.794-03:00  INFO 10892 --- [ecommerce] [scheduling-1] c.d.e.s.SincronizacaoEstoqueService      : [ESTOQUE] Ciclo finalizado. Total de atualizações enviadas: 0
2026-09-12T03:50:03.794-03:00  INFO 10892 --- [ecommerce] [scheduling-1] c.d.e.service.SincronizacaoService       : Lendo VW_ECOMMERCE_PRECOS no banco de dados...
2026-09-12T03:50:03.888-03:00  INFO 10892 --- [ecommerce] [scheduling-1] c.d.e.service.SincronizacaoService       : Ciclo finalizado. Total de atualizações enviadas: 0
2026-09-12T03:51:00.001-03:00  INFO 10892 --- [ecommerce] [scheduling-1] c.d.e.service.SincronizacaoService       : Lendo VW_ECOMMERCE_PRECOS no banco de dados...
2026-09-12T03:51:00.087-03:00  INFO 10892 --- [ecommerce] [scheduling-1] c.d.e.service.SincronizacaoService       : Ciclo finalizado. Total de atualizações enviadas: 0
2026-09-12T03:51:00.087-03:00  INFO 10892 --- [ecommerce] [scheduling-1] c.d.e.s.SincronizacaoEstoqueService      : [ESTOQUE] Lendo VW_ECOMMERCE_ESTOQUE no banco de dados...
2026-09-12T03:52:03.061-03:00  INFO 10892 --- [ecommerce] [scheduling-1] c.d.e.s.SincronizacaoEstoqueService      : [ESTOQUE] Ciclo finalizado. Total de atualizações enviadas: 0
2026-09-12T03:52:03.061-03:00  INFO 10892 --- [ecommerce] [scheduling-1] c.d.e.service.SincronizacaoService       : Lendo VW_ECOMMERCE_PRECOS no banco de dados...
2026-09-12T03:52:03.159-03:00  INFO 10892 --- [ecommerce] [scheduling-1] c.d.e.service.SincronizacaoService       : Ciclo finalizado. Total de atualizações enviadas: 0
2026-09-12T03:53:00.010-03:00  INFO 10892 --- [ecommerce] [scheduling-1] c.d.e.service.SincronizacaoService       : Lendo VW_ECOMMERCE_PRECOS no banco de dados...
2026-09-12T03:53:00.135-03:00  INFO 10892 --- [ecommerce] [scheduling-1] c.d.e.service.SincronizacaoService       : Ciclo finalizado. Total de atualizações enviadas: 0
2026-09-12T03:53:00.136-03:00  INFO 10892 --- [ecommerce] [scheduling-1] c.d.e.s.SincronizacaoEstoqueService      : [ESTOQUE] Lendo VW_ECOMMERCE_ESTOQUE no banco de dados...
2026-09-12T03:54:04.972-03:00  INFO 10892 --- [ecommerce] [scheduling-1] c.d.e.s.SincronizacaoEstoqueService      : [ESTOQUE] Ciclo finalizado. Total de atualizações enviadas: 0
2026-09-12T03:54:04.972-03:00  INFO 10892 --- [ecommerce] [scheduling-1] c.d.e.service.SincronizacaoService       : Lendo VW_ECOMMERCE_PRECOS no banco de dados...
2026-09-12T03:54:05.067-03:00  INFO 10892 --- [ecommerce] [scheduling-1] c.d.e.service.SincronizacaoService       : Ciclo finalizado. Total de atualizações enviadas: 0
2026-09-12T03:55:00.012-03:00  INFO 10892 --- [ecommerce] [scheduling-1] c.d.e.service.SincronizacaoService       : Lendo VW_ECOMMERCE_PRECOS no banco de dados...
2026-09-12T03:55:00.155-03:00  INFO 10892 --- [ecommerce] [scheduling-1] c.d.e.service.SincronizacaoService       : Ciclo finalizado. Total de atualizações enviadas: 0
2026-09-12T03:55:00.155-03:00  INFO 10892 --- [ecommerce] [scheduling-1] c.d.e.s.SincronizacaoEstoqueService      : [ESTOQUE] Lendo VW_ECOMMERCE_ESTOQUE no banco de dados...
2026-09-12T03:56:01.709-03:00  INFO 10892 --- [ecommerce] [scheduling-1] c.d.e.s.SincronizacaoEstoqueService      : [ESTOQUE] Ciclo finalizado. Total de atualizações enviadas: 0
2026-09-12T03:56:01.709-03:00  INFO 10892 --- [ecommerce] [scheduling-1] c.d.e.service.SincronizacaoService       : Lendo VW_ECOMMERCE_PRECOS no banco de dados...
2026-09-12T03:56:01.757-03:00  INFO 10892 --- [ecommerce] [scheduling-1] c.d.e.service.SincronizacaoService       : Ciclo finalizado. Total de atualizações enviadas: 0
2026-09-12T03:57:00.018-03:00  INFO 10892 --- [ecommerce] [scheduling-1] c.d.e.s.SincronizacaoEstoqueService      : [ESTOQUE] Lendo VW_ECOMMERCE_ESTOQUE no banco de dados...
2026-09-12T03:58:02.739-03:00  INFO 10892 --- [ecommerce] [scheduling-1] c.d.e.s.SincronizacaoEstoqueService      : [ESTOQUE] Ciclo finalizado. Total de atualizações enviadas: 0
2026-09-12T03:58:02.739-03:00  INFO 10892 --- [ecommerce] [scheduling-1] c.d.e.service.SincronizacaoService       : Lendo VW_ECOMMERCE_PRECOS no banco de dados...
2026-09-12T03:58:02.833-03:00  INFO 10892 --- [ecommerce] [scheduling-1] c.d.e.service.SincronizacaoService       : Ciclo finalizado. Total de atualizações enviadas: 0
2026-09-12T03:59:00.007-03:00  INFO 10892 --- [ecommerce] [scheduling-1] c.d.e.service.SincronizacaoService       : Lendo VW_ECOMMERCE_PRECOS no banco de dados...
2026-09-12T03:59:00.087-03:00  INFO 10892 --- [ecommerce] [scheduling-1] c.d.e.service.SincronizacaoService       : Ciclo finalizado. Total de atualizações enviadas: 0
2026-09-12T03:59:00.087-03:00  INFO 10892 --- [ecommerce] [scheduling-1] c.d.e.s.SincronizacaoEstoqueService      : [ESTOQUE] Lendo VW_ECOMMERCE_ESTOQUE no banco de dados...
2026-09-12T04:00:03.503-03:00  INFO 10892 --- [ecommerce] [scheduling-1] c.d.e.s.SincronizacaoEstoqueService      : [ESTOQUE] Ciclo finalizado. Total de atualizações enviadas: 0
2026-09-12T04:00:03.503-03:00  INFO 10892 --- [ecommerce] [scheduling-1] c.d.e.service.SincronizacaoService       : Lendo VW_ECOMMERCE_PRECOS no banco de dados...
2026-09-12T04:00:03.583-03:00  INFO 10892 --- [ecommerce] [scheduling-1] c.d.e.service.SincronizacaoService       : Ciclo finalizado. Total de atualizações enviadas: 0
2026-09-12T04:01:00.014-03:00  INFO 10892 --- [ecommerce] [scheduling-1] c.d.e.s.SincronizacaoEstoqueService      : [ESTOQUE] Lendo VW_ECOMMERCE_ESTOQUE no banco de dados...
2026-09-12T04:02:03.470-03:00  INFO 10892 --- [ecommerce] [scheduling-1] c.d.e.s.SincronizacaoEstoqueService      : [ESTOQUE] Ciclo finalizado. Total de atualizações enviadas: 0
2026-09-12T04:02:03.470-03:00  INFO 10892 --- [ecommerce] [scheduling-1] c.d.e.service.SincronizacaoService       : Lendo VW_ECOMMERCE_PRECOS no banco de dados...
2026-09-12T04:02:03.617-03:00  INFO 10892 --- [ecommerce] [scheduling-1] c.d.e.service.SincronizacaoService       : Ciclo finalizado. Total de atualizações enviadas: 0
2026-09-12T04:03:00.002-03:00  INFO 10892 --- [ecommerce] [scheduling-1] c.d.e.service.SincronizacaoService       : Lendo VW_ECOMMERCE_PRECOS no banco de dados...
2026-09-12T04:03:00.098-03:00  INFO 10892 --- [ecommerce] [scheduling-1] c.d.e.service.SincronizacaoService       : Ciclo finalizado. Total de atualizações enviadas: 0
2026-09-12T04:03:00.098-03:00  INFO 10892 --- [ecommerce] [scheduling-1] c.d.e.s.SincronizacaoEstoqueService      : [ESTOQUE] Lendo VW_ECOMMERCE_ESTOQUE no banco de dados...
2026-09-12T04:04:02.830-03:00  INFO 10892 --- [ecommerce] [scheduling-1] c.d.e.s.SincronizacaoEstoqueService      : [ESTOQUE] Ciclo finalizado. Total de atualizações enviadas: 0
2026-09-12T04:04:02.830-03:00  INFO 10892 --- [ecommerce] [scheduling-1] c.d.e.service.SincronizacaoService       : Lendo VW_ECOMMERCE_PRECOS no banco de dados...
2026-09-12T04:04:03.150-03:00  INFO 10892 --- [ecommerce] [scheduling-1] c.d.e.service.SincronizacaoService       : Ciclo finalizado. Total de atualizações enviadas: 0
2026-09-12T04:05:00.011-03:00  INFO 10892 --- [ecommerce] [scheduling-1] c.d.e.s.SincronizacaoEstoqueService      : [ESTOQUE] Lendo VW_ECOMMERCE_ESTOQUE no banco de dados...
2026-09-12T04:06:02.783-03:00  INFO 10892 --- [ecommerce] [scheduling-1] c.d.e.s.SincronizacaoEstoqueService      : [ESTOQUE] Ciclo finalizado. Total de atualizações enviadas: 0
2026-09-12T04:06:02.783-03:00  INFO 10892 --- [ecommerce] [scheduling-1] c.d.e.service.SincronizacaoService       : Lendo VW_ECOMMERCE_PRECOS no banco de dados...
2026-09-12T04:06:02.911-03:00  INFO 10892 --- [ecommerce] [scheduling-1] c.d.e.service.SincronizacaoService       : Ciclo finalizado. Total de atualizações enviadas: 0
2026-09-12T04:07:00.010-03:00  INFO 10892 --- [ecommerce] [scheduling-1] c.d.e.service.SincronizacaoService       : Lendo VW_ECOMMERCE_PRECOS no banco de dados...
2026-09-12T04:07:00.074-03:00  INFO 10892 --- [ecommerce] [scheduling-1] c.d.e.service.SincronizacaoService       : Ciclo finalizado. Total de atualizações enviadas: 0
2026-09-12T04:07:00.074-03:00  INFO 10892 --- [ecommerce] [scheduling-1] c.d.e.s.SincronizacaoEstoqueService      : [ESTOQUE] Lendo VW_ECOMMERCE_ESTOQUE no banco de dados...
2026-09-12T04:08:03.706-03:00  INFO 10892 --- [ecommerce] [scheduling-1] c.d.e.s.SincronizacaoEstoqueService      : [ESTOQUE] Ciclo finalizado. Total de atualizações enviadas: 0
2026-09-12T04:08:03.706-03:00  INFO 10892 --- [ecommerce] [scheduling-1] c.d.e.service.SincronizacaoService       : Lendo VW_ECOMMERCE_PRECOS no banco de dados...
2026-09-12T04:08:03.771-03:00  INFO 10892 --- [ecommerce] [scheduling-1] c.d.e.service.SincronizacaoService       : Ciclo finalizado. Total de atualizações enviadas: 0
2026-09-12T04:09:00.023-03:00  INFO 10892 --- [ecommerce] [scheduling-1] c.d.e.service.SincronizacaoService       : Lendo VW_ECOMMERCE_PRECOS no banco de dados...
2026-09-12T04:09:00.278-03:00  INFO 10892 --- [ecommerce] [scheduling-1] c.d.e.service.SincronizacaoService       : Ciclo finalizado. Total de atualizações enviadas: 0
2026-09-12T04:09:00.278-03:00  INFO 10892 --- [ecommerce] [scheduling-1] c.d.e.s.SincronizacaoEstoqueService      : [ESTOQUE] Lendo VW_ECOMMERCE_ESTOQUE no banco de dados...
2026-09-12T04:10:03.405-03:00  INFO 10892 --- [ecommerce] [scheduling-1] c.d.e.s.SincronizacaoEstoqueService      : [ESTOQUE] Ciclo finalizado. Total de atualizações enviadas: 0
2026-09-12T04:10:03.405-03:00  INFO 10892 --- [ecommerce] [scheduling-1] c.d.e.service.SincronizacaoService       : Lendo VW_ECOMMERCE_PRECOS no banco de dados...
2026-09-12T04:10:03.469-03:00  INFO 10892 --- [ecommerce] [scheduling-1] c.d.e.service.SincronizacaoService       : Ciclo finalizado. Total de atualizações enviadas: 0
2026-09-12T04:11:00.007-03:00  INFO 10892 --- [ecommerce] [scheduling-1] c.d.e.s.SincronizacaoEstoqueService      : [ESTOQUE] Lendo VW_ECOMMERCE_ESTOQUE no banco de dados...
2026-09-12T04:12:03.470-03:00  INFO 10892 --- [ecommerce] [scheduling-1] c.d.e.s.SincronizacaoEstoqueService      : [ESTOQUE] Ciclo finalizado. Total de atualizações enviadas: 0
2026-09-12T04:12:03.470-03:00  INFO 10892 --- [ecommerce] [scheduling-1] c.d.e.service.SincronizacaoService       : Lendo VW_ECOMMERCE_PRECOS no banco de dados...
2026-09-12T04:12:03.535-03:00  INFO 10892 --- [ecommerce] [scheduling-1] c.d.e.service.SincronizacaoService       : Ciclo finalizado. Total de atualizações enviadas: 0
2026-09-12T04:13:00.007-03:00  INFO 10892 --- [ecommerce] [scheduling-1] c.d.e.service.SincronizacaoService       : Lendo VW_ECOMMERCE_PRECOS no banco de dados...
2026-09-12T04:13:00.089-03:00  INFO 10892 --- [ecommerce] [scheduling-1] c.d.e.service.SincronizacaoService       : Ciclo finalizado. Total de atualizações enviadas: 0
2026-09-12T04:13:00.089-03:00  INFO 10892 --- [ecommerce] [scheduling-1] c.d.e.s.SincronizacaoEstoqueService      : [ESTOQUE] Lendo VW_ECOMMERCE_ESTOQUE no banco de dados...
2026-09-12T04:14:03.929-03:00  INFO 10892 --- [ecommerce] [scheduling-1] c.d.e.s.SincronizacaoEstoqueService      : [ESTOQUE] Ciclo finalizado. Total de atualizações enviadas: 0
2026-09-12T04:14:03.943-03:00  INFO 10892 --- [ecommerce] [scheduling-1] c.d.e.service.SincronizacaoService       : Lendo VW_ECOMMERCE_PRECOS no banco de dados...
2026-09-12T04:14:04.007-03:00  INFO 10892 --- [ecommerce] [scheduling-1] c.d.e.service.SincronizacaoService       : Ciclo finalizado. Total de atualizações enviadas: 0
2026-09-12T04:15:00.006-03:00  INFO 10892 --- [ecommerce] [scheduling-1] c.d.e.s.SincronizacaoEstoqueService      : [ESTOQUE] Lendo VW_ECOMMERCE_ESTOQUE no banco de dados...
2026-09-12T04:16:04.939-03:00  INFO 10892 --- [ecommerce] [scheduling-1] c.d.e.s.SincronizacaoEstoqueService      : [ESTOQUE] Ciclo finalizado. Total de atualizações enviadas: 0
2026-09-12T04:16:04.939-03:00  INFO 10892 --- [ecommerce] [scheduling-1] c.d.e.service.SincronizacaoService       : Lendo VW_ECOMMERCE_PRECOS no banco de dados...
2026-09-12T04:16:05.096-03:00  INFO 10892 --- [ecommerce] [scheduling-1] c.d.e.service.SincronizacaoService       : Ciclo finalizado. Total de atualizações enviadas: 0
2026-09-12T04:17:00.019-03:00  INFO 10892 --- [ecommerce] [scheduling-1] c.d.e.s.SincronizacaoEstoqueService      : [ESTOQUE] Lendo VW_ECOMMERCE_ESTOQUE no banco de dados...
2026-09-12T04:18:04.438-03:00  INFO 10892 --- [ecommerce] [scheduling-1] c.d.e.s.SincronizacaoEstoqueService      : [ESTOQUE] Ciclo finalizado. Total de atualizações enviadas: 0
2026-09-12T04:18:04.452-03:00  INFO 10892 --- [ecommerce] [scheduling-1] c.d.e.service.SincronizacaoService       : Lendo VW_ECOMMERCE_PRECOS no banco de dados...
2026-09-12T04:18:04.516-03:00  INFO 10892 --- [ecommerce] [scheduling-1] c.d.e.service.SincronizacaoService       : Ciclo finalizado. Total de atualizações enviadas: 0
2026-09-12T04:19:00.014-03:00  INFO 10892 --- [ecommerce] [scheduling-1] c.d.e.s.SincronizacaoEstoqueService      : [ESTOQUE] Lendo VW_ECOMMERCE_ESTOQUE no banco de dados...
2026-09-12T04:20:05.233-03:00  INFO 10892 --- [ecommerce] [scheduling-1] c.d.e.s.SincronizacaoEstoqueService      : [ESTOQUE] Ciclo finalizado. Total de atualizações enviadas: 0
2026-09-12T04:20:05.233-03:00  INFO 10892 --- [ecommerce] [scheduling-1] c.d.e.service.SincronizacaoService       : Lendo VW_ECOMMERCE_PRECOS no banco de dados...
2026-09-12T04:20:05.347-03:00  INFO 10892 --- [ecommerce] [scheduling-1] c.d.e.service.SincronizacaoService       : Ciclo finalizado. Total de atualizações enviadas: 0
2026-09-12T04:21:00.013-03:00  INFO 10892 --- [ecommerce] [scheduling-1] c.d.e.service.SincronizacaoService       : Lendo VW_ECOMMERCE_PRECOS no banco de dados...
2026-09-12T04:21:00.125-03:00  INFO 10892 --- [ecommerce] [scheduling-1] c.d.e.service.SincronizacaoService       : Ciclo finalizado. Total de atualizações enviadas: 0
2026-09-12T04:21:00.125-03:00  INFO 10892 --- [ecommerce] [scheduling-1] c.d.e.s.SincronizacaoEstoqueService      : [ESTOQUE] Lendo VW_ECOMMERCE_ESTOQUE no banco de dados...
2026-09-12T04:22:03.165-03:00  INFO 10892 --- [ecommerce] [scheduling-1] c.d.e.s.SincronizacaoEstoqueService      : [ESTOQUE] Ciclo finalizado. Total de atualizações enviadas: 0
2026-09-12T04:22:03.165-03:00  INFO 10892 --- [ecommerce] [scheduling-1] c.d.e.service.SincronizacaoService       : Lendo VW_ECOMMERCE_PRECOS no banco de dados...
2026-09-12T04:22:03.229-03:00  INFO 10892 --- [ecommerce] [scheduling-1] c.d.e.service.SincronizacaoService       : Ciclo finalizado. Total de atualizações enviadas: 0
2026-09-12T04:23:00.002-03:00  INFO 10892 --- [ecommerce] [scheduling-1] c.d.e.s.SincronizacaoEstoqueService      : [ESTOQUE] Lendo VW_ECOMMERCE_ESTOQUE no banco de dados...
2026-09-12T04:23:34.034-03:00  INFO 10892 --- [ecommerce] [scheduling-1] c.d.e.s.SincronizacaoEstoqueService      : [ESTOQUE] Ciclo finalizado. Total de atualizações enviadas: 0
2026-09-12T04:23:34.050-03:00  INFO 10892 --- [ecommerce] [scheduling-1] c.d.e.service.SincronizacaoService       : Lendo VW_ECOMMERCE_PRECOS no banco de dados...
2026-09-12T04:23:34.117-03:00  INFO 10892 --- [ecommerce] [scheduling-1] c.d.e.service.SincronizacaoService       : Ciclo finalizado. Total de atualizações enviadas: 0
2026-09-12T04:24:00.013-03:00  INFO 10892 --- [ecommerce] [scheduling-1] c.d.e.s.SincronizacaoEstoqueService      : [ESTOQUE] Lendo VW_ECOMMERCE_ESTOQUE no banco de dados...
2026-09-12T04:24:48.412-03:00  INFO 10892 --- [ecommerce] [scheduling-1] c.d.e.s.SincronizacaoEstoqueService      : [ESTOQUE] Ciclo finalizado. Total de atualizações enviadas: 0
2026-09-12T04:24:48.412-03:00  INFO 10892 --- [ecommerce] [scheduling-1] c.d.e.service.SincronizacaoService       : Lendo VW_ECOMMERCE_PRECOS no banco de dados...
2026-09-12T04:24:48.617-03:00  INFO 10892 --- [ecommerce] [scheduling-1] c.d.e.service.SincronizacaoService       : Ciclo finalizado. Total de atualizações enviadas: 0
2026-09-12T04:25:00.012-03:00  INFO 10892 --- [ecommerce] [scheduling-1] c.d.e.service.SincronizacaoService       : Lendo VW_ECOMMERCE_PRECOS no banco de dados...
2026-09-12T04:25:00.078-03:00  INFO 10892 --- [ecommerce] [scheduling-1] c.d.e.service.SincronizacaoService       : Ciclo finalizado. Total de atualizações enviadas: 0
2026-09-12T04:25:00.078-03:00  INFO 10892 --- [ecommerce] [scheduling-1] c.d.e.s.SincronizacaoEstoqueService      : [ESTOQUE] Lendo VW_ECOMMERCE_ESTOQUE no banco de dados...
2026-09-12T04:26:02.838-03:00  INFO 10892 --- [ecommerce] [scheduling-1] c.d.e.s.SincronizacaoEstoqueService      : [ESTOQUE] Ciclo finalizado. Total de atualizações enviadas: 0
2026-09-12T04:26:02.838-03:00  INFO 10892 --- [ecommerce] [scheduling-1] c.d.e.service.SincronizacaoService       : Lendo VW_ECOMMERCE_PRECOS no banco de dados...
2026-09-12T04:26:02.904-03:00  INFO 10892 --- [ecommerce] [scheduling-1] c.d.e.service.SincronizacaoService       : Ciclo finalizado. Total de atualizações enviadas: 0
2026-09-12T04:27:00.005-03:00  INFO 10892 --- [ecommerce] [scheduling-1] c.d.e.s.SincronizacaoEstoqueService      : [ESTOQUE] Lendo VW_ECOMMERCE_ESTOQUE no banco de dados...
2026-09-12T04:28:03.906-03:00  INFO 10892 --- [ecommerce] [scheduling-1] c.d.e.s.SincronizacaoEstoqueService      : [ESTOQUE] Ciclo finalizado. Total de atualizações enviadas: 0
2026-09-12T04:28:03.906-03:00  INFO 10892 --- [ecommerce] [scheduling-1] c.d.e.service.SincronizacaoService       : Lendo VW_ECOMMERCE_PRECOS no banco de dados...
2026-09-12T04:28:03.970-03:00  INFO 10892 --- [ecommerce] [scheduling-1] c.d.e.service.SincronizacaoService       : Ciclo finalizado. Total de atualizações enviadas: 0
2026-09-12T04:29:00.004-03:00  INFO 10892 --- [ecommerce] [scheduling-1] c.d.e.s.SincronizacaoEstoqueService      : [ESTOQUE] Lendo VW_ECOMMERCE_ESTOQUE no banco de dados...
2026-09-12T04:30:04.628-03:00  INFO 10892 --- [ecommerce] [scheduling-1] c.d.e.s.SincronizacaoEstoqueService      : [ESTOQUE] Ciclo finalizado. Total de atualizações enviadas: 0
2026-09-12T04:30:04.628-03:00  INFO 10892 --- [ecommerce] [scheduling-1] c.d.e.service.SincronizacaoService       : Lendo VW_ECOMMERCE_PRECOS no banco de dados...
2026-09-12T04:30:04.916-03:00  INFO 10892 --- [ecommerce] [scheduling-1] c.d.e.service.SincronizacaoService       : Ciclo finalizado. Total de atualizações enviadas: 0
2026-09-12T04:31:00.013-03:00  INFO 10892 --- [ecommerce] [scheduling-1] c.d.e.s.SincronizacaoEstoqueService      : [ESTOQUE] Lendo VW_ECOMMERCE_ESTOQUE no banco de dados...
2026-09-12T04:32:05.082-03:00  INFO 10892 --- [ecommerce] [scheduling-1] c.d.e.s.SincronizacaoEstoqueService      : [ESTOQUE] Ciclo finalizado. Total de atualizações enviadas: 0
2026-09-12T04:32:05.082-03:00  INFO 10892 --- [ecommerce] [scheduling-1] c.d.e.service.SincronizacaoService       : Lendo VW_ECOMMERCE_PRECOS no banco de dados...
2026-09-12T04:32:05.181-03:00  INFO 10892 --- [ecommerce] [scheduling-1] c.d.e.service.SincronizacaoService       : Ciclo finalizado. Total de atualizações enviadas: 0
2026-09-12T04:32:59.999-03:00  INFO 10892 --- [ecommerce] [scheduling-1] c.d.e.service.SincronizacaoService       : Lendo VW_ECOMMERCE_PRECOS no banco de dados...
2026-09-12T04:33:00.144-03:00  INFO 10892 --- [ecommerce] [scheduling-1] c.d.e.service.SincronizacaoService       : Ciclo finalizado. Total de atualizações enviadas: 0
2026-09-12T04:33:00.144-03:00  INFO 10892 --- [ecommerce] [scheduling-1] c.d.e.s.SincronizacaoEstoqueService      : [ESTOQUE] Lendo VW_ECOMMERCE_ESTOQUE no banco de dados...
2026-09-12T04:34:02.962-03:00  INFO 10892 --- [ecommerce] [scheduling-1] c.d.e.s.SincronizacaoEstoqueService      : [ESTOQUE] Ciclo finalizado. Total de atualizações enviadas: 0
2026-09-12T04:34:02.962-03:00  INFO 10892 --- [ecommerce] [scheduling-1] c.d.e.service.SincronizacaoService       : Lendo VW_ECOMMERCE_PRECOS no banco de dados...
2026-09-12T04:34:03.042-03:00  INFO 10892 --- [ecommerce] [scheduling-1] c.d.e.service.SincronizacaoService       : Ciclo finalizado. Total de atualizações enviadas: 0
2026-09-12T04:35:00.005-03:00  INFO 10892 --- [ecommerce] [scheduling-1] c.d.e.service.SincronizacaoService       : Lendo VW_ECOMMERCE_PRECOS no banco de dados...
2026-09-12T04:35:00.084-03:00  INFO 10892 --- [ecommerce] [scheduling-1] c.d.e.service.SincronizacaoService       : Ciclo finalizado. Total de atualizações enviadas: 0
2026-09-12T04:35:00.084-03:00  INFO 10892 --- [ecommerce] [scheduling-1] c.d.e.s.SincronizacaoEstoqueService      : [ESTOQUE] Lendo VW_ECOMMERCE_ESTOQUE no banco de dados...
2026-09-12T04:36:03.938-03:00  INFO 10892 --- [ecommerce] [scheduling-1] c.d.e.s.SincronizacaoEstoqueService      : [ESTOQUE] Ciclo finalizado. Total de atualizações enviadas: 0
2026-09-12T04:36:03.938-03:00  INFO 10892 --- [ecommerce] [scheduling-1] c.d.e.service.SincronizacaoService       : Lendo VW_ECOMMERCE_PRECOS no banco de dados...
2026-09-12T04:36:03.993-03:00  INFO 10892 --- [ecommerce] [scheduling-1] c.d.e.service.SincronizacaoService       : Ciclo finalizado. Total de atualizações enviadas: 0
2026-09-12T04:37:00.004-03:00  INFO 10892 --- [ecommerce] [scheduling-1] c.d.e.s.SincronizacaoEstoqueService      : [ESTOQUE] Lendo VW_ECOMMERCE_ESTOQUE no banco de dados...
2026-09-12T04:38:04.564-03:00  INFO 10892 --- [ecommerce] [scheduling-1] c.d.e.s.SincronizacaoEstoqueService      : [ESTOQUE] Ciclo finalizado. Total de atualizações enviadas: 0
2026-09-12T04:38:04.564-03:00  INFO 10892 --- [ecommerce] [scheduling-1] c.d.e.service.SincronizacaoService       : Lendo VW_ECOMMERCE_PRECOS no banco de dados...
2026-09-12T04:38:04.627-03:00  INFO 10892 --- [ecommerce] [scheduling-1] c.d.e.service.SincronizacaoService       : Ciclo finalizado. Total de atualizações enviadas: 0
2026-09-12T04:39:00.009-03:00  INFO 10892 --- [ecommerce] [scheduling-1] c.d.e.s.SincronizacaoEstoqueService      : [ESTOQUE] Lendo VW_ECOMMERCE_ESTOQUE no banco de dados...
2026-09-12T04:40:04.578-03:00  INFO 10892 --- [ecommerce] [scheduling-1] c.d.e.s.SincronizacaoEstoqueService      : [ESTOQUE] Ciclo finalizado. Total de atualizações enviadas: 0
2026-09-12T04:40:04.578-03:00  INFO 10892 --- [ecommerce] [scheduling-1] c.d.e.service.SincronizacaoService       : Lendo VW_ECOMMERCE_PRECOS no banco de dados...
2026-09-12T04:40:04.645-03:00  INFO 10892 --- [ecommerce] [scheduling-1] c.d.e.service.SincronizacaoService       : Ciclo finalizado. Total de atualizações enviadas: 0
2026-09-12T04:41:00.001-03:00  INFO 10892 --- [ecommerce] [scheduling-1] c.d.e.service.SincronizacaoService       : Lendo VW_ECOMMERCE_PRECOS no banco de dados...
2026-09-12T04:41:00.065-03:00  INFO 10892 --- [ecommerce] [scheduling-1] c.d.e.service.SincronizacaoService       : Ciclo finalizado. Total de atualizações enviadas: 0
2026-09-12T04:41:00.065-03:00  INFO 10892 --- [ecommerce] [scheduling-1] c.d.e.s.SincronizacaoEstoqueService      : [ESTOQUE] Lendo VW_ECOMMERCE_ESTOQUE no banco de dados...
2026-09-12T04:42:03.708-03:00  INFO 10892 --- [ecommerce] [scheduling-1] c.d.e.s.SincronizacaoEstoqueService      : [ESTOQUE] Ciclo finalizado. Total de atualizações enviadas: 0
2026-09-12T04:42:03.708-03:00  INFO 10892 --- [ecommerce] [scheduling-1] c.d.e.service.SincronizacaoService       : Lendo VW_ECOMMERCE_PRECOS no banco de dados...
2026-09-12T04:42:03.772-03:00  INFO 10892 --- [ecommerce] [scheduling-1] c.d.e.service.SincronizacaoService       : Ciclo finalizado. Total de atualizações enviadas: 0
2026-09-12T04:43:00.011-03:00  INFO 10892 --- [ecommerce] [scheduling-1] c.d.e.s.SincronizacaoEstoqueService      : [ESTOQUE] Lendo VW_ECOMMERCE_ESTOQUE no banco de dados...
2026-09-12T04:44:03.666-03:00  INFO 10892 --- [ecommerce] [scheduling-1] c.d.e.s.SincronizacaoEstoqueService      : [ESTOQUE] Ciclo finalizado. Total de atualizações enviadas: 0
2026-09-12T04:44:03.666-03:00  INFO 10892 --- [ecommerce] [scheduling-1] c.d.e.service.SincronizacaoService       : Lendo VW_ECOMMERCE_PRECOS no banco de dados...
2026-09-12T04:44:03.779-03:00  INFO 10892 --- [ecommerce] [scheduling-1] c.d.e.service.SincronizacaoService       : Ciclo finalizado. Total de atualizações enviadas: 0
2026-09-12T04:45:00.014-03:00  INFO 10892 --- [ecommerce] [scheduling-1] c.d.e.service.SincronizacaoService       : Lendo VW_ECOMMERCE_PRECOS no banco de dados...
2026-09-12T04:45:00.092-03:00  INFO 10892 --- [ecommerce] [scheduling-1] c.d.e.service.SincronizacaoService       : Ciclo finalizado. Total de atualizações enviadas: 0
2026-09-12T04:45:00.092-03:00  INFO 10892 --- [ecommerce] [scheduling-1] c.d.e.s.SincronizacaoEstoqueService      : [ESTOQUE] Lendo VW_ECOMMERCE_ESTOQUE no banco de dados...
2026-09-12T04:46:03.099-03:00  INFO 10892 --- [ecommerce] [scheduling-1] c.d.e.s.SincronizacaoEstoqueService      : [ESTOQUE] Ciclo finalizado. Total de atualizações enviadas: 0
2026-09-12T04:46:03.101-03:00  INFO 10892 --- [ecommerce] [scheduling-1] c.d.e.service.SincronizacaoService       : Lendo VW_ECOMMERCE_PRECOS no banco de dados...
2026-09-12T04:46:03.157-03:00  INFO 10892 --- [ecommerce] [scheduling-1] c.d.e.service.SincronizacaoService       : Ciclo finalizado. Total de atualizações enviadas: 0
2026-09-12T04:47:00.002-03:00  INFO 10892 --- [ecommerce] [scheduling-1] c.d.e.s.SincronizacaoEstoqueService      : [ESTOQUE] Lendo VW_ECOMMERCE_ESTOQUE no banco de dados...
2026-09-12T04:48:13.462-03:00  INFO 10892 --- [ecommerce] [scheduling-1] c.d.e.s.SincronizacaoEstoqueService      : [ESTOQUE] Ciclo finalizado. Total de atualizações enviadas: 0
2026-09-12T04:48:13.462-03:00  INFO 10892 --- [ecommerce] [scheduling-1] c.d.e.service.SincronizacaoService       : Lendo VW_ECOMMERCE_PRECOS no banco de dados...
2026-09-12T04:48:13.528-03:00  INFO 10892 --- [ecommerce] [scheduling-1] c.d.e.service.SincronizacaoService       : Ciclo finalizado. Total de atualizações enviadas: 0
2026-09-12T04:49:00.014-03:00  INFO 10892 --- [ecommerce] [scheduling-1] c.d.e.s.SincronizacaoEstoqueService      : [ESTOQUE] Lendo VW_ECOMMERCE_ESTOQUE no banco de dados...
2026-09-12T04:50:02.945-03:00  INFO 10892 --- [ecommerce] [scheduling-1] c.d.e.s.SincronizacaoEstoqueService      : [ESTOQUE] Ciclo finalizado. Total de atualizações enviadas: 0
2026-09-12T04:50:02.945-03:00  INFO 10892 --- [ecommerce] [scheduling-1] c.d.e.service.SincronizacaoService       : Lendo VW_ECOMMERCE_PRECOS no banco de dados...
2026-09-12T04:50:03.036-03:00  INFO 10892 --- [ecommerce] [scheduling-1] c.d.e.service.SincronizacaoService       : Ciclo finalizado. Total de atualizações enviadas: 0
2026-09-12T04:51:00.011-03:00  INFO 10892 --- [ecommerce] [scheduling-1] c.d.e.s.SincronizacaoEstoqueService      : [ESTOQUE] Lendo VW_ECOMMERCE_ESTOQUE no banco de dados...
2026-09-12T04:52:04.214-03:00  INFO 10892 --- [ecommerce] [scheduling-1] c.d.e.s.SincronizacaoEstoqueService      : [ESTOQUE] Ciclo finalizado. Total de atualizações enviadas: 0
2026-09-12T04:52:04.214-03:00  INFO 10892 --- [ecommerce] [scheduling-1] c.d.e.service.SincronizacaoService       : Lendo VW_ECOMMERCE_PRECOS no banco de dados...
2026-09-12T04:52:04.277-03:00  INFO 10892 --- [ecommerce] [scheduling-1] c.d.e.service.SincronizacaoService       : Ciclo finalizado. Total de atualizações enviadas: 0
2026-09-12T04:53:00.002-03:00  INFO 10892 --- [ecommerce] [scheduling-1] c.d.e.s.SincronizacaoEstoqueService      : [ESTOQUE] Lendo VW_ECOMMERCE_ESTOQUE no banco de dados...
2026-09-12T04:53:35.222-03:00  INFO 10892 --- [ecommerce] [scheduling-1] c.d.e.s.SincronizacaoEstoqueService      : [ESTOQUE] Ciclo finalizado. Total de atualizações enviadas: 0
2026-09-12T04:53:35.222-03:00  INFO 10892 --- [ecommerce] [scheduling-1] c.d.e.service.SincronizacaoService       : Lendo VW_ECOMMERCE_PRECOS no banco de dados...
2026-09-12T04:53:35.287-03:00  INFO 10892 --- [ecommerce] [scheduling-1] c.d.e.service.SincronizacaoService       : Ciclo finalizado. Total de atualizações enviadas: 0
2026-09-12T04:54:00.004-03:00  INFO 10892 --- [ecommerce] [scheduling-1] c.d.e.s.SincronizacaoEstoqueService      : [ESTOQUE] Lendo VW_ECOMMERCE_ESTOQUE no banco de dados...
2026-09-12T04:55:01.028-03:00  INFO 10892 --- [ecommerce] [scheduling-1] c.d.e.s.SincronizacaoEstoqueService      : [ESTOQUE] Ciclo finalizado. Total de atualizações enviadas: 0
2026-09-12T04:55:01.028-03:00  INFO 10892 --- [ecommerce] [scheduling-1] c.d.e.service.SincronizacaoService       : Lendo VW_ECOMMERCE_PRECOS no banco de dados...
2026-09-12T04:55:01.111-03:00  INFO 10892 --- [ecommerce] [scheduling-1] c.d.e.service.SincronizacaoService       : Ciclo finalizado. Total de atualizações enviadas: 0
2026-09-12T04:56:00.002-03:00  INFO 10892 --- [ecommerce] [scheduling-1] c.d.e.service.SincronizacaoService       : Lendo VW_ECOMMERCE_PRECOS no banco de dados...
2026-09-12T04:56:00.066-03:00  INFO 10892 --- [ecommerce] [scheduling-1] c.d.e.service.SincronizacaoService       : Ciclo finalizado. Total de atualizações enviadas: 0
2026-09-12T04:56:00.066-03:00  INFO 10892 --- [ecommerce] [scheduling-1] c.d.e.s.SincronizacaoEstoqueService      : [ESTOQUE] Lendo VW_ECOMMERCE_ESTOQUE no banco de dados...
2026-09-12T04:57:04.087-03:00  INFO 10892 --- [ecommerce] [scheduling-1] c.d.e.s.SincronizacaoEstoqueService      : [ESTOQUE] Ciclo finalizado. Total de atualizações enviadas: 0
2026-09-12T04:57:04.087-03:00  INFO 10892 --- [ecommerce] [scheduling-1] c.d.e.service.SincronizacaoService       : Lendo VW_ECOMMERCE_PRECOS no banco de dados...
2026-09-12T04:57:04.139-03:00  INFO 10892 --- [ecommerce] [scheduling-1] c.d.e.service.SincronizacaoService       : Ciclo finalizado. Total de atualizações enviadas: 0
2026-09-12T04:58:00.010-03:00  INFO 10892 --- [ecommerce] [scheduling-1] c.d.e.s.SincronizacaoEstoqueService      : [ESTOQUE] Lendo VW_ECOMMERCE_ESTOQUE no banco de dados...
2026-09-12T04:59:01.993-03:00  INFO 10892 --- [ecommerce] [scheduling-1] c.d.e.s.SincronizacaoEstoqueService      : [ESTOQUE] Ciclo finalizado. Total de atualizações enviadas: 0
2026-09-12T04:59:01.993-03:00  INFO 10892 --- [ecommerce] [scheduling-1] c.d.e.service.SincronizacaoService       : Lendo VW_ECOMMERCE_PRECOS no banco de dados...
2026-09-12T04:59:02.104-03:00  INFO 10892 --- [ecommerce] [scheduling-1] c.d.e.service.SincronizacaoService       : Ciclo finalizado. Total de atualizações enviadas: 0
2026-09-12T05:00:00.011-03:00  INFO 10892 --- [ecommerce] [scheduling-1] c.d.e.service.SincronizacaoService       : Lendo VW_ECOMMERCE_PRECOS no banco de dados...
2026-09-12T05:00:00.076-03:00  INFO 10892 --- [ecommerce] [scheduling-1] c.d.e.service.SincronizacaoService       : Ciclo finalizado. Total de atualizações enviadas: 0
2026-09-12T05:00:00.076-03:00  INFO 10892 --- [ecommerce] [scheduling-1] c.d.e.s.SincronizacaoEstoqueService      : [ESTOQUE] Lendo VW_ECOMMERCE_ESTOQUE no banco de dados...
2026-09-12T05:01:00.939-03:00  INFO 10892 --- [ecommerce] [scheduling-1] c.d.e.s.SincronizacaoEstoqueService      : [ESTOQUE] Ciclo finalizado. Total de atualizações enviadas: 0
2026-09-12T05:01:00.941-03:00  INFO 10892 --- [ecommerce] [scheduling-1] c.d.e.service.SincronizacaoService       : Lendo VW_ECOMMERCE_PRECOS no banco de dados...
2026-09-12T05:01:01.067-03:00  INFO 10892 --- [ecommerce] [scheduling-1] c.d.e.service.SincronizacaoService       : Ciclo finalizado. Total de atualizações enviadas: 0
2026-09-12T05:02:00.002-03:00  INFO 10892 --- [ecommerce] [scheduling-1] c.d.e.s.SincronizacaoEstoqueService      : [ESTOQUE] Lendo VW_ECOMMERCE_ESTOQUE no banco de dados...
2026-09-12T05:03:03.646-03:00  INFO 10892 --- [ecommerce] [scheduling-1] c.d.e.s.SincronizacaoEstoqueService      : [ESTOQUE] Ciclo finalizado. Total de atualizações enviadas: 0
2026-09-12T05:03:03.662-03:00  INFO 10892 --- [ecommerce] [scheduling-1] c.d.e.service.SincronizacaoService       : Lendo VW_ECOMMERCE_PRECOS no banco de dados...
2026-09-12T05:03:03.742-03:00  INFO 10892 --- [ecommerce] [scheduling-1] c.d.e.service.SincronizacaoService       : Ciclo finalizado. Total de atualizações enviadas: 0
2026-09-12T05:04:00.006-03:00  INFO 10892 --- [ecommerce] [scheduling-1] c.d.e.s.SincronizacaoEstoqueService      : [ESTOQUE] Lendo VW_ECOMMERCE_ESTOQUE no banco de dados...
2026-09-12T05:05:06.195-03:00  INFO 10892 --- [ecommerce] [scheduling-1] c.d.e.s.SincronizacaoEstoqueService      : [ESTOQUE] Ciclo finalizado. Total de atualizações enviadas: 0
2026-09-12T05:05:06.195-03:00  INFO 10892 --- [ecommerce] [scheduling-1] c.d.e.service.SincronizacaoService       : Lendo VW_ECOMMERCE_PRECOS no banco de dados...
2026-09-12T05:05:06.323-03:00  INFO 10892 --- [ecommerce] [scheduling-1] c.d.e.service.SincronizacaoService       : Ciclo finalizado. Total de atualizações enviadas: 0
2026-09-12T05:06:00.016-03:00  INFO 10892 --- [ecommerce] [scheduling-1] c.d.e.s.SincronizacaoEstoqueService      : [ESTOQUE] Lendo VW_ECOMMERCE_ESTOQUE no banco de dados...
2026-09-12T05:07:01.978-03:00  INFO 10892 --- [ecommerce] [scheduling-1] c.d.e.s.SincronizacaoEstoqueService      : [ESTOQUE] Ciclo finalizado. Total de atualizações enviadas: 0
2026-09-12T05:07:01.978-03:00  INFO 10892 --- [ecommerce] [scheduling-1] c.d.e.service.SincronizacaoService       : Lendo VW_ECOMMERCE_PRECOS no banco de dados...
2026-09-12T05:07:02.041-03:00  INFO 10892 --- [ecommerce] [scheduling-1] c.d.e.service.SincronizacaoService       : Ciclo finalizado. Total de atualizações enviadas: 0
2026-09-12T05:08:00.002-03:00  INFO 10892 --- [ecommerce] [scheduling-1] c.d.e.s.SincronizacaoEstoqueService      : [ESTOQUE] Lendo VW_ECOMMERCE_ESTOQUE no banco de dados...
2026-09-12T05:09:02.345-03:00  INFO 10892 --- [ecommerce] [scheduling-1] c.d.e.s.SincronizacaoEstoqueService      : [ESTOQUE] Ciclo finalizado. Total de atualizações enviadas: 0
2026-09-12T05:09:02.345-03:00  INFO 10892 --- [ecommerce] [scheduling-1] c.d.e.service.SincronizacaoService       : Lendo VW_ECOMMERCE_PRECOS no banco de dados...
2026-09-12T05:09:02.458-03:00  INFO 10892 --- [ecommerce] [scheduling-1] c.d.e.service.SincronizacaoService       : Ciclo finalizado. Total de atualizações enviadas: 0
2026-09-12T05:10:00.007-03:00  INFO 10892 --- [ecommerce] [scheduling-1] c.d.e.service.SincronizacaoService       : Lendo VW_ECOMMERCE_PRECOS no banco de dados...
2026-09-12T05:10:00.246-03:00  INFO 10892 --- [ecommerce] [scheduling-1] c.d.e.service.SincronizacaoService       : Ciclo finalizado. Total de atualizações enviadas: 0
2026-09-12T05:10:00.246-03:00  INFO 10892 --- [ecommerce] [scheduling-1] c.d.e.s.SincronizacaoEstoqueService      : [ESTOQUE] Lendo VW_ECOMMERCE_ESTOQUE no banco de dados...
2026-09-12T05:11:06.552-03:00  INFO 10892 --- [ecommerce] [scheduling-1] c.d.e.s.SincronizacaoEstoqueService      : [ESTOQUE] Ciclo finalizado. Total de atualizações enviadas: 0
2026-09-12T05:11:06.568-03:00  INFO 10892 --- [ecommerce] [scheduling-1] c.d.e.service.SincronizacaoService       : Lendo VW_ECOMMERCE_PRECOS no banco de dados...
2026-09-12T05:11:06.712-03:00  INFO 10892 --- [ecommerce] [scheduling-1] c.d.e.service.SincronizacaoService       : Ciclo finalizado. Total de atualizações enviadas: 0
2026-09-12T05:12:00.003-03:00  INFO 10892 --- [ecommerce] [scheduling-1] c.d.e.s.SincronizacaoEstoqueService      : [ESTOQUE] Lendo VW_ECOMMERCE_ESTOQUE no banco de dados...
2026-09-12T05:13:02.719-03:00  INFO 10892 --- [ecommerce] [scheduling-1] c.d.e.s.SincronizacaoEstoqueService      : [ESTOQUE] Ciclo finalizado. Total de atualizações enviadas: 0
2026-09-12T05:13:02.719-03:00  INFO 10892 --- [ecommerce] [scheduling-1] c.d.e.service.SincronizacaoService       : Lendo VW_ECOMMERCE_PRECOS no banco de dados...
2026-09-12T05:13:02.958-03:00  INFO 10892 --- [ecommerce] [scheduling-1] c.d.e.service.SincronizacaoService       : Ciclo finalizado. Total de atualizações enviadas: 0
2026-09-12T05:14:00.013-03:00  INFO 10892 --- [ecommerce] [scheduling-1] c.d.e.service.SincronizacaoService       : Lendo VW_ECOMMERCE_PRECOS no banco de dados...
2026-09-12T05:14:00.110-03:00  INFO 10892 --- [ecommerce] [scheduling-1] c.d.e.service.SincronizacaoService       : Ciclo finalizado. Total de atualizações enviadas: 0
2026-09-12T05:14:00.110-03:00  INFO 10892 --- [ecommerce] [scheduling-1] c.d.e.s.SincronizacaoEstoqueService      : [ESTOQUE] Lendo VW_ECOMMERCE_ESTOQUE no banco de dados...
2026-09-12T05:15:05.019-03:00  INFO 10892 --- [ecommerce] [scheduling-1] c.d.e.s.SincronizacaoEstoqueService      : [ESTOQUE] Ciclo finalizado. Total de atualizações enviadas: 0
2026-09-12T05:15:05.019-03:00  INFO 10892 --- [ecommerce] [scheduling-1] c.d.e.service.SincronizacaoService       : Lendo VW_ECOMMERCE_PRECOS no banco de dados...
2026-09-12T05:15:05.240-03:00  INFO 10892 --- [ecommerce] [scheduling-1] c.d.e.service.SincronizacaoService       : Ciclo finalizado. Total de atualizações enviadas: 0
2026-09-12T05:16:00.011-03:00  INFO 10892 --- [ecommerce] [scheduling-1] c.d.e.service.SincronizacaoService       : Lendo VW_ECOMMERCE_PRECOS no banco de dados...
2026-09-12T05:16:00.091-03:00  INFO 10892 --- [ecommerce] [scheduling-1] c.d.e.service.SincronizacaoService       : Ciclo finalizado. Total de atualizações enviadas: 0
2026-09-12T05:16:00.091-03:00  INFO 10892 --- [ecommerce] [scheduling-1] c.d.e.s.SincronizacaoEstoqueService      : [ESTOQUE] Lendo VW_ECOMMERCE_ESTOQUE no banco de dados...
2026-09-12T05:17:04.282-03:00  INFO 10892 --- [ecommerce] [scheduling-1] c.d.e.s.SincronizacaoEstoqueService      : [ESTOQUE] Ciclo finalizado. Total de atualizações enviadas: 0
2026-09-12T05:17:04.282-03:00  INFO 10892 --- [ecommerce] [scheduling-1] c.d.e.service.SincronizacaoService       : Lendo VW_ECOMMERCE_PRECOS no banco de dados...
2026-09-12T05:17:04.424-03:00  INFO 10892 --- [ecommerce] [scheduling-1] c.d.e.service.SincronizacaoService       : Ciclo finalizado. Total de atualizações enviadas: 0
2026-09-12T05:18:00.001-03:00  INFO 10892 --- [ecommerce] [scheduling-1] c.d.e.s.SincronizacaoEstoqueService      : [ESTOQUE] Lendo VW_ECOMMERCE_ESTOQUE no banco de dados...
2026-09-12T05:18:47.645-03:00  INFO 10892 --- [ecommerce] [scheduling-1] c.d.e.s.SincronizacaoEstoqueService      : [ESTOQUE] Ciclo finalizado. Total de atualizações enviadas: 0
2026-09-12T05:18:47.645-03:00  INFO 10892 --- [ecommerce] [scheduling-1] c.d.e.service.SincronizacaoService       : Lendo VW_ECOMMERCE_PRECOS no banco de dados...
2026-09-12T05:18:47.729-03:00  INFO 10892 --- [ecommerce] [scheduling-1] c.d.e.service.SincronizacaoService       : Ciclo finalizado. Total de atualizações enviadas: 0
2026-09-12T05:19:00.012-03:00  INFO 10892 --- [ecommerce] [scheduling-1] c.d.e.service.SincronizacaoService       : Lendo VW_ECOMMERCE_PRECOS no banco de dados...
2026-09-12T05:19:00.077-03:00  INFO 10892 --- [ecommerce] [scheduling-1] c.d.e.service.SincronizacaoService       : Ciclo finalizado. Total de atualizações enviadas: 0
2026-09-12T05:19:00.077-03:00  INFO 10892 --- [ecommerce] [scheduling-1] c.d.e.s.SincronizacaoEstoqueService      : [ESTOQUE] Lendo VW_ECOMMERCE_ESTOQUE no banco de dados...
2026-09-12T05:20:05.572-03:00  INFO 10892 --- [ecommerce] [scheduling-1] c.d.e.s.SincronizacaoEstoqueService      : [ESTOQUE] Ciclo finalizado. Total de atualizações enviadas: 0
2026-09-12T05:20:05.572-03:00  INFO 10892 --- [ecommerce] [scheduling-1] c.d.e.service.SincronizacaoService       : Lendo VW_ECOMMERCE_PRECOS no banco de dados...
2026-09-12T05:20:05.888-03:00  INFO 10892 --- [ecommerce] [scheduling-1] c.d.e.service.SincronizacaoService       : Ciclo finalizado. Total de atualizações enviadas: 0
2026-09-12T05:21:00.016-03:00  INFO 10892 --- [ecommerce] [scheduling-1] c.d.e.service.SincronizacaoService       : Lendo VW_ECOMMERCE_PRECOS no banco de dados...
2026-09-12T05:21:00.160-03:00  INFO 10892 --- [ecommerce] [scheduling-1] c.d.e.service.SincronizacaoService       : Ciclo finalizado. Total de atualizações enviadas: 0
2026-09-12T05:21:00.160-03:00  INFO 10892 --- [ecommerce] [scheduling-1] c.d.e.s.SincronizacaoEstoqueService      : [ESTOQUE] Lendo VW_ECOMMERCE_ESTOQUE no banco de dados...
2026-09-12T05:22:06.599-03:00  INFO 10892 --- [ecommerce] [scheduling-1] c.d.e.s.SincronizacaoEstoqueService      : [ESTOQUE] Ciclo finalizado. Total de atualizações enviadas: 0
2026-09-12T05:22:06.599-03:00  INFO 10892 --- [ecommerce] [scheduling-1] c.d.e.service.SincronizacaoService       : Lendo VW_ECOMMERCE_PRECOS no banco de dados...
2026-09-12T05:22:06.791-03:00  INFO 10892 --- [ecommerce] [scheduling-1] c.d.e.service.SincronizacaoService       : Ciclo finalizado. Total de atualizações enviadas: 0
2026-09-12T05:23:00.004-03:00  INFO 10892 --- [ecommerce] [scheduling-1] c.d.e.s.SincronizacaoEstoqueService      : [ESTOQUE] Lendo VW_ECOMMERCE_ESTOQUE no banco de dados...
2026-09-12T05:24:02.611-03:00  INFO 10892 --- [ecommerce] [scheduling-1] c.d.e.s.SincronizacaoEstoqueService      : [ESTOQUE] Ciclo finalizado. Total de atualizações enviadas: 0
2026-09-12T05:24:02.611-03:00  INFO 10892 --- [ecommerce] [scheduling-1] c.d.e.service.SincronizacaoService       : Lendo VW_ECOMMERCE_PRECOS no banco de dados...
2026-09-12T05:24:02.721-03:00  INFO 10892 --- [ecommerce] [scheduling-1] c.d.e.service.SincronizacaoService       : Ciclo finalizado. Total de atualizações enviadas: 0
2026-09-12T05:25:00.015-03:00  INFO 10892 --- [ecommerce] [scheduling-1] c.d.e.s.SincronizacaoEstoqueService      : [ESTOQUE] Lendo VW_ECOMMERCE_ESTOQUE no banco de dados...
2026-09-12T05:26:02.668-03:00  INFO 10892 --- [ecommerce] [scheduling-1] c.d.e.s.SincronizacaoEstoqueService      : [ESTOQUE] Ciclo finalizado. Total de atualizações enviadas: 0
2026-09-12T05:26:02.670-03:00  INFO 10892 --- [ecommerce] [scheduling-1] c.d.e.service.SincronizacaoService       : Lendo VW_ECOMMERCE_PRECOS no banco de dados...
2026-09-12T05:26:02.810-03:00  INFO 10892 --- [ecommerce] [scheduling-1] c.d.e.service.SincronizacaoService       : Ciclo finalizado. Total de atualizações enviadas: 0
2026-09-12T05:27:00.010-03:00  INFO 10892 --- [ecommerce] [scheduling-1] c.d.e.service.SincronizacaoService       : Lendo VW_ECOMMERCE_PRECOS no banco de dados...
2026-09-12T05:27:00.134-03:00  INFO 10892 --- [ecommerce] [scheduling-1] c.d.e.service.SincronizacaoService       : Ciclo finalizado. Total de atualizações enviadas: 0
2026-09-12T05:27:00.136-03:00  INFO 10892 --- [ecommerce] [scheduling-1] c.d.e.s.SincronizacaoEstoqueService      : [ESTOQUE] Lendo VW_ECOMMERCE_ESTOQUE no banco de dados...
2026-09-12T05:28:04.781-03:00  INFO 10892 --- [ecommerce] [scheduling-1] c.d.e.s.SincronizacaoEstoqueService      : [ESTOQUE] Ciclo finalizado. Total de atualizações enviadas: 0
2026-09-12T05:28:04.797-03:00  INFO 10892 --- [ecommerce] [scheduling-1] c.d.e.service.SincronizacaoService       : Lendo VW_ECOMMERCE_PRECOS no banco de dados...
2026-09-12T05:28:04.878-03:00  INFO 10892 --- [ecommerce] [scheduling-1] c.d.e.service.SincronizacaoService       : Ciclo finalizado. Total de atualizações enviadas: 0
2026-09-12T05:29:00.007-03:00  INFO 10892 --- [ecommerce] [scheduling-1] c.d.e.s.SincronizacaoEstoqueService      : [ESTOQUE] Lendo VW_ECOMMERCE_ESTOQUE no banco de dados...
2026-09-12T05:30:02.853-03:00  INFO 10892 --- [ecommerce] [scheduling-1] c.d.e.s.SincronizacaoEstoqueService      : [ESTOQUE] Ciclo finalizado. Total de atualizações enviadas: 0
2026-09-12T05:30:02.853-03:00  INFO 10892 --- [ecommerce] [scheduling-1] c.d.e.service.SincronizacaoService       : Lendo VW_ECOMMERCE_PRECOS no banco de dados...
2026-09-12T05:30:02.935-03:00  INFO 10892 --- [ecommerce] [scheduling-1] c.d.e.service.SincronizacaoService       : Ciclo finalizado. Total de atualizações enviadas: 0
2026-09-12T05:31:00.014-03:00  INFO 10892 --- [ecommerce] [scheduling-1] c.d.e.s.SincronizacaoEstoqueService      : [ESTOQUE] Lendo VW_ECOMMERCE_ESTOQUE no banco de dados...
2026-09-12T05:32:01.992-03:00  INFO 10892 --- [ecommerce] [scheduling-1] c.d.e.s.SincronizacaoEstoqueService      : [ESTOQUE] Ciclo finalizado. Total de atualizações enviadas: 0
2026-09-12T05:32:01.994-03:00  INFO 10892 --- [ecommerce] [scheduling-1] c.d.e.service.SincronizacaoService       : Lendo VW_ECOMMERCE_PRECOS no banco de dados...
2026-09-12T05:32:02.121-03:00  INFO 10892 --- [ecommerce] [scheduling-1] c.d.e.service.SincronizacaoService       : Ciclo finalizado. Total de atualizações enviadas: 0
2026-09-12T05:33:00.000-03:00  INFO 10892 --- [ecommerce] [scheduling-1] c.d.e.s.SincronizacaoEstoqueService      : [ESTOQUE] Lendo VW_ECOMMERCE_ESTOQUE no banco de dados...
2026-09-12T05:33:29.817-03:00  INFO 10892 --- [ecommerce] [scheduling-1] c.d.e.s.SincronizacaoEstoqueService      : [ESTOQUE] Ciclo finalizado. Total de atualizações enviadas: 0
2026-09-12T05:33:29.817-03:00  INFO 10892 --- [ecommerce] [scheduling-1] c.d.e.service.SincronizacaoService       : Lendo VW_ECOMMERCE_PRECOS no banco de dados...
2026-09-12T05:33:30.021-03:00  INFO 10892 --- [ecommerce] [scheduling-1] c.d.e.service.SincronizacaoService       : Ciclo finalizado. Total de atualizações enviadas: 0
2026-09-12T05:34:00.011-03:00  INFO 10892 --- [ecommerce] [scheduling-1] c.d.e.service.SincronizacaoService       : Lendo VW_ECOMMERCE_PRECOS no banco de dados...
2026-09-12T05:34:00.435-03:00  INFO 10892 --- [ecommerce] [scheduling-1] c.d.e.service.SincronizacaoService       : Ciclo finalizado. Total de atualizações enviadas: 0
2026-09-12T05:34:00.435-03:00  INFO 10892 --- [ecommerce] [scheduling-1] c.d.e.s.SincronizacaoEstoqueService      : [ESTOQUE] Lendo VW_ECOMMERCE_ESTOQUE no banco de dados...
2026-09-12T05:35:03.699-03:00  INFO 10892 --- [ecommerce] [scheduling-1] c.d.e.s.SincronizacaoEstoqueService      : [ESTOQUE] Ciclo finalizado. Total de atualizações enviadas: 0
2026-09-12T05:35:03.699-03:00  INFO 10892 --- [ecommerce] [scheduling-1] c.d.e.service.SincronizacaoService       : Lendo VW_ECOMMERCE_PRECOS no banco de dados...
2026-09-12T05:35:03.844-03:00  INFO 10892 --- [ecommerce] [scheduling-1] c.d.e.service.SincronizacaoService       : Ciclo finalizado. Total de atualizações enviadas: 0
2026-09-12T05:36:00.005-03:00  INFO 10892 --- [ecommerce] [scheduling-1] c.d.e.s.SincronizacaoEstoqueService      : [ESTOQUE] Lendo VW_ECOMMERCE_ESTOQUE no banco de dados...
2026-09-12T05:37:05.883-03:00  INFO 10892 --- [ecommerce] [scheduling-1] c.d.e.s.SincronizacaoEstoqueService      : [ESTOQUE] Ciclo finalizado. Total de atualizações enviadas: 0
2026-09-12T05:37:05.898-03:00  INFO 10892 --- [ecommerce] [scheduling-1] c.d.e.service.SincronizacaoService       : Lendo VW_ECOMMERCE_PRECOS no banco de dados...
2026-09-12T05:37:06.013-03:00  INFO 10892 --- [ecommerce] [scheduling-1] c.d.e.service.SincronizacaoService       : Ciclo finalizado. Total de atualizações enviadas: 0
2026-09-12T05:38:00.008-03:00  INFO 10892 --- [ecommerce] [scheduling-1] c.d.e.s.SincronizacaoEstoqueService      : [ESTOQUE] Lendo VW_ECOMMERCE_ESTOQUE no banco de dados...
2026-09-12T05:39:03.767-03:00  INFO 10892 --- [ecommerce] [scheduling-1] c.d.e.s.SincronizacaoEstoqueService      : [ESTOQUE] Ciclo finalizado. Total de atualizações enviadas: 0
2026-09-12T05:39:03.767-03:00  INFO 10892 --- [ecommerce] [scheduling-1] c.d.e.service.SincronizacaoService       : Lendo VW_ECOMMERCE_PRECOS no banco de dados...
2026-09-12T05:39:03.911-03:00  INFO 10892 --- [ecommerce] [scheduling-1] c.d.e.service.SincronizacaoService       : Ciclo finalizado. Total de atualizações enviadas: 0
2026-09-12T05:40:00.008-03:00  INFO 10892 --- [ecommerce] [scheduling-1] c.d.e.s.SincronizacaoEstoqueService      : [ESTOQUE] Lendo VW_ECOMMERCE_ESTOQUE no banco de dados...
2026-09-12T05:40:47.034-03:00  INFO 10892 --- [ecommerce] [scheduling-1] c.d.e.s.SincronizacaoEstoqueService      : [ESTOQUE] Ciclo finalizado. Total de atualizações enviadas: 0
2026-09-12T05:40:47.034-03:00  INFO 10892 --- [ecommerce] [scheduling-1] c.d.e.service.SincronizacaoService       : Lendo VW_ECOMMERCE_PRECOS no banco de dados...
2026-09-12T05:40:47.195-03:00  INFO 10892 --- [ecommerce] [scheduling-1] c.d.e.service.SincronizacaoService       : Ciclo finalizado. Total de atualizações enviadas: 0
2026-09-12T05:41:00.009-03:00  INFO 10892 --- [ecommerce] [scheduling-1] c.d.e.s.SincronizacaoEstoqueService      : [ESTOQUE] Lendo VW_ECOMMERCE_ESTOQUE no banco de dados...
2026-09-12T05:42:00.146-03:00  INFO 10892 --- [ecommerce] [scheduling-1] c.d.e.s.SincronizacaoEstoqueService      : [ESTOQUE] Ciclo finalizado. Total de atualizações enviadas: 0
2026-09-12T05:42:00.146-03:00  INFO 10892 --- [ecommerce] [scheduling-1] c.d.e.service.SincronizacaoService       : Lendo VW_ECOMMERCE_PRECOS no banco de dados...
2026-09-12T05:42:00.368-03:00  INFO 10892 --- [ecommerce] [scheduling-1] c.d.e.service.SincronizacaoService       : Ciclo finalizado. Total de atualizações enviadas: 0
2026-09-12T05:43:00.006-03:00  INFO 10892 --- [ecommerce] [scheduling-1] c.d.e.s.SincronizacaoEstoqueService      : [ESTOQUE] Lendo VW_ECOMMERCE_ESTOQUE no banco de dados...
2026-09-12T05:44:04.540-03:00  INFO 10892 --- [ecommerce] [scheduling-1] c.d.e.s.SincronizacaoEstoqueService      : [ESTOQUE] Ciclo finalizado. Total de atualizações enviadas: 0
2026-09-12T05:44:04.540-03:00  INFO 10892 --- [ecommerce] [scheduling-1] c.d.e.service.SincronizacaoService       : Lendo VW_ECOMMERCE_PRECOS no banco de dados...
2026-09-12T05:44:04.706-03:00  INFO 10892 --- [ecommerce] [scheduling-1] c.d.e.service.SincronizacaoService       : Ciclo finalizado. Total de atualizações enviadas: 0
2026-09-12T05:45:00.007-03:00  INFO 10892 --- [ecommerce] [scheduling-1] c.d.e.service.SincronizacaoService       : Lendo VW_ECOMMERCE_PRECOS no banco de dados...
2026-09-12T05:45:00.200-03:00  INFO 10892 --- [ecommerce] [scheduling-1] c.d.e.service.SincronizacaoService       : Ciclo finalizado. Total de atualizações enviadas: 0
2026-09-12T05:45:00.200-03:00  INFO 10892 --- [ecommerce] [scheduling-1] c.d.e.s.SincronizacaoEstoqueService      : [ESTOQUE] Lendo VW_ECOMMERCE_ESTOQUE no banco de dados...
2026-09-12T05:46:04.708-03:00  INFO 10892 --- [ecommerce] [scheduling-1] c.d.e.s.SincronizacaoEstoqueService      : [ESTOQUE] Ciclo finalizado. Total de atualizações enviadas: 0
2026-09-12T05:46:04.708-03:00  INFO 10892 --- [ecommerce] [scheduling-1] c.d.e.service.SincronizacaoService       : Lendo VW_ECOMMERCE_PRECOS no banco de dados...
2026-09-12T05:46:04.816-03:00  INFO 10892 --- [ecommerce] [scheduling-1] c.d.e.service.SincronizacaoService       : Ciclo finalizado. Total de atualizações enviadas: 0
2026-09-12T05:47:00.014-03:00  INFO 10892 --- [ecommerce] [scheduling-1] c.d.e.service.SincronizacaoService       : Lendo VW_ECOMMERCE_PRECOS no banco de dados...
2026-09-12T05:47:00.132-03:00  INFO 10892 --- [ecommerce] [scheduling-1] c.d.e.service.SincronizacaoService       : Ciclo finalizado. Total de atualizações enviadas: 0
2026-09-12T05:47:00.132-03:00  INFO 10892 --- [ecommerce] [scheduling-1] c.d.e.s.SincronizacaoEstoqueService      : [ESTOQUE] Lendo VW_ECOMMERCE_ESTOQUE no banco de dados...
2026-09-12T05:48:03.266-03:00  INFO 10892 --- [ecommerce] [scheduling-1] c.d.e.s.SincronizacaoEstoqueService      : [ESTOQUE] Ciclo finalizado. Total de atualizações enviadas: 0
2026-09-12T05:48:03.266-03:00  INFO 10892 --- [ecommerce] [scheduling-1] c.d.e.service.SincronizacaoService       : Lendo VW_ECOMMERCE_PRECOS no banco de dados...
2026-09-12T05:48:03.365-03:00  INFO 10892 --- [ecommerce] [scheduling-1] c.d.e.service.SincronizacaoService       : Ciclo finalizado. Total de atualizações enviadas: 0
2026-09-12T05:49:00.016-03:00  INFO 10892 --- [ecommerce] [scheduling-1] c.d.e.service.SincronizacaoService       : Lendo VW_ECOMMERCE_PRECOS no banco de dados...
2026-09-12T05:49:00.194-03:00  INFO 10892 --- [ecommerce] [scheduling-1] c.d.e.service.SincronizacaoService       : Ciclo finalizado. Total de atualizações enviadas: 0
2026-09-12T05:49:00.194-03:00  INFO 10892 --- [ecommerce] [scheduling-1] c.d.e.s.SincronizacaoEstoqueService      : [ESTOQUE] Lendo VW_ECOMMERCE_ESTOQUE no banco de dados...
2026-09-12T05:50:03.058-03:00  INFO 10892 --- [ecommerce] [scheduling-1] c.d.e.s.SincronizacaoEstoqueService      : [ESTOQUE] Ciclo finalizado. Total de atualizações enviadas: 0
2026-09-12T05:50:03.061-03:00  INFO 10892 --- [ecommerce] [scheduling-1] c.d.e.service.SincronizacaoService       : Lendo VW_ECOMMERCE_PRECOS no banco de dados...
2026-09-12T05:50:03.301-03:00  INFO 10892 --- [ecommerce] [scheduling-1] c.d.e.service.SincronizacaoService       : Ciclo finalizado. Total de atualizações enviadas: 0
2026-09-12T05:51:00.002-03:00  INFO 10892 --- [ecommerce] [scheduling-1] c.d.e.s.SincronizacaoEstoqueService      : [ESTOQUE] Lendo VW_ECOMMERCE_ESTOQUE no banco de dados...
2026-09-12T05:52:02.143-03:00  INFO 10892 --- [ecommerce] [scheduling-1] c.d.e.s.SincronizacaoEstoqueService      : [ESTOQUE] Ciclo finalizado. Total de atualizações enviadas: 0
2026-09-12T05:52:02.143-03:00  INFO 10892 --- [ecommerce] [scheduling-1] c.d.e.service.SincronizacaoService       : Lendo VW_ECOMMERCE_PRECOS no banco de dados...
2026-09-12T05:52:02.216-03:00  INFO 10892 --- [ecommerce] [scheduling-1] c.d.e.service.SincronizacaoService       : Ciclo finalizado. Total de atualizações enviadas: 0
2026-09-12T05:53:00.013-03:00  INFO 10892 --- [ecommerce] [scheduling-1] c.d.e.service.SincronizacaoService       : Lendo VW_ECOMMERCE_PRECOS no banco de dados...
2026-09-12T05:53:00.109-03:00  INFO 10892 --- [ecommerce] [scheduling-1] c.d.e.service.SincronizacaoService       : Ciclo finalizado. Total de atualizações enviadas: 0
2026-09-12T05:53:00.109-03:00  INFO 10892 --- [ecommerce] [scheduling-1] c.d.e.s.SincronizacaoEstoqueService      : [ESTOQUE] Lendo VW_ECOMMERCE_ESTOQUE no banco de dados...
2026-09-12T05:54:03.002-03:00  INFO 10892 --- [ecommerce] [scheduling-1] c.d.e.s.SincronizacaoEstoqueService      : [ESTOQUE] Ciclo finalizado. Total de atualizações enviadas: 0
2026-09-12T05:54:03.002-03:00  INFO 10892 --- [ecommerce] [scheduling-1] c.d.e.service.SincronizacaoService       : Lendo VW_ECOMMERCE_PRECOS no banco de dados...
2026-09-12T05:54:03.072-03:00  INFO 10892 --- [ecommerce] [scheduling-1] c.d.e.service.SincronizacaoService       : Ciclo finalizado. Total de atualizações enviadas: 0
2026-09-12T05:55:00.001-03:00  INFO 10892 --- [ecommerce] [scheduling-1] c.d.e.service.SincronizacaoService       : Lendo VW_ECOMMERCE_PRECOS no banco de dados...
2026-09-12T05:55:00.098-03:00  INFO 10892 --- [ecommerce] [scheduling-1] c.d.e.service.SincronizacaoService       : Ciclo finalizado. Total de atualizações enviadas: 0
2026-09-12T05:55:00.098-03:00  INFO 10892 --- [ecommerce] [scheduling-1] c.d.e.s.SincronizacaoEstoqueService      : [ESTOQUE] Lendo VW_ECOMMERCE_ESTOQUE no banco de dados...
2026-09-12T05:56:01.001-03:00  INFO 10892 --- [ecommerce] [scheduling-1] c.d.e.s.SincronizacaoEstoqueService      : [ESTOQUE] Ciclo finalizado. Total de atualizações enviadas: 0
2026-09-12T05:56:01.001-03:00  INFO 10892 --- [ecommerce] [scheduling-1] c.d.e.service.SincronizacaoService       : Lendo VW_ECOMMERCE_PRECOS no banco de dados...
2026-09-12T05:56:01.065-03:00  INFO 10892 --- [ecommerce] [scheduling-1] c.d.e.service.SincronizacaoService       : Ciclo finalizado. Total de atualizações enviadas: 0
2026-09-12T05:57:00.014-03:00  INFO 10892 --- [ecommerce] [scheduling-1] c.d.e.service.SincronizacaoService       : Lendo VW_ECOMMERCE_PRECOS no banco de dados...
2026-09-12T05:57:00.113-03:00  INFO 10892 --- [ecommerce] [scheduling-1] c.d.e.service.SincronizacaoService       : Ciclo finalizado. Total de atualizações enviadas: 0
2026-09-12T05:57:00.113-03:00  INFO 10892 --- [ecommerce] [scheduling-1] c.d.e.s.SincronizacaoEstoqueService      : [ESTOQUE] Lendo VW_ECOMMERCE_ESTOQUE no banco de dados...
2026-09-12T05:58:04.889-03:00  INFO 10892 --- [ecommerce] [scheduling-1] c.d.e.s.SincronizacaoEstoqueService      : [ESTOQUE] Ciclo finalizado. Total de atualizações enviadas: 0
2026-09-12T05:58:04.892-03:00  INFO 10892 --- [ecommerce] [scheduling-1] c.d.e.service.SincronizacaoService       : Lendo VW_ECOMMERCE_PRECOS no banco de dados...
2026-09-12T05:58:04.969-03:00  INFO 10892 --- [ecommerce] [scheduling-1] c.d.e.service.SincronizacaoService       : Ciclo finalizado. Total de atualizações enviadas: 0
2026-09-12T05:59:00.007-03:00  INFO 10892 --- [ecommerce] [scheduling-1] c.d.e.s.SincronizacaoEstoqueService      : [ESTOQUE] Lendo VW_ECOMMERCE_ESTOQUE no banco de dados...
2026-09-12T06:00:03.148-03:00  INFO 10892 --- [ecommerce] [scheduling-1] c.d.e.s.SincronizacaoEstoqueService      : [ESTOQUE] Ciclo finalizado. Total de atualizações enviadas: 0
2026-09-12T06:00:03.148-03:00  INFO 10892 --- [ecommerce] [scheduling-1] c.d.e.service.SincronizacaoService       : Lendo VW_ECOMMERCE_PRECOS no banco de dados...
2026-09-12T06:00:03.270-03:00  INFO 10892 --- [ecommerce] [scheduling-1] c.d.e.service.SincronizacaoService       : Ciclo finalizado. Total de atualizações enviadas: 0
2026-09-12T06:01:00.012-03:00  INFO 10892 --- [ecommerce] [scheduling-1] c.d.e.service.SincronizacaoService       : Lendo VW_ECOMMERCE_PRECOS no banco de dados...
2026-09-12T06:01:00.076-03:00  INFO 10892 --- [ecommerce] [scheduling-1] c.d.e.service.SincronizacaoService       : Ciclo finalizado. Total de atualizações enviadas: 0
2026-09-12T06:01:00.076-03:00  INFO 10892 --- [ecommerce] [scheduling-1] c.d.e.s.SincronizacaoEstoqueService      : [ESTOQUE] Lendo VW_ECOMMERCE_ESTOQUE no banco de dados...
2026-09-12T06:02:04.321-03:00  INFO 10892 --- [ecommerce] [scheduling-1] c.d.e.s.SincronizacaoEstoqueService      : [ESTOQUE] Ciclo finalizado. Total de atualizações enviadas: 0
2026-09-12T06:02:04.321-03:00  INFO 10892 --- [ecommerce] [scheduling-1] c.d.e.service.SincronizacaoService       : Lendo VW_ECOMMERCE_PRECOS no banco de dados...
2026-09-12T06:02:04.513-03:00  INFO 10892 --- [ecommerce] [scheduling-1] c.d.e.service.SincronizacaoService       : Ciclo finalizado. Total de atualizações enviadas: 0
2026-09-12T06:03:00.016-03:00  INFO 10892 --- [ecommerce] [scheduling-1] c.d.e.service.SincronizacaoService       : Lendo VW_ECOMMERCE_PRECOS no banco de dados...
2026-09-12T06:03:00.208-03:00  INFO 10892 --- [ecommerce] [scheduling-1] c.d.e.service.SincronizacaoService       : Ciclo finalizado. Total de atualizações enviadas: 0
2026-09-12T06:03:00.208-03:00  INFO 10892 --- [ecommerce] [scheduling-1] c.d.e.s.SincronizacaoEstoqueService      : [ESTOQUE] Lendo VW_ECOMMERCE_ESTOQUE no banco de dados...
2026-09-12T06:04:02.790-03:00  INFO 10892 --- [ecommerce] [scheduling-1] c.d.e.s.SincronizacaoEstoqueService      : [ESTOQUE] Ciclo finalizado. Total de atualizações enviadas: 0
2026-09-12T06:04:02.790-03:00  INFO 10892 --- [ecommerce] [scheduling-1] c.d.e.service.SincronizacaoService       : Lendo VW_ECOMMERCE_PRECOS no banco de dados...
2026-09-12T06:04:02.915-03:00  INFO 10892 --- [ecommerce] [scheduling-1] c.d.e.service.SincronizacaoService       : Ciclo finalizado. Total de atualizações enviadas: 0
2026-09-12T06:05:00.007-03:00  INFO 10892 --- [ecommerce] [scheduling-1] c.d.e.s.SincronizacaoEstoqueService      : [ESTOQUE] Lendo VW_ECOMMERCE_ESTOQUE no banco de dados...
2026-09-12T06:06:02.144-03:00  INFO 10892 --- [ecommerce] [scheduling-1] c.d.e.s.SincronizacaoEstoqueService      : [ESTOQUE] Ciclo finalizado. Total de atualizações enviadas: 0
2026-09-12T06:06:02.144-03:00  INFO 10892 --- [ecommerce] [scheduling-1] c.d.e.service.SincronizacaoService       : Lendo VW_ECOMMERCE_PRECOS no banco de dados...
2026-09-12T06:06:02.289-03:00  INFO 10892 --- [ecommerce] [scheduling-1] c.d.e.service.SincronizacaoService       : Ciclo finalizado. Total de atualizações enviadas: 0
2026-09-12T06:07:00.009-03:00  INFO 10892 --- [ecommerce] [scheduling-1] c.d.e.s.SincronizacaoEstoqueService      : [ESTOQUE] Lendo VW_ECOMMERCE_ESTOQUE no banco de dados...
2026-09-12T06:08:02.522-03:00  INFO 10892 --- [ecommerce] [scheduling-1] c.d.e.s.SincronizacaoEstoqueService      : [ESTOQUE] Ciclo finalizado. Total de atualizações enviadas: 0
2026-09-12T06:08:02.522-03:00  INFO 10892 --- [ecommerce] [scheduling-1] c.d.e.service.SincronizacaoService       : Lendo VW_ECOMMERCE_PRECOS no banco de dados...
2026-09-12T06:08:02.630-03:00  INFO 10892 --- [ecommerce] [scheduling-1] c.d.e.service.SincronizacaoService       : Ciclo finalizado. Total de atualizações enviadas: 0
2026-09-12T06:09:00.016-03:00  INFO 10892 --- [ecommerce] [scheduling-1] c.d.e.s.SincronizacaoEstoqueService      : [ESTOQUE] Lendo VW_ECOMMERCE_ESTOQUE no banco de dados...
2026-09-12T06:10:05.156-03:00  INFO 10892 --- [ecommerce] [scheduling-1] c.d.e.s.SincronizacaoEstoqueService      : [ESTOQUE] Ciclo finalizado. Total de atualizações enviadas: 0
2026-09-12T06:10:05.156-03:00  INFO 10892 --- [ecommerce] [scheduling-1] c.d.e.service.SincronizacaoService       : Lendo VW_ECOMMERCE_PRECOS no banco de dados...
2026-09-12T06:10:05.216-03:00  INFO 10892 --- [ecommerce] [scheduling-1] c.d.e.service.SincronizacaoService       : Ciclo finalizado. Total de atualizações enviadas: 0
2026-09-12T06:11:00.010-03:00  INFO 10892 --- [ecommerce] [scheduling-1] c.d.e.s.SincronizacaoEstoqueService      : [ESTOQUE] Lendo VW_ECOMMERCE_ESTOQUE no banco de dados...
2026-09-12T06:12:04.086-03:00  INFO 10892 --- [ecommerce] [scheduling-1] c.d.e.s.SincronizacaoEstoqueService      : [ESTOQUE] Ciclo finalizado. Total de atualizações enviadas: 0
2026-09-12T06:12:04.086-03:00  INFO 10892 --- [ecommerce] [scheduling-1] c.d.e.service.SincronizacaoService       : Lendo VW_ECOMMERCE_PRECOS no banco de dados...
2026-09-12T06:12:04.174-03:00  INFO 10892 --- [ecommerce] [scheduling-1] c.d.e.service.SincronizacaoService       : Ciclo finalizado. Total de atualizações enviadas: 0
2026-09-12T06:13:00.013-03:00  INFO 10892 --- [ecommerce] [scheduling-1] c.d.e.service.SincronizacaoService       : Lendo VW_ECOMMERCE_PRECOS no banco de dados...
2026-09-12T06:13:00.081-03:00  INFO 10892 --- [ecommerce] [scheduling-1] c.d.e.service.SincronizacaoService       : Ciclo finalizado. Total de atualizações enviadas: 0
2026-09-12T06:13:00.085-03:00  INFO 10892 --- [ecommerce] [scheduling-1] c.d.e.s.SincronizacaoEstoqueService      : [ESTOQUE] Lendo VW_ECOMMERCE_ESTOQUE no banco de dados...
2026-09-12T06:14:02.816-03:00  INFO 10892 --- [ecommerce] [scheduling-1] c.d.e.s.SincronizacaoEstoqueService      : [ESTOQUE] Ciclo finalizado. Total de atualizações enviadas: 0
2026-09-12T06:14:02.816-03:00  INFO 10892 --- [ecommerce] [scheduling-1] c.d.e.service.SincronizacaoService       : Lendo VW_ECOMMERCE_PRECOS no banco de dados...
2026-09-12T06:14:02.960-03:00  INFO 10892 --- [ecommerce] [scheduling-1] c.d.e.service.SincronizacaoService       : Ciclo finalizado. Total de atualizações enviadas: 0
2026-09-12T06:15:00.011-03:00  INFO 10892 --- [ecommerce] [scheduling-1] c.d.e.s.SincronizacaoEstoqueService      : [ESTOQUE] Lendo VW_ECOMMERCE_ESTOQUE no banco de dados...
2026-09-12T06:16:04.942-03:00  INFO 10892 --- [ecommerce] [scheduling-1] c.d.e.s.SincronizacaoEstoqueService      : [ESTOQUE] Ciclo finalizado. Total de atualizações enviadas: 0
2026-09-12T06:16:04.945-03:00  INFO 10892 --- [ecommerce] [scheduling-1] c.d.e.service.SincronizacaoService       : Lendo VW_ECOMMERCE_PRECOS no banco de dados...
2026-09-12T06:16:05.055-03:00  INFO 10892 --- [ecommerce] [scheduling-1] c.d.e.service.SincronizacaoService       : Ciclo finalizado. Total de atualizações enviadas: 0
2026-09-12T06:17:00.007-03:00  INFO 10892 --- [ecommerce] [scheduling-1] c.d.e.s.SincronizacaoEstoqueService      : [ESTOQUE] Lendo VW_ECOMMERCE_ESTOQUE no banco de dados...
2026-09-12T06:18:03.863-03:00  INFO 10892 --- [ecommerce] [scheduling-1] c.d.e.s.SincronizacaoEstoqueService      : [ESTOQUE] Ciclo finalizado. Total de atualizações enviadas: 0
2026-09-12T06:18:03.863-03:00  INFO 10892 --- [ecommerce] [scheduling-1] c.d.e.service.SincronizacaoService       : Lendo VW_ECOMMERCE_PRECOS no banco de dados...
2026-09-12T06:18:04.071-03:00  INFO 10892 --- [ecommerce] [scheduling-1] c.d.e.service.SincronizacaoService       : Ciclo finalizado. Total de atualizações enviadas: 0
2026-09-12T06:19:00.009-03:00  INFO 10892 --- [ecommerce] [scheduling-1] c.d.e.service.SincronizacaoService       : Lendo VW_ECOMMERCE_PRECOS no banco de dados...
2026-09-12T06:19:00.236-03:00  INFO 10892 --- [ecommerce] [scheduling-1] c.d.e.service.SincronizacaoService       : Ciclo finalizado. Total de atualizações enviadas: 0
2026-09-12T06:19:00.236-03:00  INFO 10892 --- [ecommerce] [scheduling-1] c.d.e.s.SincronizacaoEstoqueService      : [ESTOQUE] Lendo VW_ECOMMERCE_ESTOQUE no banco de dados...
2026-09-12T06:20:03.286-03:00  INFO 10892 --- [ecommerce] [scheduling-1] c.d.e.s.SincronizacaoEstoqueService      : [ESTOQUE] Ciclo finalizado. Total de atualizações enviadas: 0
2026-09-12T06:20:03.286-03:00  INFO 10892 --- [ecommerce] [scheduling-1] c.d.e.service.SincronizacaoService       : Lendo VW_ECOMMERCE_PRECOS no banco de dados...
2026-09-12T06:20:03.377-03:00  INFO 10892 --- [ecommerce] [scheduling-1] c.d.e.service.SincronizacaoService       : Ciclo finalizado. Total de atualizações enviadas: 0
2026-09-12T06:21:00.002-03:00  INFO 10892 --- [ecommerce] [scheduling-1] c.d.e.service.SincronizacaoService       : Lendo VW_ECOMMERCE_PRECOS no banco de dados...
2026-09-12T06:21:00.308-03:00  INFO 10892 --- [ecommerce] [scheduling-1] c.d.e.service.SincronizacaoService       : Ciclo finalizado. Total de atualizações enviadas: 0
2026-09-12T06:21:00.308-03:00  INFO 10892 --- [ecommerce] [scheduling-1] c.d.e.s.SincronizacaoEstoqueService      : [ESTOQUE] Lendo VW_ECOMMERCE_ESTOQUE no banco de dados...
2026-09-12T06:21:36.364-03:00  INFO 10892 --- [ecommerce] [scheduling-1] c.d.e.s.SincronizacaoEstoqueService      : [ESTOQUE] Ciclo finalizado. Total de atualizações enviadas: 0
2026-09-12T06:22:00.017-03:00  INFO 10892 --- [ecommerce] [scheduling-1] c.d.e.service.SincronizacaoService       : Lendo VW_ECOMMERCE_PRECOS no banco de dados...
2026-09-12T06:22:00.309-03:00  INFO 10892 --- [ecommerce] [scheduling-1] c.d.e.service.SincronizacaoService       : Ciclo finalizado. Total de atualizações enviadas: 0
2026-09-12T06:22:00.311-03:00  INFO 10892 --- [ecommerce] [scheduling-1] c.d.e.s.SincronizacaoEstoqueService      : [ESTOQUE] Lendo VW_ECOMMERCE_ESTOQUE no banco de dados...
2026-09-12T06:23:03.305-03:00  INFO 10892 --- [ecommerce] [scheduling-1] c.d.e.s.SincronizacaoEstoqueService      : [ESTOQUE] Ciclo finalizado. Total de atualizações enviadas: 0
2026-09-12T06:23:03.305-03:00  INFO 10892 --- [ecommerce] [scheduling-1] c.d.e.service.SincronizacaoService       : Lendo VW_ECOMMERCE_PRECOS no banco de dados...
2026-09-12T06:23:03.592-03:00  INFO 10892 --- [ecommerce] [scheduling-1] c.d.e.service.SincronizacaoService       : Ciclo finalizado. Total de atualizações enviadas: 0
2026-09-12T06:24:00.014-03:00  INFO 10892 --- [ecommerce] [scheduling-1] c.d.e.s.SincronizacaoEstoqueService      : [ESTOQUE] Lendo VW_ECOMMERCE_ESTOQUE no banco de dados...
2026-09-12T06:25:02.815-03:00  INFO 10892 --- [ecommerce] [scheduling-1] c.d.e.s.SincronizacaoEstoqueService      : [ESTOQUE] Ciclo finalizado. Total de atualizações enviadas: 0
2026-09-12T06:25:02.817-03:00  INFO 10892 --- [ecommerce] [scheduling-1] c.d.e.service.SincronizacaoService       : Lendo VW_ECOMMERCE_PRECOS no banco de dados...
2026-09-12T06:25:03.001-03:00  INFO 10892 --- [ecommerce] [scheduling-1] c.d.e.service.SincronizacaoService       : Ciclo finalizado. Total de atualizações enviadas: 0
2026-09-12T06:26:00.006-03:00  INFO 10892 --- [ecommerce] [scheduling-1] c.d.e.s.SincronizacaoEstoqueService      : [ESTOQUE] Lendo VW_ECOMMERCE_ESTOQUE no banco de dados...
2026-09-12T06:27:05.912-03:00  INFO 10892 --- [ecommerce] [scheduling-1] c.d.e.s.SincronizacaoEstoqueService      : [ESTOQUE] Ciclo finalizado. Total de atualizações enviadas: 0
2026-09-12T06:27:05.912-03:00  INFO 10892 --- [ecommerce] [scheduling-1] c.d.e.service.SincronizacaoService       : Lendo VW_ECOMMERCE_PRECOS no banco de dados...
2026-09-12T06:27:06.010-03:00  INFO 10892 --- [ecommerce] [scheduling-1] c.d.e.service.SincronizacaoService       : Ciclo finalizado. Total de atualizações enviadas: 0
2026-09-12T06:28:00.015-03:00  INFO 10892 --- [ecommerce] [scheduling-1] c.d.e.s.SincronizacaoEstoqueService      : [ESTOQUE] Lendo VW_ECOMMERCE_ESTOQUE no banco de dados...
2026-09-12T06:29:02.857-03:00  INFO 10892 --- [ecommerce] [scheduling-1] c.d.e.s.SincronizacaoEstoqueService      : [ESTOQUE] Ciclo finalizado. Total de atualizações enviadas: 0
2026-09-12T06:29:02.857-03:00  INFO 10892 --- [ecommerce] [scheduling-1] c.d.e.service.SincronizacaoService       : Lendo VW_ECOMMERCE_PRECOS no banco de dados...
2026-09-12T06:29:02.921-03:00  INFO 10892 --- [ecommerce] [scheduling-1] c.d.e.service.SincronizacaoService       : Ciclo finalizado. Total de atualizações enviadas: 0
2026-09-12T06:30:00.012-03:00  INFO 10892 --- [ecommerce] [scheduling-1] c.d.e.s.SincronizacaoEstoqueService      : [ESTOQUE] Lendo VW_ECOMMERCE_ESTOQUE no banco de dados...
2026-09-12T06:31:01.582-03:00  INFO 10892 --- [ecommerce] [scheduling-1] c.d.e.s.SincronizacaoEstoqueService      : [ESTOQUE] Ciclo finalizado. Total de atualizações enviadas: 0
2026-09-12T06:31:01.582-03:00  INFO 10892 --- [ecommerce] [scheduling-1] c.d.e.service.SincronizacaoService       : Lendo VW_ECOMMERCE_PRECOS no banco de dados...
2026-09-12T06:31:01.680-03:00  INFO 10892 --- [ecommerce] [scheduling-1] c.d.e.service.SincronizacaoService       : Ciclo finalizado. Total de atualizações enviadas: 0
2026-09-12T06:32:00.023-03:00  INFO 10892 --- [ecommerce] [scheduling-1] c.d.e.service.SincronizacaoService       : Lendo VW_ECOMMERCE_PRECOS no banco de dados...
2026-09-12T06:32:00.087-03:00  INFO 10892 --- [ecommerce] [scheduling-1] c.d.e.service.SincronizacaoService       : Ciclo finalizado. Total de atualizações enviadas: 0
2026-09-12T06:32:00.087-03:00  INFO 10892 --- [ecommerce] [scheduling-1] c.d.e.s.SincronizacaoEstoqueService      : [ESTOQUE] Lendo VW_ECOMMERCE_ESTOQUE no banco de dados...
2026-09-12T06:32:31.672-03:00  INFO 10892 --- [ecommerce] [scheduling-1] c.d.e.s.SincronizacaoEstoqueService      : [ESTOQUE] Ciclo finalizado. Total de atualizações enviadas: 0
2026-09-12T06:33:00.011-03:00  INFO 10892 --- [ecommerce] [scheduling-1] c.d.e.s.SincronizacaoEstoqueService      : [ESTOQUE] Lendo VW_ECOMMERCE_ESTOQUE no banco de dados...
2026-09-12T06:34:02.389-03:00  INFO 10892 --- [ecommerce] [scheduling-1] c.d.e.s.SincronizacaoEstoqueService      : [ESTOQUE] Ciclo finalizado. Total de atualizações enviadas: 0
2026-09-12T06:34:02.405-03:00  INFO 10892 --- [ecommerce] [scheduling-1] c.d.e.service.SincronizacaoService       : Lendo VW_ECOMMERCE_PRECOS no banco de dados...
2026-09-12T06:34:02.735-03:00  INFO 10892 --- [ecommerce] [scheduling-1] c.d.e.service.SincronizacaoService       : Ciclo finalizado. Total de atualizações enviadas: 0
2026-09-12T06:35:00.007-03:00  INFO 10892 --- [ecommerce] [scheduling-1] c.d.e.s.SincronizacaoEstoqueService      : [ESTOQUE] Lendo VW_ECOMMERCE_ESTOQUE no banco de dados...
2026-09-12T06:36:01.356-03:00  INFO 10892 --- [ecommerce] [scheduling-1] c.d.e.s.SincronizacaoEstoqueService      : [ESTOQUE] Ciclo finalizado. Total de atualizações enviadas: 0
2026-09-12T06:36:01.356-03:00  INFO 10892 --- [ecommerce] [scheduling-1] c.d.e.service.SincronizacaoService       : Lendo VW_ECOMMERCE_PRECOS no banco de dados...
2026-09-12T06:36:01.448-03:00  INFO 10892 --- [ecommerce] [scheduling-1] c.d.e.service.SincronizacaoService       : Ciclo finalizado. Total de atualizações enviadas: 0
2026-09-12T06:37:00.007-03:00  INFO 10892 --- [ecommerce] [scheduling-1] c.d.e.service.SincronizacaoService       : Lendo VW_ECOMMERCE_PRECOS no banco de dados...
2026-09-12T06:37:00.131-03:00  INFO 10892 --- [ecommerce] [scheduling-1] c.d.e.service.SincronizacaoService       : Ciclo finalizado. Total de atualizações enviadas: 0
2026-09-12T06:37:00.131-03:00  INFO 10892 --- [ecommerce] [scheduling-1] c.d.e.s.SincronizacaoEstoqueService      : [ESTOQUE] Lendo VW_ECOMMERCE_ESTOQUE no banco de dados...
2026-09-12T06:38:07.105-03:00  INFO 10892 --- [ecommerce] [scheduling-1] c.d.e.s.SincronizacaoEstoqueService      : [ESTOQUE] Ciclo finalizado. Total de atualizações enviadas: 0
2026-09-12T06:38:07.121-03:00  INFO 10892 --- [ecommerce] [scheduling-1] c.d.e.service.SincronizacaoService       : Lendo VW_ECOMMERCE_PRECOS no banco de dados...
2026-09-12T06:38:07.186-03:00  INFO 10892 --- [ecommerce] [scheduling-1] c.d.e.service.SincronizacaoService       : Ciclo finalizado. Total de atualizações enviadas: 0
2026-09-12T06:39:00.014-03:00  INFO 10892 --- [ecommerce] [scheduling-1] c.d.e.s.SincronizacaoEstoqueService      : [ESTOQUE] Lendo VW_ECOMMERCE_ESTOQUE no banco de dados...
2026-09-12T06:40:03.707-03:00  INFO 10892 --- [ecommerce] [scheduling-1] c.d.e.s.SincronizacaoEstoqueService      : [ESTOQUE] Ciclo finalizado. Total de atualizações enviadas: 0
2026-09-12T06:40:03.722-03:00  INFO 10892 --- [ecommerce] [scheduling-1] c.d.e.service.SincronizacaoService       : Lendo VW_ECOMMERCE_PRECOS no banco de dados...
2026-09-12T06:40:03.893-03:00  INFO 10892 --- [ecommerce] [scheduling-1] c.d.e.service.SincronizacaoService       : Ciclo finalizado. Total de atualizações enviadas: 0
2026-09-12T06:41:00.010-03:00  INFO 10892 --- [ecommerce] [scheduling-1] c.d.e.s.SincronizacaoEstoqueService      : [ESTOQUE] Lendo VW_ECOMMERCE_ESTOQUE no banco de dados...
2026-09-12T06:42:05.788-03:00  INFO 10892 --- [ecommerce] [scheduling-1] c.d.e.s.SincronizacaoEstoqueService      : [ESTOQUE] Ciclo finalizado. Total de atualizações enviadas: 0
2026-09-12T06:42:05.789-03:00  INFO 10892 --- [ecommerce] [scheduling-1] c.d.e.service.SincronizacaoService       : Lendo VW_ECOMMERCE_PRECOS no banco de dados...
2026-09-12T06:42:05.965-03:00  INFO 10892 --- [ecommerce] [scheduling-1] c.d.e.service.SincronizacaoService       : Ciclo finalizado. Total de atualizações enviadas: 0
2026-09-12T06:43:00.008-03:00  INFO 10892 --- [ecommerce] [scheduling-1] c.d.e.s.SincronizacaoEstoqueService      : [ESTOQUE] Lendo VW_ECOMMERCE_ESTOQUE no banco de dados...
2026-09-12T06:44:03.624-03:00  INFO 10892 --- [ecommerce] [scheduling-1] c.d.e.s.SincronizacaoEstoqueService      : [ESTOQUE] Ciclo finalizado. Total de atualizações enviadas: 0
2026-09-12T06:44:03.624-03:00  INFO 10892 --- [ecommerce] [scheduling-1] c.d.e.service.SincronizacaoService       : Lendo VW_ECOMMERCE_PRECOS no banco de dados...
2026-09-12T06:44:03.767-03:00  INFO 10892 --- [ecommerce] [scheduling-1] c.d.e.service.SincronizacaoService       : Ciclo finalizado. Total de atualizações enviadas: 0
2026-09-12T06:45:00.017-03:00  INFO 10892 --- [ecommerce] [scheduling-1] c.d.e.s.SincronizacaoEstoqueService      : [ESTOQUE] Lendo VW_ECOMMERCE_ESTOQUE no banco de dados...
2026-09-12T06:46:01.497-03:00  INFO 10892 --- [ecommerce] [scheduling-1] c.d.e.s.SincronizacaoEstoqueService      : [ESTOQUE] Ciclo finalizado. Total de atualizações enviadas: 0
2026-09-12T06:46:01.513-03:00  INFO 10892 --- [ecommerce] [scheduling-1] c.d.e.service.SincronizacaoService       : Lendo VW_ECOMMERCE_PRECOS no banco de dados...
2026-09-12T06:46:01.611-03:00  INFO 10892 --- [ecommerce] [scheduling-1] c.d.e.service.SincronizacaoService       : Ciclo finalizado. Total de atualizações enviadas: 0
2026-09-12T06:47:00.004-03:00  INFO 10892 --- [ecommerce] [scheduling-1] c.d.e.s.SincronizacaoEstoqueService      : [ESTOQUE] Lendo VW_ECOMMERCE_ESTOQUE no banco de dados...
2026-09-12T06:48:03.730-03:00  INFO 10892 --- [ecommerce] [scheduling-1] c.d.e.s.SincronizacaoEstoqueService      : [ESTOQUE] Ciclo finalizado. Total de atualizações enviadas: 0
2026-09-12T06:48:03.730-03:00  INFO 10892 --- [ecommerce] [scheduling-1] c.d.e.service.SincronizacaoService       : Lendo VW_ECOMMERCE_PRECOS no banco de dados...
2026-09-12T06:48:03.832-03:00  INFO 10892 --- [ecommerce] [scheduling-1] c.d.e.service.SincronizacaoService       : Ciclo finalizado. Total de atualizações enviadas: 0
2026-09-12T06:49:00.015-03:00  INFO 10892 --- [ecommerce] [scheduling-1] c.d.e.service.SincronizacaoService       : Lendo VW_ECOMMERCE_PRECOS no banco de dados...
2026-09-12T06:49:00.112-03:00  INFO 10892 --- [ecommerce] [scheduling-1] c.d.e.service.SincronizacaoService       : Ciclo finalizado. Total de atualizações enviadas: 0
2026-09-12T06:49:00.112-03:00  INFO 10892 --- [ecommerce] [scheduling-1] c.d.e.s.SincronizacaoEstoqueService      : [ESTOQUE] Lendo VW_ECOMMERCE_ESTOQUE no banco de dados...
2026-09-12T06:50:04.883-03:00  INFO 10892 --- [ecommerce] [scheduling-1] c.d.e.s.SincronizacaoEstoqueService      : [ESTOQUE] Ciclo finalizado. Total de atualizações enviadas: 0
2026-09-12T06:50:04.883-03:00  INFO 10892 --- [ecommerce] [scheduling-1] c.d.e.service.SincronizacaoService       : Lendo VW_ECOMMERCE_PRECOS no banco de dados...
2026-09-12T06:50:04.993-03:00  INFO 10892 --- [ecommerce] [scheduling-1] c.d.e.service.SincronizacaoService       : Ciclo finalizado. Total de atualizações enviadas: 0
2026-09-12T06:51:00.014-03:00  INFO 10892 --- [ecommerce] [scheduling-1] c.d.e.service.SincronizacaoService       : Lendo VW_ECOMMERCE_PRECOS no banco de dados...
2026-09-12T06:51:00.125-03:00  INFO 10892 --- [ecommerce] [scheduling-1] c.d.e.service.SincronizacaoService       : Ciclo finalizado. Total de atualizações enviadas: 0
2026-09-12T06:51:00.125-03:00  INFO 10892 --- [ecommerce] [scheduling-1] c.d.e.s.SincronizacaoEstoqueService      : [ESTOQUE] Lendo VW_ECOMMERCE_ESTOQUE no banco de dados...
2026-09-12T06:52:03.979-03:00  INFO 10892 --- [ecommerce] [scheduling-1] c.d.e.s.SincronizacaoEstoqueService      : [ESTOQUE] Ciclo finalizado. Total de atualizações enviadas: 0
2026-09-12T06:52:03.979-03:00  INFO 10892 --- [ecommerce] [scheduling-1] c.d.e.service.SincronizacaoService       : Lendo VW_ECOMMERCE_PRECOS no banco de dados...
2026-09-12T06:52:04.081-03:00  INFO 10892 --- [ecommerce] [scheduling-1] c.d.e.service.SincronizacaoService       : Ciclo finalizado. Total de atualizações enviadas: 0
2026-09-12T06:53:00.007-03:00  INFO 10892 --- [ecommerce] [scheduling-1] c.d.e.service.SincronizacaoService       : Lendo VW_ECOMMERCE_PRECOS no banco de dados...
2026-09-12T06:53:00.076-03:00  INFO 10892 --- [ecommerce] [scheduling-1] c.d.e.service.SincronizacaoService       : Ciclo finalizado. Total de atualizações enviadas: 0
2026-09-12T06:53:00.076-03:00  INFO 10892 --- [ecommerce] [scheduling-1] c.d.e.s.SincronizacaoEstoqueService      : [ESTOQUE] Lendo VW_ECOMMERCE_ESTOQUE no banco de dados...
2026-09-12T06:54:01.321-03:00  INFO 10892 --- [ecommerce] [scheduling-1] c.d.e.s.SincronizacaoEstoqueService      : [ESTOQUE] Ciclo finalizado. Total de atualizações enviadas: 0
2026-09-12T06:54:01.321-03:00  INFO 10892 --- [ecommerce] [scheduling-1] c.d.e.service.SincronizacaoService       : Lendo VW_ECOMMERCE_PRECOS no banco de dados...
2026-09-12T06:54:01.433-03:00  INFO 10892 --- [ecommerce] [scheduling-1] c.d.e.service.SincronizacaoService       : Ciclo finalizado. Total de atualizações enviadas: 0
2026-09-12T06:55:00.016-03:00  INFO 10892 --- [ecommerce] [scheduling-1] c.d.e.service.SincronizacaoService       : Lendo VW_ECOMMERCE_PRECOS no banco de dados...
2026-09-12T06:55:00.235-03:00  INFO 10892 --- [ecommerce] [scheduling-1] c.d.e.service.SincronizacaoService       : Ciclo finalizado. Total de atualizações enviadas: 0
2026-09-12T06:55:00.237-03:00  INFO 10892 --- [ecommerce] [scheduling-1] c.d.e.s.SincronizacaoEstoqueService      : [ESTOQUE] Lendo VW_ECOMMERCE_ESTOQUE no banco de dados...
2026-09-12T06:56:06.233-03:00  INFO 10892 --- [ecommerce] [scheduling-1] c.d.e.s.SincronizacaoEstoqueService      : [ESTOQUE] Ciclo finalizado. Total de atualizações enviadas: 0
2026-09-12T06:56:06.233-03:00  INFO 10892 --- [ecommerce] [scheduling-1] c.d.e.service.SincronizacaoService       : Lendo VW_ECOMMERCE_PRECOS no banco de dados...
2026-09-12T06:56:06.360-03:00  INFO 10892 --- [ecommerce] [scheduling-1] c.d.e.service.SincronizacaoService       : Ciclo finalizado. Total de atualizações enviadas: 0
2026-09-12T06:57:00.006-03:00  INFO 10892 --- [ecommerce] [scheduling-1] c.d.e.service.SincronizacaoService       : Lendo VW_ECOMMERCE_PRECOS no banco de dados...
2026-09-12T06:57:00.118-03:00  INFO 10892 --- [ecommerce] [scheduling-1] c.d.e.service.SincronizacaoService       : Ciclo finalizado. Total de atualizações enviadas: 0
2026-09-12T06:57:00.118-03:00  INFO 10892 --- [ecommerce] [scheduling-1] c.d.e.s.SincronizacaoEstoqueService      : [ESTOQUE] Lendo VW_ECOMMERCE_ESTOQUE no banco de dados...
2026-09-12T06:58:03.064-03:00  INFO 10892 --- [ecommerce] [scheduling-1] c.d.e.s.SincronizacaoEstoqueService      : [ESTOQUE] Ciclo finalizado. Total de atualizações enviadas: 0
2026-09-12T06:58:03.064-03:00  INFO 10892 --- [ecommerce] [scheduling-1] c.d.e.service.SincronizacaoService       : Lendo VW_ECOMMERCE_PRECOS no banco de dados...
2026-09-12T06:58:03.144-03:00  INFO 10892 --- [ecommerce] [scheduling-1] c.d.e.service.SincronizacaoService       : Ciclo finalizado. Total de atualizações enviadas: 0
2026-09-12T06:59:00.008-03:00  INFO 10892 --- [ecommerce] [scheduling-1] c.d.e.s.SincronizacaoEstoqueService      : [ESTOQUE] Lendo VW_ECOMMERCE_ESTOQUE no banco de dados...
2026-09-12T07:00:02.735-03:00  INFO 10892 --- [ecommerce] [scheduling-1] c.d.e.s.SincronizacaoEstoqueService      : [ESTOQUE] Ciclo finalizado. Total de atualizações enviadas: 0
2026-09-12T07:00:02.735-03:00  INFO 10892 --- [ecommerce] [scheduling-1] c.d.e.service.SincronizacaoService       : Lendo VW_ECOMMERCE_PRECOS no banco de dados...
2026-09-12T07:00:02.874-03:00  INFO 10892 --- [ecommerce] [scheduling-1] c.d.e.service.SincronizacaoService       : Ciclo finalizado. Total de atualizações enviadas: 0
2026-09-12T07:01:00.007-03:00  INFO 10892 --- [ecommerce] [scheduling-1] c.d.e.service.SincronizacaoService       : Lendo VW_ECOMMERCE_PRECOS no banco de dados...
2026-09-12T07:01:00.170-03:00  INFO 10892 --- [ecommerce] [scheduling-1] c.d.e.service.SincronizacaoService       : Ciclo finalizado. Total de atualizações enviadas: 0
2026-09-12T07:01:00.170-03:00  INFO 10892 --- [ecommerce] [scheduling-1] c.d.e.s.SincronizacaoEstoqueService      : [ESTOQUE] Lendo VW_ECOMMERCE_ESTOQUE no banco de dados...
2026-09-12T07:02:06.925-03:00  INFO 10892 --- [ecommerce] [scheduling-1] c.d.e.s.SincronizacaoEstoqueService      : [ESTOQUE] Ciclo finalizado. Total de atualizações enviadas: 0
2026-09-12T07:02:06.928-03:00  INFO 10892 --- [ecommerce] [scheduling-1] c.d.e.service.SincronizacaoService       : Lendo VW_ECOMMERCE_PRECOS no banco de dados...
2026-09-12T07:02:07.155-03:00  INFO 10892 --- [ecommerce] [scheduling-1] c.d.e.service.SincronizacaoService       : Ciclo finalizado. Total de atualizações enviadas: 0
2026-09-12T07:03:00.009-03:00  INFO 10892 --- [ecommerce] [scheduling-1] c.d.e.s.SincronizacaoEstoqueService      : [ESTOQUE] Lendo VW_ECOMMERCE_ESTOQUE no banco de dados...
2026-09-12T07:04:03.126-03:00  INFO 10892 --- [ecommerce] [scheduling-1] c.d.e.s.SincronizacaoEstoqueService      : [ESTOQUE] Ciclo finalizado. Total de atualizações enviadas: 0
2026-09-12T07:04:03.126-03:00  INFO 10892 --- [ecommerce] [scheduling-1] c.d.e.service.SincronizacaoService       : Lendo VW_ECOMMERCE_PRECOS no banco de dados...
2026-09-12T07:04:03.222-03:00  INFO 10892 --- [ecommerce] [scheduling-1] c.d.e.service.SincronizacaoService       : Ciclo finalizado. Total de atualizações enviadas: 0
2026-09-12T07:05:00.007-03:00  INFO 10892 --- [ecommerce] [scheduling-1] c.d.e.s.SincronizacaoEstoqueService      : [ESTOQUE] Lendo VW_ECOMMERCE_ESTOQUE no banco de dados...
2026-09-12T07:06:01.202-03:00  INFO 10892 --- [ecommerce] [scheduling-1] c.d.e.s.SincronizacaoEstoqueService      : [ESTOQUE] Ciclo finalizado. Total de atualizações enviadas: 0
2026-09-12T07:06:01.216-03:00  INFO 10892 --- [ecommerce] [scheduling-1] c.d.e.service.SincronizacaoService       : Lendo VW_ECOMMERCE_PRECOS no banco de dados...
2026-09-12T07:06:01.328-03:00  INFO 10892 --- [ecommerce] [scheduling-1] c.d.e.service.SincronizacaoService       : Ciclo finalizado. Total de atualizações enviadas: 0
2026-09-12T07:07:00.009-03:00  INFO 10892 --- [ecommerce] [scheduling-1] c.d.e.s.SincronizacaoEstoqueService      : [ESTOQUE] Lendo VW_ECOMMERCE_ESTOQUE no banco de dados...
2026-09-12T07:08:05.882-03:00  INFO 10892 --- [ecommerce] [scheduling-1] c.d.e.s.SincronizacaoEstoqueService      : [ESTOQUE] Ciclo finalizado. Total de atualizações enviadas: 0
2026-09-12T07:08:05.897-03:00  INFO 10892 --- [ecommerce] [scheduling-1] c.d.e.service.SincronizacaoService       : Lendo VW_ECOMMERCE_PRECOS no banco de dados...
2026-09-12T07:08:06.090-03:00  INFO 10892 --- [ecommerce] [scheduling-1] c.d.e.service.SincronizacaoService       : Ciclo finalizado. Total de atualizações enviadas: 0
2026-09-12T07:09:00.000-03:00  INFO 10892 --- [ecommerce] [scheduling-1] c.d.e.service.SincronizacaoService       : Lendo VW_ECOMMERCE_PRECOS no banco de dados...
2026-09-12T07:09:00.096-03:00  INFO 10892 --- [ecommerce] [scheduling-1] c.d.e.service.SincronizacaoService       : Ciclo finalizado. Total de atualizações enviadas: 0
2026-09-12T07:09:00.096-03:00  INFO 10892 --- [ecommerce] [scheduling-1] c.d.e.s.SincronizacaoEstoqueService      : [ESTOQUE] Lendo VW_ECOMMERCE_ESTOQUE no banco de dados...
2026-09-12T07:10:04.011-03:00  INFO 10892 --- [ecommerce] [scheduling-1] c.d.e.s.SincronizacaoEstoqueService      : [ESTOQUE] Ciclo finalizado. Total de atualizações enviadas: 0
2026-09-12T07:10:04.024-03:00  INFO 10892 --- [ecommerce] [scheduling-1] c.d.e.service.SincronizacaoService       : Lendo VW_ECOMMERCE_PRECOS no banco de dados...
2026-09-12T07:10:04.222-03:00  INFO 10892 --- [ecommerce] [scheduling-1] c.d.e.service.SincronizacaoService       : Ciclo finalizado. Total de atualizações enviadas: 0
2026-09-12T07:11:00.007-03:00  INFO 10892 --- [ecommerce] [scheduling-1] c.d.e.s.SincronizacaoEstoqueService      : [ESTOQUE] Lendo VW_ECOMMERCE_ESTOQUE no banco de dados...
2026-09-12T07:12:02.013-03:00  INFO 10892 --- [ecommerce] [scheduling-1] c.d.e.s.SincronizacaoEstoqueService      : [ESTOQUE] Ciclo finalizado. Total de atualizações enviadas: 0
2026-09-12T07:12:02.029-03:00  INFO 10892 --- [ecommerce] [scheduling-1] c.d.e.service.SincronizacaoService       : Lendo VW_ECOMMERCE_PRECOS no banco de dados...
2026-09-12T07:12:02.094-03:00  INFO 10892 --- [ecommerce] [scheduling-1] c.d.e.service.SincronizacaoService       : Ciclo finalizado. Total de atualizações enviadas: 0
2026-09-12T07:13:00.011-03:00  INFO 10892 --- [ecommerce] [scheduling-1] c.d.e.s.SincronizacaoEstoqueService      : [ESTOQUE] Lendo VW_ECOMMERCE_ESTOQUE no banco de dados...
2026-09-12T07:14:04.892-03:00  INFO 10892 --- [ecommerce] [scheduling-1] c.d.e.s.SincronizacaoEstoqueService      : [ESTOQUE] Ciclo finalizado. Total de atualizações enviadas: 0
2026-09-12T07:14:04.892-03:00  INFO 10892 --- [ecommerce] [scheduling-1] c.d.e.service.SincronizacaoService       : Lendo VW_ECOMMERCE_PRECOS no banco de dados...
2026-09-12T07:14:05.068-03:00  INFO 10892 --- [ecommerce] [scheduling-1] c.d.e.service.SincronizacaoService       : Ciclo finalizado. Total de atualizações enviadas: 0
2026-09-12T07:15:00.003-03:00  INFO 10892 --- [ecommerce] [scheduling-1] c.d.e.service.SincronizacaoService       : Lendo VW_ECOMMERCE_PRECOS no banco de dados...
2026-09-12T07:15:00.115-03:00  INFO 10892 --- [ecommerce] [scheduling-1] c.d.e.service.SincronizacaoService       : Ciclo finalizado. Total de atualizações enviadas: 0
2026-09-12T07:15:00.115-03:00  INFO 10892 --- [ecommerce] [scheduling-1] c.d.e.s.SincronizacaoEstoqueService      : [ESTOQUE] Lendo VW_ECOMMERCE_ESTOQUE no banco de dados...
2026-09-12T07:16:03.072-03:00  INFO 10892 --- [ecommerce] [scheduling-1] c.d.e.s.SincronizacaoEstoqueService      : [ESTOQUE] Ciclo finalizado. Total de atualizações enviadas: 0
2026-09-12T07:16:03.072-03:00  INFO 10892 --- [ecommerce] [scheduling-1] c.d.e.service.SincronizacaoService       : Lendo VW_ECOMMERCE_PRECOS no banco de dados...
2026-09-12T07:16:03.168-03:00  INFO 10892 --- [ecommerce] [scheduling-1] c.d.e.service.SincronizacaoService       : Ciclo finalizado. Total de atualizações enviadas: 0
2026-09-12T07:17:00.001-03:00  INFO 10892 --- [ecommerce] [scheduling-1] c.d.e.s.SincronizacaoEstoqueService      : [ESTOQUE] Lendo VW_ECOMMERCE_ESTOQUE no banco de dados...
2026-09-12T07:18:02.661-03:00  INFO 10892 --- [ecommerce] [scheduling-1] c.d.e.s.SincronizacaoEstoqueService      : [ESTOQUE] Ciclo finalizado. Total de atualizações enviadas: 0
2026-09-12T07:18:02.661-03:00  INFO 10892 --- [ecommerce] [scheduling-1] c.d.e.service.SincronizacaoService       : Lendo VW_ECOMMERCE_PRECOS no banco de dados...
2026-09-12T07:18:03.013-03:00  INFO 10892 --- [ecommerce] [scheduling-1] c.d.e.service.SincronizacaoService       : Ciclo finalizado. Total de atualizações enviadas: 0
2026-09-12T07:19:00.016-03:00  INFO 10892 --- [ecommerce] [scheduling-1] c.d.e.s.SincronizacaoEstoqueService      : [ESTOQUE] Lendo VW_ECOMMERCE_ESTOQUE no banco de dados...
2026-09-12T07:19:35.904-03:00  INFO 10892 --- [ecommerce] [scheduling-1] c.d.e.s.SincronizacaoEstoqueService      : [ESTOQUE] Ciclo finalizado. Total de atualizações enviadas: 0
2026-09-12T07:19:35.904-03:00  INFO 10892 --- [ecommerce] [scheduling-1] c.d.e.service.SincronizacaoService       : Lendo VW_ECOMMERCE_PRECOS no banco de dados...
2026-09-12T07:19:36.190-03:00  INFO 10892 --- [ecommerce] [scheduling-1] c.d.e.service.SincronizacaoService       : Ciclo finalizado. Total de atualizações enviadas: 0
2026-09-12T07:20:00.005-03:00  INFO 10892 --- [ecommerce] [scheduling-1] c.d.e.s.SincronizacaoEstoqueService      : [ESTOQUE] Lendo VW_ECOMMERCE_ESTOQUE no banco de dados...
2026-09-12T07:21:04.134-03:00  INFO 10892 --- [ecommerce] [scheduling-1] c.d.e.s.SincronizacaoEstoqueService      : [ESTOQUE] Ciclo finalizado. Total de atualizações enviadas: 0
2026-09-12T07:21:04.134-03:00  INFO 10892 --- [ecommerce] [scheduling-1] c.d.e.service.SincronizacaoService       : Lendo VW_ECOMMERCE_PRECOS no banco de dados...
2026-09-12T07:21:04.582-03:00  INFO 10892 --- [ecommerce] [scheduling-1] c.d.e.service.SincronizacaoService       : Ciclo finalizado. Total de atualizações enviadas: 0
2026-09-12T07:22:00.009-03:00  INFO 10892 --- [ecommerce] [scheduling-1] c.d.e.s.SincronizacaoEstoqueService      : [ESTOQUE] Lendo VW_ECOMMERCE_ESTOQUE no banco de dados...
2026-09-12T07:22:27.733-03:00  INFO 10892 --- [ecommerce] [scheduling-1] c.d.e.s.SincronizacaoEstoqueService      : [ESTOQUE] Ciclo finalizado. Total de atualizações enviadas: 0
2026-09-12T07:22:27.733-03:00  INFO 10892 --- [ecommerce] [scheduling-1] c.d.e.service.SincronizacaoService       : Lendo VW_ECOMMERCE_PRECOS no banco de dados...
2026-09-12T07:22:27.849-03:00  INFO 10892 --- [ecommerce] [scheduling-1] c.d.e.service.SincronizacaoService       : Ciclo finalizado. Total de atualizações enviadas: 0
2026-09-12T07:23:00.012-03:00  INFO 10892 --- [ecommerce] [scheduling-1] c.d.e.s.SincronizacaoEstoqueService      : [ESTOQUE] Lendo VW_ECOMMERCE_ESTOQUE no banco de dados...
2026-09-12T07:24:03.628-03:00  INFO 10892 --- [ecommerce] [scheduling-1] c.d.e.s.SincronizacaoEstoqueService      : [ESTOQUE] Ciclo finalizado. Total de atualizações enviadas: 0
2026-09-12T07:24:03.628-03:00  INFO 10892 --- [ecommerce] [scheduling-1] c.d.e.service.SincronizacaoService       : Lendo VW_ECOMMERCE_PRECOS no banco de dados...
2026-09-12T07:24:03.919-03:00  INFO 10892 --- [ecommerce] [scheduling-1] c.d.e.service.SincronizacaoService       : Ciclo finalizado. Total de atualizações enviadas: 0
2026-09-12T07:25:00.004-03:00  INFO 10892 --- [ecommerce] [scheduling-1] c.d.e.service.SincronizacaoService       : Lendo VW_ECOMMERCE_PRECOS no banco de dados...
2026-09-12T07:25:00.229-03:00  INFO 10892 --- [ecommerce] [scheduling-1] c.d.e.service.SincronizacaoService       : Ciclo finalizado. Total de atualizações enviadas: 0
2026-09-12T07:25:00.229-03:00  INFO 10892 --- [ecommerce] [scheduling-1] c.d.e.s.SincronizacaoEstoqueService      : [ESTOQUE] Lendo VW_ECOMMERCE_ESTOQUE no banco de dados...
2026-09-12T07:26:03.842-03:00  INFO 10892 --- [ecommerce] [scheduling-1] c.d.e.s.SincronizacaoEstoqueService      : [ESTOQUE] Ciclo finalizado. Total de atualizações enviadas: 0
2026-09-12T07:26:03.842-03:00  INFO 10892 --- [ecommerce] [scheduling-1] c.d.e.service.SincronizacaoService       : Lendo VW_ECOMMERCE_PRECOS no banco de dados...
2026-09-12T07:26:03.950-03:00  INFO 10892 --- [ecommerce] [scheduling-1] c.d.e.service.SincronizacaoService       : Ciclo finalizado. Total de atualizações enviadas: 0
2026-09-12T07:27:00.016-03:00  INFO 10892 --- [ecommerce] [scheduling-1] c.d.e.service.SincronizacaoService       : Lendo VW_ECOMMERCE_PRECOS no banco de dados...
2026-09-12T07:27:00.089-03:00  INFO 10892 --- [ecommerce] [scheduling-1] c.d.e.service.SincronizacaoService       : Ciclo finalizado. Total de atualizações enviadas: 0
2026-09-12T07:27:00.089-03:00  INFO 10892 --- [ecommerce] [scheduling-1] c.d.e.s.SincronizacaoEstoqueService      : [ESTOQUE] Lendo VW_ECOMMERCE_ESTOQUE no banco de dados...
2026-09-12T07:28:03.976-03:00  INFO 10892 --- [ecommerce] [scheduling-1] c.d.e.s.SincronizacaoEstoqueService      : [ESTOQUE] Ciclo finalizado. Total de atualizações enviadas: 0
2026-09-12T07:28:03.976-03:00  INFO 10892 --- [ecommerce] [scheduling-1] c.d.e.service.SincronizacaoService       : Lendo VW_ECOMMERCE_PRECOS no banco de dados...
2026-09-12T07:28:04.152-03:00  INFO 10892 --- [ecommerce] [scheduling-1] c.d.e.service.SincronizacaoService       : Ciclo finalizado. Total de atualizações enviadas: 0
2026-09-12T07:29:00.018-03:00  INFO 10892 --- [ecommerce] [scheduling-1] c.d.e.service.SincronizacaoService       : Lendo VW_ECOMMERCE_PRECOS no banco de dados...
2026-09-12T07:29:00.165-03:00  INFO 10892 --- [ecommerce] [scheduling-1] c.d.e.service.SincronizacaoService       : Ciclo finalizado. Total de atualizações enviadas: 0
2026-09-12T07:29:00.165-03:00  INFO 10892 --- [ecommerce] [scheduling-1] c.d.e.s.SincronizacaoEstoqueService      : [ESTOQUE] Lendo VW_ECOMMERCE_ESTOQUE no banco de dados...
2026-09-12T07:30:01.842-03:00  INFO 10892 --- [ecommerce] [scheduling-1] c.d.e.s.SincronizacaoEstoqueService      : [ESTOQUE] Ciclo finalizado. Total de atualizações enviadas: 0
2026-09-12T07:30:01.842-03:00  INFO 10892 --- [ecommerce] [scheduling-1] c.d.e.service.SincronizacaoService       : Lendo VW_ECOMMERCE_PRECOS no banco de dados...
2026-09-12T07:30:01.948-03:00  INFO 10892 --- [ecommerce] [scheduling-1] c.d.e.service.SincronizacaoService       : Ciclo finalizado. Total de atualizações enviadas: 0
2026-09-12T07:31:00.003-03:00  INFO 10892 --- [ecommerce] [scheduling-1] c.d.e.s.SincronizacaoEstoqueService      : [ESTOQUE] Lendo VW_ECOMMERCE_ESTOQUE no banco de dados...
2026-09-12T07:32:02.008-03:00  INFO 10892 --- [ecommerce] [scheduling-1] c.d.e.s.SincronizacaoEstoqueService      : [ESTOQUE] Ciclo finalizado. Total de atualizações enviadas: 0
2026-09-12T07:32:02.008-03:00  INFO 10892 --- [ecommerce] [scheduling-1] c.d.e.service.SincronizacaoService       : Lendo VW_ECOMMERCE_PRECOS no banco de dados...
2026-09-12T07:32:02.136-03:00  INFO 10892 --- [ecommerce] [scheduling-1] c.d.e.service.SincronizacaoService       : Ciclo finalizado. Total de atualizações enviadas: 0
2026-09-12T07:33:00.008-03:00  INFO 10892 --- [ecommerce] [scheduling-1] c.d.e.service.SincronizacaoService       : Lendo VW_ECOMMERCE_PRECOS no banco de dados...
2026-09-12T07:33:00.120-03:00  INFO 10892 --- [ecommerce] [scheduling-1] c.d.e.service.SincronizacaoService       : Ciclo finalizado. Total de atualizações enviadas: 0
2026-09-12T07:33:00.120-03:00  INFO 10892 --- [ecommerce] [scheduling-1] c.d.e.s.SincronizacaoEstoqueService      : [ESTOQUE] Lendo VW_ECOMMERCE_ESTOQUE no banco de dados...
2026-09-12T07:34:03.839-03:00  INFO 10892 --- [ecommerce] [scheduling-1] c.d.e.s.SincronizacaoEstoqueService      : [ESTOQUE] Ciclo finalizado. Total de atualizações enviadas: 0
2026-09-12T07:34:03.839-03:00  INFO 10892 --- [ecommerce] [scheduling-1] c.d.e.service.SincronizacaoService       : Lendo VW_ECOMMERCE_PRECOS no banco de dados...
2026-09-12T07:34:04.002-03:00  INFO 10892 --- [ecommerce] [scheduling-1] c.d.e.service.SincronizacaoService       : Ciclo finalizado. Total de atualizações enviadas: 0
2026-09-12T07:35:00.014-03:00  INFO 10892 --- [ecommerce] [scheduling-1] c.d.e.service.SincronizacaoService       : Lendo VW_ECOMMERCE_PRECOS no banco de dados...
2026-09-12T07:35:00.094-03:00  INFO 10892 --- [ecommerce] [scheduling-1] c.d.e.service.SincronizacaoService       : Ciclo finalizado. Total de atualizações enviadas: 0
2026-09-12T07:35:00.094-03:00  INFO 10892 --- [ecommerce] [scheduling-1] c.d.e.s.SincronizacaoEstoqueService      : [ESTOQUE] Lendo VW_ECOMMERCE_ESTOQUE no banco de dados...
2026-09-12T07:36:02.867-03:00  INFO 10892 --- [ecommerce] [scheduling-1] c.d.e.s.SincronizacaoEstoqueService      : [ESTOQUE] Ciclo finalizado. Total de atualizações enviadas: 0
2026-09-12T07:36:02.867-03:00  INFO 10892 --- [ecommerce] [scheduling-1] c.d.e.service.SincronizacaoService       : Lendo VW_ECOMMERCE_PRECOS no banco de dados...
2026-09-12T07:36:02.946-03:00  INFO 10892 --- [ecommerce] [scheduling-1] c.d.e.service.SincronizacaoService       : Ciclo finalizado. Total de atualizações enviadas: 0
2026-09-12T07:37:00.007-03:00  INFO 10892 --- [ecommerce] [scheduling-1] c.d.e.s.SincronizacaoEstoqueService      : [ESTOQUE] Lendo VW_ECOMMERCE_ESTOQUE no banco de dados...
2026-09-12T07:37:34.498-03:00  INFO 10892 --- [ecommerce] [scheduling-1] c.d.e.s.SincronizacaoEstoqueService      : [ESTOQUE] Ciclo finalizado. Total de atualizações enviadas: 0
2026-09-12T07:37:34.498-03:00  INFO 10892 --- [ecommerce] [scheduling-1] c.d.e.service.SincronizacaoService       : Lendo VW_ECOMMERCE_PRECOS no banco de dados...
2026-09-12T07:37:34.639-03:00  INFO 10892 --- [ecommerce] [scheduling-1] c.d.e.service.SincronizacaoService       : Ciclo finalizado. Total de atualizações enviadas: 0
2026-09-12T07:38:00.008-03:00  INFO 10892 --- [ecommerce] [scheduling-1] c.d.e.s.SincronizacaoEstoqueService      : [ESTOQUE] Lendo VW_ECOMMERCE_ESTOQUE no banco de dados...
2026-09-12T07:39:02.708-03:00  INFO 10892 --- [ecommerce] [scheduling-1] c.d.e.s.SincronizacaoEstoqueService      : [ESTOQUE] Ciclo finalizado. Total de atualizações enviadas: 0
2026-09-12T07:39:02.708-03:00  INFO 10892 --- [ecommerce] [scheduling-1] c.d.e.service.SincronizacaoService       : Lendo VW_ECOMMERCE_PRECOS no banco de dados...
2026-09-12T07:39:02.773-03:00  INFO 10892 --- [ecommerce] [scheduling-1] c.d.e.service.SincronizacaoService       : Ciclo finalizado. Total de atualizações enviadas: 0
2026-09-12T07:40:00.017-03:00  INFO 10892 --- [ecommerce] [scheduling-1] c.d.e.s.SincronizacaoEstoqueService      : [ESTOQUE] Lendo VW_ECOMMERCE_ESTOQUE no banco de dados...
2026-09-12T07:41:02.642-03:00  INFO 10892 --- [ecommerce] [scheduling-1] c.d.e.s.SincronizacaoEstoqueService      : [ESTOQUE] Ciclo finalizado. Total de atualizações enviadas: 0
2026-09-12T07:41:02.642-03:00  INFO 10892 --- [ecommerce] [scheduling-1] c.d.e.service.SincronizacaoService       : Lendo VW_ECOMMERCE_PRECOS no banco de dados...
2026-09-12T07:41:02.805-03:00  INFO 10892 --- [ecommerce] [scheduling-1] c.d.e.service.SincronizacaoService       : Ciclo finalizado. Total de atualizações enviadas: 0
2026-09-12T07:42:00.010-03:00  INFO 10892 --- [ecommerce] [scheduling-1] c.d.e.service.SincronizacaoService       : Lendo VW_ECOMMERCE_PRECOS no banco de dados...
2026-09-12T07:42:00.074-03:00  INFO 10892 --- [ecommerce] [scheduling-1] c.d.e.service.SincronizacaoService       : Ciclo finalizado. Total de atualizações enviadas: 0
2026-09-12T07:42:00.074-03:00  INFO 10892 --- [ecommerce] [scheduling-1] c.d.e.s.SincronizacaoEstoqueService      : [ESTOQUE] Lendo VW_ECOMMERCE_ESTOQUE no banco de dados...
2026-09-12T07:43:05.200-03:00  INFO 10892 --- [ecommerce] [scheduling-1] c.d.e.s.SincronizacaoEstoqueService      : [ESTOQUE] Ciclo finalizado. Total de atualizações enviadas: 0
2026-09-12T07:43:05.200-03:00  INFO 10892 --- [ecommerce] [scheduling-1] c.d.e.service.SincronizacaoService       : Lendo VW_ECOMMERCE_PRECOS no banco de dados...
2026-09-12T07:43:05.312-03:00  INFO 10892 --- [ecommerce] [scheduling-1] c.d.e.service.SincronizacaoService       : Ciclo finalizado. Total de atualizações enviadas: 0
2026-09-12T07:44:00.010-03:00  INFO 10892 --- [ecommerce] [scheduling-1] c.d.e.s.SincronizacaoEstoqueService      : [ESTOQUE] Lendo VW_ECOMMERCE_ESTOQUE no banco de dados...
2026-09-12T07:45:04.814-03:00  INFO 10892 --- [ecommerce] [scheduling-1] c.d.e.s.SincronizacaoEstoqueService      : [ESTOQUE] Ciclo finalizado. Total de atualizações enviadas: 0
2026-09-12T07:45:04.814-03:00  INFO 10892 --- [ecommerce] [scheduling-1] c.d.e.service.SincronizacaoService       : Lendo VW_ECOMMERCE_PRECOS no banco de dados...
2026-09-12T07:45:04.975-03:00  INFO 10892 --- [ecommerce] [scheduling-1] c.d.e.service.SincronizacaoService       : Ciclo finalizado. Total de atualizações enviadas: 0
2026-09-12T07:46:00.004-03:00  INFO 10892 --- [ecommerce] [scheduling-1] c.d.e.service.SincronizacaoService       : Lendo VW_ECOMMERCE_PRECOS no banco de dados...
2026-09-12T07:46:00.216-03:00  INFO 10892 --- [ecommerce] [scheduling-1] c.d.e.service.SincronizacaoService       : Ciclo finalizado. Total de atualizações enviadas: 0
2026-09-12T07:46:00.216-03:00  INFO 10892 --- [ecommerce] [scheduling-1] c.d.e.s.SincronizacaoEstoqueService      : [ESTOQUE] Lendo VW_ECOMMERCE_ESTOQUE no banco de dados...
2026-09-12T07:47:01.966-03:00  INFO 10892 --- [ecommerce] [scheduling-1] c.d.e.s.SincronizacaoEstoqueService      : [ESTOQUE] Ciclo finalizado. Total de atualizações enviadas: 0
2026-09-12T07:47:01.966-03:00  INFO 10892 --- [ecommerce] [scheduling-1] c.d.e.service.SincronizacaoService       : Lendo VW_ECOMMERCE_PRECOS no banco de dados...
2026-09-12T07:47:02.026-03:00  INFO 10892 --- [ecommerce] [scheduling-1] c.d.e.service.SincronizacaoService       : Ciclo finalizado. Total de atualizações enviadas: 0
2026-09-12T07:48:00.007-03:00  INFO 10892 --- [ecommerce] [scheduling-1] c.d.e.service.SincronizacaoService       : Lendo VW_ECOMMERCE_PRECOS no banco de dados...
2026-09-12T07:48:00.168-03:00  INFO 10892 --- [ecommerce] [scheduling-1] c.d.e.service.SincronizacaoService       : Ciclo finalizado. Total de atualizações enviadas: 0
2026-09-12T07:48:00.168-03:00  INFO 10892 --- [ecommerce] [scheduling-1] c.d.e.s.SincronizacaoEstoqueService      : [ESTOQUE] Lendo VW_ECOMMERCE_ESTOQUE no banco de dados...
2026-09-12T07:49:05.463-03:00  INFO 10892 --- [ecommerce] [scheduling-1] c.d.e.s.SincronizacaoEstoqueService      : [ESTOQUE] Ciclo finalizado. Total de atualizações enviadas: 0
2026-09-12T07:49:05.463-03:00  INFO 10892 --- [ecommerce] [scheduling-1] c.d.e.service.SincronizacaoService       : Lendo VW_ECOMMERCE_PRECOS no banco de dados...
2026-09-12T07:49:05.707-03:00  INFO 10892 --- [ecommerce] [scheduling-1] c.d.e.service.SincronizacaoService       : Ciclo finalizado. Total de atualizações enviadas: 0
2026-09-12T07:50:00.002-03:00  INFO 10892 --- [ecommerce] [scheduling-1] c.d.e.s.SincronizacaoEstoqueService      : [ESTOQUE] Lendo VW_ECOMMERCE_ESTOQUE no banco de dados...
2026-09-12T07:51:03.310-03:00  INFO 10892 --- [ecommerce] [scheduling-1] c.d.e.s.SincronizacaoEstoqueService      : [ESTOQUE] Ciclo finalizado. Total de atualizações enviadas: 0
2026-09-12T07:51:03.310-03:00  INFO 10892 --- [ecommerce] [scheduling-1] c.d.e.service.SincronizacaoService       : Lendo VW_ECOMMERCE_PRECOS no banco de dados...
2026-09-12T07:51:03.733-03:00  INFO 10892 --- [ecommerce] [scheduling-1] c.d.e.service.SincronizacaoService       : Ciclo finalizado. Total de atualizações enviadas: 0
2026-09-12T07:52:00.013-03:00  INFO 10892 --- [ecommerce] [scheduling-1] c.d.e.s.SincronizacaoEstoqueService      : [ESTOQUE] Lendo VW_ECOMMERCE_ESTOQUE no banco de dados...
2026-09-12T07:53:01.507-03:00  INFO 10892 --- [ecommerce] [scheduling-1] c.d.e.s.SincronizacaoEstoqueService      : [ESTOQUE] Ciclo finalizado. Total de atualizações enviadas: 0
2026-09-12T07:53:01.507-03:00  INFO 10892 --- [ecommerce] [scheduling-1] c.d.e.service.SincronizacaoService       : Lendo VW_ECOMMERCE_PRECOS no banco de dados...
2026-09-12T07:53:01.655-03:00  INFO 10892 --- [ecommerce] [scheduling-1] c.d.e.service.SincronizacaoService       : Ciclo finalizado. Total de atualizações enviadas: 0
2026-09-12T07:54:00.013-03:00  INFO 10892 --- [ecommerce] [scheduling-1] c.d.e.s.SincronizacaoEstoqueService      : [ESTOQUE] Lendo VW_ECOMMERCE_ESTOQUE no banco de dados...
2026-09-12T07:55:04.479-03:00  INFO 10892 --- [ecommerce] [scheduling-1] c.d.e.s.SincronizacaoEstoqueService      : [ESTOQUE] Ciclo finalizado. Total de atualizações enviadas: 0
2026-09-12T07:55:04.479-03:00  INFO 10892 --- [ecommerce] [scheduling-1] c.d.e.service.SincronizacaoService       : Lendo VW_ECOMMERCE_PRECOS no banco de dados...
2026-09-12T07:55:04.571-03:00  INFO 10892 --- [ecommerce] [scheduling-1] c.d.e.service.SincronizacaoService       : Ciclo finalizado. Total de atualizações enviadas: 0
2026-09-12T07:56:00.011-03:00  INFO 10892 --- [ecommerce] [scheduling-1] c.d.e.service.SincronizacaoService       : Lendo VW_ECOMMERCE_PRECOS no banco de dados...
2026-09-12T07:56:00.106-03:00  INFO 10892 --- [ecommerce] [scheduling-1] c.d.e.service.SincronizacaoService       : Ciclo finalizado. Total de atualizações enviadas: 0
2026-09-12T07:56:00.106-03:00  INFO 10892 --- [ecommerce] [scheduling-1] c.d.e.s.SincronizacaoEstoqueService      : [ESTOQUE] Lendo VW_ECOMMERCE_ESTOQUE no banco de dados...
2026-09-12T07:57:00.900-03:00  INFO 10892 --- [ecommerce] [scheduling-1] c.d.e.s.SincronizacaoEstoqueService      : [ESTOQUE] Ciclo finalizado. Total de atualizações enviadas: 0
2026-09-12T07:57:00.900-03:00  INFO 10892 --- [ecommerce] [scheduling-1] c.d.e.service.SincronizacaoService       : Lendo VW_ECOMMERCE_PRECOS no banco de dados...
2026-09-12T07:57:01.011-03:00  INFO 10892 --- [ecommerce] [scheduling-1] c.d.e.service.SincronizacaoService       : Ciclo finalizado. Total de atualizações enviadas: 0
2026-09-12T07:58:00.011-03:00  INFO 10892 --- [ecommerce] [scheduling-1] c.d.e.service.SincronizacaoService       : Lendo VW_ECOMMERCE_PRECOS no banco de dados...
2026-09-12T07:58:00.062-03:00  INFO 10892 --- [ecommerce] [scheduling-1] c.d.e.service.SincronizacaoService       : Ciclo finalizado. Total de atualizações enviadas: 0
2026-09-12T07:58:00.062-03:00  INFO 10892 --- [ecommerce] [scheduling-1] c.d.e.s.SincronizacaoEstoqueService      : [ESTOQUE] Lendo VW_ECOMMERCE_ESTOQUE no banco de dados...
2026-09-12T07:59:04.390-03:00  INFO 10892 --- [ecommerce] [scheduling-1] c.d.e.s.SincronizacaoEstoqueService      : [ESTOQUE] Ciclo finalizado. Total de atualizações enviadas: 0
2026-09-12T07:59:04.391-03:00  INFO 10892 --- [ecommerce] [scheduling-1] c.d.e.service.SincronizacaoService       : Lendo VW_ECOMMERCE_PRECOS no banco de dados...
2026-09-12T07:59:04.580-03:00  INFO 10892 --- [ecommerce] [scheduling-1] c.d.e.service.SincronizacaoService       : Ciclo finalizado. Total de atualizações enviadas: 0
2026-09-12T08:00:00.004-03:00  INFO 10892 --- [ecommerce] [scheduling-1] c.d.e.s.SincronizacaoEstoqueService      : [ESTOQUE] Lendo VW_ECOMMERCE_ESTOQUE no banco de dados...
2026-09-12T08:01:07.849-03:00  INFO 10892 --- [ecommerce] [scheduling-1] c.d.e.s.SincronizacaoEstoqueService      : [ESTOQUE] Ciclo finalizado. Total de atualizações enviadas: 0
2026-09-12T08:01:07.849-03:00  INFO 10892 --- [ecommerce] [scheduling-1] c.d.e.service.SincronizacaoService       : Lendo VW_ECOMMERCE_PRECOS no banco de dados...
2026-09-12T08:01:07.975-03:00  INFO 10892 --- [ecommerce] [scheduling-1] c.d.e.service.SincronizacaoService       : Ciclo finalizado. Total de atualizações enviadas: 0
2026-09-12T08:02:00.010-03:00  INFO 10892 --- [ecommerce] [scheduling-1] c.d.e.s.SincronizacaoEstoqueService      : [ESTOQUE] Lendo VW_ECOMMERCE_ESTOQUE no banco de dados...
2026-09-12T08:03:03.207-03:00  INFO 10892 --- [ecommerce] [scheduling-1] c.d.e.s.SincronizacaoEstoqueService      : [ESTOQUE] Ciclo finalizado. Total de atualizações enviadas: 0
2026-09-12T08:03:03.207-03:00  INFO 10892 --- [ecommerce] [scheduling-1] c.d.e.service.SincronizacaoService       : Lendo VW_ECOMMERCE_PRECOS no banco de dados...
2026-09-12T08:03:03.399-03:00  INFO 10892 --- [ecommerce] [scheduling-1] c.d.e.service.SincronizacaoService       : Ciclo finalizado. Total de atualizações enviadas: 0
2026-09-12T08:04:00.004-03:00  INFO 10892 --- [ecommerce] [scheduling-1] c.d.e.service.SincronizacaoService       : Lendo VW_ECOMMERCE_PRECOS no banco de dados...
2026-09-12T08:04:00.147-03:00  INFO 10892 --- [ecommerce] [scheduling-1] c.d.e.service.SincronizacaoService       : Ciclo finalizado. Total de atualizações enviadas: 0
2026-09-12T08:04:00.147-03:00  INFO 10892 --- [ecommerce] [scheduling-1] c.d.e.s.SincronizacaoEstoqueService      : [ESTOQUE] Lendo VW_ECOMMERCE_ESTOQUE no banco de dados...
2026-09-12T08:05:03.504-03:00  INFO 10892 --- [ecommerce] [scheduling-1] c.d.e.s.SincronizacaoEstoqueService      : [ESTOQUE] Ciclo finalizado. Total de atualizações enviadas: 0
2026-09-12T08:05:03.504-03:00  INFO 10892 --- [ecommerce] [scheduling-1] c.d.e.service.SincronizacaoService       : Lendo VW_ECOMMERCE_PRECOS no banco de dados...
2026-09-12T08:05:03.697-03:00  INFO 10892 --- [ecommerce] [scheduling-1] c.d.e.service.SincronizacaoService       : Ciclo finalizado. Total de atualizações enviadas: 0
2026-09-12T08:06:00.005-03:00  INFO 10892 --- [ecommerce] [scheduling-1] c.d.e.service.SincronizacaoService       : Lendo VW_ECOMMERCE_PRECOS no banco de dados...
2026-09-12T08:06:00.085-03:00  INFO 10892 --- [ecommerce] [scheduling-1] c.d.e.service.SincronizacaoService       : Ciclo finalizado. Total de atualizações enviadas: 0
2026-09-12T08:06:00.085-03:00  INFO 10892 --- [ecommerce] [scheduling-1] c.d.e.s.SincronizacaoEstoqueService      : [ESTOQUE] Lendo VW_ECOMMERCE_ESTOQUE no banco de dados...
2026-09-12T08:06:45.527-03:00  INFO 10892 --- [ecommerce] [scheduling-1] c.d.e.s.SincronizacaoEstoqueService      : [ESTOQUE] Ciclo finalizado. Total de atualizações enviadas: 0
2026-09-12T08:07:00.017-03:00  INFO 10892 --- [ecommerce] [scheduling-1] c.d.e.service.SincronizacaoService       : Lendo VW_ECOMMERCE_PRECOS no banco de dados...
2026-09-12T08:07:00.337-03:00  INFO 10892 --- [ecommerce] [scheduling-1] c.d.e.service.SincronizacaoService       : Ciclo finalizado. Total de atualizações enviadas: 0
2026-09-12T08:07:00.337-03:00  INFO 10892 --- [ecommerce] [scheduling-1] c.d.e.s.SincronizacaoEstoqueService      : [ESTOQUE] Lendo VW_ECOMMERCE_ESTOQUE no banco de dados...
2026-09-12T08:08:03.997-03:00  INFO 10892 --- [ecommerce] [scheduling-1] c.d.e.s.SincronizacaoEstoqueService      : [ESTOQUE] Ciclo finalizado. Total de atualizações enviadas: 0
2026-09-12T08:08:03.997-03:00  INFO 10892 --- [ecommerce] [scheduling-1] c.d.e.service.SincronizacaoService       : Lendo VW_ECOMMERCE_PRECOS no banco de dados...
2026-09-12T08:08:04.271-03:00  INFO 10892 --- [ecommerce] [scheduling-1] c.d.e.service.SincronizacaoService       : Ciclo finalizado. Total de atualizações enviadas: 0
2026-09-12T08:09:00.014-03:00  INFO 10892 --- [ecommerce] [scheduling-1] c.d.e.service.SincronizacaoService       : Lendo VW_ECOMMERCE_PRECOS no banco de dados...
2026-09-12T08:09:00.207-03:00  INFO 10892 --- [ecommerce] [scheduling-1] c.d.e.service.SincronizacaoService       : Ciclo finalizado. Total de atualizações enviadas: 0
2026-09-12T08:09:00.207-03:00  INFO 10892 --- [ecommerce] [scheduling-1] c.d.e.s.SincronizacaoEstoqueService      : [ESTOQUE] Lendo VW_ECOMMERCE_ESTOQUE no banco de dados...
2026-09-12T08:10:04.768-03:00  INFO 10892 --- [ecommerce] [scheduling-1] c.d.e.s.SincronizacaoEstoqueService      : [ESTOQUE] Ciclo finalizado. Total de atualizações enviadas: 0
2026-09-12T08:10:04.768-03:00  INFO 10892 --- [ecommerce] [scheduling-1] c.d.e.service.SincronizacaoService       : Lendo VW_ECOMMERCE_PRECOS no banco de dados...
2026-09-12T08:10:04.861-03:00  INFO 10892 --- [ecommerce] [scheduling-1] c.d.e.service.SincronizacaoService       : Ciclo finalizado. Total de atualizações enviadas: 0
2026-09-12T08:11:00.009-03:00  INFO 10892 --- [ecommerce] [scheduling-1] c.d.e.service.SincronizacaoService       : Lendo VW_ECOMMERCE_PRECOS no banco de dados...
2026-09-12T08:11:00.137-03:00  INFO 10892 --- [ecommerce] [scheduling-1] c.d.e.service.SincronizacaoService       : Ciclo finalizado. Total de atualizações enviadas: 0
2026-09-12T08:11:00.137-03:00  INFO 10892 --- [ecommerce] [scheduling-1] c.d.e.s.SincronizacaoEstoqueService      : [ESTOQUE] Lendo VW_ECOMMERCE_ESTOQUE no banco de dados...
2026-09-12T08:12:01.689-03:00  INFO 10892 --- [ecommerce] [scheduling-1] c.d.e.s.SincronizacaoEstoqueService      : [ESTOQUE] Ciclo finalizado. Total de atualizações enviadas: 0
2026-09-12T08:12:01.689-03:00  INFO 10892 --- [ecommerce] [scheduling-1] c.d.e.service.SincronizacaoService       : Lendo VW_ECOMMERCE_PRECOS no banco de dados...
2026-09-12T08:12:01.796-03:00  INFO 10892 --- [ecommerce] [scheduling-1] c.d.e.service.SincronizacaoService       : Ciclo finalizado. Total de atualizações enviadas: 0
2026-09-12T08:13:00.009-03:00  INFO 10892 --- [ecommerce] [scheduling-1] c.d.e.s.SincronizacaoEstoqueService      : [ESTOQUE] Lendo VW_ECOMMERCE_ESTOQUE no banco de dados...
2026-09-12T08:14:03.761-03:00  INFO 10892 --- [ecommerce] [scheduling-1] c.d.e.s.SincronizacaoEstoqueService      : [ESTOQUE] Ciclo finalizado. Total de atualizações enviadas: 0
2026-09-12T08:14:03.761-03:00  INFO 10892 --- [ecommerce] [scheduling-1] c.d.e.service.SincronizacaoService       : Lendo VW_ECOMMERCE_PRECOS no banco de dados...
2026-09-12T08:14:03.857-03:00  INFO 10892 --- [ecommerce] [scheduling-1] c.d.e.service.SincronizacaoService       : Ciclo finalizado. Total de atualizações enviadas: 0
2026-09-12T08:15:00.016-03:00  INFO 10892 --- [ecommerce] [scheduling-1] c.d.e.service.SincronizacaoService       : Lendo VW_ECOMMERCE_PRECOS no banco de dados...
2026-09-12T08:15:00.401-03:00  INFO 10892 --- [ecommerce] [scheduling-1] c.d.e.service.SincronizacaoService       : Ciclo finalizado. Total de atualizações enviadas: 0
2026-09-12T08:15:00.401-03:00  INFO 10892 --- [ecommerce] [scheduling-1] c.d.e.s.SincronizacaoEstoqueService      : [ESTOQUE] Lendo VW_ECOMMERCE_ESTOQUE no banco de dados...
2026-09-12T08:16:01.973-03:00  INFO 10892 --- [ecommerce] [scheduling-1] c.d.e.s.SincronizacaoEstoqueService      : [ESTOQUE] Ciclo finalizado. Total de atualizações enviadas: 0
2026-09-12T08:16:01.973-03:00  INFO 10892 --- [ecommerce] [scheduling-1] c.d.e.service.SincronizacaoService       : Lendo VW_ECOMMERCE_PRECOS no banco de dados...
2026-09-12T08:16:02.068-03:00  INFO 10892 --- [ecommerce] [scheduling-1] c.d.e.service.SincronizacaoService       : Ciclo finalizado. Total de atualizações enviadas: 0
2026-09-12T08:17:00.016-03:00  INFO 10892 --- [ecommerce] [scheduling-1] c.d.e.s.SincronizacaoEstoqueService      : [ESTOQUE] Lendo VW_ECOMMERCE_ESTOQUE no banco de dados...
2026-09-12T08:18:03.118-03:00  INFO 10892 --- [ecommerce] [scheduling-1] c.d.e.s.SincronizacaoEstoqueService      : [ESTOQUE] Ciclo finalizado. Total de atualizações enviadas: 0
2026-09-12T08:18:03.118-03:00  INFO 10892 --- [ecommerce] [scheduling-1] c.d.e.service.SincronizacaoService       : Lendo VW_ECOMMERCE_PRECOS no banco de dados...
2026-09-12T08:18:03.227-03:00  INFO 10892 --- [ecommerce] [scheduling-1] c.d.e.service.SincronizacaoService       : Ciclo finalizado. Total de atualizações enviadas: 0
2026-09-12T08:19:00.001-03:00  INFO 10892 --- [ecommerce] [scheduling-1] c.d.e.service.SincronizacaoService       : Lendo VW_ECOMMERCE_PRECOS no banco de dados...
2026-09-12T08:19:00.241-03:00  INFO 10892 --- [ecommerce] [scheduling-1] c.d.e.service.SincronizacaoService       : Ciclo finalizado. Total de atualizações enviadas: 0
2026-09-12T08:19:00.241-03:00  INFO 10892 --- [ecommerce] [scheduling-1] c.d.e.s.SincronizacaoEstoqueService      : [ESTOQUE] Lendo VW_ECOMMERCE_ESTOQUE no banco de dados...
2026-09-12T08:20:03.839-03:00  INFO 10892 --- [ecommerce] [scheduling-1] c.d.e.s.SincronizacaoEstoqueService      : [ESTOQUE] Ciclo finalizado. Total de atualizações enviadas: 0
2026-09-12T08:20:03.839-03:00  INFO 10892 --- [ecommerce] [scheduling-1] c.d.e.service.SincronizacaoService       : Lendo VW_ECOMMERCE_PRECOS no banco de dados...
2026-09-12T08:20:04.050-03:00  INFO 10892 --- [ecommerce] [scheduling-1] c.d.e.service.SincronizacaoService       : Ciclo finalizado. Total de atualizações enviadas: 0
2026-09-12T08:21:00.014-03:00  INFO 10892 --- [ecommerce] [scheduling-1] c.d.e.service.SincronizacaoService       : Lendo VW_ECOMMERCE_PRECOS no banco de dados...
2026-09-12T08:21:00.093-03:00  INFO 10892 --- [ecommerce] [scheduling-1] c.d.e.service.SincronizacaoService       : Ciclo finalizado. Total de atualizações enviadas: 0
2026-09-12T08:21:00.093-03:00  INFO 10892 --- [ecommerce] [scheduling-1] c.d.e.s.SincronizacaoEstoqueService      : [ESTOQUE] Lendo VW_ECOMMERCE_ESTOQUE no banco de dados...
2026-09-12T08:22:02.306-03:00  INFO 10892 --- [ecommerce] [scheduling-1] c.d.e.s.SincronizacaoEstoqueService      : [ESTOQUE] Ciclo finalizado. Total de atualizações enviadas: 0
2026-09-12T08:22:02.306-03:00  INFO 10892 --- [ecommerce] [scheduling-1] c.d.e.service.SincronizacaoService       : Lendo VW_ECOMMERCE_PRECOS no banco de dados...
2026-09-12T08:22:02.563-03:00  INFO 10892 --- [ecommerce] [scheduling-1] c.d.e.service.SincronizacaoService       : Ciclo finalizado. Total de atualizações enviadas: 0
2026-09-12T08:23:00.006-03:00  INFO 10892 --- [ecommerce] [scheduling-1] c.d.e.service.SincronizacaoService       : Lendo VW_ECOMMERCE_PRECOS no banco de dados...
2026-09-12T08:23:00.151-03:00  INFO 10892 --- [ecommerce] [scheduling-1] c.d.e.service.SincronizacaoService       : Ciclo finalizado. Total de atualizações enviadas: 0
2026-09-12T08:23:00.151-03:00  INFO 10892 --- [ecommerce] [scheduling-1] c.d.e.s.SincronizacaoEstoqueService      : [ESTOQUE] Lendo VW_ECOMMERCE_ESTOQUE no banco de dados...
2026-09-12T08:24:03.858-03:00  INFO 10892 --- [ecommerce] [scheduling-1] c.d.e.s.SincronizacaoEstoqueService      : [ESTOQUE] Ciclo finalizado. Total de atualizações enviadas: 0
2026-09-12T08:24:03.858-03:00  INFO 10892 --- [ecommerce] [scheduling-1] c.d.e.service.SincronizacaoService       : Lendo VW_ECOMMERCE_PRECOS no banco de dados...
2026-09-12T08:24:03.913-03:00  INFO 10892 --- [ecommerce] [scheduling-1] c.d.e.service.SincronizacaoService       : Ciclo finalizado. Total de atualizações enviadas: 0
2026-09-12T08:25:00.011-03:00  INFO 10892 --- [ecommerce] [scheduling-1] c.d.e.s.SincronizacaoEstoqueService      : [ESTOQUE] Lendo VW_ECOMMERCE_ESTOQUE no banco de dados...
2026-09-12T08:26:07.236-03:00  INFO 10892 --- [ecommerce] [scheduling-1] c.d.e.s.SincronizacaoEstoqueService      : [ESTOQUE] Ciclo finalizado. Total de atualizações enviadas: 0
2026-09-12T08:26:07.236-03:00  INFO 10892 --- [ecommerce] [scheduling-1] c.d.e.service.SincronizacaoService       : Lendo VW_ECOMMERCE_PRECOS no banco de dados...
2026-09-12T08:26:07.352-03:00  INFO 10892 --- [ecommerce] [scheduling-1] c.d.e.service.SincronizacaoService       : Ciclo finalizado. Total de atualizações enviadas: 0
2026-09-12T08:27:00.004-03:00  INFO 10892 --- [ecommerce] [scheduling-1] c.d.e.service.SincronizacaoService       : Lendo VW_ECOMMERCE_PRECOS no banco de dados...
2026-09-12T08:27:00.390-03:00  INFO 10892 --- [ecommerce] [scheduling-1] c.d.e.service.SincronizacaoService       : Ciclo finalizado. Total de atualizações enviadas: 0
2026-09-12T08:27:00.390-03:00  INFO 10892 --- [ecommerce] [scheduling-1] c.d.e.s.SincronizacaoEstoqueService      : [ESTOQUE] Lendo VW_ECOMMERCE_ESTOQUE no banco de dados...
2026-09-12T08:28:04.423-03:00  INFO 10892 --- [ecommerce] [scheduling-1] c.d.e.s.SincronizacaoEstoqueService      : [ESTOQUE] Ciclo finalizado. Total de atualizações enviadas: 0
2026-09-12T08:28:04.423-03:00  INFO 10892 --- [ecommerce] [scheduling-1] c.d.e.service.SincronizacaoService       : Lendo VW_ECOMMERCE_PRECOS no banco de dados...
2026-09-12T08:28:04.551-03:00  INFO 10892 --- [ecommerce] [scheduling-1] c.d.e.service.SincronizacaoService       : Ciclo finalizado. Total de atualizações enviadas: 0
2026-09-12T08:29:00.006-03:00  INFO 10892 --- [ecommerce] [scheduling-1] c.d.e.s.SincronizacaoEstoqueService      : [ESTOQUE] Lendo VW_ECOMMERCE_ESTOQUE no banco de dados...
2026-09-12T08:30:02.906-03:00  INFO 10892 --- [ecommerce] [scheduling-1] c.d.e.s.SincronizacaoEstoqueService      : [ESTOQUE] Ciclo finalizado. Total de atualizações enviadas: 0
2026-09-12T08:30:02.906-03:00  INFO 10892 --- [ecommerce] [scheduling-1] c.d.e.service.SincronizacaoService       : Lendo VW_ECOMMERCE_PRECOS no banco de dados...
2026-09-12T08:30:03.017-03:00  INFO 10892 --- [ecommerce] [scheduling-1] c.d.e.service.SincronizacaoService       : Ciclo finalizado. Total de atualizações enviadas: 0
2026-09-12T08:31:00.016-03:00  INFO 10892 --- [ecommerce] [scheduling-1] c.d.e.service.SincronizacaoService       : Lendo VW_ECOMMERCE_PRECOS no banco de dados...
2026-09-12T08:31:00.129-03:00  INFO 10892 --- [ecommerce] [scheduling-1] c.d.e.service.SincronizacaoService       : Ciclo finalizado. Total de atualizações enviadas: 0
2026-09-12T08:31:00.129-03:00  INFO 10892 --- [ecommerce] [scheduling-1] c.d.e.s.SincronizacaoEstoqueService      : [ESTOQUE] Lendo VW_ECOMMERCE_ESTOQUE no banco de dados...
2026-09-12T08:32:06.476-03:00  INFO 10892 --- [ecommerce] [scheduling-1] c.d.e.s.SincronizacaoEstoqueService      : [ESTOQUE] Ciclo finalizado. Total de atualizações enviadas: 0
2026-09-12T08:32:06.476-03:00  INFO 10892 --- [ecommerce] [scheduling-1] c.d.e.service.SincronizacaoService       : Lendo VW_ECOMMERCE_PRECOS no banco de dados...
2026-09-12T08:32:06.685-03:00  INFO 10892 --- [ecommerce] [scheduling-1] c.d.e.service.SincronizacaoService       : Ciclo finalizado. Total de atualizações enviadas: 0
2026-09-12T08:33:00.013-03:00  INFO 10892 --- [ecommerce] [scheduling-1] c.d.e.service.SincronizacaoService       : Lendo VW_ECOMMERCE_PRECOS no banco de dados...
2026-09-12T08:33:00.318-03:00  INFO 10892 --- [ecommerce] [scheduling-1] c.d.e.service.SincronizacaoService       : Ciclo finalizado. Total de atualizações enviadas: 0
2026-09-12T08:33:00.318-03:00  INFO 10892 --- [ecommerce] [scheduling-1] c.d.e.s.SincronizacaoEstoqueService      : [ESTOQUE] Lendo VW_ECOMMERCE_ESTOQUE no banco de dados...
2026-09-12T08:33:01.793-03:00  INFO 10892 --- [ecommerce] [scheduling-1] c.d.e.s.SincronizacaoEstoqueService      : [ESTOQUE] Sucesso! RefId 100921 (VTEX: 264) atualizado para 2838 un.
2026-09-12T08:33:03.041-03:00  INFO 10892 --- [ecommerce] [scheduling-1] c.d.e.s.SincronizacaoEstoqueService      : [ESTOQUE] Sucesso! RefId 8725835 (VTEX: 1386) atualizado para 504 un.
2026-09-12T08:33:23.908-03:00  INFO 10892 --- [ecommerce] [scheduling-1] c.d.e.s.SincronizacaoEstoqueService      : [ESTOQUE] Sucesso! RefId 8729719 (VTEX: 2923) atualizado para 440 un.
2026-09-12T08:34:05.633-03:00  INFO 10892 --- [ecommerce] [scheduling-1] c.d.e.s.SincronizacaoEstoqueService      : [ESTOQUE] Ciclo finalizado. Total de atualizações enviadas: 3
2026-09-12T08:34:05.633-03:00  INFO 10892 --- [ecommerce] [scheduling-1] c.d.e.service.SincronizacaoService       : Lendo VW_ECOMMERCE_PRECOS no banco de dados...
2026-09-12T08:34:05.738-03:00  INFO 10892 --- [ecommerce] [scheduling-1] c.d.e.service.SincronizacaoService       : Ciclo finalizado. Total de atualizações enviadas: 0
2026-09-12T08:35:00.012-03:00  INFO 10892 --- [ecommerce] [scheduling-1] c.d.e.service.SincronizacaoService       : Lendo VW_ECOMMERCE_PRECOS no banco de dados...
2026-09-12T08:35:00.283-03:00  INFO 10892 --- [ecommerce] [scheduling-1] c.d.e.service.SincronizacaoService       : Ciclo finalizado. Total de atualizações enviadas: 0
2026-09-12T08:35:00.283-03:00  INFO 10892 --- [ecommerce] [scheduling-1] c.d.e.s.SincronizacaoEstoqueService      : [ESTOQUE] Lendo VW_ECOMMERCE_ESTOQUE no banco de dados...
2026-09-12T08:35:22.709-03:00  INFO 10892 --- [ecommerce] [scheduling-1] c.d.e.s.SincronizacaoEstoqueService      : [ESTOQUE] Sucesso! RefId 8729642 (VTEX: 3045) atualizado para 4171 un.
2026-09-12T08:35:23.531-03:00  INFO 10892 --- [ecommerce] [scheduling-1] c.d.e.s.SincronizacaoEstoqueService      : [ESTOQUE] Sucesso! RefId 8729719 (VTEX: 2923) atualizado para 536 un.
2026-09-12T08:36:07.866-03:00  INFO 10892 --- [ecommerce] [scheduling-1] c.d.e.s.SincronizacaoEstoqueService      : [ESTOQUE] Ciclo finalizado. Total de atualizações enviadas: 2
2026-09-12T08:36:07.866-03:00  INFO 10892 --- [ecommerce] [scheduling-1] c.d.e.service.SincronizacaoService       : Lendo VW_ECOMMERCE_PRECOS no banco de dados...
2026-09-12T08:36:07.944-03:00  INFO 10892 --- [ecommerce] [scheduling-1] c.d.e.service.SincronizacaoService       : Ciclo finalizado. Total de atualizações enviadas: 0
2026-09-12T08:37:00.008-03:00  INFO 10892 --- [ecommerce] [scheduling-1] c.d.e.service.SincronizacaoService       : Lendo VW_ECOMMERCE_PRECOS no banco de dados...
2026-09-12T08:37:00.154-03:00  INFO 10892 --- [ecommerce] [scheduling-1] c.d.e.service.SincronizacaoService       : Ciclo finalizado. Total de atualizações enviadas: 0
2026-09-12T08:37:00.154-03:00  INFO 10892 --- [ecommerce] [scheduling-1] c.d.e.s.SincronizacaoEstoqueService      : [ESTOQUE] Lendo VW_ECOMMERCE_ESTOQUE no banco de dados...
2026-09-12T08:38:06.335-03:00  INFO 10892 --- [ecommerce] [scheduling-1] c.d.e.s.SincronizacaoEstoqueService      : [ESTOQUE] Ciclo finalizado. Total de atualizações enviadas: 0
2026-09-12T08:38:06.335-03:00  INFO 10892 --- [ecommerce] [scheduling-1] c.d.e.service.SincronizacaoService       : Lendo VW_ECOMMERCE_PRECOS no banco de dados...
2026-09-12T08:38:06.445-03:00  INFO 10892 --- [ecommerce] [scheduling-1] c.d.e.service.SincronizacaoService       : Ciclo finalizado. Total de atualizações enviadas: 0
2026-09-12T08:39:00.006-03:00  INFO 10892 --- [ecommerce] [scheduling-1] c.d.e.s.SincronizacaoEstoqueService      : [ESTOQUE] Lendo VW_ECOMMERCE_ESTOQUE no banco de dados...
2026-09-12T08:40:01.003-03:00  INFO 10892 --- [ecommerce] [scheduling-1] c.d.e.s.SincronizacaoEstoqueService      : [ESTOQUE] Ciclo finalizado. Total de atualizações enviadas: 0
2026-09-12T08:40:01.003-03:00  INFO 10892 --- [ecommerce] [scheduling-1] c.d.e.service.SincronizacaoService       : Lendo VW_ECOMMERCE_PRECOS no banco de dados...
2026-09-12T08:40:01.178-03:00  INFO 10892 --- [ecommerce] [scheduling-1] c.d.e.service.SincronizacaoService       : Ciclo finalizado. Total de atualizações enviadas: 0
2026-09-12T08:41:00.004-03:00  INFO 10892 --- [ecommerce] [scheduling-1] c.d.e.service.SincronizacaoService       : Lendo VW_ECOMMERCE_PRECOS no banco de dados...
2026-09-12T08:41:00.068-03:00  INFO 10892 --- [ecommerce] [scheduling-1] c.d.e.service.SincronizacaoService       : Ciclo finalizado. Total de atualizações enviadas: 0
2026-09-12T08:41:00.068-03:00  INFO 10892 --- [ecommerce] [scheduling-1] c.d.e.s.SincronizacaoEstoqueService      : [ESTOQUE] Lendo VW_ECOMMERCE_ESTOQUE no banco de dados...
2026-09-12T08:42:07.351-03:00  INFO 10892 --- [ecommerce] [scheduling-1] c.d.e.s.SincronizacaoEstoqueService      : [ESTOQUE] Ciclo finalizado. Total de atualizações enviadas: 0
2026-09-12T08:42:07.351-03:00  INFO 10892 --- [ecommerce] [scheduling-1] c.d.e.service.SincronizacaoService       : Lendo VW_ECOMMERCE_PRECOS no banco de dados...
2026-09-12T08:42:07.624-03:00  INFO 10892 --- [ecommerce] [scheduling-1] c.d.e.service.SincronizacaoService       : Ciclo finalizado. Total de atualizações enviadas: 0
2026-09-12T08:43:00.019-03:00  INFO 10892 --- [ecommerce] [scheduling-1] c.d.e.s.SincronizacaoEstoqueService      : [ESTOQUE] Lendo VW_ECOMMERCE_ESTOQUE no banco de dados...
2026-09-12T08:43:01.828-03:00  INFO 10892 --- [ecommerce] [scheduling-1] c.d.e.s.SincronizacaoEstoqueService      : [ESTOQUE] Sucesso! RefId 8724104 (VTEX: 2121) atualizado para 5 un.
2026-09-12T08:43:03.007-03:00  INFO 10892 --- [ecommerce] [scheduling-1] c.d.e.s.SincronizacaoEstoqueService      : [ESTOQUE] Sucesso! RefId 8727439 (VTEX: 1912) atualizado para 651 un.
2026-09-12T08:43:03.838-03:00  INFO 10892 --- [ecommerce] [scheduling-1] c.d.e.s.SincronizacaoEstoqueService      : [ESTOQUE] Sucesso! RefId 8727442 (VTEX: 1915) atualizado para 27 un.
2026-09-12T08:43:04.649-03:00  INFO 10892 --- [ecommerce] [scheduling-1] c.d.e.s.SincronizacaoEstoqueService      : [ESTOQUE] Sucesso! RefId 8727447 (VTEX: 1920) atualizado para 75 un.
2026-09-12T08:43:05.464-03:00  INFO 10892 --- [ecommerce] [scheduling-1] c.d.e.s.SincronizacaoEstoqueService      : [ESTOQUE] Sucesso! RefId 8727502 (VTEX: 1952) atualizado para 8 un.
2026-09-12T08:44:09.178-03:00  INFO 10892 --- [ecommerce] [scheduling-1] c.d.e.s.SincronizacaoEstoqueService      : [ESTOQUE] Ciclo finalizado. Total de atualizações enviadas: 5
2026-09-12T08:44:09.178-03:00  INFO 10892 --- [ecommerce] [scheduling-1] c.d.e.service.SincronizacaoService       : Lendo VW_ECOMMERCE_PRECOS no banco de dados...
2026-09-12T08:44:09.233-03:00  INFO 10892 --- [ecommerce] [scheduling-1] c.d.e.service.SincronizacaoService       : Ciclo finalizado. Total de atualizações enviadas: 0
2026-09-12T08:45:00.012-03:00  INFO 10892 --- [ecommerce] [scheduling-1] c.d.e.service.SincronizacaoService       : Lendo VW_ECOMMERCE_PRECOS no banco de dados...
2026-09-12T08:45:00.124-03:00  INFO 10892 --- [ecommerce] [scheduling-1] c.d.e.service.SincronizacaoService       : Ciclo finalizado. Total de atualizações enviadas: 0
2026-09-12T08:45:00.124-03:00  INFO 10892 --- [ecommerce] [scheduling-1] c.d.e.s.SincronizacaoEstoqueService      : [ESTOQUE] Lendo VW_ECOMMERCE_ESTOQUE no banco de dados...
2026-09-12T08:46:03.497-03:00  INFO 10892 --- [ecommerce] [scheduling-1] c.d.e.s.SincronizacaoEstoqueService      : [ESTOQUE] Ciclo finalizado. Total de atualizações enviadas: 0
2026-09-12T08:46:03.497-03:00  INFO 10892 --- [ecommerce] [scheduling-1] c.d.e.service.SincronizacaoService       : Lendo VW_ECOMMERCE_PRECOS no banco de dados...
2026-09-12T08:46:03.563-03:00  INFO 10892 --- [ecommerce] [scheduling-1] c.d.e.service.SincronizacaoService       : Ciclo finalizado. Total de atualizações enviadas: 0
2026-09-12T08:47:00.015-03:00  INFO 10892 --- [ecommerce] [scheduling-1] c.d.e.service.SincronizacaoService       : Lendo VW_ECOMMERCE_PRECOS no banco de dados...
2026-09-12T08:47:00.351-03:00  INFO 10892 --- [ecommerce] [scheduling-1] c.d.e.service.SincronizacaoService       : Ciclo finalizado. Total de atualizações enviadas: 0
2026-09-12T08:47:00.351-03:00  INFO 10892 --- [ecommerce] [scheduling-1] c.d.e.s.SincronizacaoEstoqueService      : [ESTOQUE] Lendo VW_ECOMMERCE_ESTOQUE no banco de dados...
2026-09-12T08:48:03.490-03:00  INFO 10892 --- [ecommerce] [scheduling-1] c.d.e.s.SincronizacaoEstoqueService      : [ESTOQUE] Ciclo finalizado. Total de atualizações enviadas: 0
2026-09-12T08:48:03.490-03:00  INFO 10892 --- [ecommerce] [scheduling-1] c.d.e.service.SincronizacaoService       : Lendo VW_ECOMMERCE_PRECOS no banco de dados...
2026-09-12T08:48:03.647-03:00  INFO 10892 --- [ecommerce] [scheduling-1] c.d.e.service.SincronizacaoService       : Ciclo finalizado. Total de atualizações enviadas: 0
2026-09-12T08:49:00.007-03:00  INFO 10892 --- [ecommerce] [scheduling-1] c.d.e.s.SincronizacaoEstoqueService      : [ESTOQUE] Lendo VW_ECOMMERCE_ESTOQUE no banco de dados...
2026-09-12T08:49:57.725-03:00  INFO 10892 --- [ecommerce] [scheduling-1] c.d.e.s.SincronizacaoEstoqueService      : [ESTOQUE] Ciclo finalizado. Total de atualizações enviadas: 0
2026-09-12T08:49:57.739-03:00  INFO 10892 --- [ecommerce] [scheduling-1] c.d.e.service.SincronizacaoService       : Lendo VW_ECOMMERCE_PRECOS no banco de dados...
2026-09-12T08:49:57.870-03:00  INFO 10892 --- [ecommerce] [scheduling-1] c.d.e.service.SincronizacaoService       : Ciclo finalizado. Total de atualizações enviadas: 0
2026-09-12T08:50:00.002-03:00  INFO 10892 --- [ecommerce] [scheduling-1] c.d.e.s.SincronizacaoEstoqueService      : [ESTOQUE] Lendo VW_ECOMMERCE_ESTOQUE no banco de dados...
2026-09-12T08:50:26.150-03:00  INFO 10892 --- [ecommerce] [scheduling-1] c.d.e.s.SincronizacaoEstoqueService      : [ESTOQUE] Ciclo finalizado. Total de atualizações enviadas: 0
2026-09-12T08:50:26.150-03:00  INFO 10892 --- [ecommerce] [scheduling-1] c.d.e.service.SincronizacaoService       : Lendo VW_ECOMMERCE_PRECOS no banco de dados...
2026-09-12T08:50:26.279-03:00  INFO 10892 --- [ecommerce] [scheduling-1] c.d.e.service.SincronizacaoService       : Ciclo finalizado. Total de atualizações enviadas: 0
2026-09-12T08:51:00.021-03:00  INFO 10892 --- [ecommerce] [scheduling-1] c.d.e.service.SincronizacaoService       : Lendo VW_ECOMMERCE_PRECOS no banco de dados...
2026-09-12T08:51:00.181-03:00  INFO 10892 --- [ecommerce] [scheduling-1] c.d.e.service.SincronizacaoService       : Ciclo finalizado. Total de atualizações enviadas: 0
2026-09-12T08:51:00.181-03:00  INFO 10892 --- [ecommerce] [scheduling-1] c.d.e.s.SincronizacaoEstoqueService      : [ESTOQUE] Lendo VW_ECOMMERCE_ESTOQUE no banco de dados...
2026-09-12T08:52:03.898-03:00  INFO 10892 --- [ecommerce] [scheduling-1] c.d.e.s.SincronizacaoEstoqueService      : [ESTOQUE] Ciclo finalizado. Total de atualizações enviadas: 0
2026-09-12T08:52:03.901-03:00  INFO 10892 --- [ecommerce] [scheduling-1] c.d.e.service.SincronizacaoService       : Lendo VW_ECOMMERCE_PRECOS no banco de dados...
2026-09-12T08:52:04.010-03:00  INFO 10892 --- [ecommerce] [scheduling-1] c.d.e.service.SincronizacaoService       : Ciclo finalizado. Total de atualizações enviadas: 0
2026-09-12T08:53:00.006-03:00  INFO 10892 --- [ecommerce] [scheduling-1] c.d.e.s.SincronizacaoEstoqueService      : [ESTOQUE] Lendo VW_ECOMMERCE_ESTOQUE no banco de dados...
2026-09-12T08:54:05.787-03:00  INFO 10892 --- [ecommerce] [scheduling-1] c.d.e.s.SincronizacaoEstoqueService      : [ESTOQUE] Ciclo finalizado. Total de atualizações enviadas: 0
2026-09-12T08:54:05.787-03:00  INFO 10892 --- [ecommerce] [scheduling-1] c.d.e.service.SincronizacaoService       : Lendo VW_ECOMMERCE_PRECOS no banco de dados...
2026-09-12T08:54:06.006-03:00  INFO 10892 --- [ecommerce] [scheduling-1] c.d.e.service.SincronizacaoService       : Ciclo finalizado. Total de atualizações enviadas: 0
2026-09-12T08:55:00.007-03:00  INFO 10892 --- [ecommerce] [scheduling-1] c.d.e.s.SincronizacaoEstoqueService      : [ESTOQUE] Lendo VW_ECOMMERCE_ESTOQUE no banco de dados...
2026-09-12T08:56:04.563-03:00  INFO 10892 --- [ecommerce] [scheduling-1] c.d.e.s.SincronizacaoEstoqueService      : [ESTOQUE] Ciclo finalizado. Total de atualizações enviadas: 0
2026-09-12T08:56:04.563-03:00  INFO 10892 --- [ecommerce] [scheduling-1] c.d.e.service.SincronizacaoService       : Lendo VW_ECOMMERCE_PRECOS no banco de dados...
2026-09-12T08:56:04.692-03:00  INFO 10892 --- [ecommerce] [scheduling-1] c.d.e.service.SincronizacaoService       : Ciclo finalizado. Total de atualizações enviadas: 0
2026-09-12T08:57:00.010-03:00  INFO 10892 --- [ecommerce] [scheduling-1] c.d.e.service.SincronizacaoService       : Lendo VW_ECOMMERCE_PRECOS no banco de dados...
2026-09-12T08:57:00.073-03:00  INFO 10892 --- [ecommerce] [scheduling-1] c.d.e.service.SincronizacaoService       : Ciclo finalizado. Total de atualizações enviadas: 0
2026-09-12T08:57:00.073-03:00  INFO 10892 --- [ecommerce] [scheduling-1] c.d.e.s.SincronizacaoEstoqueService      : [ESTOQUE] Lendo VW_ECOMMERCE_ESTOQUE no banco de dados...
2026-09-12T08:58:03.559-03:00  INFO 10892 --- [ecommerce] [scheduling-1] c.d.e.s.SincronizacaoEstoqueService      : [ESTOQUE] Ciclo finalizado. Total de atualizações enviadas: 0
2026-09-12T08:58:03.559-03:00  INFO 10892 --- [ecommerce] [scheduling-1] c.d.e.service.SincronizacaoService       : Lendo VW_ECOMMERCE_PRECOS no banco de dados...
2026-09-12T08:58:03.623-03:00  INFO 10892 --- [ecommerce] [scheduling-1] c.d.e.service.SincronizacaoService       : Ciclo finalizado. Total de atualizações enviadas: 0
2026-09-12T08:59:00.007-03:00  INFO 10892 --- [ecommerce] [scheduling-1] c.d.e.service.SincronizacaoService       : Lendo VW_ECOMMERCE_PRECOS no banco de dados...
2026-09-12T08:59:00.110-03:00  INFO 10892 --- [ecommerce] [scheduling-1] c.d.e.service.SincronizacaoService       : Ciclo finalizado. Total de atualizações enviadas: 0
2026-09-12T08:59:00.111-03:00  INFO 10892 --- [ecommerce] [scheduling-1] c.d.e.s.SincronizacaoEstoqueService      : [ESTOQUE] Lendo VW_ECOMMERCE_ESTOQUE no banco de dados...
2026-09-12T09:00:04.743-03:00  INFO 10892 --- [ecommerce] [scheduling-1] c.d.e.s.SincronizacaoEstoqueService      : [ESTOQUE] Ciclo finalizado. Total de atualizações enviadas: 0
2026-09-12T09:00:04.743-03:00  INFO 10892 --- [ecommerce] [scheduling-1] c.d.e.service.SincronizacaoService       : Lendo VW_ECOMMERCE_PRECOS no banco de dados...
2026-09-12T09:00:04.965-03:00  INFO 10892 --- [ecommerce] [scheduling-1] c.d.e.service.SincronizacaoService       : Ciclo finalizado. Total de atualizações enviadas: 0
2026-09-12T09:01:00.018-03:00  INFO 10892 --- [ecommerce] [scheduling-1] c.d.e.service.SincronizacaoService       : Lendo VW_ECOMMERCE_PRECOS no banco de dados...
2026-09-12T09:01:00.370-03:00  INFO 10892 --- [ecommerce] [scheduling-1] c.d.e.service.SincronizacaoService       : Ciclo finalizado. Total de atualizações enviadas: 0
2026-09-12T09:01:00.370-03:00  INFO 10892 --- [ecommerce] [scheduling-1] c.d.e.s.SincronizacaoEstoqueService      : [ESTOQUE] Lendo VW_ECOMMERCE_ESTOQUE no banco de dados...
2026-09-12T09:02:07.727-03:00  INFO 10892 --- [ecommerce] [scheduling-1] c.d.e.s.SincronizacaoEstoqueService      : [ESTOQUE] Ciclo finalizado. Total de atualizações enviadas: 0
2026-09-12T09:02:07.727-03:00  INFO 10892 --- [ecommerce] [scheduling-1] c.d.e.service.SincronizacaoService       : Lendo VW_ECOMMERCE_PRECOS no banco de dados...
2026-09-12T09:02:07.879-03:00  INFO 10892 --- [ecommerce] [scheduling-1] c.d.e.service.SincronizacaoService       : Ciclo finalizado. Total de atualizações enviadas: 0
2026-09-12T09:03:00.005-03:00  INFO 10892 --- [ecommerce] [scheduling-1] c.d.e.s.SincronizacaoEstoqueService      : [ESTOQUE] Lendo VW_ECOMMERCE_ESTOQUE no banco de dados...
2026-09-12T09:04:05.256-03:00  INFO 10892 --- [ecommerce] [scheduling-1] c.d.e.s.SincronizacaoEstoqueService      : [ESTOQUE] Ciclo finalizado. Total de atualizações enviadas: 0
2026-09-12T09:04:05.267-03:00  INFO 10892 --- [ecommerce] [scheduling-1] c.d.e.service.SincronizacaoService       : Lendo VW_ECOMMERCE_PRECOS no banco de dados...
2026-09-12T09:04:05.480-03:00  INFO 10892 --- [ecommerce] [scheduling-1] c.d.e.service.SincronizacaoService       : Ciclo finalizado. Total de atualizações enviadas: 0
2026-09-12T09:05:00.000-03:00  INFO 10892 --- [ecommerce] [scheduling-1] c.d.e.s.SincronizacaoEstoqueService      : [ESTOQUE] Lendo VW_ECOMMERCE_ESTOQUE no banco de dados...
2026-09-12T09:06:06.720-03:00  INFO 10892 --- [ecommerce] [scheduling-1] c.d.e.s.SincronizacaoEstoqueService      : [ESTOQUE] Ciclo finalizado. Total de atualizações enviadas: 0
2026-09-12T09:06:06.734-03:00  INFO 10892 --- [ecommerce] [scheduling-1] c.d.e.service.SincronizacaoService       : Lendo VW_ECOMMERCE_PRECOS no banco de dados...
2026-09-12T09:06:06.950-03:00  INFO 10892 --- [ecommerce] [scheduling-1] c.d.e.service.SincronizacaoService       : Ciclo finalizado. Total de atualizações enviadas: 0
2026-09-12T09:07:00.012-03:00  INFO 10892 --- [ecommerce] [scheduling-1] c.d.e.service.SincronizacaoService       : Lendo VW_ECOMMERCE_PRECOS no banco de dados...
2026-09-12T09:07:00.300-03:00  INFO 10892 --- [ecommerce] [scheduling-1] c.d.e.service.SincronizacaoService       : Ciclo finalizado. Total de atualizações enviadas: 0
2026-09-12T09:07:00.300-03:00  INFO 10892 --- [ecommerce] [scheduling-1] c.d.e.s.SincronizacaoEstoqueService      : [ESTOQUE] Lendo VW_ECOMMERCE_ESTOQUE no banco de dados...
2026-09-12T09:08:03.931-03:00  INFO 10892 --- [ecommerce] [scheduling-1] c.d.e.s.SincronizacaoEstoqueService      : [ESTOQUE] Ciclo finalizado. Total de atualizações enviadas: 0
2026-09-12T09:08:03.945-03:00  INFO 10892 --- [ecommerce] [scheduling-1] c.d.e.service.SincronizacaoService       : Lendo VW_ECOMMERCE_PRECOS no banco de dados...
2026-09-12T09:08:04.026-03:00  INFO 10892 --- [ecommerce] [scheduling-1] c.d.e.service.SincronizacaoService       : Ciclo finalizado. Total de atualizações enviadas: 0
2026-09-12T09:09:00.014-03:00  INFO 10892 --- [ecommerce] [scheduling-1] c.d.e.s.SincronizacaoEstoqueService      : [ESTOQUE] Lendo VW_ECOMMERCE_ESTOQUE no banco de dados...
2026-09-12T09:10:04.915-03:00  INFO 10892 --- [ecommerce] [scheduling-1] c.d.e.s.SincronizacaoEstoqueService      : [ESTOQUE] Ciclo finalizado. Total de atualizações enviadas: 0
2026-09-12T09:10:04.915-03:00  INFO 10892 --- [ecommerce] [scheduling-1] c.d.e.service.SincronizacaoService       : Lendo VW_ECOMMERCE_PRECOS no banco de dados...
2026-09-12T09:10:04.979-03:00  INFO 10892 --- [ecommerce] [scheduling-1] c.d.e.service.SincronizacaoService       : Ciclo finalizado. Total de atualizações enviadas: 0
2026-09-12T09:11:00.013-03:00  INFO 10892 --- [ecommerce] [scheduling-1] c.d.e.service.SincronizacaoService       : Lendo VW_ECOMMERCE_PRECOS no banco de dados...
2026-09-12T09:11:00.079-03:00  INFO 10892 --- [ecommerce] [scheduling-1] c.d.e.service.SincronizacaoService       : Ciclo finalizado. Total de atualizações enviadas: 0
2026-09-12T09:11:00.079-03:00  INFO 10892 --- [ecommerce] [scheduling-1] c.d.e.s.SincronizacaoEstoqueService      : [ESTOQUE] Lendo VW_ECOMMERCE_ESTOQUE no banco de dados...
2026-09-12T09:12:06.463-03:00  INFO 10892 --- [ecommerce] [scheduling-1] c.d.e.s.SincronizacaoEstoqueService      : [ESTOQUE] Ciclo finalizado. Total de atualizações enviadas: 0
2026-09-12T09:12:06.463-03:00  INFO 10892 --- [ecommerce] [scheduling-1] c.d.e.service.SincronizacaoService       : Lendo VW_ECOMMERCE_PRECOS no banco de dados...
2026-09-12T09:12:06.577-03:00  INFO 10892 --- [ecommerce] [scheduling-1] c.d.e.service.SincronizacaoService       : Ciclo finalizado. Total de atualizações enviadas: 0
2026-09-12T09:13:00.025-03:00  INFO 10892 --- [ecommerce] [scheduling-1] c.d.e.s.SincronizacaoEstoqueService      : [ESTOQUE] Lendo VW_ECOMMERCE_ESTOQUE no banco de dados...
2026-09-12T09:14:08.266-03:00  INFO 10892 --- [ecommerce] [scheduling-1] c.d.e.s.SincronizacaoEstoqueService      : [ESTOQUE] Ciclo finalizado. Total de atualizações enviadas: 0
2026-09-12T09:14:08.266-03:00  INFO 10892 --- [ecommerce] [scheduling-1] c.d.e.service.SincronizacaoService       : Lendo VW_ECOMMERCE_PRECOS no banco de dados...
2026-09-12T09:14:08.410-03:00  INFO 10892 --- [ecommerce] [scheduling-1] c.d.e.service.SincronizacaoService       : Ciclo finalizado. Total de atualizações enviadas: 0
2026-09-12T09:15:00.002-03:00  INFO 10892 --- [ecommerce] [scheduling-1] c.d.e.service.SincronizacaoService       : Lendo VW_ECOMMERCE_PRECOS no banco de dados...
2026-09-12T09:15:00.151-03:00  INFO 10892 --- [ecommerce] [scheduling-1] c.d.e.service.SincronizacaoService       : Ciclo finalizado. Total de atualizações enviadas: 0
2026-09-12T09:15:00.151-03:00  INFO 10892 --- [ecommerce] [scheduling-1] c.d.e.s.SincronizacaoEstoqueService      : [ESTOQUE] Lendo VW_ECOMMERCE_ESTOQUE no banco de dados...
2026-09-12T09:15:33.021-03:00  INFO 10892 --- [ecommerce] [scheduling-1] c.d.e.s.SincronizacaoEstoqueService      : [ESTOQUE] Ciclo finalizado. Total de atualizações enviadas: 0
2026-09-12T09:16:00.006-03:00  INFO 10892 --- [ecommerce] [scheduling-1] c.d.e.service.SincronizacaoService       : Lendo VW_ECOMMERCE_PRECOS no banco de dados...
2026-09-12T09:16:00.103-03:00  INFO 10892 --- [ecommerce] [scheduling-1] c.d.e.service.SincronizacaoService       : Ciclo finalizado. Total de atualizações enviadas: 0
2026-09-12T09:16:00.103-03:00  INFO 10892 --- [ecommerce] [scheduling-1] c.d.e.s.SincronizacaoEstoqueService      : [ESTOQUE] Lendo VW_ECOMMERCE_ESTOQUE no banco de dados...
2026-09-12T09:17:06.112-03:00  INFO 10892 --- [ecommerce] [scheduling-1] c.d.e.s.SincronizacaoEstoqueService      : [ESTOQUE] Ciclo finalizado. Total de atualizações enviadas: 0
2026-09-12T09:17:06.127-03:00  INFO 10892 --- [ecommerce] [scheduling-1] c.d.e.service.SincronizacaoService       : Lendo VW_ECOMMERCE_PRECOS no banco de dados...
2026-09-12T09:17:06.192-03:00  INFO 10892 --- [ecommerce] [scheduling-1] c.d.e.service.SincronizacaoService       : Ciclo finalizado. Total de atualizações enviadas: 0
2026-09-12T09:18:00.004-03:00  INFO 10892 --- [ecommerce] [scheduling-1] c.d.e.s.SincronizacaoEstoqueService      : [ESTOQUE] Lendo VW_ECOMMERCE_ESTOQUE no banco de dados...
2026-09-12T09:19:07.540-03:00  INFO 10892 --- [ecommerce] [scheduling-1] c.d.e.s.SincronizacaoEstoqueService      : [ESTOQUE] Ciclo finalizado. Total de atualizações enviadas: 0
2026-09-12T09:19:07.540-03:00  INFO 10892 --- [ecommerce] [scheduling-1] c.d.e.service.SincronizacaoService       : Lendo VW_ECOMMERCE_PRECOS no banco de dados...
2026-09-12T09:19:07.734-03:00  INFO 10892 --- [ecommerce] [scheduling-1] c.d.e.service.SincronizacaoService       : Ciclo finalizado. Total de atualizações enviadas: 0
2026-09-12T09:20:00.012-03:00  INFO 10892 --- [ecommerce] [scheduling-1] c.d.e.service.SincronizacaoService       : Lendo VW_ECOMMERCE_PRECOS no banco de dados...
2026-09-12T09:20:00.059-03:00  INFO 10892 --- [ecommerce] [scheduling-1] c.d.e.service.SincronizacaoService       : Ciclo finalizado. Total de atualizações enviadas: 0
2026-09-12T09:20:00.059-03:00  INFO 10892 --- [ecommerce] [scheduling-1] c.d.e.s.SincronizacaoEstoqueService      : [ESTOQUE] Lendo VW_ECOMMERCE_ESTOQUE no banco de dados...
2026-09-12T09:21:05.852-03:00  INFO 10892 --- [ecommerce] [scheduling-1] c.d.e.s.SincronizacaoEstoqueService      : [ESTOQUE] Ciclo finalizado. Total de atualizações enviadas: 0
2026-09-12T09:21:05.852-03:00  INFO 10892 --- [ecommerce] [scheduling-1] c.d.e.service.SincronizacaoService       : Lendo VW_ECOMMERCE_PRECOS no banco de dados...
2026-09-12T09:21:05.965-03:00  INFO 10892 --- [ecommerce] [scheduling-1] c.d.e.service.SincronizacaoService       : Ciclo finalizado. Total de atualizações enviadas: 0
2026-09-12T09:22:00.012-03:00  INFO 10892 --- [ecommerce] [scheduling-1] c.d.e.s.SincronizacaoEstoqueService      : [ESTOQUE] Lendo VW_ECOMMERCE_ESTOQUE no banco de dados...
2026-09-12T09:22:02.188-03:00  INFO 10892 --- [ecommerce] [scheduling-1] c.d.e.s.SincronizacaoEstoqueService      : [ESTOQUE] Sucesso! RefId 8726135 (VTEX: 1468) atualizado para 2 un.
2026-09-12T09:22:03.439-03:00  INFO 10892 --- [ecommerce] [scheduling-1] c.d.e.s.SincronizacaoEstoqueService      : [ESTOQUE] Sucesso! RefId 8728083 (VTEX: 2104) atualizado para 13 un.
2026-09-12T09:23:09.076-03:00  INFO 10892 --- [ecommerce] [scheduling-1] c.d.e.s.SincronizacaoEstoqueService      : [ESTOQUE] Ciclo finalizado. Total de atualizações enviadas: 2
2026-09-12T09:23:09.076-03:00  INFO 10892 --- [ecommerce] [scheduling-1] c.d.e.service.SincronizacaoService       : Lendo VW_ECOMMERCE_PRECOS no banco de dados...
2026-09-12T09:23:09.252-03:00  INFO 10892 --- [ecommerce] [scheduling-1] c.d.e.service.SincronizacaoService       : Ciclo finalizado. Total de atualizações enviadas: 0
2026-09-12T09:24:00.013-03:00  INFO 10892 --- [ecommerce] [scheduling-1] c.d.e.s.SincronizacaoEstoqueService      : [ESTOQUE] Lendo VW_ECOMMERCE_ESTOQUE no banco de dados...
2026-09-12T09:25:08.311-03:00  INFO 10892 --- [ecommerce] [scheduling-1] c.d.e.s.SincronizacaoEstoqueService      : [ESTOQUE] Ciclo finalizado. Total de atualizações enviadas: 0
2026-09-12T09:25:08.312-03:00  INFO 10892 --- [ecommerce] [scheduling-1] c.d.e.service.SincronizacaoService       : Lendo VW_ECOMMERCE_PRECOS no banco de dados...
2026-09-12T09:25:08.401-03:00  INFO 10892 --- [ecommerce] [scheduling-1] c.d.e.service.SincronizacaoService       : Ciclo finalizado. Total de atualizações enviadas: 0
2026-09-12T09:26:00.006-03:00  INFO 10892 --- [ecommerce] [scheduling-1] c.d.e.s.SincronizacaoEstoqueService      : [ESTOQUE] Lendo VW_ECOMMERCE_ESTOQUE no banco de dados...
2026-09-12T09:27:05.894-03:00  INFO 10892 --- [ecommerce] [scheduling-1] c.d.e.s.SincronizacaoEstoqueService      : [ESTOQUE] Ciclo finalizado. Total de atualizações enviadas: 0
2026-09-12T09:27:05.896-03:00  INFO 10892 --- [ecommerce] [scheduling-1] c.d.e.service.SincronizacaoService       : Lendo VW_ECOMMERCE_PRECOS no banco de dados...
2026-09-12T09:27:06.155-03:00  INFO 10892 --- [ecommerce] [scheduling-1] c.d.e.service.SincronizacaoService       : Ciclo finalizado. Total de atualizações enviadas: 0
2026-09-12T09:28:00.011-03:00  INFO 10892 --- [ecommerce] [scheduling-1] c.d.e.s.SincronizacaoEstoqueService      : [ESTOQUE] Lendo VW_ECOMMERCE_ESTOQUE no banco de dados...
2026-09-12T09:29:06.510-03:00  INFO 10892 --- [ecommerce] [scheduling-1] c.d.e.s.SincronizacaoEstoqueService      : [ESTOQUE] Ciclo finalizado. Total de atualizações enviadas: 0
2026-09-12T09:29:06.526-03:00  INFO 10892 --- [ecommerce] [scheduling-1] c.d.e.service.SincronizacaoService       : Lendo VW_ECOMMERCE_PRECOS no banco de dados...
2026-09-12T09:29:06.655-03:00  INFO 10892 --- [ecommerce] [scheduling-1] c.d.e.service.SincronizacaoService       : Ciclo finalizado. Total de atualizações enviadas: 0
2026-09-12T09:30:00.007-03:00  INFO 10892 --- [ecommerce] [scheduling-1] c.d.e.s.SincronizacaoEstoqueService      : [ESTOQUE] Lendo VW_ECOMMERCE_ESTOQUE no banco de dados...
2026-09-12T09:31:05.986-03:00  INFO 10892 --- [ecommerce] [scheduling-1] c.d.e.s.SincronizacaoEstoqueService      : [ESTOQUE] Ciclo finalizado. Total de atualizações enviadas: 0
2026-09-12T09:31:05.986-03:00  INFO 10892 --- [ecommerce] [scheduling-1] c.d.e.service.SincronizacaoService       : Lendo VW_ECOMMERCE_PRECOS no banco de dados...
2026-09-12T09:31:06.147-03:00  INFO 10892 --- [ecommerce] [scheduling-1] c.d.e.service.SincronizacaoService       : Ciclo finalizado. Total de atualizações enviadas: 0
2026-09-12T09:32:00.004-03:00  INFO 10892 --- [ecommerce] [scheduling-1] c.d.e.service.SincronizacaoService       : Lendo VW_ECOMMERCE_PRECOS no banco de dados...
2026-09-12T09:32:00.147-03:00  INFO 10892 --- [ecommerce] [scheduling-1] c.d.e.service.SincronizacaoService       : Ciclo finalizado. Total de atualizações enviadas: 0
2026-09-12T09:32:00.147-03:00  INFO 10892 --- [ecommerce] [scheduling-1] c.d.e.s.SincronizacaoEstoqueService      : [ESTOQUE] Lendo VW_ECOMMERCE_ESTOQUE no banco de dados...
2026-09-12T09:32:03.916-03:00  INFO 10892 --- [ecommerce] [scheduling-1] c.d.e.s.SincronizacaoEstoqueService      : [ESTOQUE] Sucesso! RefId 8729245 (VTEX: 2919) atualizado para 707 un.
2026-09-12T09:32:04.449-03:00  INFO 10892 --- [ecommerce] [scheduling-1] c.d.e.s.SincronizacaoEstoqueService      : [ESTOQUE] Sucesso! RefId 8729246 (VTEX: 2920) atualizado para 6 un.
2026-09-12T09:33:11.557-03:00  INFO 10892 --- [ecommerce] [scheduling-1] c.d.e.s.SincronizacaoEstoqueService      : [ESTOQUE] Ciclo finalizado. Total de atualizações enviadas: 2
2026-09-12T09:33:11.557-03:00  INFO 10892 --- [ecommerce] [scheduling-1] c.d.e.service.SincronizacaoService       : Lendo VW_ECOMMERCE_PRECOS no banco de dados...
2026-09-12T09:33:11.668-03:00  INFO 10892 --- [ecommerce] [scheduling-1] c.d.e.service.SincronizacaoService       : Ciclo finalizado. Total de atualizações enviadas: 0
2026-09-12T09:34:00.009-03:00  INFO 10892 --- [ecommerce] [scheduling-1] c.d.e.s.SincronizacaoEstoqueService      : [ESTOQUE] Lendo VW_ECOMMERCE_ESTOQUE no banco de dados...
2026-09-12T09:35:10.351-03:00  INFO 10892 --- [ecommerce] [scheduling-1] c.d.e.s.SincronizacaoEstoqueService      : [ESTOQUE] Ciclo finalizado. Total de atualizações enviadas: 0
2026-09-12T09:35:10.351-03:00  INFO 10892 --- [ecommerce] [scheduling-1] c.d.e.service.SincronizacaoService       : Lendo VW_ECOMMERCE_PRECOS no banco de dados...
2026-09-12T09:35:10.448-03:00  INFO 10892 --- [ecommerce] [scheduling-1] c.d.e.service.SincronizacaoService       : Ciclo finalizado. Total de atualizações enviadas: 0
2026-09-12T09:36:00.010-03:00  INFO 10892 --- [ecommerce] [scheduling-1] c.d.e.s.SincronizacaoEstoqueService      : [ESTOQUE] Lendo VW_ECOMMERCE_ESTOQUE no banco de dados...
2026-09-12T09:37:08.121-03:00  INFO 10892 --- [ecommerce] [scheduling-1] c.d.e.s.SincronizacaoEstoqueService      : [ESTOQUE] Ciclo finalizado. Total de atualizações enviadas: 0
2026-09-12T09:37:08.137-03:00  INFO 10892 --- [ecommerce] [scheduling-1] c.d.e.service.SincronizacaoService       : Lendo VW_ECOMMERCE_PRECOS no banco de dados...
2026-09-12T09:37:08.490-03:00  INFO 10892 --- [ecommerce] [scheduling-1] c.d.e.service.SincronizacaoService       : Ciclo finalizado. Total de atualizações enviadas: 0
2026-09-12T09:38:00.006-03:00  INFO 10892 --- [ecommerce] [scheduling-1] c.d.e.s.SincronizacaoEstoqueService      : [ESTOQUE] Lendo VW_ECOMMERCE_ESTOQUE no banco de dados...
2026-09-12T09:39:09.315-03:00  INFO 10892 --- [ecommerce] [scheduling-1] c.d.e.s.SincronizacaoEstoqueService      : [ESTOQUE] Ciclo finalizado. Total de atualizações enviadas: 0
2026-09-12T09:39:09.315-03:00  INFO 10892 --- [ecommerce] [scheduling-1] c.d.e.service.SincronizacaoService       : Lendo VW_ECOMMERCE_PRECOS no banco de dados...
2026-09-12T09:39:09.445-03:00  INFO 10892 --- [ecommerce] [scheduling-1] c.d.e.service.SincronizacaoService       : Ciclo finalizado. Total de atualizações enviadas: 0
2026-09-12T09:40:00.014-03:00  INFO 10892 --- [ecommerce] [scheduling-1] c.d.e.s.SincronizacaoEstoqueService      : [ESTOQUE] Lendo VW_ECOMMERCE_ESTOQUE no banco de dados...
2026-09-12T09:41:09.453-03:00  INFO 10892 --- [ecommerce] [scheduling-1] c.d.e.s.SincronizacaoEstoqueService      : [ESTOQUE] Ciclo finalizado. Total de atualizações enviadas: 0
2026-09-12T09:41:09.453-03:00  INFO 10892 --- [ecommerce] [scheduling-1] c.d.e.service.SincronizacaoService       : Lendo VW_ECOMMERCE_PRECOS no banco de dados...
2026-09-12T09:41:09.563-03:00  INFO 10892 --- [ecommerce] [scheduling-1] c.d.e.service.SincronizacaoService       : Ciclo finalizado. Total de atualizações enviadas: 0
2026-09-12T09:42:00.011-03:00  INFO 10892 --- [ecommerce] [scheduling-1] c.d.e.service.SincronizacaoService       : Lendo VW_ECOMMERCE_PRECOS no banco de dados...
2026-09-12T09:42:00.125-03:00  INFO 10892 --- [ecommerce] [scheduling-1] c.d.e.service.SincronizacaoService       : Ciclo finalizado. Total de atualizações enviadas: 0
2026-09-12T09:42:00.125-03:00  INFO 10892 --- [ecommerce] [scheduling-1] c.d.e.s.SincronizacaoEstoqueService      : [ESTOQUE] Lendo VW_ECOMMERCE_ESTOQUE no banco de dados...
2026-09-12T09:43:08.125-03:00  INFO 10892 --- [ecommerce] [scheduling-1] c.d.e.s.SincronizacaoEstoqueService      : [ESTOQUE] Ciclo finalizado. Total de atualizações enviadas: 0
2026-09-12T09:43:08.125-03:00  INFO 10892 --- [ecommerce] [scheduling-1] c.d.e.service.SincronizacaoService       : Lendo VW_ECOMMERCE_PRECOS no banco de dados...
2026-09-12T09:43:08.324-03:00  INFO 10892 --- [ecommerce] [scheduling-1] c.d.e.service.SincronizacaoService       : Ciclo finalizado. Total de atualizações enviadas: 0
2026-09-12T09:44:00.006-03:00  INFO 10892 --- [ecommerce] [scheduling-1] c.d.e.service.SincronizacaoService       : Lendo VW_ECOMMERCE_PRECOS no banco de dados...
2026-09-12T09:44:00.120-03:00  INFO 10892 --- [ecommerce] [scheduling-1] c.d.e.service.SincronizacaoService       : Ciclo finalizado. Total de atualizações enviadas: 0
2026-09-12T09:44:00.123-03:00  INFO 10892 --- [ecommerce] [scheduling-1] c.d.e.s.SincronizacaoEstoqueService      : [ESTOQUE] Lendo VW_ECOMMERCE_ESTOQUE no banco de dados...
2026-09-12T09:45:09.263-03:00  INFO 10892 --- [ecommerce] [scheduling-1] c.d.e.s.SincronizacaoEstoqueService      : [ESTOQUE] Ciclo finalizado. Total de atualizações enviadas: 0
2026-09-12T09:45:09.263-03:00  INFO 10892 --- [ecommerce] [scheduling-1] c.d.e.service.SincronizacaoService       : Lendo VW_ECOMMERCE_PRECOS no banco de dados...
2026-09-12T09:45:09.378-03:00  INFO 10892 --- [ecommerce] [scheduling-1] c.d.e.service.SincronizacaoService       : Ciclo finalizado. Total de atualizações enviadas: 0
2026-09-12T09:46:00.007-03:00  INFO 10892 --- [ecommerce] [scheduling-1] c.d.e.service.SincronizacaoService       : Lendo VW_ECOMMERCE_PRECOS no banco de dados...
2026-09-12T09:46:00.103-03:00  INFO 10892 --- [ecommerce] [scheduling-1] c.d.e.service.SincronizacaoService       : Ciclo finalizado. Total de atualizações enviadas: 0
2026-09-12T09:46:00.103-03:00  INFO 10892 --- [ecommerce] [scheduling-1] c.d.e.s.SincronizacaoEstoqueService      : [ESTOQUE] Lendo VW_ECOMMERCE_ESTOQUE no banco de dados...
2026-09-12T09:47:08.991-03:00  INFO 10892 --- [ecommerce] [scheduling-1] c.d.e.s.SincronizacaoEstoqueService      : [ESTOQUE] Ciclo finalizado. Total de atualizações enviadas: 0
2026-09-12T09:47:08.991-03:00  INFO 10892 --- [ecommerce] [scheduling-1] c.d.e.service.SincronizacaoService       : Lendo VW_ECOMMERCE_PRECOS no banco de dados...
2026-09-12T09:47:09.055-03:00  INFO 10892 --- [ecommerce] [scheduling-1] c.d.e.service.SincronizacaoService       : Ciclo finalizado. Total de atualizações enviadas: 0
2026-09-12T09:48:00.006-03:00  INFO 10892 --- [ecommerce] [scheduling-1] c.d.e.s.SincronizacaoEstoqueService      : [ESTOQUE] Lendo VW_ECOMMERCE_ESTOQUE no banco de dados...
2026-09-12T09:49:11.171-03:00  INFO 10892 --- [ecommerce] [scheduling-1] c.d.e.s.SincronizacaoEstoqueService      : [ESTOQUE] Ciclo finalizado. Total de atualizações enviadas: 0
2026-09-12T09:49:11.171-03:00  INFO 10892 --- [ecommerce] [scheduling-1] c.d.e.service.SincronizacaoService       : Lendo VW_ECOMMERCE_PRECOS no banco de dados...
2026-09-12T09:49:11.235-03:00  INFO 10892 --- [ecommerce] [scheduling-1] c.d.e.service.SincronizacaoService       : Ciclo finalizado. Total de atualizações enviadas: 0
2026-09-12T09:50:00.001-03:00  INFO 10892 --- [ecommerce] [scheduling-1] c.d.e.service.SincronizacaoService       : Lendo VW_ECOMMERCE_PRECOS no banco de dados...
2026-09-12T09:50:00.145-03:00  INFO 10892 --- [ecommerce] [scheduling-1] c.d.e.service.SincronizacaoService       : Ciclo finalizado. Total de atualizações enviadas: 0
2026-09-12T09:50:00.145-03:00  INFO 10892 --- [ecommerce] [scheduling-1] c.d.e.s.SincronizacaoEstoqueService      : [ESTOQUE] Lendo VW_ECOMMERCE_ESTOQUE no banco de dados...
2026-09-12T09:51:09.967-03:00  INFO 10892 --- [ecommerce] [scheduling-1] c.d.e.s.SincronizacaoEstoqueService      : [ESTOQUE] Ciclo finalizado. Total de atualizações enviadas: 0
2026-09-12T09:51:09.967-03:00  INFO 10892 --- [ecommerce] [scheduling-1] c.d.e.service.SincronizacaoService       : Lendo VW_ECOMMERCE_PRECOS no banco de dados...
2026-09-12T09:51:10.078-03:00  INFO 10892 --- [ecommerce] [scheduling-1] c.d.e.service.SincronizacaoService       : Ciclo finalizado. Total de atualizações enviadas: 0
2026-09-12T09:52:00.022-03:00  INFO 10892 --- [ecommerce] [scheduling-1] c.d.e.s.SincronizacaoEstoqueService      : [ESTOQUE] Lendo VW_ECOMMERCE_ESTOQUE no banco de dados...
2026-09-12T09:52:40.140-03:00  INFO 10892 --- [ecommerce] [scheduling-1] c.d.e.s.SincronizacaoEstoqueService      : [ESTOQUE] Ciclo finalizado. Total de atualizações enviadas: 0
2026-09-12T09:52:40.140-03:00  INFO 10892 --- [ecommerce] [scheduling-1] c.d.e.service.SincronizacaoService       : Lendo VW_ECOMMERCE_PRECOS no banco de dados...
2026-09-12T09:52:40.644-03:00  INFO 10892 --- [ecommerce] [scheduling-1] c.d.e.service.SincronizacaoService       : Traduzido RefId 8727199 para VTEX ID 1817. Enviando preço...
2026-09-12T09:52:41.150-03:00  INFO 10892 --- [ecommerce] [scheduling-1] c.d.e.service.SincronizacaoService       : Sucesso! Preço do RefId 8727199 atualizado na VTEX.
2026-09-12T09:52:41.285-03:00  INFO 10892 --- [ecommerce] [scheduling-1] c.d.e.service.SincronizacaoService       : Traduzido RefId 8727207 para VTEX ID 1824. Enviando preço...
2026-09-12T09:52:41.442-03:00  INFO 10892 --- [ecommerce] [scheduling-1] c.d.e.service.SincronizacaoService       : Sucesso! Preço do RefId 8727207 atualizado na VTEX.
2026-09-12T09:52:41.610-03:00  INFO 10892 --- [ecommerce] [scheduling-1] c.d.e.service.SincronizacaoService       : Traduzido RefId 8728431 para VTEX ID 2229. Enviando preço...
2026-09-12T09:52:41.770-03:00  INFO 10892 --- [ecommerce] [scheduling-1] c.d.e.service.SincronizacaoService       : Sucesso! Preço do RefId 8728431 atualizado na VTEX.
2026-09-12T09:52:41.916-03:00  INFO 10892 --- [ecommerce] [scheduling-1] c.d.e.service.SincronizacaoService       : Traduzido RefId 8728433 para VTEX ID 2223. Enviando preço...
2026-09-12T09:52:42.104-03:00  INFO 10892 --- [ecommerce] [scheduling-1] c.d.e.service.SincronizacaoService       : Sucesso! Preço do RefId 8728433 atualizado na VTEX.
2026-09-12T09:52:42.475-03:00  INFO 10892 --- [ecommerce] [scheduling-1] c.d.e.service.SincronizacaoService       : Traduzido RefId 8728529 para VTEX ID 2539. Enviando preço...
2026-09-12T09:52:42.635-03:00  INFO 10892 --- [ecommerce] [scheduling-1] c.d.e.service.SincronizacaoService       : Sucesso! Preço do RefId 8728529 atualizado na VTEX.
2026-09-12T09:52:42.635-03:00  INFO 10892 --- [ecommerce] [scheduling-1] c.d.e.service.SincronizacaoService       : Ciclo finalizado. Total de atualizações enviadas: 5
2026-09-12T09:53:00.008-03:00  INFO 10892 --- [ecommerce] [scheduling-1] c.d.e.s.SincronizacaoEstoqueService      : [ESTOQUE] Lendo VW_ECOMMERCE_ESTOQUE no banco de dados...
2026-09-12T09:54:14.487-03:00  INFO 10892 --- [ecommerce] [scheduling-1] c.d.e.s.SincronizacaoEstoqueService      : [ESTOQUE] Ciclo finalizado. Total de atualizações enviadas: 0
2026-09-12T09:54:14.487-03:00  INFO 10892 --- [ecommerce] [scheduling-1] c.d.e.service.SincronizacaoService       : Lendo VW_ECOMMERCE_PRECOS no banco de dados...
2026-09-12T09:54:14.557-03:00  INFO 10892 --- [ecommerce] [scheduling-1] c.d.e.service.SincronizacaoService       : Ciclo finalizado. Total de atualizações enviadas: 0
2026-09-12T09:55:00.000-03:00  INFO 10892 --- [ecommerce] [scheduling-1] c.d.e.service.SincronizacaoService       : Lendo VW_ECOMMERCE_PRECOS no banco de dados...
2026-09-12T09:55:00.530-03:00  INFO 10892 --- [ecommerce] [scheduling-1] c.d.e.service.SincronizacaoService       : Ciclo finalizado. Total de atualizações enviadas: 0
2026-09-12T09:55:00.530-03:00  INFO 10892 --- [ecommerce] [scheduling-1] c.d.e.s.SincronizacaoEstoqueService      : [ESTOQUE] Lendo VW_ECOMMERCE_ESTOQUE no banco de dados...
2026-09-12T09:56:13.215-03:00  INFO 10892 --- [ecommerce] [scheduling-1] c.d.e.s.SincronizacaoEstoqueService      : [ESTOQUE] Ciclo finalizado. Total de atualizações enviadas: 0
2026-09-12T09:56:13.215-03:00  INFO 10892 --- [ecommerce] [scheduling-1] c.d.e.service.SincronizacaoService       : Lendo VW_ECOMMERCE_PRECOS no banco de dados...
2026-09-12T09:56:13.281-03:00  INFO 10892 --- [ecommerce] [scheduling-1] c.d.e.service.SincronizacaoService       : Ciclo finalizado. Total de atualizações enviadas: 0
2026-09-12T09:57:00.011-03:00  INFO 10892 --- [ecommerce] [scheduling-1] c.d.e.s.SincronizacaoEstoqueService      : [ESTOQUE] Lendo VW_ECOMMERCE_ESTOQUE no banco de dados...
2026-09-12T09:58:14.982-03:00  INFO 10892 --- [ecommerce] [scheduling-1] c.d.e.s.SincronizacaoEstoqueService      : [ESTOQUE] Ciclo finalizado. Total de atualizações enviadas: 0
2026-09-12T09:58:14.982-03:00  INFO 10892 --- [ecommerce] [scheduling-1] c.d.e.service.SincronizacaoService       : Lendo VW_ECOMMERCE_PRECOS no banco de dados...
2026-09-12T09:58:15.094-03:00  INFO 10892 --- [ecommerce] [scheduling-1] c.d.e.service.SincronizacaoService       : Ciclo finalizado. Total de atualizações enviadas: 0
2026-09-12T09:59:00.015-03:00  INFO 10892 --- [ecommerce] [scheduling-1] c.d.e.service.SincronizacaoService       : Lendo VW_ECOMMERCE_PRECOS no banco de dados...
2026-09-12T09:59:00.177-03:00  INFO 10892 --- [ecommerce] [scheduling-1] c.d.e.service.SincronizacaoService       : Ciclo finalizado. Total de atualizações enviadas: 0
2026-09-12T09:59:00.177-03:00  INFO 10892 --- [ecommerce] [scheduling-1] c.d.e.s.SincronizacaoEstoqueService      : [ESTOQUE] Lendo VW_ECOMMERCE_ESTOQUE no banco de dados...
2026-09-12T10:00:14.461-03:00  INFO 10892 --- [ecommerce] [scheduling-1] c.d.e.s.SincronizacaoEstoqueService      : [ESTOQUE] Ciclo finalizado. Total de atualizações enviadas: 0
2026-09-12T10:00:14.461-03:00  INFO 10892 --- [ecommerce] [scheduling-1] c.d.e.service.SincronizacaoService       : Lendo VW_ECOMMERCE_PRECOS no banco de dados...
2026-09-12T10:00:14.610-03:00  INFO 10892 --- [ecommerce] [scheduling-1] c.d.e.service.SincronizacaoService       : Ciclo finalizado. Total de atualizações enviadas: 0
2026-09-12T10:01:00.010-03:00  INFO 10892 --- [ecommerce] [scheduling-1] c.d.e.service.SincronizacaoService       : Lendo VW_ECOMMERCE_PRECOS no banco de dados...
2026-09-12T10:01:00.377-03:00  INFO 10892 --- [ecommerce] [scheduling-1] c.d.e.service.SincronizacaoService       : Ciclo finalizado. Total de atualizações enviadas: 0
2026-09-12T10:01:00.377-03:00  INFO 10892 --- [ecommerce] [scheduling-1] c.d.e.s.SincronizacaoEstoqueService      : [ESTOQUE] Lendo VW_ECOMMERCE_ESTOQUE no banco de dados...
2026-09-12T10:02:20.854-03:00  INFO 10892 --- [ecommerce] [scheduling-1] c.d.e.s.SincronizacaoEstoqueService      : [ESTOQUE] Ciclo finalizado. Total de atualizações enviadas: 0
2026-09-12T10:02:20.854-03:00  INFO 10892 --- [ecommerce] [scheduling-1] c.d.e.service.SincronizacaoService       : Lendo VW_ECOMMERCE_PRECOS no banco de dados...
2026-09-12T10:02:20.967-03:00  INFO 10892 --- [ecommerce] [scheduling-1] c.d.e.service.SincronizacaoService       : Ciclo finalizado. Total de atualizações enviadas: 0
2026-09-12T10:03:00.013-03:00  INFO 10892 --- [ecommerce] [scheduling-1] c.d.e.service.SincronizacaoService       : Lendo VW_ECOMMERCE_PRECOS no banco de dados...
2026-09-12T10:03:00.126-03:00  INFO 10892 --- [ecommerce] [scheduling-1] c.d.e.service.SincronizacaoService       : Ciclo finalizado. Total de atualizações enviadas: 0
2026-09-12T10:03:00.126-03:00  INFO 10892 --- [ecommerce] [scheduling-1] c.d.e.s.SincronizacaoEstoqueService      : [ESTOQUE] Lendo VW_ECOMMERCE_ESTOQUE no banco de dados...
2026-09-12T10:03:28.526-03:00  INFO 10892 --- [ecommerce] [scheduling-1] c.d.e.s.SincronizacaoEstoqueService      : [ESTOQUE] Sucesso! RefId 8729640 (VTEX: 3044) atualizado para 3962 un.
2026-09-12T10:04:15.137-03:00  INFO 10892 --- [ecommerce] [scheduling-1] c.d.e.s.SincronizacaoEstoqueService      : [ESTOQUE] Ciclo finalizado. Total de atualizações enviadas: 1
2026-09-12T10:04:15.137-03:00  INFO 10892 --- [ecommerce] [scheduling-1] c.d.e.service.SincronizacaoService       : Lendo VW_ECOMMERCE_PRECOS no banco de dados...
2026-09-12T10:04:15.250-03:00  INFO 10892 --- [ecommerce] [scheduling-1] c.d.e.service.SincronizacaoService       : Ciclo finalizado. Total de atualizações enviadas: 0
2026-09-12T10:05:00.010-03:00  INFO 10892 --- [ecommerce] [scheduling-1] c.d.e.service.SincronizacaoService       : Lendo VW_ECOMMERCE_PRECOS no banco de dados...
2026-09-12T10:05:00.442-03:00  INFO 10892 --- [ecommerce] [scheduling-1] c.d.e.service.SincronizacaoService       : Ciclo finalizado. Total de atualizações enviadas: 0
2026-09-12T10:05:00.442-03:00  INFO 10892 --- [ecommerce] [scheduling-1] c.d.e.s.SincronizacaoEstoqueService      : [ESTOQUE] Lendo VW_ECOMMERCE_ESTOQUE no banco de dados...
2026-09-12T10:06:17.852-03:00  INFO 10892 --- [ecommerce] [scheduling-1] c.d.e.s.SincronizacaoEstoqueService      : [ESTOQUE] Ciclo finalizado. Total de atualizações enviadas: 0
2026-09-12T10:06:17.852-03:00  INFO 10892 --- [ecommerce] [scheduling-1] c.d.e.service.SincronizacaoService       : Lendo VW_ECOMMERCE_PRECOS no banco de dados...
2026-09-12T10:06:18.012-03:00  INFO 10892 --- [ecommerce] [scheduling-1] c.d.e.service.SincronizacaoService       : Ciclo finalizado. Total de atualizações enviadas: 0
2026-09-12T10:07:00.006-03:00  INFO 10892 --- [ecommerce] [scheduling-1] c.d.e.service.SincronizacaoService       : Lendo VW_ECOMMERCE_PRECOS no banco de dados...
2026-09-12T10:07:00.122-03:00  INFO 10892 --- [ecommerce] [scheduling-1] c.d.e.service.SincronizacaoService       : Ciclo finalizado. Total de atualizações enviadas: 0
2026-09-12T10:07:00.122-03:00  INFO 10892 --- [ecommerce] [scheduling-1] c.d.e.s.SincronizacaoEstoqueService      : [ESTOQUE] Lendo VW_ECOMMERCE_ESTOQUE no banco de dados...
2026-09-12T10:08:13.902-03:00  INFO 10892 --- [ecommerce] [scheduling-1] c.d.e.s.SincronizacaoEstoqueService      : [ESTOQUE] Ciclo finalizado. Total de atualizações enviadas: 0
2026-09-12T10:08:13.902-03:00  INFO 10892 --- [ecommerce] [scheduling-1] c.d.e.service.SincronizacaoService       : Lendo VW_ECOMMERCE_PRECOS no banco de dados...
2026-09-12T10:08:14.037-03:00  INFO 10892 --- [ecommerce] [scheduling-1] c.d.e.service.SincronizacaoService       : Ciclo finalizado. Total de atualizações enviadas: 0
2026-09-12T10:09:00.011-03:00  INFO 10892 --- [ecommerce] [scheduling-1] c.d.e.service.SincronizacaoService       : Lendo VW_ECOMMERCE_PRECOS no banco de dados...
2026-09-12T10:09:00.349-03:00  INFO 10892 --- [ecommerce] [scheduling-1] c.d.e.service.SincronizacaoService       : Ciclo finalizado. Total de atualizações enviadas: 0
2026-09-12T10:09:00.349-03:00  INFO 10892 --- [ecommerce] [scheduling-1] c.d.e.s.SincronizacaoEstoqueService      : [ESTOQUE] Lendo VW_ECOMMERCE_ESTOQUE no banco de dados...
2026-09-12T10:09:02.317-03:00  INFO 10892 --- [ecommerce] [scheduling-1] c.d.e.s.SincronizacaoEstoqueService      : [ESTOQUE] Sucesso! RefId 8727819 (VTEX: 2145) atualizado para 238 un.
2026-09-12T10:09:39.362-03:00  INFO 10892 --- [ecommerce] [scheduling-1] c.d.e.s.SincronizacaoEstoqueService      : [ESTOQUE] Ciclo finalizado. Total de atualizações enviadas: 1
2026-09-12T10:10:00.002-03:00  INFO 10892 --- [ecommerce] [scheduling-1] c.d.e.s.SincronizacaoEstoqueService      : [ESTOQUE] Lendo VW_ECOMMERCE_ESTOQUE no banco de dados...
2026-09-12T10:11:15.453-03:00  INFO 10892 --- [ecommerce] [scheduling-1] c.d.e.s.SincronizacaoEstoqueService      : [ESTOQUE] Ciclo finalizado. Total de atualizações enviadas: 0
2026-09-12T10:11:15.453-03:00  INFO 10892 --- [ecommerce] [scheduling-1] c.d.e.service.SincronizacaoService       : Lendo VW_ECOMMERCE_PRECOS no banco de dados...
2026-09-12T10:11:15.789-03:00  INFO 10892 --- [ecommerce] [scheduling-1] c.d.e.service.SincronizacaoService       : Ciclo finalizado. Total de atualizações enviadas: 0
2026-09-12T10:12:00.001-03:00  INFO 10892 --- [ecommerce] [scheduling-1] c.d.e.service.SincronizacaoService       : Lendo VW_ECOMMERCE_PRECOS no banco de dados...
2026-09-12T10:12:00.289-03:00  INFO 10892 --- [ecommerce] [scheduling-1] c.d.e.service.SincronizacaoService       : Ciclo finalizado. Total de atualizações enviadas: 0
2026-09-12T10:12:00.289-03:00  INFO 10892 --- [ecommerce] [scheduling-1] c.d.e.s.SincronizacaoEstoqueService      : [ESTOQUE] Lendo VW_ECOMMERCE_ESTOQUE no banco de dados...
2026-09-12T10:13:18.699-03:00  INFO 10892 --- [ecommerce] [scheduling-1] c.d.e.s.SincronizacaoEstoqueService      : [ESTOQUE] Ciclo finalizado. Total de atualizações enviadas: 0
2026-09-12T10:13:18.699-03:00  INFO 10892 --- [ecommerce] [scheduling-1] c.d.e.service.SincronizacaoService       : Lendo VW_ECOMMERCE_PRECOS no banco de dados...
2026-09-12T10:13:18.845-03:00  INFO 10892 --- [ecommerce] [scheduling-1] c.d.e.service.SincronizacaoService       : Ciclo finalizado. Total de atualizações enviadas: 0
2026-09-12T10:14:00.000-03:00  INFO 10892 --- [ecommerce] [scheduling-1] c.d.e.service.SincronizacaoService       : Lendo VW_ECOMMERCE_PRECOS no banco de dados...
2026-09-12T10:14:00.063-03:00  INFO 10892 --- [ecommerce] [scheduling-1] c.d.e.service.SincronizacaoService       : Ciclo finalizado. Total de atualizações enviadas: 0
2026-09-12T10:14:00.063-03:00  INFO 10892 --- [ecommerce] [scheduling-1] c.d.e.s.SincronizacaoEstoqueService      : [ESTOQUE] Lendo VW_ECOMMERCE_ESTOQUE no banco de dados...
2026-09-12T10:15:16.885-03:00  INFO 10892 --- [ecommerce] [scheduling-1] c.d.e.s.SincronizacaoEstoqueService      : [ESTOQUE] Ciclo finalizado. Total de atualizações enviadas: 0
2026-09-12T10:15:16.885-03:00  INFO 10892 --- [ecommerce] [scheduling-1] c.d.e.service.SincronizacaoService       : Lendo VW_ECOMMERCE_PRECOS no banco de dados...
2026-09-12T10:15:17.013-03:00  INFO 10892 --- [ecommerce] [scheduling-1] c.d.e.service.SincronizacaoService       : Ciclo finalizado. Total de atualizações enviadas: 0
2026-09-12T10:16:00.018-03:00  INFO 10892 --- [ecommerce] [scheduling-1] c.d.e.s.SincronizacaoEstoqueService      : [ESTOQUE] Lendo VW_ECOMMERCE_ESTOQUE no banco de dados...
2026-09-12T10:17:17.905-03:00  INFO 10892 --- [ecommerce] [scheduling-1] c.d.e.s.SincronizacaoEstoqueService      : [ESTOQUE] Ciclo finalizado. Total de atualizações enviadas: 0
2026-09-12T10:17:17.905-03:00  INFO 10892 --- [ecommerce] [scheduling-1] c.d.e.service.SincronizacaoService       : Lendo VW_ECOMMERCE_PRECOS no banco de dados...
2026-09-12T10:17:17.999-03:00  INFO 10892 --- [ecommerce] [scheduling-1] c.d.e.service.SincronizacaoService       : Ciclo finalizado. Total de atualizações enviadas: 0
2026-09-12T10:18:00.004-03:00  INFO 10892 --- [ecommerce] [scheduling-1] c.d.e.service.SincronizacaoService       : Lendo VW_ECOMMERCE_PRECOS no banco de dados...
2026-09-12T10:18:00.115-03:00  INFO 10892 --- [ecommerce] [scheduling-1] c.d.e.service.SincronizacaoService       : Ciclo finalizado. Total de atualizações enviadas: 0
2026-09-12T10:18:00.115-03:00  INFO 10892 --- [ecommerce] [scheduling-1] c.d.e.s.SincronizacaoEstoqueService      : [ESTOQUE] Lendo VW_ECOMMERCE_ESTOQUE no banco de dados...
2026-09-12T10:19:21.852-03:00  INFO 10892 --- [ecommerce] [scheduling-1] c.d.e.s.SincronizacaoEstoqueService      : [ESTOQUE] Ciclo finalizado. Total de atualizações enviadas: 0
2026-09-12T10:19:21.852-03:00  INFO 10892 --- [ecommerce] [scheduling-1] c.d.e.service.SincronizacaoService       : Lendo VW_ECOMMERCE_PRECOS no banco de dados...
2026-09-12T10:19:21.961-03:00  INFO 10892 --- [ecommerce] [scheduling-1] c.d.e.service.SincronizacaoService       : Ciclo finalizado. Total de atualizações enviadas: 0
2026-09-12T10:20:00.010-03:00  INFO 10892 --- [ecommerce] [scheduling-1] c.d.e.service.SincronizacaoService       : Lendo VW_ECOMMERCE_PRECOS no banco de dados...
2026-09-12T10:20:00.074-03:00  INFO 10892 --- [ecommerce] [scheduling-1] c.d.e.service.SincronizacaoService       : Ciclo finalizado. Total de atualizações enviadas: 0
2026-09-12T10:20:00.076-03:00  INFO 10892 --- [ecommerce] [scheduling-1] c.d.e.s.SincronizacaoEstoqueService      : [ESTOQUE] Lendo VW_ECOMMERCE_ESTOQUE no banco de dados...
2026-09-12T10:21:15.325-03:00  INFO 10892 --- [ecommerce] [scheduling-1] c.d.e.s.SincronizacaoEstoqueService      : [ESTOQUE] Ciclo finalizado. Total de atualizações enviadas: 0
2026-09-12T10:21:15.325-03:00  INFO 10892 --- [ecommerce] [scheduling-1] c.d.e.service.SincronizacaoService       : Lendo VW_ECOMMERCE_PRECOS no banco de dados...
2026-09-12T10:21:15.529-03:00  INFO 10892 --- [ecommerce] [scheduling-1] c.d.e.service.SincronizacaoService       : Ciclo finalizado. Total de atualizações enviadas: 0
2026-09-12T10:22:00.019-03:00  INFO 10892 --- [ecommerce] [scheduling-1] c.d.e.s.SincronizacaoEstoqueService      : [ESTOQUE] Lendo VW_ECOMMERCE_ESTOQUE no banco de dados...
2026-09-12T10:23:15.480-03:00  INFO 10892 --- [ecommerce] [scheduling-1] c.d.e.s.SincronizacaoEstoqueService      : [ESTOQUE] Ciclo finalizado. Total de atualizações enviadas: 0
2026-09-12T10:23:15.480-03:00  INFO 10892 --- [ecommerce] [scheduling-1] c.d.e.service.SincronizacaoService       : Lendo VW_ECOMMERCE_PRECOS no banco de dados...
2026-09-12T10:23:15.640-03:00  INFO 10892 --- [ecommerce] [scheduling-1] c.d.e.service.SincronizacaoService       : Ciclo finalizado. Total de atualizações enviadas: 0
2026-09-12T10:24:00.018-03:00  INFO 10892 --- [ecommerce] [scheduling-1] c.d.e.s.SincronizacaoEstoqueService      : [ESTOQUE] Lendo VW_ECOMMERCE_ESTOQUE no banco de dados...
2026-09-12T10:25:17.883-03:00  INFO 10892 --- [ecommerce] [scheduling-1] c.d.e.s.SincronizacaoEstoqueService      : [ESTOQUE] Ciclo finalizado. Total de atualizações enviadas: 0
2026-09-12T10:25:17.883-03:00  INFO 10892 --- [ecommerce] [scheduling-1] c.d.e.service.SincronizacaoService       : Lendo VW_ECOMMERCE_PRECOS no banco de dados...
2026-09-12T10:25:17.966-03:00  INFO 10892 --- [ecommerce] [scheduling-1] c.d.e.service.SincronizacaoService       : Ciclo finalizado. Total de atualizações enviadas: 0
2026-09-12T10:26:00.006-03:00  INFO 10892 --- [ecommerce] [scheduling-1] c.d.e.s.SincronizacaoEstoqueService      : [ESTOQUE] Lendo VW_ECOMMERCE_ESTOQUE no banco de dados...
2026-09-12T10:27:16.218-03:00  INFO 10892 --- [ecommerce] [scheduling-1] c.d.e.s.SincronizacaoEstoqueService      : [ESTOQUE] Ciclo finalizado. Total de atualizações enviadas: 0
2026-09-12T10:27:16.218-03:00  INFO 10892 --- [ecommerce] [scheduling-1] c.d.e.service.SincronizacaoService       : Lendo VW_ECOMMERCE_PRECOS no banco de dados...
2026-09-12T10:27:16.279-03:00  INFO 10892 --- [ecommerce] [scheduling-1] c.d.e.service.SincronizacaoService       : Ciclo finalizado. Total de atualizações enviadas: 0
2026-09-12T10:28:00.009-03:00  INFO 10892 --- [ecommerce] [scheduling-1] c.d.e.s.SincronizacaoEstoqueService      : [ESTOQUE] Lendo VW_ECOMMERCE_ESTOQUE no banco de dados...
2026-09-12T10:29:17.737-03:00  INFO 10892 --- [ecommerce] [scheduling-1] c.d.e.s.SincronizacaoEstoqueService      : [ESTOQUE] Ciclo finalizado. Total de atualizações enviadas: 0
2026-09-12T10:29:17.737-03:00  INFO 10892 --- [ecommerce] [scheduling-1] c.d.e.service.SincronizacaoService       : Lendo VW_ECOMMERCE_PRECOS no banco de dados...
2026-09-12T10:29:17.960-03:00  INFO 10892 --- [ecommerce] [scheduling-1] c.d.e.service.SincronizacaoService       : Ciclo finalizado. Total de atualizações enviadas: 0
2026-09-12T10:30:00.000-03:00  INFO 10892 --- [ecommerce] [scheduling-1] c.d.e.service.SincronizacaoService       : Lendo VW_ECOMMERCE_PRECOS no banco de dados...
2026-09-12T10:30:00.132-03:00  INFO 10892 --- [ecommerce] [scheduling-1] c.d.e.service.SincronizacaoService       : Ciclo finalizado. Total de atualizações enviadas: 0
2026-09-12T10:30:00.132-03:00  INFO 10892 --- [ecommerce] [scheduling-1] c.d.e.s.SincronizacaoEstoqueService      : [ESTOQUE] Lendo VW_ECOMMERCE_ESTOQUE no banco de dados...
2026-09-12T10:31:23.896-03:00  INFO 10892 --- [ecommerce] [scheduling-1] c.d.e.s.SincronizacaoEstoqueService      : [ESTOQUE] Ciclo finalizado. Total de atualizações enviadas: 0
2026-09-12T10:31:23.898-03:00  INFO 10892 --- [ecommerce] [scheduling-1] c.d.e.service.SincronizacaoService       : Lendo VW_ECOMMERCE_PRECOS no banco de dados...
2026-09-12T10:31:24.006-03:00  INFO 10892 --- [ecommerce] [scheduling-1] c.d.e.service.SincronizacaoService       : Ciclo finalizado. Total de atualizações enviadas: 0
2026-09-12T10:32:00.012-03:00  INFO 10892 --- [ecommerce] [scheduling-1] c.d.e.s.SincronizacaoEstoqueService      : [ESTOQUE] Lendo VW_ECOMMERCE_ESTOQUE no banco de dados...
2026-09-12T10:33:17.277-03:00  INFO 10892 --- [ecommerce] [scheduling-1] c.d.e.s.SincronizacaoEstoqueService      : [ESTOQUE] Ciclo finalizado. Total de atualizações enviadas: 0
2026-09-12T10:33:17.277-03:00  INFO 10892 --- [ecommerce] [scheduling-1] c.d.e.service.SincronizacaoService       : Lendo VW_ECOMMERCE_PRECOS no banco de dados...
2026-09-12T10:33:17.374-03:00  INFO 10892 --- [ecommerce] [scheduling-1] c.d.e.service.SincronizacaoService       : Ciclo finalizado. Total de atualizações enviadas: 0
2026-09-12T10:34:00.002-03:00  INFO 10892 --- [ecommerce] [scheduling-1] c.d.e.service.SincronizacaoService       : Lendo VW_ECOMMERCE_PRECOS no banco de dados...
2026-09-12T10:34:00.065-03:00  INFO 10892 --- [ecommerce] [scheduling-1] c.d.e.service.SincronizacaoService       : Ciclo finalizado. Total de atualizações enviadas: 0
2026-09-12T10:34:00.065-03:00  INFO 10892 --- [ecommerce] [scheduling-1] c.d.e.s.SincronizacaoEstoqueService      : [ESTOQUE] Lendo VW_ECOMMERCE_ESTOQUE no banco de dados...
2026-09-12T10:35:17.271-03:00  INFO 10892 --- [ecommerce] [scheduling-1] c.d.e.s.SincronizacaoEstoqueService      : [ESTOQUE] Ciclo finalizado. Total de atualizações enviadas: 0
2026-09-12T10:35:17.271-03:00  INFO 10892 --- [ecommerce] [scheduling-1] c.d.e.service.SincronizacaoService       : Lendo VW_ECOMMERCE_PRECOS no banco de dados...
2026-09-12T10:35:17.399-03:00  INFO 10892 --- [ecommerce] [scheduling-1] c.d.e.service.SincronizacaoService       : Ciclo finalizado. Total de atualizações enviadas: 0
2026-09-12T10:36:00.012-03:00  INFO 10892 --- [ecommerce] [scheduling-1] c.d.e.s.SincronizacaoEstoqueService      : [ESTOQUE] Lendo VW_ECOMMERCE_ESTOQUE no banco de dados...
2026-09-12T10:37:20.121-03:00  INFO 10892 --- [ecommerce] [scheduling-1] c.d.e.s.SincronizacaoEstoqueService      : [ESTOQUE] Ciclo finalizado. Total de atualizações enviadas: 0
2026-09-12T10:37:20.121-03:00  INFO 10892 --- [ecommerce] [scheduling-1] c.d.e.service.SincronizacaoService       : Lendo VW_ECOMMERCE_PRECOS no banco de dados...
2026-09-12T10:37:20.265-03:00  INFO 10892 --- [ecommerce] [scheduling-1] c.d.e.service.SincronizacaoService       : Ciclo finalizado. Total de atualizações enviadas: 0
2026-09-12T10:38:00.006-03:00  INFO 10892 --- [ecommerce] [scheduling-1] c.d.e.s.SincronizacaoEstoqueService      : [ESTOQUE] Lendo VW_ECOMMERCE_ESTOQUE no banco de dados...
2026-09-12T10:39:16.265-03:00  INFO 10892 --- [ecommerce] [scheduling-1] c.d.e.s.SincronizacaoEstoqueService      : [ESTOQUE] Ciclo finalizado. Total de atualizações enviadas: 0
2026-09-12T10:39:16.265-03:00  INFO 10892 --- [ecommerce] [scheduling-1] c.d.e.service.SincronizacaoService       : Lendo VW_ECOMMERCE_PRECOS no banco de dados...
2026-09-12T10:39:16.457-03:00  INFO 10892 --- [ecommerce] [scheduling-1] c.d.e.service.SincronizacaoService       : Ciclo finalizado. Total de atualizações enviadas: 0
2026-09-12T10:40:00.001-03:00  INFO 10892 --- [ecommerce] [scheduling-1] c.d.e.s.SincronizacaoEstoqueService      : [ESTOQUE] Lendo VW_ECOMMERCE_ESTOQUE no banco de dados...
2026-09-12T10:41:16.815-03:00  INFO 10892 --- [ecommerce] [scheduling-1] c.d.e.s.SincronizacaoEstoqueService      : [ESTOQUE] Ciclo finalizado. Total de atualizações enviadas: 0
2026-09-12T10:41:16.817-03:00  INFO 10892 --- [ecommerce] [scheduling-1] c.d.e.service.SincronizacaoService       : Lendo VW_ECOMMERCE_PRECOS no banco de dados...
2026-09-12T10:41:16.977-03:00  INFO 10892 --- [ecommerce] [scheduling-1] c.d.e.service.SincronizacaoService       : Ciclo finalizado. Total de atualizações enviadas: 0
2026-09-12T10:42:00.009-03:00  INFO 10892 --- [ecommerce] [scheduling-1] c.d.e.s.SincronizacaoEstoqueService      : [ESTOQUE] Lendo VW_ECOMMERCE_ESTOQUE no banco de dados...
2026-09-12T10:43:21.798-03:00  INFO 10892 --- [ecommerce] [scheduling-1] c.d.e.s.SincronizacaoEstoqueService      : [ESTOQUE] Ciclo finalizado. Total de atualizações enviadas: 0
2026-09-12T10:43:21.798-03:00  INFO 10892 --- [ecommerce] [scheduling-1] c.d.e.service.SincronizacaoService       : Lendo VW_ECOMMERCE_PRECOS no banco de dados...
2026-09-12T10:43:22.174-03:00  INFO 10892 --- [ecommerce] [scheduling-1] c.d.e.service.SincronizacaoService       : Ciclo finalizado. Total de atualizações enviadas: 0
2026-09-12T10:44:00.010-03:00  INFO 10892 --- [ecommerce] [scheduling-1] c.d.e.s.SincronizacaoEstoqueService      : [ESTOQUE] Lendo VW_ECOMMERCE_ESTOQUE no banco de dados...
2026-09-12T10:45:19.142-03:00  INFO 10892 --- [ecommerce] [scheduling-1] c.d.e.s.SincronizacaoEstoqueService      : [ESTOQUE] Ciclo finalizado. Total de atualizações enviadas: 0
2026-09-12T10:45:19.142-03:00  INFO 10892 --- [ecommerce] [scheduling-1] c.d.e.service.SincronizacaoService       : Lendo VW_ECOMMERCE_PRECOS no banco de dados...
2026-09-12T10:45:19.276-03:00  INFO 10892 --- [ecommerce] [scheduling-1] c.d.e.service.SincronizacaoService       : Ciclo finalizado. Total de atualizações enviadas: 0
2026-09-12T10:46:00.006-03:00  INFO 10892 --- [ecommerce] [scheduling-1] c.d.e.s.SincronizacaoEstoqueService      : [ESTOQUE] Lendo VW_ECOMMERCE_ESTOQUE no banco de dados...
2026-09-12T10:47:17.091-03:00  INFO 10892 --- [ecommerce] [scheduling-1] c.d.e.s.SincronizacaoEstoqueService      : [ESTOQUE] Ciclo finalizado. Total de atualizações enviadas: 0
2026-09-12T10:47:17.091-03:00  INFO 10892 --- [ecommerce] [scheduling-1] c.d.e.service.SincronizacaoService       : Lendo VW_ECOMMERCE_PRECOS no banco de dados...
2026-09-12T10:47:17.185-03:00  INFO 10892 --- [ecommerce] [scheduling-1] c.d.e.service.SincronizacaoService       : Ciclo finalizado. Total de atualizações enviadas: 0
2026-09-12T10:48:00.012-03:00  INFO 10892 --- [ecommerce] [scheduling-1] c.d.e.service.SincronizacaoService       : Lendo VW_ECOMMERCE_PRECOS no banco de dados...
2026-09-12T10:48:00.172-03:00  INFO 10892 --- [ecommerce] [scheduling-1] c.d.e.service.SincronizacaoService       : Ciclo finalizado. Total de atualizações enviadas: 0
2026-09-12T10:48:00.172-03:00  INFO 10892 --- [ecommerce] [scheduling-1] c.d.e.s.SincronizacaoEstoqueService      : [ESTOQUE] Lendo VW_ECOMMERCE_ESTOQUE no banco de dados...
2026-09-12T10:49:19.816-03:00  INFO 10892 --- [ecommerce] [scheduling-1] c.d.e.s.SincronizacaoEstoqueService      : [ESTOQUE] Ciclo finalizado. Total de atualizações enviadas: 0
2026-09-12T10:49:19.816-03:00  INFO 10892 --- [ecommerce] [scheduling-1] c.d.e.service.SincronizacaoService       : Lendo VW_ECOMMERCE_PRECOS no banco de dados...
2026-09-12T10:49:20.017-03:00  INFO 10892 --- [ecommerce] [scheduling-1] c.d.e.service.SincronizacaoService       : Ciclo finalizado. Total de atualizações enviadas: 0
2026-09-12T10:50:00.012-03:00  INFO 10892 --- [ecommerce] [scheduling-1] c.d.e.service.SincronizacaoService       : Lendo VW_ECOMMERCE_PRECOS no banco de dados...
2026-09-12T10:50:00.143-03:00  INFO 10892 --- [ecommerce] [scheduling-1] c.d.e.service.SincronizacaoService       : Ciclo finalizado. Total de atualizações enviadas: 0
2026-09-12T10:50:00.143-03:00  INFO 10892 --- [ecommerce] [scheduling-1] c.d.e.s.SincronizacaoEstoqueService      : [ESTOQUE] Lendo VW_ECOMMERCE_ESTOQUE no banco de dados...
2026-09-12T10:51:16.832-03:00  INFO 10892 --- [ecommerce] [scheduling-1] c.d.e.s.SincronizacaoEstoqueService      : [ESTOQUE] Ciclo finalizado. Total de atualizações enviadas: 0
2026-09-12T10:51:16.832-03:00  INFO 10892 --- [ecommerce] [scheduling-1] c.d.e.service.SincronizacaoService       : Lendo VW_ECOMMERCE_PRECOS no banco de dados...
2026-09-12T10:51:17.022-03:00  INFO 10892 --- [ecommerce] [scheduling-1] c.d.e.service.SincronizacaoService       : Ciclo finalizado. Total de atualizações enviadas: 0
2026-09-12T10:52:00.011-03:00  INFO 10892 --- [ecommerce] [scheduling-1] c.d.e.s.SincronizacaoEstoqueService      : [ESTOQUE] Lendo VW_ECOMMERCE_ESTOQUE no banco de dados...
2026-09-12T10:52:41.992-03:00  INFO 10892 --- [ecommerce] [scheduling-1] c.d.e.s.SincronizacaoEstoqueService      : [ESTOQUE] Ciclo finalizado. Total de atualizações enviadas: 0
2026-09-12T10:52:41.992-03:00  INFO 10892 --- [ecommerce] [scheduling-1] c.d.e.service.SincronizacaoService       : Lendo VW_ECOMMERCE_PRECOS no banco de dados...
2026-09-12T10:52:42.068-03:00  INFO 10892 --- [ecommerce] [scheduling-1] c.d.e.service.SincronizacaoService       : Ciclo finalizado. Total de atualizações enviadas: 0
2026-09-12T10:53:00.010-03:00  INFO 10892 --- [ecommerce] [scheduling-1] c.d.e.service.SincronizacaoService       : Lendo VW_ECOMMERCE_PRECOS no banco de dados...
2026-09-12T10:53:00.176-03:00  INFO 10892 --- [ecommerce] [scheduling-1] c.d.e.service.SincronizacaoService       : Ciclo finalizado. Total de atualizações enviadas: 0
2026-09-12T10:53:00.176-03:00  INFO 10892 --- [ecommerce] [scheduling-1] c.d.e.s.SincronizacaoEstoqueService      : [ESTOQUE] Lendo VW_ECOMMERCE_ESTOQUE no banco de dados...
2026-09-12T10:54:15.441-03:00  INFO 10892 --- [ecommerce] [scheduling-1] c.d.e.s.SincronizacaoEstoqueService      : [ESTOQUE] Ciclo finalizado. Total de atualizações enviadas: 0
2026-09-12T10:54:15.441-03:00  INFO 10892 --- [ecommerce] [scheduling-1] c.d.e.service.SincronizacaoService       : Lendo VW_ECOMMERCE_PRECOS no banco de dados...
2026-09-12T10:54:15.506-03:00  INFO 10892 --- [ecommerce] [scheduling-1] c.d.e.service.SincronizacaoService       : Ciclo finalizado. Total de atualizações enviadas: 0
2026-09-12T10:55:00.011-03:00  INFO 10892 --- [ecommerce] [scheduling-1] c.d.e.service.SincronizacaoService       : Lendo VW_ECOMMERCE_PRECOS no banco de dados...
2026-09-12T10:55:00.110-03:00  INFO 10892 --- [ecommerce] [scheduling-1] c.d.e.service.SincronizacaoService       : Ciclo finalizado. Total de atualizações enviadas: 0
2026-09-12T10:55:00.123-03:00  INFO 10892 --- [ecommerce] [scheduling-1] c.d.e.s.SincronizacaoEstoqueService      : [ESTOQUE] Lendo VW_ECOMMERCE_ESTOQUE no banco de dados...
2026-09-12T10:56:20.836-03:00  INFO 10892 --- [ecommerce] [scheduling-1] c.d.e.s.SincronizacaoEstoqueService      : [ESTOQUE] Ciclo finalizado. Total de atualizações enviadas: 0
2026-09-12T10:56:20.851-03:00  INFO 10892 --- [ecommerce] [scheduling-1] c.d.e.service.SincronizacaoService       : Lendo VW_ECOMMERCE_PRECOS no banco de dados...
2026-09-12T10:56:21.000-03:00  INFO 10892 --- [ecommerce] [scheduling-1] c.d.e.service.SincronizacaoService       : Ciclo finalizado. Total de atualizações enviadas: 0
2026-09-12T10:57:00.008-03:00  INFO 10892 --- [ecommerce] [scheduling-1] c.d.e.s.SincronizacaoEstoqueService      : [ESTOQUE] Lendo VW_ECOMMERCE_ESTOQUE no banco de dados...
2026-09-12T10:57:32.694-03:00  INFO 10892 --- [ecommerce] [scheduling-1] c.d.e.s.SincronizacaoEstoqueService      : [ESTOQUE] Ciclo finalizado. Total de atualizações enviadas: 0
2026-09-12T10:57:32.694-03:00  INFO 10892 --- [ecommerce] [scheduling-1] c.d.e.service.SincronizacaoService       : Lendo VW_ECOMMERCE_PRECOS no banco de dados...
2026-09-12T10:57:32.935-03:00  INFO 10892 --- [ecommerce] [scheduling-1] c.d.e.service.SincronizacaoService       : Ciclo finalizado. Total de atualizações enviadas: 0
2026-09-12T10:58:00.007-03:00  INFO 10892 --- [ecommerce] [scheduling-1] c.d.e.service.SincronizacaoService       : Lendo VW_ECOMMERCE_PRECOS no banco de dados...
2026-09-12T10:58:00.105-03:00  INFO 10892 --- [ecommerce] [scheduling-1] c.d.e.service.SincronizacaoService       : Ciclo finalizado. Total de atualizações enviadas: 0
2026-09-12T10:58:00.105-03:00  INFO 10892 --- [ecommerce] [scheduling-1] c.d.e.s.SincronizacaoEstoqueService      : [ESTOQUE] Lendo VW_ECOMMERCE_ESTOQUE no banco de dados...
2026-09-12T10:59:28.127-03:00  INFO 10892 --- [ecommerce] [scheduling-1] c.d.e.s.SincronizacaoEstoqueService      : [ESTOQUE] Ciclo finalizado. Total de atualizações enviadas: 0
2026-09-12T10:59:28.127-03:00  INFO 10892 --- [ecommerce] [scheduling-1] c.d.e.service.SincronizacaoService       : Lendo VW_ECOMMERCE_PRECOS no banco de dados...
2026-09-12T10:59:28.560-03:00  INFO 10892 --- [ecommerce] [scheduling-1] c.d.e.service.SincronizacaoService       : Ciclo finalizado. Total de atualizações enviadas: 0
2026-09-12T11:00:00.001-03:00  INFO 10892 --- [ecommerce] [scheduling-1] c.d.e.service.SincronizacaoService       : Lendo VW_ECOMMERCE_PRECOS no banco de dados...
2026-09-12T11:00:00.065-03:00  INFO 10892 --- [ecommerce] [scheduling-1] c.d.e.service.SincronizacaoService       : Ciclo finalizado. Total de atualizações enviadas: 0
2026-09-12T11:00:00.065-03:00  INFO 10892 --- [ecommerce] [scheduling-1] c.d.e.s.SincronizacaoEstoqueService      : [ESTOQUE] Lendo VW_ECOMMERCE_ESTOQUE no banco de dados...
2026-09-12T11:01:20.088-03:00  INFO 10892 --- [ecommerce] [scheduling-1] c.d.e.s.SincronizacaoEstoqueService      : [ESTOQUE] Ciclo finalizado. Total de atualizações enviadas: 0
2026-09-12T11:01:20.088-03:00  INFO 10892 --- [ecommerce] [scheduling-1] c.d.e.service.SincronizacaoService       : Lendo VW_ECOMMERCE_PRECOS no banco de dados...
2026-09-12T11:01:20.568-03:00  INFO 10892 --- [ecommerce] [scheduling-1] c.d.e.service.SincronizacaoService       : Ciclo finalizado. Total de atualizações enviadas: 0
2026-09-12T11:02:00.013-03:00  INFO 10892 --- [ecommerce] [scheduling-1] c.d.e.service.SincronizacaoService       : Lendo VW_ECOMMERCE_PRECOS no banco de dados...
2026-09-12T11:02:00.109-03:00  INFO 10892 --- [ecommerce] [scheduling-1] c.d.e.service.SincronizacaoService       : Ciclo finalizado. Total de atualizações enviadas: 0
2026-09-12T11:02:00.109-03:00  INFO 10892 --- [ecommerce] [scheduling-1] c.d.e.s.SincronizacaoEstoqueService      : [ESTOQUE] Lendo VW_ECOMMERCE_ESTOQUE no banco de dados...
2026-09-12T11:03:21.066-03:00  INFO 10892 --- [ecommerce] [scheduling-1] c.d.e.s.SincronizacaoEstoqueService      : [ESTOQUE] Ciclo finalizado. Total de atualizações enviadas: 0
2026-09-12T11:03:21.066-03:00  INFO 10892 --- [ecommerce] [scheduling-1] c.d.e.service.SincronizacaoService       : Lendo VW_ECOMMERCE_PRECOS no banco de dados...
2026-09-12T11:03:21.177-03:00  INFO 10892 --- [ecommerce] [scheduling-1] c.d.e.service.SincronizacaoService       : Ciclo finalizado. Total de atualizações enviadas: 0
2026-09-12T11:04:00.017-03:00  INFO 10892 --- [ecommerce] [scheduling-1] c.d.e.s.SincronizacaoEstoqueService      : [ESTOQUE] Lendo VW_ECOMMERCE_ESTOQUE no banco de dados...
2026-09-12T11:05:16.631-03:00  INFO 10892 --- [ecommerce] [scheduling-1] c.d.e.s.SincronizacaoEstoqueService      : [ESTOQUE] Ciclo finalizado. Total de atualizações enviadas: 0
2026-09-12T11:05:16.631-03:00  INFO 10892 --- [ecommerce] [scheduling-1] c.d.e.service.SincronizacaoService       : Lendo VW_ECOMMERCE_PRECOS no banco de dados...
2026-09-12T11:05:16.776-03:00  INFO 10892 --- [ecommerce] [scheduling-1] c.d.e.service.SincronizacaoService       : Ciclo finalizado. Total de atualizações enviadas: 0
2026-09-12T11:06:00.009-03:00  INFO 10892 --- [ecommerce] [scheduling-1] c.d.e.s.SincronizacaoEstoqueService      : [ESTOQUE] Lendo VW_ECOMMERCE_ESTOQUE no banco de dados...
2026-09-12T11:07:16.911-03:00  INFO 10892 --- [ecommerce] [scheduling-1] c.d.e.s.SincronizacaoEstoqueService      : [ESTOQUE] Ciclo finalizado. Total de atualizações enviadas: 0
2026-09-12T11:07:16.911-03:00  INFO 10892 --- [ecommerce] [scheduling-1] c.d.e.service.SincronizacaoService       : Lendo VW_ECOMMERCE_PRECOS no banco de dados...
2026-09-12T11:07:17.137-03:00  INFO 10892 --- [ecommerce] [scheduling-1] c.d.e.service.SincronizacaoService       : Ciclo finalizado. Total de atualizações enviadas: 0
2026-09-12T11:08:00.015-03:00  INFO 10892 --- [ecommerce] [scheduling-1] c.d.e.service.SincronizacaoService       : Lendo VW_ECOMMERCE_PRECOS no banco de dados...
2026-09-12T11:08:00.095-03:00  INFO 10892 --- [ecommerce] [scheduling-1] c.d.e.service.SincronizacaoService       : Ciclo finalizado. Total de atualizações enviadas: 0
2026-09-12T11:08:00.095-03:00  INFO 10892 --- [ecommerce] [scheduling-1] c.d.e.s.SincronizacaoEstoqueService      : [ESTOQUE] Lendo VW_ECOMMERCE_ESTOQUE no banco de dados...
2026-09-12T11:09:21.458-03:00  INFO 10892 --- [ecommerce] [scheduling-1] c.d.e.s.SincronizacaoEstoqueService      : [ESTOQUE] Ciclo finalizado. Total de atualizações enviadas: 0
2026-09-12T11:09:21.458-03:00  INFO 10892 --- [ecommerce] [scheduling-1] c.d.e.service.SincronizacaoService       : Lendo VW_ECOMMERCE_PRECOS no banco de dados...
2026-09-12T11:09:21.604-03:00  INFO 10892 --- [ecommerce] [scheduling-1] c.d.e.service.SincronizacaoService       : Ciclo finalizado. Total de atualizações enviadas: 0
2026-09-12T11:10:00.006-03:00  INFO 10892 --- [ecommerce] [scheduling-1] c.d.e.s.SincronizacaoEstoqueService      : [ESTOQUE] Lendo VW_ECOMMERCE_ESTOQUE no banco de dados...
2026-09-12T11:11:19.428-03:00  INFO 10892 --- [ecommerce] [scheduling-1] c.d.e.s.SincronizacaoEstoqueService      : [ESTOQUE] Ciclo finalizado. Total de atualizações enviadas: 0
2026-09-12T11:11:19.428-03:00  INFO 10892 --- [ecommerce] [scheduling-1] c.d.e.service.SincronizacaoService       : Lendo VW_ECOMMERCE_PRECOS no banco de dados...
2026-09-12T11:11:19.587-03:00  INFO 10892 --- [ecommerce] [scheduling-1] c.d.e.service.SincronizacaoService       : Ciclo finalizado. Total de atualizações enviadas: 0
2026-09-12T11:12:00.007-03:00  INFO 10892 --- [ecommerce] [scheduling-1] c.d.e.service.SincronizacaoService       : Lendo VW_ECOMMERCE_PRECOS no banco de dados...
2026-09-12T11:12:00.071-03:00  INFO 10892 --- [ecommerce] [scheduling-1] c.d.e.service.SincronizacaoService       : Ciclo finalizado. Total de atualizações enviadas: 0
2026-09-12T11:12:00.071-03:00  INFO 10892 --- [ecommerce] [scheduling-1] c.d.e.s.SincronizacaoEstoqueService      : [ESTOQUE] Lendo VW_ECOMMERCE_ESTOQUE no banco de dados...
2026-09-12T11:13:18.670-03:00  INFO 10892 --- [ecommerce] [scheduling-1] c.d.e.s.SincronizacaoEstoqueService      : [ESTOQUE] Ciclo finalizado. Total de atualizações enviadas: 0
2026-09-12T11:13:18.670-03:00  INFO 10892 --- [ecommerce] [scheduling-1] c.d.e.service.SincronizacaoService       : Lendo VW_ECOMMERCE_PRECOS no banco de dados...
2026-09-12T11:13:18.939-03:00  INFO 10892 --- [ecommerce] [scheduling-1] c.d.e.service.SincronizacaoService       : Ciclo finalizado. Total de atualizações enviadas: 0
2026-09-12T11:14:00.009-03:00  INFO 10892 --- [ecommerce] [scheduling-1] c.d.e.service.SincronizacaoService       : Lendo VW_ECOMMERCE_PRECOS no banco de dados...
2026-09-12T11:14:00.072-03:00  INFO 10892 --- [ecommerce] [scheduling-1] c.d.e.service.SincronizacaoService       : Ciclo finalizado. Total de atualizações enviadas: 0
2026-09-12T11:14:00.072-03:00  INFO 10892 --- [ecommerce] [scheduling-1] c.d.e.s.SincronizacaoEstoqueService      : [ESTOQUE] Lendo VW_ECOMMERCE_ESTOQUE no banco de dados...
2026-09-12T11:15:22.988-03:00  INFO 10892 --- [ecommerce] [scheduling-1] c.d.e.s.SincronizacaoEstoqueService      : [ESTOQUE] Ciclo finalizado. Total de atualizações enviadas: 0
2026-09-12T11:15:22.988-03:00  INFO 10892 --- [ecommerce] [scheduling-1] c.d.e.service.SincronizacaoService       : Lendo VW_ECOMMERCE_PRECOS no banco de dados...
2026-09-12T11:15:23.085-03:00  INFO 10892 --- [ecommerce] [scheduling-1] c.d.e.service.SincronizacaoService       : Ciclo finalizado. Total de atualizações enviadas: 0
2026-09-12T11:16:00.014-03:00  INFO 10892 --- [ecommerce] [scheduling-1] c.d.e.s.SincronizacaoEstoqueService      : [ESTOQUE] Lendo VW_ECOMMERCE_ESTOQUE no banco de dados...
2026-09-12T11:17:22.179-03:00  INFO 10892 --- [ecommerce] [scheduling-1] c.d.e.s.SincronizacaoEstoqueService      : [ESTOQUE] Ciclo finalizado. Total de atualizações enviadas: 0
2026-09-12T11:17:22.179-03:00  INFO 10892 --- [ecommerce] [scheduling-1] c.d.e.service.SincronizacaoService       : Lendo VW_ECOMMERCE_PRECOS no banco de dados...
2026-09-12T11:17:22.294-03:00  INFO 10892 --- [ecommerce] [scheduling-1] c.d.e.service.SincronizacaoService       : Ciclo finalizado. Total de atualizações enviadas: 0
2026-09-12T11:18:00.011-03:00  INFO 10892 --- [ecommerce] [scheduling-1] c.d.e.service.SincronizacaoService       : Lendo VW_ECOMMERCE_PRECOS no banco de dados...
2026-09-12T11:18:00.075-03:00  INFO 10892 --- [ecommerce] [scheduling-1] c.d.e.service.SincronizacaoService       : Ciclo finalizado. Total de atualizações enviadas: 0
2026-09-12T11:18:00.075-03:00  INFO 10892 --- [ecommerce] [scheduling-1] c.d.e.s.SincronizacaoEstoqueService      : [ESTOQUE] Lendo VW_ECOMMERCE_ESTOQUE no banco de dados...
2026-09-12T11:19:20.236-03:00  INFO 10892 --- [ecommerce] [scheduling-1] c.d.e.s.SincronizacaoEstoqueService      : [ESTOQUE] Ciclo finalizado. Total de atualizações enviadas: 0
2026-09-12T11:19:20.236-03:00  INFO 10892 --- [ecommerce] [scheduling-1] c.d.e.service.SincronizacaoService       : Lendo VW_ECOMMERCE_PRECOS no banco de dados...
2026-09-12T11:19:20.466-03:00  INFO 10892 --- [ecommerce] [scheduling-1] c.d.e.service.SincronizacaoService       : Ciclo finalizado. Total de atualizações enviadas: 0
2026-09-12T11:20:00.000-03:00  INFO 10892 --- [ecommerce] [scheduling-1] c.d.e.service.SincronizacaoService       : Lendo VW_ECOMMERCE_PRECOS no banco de dados...
2026-09-12T11:20:00.191-03:00  INFO 10892 --- [ecommerce] [scheduling-1] c.d.e.service.SincronizacaoService       : Ciclo finalizado. Total de atualizações enviadas: 0
2026-09-12T11:20:00.191-03:00  INFO 10892 --- [ecommerce] [scheduling-1] c.d.e.s.SincronizacaoEstoqueService      : [ESTOQUE] Lendo VW_ECOMMERCE_ESTOQUE no banco de dados...
2026-09-12T11:21:20.445-03:00  INFO 10892 --- [ecommerce] [scheduling-1] c.d.e.s.SincronizacaoEstoqueService      : [ESTOQUE] Ciclo finalizado. Total de atualizações enviadas: 0
2026-09-12T11:21:20.445-03:00  INFO 10892 --- [ecommerce] [scheduling-1] c.d.e.service.SincronizacaoService       : Lendo VW_ECOMMERCE_PRECOS no banco de dados...
2026-09-12T11:21:20.525-03:00  INFO 10892 --- [ecommerce] [scheduling-1] c.d.e.service.SincronizacaoService       : Ciclo finalizado. Total de atualizações enviadas: 0
2026-09-12T11:22:00.012-03:00  INFO 10892 --- [ecommerce] [scheduling-1] c.d.e.service.SincronizacaoService       : Lendo VW_ECOMMERCE_PRECOS no banco de dados...
2026-09-12T11:22:00.186-03:00  INFO 10892 --- [ecommerce] [scheduling-1] c.d.e.service.SincronizacaoService       : Ciclo finalizado. Total de atualizações enviadas: 0
2026-09-12T11:22:00.186-03:00  INFO 10892 --- [ecommerce] [scheduling-1] c.d.e.s.SincronizacaoEstoqueService      : [ESTOQUE] Lendo VW_ECOMMERCE_ESTOQUE no banco de dados...
2026-09-12T11:23:19.355-03:00  INFO 10892 --- [ecommerce] [scheduling-1] c.d.e.s.SincronizacaoEstoqueService      : [ESTOQUE] Ciclo finalizado. Total de atualizações enviadas: 0
2026-09-12T11:23:19.355-03:00  INFO 10892 --- [ecommerce] [scheduling-1] c.d.e.service.SincronizacaoService       : Lendo VW_ECOMMERCE_PRECOS no banco de dados...
2026-09-12T11:23:19.511-03:00  INFO 10892 --- [ecommerce] [scheduling-1] c.d.e.service.SincronizacaoService       : Ciclo finalizado. Total de atualizações enviadas: 0
2026-09-12T11:24:00.009-03:00  INFO 10892 --- [ecommerce] [scheduling-1] c.d.e.s.SincronizacaoEstoqueService      : [ESTOQUE] Lendo VW_ECOMMERCE_ESTOQUE no banco de dados...
2026-09-12T11:25:18.315-03:00  INFO 10892 --- [ecommerce] [scheduling-1] c.d.e.s.SincronizacaoEstoqueService      : [ESTOQUE] Ciclo finalizado. Total de atualizações enviadas: 0
2026-09-12T11:25:18.317-03:00  INFO 10892 --- [ecommerce] [scheduling-1] c.d.e.service.SincronizacaoService       : Lendo VW_ECOMMERCE_PRECOS no banco de dados...
2026-09-12T11:25:18.363-03:00  INFO 10892 --- [ecommerce] [scheduling-1] c.d.e.service.SincronizacaoService       : Ciclo finalizado. Total de atualizações enviadas: 0
2026-09-12T11:26:00.015-03:00  INFO 10892 --- [ecommerce] [scheduling-1] c.d.e.s.SincronizacaoEstoqueService      : [ESTOQUE] Lendo VW_ECOMMERCE_ESTOQUE no banco de dados...
2026-09-12T11:27:21.129-03:00  INFO 10892 --- [ecommerce] [scheduling-1] c.d.e.s.SincronizacaoEstoqueService      : [ESTOQUE] Ciclo finalizado. Total de atualizações enviadas: 0
2026-09-12T11:27:21.129-03:00  INFO 10892 --- [ecommerce] [scheduling-1] c.d.e.service.SincronizacaoService       : Lendo VW_ECOMMERCE_PRECOS no banco de dados...
2026-09-12T11:27:21.478-03:00  INFO 10892 --- [ecommerce] [scheduling-1] c.d.e.service.SincronizacaoService       : Ciclo finalizado. Total de atualizações enviadas: 0
2026-09-12T11:28:00.011-03:00  INFO 10892 --- [ecommerce] [scheduling-1] c.d.e.service.SincronizacaoService       : Lendo VW_ECOMMERCE_PRECOS no banco de dados...
2026-09-12T11:28:00.093-03:00  INFO 10892 --- [ecommerce] [scheduling-1] c.d.e.service.SincronizacaoService       : Ciclo finalizado. Total de atualizações enviadas: 0
2026-09-12T11:28:00.093-03:00  INFO 10892 --- [ecommerce] [scheduling-1] c.d.e.s.SincronizacaoEstoqueService      : [ESTOQUE] Lendo VW_ECOMMERCE_ESTOQUE no banco de dados...
2026-09-12T11:29:17.836-03:00  INFO 10892 --- [ecommerce] [scheduling-1] c.d.e.s.SincronizacaoEstoqueService      : [ESTOQUE] Ciclo finalizado. Total de atualizações enviadas: 0
2026-09-12T11:29:17.836-03:00  INFO 10892 --- [ecommerce] [scheduling-1] c.d.e.service.SincronizacaoService       : Lendo VW_ECOMMERCE_PRECOS no banco de dados...
2026-09-12T11:29:18.100-03:00  INFO 10892 --- [ecommerce] [scheduling-1] c.d.e.service.SincronizacaoService       : Ciclo finalizado. Total de atualizações enviadas: 0
2026-09-12T11:30:00.011-03:00  INFO 10892 --- [ecommerce] [scheduling-1] c.d.e.s.SincronizacaoEstoqueService      : [ESTOQUE] Lendo VW_ECOMMERCE_ESTOQUE no banco de dados...
2026-09-12T11:30:02.482-03:00  INFO 10892 --- [ecommerce] [scheduling-1] c.d.e.s.SincronizacaoEstoqueService      : [ESTOQUE] Sucesso! RefId 8727437 (VTEX: 1910) atualizado para 708 un.
2026-09-12T11:31:22.128-03:00  INFO 10892 --- [ecommerce] [scheduling-1] c.d.e.s.SincronizacaoEstoqueService      : [ESTOQUE] Ciclo finalizado. Total de atualizações enviadas: 1
2026-09-12T11:31:22.130-03:00  INFO 10892 --- [ecommerce] [scheduling-1] c.d.e.service.SincronizacaoService       : Lendo VW_ECOMMERCE_PRECOS no banco de dados...
2026-09-12T11:31:22.323-03:00  INFO 10892 --- [ecommerce] [scheduling-1] c.d.e.service.SincronizacaoService       : Ciclo finalizado. Total de atualizações enviadas: 0
2026-09-12T11:32:00.008-03:00  INFO 10892 --- [ecommerce] [scheduling-1] c.d.e.s.SincronizacaoEstoqueService      : [ESTOQUE] Lendo VW_ECOMMERCE_ESTOQUE no banco de dados...
2026-09-12T11:33:25.972-03:00  INFO 10892 --- [ecommerce] [scheduling-1] c.d.e.s.SincronizacaoEstoqueService      : [ESTOQUE] Ciclo finalizado. Total de atualizações enviadas: 0
2026-09-12T11:33:25.972-03:00  INFO 10892 --- [ecommerce] [scheduling-1] c.d.e.service.SincronizacaoService       : Lendo VW_ECOMMERCE_PRECOS no banco de dados...
2026-09-12T11:33:26.036-03:00  INFO 10892 --- [ecommerce] [scheduling-1] c.d.e.service.SincronizacaoService       : Ciclo finalizado. Total de atualizações enviadas: 0
2026-09-12T11:34:00.013-03:00  INFO 10892 --- [ecommerce] [scheduling-1] c.d.e.s.SincronizacaoEstoqueService      : [ESTOQUE] Lendo VW_ECOMMERCE_ESTOQUE no banco de dados...
2026-09-12T11:35:19.459-03:00  INFO 10892 --- [ecommerce] [scheduling-1] c.d.e.s.SincronizacaoEstoqueService      : [ESTOQUE] Ciclo finalizado. Total de atualizações enviadas: 0
2026-09-12T11:35:19.470-03:00  INFO 10892 --- [ecommerce] [scheduling-1] c.d.e.service.SincronizacaoService       : Lendo VW_ECOMMERCE_PRECOS no banco de dados...
2026-09-12T11:35:19.555-03:00  INFO 10892 --- [ecommerce] [scheduling-1] c.d.e.service.SincronizacaoService       : Ciclo finalizado. Total de atualizações enviadas: 0
2026-09-12T11:36:00.015-03:00  INFO 10892 --- [ecommerce] [scheduling-1] c.d.e.service.SincronizacaoService       : Lendo VW_ECOMMERCE_PRECOS no banco de dados...
2026-09-12T11:36:00.162-03:00  INFO 10892 --- [ecommerce] [scheduling-1] c.d.e.service.SincronizacaoService       : Ciclo finalizado. Total de atualizações enviadas: 0
2026-09-12T11:36:00.162-03:00  INFO 10892 --- [ecommerce] [scheduling-1] c.d.e.s.SincronizacaoEstoqueService      : [ESTOQUE] Lendo VW_ECOMMERCE_ESTOQUE no banco de dados...
2026-09-12T11:37:23.548-03:00  INFO 10892 --- [ecommerce] [scheduling-1] c.d.e.s.SincronizacaoEstoqueService      : [ESTOQUE] Ciclo finalizado. Total de atualizações enviadas: 0
2026-09-12T11:37:23.548-03:00  INFO 10892 --- [ecommerce] [scheduling-1] c.d.e.service.SincronizacaoService       : Lendo VW_ECOMMERCE_PRECOS no banco de dados...
2026-09-12T11:37:23.889-03:00  INFO 10892 --- [ecommerce] [scheduling-1] c.d.e.service.SincronizacaoService       : Ciclo finalizado. Total de atualizações enviadas: 0
2026-09-12T11:38:00.009-03:00  INFO 10892 --- [ecommerce] [scheduling-1] c.d.e.service.SincronizacaoService       : Lendo VW_ECOMMERCE_PRECOS no banco de dados...
2026-09-12T11:38:00.186-03:00  INFO 10892 --- [ecommerce] [scheduling-1] c.d.e.service.SincronizacaoService       : Ciclo finalizado. Total de atualizações enviadas: 0
2026-09-12T11:38:00.186-03:00  INFO 10892 --- [ecommerce] [scheduling-1] c.d.e.s.SincronizacaoEstoqueService      : [ESTOQUE] Lendo VW_ECOMMERCE_ESTOQUE no banco de dados...
2026-09-12T11:39:24.389-03:00  INFO 10892 --- [ecommerce] [scheduling-1] c.d.e.s.SincronizacaoEstoqueService      : [ESTOQUE] Ciclo finalizado. Total de atualizações enviadas: 0
2026-09-12T11:39:24.389-03:00  INFO 10892 --- [ecommerce] [scheduling-1] c.d.e.service.SincronizacaoService       : Lendo VW_ECOMMERCE_PRECOS no banco de dados...
2026-09-12T11:39:24.485-03:00  INFO 10892 --- [ecommerce] [scheduling-1] c.d.e.service.SincronizacaoService       : Ciclo finalizado. Total de atualizações enviadas: 0
2026-09-12T11:40:00.008-03:00  INFO 10892 --- [ecommerce] [scheduling-1] c.d.e.s.SincronizacaoEstoqueService      : [ESTOQUE] Lendo VW_ECOMMERCE_ESTOQUE no banco de dados...
2026-09-12T11:41:19.601-03:00  INFO 10892 --- [ecommerce] [scheduling-1] c.d.e.s.SincronizacaoEstoqueService      : [ESTOQUE] Ciclo finalizado. Total de atualizações enviadas: 0
2026-09-12T11:41:19.601-03:00  INFO 10892 --- [ecommerce] [scheduling-1] c.d.e.service.SincronizacaoService       : Lendo VW_ECOMMERCE_PRECOS no banco de dados...
2026-09-12T11:41:19.728-03:00  INFO 10892 --- [ecommerce] [scheduling-1] c.d.e.service.SincronizacaoService       : Ciclo finalizado. Total de atualizações enviadas: 0
2026-09-12T11:42:00.018-03:00  INFO 10892 --- [ecommerce] [scheduling-1] c.d.e.service.SincronizacaoService       : Lendo VW_ECOMMERCE_PRECOS no banco de dados...
2026-09-12T11:42:00.098-03:00  INFO 10892 --- [ecommerce] [scheduling-1] c.d.e.service.SincronizacaoService       : Ciclo finalizado. Total de atualizações enviadas: 0
2026-09-12T11:42:00.098-03:00  INFO 10892 --- [ecommerce] [scheduling-1] c.d.e.s.SincronizacaoEstoqueService      : [ESTOQUE] Lendo VW_ECOMMERCE_ESTOQUE no banco de dados...
2026-09-12T11:43:20.341-03:00  INFO 10892 --- [ecommerce] [scheduling-1] c.d.e.s.SincronizacaoEstoqueService      : [ESTOQUE] Ciclo finalizado. Total de atualizações enviadas: 0
2026-09-12T11:43:20.341-03:00  INFO 10892 --- [ecommerce] [scheduling-1] c.d.e.service.SincronizacaoService       : Lendo VW_ECOMMERCE_PRECOS no banco de dados...
2026-09-12T11:43:20.431-03:00  INFO 10892 --- [ecommerce] [scheduling-1] c.d.e.service.SincronizacaoService       : Ciclo finalizado. Total de atualizações enviadas: 0
2026-09-12T11:44:00.013-03:00  INFO 10892 --- [ecommerce] [scheduling-1] c.d.e.s.SincronizacaoEstoqueService      : [ESTOQUE] Lendo VW_ECOMMERCE_ESTOQUE no banco de dados...
2026-09-12T11:44:38.200-03:00  INFO 10892 --- [ecommerce] [scheduling-1] c.d.e.s.SincronizacaoEstoqueService      : [ESTOQUE] Ciclo finalizado. Total de atualizações enviadas: 0
2026-09-12T11:44:38.200-03:00  INFO 10892 --- [ecommerce] [scheduling-1] c.d.e.service.SincronizacaoService       : Lendo VW_ECOMMERCE_PRECOS no banco de dados...
2026-09-12T11:44:38.265-03:00  INFO 10892 --- [ecommerce] [scheduling-1] c.d.e.service.SincronizacaoService       : Ciclo finalizado. Total de atualizações enviadas: 0
2026-09-12T11:45:00.009-03:00  INFO 10892 --- [ecommerce] [scheduling-1] c.d.e.s.SincronizacaoEstoqueService      : [ESTOQUE] Lendo VW_ECOMMERCE_ESTOQUE no banco de dados...
2026-09-12T11:46:18.186-03:00  INFO 10892 --- [ecommerce] [scheduling-1] c.d.e.s.SincronizacaoEstoqueService      : [ESTOQUE] Ciclo finalizado. Total de atualizações enviadas: 0
2026-09-12T11:46:18.186-03:00  INFO 10892 --- [ecommerce] [scheduling-1] c.d.e.service.SincronizacaoService       : Lendo VW_ECOMMERCE_PRECOS no banco de dados...
2026-09-12T11:46:18.282-03:00  INFO 10892 --- [ecommerce] [scheduling-1] c.d.e.service.SincronizacaoService       : Ciclo finalizado. Total de atualizações enviadas: 0
2026-09-12T11:47:00.002-03:00  INFO 10892 --- [ecommerce] [scheduling-1] c.d.e.s.SincronizacaoEstoqueService      : [ESTOQUE] Lendo VW_ECOMMERCE_ESTOQUE no banco de dados...
2026-09-12T11:48:21.552-03:00  INFO 10892 --- [ecommerce] [scheduling-1] c.d.e.s.SincronizacaoEstoqueService      : [ESTOQUE] Ciclo finalizado. Total de atualizações enviadas: 0
2026-09-12T11:48:21.552-03:00  INFO 10892 --- [ecommerce] [scheduling-1] c.d.e.service.SincronizacaoService       : Lendo VW_ECOMMERCE_PRECOS no banco de dados...
2026-09-12T11:48:21.618-03:00  INFO 10892 --- [ecommerce] [scheduling-1] c.d.e.service.SincronizacaoService       : Ciclo finalizado. Total de atualizações enviadas: 0
2026-09-12T11:49:00.022-03:00  INFO 10892 --- [ecommerce] [scheduling-1] c.d.e.s.SincronizacaoEstoqueService      : [ESTOQUE] Lendo VW_ECOMMERCE_ESTOQUE no banco de dados...
2026-09-12T11:50:23.952-03:00  INFO 10892 --- [ecommerce] [scheduling-1] c.d.e.s.SincronizacaoEstoqueService      : [ESTOQUE] Ciclo finalizado. Total de atualizações enviadas: 0
2026-09-12T11:50:23.952-03:00  INFO 10892 --- [ecommerce] [scheduling-1] c.d.e.service.SincronizacaoService       : Lendo VW_ECOMMERCE_PRECOS no banco de dados...
2026-09-12T11:50:24.079-03:00  INFO 10892 --- [ecommerce] [scheduling-1] c.d.e.service.SincronizacaoService       : Ciclo finalizado. Total de atualizações enviadas: 0
2026-09-12T11:51:00.007-03:00  INFO 10892 --- [ecommerce] [scheduling-1] c.d.e.service.SincronizacaoService       : Lendo VW_ECOMMERCE_PRECOS no banco de dados...
2026-09-12T11:51:00.070-03:00  INFO 10892 --- [ecommerce] [scheduling-1] c.d.e.service.SincronizacaoService       : Ciclo finalizado. Total de atualizações enviadas: 0
2026-09-12T11:51:00.070-03:00  INFO 10892 --- [ecommerce] [scheduling-1] c.d.e.s.SincronizacaoEstoqueService      : [ESTOQUE] Lendo VW_ECOMMERCE_ESTOQUE no banco de dados...
2026-09-12T11:52:19.152-03:00  INFO 10892 --- [ecommerce] [scheduling-1] c.d.e.s.SincronizacaoEstoqueService      : [ESTOQUE] Ciclo finalizado. Total de atualizações enviadas: 0
2026-09-12T11:52:19.157-03:00  INFO 10892 --- [ecommerce] [scheduling-1] c.d.e.service.SincronizacaoService       : Lendo VW_ECOMMERCE_PRECOS no banco de dados...
2026-09-12T11:52:19.301-03:00  INFO 10892 --- [ecommerce] [scheduling-1] c.d.e.service.SincronizacaoService       : Ciclo finalizado. Total de atualizações enviadas: 0
2026-09-12T11:53:00.011-03:00  INFO 10892 --- [ecommerce] [scheduling-1] c.d.e.service.SincronizacaoService       : Lendo VW_ECOMMERCE_PRECOS no banco de dados...
2026-09-12T11:53:00.106-03:00  INFO 10892 --- [ecommerce] [scheduling-1] c.d.e.service.SincronizacaoService       : Ciclo finalizado. Total de atualizações enviadas: 0
2026-09-12T11:53:00.106-03:00  INFO 10892 --- [ecommerce] [scheduling-1] c.d.e.s.SincronizacaoEstoqueService      : [ESTOQUE] Lendo VW_ECOMMERCE_ESTOQUE no banco de dados...
2026-09-12T11:54:21.719-03:00  INFO 10892 --- [ecommerce] [scheduling-1] c.d.e.s.SincronizacaoEstoqueService      : [ESTOQUE] Ciclo finalizado. Total de atualizações enviadas: 0
2026-09-12T11:54:21.719-03:00  INFO 10892 --- [ecommerce] [scheduling-1] c.d.e.service.SincronizacaoService       : Lendo VW_ECOMMERCE_PRECOS no banco de dados...
2026-09-12T11:54:21.815-03:00  INFO 10892 --- [ecommerce] [scheduling-1] c.d.e.service.SincronizacaoService       : Ciclo finalizado. Total de atualizações enviadas: 0
2026-09-12T11:55:00.009-03:00  INFO 10892 --- [ecommerce] [scheduling-1] c.d.e.service.SincronizacaoService       : Lendo VW_ECOMMERCE_PRECOS no banco de dados...
2026-09-12T11:55:00.075-03:00  INFO 10892 --- [ecommerce] [scheduling-1] c.d.e.service.SincronizacaoService       : Ciclo finalizado. Total de atualizações enviadas: 0
2026-09-12T11:55:00.075-03:00  INFO 10892 --- [ecommerce] [scheduling-1] c.d.e.s.SincronizacaoEstoqueService      : [ESTOQUE] Lendo VW_ECOMMERCE_ESTOQUE no banco de dados...
2026-09-12T11:56:22.755-03:00  INFO 10892 --- [ecommerce] [scheduling-1] c.d.e.s.SincronizacaoEstoqueService      : [ESTOQUE] Ciclo finalizado. Total de atualizações enviadas: 0
2026-09-12T11:56:22.755-03:00  INFO 10892 --- [ecommerce] [scheduling-1] c.d.e.service.SincronizacaoService       : Lendo VW_ECOMMERCE_PRECOS no banco de dados...
2026-09-12T11:56:22.806-03:00  INFO 10892 --- [ecommerce] [scheduling-1] c.d.e.service.SincronizacaoService       : Ciclo finalizado. Total de atualizações enviadas: 0
2026-09-12T11:57:00.004-03:00  INFO 10892 --- [ecommerce] [scheduling-1] c.d.e.service.SincronizacaoService       : Lendo VW_ECOMMERCE_PRECOS no banco de dados...
2026-09-12T11:57:00.068-03:00  INFO 10892 --- [ecommerce] [scheduling-1] c.d.e.service.SincronizacaoService       : Ciclo finalizado. Total de atualizações enviadas: 0
2026-09-12T11:57:00.068-03:00  INFO 10892 --- [ecommerce] [scheduling-1] c.d.e.s.SincronizacaoEstoqueService      : [ESTOQUE] Lendo VW_ECOMMERCE_ESTOQUE no banco de dados...
2026-09-12T11:58:19.554-03:00  INFO 10892 --- [ecommerce] [scheduling-1] c.d.e.s.SincronizacaoEstoqueService      : [ESTOQUE] Ciclo finalizado. Total de atualizações enviadas: 0
2026-09-12T11:58:19.554-03:00  INFO 10892 --- [ecommerce] [scheduling-1] c.d.e.service.SincronizacaoService       : Lendo VW_ECOMMERCE_PRECOS no banco de dados...
2026-09-12T11:58:19.668-03:00  INFO 10892 --- [ecommerce] [scheduling-1] c.d.e.service.SincronizacaoService       : Ciclo finalizado. Total de atualizações enviadas: 0
2026-09-12T11:59:00.015-03:00  INFO 10892 --- [ecommerce] [scheduling-1] c.d.e.service.SincronizacaoService       : Lendo VW_ECOMMERCE_PRECOS no banco de dados...
2026-09-12T11:59:00.128-03:00  INFO 10892 --- [ecommerce] [scheduling-1] c.d.e.service.SincronizacaoService       : Ciclo finalizado. Total de atualizações enviadas: 0
2026-09-12T11:59:00.128-03:00  INFO 10892 --- [ecommerce] [scheduling-1] c.d.e.s.SincronizacaoEstoqueService      : [ESTOQUE] Lendo VW_ECOMMERCE_ESTOQUE no banco de dados...
2026-09-12T12:00:22.009-03:00  INFO 10892 --- [ecommerce] [scheduling-1] c.d.e.s.SincronizacaoEstoqueService      : [ESTOQUE] Ciclo finalizado. Total de atualizações enviadas: 0
2026-09-12T12:00:22.024-03:00  INFO 10892 --- [ecommerce] [scheduling-1] c.d.e.service.SincronizacaoService       : Lendo VW_ECOMMERCE_PRECOS no banco de dados...
2026-09-12T12:00:22.218-03:00  INFO 10892 --- [ecommerce] [scheduling-1] c.d.e.service.SincronizacaoService       : Ciclo finalizado. Total de atualizações enviadas: 0
2026-09-12T12:01:00.013-03:00  INFO 10892 --- [ecommerce] [scheduling-1] c.d.e.s.SincronizacaoEstoqueService      : [ESTOQUE] Lendo VW_ECOMMERCE_ESTOQUE no banco de dados...
2026-09-12T12:02:24.423-03:00  INFO 10892 --- [ecommerce] [scheduling-1] c.d.e.s.SincronizacaoEstoqueService      : [ESTOQUE] Ciclo finalizado. Total de atualizações enviadas: 0
2026-09-12T12:02:24.423-03:00  INFO 10892 --- [ecommerce] [scheduling-1] c.d.e.service.SincronizacaoService       : Lendo VW_ECOMMERCE_PRECOS no banco de dados...
2026-09-12T12:02:24.617-03:00  INFO 10892 --- [ecommerce] [scheduling-1] c.d.e.service.SincronizacaoService       : Ciclo finalizado. Total de atualizações enviadas: 0
2026-09-12T12:03:00.006-03:00  INFO 10892 --- [ecommerce] [scheduling-1] c.d.e.s.SincronizacaoEstoqueService      : [ESTOQUE] Lendo VW_ECOMMERCE_ESTOQUE no banco de dados...
2026-09-12T12:04:19.638-03:00  INFO 10892 --- [ecommerce] [scheduling-1] c.d.e.s.SincronizacaoEstoqueService      : [ESTOQUE] Ciclo finalizado. Total de atualizações enviadas: 0
2026-09-12T12:04:19.638-03:00  INFO 10892 --- [ecommerce] [scheduling-1] c.d.e.service.SincronizacaoService       : Lendo VW_ECOMMERCE_PRECOS no banco de dados...
2026-09-12T12:04:19.770-03:00  INFO 10892 --- [ecommerce] [scheduling-1] c.d.e.service.SincronizacaoService       : Ciclo finalizado. Total de atualizações enviadas: 0
2026-09-12T12:05:00.005-03:00  INFO 10892 --- [ecommerce] [scheduling-1] c.d.e.service.SincronizacaoService       : Lendo VW_ECOMMERCE_PRECOS no banco de dados...
2026-09-12T12:05:00.148-03:00  INFO 10892 --- [ecommerce] [scheduling-1] c.d.e.service.SincronizacaoService       : Ciclo finalizado. Total de atualizações enviadas: 0
2026-09-12T12:05:00.148-03:00  INFO 10892 --- [ecommerce] [scheduling-1] c.d.e.s.SincronizacaoEstoqueService      : [ESTOQUE] Lendo VW_ECOMMERCE_ESTOQUE no banco de dados...
2026-09-12T12:06:20.758-03:00  INFO 10892 --- [ecommerce] [scheduling-1] c.d.e.s.SincronizacaoEstoqueService      : [ESTOQUE] Ciclo finalizado. Total de atualizações enviadas: 0
2026-09-12T12:06:20.760-03:00  INFO 10892 --- [ecommerce] [scheduling-1] c.d.e.service.SincronizacaoService       : Lendo VW_ECOMMERCE_PRECOS no banco de dados...
2026-09-12T12:06:20.878-03:00  INFO 10892 --- [ecommerce] [scheduling-1] c.d.e.service.SincronizacaoService       : Ciclo finalizado. Total de atualizações enviadas: 0
2026-09-12T12:07:00.006-03:00  INFO 10892 --- [ecommerce] [scheduling-1] c.d.e.s.SincronizacaoEstoqueService      : [ESTOQUE] Lendo VW_ECOMMERCE_ESTOQUE no banco de dados...
2026-09-12T12:08:23.058-03:00  INFO 10892 --- [ecommerce] [scheduling-1] c.d.e.s.SincronizacaoEstoqueService      : [ESTOQUE] Ciclo finalizado. Total de atualizações enviadas: 0
2026-09-12T12:08:23.058-03:00  INFO 10892 --- [ecommerce] [scheduling-1] c.d.e.service.SincronizacaoService       : Lendo VW_ECOMMERCE_PRECOS no banco de dados...
2026-09-12T12:08:23.266-03:00  INFO 10892 --- [ecommerce] [scheduling-1] c.d.e.service.SincronizacaoService       : Ciclo finalizado. Total de atualizações enviadas: 0
2026-09-12T12:09:00.014-03:00  INFO 10892 --- [ecommerce] [scheduling-1] c.d.e.service.SincronizacaoService       : Lendo VW_ECOMMERCE_PRECOS no banco de dados...
2026-09-12T12:09:00.078-03:00  INFO 10892 --- [ecommerce] [scheduling-1] c.d.e.service.SincronizacaoService       : Ciclo finalizado. Total de atualizações enviadas: 0
2026-09-12T12:09:00.078-03:00  INFO 10892 --- [ecommerce] [scheduling-1] c.d.e.s.SincronizacaoEstoqueService      : [ESTOQUE] Lendo VW_ECOMMERCE_ESTOQUE no banco de dados...
2026-09-12T12:10:23.443-03:00  INFO 10892 --- [ecommerce] [scheduling-1] c.d.e.s.SincronizacaoEstoqueService      : [ESTOQUE] Ciclo finalizado. Total de atualizações enviadas: 0
2026-09-12T12:10:23.443-03:00  INFO 10892 --- [ecommerce] [scheduling-1] c.d.e.service.SincronizacaoService       : Lendo VW_ECOMMERCE_PRECOS no banco de dados...
2026-09-12T12:10:23.508-03:00  INFO 10892 --- [ecommerce] [scheduling-1] c.d.e.service.SincronizacaoService       : Ciclo finalizado. Total de atualizações enviadas: 0
2026-09-12T12:11:00.012-03:00  INFO 10892 --- [ecommerce] [scheduling-1] c.d.e.s.SincronizacaoEstoqueService      : [ESTOQUE] Lendo VW_ECOMMERCE_ESTOQUE no banco de dados...
2026-09-12T12:12:03.685-03:00  INFO 10892 --- [ecommerce] [scheduling-1] c.d.e.s.SincronizacaoEstoqueService      : [ESTOQUE] Ciclo finalizado. Total de atualizações enviadas: 0
2026-09-12T12:12:03.685-03:00  INFO 10892 --- [ecommerce] [scheduling-1] c.d.e.service.SincronizacaoService       : Lendo VW_ECOMMERCE_PRECOS no banco de dados...
2026-09-12T12:12:03.970-03:00  INFO 10892 --- [ecommerce] [scheduling-1] c.d.e.service.SincronizacaoService       : Ciclo finalizado. Total de atualizações enviadas: 0
2026-09-12T12:13:00.014-03:00  INFO 10892 --- [ecommerce] [scheduling-1] c.d.e.s.SincronizacaoEstoqueService      : [ESTOQUE] Lendo VW_ECOMMERCE_ESTOQUE no banco de dados...
2026-09-12T12:14:23.326-03:00  INFO 10892 --- [ecommerce] [scheduling-1] c.d.e.s.SincronizacaoEstoqueService      : [ESTOQUE] Ciclo finalizado. Total de atualizações enviadas: 0
2026-09-12T12:14:23.326-03:00  INFO 10892 --- [ecommerce] [scheduling-1] c.d.e.service.SincronizacaoService       : Lendo VW_ECOMMERCE_PRECOS no banco de dados...
2026-09-12T12:14:23.390-03:00  INFO 10892 --- [ecommerce] [scheduling-1] c.d.e.service.SincronizacaoService       : Ciclo finalizado. Total de atualizações enviadas: 0
2026-09-12T12:15:00.015-03:00  INFO 10892 --- [ecommerce] [scheduling-1] c.d.e.s.SincronizacaoEstoqueService      : [ESTOQUE] Lendo VW_ECOMMERCE_ESTOQUE no banco de dados...
2026-09-12T12:16:19.698-03:00  INFO 10892 --- [ecommerce] [scheduling-1] c.d.e.s.SincronizacaoEstoqueService      : [ESTOQUE] Ciclo finalizado. Total de atualizações enviadas: 0
2026-09-12T12:16:19.698-03:00  INFO 10892 --- [ecommerce] [scheduling-1] c.d.e.service.SincronizacaoService       : Lendo VW_ECOMMERCE_PRECOS no banco de dados...
2026-09-12T12:16:19.795-03:00  INFO 10892 --- [ecommerce] [scheduling-1] c.d.e.service.SincronizacaoService       : Ciclo finalizado. Total de atualizações enviadas: 0
2026-09-12T12:17:00.010-03:00  INFO 10892 --- [ecommerce] [scheduling-1] c.d.e.service.SincronizacaoService       : Lendo VW_ECOMMERCE_PRECOS no banco de dados...
2026-09-12T12:17:00.228-03:00  INFO 10892 --- [ecommerce] [scheduling-1] c.d.e.service.SincronizacaoService       : Ciclo finalizado. Total de atualizações enviadas: 0
2026-09-12T12:17:00.228-03:00  INFO 10892 --- [ecommerce] [scheduling-1] c.d.e.s.SincronizacaoEstoqueService      : [ESTOQUE] Lendo VW_ECOMMERCE_ESTOQUE no banco de dados...
2026-09-12T12:18:20.654-03:00  INFO 10892 --- [ecommerce] [scheduling-1] c.d.e.s.SincronizacaoEstoqueService      : [ESTOQUE] Ciclo finalizado. Total de atualizações enviadas: 0
2026-09-12T12:18:20.665-03:00  INFO 10892 --- [ecommerce] [scheduling-1] c.d.e.service.SincronizacaoService       : Lendo VW_ECOMMERCE_PRECOS no banco de dados...
2026-09-12T12:18:20.803-03:00  INFO 10892 --- [ecommerce] [scheduling-1] c.d.e.service.SincronizacaoService       : Ciclo finalizado. Total de atualizações enviadas: 0
2026-09-12T12:19:00.011-03:00  INFO 10892 --- [ecommerce] [scheduling-1] c.d.e.s.SincronizacaoEstoqueService      : [ESTOQUE] Lendo VW_ECOMMERCE_ESTOQUE no banco de dados...
2026-09-12T12:20:26.265-03:00  INFO 10892 --- [ecommerce] [scheduling-1] c.d.e.s.SincronizacaoEstoqueService      : [ESTOQUE] Ciclo finalizado. Total de atualizações enviadas: 0
2026-09-12T12:20:26.274-03:00  INFO 10892 --- [ecommerce] [scheduling-1] c.d.e.service.SincronizacaoService       : Lendo VW_ECOMMERCE_PRECOS no banco de dados...
2026-09-12T12:20:26.372-03:00  INFO 10892 --- [ecommerce] [scheduling-1] c.d.e.service.SincronizacaoService       : Ciclo finalizado. Total de atualizações enviadas: 0
2026-09-12T12:21:00.004-03:00  INFO 10892 --- [ecommerce] [scheduling-1] c.d.e.s.SincronizacaoEstoqueService      : [ESTOQUE] Lendo VW_ECOMMERCE_ESTOQUE no banco de dados...
2026-09-12T12:21:41.163-03:00  INFO 10892 --- [ecommerce] [scheduling-1] c.d.e.s.SincronizacaoEstoqueService      : [ESTOQUE] Ciclo finalizado. Total de atualizações enviadas: 0
2026-09-12T12:21:41.163-03:00  INFO 10892 --- [ecommerce] [scheduling-1] c.d.e.service.SincronizacaoService       : Lendo VW_ECOMMERCE_PRECOS no banco de dados...
2026-09-12T12:21:41.241-03:00  INFO 10892 --- [ecommerce] [scheduling-1] c.d.e.service.SincronizacaoService       : Ciclo finalizado. Total de atualizações enviadas: 0
2026-09-12T12:22:00.015-03:00  INFO 10892 --- [ecommerce] [scheduling-1] c.d.e.s.SincronizacaoEstoqueService      : [ESTOQUE] Lendo VW_ECOMMERCE_ESTOQUE no banco de dados...
2026-09-12T12:23:19.640-03:00  INFO 10892 --- [ecommerce] [scheduling-1] c.d.e.s.SincronizacaoEstoqueService      : [ESTOQUE] Ciclo finalizado. Total de atualizações enviadas: 0
2026-09-12T12:23:19.640-03:00  INFO 10892 --- [ecommerce] [scheduling-1] c.d.e.service.SincronizacaoService       : Lendo VW_ECOMMERCE_PRECOS no banco de dados...
2026-09-12T12:23:19.777-03:00  INFO 10892 --- [ecommerce] [scheduling-1] c.d.e.service.SincronizacaoService       : Ciclo finalizado. Total de atualizações enviadas: 0
2026-09-12T12:24:00.010-03:00  INFO 10892 --- [ecommerce] [scheduling-1] c.d.e.s.SincronizacaoEstoqueService      : [ESTOQUE] Lendo VW_ECOMMERCE_ESTOQUE no banco de dados...
2026-09-12T12:25:20.102-03:00  INFO 10892 --- [ecommerce] [scheduling-1] c.d.e.s.SincronizacaoEstoqueService      : [ESTOQUE] Ciclo finalizado. Total de atualizações enviadas: 0
2026-09-12T12:25:20.102-03:00  INFO 10892 --- [ecommerce] [scheduling-1] c.d.e.service.SincronizacaoService       : Lendo VW_ECOMMERCE_PRECOS no banco de dados...
2026-09-12T12:25:20.214-03:00  INFO 10892 --- [ecommerce] [scheduling-1] c.d.e.service.SincronizacaoService       : Ciclo finalizado. Total de atualizações enviadas: 0
2026-09-12T12:26:00.013-03:00  INFO 10892 --- [ecommerce] [scheduling-1] c.d.e.s.SincronizacaoEstoqueService      : [ESTOQUE] Lendo VW_ECOMMERCE_ESTOQUE no banco de dados...
2026-09-12T12:27:18.785-03:00  INFO 10892 --- [ecommerce] [scheduling-1] c.d.e.s.SincronizacaoEstoqueService      : [ESTOQUE] Ciclo finalizado. Total de atualizações enviadas: 0
2026-09-12T12:27:18.785-03:00  INFO 10892 --- [ecommerce] [scheduling-1] c.d.e.service.SincronizacaoService       : Lendo VW_ECOMMERCE_PRECOS no banco de dados...
2026-09-12T12:27:18.896-03:00  INFO 10892 --- [ecommerce] [scheduling-1] c.d.e.service.SincronizacaoService       : Ciclo finalizado. Total de atualizações enviadas: 0
2026-09-12T12:28:00.005-03:00  INFO 10892 --- [ecommerce] [scheduling-1] c.d.e.s.SincronizacaoEstoqueService      : [ESTOQUE] Lendo VW_ECOMMERCE_ESTOQUE no banco de dados...
2026-09-12T12:29:20.003-03:00  INFO 10892 --- [ecommerce] [scheduling-1] c.d.e.s.SincronizacaoEstoqueService      : [ESTOQUE] Ciclo finalizado. Total de atualizações enviadas: 0
2026-09-12T12:29:20.010-03:00  INFO 10892 --- [ecommerce] [scheduling-1] c.d.e.service.SincronizacaoService       : Lendo VW_ECOMMERCE_PRECOS no banco de dados...
2026-09-12T12:29:20.067-03:00  INFO 10892 --- [ecommerce] [scheduling-1] c.d.e.service.SincronizacaoService       : Ciclo finalizado. Total de atualizações enviadas: 0
2026-09-12T12:30:00.014-03:00  INFO 10892 --- [ecommerce] [scheduling-1] c.d.e.s.SincronizacaoEstoqueService      : [ESTOQUE] Lendo VW_ECOMMERCE_ESTOQUE no banco de dados...
2026-09-12T12:31:20.726-03:00  INFO 10892 --- [ecommerce] [scheduling-1] c.d.e.s.SincronizacaoEstoqueService      : [ESTOQUE] Ciclo finalizado. Total de atualizações enviadas: 0
2026-09-12T12:31:20.726-03:00  INFO 10892 --- [ecommerce] [scheduling-1] c.d.e.service.SincronizacaoService       : Lendo VW_ECOMMERCE_PRECOS no banco de dados...
2026-09-12T12:31:20.823-03:00  INFO 10892 --- [ecommerce] [scheduling-1] c.d.e.service.SincronizacaoService       : Ciclo finalizado. Total de atualizações enviadas: 0
2026-09-12T12:32:00.009-03:00  INFO 10892 --- [ecommerce] [scheduling-1] c.d.e.service.SincronizacaoService       : Lendo VW_ECOMMERCE_PRECOS no banco de dados...
2026-09-12T12:32:00.089-03:00  INFO 10892 --- [ecommerce] [scheduling-1] c.d.e.service.SincronizacaoService       : Ciclo finalizado. Total de atualizações enviadas: 0
2026-09-12T12:32:00.089-03:00  INFO 10892 --- [ecommerce] [scheduling-1] c.d.e.s.SincronizacaoEstoqueService      : [ESTOQUE] Lendo VW_ECOMMERCE_ESTOQUE no banco de dados...
2026-09-12T12:33:23.591-03:00  INFO 10892 --- [ecommerce] [scheduling-1] c.d.e.s.SincronizacaoEstoqueService      : [ESTOQUE] Ciclo finalizado. Total de atualizações enviadas: 0
2026-09-12T12:33:23.591-03:00  INFO 10892 --- [ecommerce] [scheduling-1] c.d.e.service.SincronizacaoService       : Lendo VW_ECOMMERCE_PRECOS no banco de dados...
2026-09-12T12:33:23.848-03:00  INFO 10892 --- [ecommerce] [scheduling-1] c.d.e.service.SincronizacaoService       : Ciclo finalizado. Total de atualizações enviadas: 0
2026-09-12T12:34:00.010-03:00  INFO 10892 --- [ecommerce] [scheduling-1] c.d.e.s.SincronizacaoEstoqueService      : [ESTOQUE] Lendo VW_ECOMMERCE_ESTOQUE no banco de dados...
2026-09-12T12:35:20.325-03:00  INFO 10892 --- [ecommerce] [scheduling-1] c.d.e.s.SincronizacaoEstoqueService      : [ESTOQUE] Ciclo finalizado. Total de atualizações enviadas: 0
2026-09-12T12:35:20.328-03:00  INFO 10892 --- [ecommerce] [scheduling-1] c.d.e.service.SincronizacaoService       : Lendo VW_ECOMMERCE_PRECOS no banco de dados...
2026-09-12T12:35:20.421-03:00  INFO 10892 --- [ecommerce] [scheduling-1] c.d.e.service.SincronizacaoService       : Ciclo finalizado. Total de atualizações enviadas: 0
2026-09-12T12:36:00.004-03:00  INFO 10892 --- [ecommerce] [scheduling-1] c.d.e.s.SincronizacaoEstoqueService      : [ESTOQUE] Lendo VW_ECOMMERCE_ESTOQUE no banco de dados...
2026-09-12T12:37:21.519-03:00  INFO 10892 --- [ecommerce] [scheduling-1] c.d.e.s.SincronizacaoEstoqueService      : [ESTOQUE] Ciclo finalizado. Total de atualizações enviadas: 0
2026-09-12T12:37:21.519-03:00  INFO 10892 --- [ecommerce] [scheduling-1] c.d.e.service.SincronizacaoService       : Lendo VW_ECOMMERCE_PRECOS no banco de dados...
2026-09-12T12:37:21.590-03:00  INFO 10892 --- [ecommerce] [scheduling-1] c.d.e.service.SincronizacaoService       : Ciclo finalizado. Total de atualizações enviadas: 0
2026-09-12T12:38:00.012-03:00  INFO 10892 --- [ecommerce] [scheduling-1] c.d.e.s.SincronizacaoEstoqueService      : [ESTOQUE] Lendo VW_ECOMMERCE_ESTOQUE no banco de dados...
2026-09-12T12:39:23.721-03:00  INFO 10892 --- [ecommerce] [scheduling-1] c.d.e.s.SincronizacaoEstoqueService      : [ESTOQUE] Ciclo finalizado. Total de atualizações enviadas: 0
2026-09-12T12:39:23.723-03:00  INFO 10892 --- [ecommerce] [scheduling-1] c.d.e.service.SincronizacaoService       : Lendo VW_ECOMMERCE_PRECOS no banco de dados...
2026-09-12T12:39:24.022-03:00  INFO 10892 --- [ecommerce] [scheduling-1] c.d.e.service.SincronizacaoService       : Ciclo finalizado. Total de atualizações enviadas: 0
2026-09-12T12:40:00.011-03:00  INFO 10892 --- [ecommerce] [scheduling-1] c.d.e.s.SincronizacaoEstoqueService      : [ESTOQUE] Lendo VW_ECOMMERCE_ESTOQUE no banco de dados...
2026-09-12T12:41:19.010-03:00  INFO 10892 --- [ecommerce] [scheduling-1] c.d.e.s.SincronizacaoEstoqueService      : [ESTOQUE] Ciclo finalizado. Total de atualizações enviadas: 0
2026-09-12T12:41:19.010-03:00  INFO 10892 --- [ecommerce] [scheduling-1] c.d.e.service.SincronizacaoService       : Lendo VW_ECOMMERCE_PRECOS no banco de dados...
2026-09-12T12:41:19.071-03:00  INFO 10892 --- [ecommerce] [scheduling-1] c.d.e.service.SincronizacaoService       : Ciclo finalizado. Total de atualizações enviadas: 0
2026-09-12T12:42:00.019-03:00  INFO 10892 --- [ecommerce] [scheduling-1] c.d.e.s.SincronizacaoEstoqueService      : [ESTOQUE] Lendo VW_ECOMMERCE_ESTOQUE no banco de dados...
2026-09-12T12:43:07.835-03:00  INFO 10892 --- [ecommerce] [scheduling-1] c.d.e.s.SincronizacaoEstoqueService      : [ESTOQUE] Ciclo finalizado. Total de atualizações enviadas: 0
2026-09-12T12:43:07.835-03:00  INFO 10892 --- [ecommerce] [scheduling-1] c.d.e.service.SincronizacaoService       : Lendo VW_ECOMMERCE_PRECOS no banco de dados...
2026-09-12T12:43:07.896-03:00  INFO 10892 --- [ecommerce] [scheduling-1] c.d.e.service.SincronizacaoService       : Ciclo finalizado. Total de atualizações enviadas: 0
2026-09-12T12:44:00.005-03:00  INFO 10892 --- [ecommerce] [scheduling-1] c.d.e.service.SincronizacaoService       : Lendo VW_ECOMMERCE_PRECOS no banco de dados...
2026-09-12T12:44:00.068-03:00  INFO 10892 --- [ecommerce] [scheduling-1] c.d.e.service.SincronizacaoService       : Ciclo finalizado. Total de atualizações enviadas: 0
2026-09-12T12:44:00.068-03:00  INFO 10892 --- [ecommerce] [scheduling-1] c.d.e.s.SincronizacaoEstoqueService      : [ESTOQUE] Lendo VW_ECOMMERCE_ESTOQUE no banco de dados...
2026-09-12T12:45:22.894-03:00  INFO 10892 --- [ecommerce] [scheduling-1] c.d.e.s.SincronizacaoEstoqueService      : [ESTOQUE] Ciclo finalizado. Total de atualizações enviadas: 0
2026-09-12T12:45:22.894-03:00  INFO 10892 --- [ecommerce] [scheduling-1] c.d.e.service.SincronizacaoService       : Lendo VW_ECOMMERCE_PRECOS no banco de dados...
2026-09-12T12:45:22.999-03:00  INFO 10892 --- [ecommerce] [scheduling-1] c.d.e.service.SincronizacaoService       : Ciclo finalizado. Total de atualizações enviadas: 0
2026-09-12T12:46:00.009-03:00  INFO 10892 --- [ecommerce] [scheduling-1] c.d.e.service.SincronizacaoService       : Lendo VW_ECOMMERCE_PRECOS no banco de dados...
2026-09-12T12:46:00.146-03:00  INFO 10892 --- [ecommerce] [scheduling-1] c.d.e.service.SincronizacaoService       : Ciclo finalizado. Total de atualizações enviadas: 0
2026-09-12T12:46:00.148-03:00  INFO 10892 --- [ecommerce] [scheduling-1] c.d.e.s.SincronizacaoEstoqueService      : [ESTOQUE] Lendo VW_ECOMMERCE_ESTOQUE no banco de dados...
2026-09-12T12:47:21.535-03:00  INFO 10892 --- [ecommerce] [scheduling-1] c.d.e.s.SincronizacaoEstoqueService      : [ESTOQUE] Ciclo finalizado. Total de atualizações enviadas: 0
2026-09-12T12:47:21.535-03:00  INFO 10892 --- [ecommerce] [scheduling-1] c.d.e.service.SincronizacaoService       : Lendo VW_ECOMMERCE_PRECOS no banco de dados...
2026-09-12T12:47:21.596-03:00  INFO 10892 --- [ecommerce] [scheduling-1] c.d.e.service.SincronizacaoService       : Ciclo finalizado. Total de atualizações enviadas: 0
2026-09-12T12:48:00.008-03:00  INFO 10892 --- [ecommerce] [scheduling-1] c.d.e.service.SincronizacaoService       : Lendo VW_ECOMMERCE_PRECOS no banco de dados...
2026-09-12T12:48:00.104-03:00  INFO 10892 --- [ecommerce] [scheduling-1] c.d.e.service.SincronizacaoService       : Ciclo finalizado. Total de atualizações enviadas: 0
2026-09-12T12:48:00.104-03:00  INFO 10892 --- [ecommerce] [scheduling-1] c.d.e.s.SincronizacaoEstoqueService      : [ESTOQUE] Lendo VW_ECOMMERCE_ESTOQUE no banco de dados...
2026-09-12T12:49:22.391-03:00  INFO 10892 --- [ecommerce] [scheduling-1] c.d.e.s.SincronizacaoEstoqueService      : [ESTOQUE] Ciclo finalizado. Total de atualizações enviadas: 0
2026-09-12T12:49:22.391-03:00  INFO 10892 --- [ecommerce] [scheduling-1] c.d.e.service.SincronizacaoService       : Lendo VW_ECOMMERCE_PRECOS no banco de dados...
2026-09-12T12:49:22.548-03:00  INFO 10892 --- [ecommerce] [scheduling-1] c.d.e.service.SincronizacaoService       : Ciclo finalizado. Total de atualizações enviadas: 0
2026-09-12T12:50:00.005-03:00  INFO 10892 --- [ecommerce] [scheduling-1] c.d.e.s.SincronizacaoEstoqueService      : [ESTOQUE] Lendo VW_ECOMMERCE_ESTOQUE no banco de dados...
2026-09-12T12:51:22.628-03:00  INFO 10892 --- [ecommerce] [scheduling-1] c.d.e.s.SincronizacaoEstoqueService      : [ESTOQUE] Ciclo finalizado. Total de atualizações enviadas: 0
2026-09-12T12:51:22.628-03:00  INFO 10892 --- [ecommerce] [scheduling-1] c.d.e.service.SincronizacaoService       : Lendo VW_ECOMMERCE_PRECOS no banco de dados...
2026-09-12T12:51:22.708-03:00  INFO 10892 --- [ecommerce] [scheduling-1] c.d.e.service.SincronizacaoService       : Ciclo finalizado. Total de atualizações enviadas: 0
2026-09-12T12:52:00.003-03:00  INFO 10892 --- [ecommerce] [scheduling-1] c.d.e.s.SincronizacaoEstoqueService      : [ESTOQUE] Lendo VW_ECOMMERCE_ESTOQUE no banco de dados...
2026-09-12T12:53:20.202-03:00  INFO 10892 --- [ecommerce] [scheduling-1] c.d.e.s.SincronizacaoEstoqueService      : [ESTOQUE] Ciclo finalizado. Total de atualizações enviadas: 0
2026-09-12T12:53:20.202-03:00  INFO 10892 --- [ecommerce] [scheduling-1] c.d.e.service.SincronizacaoService       : Lendo VW_ECOMMERCE_PRECOS no banco de dados...
2026-09-12T12:53:20.330-03:00  INFO 10892 --- [ecommerce] [scheduling-1] c.d.e.service.SincronizacaoService       : Ciclo finalizado. Total de atualizações enviadas: 0
2026-09-12T12:54:00.015-03:00  INFO 10892 --- [ecommerce] [scheduling-1] c.d.e.service.SincronizacaoService       : Lendo VW_ECOMMERCE_PRECOS no banco de dados...
2026-09-12T12:54:00.080-03:00  INFO 10892 --- [ecommerce] [scheduling-1] c.d.e.service.SincronizacaoService       : Ciclo finalizado. Total de atualizações enviadas: 0
2026-09-12T12:54:00.080-03:00  INFO 10892 --- [ecommerce] [scheduling-1] c.d.e.s.SincronizacaoEstoqueService      : [ESTOQUE] Lendo VW_ECOMMERCE_ESTOQUE no banco de dados...
2026-09-12T12:54:44.229-03:00  INFO 10892 --- [ecommerce] [scheduling-1] c.d.e.s.SincronizacaoEstoqueService      : [ESTOQUE] Ciclo finalizado. Total de atualizações enviadas: 0
2026-09-12T12:55:00.012-03:00  INFO 10892 --- [ecommerce] [scheduling-1] c.d.e.s.SincronizacaoEstoqueService      : [ESTOQUE] Lendo VW_ECOMMERCE_ESTOQUE no banco de dados...
2026-09-12T12:56:21.899-03:00  INFO 10892 --- [ecommerce] [scheduling-1] c.d.e.s.SincronizacaoEstoqueService      : [ESTOQUE] Ciclo finalizado. Total de atualizações enviadas: 0
2026-09-12T12:56:21.899-03:00  INFO 10892 --- [ecommerce] [scheduling-1] c.d.e.service.SincronizacaoService       : Lendo VW_ECOMMERCE_PRECOS no banco de dados...
2026-09-12T12:56:21.978-03:00  INFO 10892 --- [ecommerce] [scheduling-1] c.d.e.service.SincronizacaoService       : Ciclo finalizado. Total de atualizações enviadas: 0
2026-09-12T12:57:00.020-03:00  INFO 10892 --- [ecommerce] [scheduling-1] c.d.e.s.SincronizacaoEstoqueService      : [ESTOQUE] Lendo VW_ECOMMERCE_ESTOQUE no banco de dados...
2026-09-12T12:58:23.305-03:00  INFO 10892 --- [ecommerce] [scheduling-1] c.d.e.s.SincronizacaoEstoqueService      : [ESTOQUE] Ciclo finalizado. Total de atualizações enviadas: 0
2026-09-12T12:58:23.305-03:00  INFO 10892 --- [ecommerce] [scheduling-1] c.d.e.service.SincronizacaoService       : Lendo VW_ECOMMERCE_PRECOS no banco de dados...
2026-09-12T12:58:23.419-03:00  INFO 10892 --- [ecommerce] [scheduling-1] c.d.e.service.SincronizacaoService       : Ciclo finalizado. Total de atualizações enviadas: 0
2026-09-12T12:59:00.000-03:00  INFO 10892 --- [ecommerce] [scheduling-1] c.d.e.service.SincronizacaoService       : Lendo VW_ECOMMERCE_PRECOS no banco de dados...
2026-09-12T12:59:00.176-03:00  INFO 10892 --- [ecommerce] [scheduling-1] c.d.e.service.SincronizacaoService       : Ciclo finalizado. Total de atualizações enviadas: 0
2026-09-12T12:59:00.176-03:00  INFO 10892 --- [ecommerce] [scheduling-1] c.d.e.s.SincronizacaoEstoqueService      : [ESTOQUE] Lendo VW_ECOMMERCE_ESTOQUE no banco de dados...
2026-09-12T13:00:20.920-03:00  INFO 10892 --- [ecommerce] [scheduling-1] c.d.e.s.SincronizacaoEstoqueService      : [ESTOQUE] Ciclo finalizado. Total de atualizações enviadas: 0
2026-09-12T13:00:20.920-03:00  INFO 10892 --- [ecommerce] [scheduling-1] c.d.e.service.SincronizacaoService       : Lendo VW_ECOMMERCE_PRECOS no banco de dados...
2026-09-12T13:00:21.048-03:00  INFO 10892 --- [ecommerce] [scheduling-1] c.d.e.service.SincronizacaoService       : Ciclo finalizado. Total de atualizações enviadas: 0
2026-09-12T13:01:00.013-03:00  INFO 10892 --- [ecommerce] [scheduling-1] c.d.e.s.SincronizacaoEstoqueService      : [ESTOQUE] Lendo VW_ECOMMERCE_ESTOQUE no banco de dados...
2026-09-12T13:01:01.842-03:00  INFO 10892 --- [ecommerce] [scheduling-1] c.d.e.s.SincronizacaoEstoqueService      : [ESTOQUE] Sucesso! RefId 8724103 (VTEX: 2120) atualizado para 802 un.
2026-09-12T13:01:02.660-03:00  INFO 10892 --- [ecommerce] [scheduling-1] c.d.e.s.SincronizacaoEstoqueService      : [ESTOQUE] Sucesso! RefId 8724116 (VTEX: 2132) atualizado para 417 un.
2026-09-12T13:01:03.478-03:00  INFO 10892 --- [ecommerce] [scheduling-1] c.d.e.s.SincronizacaoEstoqueService      : [ESTOQUE] Sucesso! RefId 8727186 (VTEX: 2134) atualizado para 207 un.
2026-09-12T13:01:04.313-03:00  INFO 10892 --- [ecommerce] [scheduling-1] c.d.e.s.SincronizacaoEstoqueService      : [ESTOQUE] Sucesso! RefId 8727284 (VTEX: 1870) atualizado para 4 un.
2026-09-12T13:01:05.320-03:00  INFO 10892 --- [ecommerce] [scheduling-1] c.d.e.s.SincronizacaoEstoqueService      : [ESTOQUE] Sucesso! RefId 8727439 (VTEX: 1912) atualizado para 614 un.
2026-09-12T13:01:06.095-03:00  INFO 10892 --- [ecommerce] [scheduling-1] c.d.e.s.SincronizacaoEstoqueService      : [ESTOQUE] Sucesso! RefId 8727445 (VTEX: 1918) atualizado para 554 un.
2026-09-12T13:01:06.881-03:00  INFO 10892 --- [ecommerce] [scheduling-1] c.d.e.s.SincronizacaoEstoqueService      : [ESTOQUE] Sucesso! RefId 8727447 (VTEX: 1920) atualizado para 81 un.
2026-09-12T13:01:07.680-03:00  INFO 10892 --- [ecommerce] [scheduling-1] c.d.e.s.SincronizacaoEstoqueService      : [ESTOQUE] Sucesso! RefId 8727502 (VTEX: 1952) atualizado para 0 un.
2026-09-12T13:01:08.212-03:00  INFO 10892 --- [ecommerce] [scheduling-1] c.d.e.s.SincronizacaoEstoqueService      : [ESTOQUE] Sucesso! RefId 8727757 (VTEX: 2083) atualizado para -12 un.
2026-09-12T13:01:08.796-03:00  INFO 10892 --- [ecommerce] [scheduling-1] c.d.e.s.SincronizacaoEstoqueService      : [ESTOQUE] Sucesso! RefId 8727760 (VTEX: 2086) atualizado para 0 un.
2026-09-12T13:01:10.156-03:00  INFO 10892 --- [ecommerce] [scheduling-1] c.d.e.s.SincronizacaoEstoqueService      : [ESTOQUE] Sucesso! RefId 8728116 (VTEX: 2113) atualizado para 3 un.
2026-09-12T13:01:10.940-03:00  INFO 10892 --- [ecommerce] [scheduling-1] c.d.e.s.SincronizacaoEstoqueService      : [ESTOQUE] Sucesso! RefId 8728118 (VTEX: 2115) atualizado para 54 un.
2026-09-12T13:02:30.243-03:00  INFO 10892 --- [ecommerce] [scheduling-1] c.d.e.s.SincronizacaoEstoqueService      : [ESTOQUE] Ciclo finalizado. Total de atualizações enviadas: 12
2026-09-12T13:02:30.246-03:00  INFO 10892 --- [ecommerce] [scheduling-1] c.d.e.service.SincronizacaoService       : Lendo VW_ECOMMERCE_PRECOS no banco de dados...
2026-09-12T13:02:30.394-03:00  INFO 10892 --- [ecommerce] [scheduling-1] c.d.e.service.SincronizacaoService       : Ciclo finalizado. Total de atualizações enviadas: 0
2026-09-12T13:03:00.006-03:00  INFO 10892 --- [ecommerce] [scheduling-1] c.d.e.s.SincronizacaoEstoqueService      : [ESTOQUE] Lendo VW_ECOMMERCE_ESTOQUE no banco de dados...
2026-09-12T13:04:24.522-03:00  INFO 10892 --- [ecommerce] [scheduling-1] c.d.e.s.SincronizacaoEstoqueService      : [ESTOQUE] Ciclo finalizado. Total de atualizações enviadas: 0
2026-09-12T13:04:24.522-03:00  INFO 10892 --- [ecommerce] [scheduling-1] c.d.e.service.SincronizacaoService       : Lendo VW_ECOMMERCE_PRECOS no banco de dados...
2026-09-12T13:04:24.828-03:00  INFO 10892 --- [ecommerce] [scheduling-1] c.d.e.service.SincronizacaoService       : Ciclo finalizado. Total de atualizações enviadas: 0
2026-09-12T13:05:00.019-03:00  INFO 10892 --- [ecommerce] [scheduling-1] c.d.e.s.SincronizacaoEstoqueService      : [ESTOQUE] Lendo VW_ECOMMERCE_ESTOQUE no banco de dados...
2026-09-12T13:06:23.588-03:00  INFO 10892 --- [ecommerce] [scheduling-1] c.d.e.s.SincronizacaoEstoqueService      : [ESTOQUE] Ciclo finalizado. Total de atualizações enviadas: 0
2026-09-12T13:06:23.601-03:00  INFO 10892 --- [ecommerce] [scheduling-1] c.d.e.service.SincronizacaoService       : Lendo VW_ECOMMERCE_PRECOS no banco de dados...
2026-09-12T13:06:23.668-03:00  INFO 10892 --- [ecommerce] [scheduling-1] c.d.e.service.SincronizacaoService       : Ciclo finalizado. Total de atualizações enviadas: 0
2026-09-12T13:07:00.015-03:00  INFO 10892 --- [ecommerce] [scheduling-1] c.d.e.s.SincronizacaoEstoqueService      : [ESTOQUE] Lendo VW_ECOMMERCE_ESTOQUE no banco de dados...
2026-09-12T13:07:38.074-03:00  INFO 10892 --- [ecommerce] [scheduling-1] c.d.e.s.SincronizacaoEstoqueService      : [ESTOQUE] Ciclo finalizado. Total de atualizações enviadas: 0
2026-09-12T13:07:38.074-03:00  INFO 10892 --- [ecommerce] [scheduling-1] c.d.e.service.SincronizacaoService       : Lendo VW_ECOMMERCE_PRECOS no banco de dados...
2026-09-12T13:07:38.414-03:00  INFO 10892 --- [ecommerce] [scheduling-1] c.d.e.service.SincronizacaoService       : Ciclo finalizado. Total de atualizações enviadas: 0
2026-09-12T13:08:00.007-03:00  INFO 10892 --- [ecommerce] [scheduling-1] c.d.e.s.SincronizacaoEstoqueService      : [ESTOQUE] Lendo VW_ECOMMERCE_ESTOQUE no banco de dados...
2026-09-12T13:09:22.133-03:00  INFO 10892 --- [ecommerce] [scheduling-1] c.d.e.s.SincronizacaoEstoqueService      : [ESTOQUE] Ciclo finalizado. Total de atualizações enviadas: 0
2026-09-12T13:09:22.149-03:00  INFO 10892 --- [ecommerce] [scheduling-1] c.d.e.service.SincronizacaoService       : Lendo VW_ECOMMERCE_PRECOS no banco de dados...
2026-09-12T13:09:22.262-03:00  INFO 10892 --- [ecommerce] [scheduling-1] c.d.e.service.SincronizacaoService       : Ciclo finalizado. Total de atualizações enviadas: 0
2026-09-12T13:10:00.015-03:00  INFO 10892 --- [ecommerce] [scheduling-1] c.d.e.s.SincronizacaoEstoqueService      : [ESTOQUE] Lendo VW_ECOMMERCE_ESTOQUE no banco de dados...
2026-09-12T13:11:25.778-03:00  INFO 10892 --- [ecommerce] [scheduling-1] c.d.e.s.SincronizacaoEstoqueService      : [ESTOQUE] Ciclo finalizado. Total de atualizações enviadas: 0
2026-09-12T13:11:25.778-03:00  INFO 10892 --- [ecommerce] [scheduling-1] c.d.e.service.SincronizacaoService       : Lendo VW_ECOMMERCE_PRECOS no banco de dados...
2026-09-12T13:11:25.847-03:00  INFO 10892 --- [ecommerce] [scheduling-1] c.d.e.service.SincronizacaoService       : Ciclo finalizado. Total de atualizações enviadas: 0
2026-09-12T13:12:00.006-03:00  INFO 10892 --- [ecommerce] [scheduling-1] c.d.e.service.SincronizacaoService       : Lendo VW_ECOMMERCE_PRECOS no banco de dados...
2026-09-12T13:12:00.277-03:00  INFO 10892 --- [ecommerce] [scheduling-1] c.d.e.service.SincronizacaoService       : Ciclo finalizado. Total de atualizações enviadas: 0
2026-09-12T13:12:00.278-03:00  INFO 10892 --- [ecommerce] [scheduling-1] c.d.e.s.SincronizacaoEstoqueService      : [ESTOQUE] Lendo VW_ECOMMERCE_ESTOQUE no banco de dados...
2026-09-12T13:13:24.552-03:00  INFO 10892 --- [ecommerce] [scheduling-1] c.d.e.s.SincronizacaoEstoqueService      : [ESTOQUE] Ciclo finalizado. Total de atualizações enviadas: 0
2026-09-12T13:13:24.584-03:00  INFO 10892 --- [ecommerce] [scheduling-1] c.d.e.service.SincronizacaoService       : Lendo VW_ECOMMERCE_PRECOS no banco de dados...
2026-09-12T13:13:24.935-03:00  INFO 10892 --- [ecommerce] [scheduling-1] c.d.e.service.SincronizacaoService       : Ciclo finalizado. Total de atualizações enviadas: 0
2026-09-12T13:14:00.020-03:00  INFO 10892 --- [ecommerce] [scheduling-1] c.d.e.service.SincronizacaoService       : Lendo VW_ECOMMERCE_PRECOS no banco de dados...
2026-09-12T13:14:00.179-03:00  INFO 10892 --- [ecommerce] [scheduling-1] c.d.e.service.SincronizacaoService       : Ciclo finalizado. Total de atualizações enviadas: 0
2026-09-12T13:14:00.179-03:00  INFO 10892 --- [ecommerce] [scheduling-1] c.d.e.s.SincronizacaoEstoqueService      : [ESTOQUE] Lendo VW_ECOMMERCE_ESTOQUE no banco de dados...
2026-09-12T13:15:22.981-03:00  INFO 10892 --- [ecommerce] [scheduling-1] c.d.e.s.SincronizacaoEstoqueService      : [ESTOQUE] Ciclo finalizado. Total de atualizações enviadas: 0
2026-09-12T13:15:22.981-03:00  INFO 10892 --- [ecommerce] [scheduling-1] c.d.e.service.SincronizacaoService       : Lendo VW_ECOMMERCE_PRECOS no banco de dados...
2026-09-12T13:15:23.046-03:00  INFO 10892 --- [ecommerce] [scheduling-1] c.d.e.service.SincronizacaoService       : Ciclo finalizado. Total de atualizações enviadas: 0
2026-09-12T13:16:00.013-03:00  INFO 10892 --- [ecommerce] [scheduling-1] c.d.e.service.SincronizacaoService       : Lendo VW_ECOMMERCE_PRECOS no banco de dados...
2026-09-12T13:16:00.217-03:00  INFO 10892 --- [ecommerce] [scheduling-1] c.d.e.service.SincronizacaoService       : Ciclo finalizado. Total de atualizações enviadas: 0
2026-09-12T13:16:00.219-03:00  INFO 10892 --- [ecommerce] [scheduling-1] c.d.e.s.SincronizacaoEstoqueService      : [ESTOQUE] Lendo VW_ECOMMERCE_ESTOQUE no banco de dados...
2026-09-12T13:17:26.693-03:00  INFO 10892 --- [ecommerce] [scheduling-1] c.d.e.s.SincronizacaoEstoqueService      : [ESTOQUE] Ciclo finalizado. Total de atualizações enviadas: 0
2026-09-12T13:17:26.695-03:00  INFO 10892 --- [ecommerce] [scheduling-1] c.d.e.service.SincronizacaoService       : Lendo VW_ECOMMERCE_PRECOS no banco de dados...
2026-09-12T13:17:26.820-03:00  INFO 10892 --- [ecommerce] [scheduling-1] c.d.e.service.SincronizacaoService       : Ciclo finalizado. Total de atualizações enviadas: 0
2026-09-12T13:18:00.005-03:00  INFO 10892 --- [ecommerce] [scheduling-1] c.d.e.service.SincronizacaoService       : Lendo VW_ECOMMERCE_PRECOS no banco de dados...
2026-09-12T13:18:00.132-03:00  INFO 10892 --- [ecommerce] [scheduling-1] c.d.e.service.SincronizacaoService       : Ciclo finalizado. Total de atualizações enviadas: 0
2026-09-12T13:18:00.132-03:00  INFO 10892 --- [ecommerce] [scheduling-1] c.d.e.s.SincronizacaoEstoqueService      : [ESTOQUE] Lendo VW_ECOMMERCE_ESTOQUE no banco de dados...
2026-09-12T13:19:24.488-03:00  INFO 10892 --- [ecommerce] [scheduling-1] c.d.e.s.SincronizacaoEstoqueService      : [ESTOQUE] Ciclo finalizado. Total de atualizações enviadas: 0
2026-09-12T13:19:24.488-03:00  INFO 10892 --- [ecommerce] [scheduling-1] c.d.e.service.SincronizacaoService       : Lendo VW_ECOMMERCE_PRECOS no banco de dados...
2026-09-12T13:19:24.617-03:00  INFO 10892 --- [ecommerce] [scheduling-1] c.d.e.service.SincronizacaoService       : Ciclo finalizado. Total de atualizações enviadas: 0
2026-09-12T13:20:00.014-03:00  INFO 10892 --- [ecommerce] [scheduling-1] c.d.e.s.SincronizacaoEstoqueService      : [ESTOQUE] Lendo VW_ECOMMERCE_ESTOQUE no banco de dados...
2026-09-12T13:21:25.546-03:00  INFO 10892 --- [ecommerce] [scheduling-1] c.d.e.s.SincronizacaoEstoqueService      : [ESTOQUE] Ciclo finalizado. Total de atualizações enviadas: 0
2026-09-12T13:21:25.546-03:00  INFO 10892 --- [ecommerce] [scheduling-1] c.d.e.service.SincronizacaoService       : Lendo VW_ECOMMERCE_PRECOS no banco de dados...
2026-09-12T13:21:25.626-03:00  INFO 10892 --- [ecommerce] [scheduling-1] c.d.e.service.SincronizacaoService       : Ciclo finalizado. Total de atualizações enviadas: 0
2026-09-12T13:22:00.012-03:00  INFO 10892 --- [ecommerce] [scheduling-1] c.d.e.s.SincronizacaoEstoqueService      : [ESTOQUE] Lendo VW_ECOMMERCE_ESTOQUE no banco de dados...
2026-09-12T13:23:01.348-03:00  INFO 10892 --- [ecommerce] [scheduling-1] c.d.e.s.SincronizacaoEstoqueService      : [ESTOQUE] Ciclo finalizado. Total de atualizações enviadas: 0
2026-09-12T13:23:01.348-03:00  INFO 10892 --- [ecommerce] [scheduling-1] c.d.e.service.SincronizacaoService       : Lendo VW_ECOMMERCE_PRECOS no banco de dados...
2026-09-12T13:23:01.494-03:00  INFO 10892 --- [ecommerce] [scheduling-1] c.d.e.service.SincronizacaoService       : Ciclo finalizado. Total de atualizações enviadas: 0
2026-09-12T13:24:00.019-03:00  INFO 10892 --- [ecommerce] [scheduling-1] c.d.e.service.SincronizacaoService       : Lendo VW_ECOMMERCE_PRECOS no banco de dados...
2026-09-12T13:24:00.089-03:00  INFO 10892 --- [ecommerce] [scheduling-1] c.d.e.service.SincronizacaoService       : Ciclo finalizado. Total de atualizações enviadas: 0
2026-09-12T13:24:00.089-03:00  INFO 10892 --- [ecommerce] [scheduling-1] c.d.e.s.SincronizacaoEstoqueService      : [ESTOQUE] Lendo VW_ECOMMERCE_ESTOQUE no banco de dados...
2026-09-12T13:25:23.384-03:00  INFO 10892 --- [ecommerce] [scheduling-1] c.d.e.s.SincronizacaoEstoqueService      : [ESTOQUE] Ciclo finalizado. Total de atualizações enviadas: 0
2026-09-12T13:25:23.384-03:00  INFO 10892 --- [ecommerce] [scheduling-1] c.d.e.service.SincronizacaoService       : Lendo VW_ECOMMERCE_PRECOS no banco de dados...
2026-09-12T13:25:23.501-03:00  INFO 10892 --- [ecommerce] [scheduling-1] c.d.e.service.SincronizacaoService       : Ciclo finalizado. Total de atualizações enviadas: 0
2026-09-12T13:26:00.008-03:00  INFO 10892 --- [ecommerce] [scheduling-1] c.d.e.s.SincronizacaoEstoqueService      : [ESTOQUE] Lendo VW_ECOMMERCE_ESTOQUE no banco de dados...
2026-09-12T13:27:22.901-03:00  INFO 10892 --- [ecommerce] [scheduling-1] c.d.e.s.SincronizacaoEstoqueService      : [ESTOQUE] Ciclo finalizado. Total de atualizações enviadas: 0
2026-09-12T13:27:22.901-03:00  INFO 10892 --- [ecommerce] [scheduling-1] c.d.e.service.SincronizacaoService       : Lendo VW_ECOMMERCE_PRECOS no banco de dados...
2026-09-12T13:27:22.980-03:00  INFO 10892 --- [ecommerce] [scheduling-1] c.d.e.service.SincronizacaoService       : Ciclo finalizado. Total de atualizações enviadas: 0
2026-09-12T13:28:00.018-03:00  INFO 10892 --- [ecommerce] [scheduling-1] c.d.e.s.SincronizacaoEstoqueService      : [ESTOQUE] Lendo VW_ECOMMERCE_ESTOQUE no banco de dados...
2026-09-12T13:29:24.471-03:00  INFO 10892 --- [ecommerce] [scheduling-1] c.d.e.s.SincronizacaoEstoqueService      : [ESTOQUE] Ciclo finalizado. Total de atualizações enviadas: 0
2026-09-12T13:29:24.471-03:00  INFO 10892 --- [ecommerce] [scheduling-1] c.d.e.service.SincronizacaoService       : Lendo VW_ECOMMERCE_PRECOS no banco de dados...
2026-09-12T13:29:24.600-03:00  INFO 10892 --- [ecommerce] [scheduling-1] c.d.e.service.SincronizacaoService       : Ciclo finalizado. Total de atualizações enviadas: 0
2026-09-12T13:30:00.020-03:00  INFO 10892 --- [ecommerce] [scheduling-1] c.d.e.service.SincronizacaoService       : Lendo VW_ECOMMERCE_PRECOS no banco de dados...
2026-09-12T13:30:00.132-03:00  INFO 10892 --- [ecommerce] [scheduling-1] c.d.e.service.SincronizacaoService       : Ciclo finalizado. Total de atualizações enviadas: 0
2026-09-12T13:30:00.132-03:00  INFO 10892 --- [ecommerce] [scheduling-1] c.d.e.s.SincronizacaoEstoqueService      : [ESTOQUE] Lendo VW_ECOMMERCE_ESTOQUE no banco de dados...
2026-09-12T13:31:23.592-03:00  INFO 10892 --- [ecommerce] [scheduling-1] c.d.e.s.SincronizacaoEstoqueService      : [ESTOQUE] Ciclo finalizado. Total de atualizações enviadas: 0
2026-09-12T13:31:23.592-03:00  INFO 10892 --- [ecommerce] [scheduling-1] c.d.e.service.SincronizacaoService       : Lendo VW_ECOMMERCE_PRECOS no banco de dados...
2026-09-12T13:31:23.769-03:00  INFO 10892 --- [ecommerce] [scheduling-1] c.d.e.service.SincronizacaoService       : Ciclo finalizado. Total de atualizações enviadas: 0
2026-09-12T13:32:00.016-03:00  INFO 10892 --- [ecommerce] [scheduling-1] c.d.e.s.SincronizacaoEstoqueService      : [ESTOQUE] Lendo VW_ECOMMERCE_ESTOQUE no banco de dados...
2026-09-12T13:33:23.942-03:00  INFO 10892 --- [ecommerce] [scheduling-1] c.d.e.s.SincronizacaoEstoqueService      : [ESTOQUE] Ciclo finalizado. Total de atualizações enviadas: 0
2026-09-12T13:33:23.942-03:00  INFO 10892 --- [ecommerce] [scheduling-1] c.d.e.service.SincronizacaoService       : Lendo VW_ECOMMERCE_PRECOS no banco de dados...
2026-09-12T13:33:24.016-03:00  INFO 10892 --- [ecommerce] [scheduling-1] c.d.e.service.SincronizacaoService       : Ciclo finalizado. Total de atualizações enviadas: 0
2026-09-12T13:34:00.019-03:00  INFO 10892 --- [ecommerce] [scheduling-1] c.d.e.s.SincronizacaoEstoqueService      : [ESTOQUE] Lendo VW_ECOMMERCE_ESTOQUE no banco de dados...
2026-09-12T13:35:27.352-03:00  INFO 10892 --- [ecommerce] [scheduling-1] c.d.e.s.SincronizacaoEstoqueService      : [ESTOQUE] Ciclo finalizado. Total de atualizações enviadas: 0
2026-09-12T13:35:27.354-03:00  INFO 10892 --- [ecommerce] [scheduling-1] c.d.e.service.SincronizacaoService       : Lendo VW_ECOMMERCE_PRECOS no banco de dados...
2026-09-12T13:35:27.849-03:00  INFO 10892 --- [ecommerce] [scheduling-1] c.d.e.service.SincronizacaoService       : Ciclo finalizado. Total de atualizações enviadas: 0
2026-09-12T13:36:00.011-03:00  INFO 10892 --- [ecommerce] [scheduling-1] c.d.e.s.SincronizacaoEstoqueService      : [ESTOQUE] Lendo VW_ECOMMERCE_ESTOQUE no banco de dados...
2026-09-12T13:38:17.432-03:00  INFO 10892 --- [ecommerce] [scheduling-1] c.d.e.s.SincronizacaoEstoqueService      : [ESTOQUE] Ciclo finalizado. Total de atualizações enviadas: 0
2026-09-12T13:38:17.432-03:00  INFO 10892 --- [ecommerce] [scheduling-1] c.d.e.service.SincronizacaoService       : Lendo VW_ECOMMERCE_PRECOS no banco de dados...
2026-09-12T13:38:17.540-03:00  INFO 10892 --- [ecommerce] [scheduling-1] c.d.e.service.SincronizacaoService       : Ciclo finalizado. Total de atualizações enviadas: 0
2026-09-12T13:39:00.006-03:00  INFO 10892 --- [ecommerce] [scheduling-1] c.d.e.s.SincronizacaoEstoqueService      : [ESTOQUE] Lendo VW_ECOMMERCE_ESTOQUE no banco de dados...
2026-09-12T13:40:21.142-03:00  INFO 10892 --- [ecommerce] [scheduling-1] c.d.e.s.SincronizacaoEstoqueService      : [ESTOQUE] Ciclo finalizado. Total de atualizações enviadas: 0
2026-09-12T13:40:21.142-03:00  INFO 10892 --- [ecommerce] [scheduling-1] c.d.e.service.SincronizacaoService       : Lendo VW_ECOMMERCE_PRECOS no banco de dados...
2026-09-12T13:40:21.350-03:00  INFO 10892 --- [ecommerce] [scheduling-1] c.d.e.service.SincronizacaoService       : Ciclo finalizado. Total de atualizações enviadas: 0
2026-09-12T13:41:00.002-03:00  INFO 10892 --- [ecommerce] [scheduling-1] c.d.e.service.SincronizacaoService       : Lendo VW_ECOMMERCE_PRECOS no banco de dados...
2026-09-12T13:41:00.066-03:00  INFO 10892 --- [ecommerce] [scheduling-1] c.d.e.service.SincronizacaoService       : Ciclo finalizado. Total de atualizações enviadas: 0
2026-09-12T13:41:00.066-03:00  INFO 10892 --- [ecommerce] [scheduling-1] c.d.e.s.SincronizacaoEstoqueService      : [ESTOQUE] Lendo VW_ECOMMERCE_ESTOQUE no banco de dados...
2026-09-12T13:42:27.939-03:00  INFO 10892 --- [ecommerce] [scheduling-1] c.d.e.s.SincronizacaoEstoqueService      : [ESTOQUE] Ciclo finalizado. Total de atualizações enviadas: 0
2026-09-12T13:42:27.939-03:00  INFO 10892 --- [ecommerce] [scheduling-1] c.d.e.service.SincronizacaoService       : Lendo VW_ECOMMERCE_PRECOS no banco de dados...
2026-09-12T13:42:28.049-03:00  INFO 10892 --- [ecommerce] [scheduling-1] c.d.e.service.SincronizacaoService       : Ciclo finalizado. Total de atualizações enviadas: 0
2026-09-12T13:43:00.015-03:00  INFO 10892 --- [ecommerce] [scheduling-1] c.d.e.s.SincronizacaoEstoqueService      : [ESTOQUE] Lendo VW_ECOMMERCE_ESTOQUE no banco de dados...
2026-09-12T13:44:22.494-03:00  INFO 10892 --- [ecommerce] [scheduling-1] c.d.e.s.SincronizacaoEstoqueService      : [ESTOQUE] Ciclo finalizado. Total de atualizações enviadas: 0
2026-09-12T13:44:22.494-03:00  INFO 10892 --- [ecommerce] [scheduling-1] c.d.e.service.SincronizacaoService       : Lendo VW_ECOMMERCE_PRECOS no banco de dados...
2026-09-12T13:44:22.558-03:00  INFO 10892 --- [ecommerce] [scheduling-1] c.d.e.service.SincronizacaoService       : Ciclo finalizado. Total de atualizações enviadas: 0
2026-09-12T13:45:00.010-03:00  INFO 10892 --- [ecommerce] [scheduling-1] c.d.e.s.SincronizacaoEstoqueService      : [ESTOQUE] Lendo VW_ECOMMERCE_ESTOQUE no banco de dados...
2026-09-12T13:46:23.490-03:00  INFO 10892 --- [ecommerce] [scheduling-1] c.d.e.s.SincronizacaoEstoqueService      : [ESTOQUE] Ciclo finalizado. Total de atualizações enviadas: 0
2026-09-12T13:46:23.501-03:00  INFO 10892 --- [ecommerce] [scheduling-1] c.d.e.service.SincronizacaoService       : Lendo VW_ECOMMERCE_PRECOS no banco de dados...
2026-09-12T13:46:23.902-03:00  INFO 10892 --- [ecommerce] [scheduling-1] c.d.e.service.SincronizacaoService       : Ciclo finalizado. Total de atualizações enviadas: 0
2026-09-12T13:47:00.010-03:00  INFO 10892 --- [ecommerce] [scheduling-1] c.d.e.s.SincronizacaoEstoqueService      : [ESTOQUE] Lendo VW_ECOMMERCE_ESTOQUE no banco de dados...
2026-09-12T13:48:30.521-03:00  INFO 10892 --- [ecommerce] [scheduling-1] c.d.e.s.SincronizacaoEstoqueService      : [ESTOQUE] Ciclo finalizado. Total de atualizações enviadas: 0
2026-09-12T13:48:30.521-03:00  INFO 10892 --- [ecommerce] [scheduling-1] c.d.e.service.SincronizacaoService       : Lendo VW_ECOMMERCE_PRECOS no banco de dados...
2026-09-12T13:48:30.713-03:00  INFO 10892 --- [ecommerce] [scheduling-1] c.d.e.service.SincronizacaoService       : Ciclo finalizado. Total de atualizações enviadas: 0
2026-09-12T13:49:00.005-03:00  INFO 10892 --- [ecommerce] [scheduling-1] c.d.e.service.SincronizacaoService       : Lendo VW_ECOMMERCE_PRECOS no banco de dados...
2026-09-12T13:49:00.069-03:00  INFO 10892 --- [ecommerce] [scheduling-1] c.d.e.service.SincronizacaoService       : Ciclo finalizado. Total de atualizações enviadas: 0
2026-09-12T13:49:00.069-03:00  INFO 10892 --- [ecommerce] [scheduling-1] c.d.e.s.SincronizacaoEstoqueService      : [ESTOQUE] Lendo VW_ECOMMERCE_ESTOQUE no banco de dados...
2026-09-12T13:50:23.505-03:00  INFO 10892 --- [ecommerce] [scheduling-1] c.d.e.s.SincronizacaoEstoqueService      : [ESTOQUE] Ciclo finalizado. Total de atualizações enviadas: 0
2026-09-12T13:50:23.505-03:00  INFO 10892 --- [ecommerce] [scheduling-1] c.d.e.service.SincronizacaoService       : Lendo VW_ECOMMERCE_PRECOS no banco de dados...
2026-09-12T13:50:23.616-03:00  INFO 10892 --- [ecommerce] [scheduling-1] c.d.e.service.SincronizacaoService       : Ciclo finalizado. Total de atualizações enviadas: 0
2026-09-12T13:51:00.018-03:00  INFO 10892 --- [ecommerce] [scheduling-1] c.d.e.service.SincronizacaoService       : Lendo VW_ECOMMERCE_PRECOS no banco de dados...
2026-09-12T13:51:00.114-03:00  INFO 10892 --- [ecommerce] [scheduling-1] c.d.e.service.SincronizacaoService       : Ciclo finalizado. Total de atualizações enviadas: 0
2026-09-12T13:51:00.114-03:00  INFO 10892 --- [ecommerce] [scheduling-1] c.d.e.s.SincronizacaoEstoqueService      : [ESTOQUE] Lendo VW_ECOMMERCE_ESTOQUE no banco de dados...
2026-09-12T13:52:25.099-03:00  INFO 10892 --- [ecommerce] [scheduling-1] c.d.e.s.SincronizacaoEstoqueService      : [ESTOQUE] Ciclo finalizado. Total de atualizações enviadas: 0
2026-09-12T13:52:25.099-03:00  INFO 10892 --- [ecommerce] [scheduling-1] c.d.e.service.SincronizacaoService       : Lendo VW_ECOMMERCE_PRECOS no banco de dados...
2026-09-12T13:52:25.180-03:00  INFO 10892 --- [ecommerce] [scheduling-1] c.d.e.service.SincronizacaoService       : Ciclo finalizado. Total de atualizações enviadas: 0
2026-09-12T13:53:00.013-03:00  INFO 10892 --- [ecommerce] [scheduling-1] c.d.e.service.SincronizacaoService       : Lendo VW_ECOMMERCE_PRECOS no banco de dados...
2026-09-12T13:53:00.097-03:00  INFO 10892 --- [ecommerce] [scheduling-1] c.d.e.service.SincronizacaoService       : Ciclo finalizado. Total de atualizações enviadas: 0
2026-09-12T13:53:00.097-03:00  INFO 10892 --- [ecommerce] [scheduling-1] c.d.e.s.SincronizacaoEstoqueService      : [ESTOQUE] Lendo VW_ECOMMERCE_ESTOQUE no banco de dados...
2026-09-12T13:54:25.707-03:00  INFO 10892 --- [ecommerce] [scheduling-1] c.d.e.s.SincronizacaoEstoqueService      : [ESTOQUE] Ciclo finalizado. Total de atualizações enviadas: 0
2026-09-12T13:54:25.707-03:00  INFO 10892 --- [ecommerce] [scheduling-1] c.d.e.service.SincronizacaoService       : Lendo VW_ECOMMERCE_PRECOS no banco de dados...
2026-09-12T13:54:25.822-03:00  INFO 10892 --- [ecommerce] [scheduling-1] c.d.e.service.SincronizacaoService       : Ciclo finalizado. Total de atualizações enviadas: 0
2026-09-12T13:55:00.003-03:00  INFO 10892 --- [ecommerce] [scheduling-1] c.d.e.service.SincronizacaoService       : Lendo VW_ECOMMERCE_PRECOS no banco de dados...
2026-09-12T13:55:00.083-03:00  INFO 10892 --- [ecommerce] [scheduling-1] c.d.e.service.SincronizacaoService       : Ciclo finalizado. Total de atualizações enviadas: 0
2026-09-12T13:55:00.083-03:00  INFO 10892 --- [ecommerce] [scheduling-1] c.d.e.s.SincronizacaoEstoqueService      : [ESTOQUE] Lendo VW_ECOMMERCE_ESTOQUE no banco de dados...
2026-09-12T13:55:42.039-03:00  INFO 10892 --- [ecommerce] [scheduling-1] c.d.e.s.SincronizacaoEstoqueService      : [ESTOQUE] Ciclo finalizado. Total de atualizações enviadas: 0
2026-09-12T13:56:00.010-03:00  INFO 10892 --- [ecommerce] [scheduling-1] c.d.e.s.SincronizacaoEstoqueService      : [ESTOQUE] Lendo VW_ECOMMERCE_ESTOQUE no banco de dados...
2026-09-12T13:57:21.231-03:00  INFO 10892 --- [ecommerce] [scheduling-1] c.d.e.s.SincronizacaoEstoqueService      : [ESTOQUE] Ciclo finalizado. Total de atualizações enviadas: 0
2026-09-12T13:57:21.231-03:00  INFO 10892 --- [ecommerce] [scheduling-1] c.d.e.service.SincronizacaoService       : Lendo VW_ECOMMERCE_PRECOS no banco de dados...
2026-09-12T13:57:21.343-03:00  INFO 10892 --- [ecommerce] [scheduling-1] c.d.e.service.SincronizacaoService       : Ciclo finalizado. Total de atualizações enviadas: 0
2026-09-12T13:58:00.006-03:00  INFO 10892 --- [ecommerce] [scheduling-1] c.d.e.service.SincronizacaoService       : Lendo VW_ECOMMERCE_PRECOS no banco de dados...
2026-09-12T13:58:00.085-03:00  INFO 10892 --- [ecommerce] [scheduling-1] c.d.e.service.SincronizacaoService       : Ciclo finalizado. Total de atualizações enviadas: 0
2026-09-12T13:58:00.085-03:00  INFO 10892 --- [ecommerce] [scheduling-1] c.d.e.s.SincronizacaoEstoqueService      : [ESTOQUE] Lendo VW_ECOMMERCE_ESTOQUE no banco de dados...
2026-09-12T13:59:21.070-03:00  INFO 10892 --- [ecommerce] [scheduling-1] c.d.e.s.SincronizacaoEstoqueService      : [ESTOQUE] Ciclo finalizado. Total de atualizações enviadas: 0
2026-09-12T13:59:21.070-03:00  INFO 10892 --- [ecommerce] [scheduling-1] c.d.e.service.SincronizacaoService       : Lendo VW_ECOMMERCE_PRECOS no banco de dados...
2026-09-12T13:59:21.184-03:00  INFO 10892 --- [ecommerce] [scheduling-1] c.d.e.service.SincronizacaoService       : Ciclo finalizado. Total de atualizações enviadas: 0
2026-09-12T14:00:00.007-03:00  INFO 10892 --- [ecommerce] [scheduling-1] c.d.e.service.SincronizacaoService       : Lendo VW_ECOMMERCE_PRECOS no banco de dados...
2026-09-12T14:00:00.069-03:00  INFO 10892 --- [ecommerce] [scheduling-1] c.d.e.service.SincronizacaoService       : Ciclo finalizado. Total de atualizações enviadas: 0
2026-09-12T14:00:00.069-03:00  INFO 10892 --- [ecommerce] [scheduling-1] c.d.e.s.SincronizacaoEstoqueService      : [ESTOQUE] Lendo VW_ECOMMERCE_ESTOQUE no banco de dados...
2026-09-12T14:01:29.564-03:00  INFO 10892 --- [ecommerce] [scheduling-1] c.d.e.s.SincronizacaoEstoqueService      : [ESTOQUE] Ciclo finalizado. Total de atualizações enviadas: 0
2026-09-12T14:01:29.564-03:00  INFO 10892 --- [ecommerce] [scheduling-1] c.d.e.service.SincronizacaoService       : Lendo VW_ECOMMERCE_PRECOS no banco de dados...
2026-09-12T14:01:29.699-03:00  INFO 10892 --- [ecommerce] [scheduling-1] c.d.e.service.SincronizacaoService       : Ciclo finalizado. Total de atualizações enviadas: 0
2026-09-12T14:02:00.005-03:00  INFO 10892 --- [ecommerce] [scheduling-1] c.d.e.service.SincronizacaoService       : Lendo VW_ECOMMERCE_PRECOS no banco de dados...
2026-09-12T14:02:00.080-03:00  INFO 10892 --- [ecommerce] [scheduling-1] c.d.e.service.SincronizacaoService       : Ciclo finalizado. Total de atualizações enviadas: 0
2026-09-12T14:02:00.085-03:00  INFO 10892 --- [ecommerce] [scheduling-1] c.d.e.s.SincronizacaoEstoqueService      : [ESTOQUE] Lendo VW_ECOMMERCE_ESTOQUE no banco de dados...
2026-09-12T14:03:23.904-03:00  INFO 10892 --- [ecommerce] [scheduling-1] c.d.e.s.SincronizacaoEstoqueService      : [ESTOQUE] Ciclo finalizado. Total de atualizações enviadas: 0
2026-09-12T14:03:23.906-03:00  INFO 10892 --- [ecommerce] [scheduling-1] c.d.e.service.SincronizacaoService       : Lendo VW_ECOMMERCE_PRECOS no banco de dados...
2026-09-12T14:03:23.970-03:00  INFO 10892 --- [ecommerce] [scheduling-1] c.d.e.service.SincronizacaoService       : Ciclo finalizado. Total de atualizações enviadas: 0
2026-09-12T14:04:00.005-03:00  INFO 10892 --- [ecommerce] [scheduling-1] c.d.e.s.SincronizacaoEstoqueService      : [ESTOQUE] Lendo VW_ECOMMERCE_ESTOQUE no banco de dados...
2026-09-12T14:05:21.034-03:00  INFO 10892 --- [ecommerce] [scheduling-1] c.d.e.s.SincronizacaoEstoqueService      : [ESTOQUE] Ciclo finalizado. Total de atualizações enviadas: 0
2026-09-12T14:05:21.034-03:00  INFO 10892 --- [ecommerce] [scheduling-1] c.d.e.service.SincronizacaoService       : Lendo VW_ECOMMERCE_PRECOS no banco de dados...
2026-09-12T14:05:21.773-03:00  INFO 10892 --- [ecommerce] [scheduling-1] c.d.e.service.SincronizacaoService       : Ciclo finalizado. Total de atualizações enviadas: 0
2026-09-12T14:06:00.014-03:00  INFO 10892 --- [ecommerce] [scheduling-1] c.d.e.service.SincronizacaoService       : Lendo VW_ECOMMERCE_PRECOS no banco de dados...
2026-09-12T14:06:00.691-03:00  INFO 10892 --- [ecommerce] [scheduling-1] c.d.e.service.SincronizacaoService       : Ciclo finalizado. Total de atualizações enviadas: 0
2026-09-12T14:06:00.691-03:00  INFO 10892 --- [ecommerce] [scheduling-1] c.d.e.s.SincronizacaoEstoqueService      : [ESTOQUE] Lendo VW_ECOMMERCE_ESTOQUE no banco de dados...
2026-09-12T14:07:32.550-03:00  INFO 10892 --- [ecommerce] [scheduling-1] c.d.e.s.SincronizacaoEstoqueService      : [ESTOQUE] Ciclo finalizado. Total de atualizações enviadas: 0
2026-09-12T14:07:32.552-03:00  INFO 10892 --- [ecommerce] [scheduling-1] c.d.e.service.SincronizacaoService       : Lendo VW_ECOMMERCE_PRECOS no banco de dados...
2026-09-12T14:07:32.730-03:00  INFO 10892 --- [ecommerce] [scheduling-1] c.d.e.service.SincronizacaoService       : Ciclo finalizado. Total de atualizações enviadas: 0
2026-09-12T14:08:00.003-03:00  INFO 10892 --- [ecommerce] [scheduling-1] c.d.e.s.SincronizacaoEstoqueService      : [ESTOQUE] Lendo VW_ECOMMERCE_ESTOQUE no banco de dados...
2026-09-12T14:09:37.252-03:00  INFO 10892 --- [ecommerce] [scheduling-1] c.d.e.s.SincronizacaoEstoqueService      : [ESTOQUE] Ciclo finalizado. Total de atualizações enviadas: 0
2026-09-12T14:09:37.252-03:00  INFO 10892 --- [ecommerce] [scheduling-1] c.d.e.service.SincronizacaoService       : Lendo VW_ECOMMERCE_PRECOS no banco de dados...
2026-09-12T14:09:37.331-03:00  INFO 10892 --- [ecommerce] [scheduling-1] c.d.e.service.SincronizacaoService       : Ciclo finalizado. Total de atualizações enviadas: 0
2026-09-12T14:10:00.006-03:00  INFO 10892 --- [ecommerce] [scheduling-1] c.d.e.service.SincronizacaoService       : Lendo VW_ECOMMERCE_PRECOS no banco de dados...
2026-09-12T14:10:00.344-03:00  INFO 10892 --- [ecommerce] [scheduling-1] c.d.e.service.SincronizacaoService       : Ciclo finalizado. Total de atualizações enviadas: 0
2026-09-12T14:10:00.344-03:00  INFO 10892 --- [ecommerce] [scheduling-1] c.d.e.s.SincronizacaoEstoqueService      : [ESTOQUE] Lendo VW_ECOMMERCE_ESTOQUE no banco de dados...
2026-09-12T14:11:25.895-03:00  INFO 10892 --- [ecommerce] [scheduling-1] c.d.e.s.SincronizacaoEstoqueService      : [ESTOQUE] Ciclo finalizado. Total de atualizações enviadas: 0
2026-09-12T14:11:25.911-03:00  INFO 10892 --- [ecommerce] [scheduling-1] c.d.e.service.SincronizacaoService       : Lendo VW_ECOMMERCE_PRECOS no banco de dados...
2026-09-12T14:11:26.058-03:00  INFO 10892 --- [ecommerce] [scheduling-1] c.d.e.service.SincronizacaoService       : Ciclo finalizado. Total de atualizações enviadas: 0
2026-09-12T14:12:00.000-03:00  INFO 10892 --- [ecommerce] [scheduling-1] c.d.e.s.SincronizacaoEstoqueService      : [ESTOQUE] Lendo VW_ECOMMERCE_ESTOQUE no banco de dados...
2026-09-12T14:13:25.909-03:00  INFO 10892 --- [ecommerce] [scheduling-1] c.d.e.s.SincronizacaoEstoqueService      : [ESTOQUE] Ciclo finalizado. Total de atualizações enviadas: 0
2026-09-12T14:13:25.909-03:00  INFO 10892 --- [ecommerce] [scheduling-1] c.d.e.service.SincronizacaoService       : Lendo VW_ECOMMERCE_PRECOS no banco de dados...
2026-09-12T14:13:26.083-03:00  INFO 10892 --- [ecommerce] [scheduling-1] c.d.e.service.SincronizacaoService       : Ciclo finalizado. Total de atualizações enviadas: 0
2026-09-12T14:14:00.012-03:00  INFO 10892 --- [ecommerce] [scheduling-1] c.d.e.service.SincronizacaoService       : Lendo VW_ECOMMERCE_PRECOS no banco de dados...
2026-09-12T14:14:00.081-03:00  INFO 10892 --- [ecommerce] [scheduling-1] c.d.e.service.SincronizacaoService       : Ciclo finalizado. Total de atualizações enviadas: 0
2026-09-12T14:14:00.081-03:00  INFO 10892 --- [ecommerce] [scheduling-1] c.d.e.s.SincronizacaoEstoqueService      : [ESTOQUE] Lendo VW_ECOMMERCE_ESTOQUE no banco de dados...
2026-09-12T14:15:25.076-03:00  INFO 10892 --- [ecommerce] [scheduling-1] c.d.e.s.SincronizacaoEstoqueService      : [ESTOQUE] Ciclo finalizado. Total de atualizações enviadas: 0
2026-09-12T14:15:25.076-03:00  INFO 10892 --- [ecommerce] [scheduling-1] c.d.e.service.SincronizacaoService       : Lendo VW_ECOMMERCE_PRECOS no banco de dados...
2026-09-12T14:15:25.174-03:00  INFO 10892 --- [ecommerce] [scheduling-1] c.d.e.service.SincronizacaoService       : Ciclo finalizado. Total de atualizações enviadas: 0
2026-09-12T14:16:00.014-03:00  INFO 10892 --- [ecommerce] [scheduling-1] c.d.e.s.SincronizacaoEstoqueService      : [ESTOQUE] Lendo VW_ECOMMERCE_ESTOQUE no banco de dados...
2026-09-12T14:17:21.862-03:00  INFO 10892 --- [ecommerce] [scheduling-1] c.d.e.s.SincronizacaoEstoqueService      : [ESTOQUE] Ciclo finalizado. Total de atualizações enviadas: 0
2026-09-12T14:17:21.862-03:00  INFO 10892 --- [ecommerce] [scheduling-1] c.d.e.service.SincronizacaoService       : Lendo VW_ECOMMERCE_PRECOS no banco de dados...
2026-09-12T14:17:22.003-03:00  INFO 10892 --- [ecommerce] [scheduling-1] c.d.e.service.SincronizacaoService       : Ciclo finalizado. Total de atualizações enviadas: 0
2026-09-12T14:18:00.007-03:00  INFO 10892 --- [ecommerce] [scheduling-1] c.d.e.s.SincronizacaoEstoqueService      : [ESTOQUE] Lendo VW_ECOMMERCE_ESTOQUE no banco de dados...
2026-09-12T14:19:29.837-03:00  INFO 10892 --- [ecommerce] [scheduling-1] c.d.e.s.SincronizacaoEstoqueService      : [ESTOQUE] Ciclo finalizado. Total de atualizações enviadas: 0
2026-09-12T14:19:29.837-03:00  INFO 10892 --- [ecommerce] [scheduling-1] c.d.e.service.SincronizacaoService       : Lendo VW_ECOMMERCE_PRECOS no banco de dados...
2026-09-12T14:19:30.065-03:00  INFO 10892 --- [ecommerce] [scheduling-1] c.d.e.service.SincronizacaoService       : Ciclo finalizado. Total de atualizações enviadas: 0
2026-09-12T14:20:00.013-03:00  INFO 10892 --- [ecommerce] [scheduling-1] c.d.e.s.SincronizacaoEstoqueService      : [ESTOQUE] Lendo VW_ECOMMERCE_ESTOQUE no banco de dados...
2026-09-12T14:20:45.058-03:00  INFO 10892 --- [ecommerce] [scheduling-1] c.d.e.s.SincronizacaoEstoqueService      : [ESTOQUE] Ciclo finalizado. Total de atualizações enviadas: 0
2026-09-12T14:20:45.058-03:00  INFO 10892 --- [ecommerce] [scheduling-1] c.d.e.service.SincronizacaoService       : Lendo VW_ECOMMERCE_PRECOS no banco de dados...
2026-09-12T14:20:45.518-03:00  INFO 10892 --- [ecommerce] [scheduling-1] c.d.e.service.SincronizacaoService       : Ciclo finalizado. Total de atualizações enviadas: 0
2026-09-12T14:21:00.007-03:00  INFO 10892 --- [ecommerce] [scheduling-1] c.d.e.service.SincronizacaoService       : Lendo VW_ECOMMERCE_PRECOS no banco de dados...
2026-09-12T14:21:00.266-03:00  INFO 10892 --- [ecommerce] [scheduling-1] c.d.e.service.SincronizacaoService       : Ciclo finalizado. Total de atualizações enviadas: 0
2026-09-12T14:21:00.266-03:00  INFO 10892 --- [ecommerce] [scheduling-1] c.d.e.s.SincronizacaoEstoqueService      : [ESTOQUE] Lendo VW_ECOMMERCE_ESTOQUE no banco de dados...
2026-09-12T14:22:22.583-03:00  INFO 10892 --- [ecommerce] [scheduling-1] c.d.e.s.SincronizacaoEstoqueService      : [ESTOQUE] Ciclo finalizado. Total de atualizações enviadas: 0
2026-09-12T14:22:22.583-03:00  INFO 10892 --- [ecommerce] [scheduling-1] c.d.e.service.SincronizacaoService       : Lendo VW_ECOMMERCE_PRECOS no banco de dados...
2026-09-12T14:22:22.700-03:00  INFO 10892 --- [ecommerce] [scheduling-1] c.d.e.service.SincronizacaoService       : Ciclo finalizado. Total de atualizações enviadas: 0
2026-09-12T14:23:00.007-03:00  INFO 10892 --- [ecommerce] [scheduling-1] c.d.e.service.SincronizacaoService       : Lendo VW_ECOMMERCE_PRECOS no banco de dados...
2026-09-12T14:23:00.135-03:00  INFO 10892 --- [ecommerce] [scheduling-1] c.d.e.service.SincronizacaoService       : Ciclo finalizado. Total de atualizações enviadas: 0
2026-09-12T14:23:00.135-03:00  INFO 10892 --- [ecommerce] [scheduling-1] c.d.e.s.SincronizacaoEstoqueService      : [ESTOQUE] Lendo VW_ECOMMERCE_ESTOQUE no banco de dados...
2026-09-12T14:24:27.819-03:00  INFO 10892 --- [ecommerce] [scheduling-1] c.d.e.s.SincronizacaoEstoqueService      : [ESTOQUE] Ciclo finalizado. Total de atualizações enviadas: 0
2026-09-12T14:24:27.819-03:00  INFO 10892 --- [ecommerce] [scheduling-1] c.d.e.service.SincronizacaoService       : Lendo VW_ECOMMERCE_PRECOS no banco de dados...
2026-09-12T14:24:27.887-03:00  INFO 10892 --- [ecommerce] [scheduling-1] c.d.e.service.SincronizacaoService       : Ciclo finalizado. Total de atualizações enviadas: 0
2026-09-12T14:25:00.007-03:00  INFO 10892 --- [ecommerce] [scheduling-1] c.d.e.s.SincronizacaoEstoqueService      : [ESTOQUE] Lendo VW_ECOMMERCE_ESTOQUE no banco de dados...
2026-09-12T14:26:22.815-03:00  INFO 10892 --- [ecommerce] [scheduling-1] c.d.e.s.SincronizacaoEstoqueService      : [ESTOQUE] Ciclo finalizado. Total de atualizações enviadas: 0
2026-09-12T14:26:22.815-03:00  INFO 10892 --- [ecommerce] [scheduling-1] c.d.e.service.SincronizacaoService       : Lendo VW_ECOMMERCE_PRECOS no banco de dados...
2026-09-12T14:26:22.879-03:00  INFO 10892 --- [ecommerce] [scheduling-1] c.d.e.service.SincronizacaoService       : Ciclo finalizado. Total de atualizações enviadas: 0
2026-09-12T14:27:00.010-03:00  INFO 10892 --- [ecommerce] [scheduling-1] c.d.e.s.SincronizacaoEstoqueService      : [ESTOQUE] Lendo VW_ECOMMERCE_ESTOQUE no banco de dados...
2026-09-12T14:28:22.753-03:00  INFO 10892 --- [ecommerce] [scheduling-1] c.d.e.s.SincronizacaoEstoqueService      : [ESTOQUE] Ciclo finalizado. Total de atualizações enviadas: 0
2026-09-12T14:28:22.753-03:00  INFO 10892 --- [ecommerce] [scheduling-1] c.d.e.service.SincronizacaoService       : Lendo VW_ECOMMERCE_PRECOS no banco de dados...
2026-09-12T14:28:22.896-03:00  INFO 10892 --- [ecommerce] [scheduling-1] c.d.e.service.SincronizacaoService       : Ciclo finalizado. Total de atualizações enviadas: 0
2026-09-12T14:29:00.007-03:00  INFO 10892 --- [ecommerce] [scheduling-1] c.d.e.service.SincronizacaoService       : Lendo VW_ECOMMERCE_PRECOS no banco de dados...
2026-09-12T14:29:00.263-03:00  INFO 10892 --- [ecommerce] [scheduling-1] c.d.e.service.SincronizacaoService       : Ciclo finalizado. Total de atualizações enviadas: 0
2026-09-12T14:29:00.263-03:00  INFO 10892 --- [ecommerce] [scheduling-1] c.d.e.s.SincronizacaoEstoqueService      : [ESTOQUE] Lendo VW_ECOMMERCE_ESTOQUE no banco de dados...
2026-09-12T14:29:01.982-03:00  INFO 10892 --- [ecommerce] [scheduling-1] c.d.e.s.SincronizacaoEstoqueService      : [ESTOQUE] Sucesso! RefId 8724104 (VTEX: 2121) atualizado para 8 un.
2026-09-12T14:29:02.938-03:00  INFO 10892 --- [ecommerce] [scheduling-1] c.d.e.s.SincronizacaoEstoqueService      : [ESTOQUE] Sucesso! RefId 8727442 (VTEX: 1915) atualizado para 54 un.
2026-09-12T14:30:28.710-03:00  INFO 10892 --- [ecommerce] [scheduling-1] c.d.e.s.SincronizacaoEstoqueService      : [ESTOQUE] Ciclo finalizado. Total de atualizações enviadas: 2
2026-09-12T14:30:28.710-03:00  INFO 10892 --- [ecommerce] [scheduling-1] c.d.e.service.SincronizacaoService       : Lendo VW_ECOMMERCE_PRECOS no banco de dados...
2026-09-12T14:30:28.775-03:00  INFO 10892 --- [ecommerce] [scheduling-1] c.d.e.service.SincronizacaoService       : Ciclo finalizado. Total de atualizações enviadas: 0
2026-09-12T14:31:00.005-03:00  INFO 10892 --- [ecommerce] [scheduling-1] c.d.e.service.SincronizacaoService       : Lendo VW_ECOMMERCE_PRECOS no banco de dados...
2026-09-12T14:31:00.110-03:00  INFO 10892 --- [ecommerce] [scheduling-1] c.d.e.service.SincronizacaoService       : Ciclo finalizado. Total de atualizações enviadas: 0
2026-09-12T14:31:00.112-03:00  INFO 10892 --- [ecommerce] [scheduling-1] c.d.e.s.SincronizacaoEstoqueService      : [ESTOQUE] Lendo VW_ECOMMERCE_ESTOQUE no banco de dados...
2026-09-12T14:32:23.900-03:00  INFO 10892 --- [ecommerce] [scheduling-1] c.d.e.s.SincronizacaoEstoqueService      : [ESTOQUE] Ciclo finalizado. Total de atualizações enviadas: 0
2026-09-12T14:32:23.900-03:00  INFO 10892 --- [ecommerce] [scheduling-1] c.d.e.service.SincronizacaoService       : Lendo VW_ECOMMERCE_PRECOS no banco de dados...
2026-09-12T14:32:24.007-03:00  INFO 10892 --- [ecommerce] [scheduling-1] c.d.e.service.SincronizacaoService       : Ciclo finalizado. Total de atualizações enviadas: 0
2026-09-12T14:33:00.014-03:00  INFO 10892 --- [ecommerce] [scheduling-1] c.d.e.service.SincronizacaoService       : Lendo VW_ECOMMERCE_PRECOS no banco de dados...
2026-09-12T14:33:00.204-03:00  INFO 10892 --- [ecommerce] [scheduling-1] c.d.e.service.SincronizacaoService       : Ciclo finalizado. Total de atualizações enviadas: 0
2026-09-12T14:33:00.204-03:00  INFO 10892 --- [ecommerce] [scheduling-1] c.d.e.s.SincronizacaoEstoqueService      : [ESTOQUE] Lendo VW_ECOMMERCE_ESTOQUE no banco de dados...
2026-09-12T14:34:23.315-03:00  INFO 10892 --- [ecommerce] [scheduling-1] c.d.e.s.SincronizacaoEstoqueService      : [ESTOQUE] Ciclo finalizado. Total de atualizações enviadas: 0
2026-09-12T14:34:23.315-03:00  INFO 10892 --- [ecommerce] [scheduling-1] c.d.e.service.SincronizacaoService       : Lendo VW_ECOMMERCE_PRECOS no banco de dados...
2026-09-12T14:34:23.423-03:00  INFO 10892 --- [ecommerce] [scheduling-1] c.d.e.service.SincronizacaoService       : Ciclo finalizado. Total de atualizações enviadas: 0
2026-09-12T14:35:00.013-03:00  INFO 10892 --- [ecommerce] [scheduling-1] c.d.e.s.SincronizacaoEstoqueService      : [ESTOQUE] Lendo VW_ECOMMERCE_ESTOQUE no banco de dados...
2026-09-12T14:36:24.119-03:00  INFO 10892 --- [ecommerce] [scheduling-1] c.d.e.s.SincronizacaoEstoqueService      : [ESTOQUE] Ciclo finalizado. Total de atualizações enviadas: 0
2026-09-12T14:36:24.121-03:00  INFO 10892 --- [ecommerce] [scheduling-1] c.d.e.service.SincronizacaoService       : Lendo VW_ECOMMERCE_PRECOS no banco de dados...
2026-09-12T14:36:24.200-03:00  INFO 10892 --- [ecommerce] [scheduling-1] c.d.e.service.SincronizacaoService       : Ciclo finalizado. Total de atualizações enviadas: 0
2026-09-12T14:37:00.011-03:00  INFO 10892 --- [ecommerce] [scheduling-1] c.d.e.s.SincronizacaoEstoqueService      : [ESTOQUE] Lendo VW_ECOMMERCE_ESTOQUE no banco de dados...
2026-09-12T14:38:26.044-03:00  INFO 10892 --- [ecommerce] [scheduling-1] c.d.e.s.SincronizacaoEstoqueService      : [ESTOQUE] Ciclo finalizado. Total de atualizações enviadas: 0
2026-09-12T14:38:26.044-03:00  INFO 10892 --- [ecommerce] [scheduling-1] c.d.e.service.SincronizacaoService       : Lendo VW_ECOMMERCE_PRECOS no banco de dados...
2026-09-12T14:38:26.151-03:00  INFO 10892 --- [ecommerce] [scheduling-1] c.d.e.service.SincronizacaoService       : Ciclo finalizado. Total de atualizações enviadas: 0
2026-09-12T14:39:00.013-03:00  INFO 10892 --- [ecommerce] [scheduling-1] c.d.e.s.SincronizacaoEstoqueService      : [ESTOQUE] Lendo VW_ECOMMERCE_ESTOQUE no banco de dados...
2026-09-12T14:40:22.136-03:00  INFO 10892 --- [ecommerce] [scheduling-1] c.d.e.s.SincronizacaoEstoqueService      : [ESTOQUE] Ciclo finalizado. Total de atualizações enviadas: 0
2026-09-12T14:40:22.136-03:00  INFO 10892 --- [ecommerce] [scheduling-1] c.d.e.service.SincronizacaoService       : Lendo VW_ECOMMERCE_PRECOS no banco de dados...
2026-09-12T14:40:22.229-03:00  INFO 10892 --- [ecommerce] [scheduling-1] c.d.e.service.SincronizacaoService       : Ciclo finalizado. Total de atualizações enviadas: 0
2026-09-12T14:41:00.012-03:00  INFO 10892 --- [ecommerce] [scheduling-1] c.d.e.service.SincronizacaoService       : Lendo VW_ECOMMERCE_PRECOS no banco de dados...
2026-09-12T14:41:00.077-03:00  INFO 10892 --- [ecommerce] [scheduling-1] c.d.e.service.SincronizacaoService       : Ciclo finalizado. Total de atualizações enviadas: 0
2026-09-12T14:41:00.077-03:00  INFO 10892 --- [ecommerce] [scheduling-1] c.d.e.s.SincronizacaoEstoqueService      : [ESTOQUE] Lendo VW_ECOMMERCE_ESTOQUE no banco de dados...
2026-09-12T14:42:27.803-03:00  INFO 10892 --- [ecommerce] [scheduling-1] c.d.e.s.SincronizacaoEstoqueService      : [ESTOQUE] Ciclo finalizado. Total de atualizações enviadas: 0
2026-09-12T14:42:27.803-03:00  INFO 10892 --- [ecommerce] [scheduling-1] c.d.e.service.SincronizacaoService       : Lendo VW_ECOMMERCE_PRECOS no banco de dados...
2026-09-12T14:42:27.875-03:00  INFO 10892 --- [ecommerce] [scheduling-1] c.d.e.service.SincronizacaoService       : Ciclo finalizado. Total de atualizações enviadas: 0
2026-09-12T14:43:00.006-03:00  INFO 10892 --- [ecommerce] [scheduling-1] c.d.e.service.SincronizacaoService       : Lendo VW_ECOMMERCE_PRECOS no banco de dados...
2026-09-12T14:43:00.071-03:00  INFO 10892 --- [ecommerce] [scheduling-1] c.d.e.service.SincronizacaoService       : Ciclo finalizado. Total de atualizações enviadas: 0
2026-09-12T14:43:00.071-03:00  INFO 10892 --- [ecommerce] [scheduling-1] c.d.e.s.SincronizacaoEstoqueService      : [ESTOQUE] Lendo VW_ECOMMERCE_ESTOQUE no banco de dados...
2026-09-12T14:44:26.906-03:00  INFO 10892 --- [ecommerce] [scheduling-1] c.d.e.s.SincronizacaoEstoqueService      : [ESTOQUE] Ciclo finalizado. Total de atualizações enviadas: 0
2026-09-12T14:44:26.906-03:00  INFO 10892 --- [ecommerce] [scheduling-1] c.d.e.service.SincronizacaoService       : Lendo VW_ECOMMERCE_PRECOS no banco de dados...
2026-09-12T14:44:27.001-03:00  INFO 10892 --- [ecommerce] [scheduling-1] c.d.e.service.SincronizacaoService       : Ciclo finalizado. Total de atualizações enviadas: 0
2026-09-12T14:45:00.017-03:00  INFO 10892 --- [ecommerce] [scheduling-1] c.d.e.service.SincronizacaoService       : Lendo VW_ECOMMERCE_PRECOS no banco de dados...
2026-09-12T14:45:00.068-03:00  INFO 10892 --- [ecommerce] [scheduling-1] c.d.e.service.SincronizacaoService       : Ciclo finalizado. Total de atualizações enviadas: 0
2026-09-12T14:45:00.068-03:00  INFO 10892 --- [ecommerce] [scheduling-1] c.d.e.s.SincronizacaoEstoqueService      : [ESTOQUE] Lendo VW_ECOMMERCE_ESTOQUE no banco de dados...
2026-09-12T14:46:23.619-03:00  INFO 10892 --- [ecommerce] [scheduling-1] c.d.e.s.SincronizacaoEstoqueService      : [ESTOQUE] Ciclo finalizado. Total de atualizações enviadas: 0
2026-09-12T14:46:23.619-03:00  INFO 10892 --- [ecommerce] [scheduling-1] c.d.e.service.SincronizacaoService       : Lendo VW_ECOMMERCE_PRECOS no banco de dados...
2026-09-12T14:46:23.686-03:00  INFO 10892 --- [ecommerce] [scheduling-1] c.d.e.service.SincronizacaoService       : Ciclo finalizado. Total de atualizações enviadas: 0
2026-09-12T14:47:00.024-03:00  INFO 10892 --- [ecommerce] [scheduling-1] c.d.e.service.SincronizacaoService       : Lendo VW_ECOMMERCE_PRECOS no banco de dados...
2026-09-12T14:47:00.151-03:00  INFO 10892 --- [ecommerce] [scheduling-1] c.d.e.service.SincronizacaoService       : Ciclo finalizado. Total de atualizações enviadas: 0
2026-09-12T14:47:00.151-03:00  INFO 10892 --- [ecommerce] [scheduling-1] c.d.e.s.SincronizacaoEstoqueService      : [ESTOQUE] Lendo VW_ECOMMERCE_ESTOQUE no banco de dados...
2026-09-12T14:47:02.028-03:00  INFO 10892 --- [ecommerce] [scheduling-1] c.d.e.s.SincronizacaoEstoqueService      : [ESTOQUE] Sucesso! RefId 8725827 (VTEX: 1378) atualizado para 380 un.
2026-09-12T14:47:04.128-03:00  INFO 10892 --- [ecommerce] [scheduling-1] c.d.e.s.SincronizacaoEstoqueService      : [ESTOQUE] Sucesso! RefId 8728091 (VTEX: 2106) atualizado para 42 un.
2026-09-12T14:48:36.847-03:00  INFO 10892 --- [ecommerce] [scheduling-1] c.d.e.s.SincronizacaoEstoqueService      : [ESTOQUE] Ciclo finalizado. Total de atualizações enviadas: 2
2026-09-12T14:48:36.849-03:00  INFO 10892 --- [ecommerce] [scheduling-1] c.d.e.service.SincronizacaoService       : Lendo VW_ECOMMERCE_PRECOS no banco de dados...
2026-09-12T14:48:37.099-03:00  INFO 10892 --- [ecommerce] [scheduling-1] c.d.e.service.SincronizacaoService       : Ciclo finalizado. Total de atualizações enviadas: 0
2026-09-12T14:49:00.008-03:00  INFO 10892 --- [ecommerce] [scheduling-1] c.d.e.s.SincronizacaoEstoqueService      : [ESTOQUE] Lendo VW_ECOMMERCE_ESTOQUE no banco de dados...
2026-09-12T14:50:37.717-03:00  INFO 10892 --- [ecommerce] [scheduling-1] c.d.e.s.SincronizacaoEstoqueService      : [ESTOQUE] Ciclo finalizado. Total de atualizações enviadas: 0
2026-09-12T14:50:37.717-03:00  INFO 10892 --- [ecommerce] [scheduling-1] c.d.e.service.SincronizacaoService       : Lendo VW_ECOMMERCE_PRECOS no banco de dados...
2026-09-12T14:50:37.766-03:00  INFO 10892 --- [ecommerce] [scheduling-1] c.d.e.service.SincronizacaoService       : Ciclo finalizado. Total de atualizações enviadas: 0
2026-09-12T14:51:00.009-03:00  INFO 10892 --- [ecommerce] [scheduling-1] c.d.e.s.SincronizacaoEstoqueService      : [ESTOQUE] Lendo VW_ECOMMERCE_ESTOQUE no banco de dados...
2026-09-12T14:51:49.358-03:00  INFO 10892 --- [ecommerce] [scheduling-1] c.d.e.s.SincronizacaoEstoqueService      : [ESTOQUE] Ciclo finalizado. Total de atualizações enviadas: 0
2026-09-12T14:51:49.358-03:00  INFO 10892 --- [ecommerce] [scheduling-1] c.d.e.service.SincronizacaoService       : Lendo VW_ECOMMERCE_PRECOS no banco de dados...
2026-09-12T14:51:49.439-03:00  INFO 10892 --- [ecommerce] [scheduling-1] c.d.e.service.SincronizacaoService       : Ciclo finalizado. Total de atualizações enviadas: 0
2026-09-12T14:52:00.006-03:00  INFO 10892 --- [ecommerce] [scheduling-1] c.d.e.s.SincronizacaoEstoqueService      : [ESTOQUE] Lendo VW_ECOMMERCE_ESTOQUE no banco de dados...
2026-09-12T14:53:31.340-03:00  INFO 10892 --- [ecommerce] [scheduling-1] c.d.e.s.SincronizacaoEstoqueService      : [ESTOQUE] Ciclo finalizado. Total de atualizações enviadas: 0
2026-09-12T14:53:31.341-03:00  INFO 10892 --- [ecommerce] [scheduling-1] c.d.e.service.SincronizacaoService       : Lendo VW_ECOMMERCE_PRECOS no banco de dados...
2026-09-12T14:53:31.434-03:00  INFO 10892 --- [ecommerce] [scheduling-1] c.d.e.service.SincronizacaoService       : Ciclo finalizado. Total de atualizações enviadas: 0
2026-09-12T14:54:00.012-03:00  INFO 10892 --- [ecommerce] [scheduling-1] c.d.e.s.SincronizacaoEstoqueService      : [ESTOQUE] Lendo VW_ECOMMERCE_ESTOQUE no banco de dados...
2026-09-12T14:55:30.185-03:00  INFO 10892 --- [ecommerce] [scheduling-1] c.d.e.s.SincronizacaoEstoqueService      : [ESTOQUE] Ciclo finalizado. Total de atualizações enviadas: 0
2026-09-12T14:55:30.185-03:00  INFO 10892 --- [ecommerce] [scheduling-1] c.d.e.service.SincronizacaoService       : Lendo VW_ECOMMERCE_PRECOS no banco de dados...
2026-09-12T14:55:30.331-03:00  INFO 10892 --- [ecommerce] [scheduling-1] c.d.e.service.SincronizacaoService       : Ciclo finalizado. Total de atualizações enviadas: 0
2026-09-12T14:56:00.021-03:00  INFO 10892 --- [ecommerce] [scheduling-1] c.d.e.s.SincronizacaoEstoqueService      : [ESTOQUE] Lendo VW_ECOMMERCE_ESTOQUE no banco de dados...
2026-09-12T14:57:33.753-03:00  INFO 10892 --- [ecommerce] [scheduling-1] c.d.e.s.SincronizacaoEstoqueService      : [ESTOQUE] Ciclo finalizado. Total de atualizações enviadas: 0
2026-09-12T14:57:33.753-03:00  INFO 10892 --- [ecommerce] [scheduling-1] c.d.e.service.SincronizacaoService       : Lendo VW_ECOMMERCE_PRECOS no banco de dados...
2026-09-12T14:57:33.869-03:00  INFO 10892 --- [ecommerce] [scheduling-1] c.d.e.service.SincronizacaoService       : Ciclo finalizado. Total de atualizações enviadas: 0
2026-09-12T14:58:00.005-03:00  INFO 10892 --- [ecommerce] [scheduling-1] c.d.e.service.SincronizacaoService       : Lendo VW_ECOMMERCE_PRECOS no banco de dados...
2026-09-12T14:58:00.070-03:00  INFO 10892 --- [ecommerce] [scheduling-1] c.d.e.service.SincronizacaoService       : Ciclo finalizado. Total de atualizações enviadas: 0
2026-09-12T14:58:00.070-03:00  INFO 10892 --- [ecommerce] [scheduling-1] c.d.e.s.SincronizacaoEstoqueService      : [ESTOQUE] Lendo VW_ECOMMERCE_ESTOQUE no banco de dados...
2026-09-12T14:59:32.793-03:00  INFO 10892 --- [ecommerce] [scheduling-1] c.d.e.s.SincronizacaoEstoqueService      : [ESTOQUE] Ciclo finalizado. Total de atualizações enviadas: 0
2026-09-12T14:59:32.793-03:00  INFO 10892 --- [ecommerce] [scheduling-1] c.d.e.service.SincronizacaoService       : Lendo VW_ECOMMERCE_PRECOS no banco de dados...
2026-09-12T14:59:32.901-03:00  INFO 10892 --- [ecommerce] [scheduling-1] c.d.e.service.SincronizacaoService       : Ciclo finalizado. Total de atualizações enviadas: 0
2026-09-12T15:00:00.014-03:00  INFO 10892 --- [ecommerce] [scheduling-1] c.d.e.service.SincronizacaoService       : Lendo VW_ECOMMERCE_PRECOS no banco de dados...
2026-09-12T15:00:00.109-03:00  INFO 10892 --- [ecommerce] [scheduling-1] c.d.e.service.SincronizacaoService       : Ciclo finalizado. Total de atualizações enviadas: 0
2026-09-12T15:00:00.109-03:00  INFO 10892 --- [ecommerce] [scheduling-1] c.d.e.s.SincronizacaoEstoqueService      : [ESTOQUE] Lendo VW_ECOMMERCE_ESTOQUE no banco de dados...
2026-09-12T15:01:38.055-03:00  INFO 10892 --- [ecommerce] [scheduling-1] c.d.e.s.SincronizacaoEstoqueService      : [ESTOQUE] Ciclo finalizado. Total de atualizações enviadas: 0
2026-09-12T15:01:38.055-03:00  INFO 10892 --- [ecommerce] [scheduling-1] c.d.e.service.SincronizacaoService       : Lendo VW_ECOMMERCE_PRECOS no banco de dados...
2026-09-12T15:01:38.216-03:00  INFO 10892 --- [ecommerce] [scheduling-1] c.d.e.service.SincronizacaoService       : Ciclo finalizado. Total de atualizações enviadas: 0
2026-09-12T15:02:00.011-03:00  INFO 10892 --- [ecommerce] [scheduling-1] c.d.e.service.SincronizacaoService       : Lendo VW_ECOMMERCE_PRECOS no banco de dados...
2026-09-12T15:02:00.074-03:00  INFO 10892 --- [ecommerce] [scheduling-1] c.d.e.service.SincronizacaoService       : Ciclo finalizado. Total de atualizações enviadas: 0
2026-09-12T15:02:00.074-03:00  INFO 10892 --- [ecommerce] [scheduling-1] c.d.e.s.SincronizacaoEstoqueService      : [ESTOQUE] Lendo VW_ECOMMERCE_ESTOQUE no banco de dados...
2026-09-12T15:02:02.074-03:00  INFO 10892 --- [ecommerce] [scheduling-1] c.d.e.s.SincronizacaoEstoqueService      : [ESTOQUE] Sucesso! RefId 8724801 (VTEX: 1200) atualizado para 644 un.
2026-09-12T15:02:08.599-03:00  INFO 10892 --- [ecommerce] [scheduling-1] c.d.e.s.SincronizacaoEstoqueService      : [ESTOQUE] Sucesso! RefId 8729245 (VTEX: 2919) atualizado para 852 un.
2026-09-12T15:03:42.456-03:00  INFO 10892 --- [ecommerce] [scheduling-1] c.d.e.s.SincronizacaoEstoqueService      : [ESTOQUE] Ciclo finalizado. Total de atualizações enviadas: 2
2026-09-12T15:03:42.456-03:00  INFO 10892 --- [ecommerce] [scheduling-1] c.d.e.service.SincronizacaoService       : Lendo VW_ECOMMERCE_PRECOS no banco de dados...
2026-09-12T15:03:42.568-03:00  INFO 10892 --- [ecommerce] [scheduling-1] c.d.e.service.SincronizacaoService       : Ciclo finalizado. Total de atualizações enviadas: 0
2026-09-12T15:04:00.000-03:00  INFO 10892 --- [ecommerce] [scheduling-1] c.d.e.s.SincronizacaoEstoqueService      : [ESTOQUE] Lendo VW_ECOMMERCE_ESTOQUE no banco de dados...
2026-09-12T15:05:36.627-03:00  INFO 10892 --- [ecommerce] [scheduling-1] c.d.e.s.SincronizacaoEstoqueService      : [ESTOQUE] Ciclo finalizado. Total de atualizações enviadas: 0
2026-09-12T15:05:36.627-03:00  INFO 10892 --- [ecommerce] [scheduling-1] c.d.e.service.SincronizacaoService       : Lendo VW_ECOMMERCE_PRECOS no banco de dados...
2026-09-12T15:05:37.211-03:00  INFO 10892 --- [ecommerce] [scheduling-1] c.d.e.service.SincronizacaoService       : Ciclo finalizado. Total de atualizações enviadas: 0
2026-09-12T15:06:00.008-03:00  INFO 10892 --- [ecommerce] [scheduling-1] c.d.e.service.SincronizacaoService       : Lendo VW_ECOMMERCE_PRECOS no banco de dados...
2026-09-12T15:06:00.392-03:00  INFO 10892 --- [ecommerce] [scheduling-1] c.d.e.service.SincronizacaoService       : Ciclo finalizado. Total de atualizações enviadas: 0
2026-09-12T15:06:00.392-03:00  INFO 10892 --- [ecommerce] [scheduling-1] c.d.e.s.SincronizacaoEstoqueService      : [ESTOQUE] Lendo VW_ECOMMERCE_ESTOQUE no banco de dados...
2026-09-12T15:07:43.288-03:00  INFO 10892 --- [ecommerce] [scheduling-1] c.d.e.s.SincronizacaoEstoqueService      : [ESTOQUE] Ciclo finalizado. Total de atualizações enviadas: 0
2026-09-12T15:07:43.288-03:00  INFO 10892 --- [ecommerce] [scheduling-1] c.d.e.service.SincronizacaoService       : Lendo VW_ECOMMERCE_PRECOS no banco de dados...
2026-09-12T15:07:43.431-03:00  INFO 10892 --- [ecommerce] [scheduling-1] c.d.e.service.SincronizacaoService       : Ciclo finalizado. Total de atualizações enviadas: 0
2026-09-12T15:08:00.016-03:00  INFO 10892 --- [ecommerce] [scheduling-1] c.d.e.s.SincronizacaoEstoqueService      : [ESTOQUE] Lendo VW_ECOMMERCE_ESTOQUE no banco de dados...
2026-09-12T15:09:16.951-03:00  INFO 10892 --- [ecommerce] [scheduling-1] c.d.e.s.SincronizacaoEstoqueService      : [ESTOQUE] Ciclo finalizado. Total de atualizações enviadas: 0
2026-09-12T15:09:16.953-03:00  INFO 10892 --- [ecommerce] [scheduling-1] c.d.e.service.SincronizacaoService       : Lendo VW_ECOMMERCE_PRECOS no banco de dados...
2026-09-12T15:09:17.279-03:00  INFO 10892 --- [ecommerce] [scheduling-1] c.d.e.service.SincronizacaoService       : Ciclo finalizado. Total de atualizações enviadas: 0
2026-09-12T15:10:00.002-03:00  INFO 10892 --- [ecommerce] [scheduling-1] c.d.e.service.SincronizacaoService       : Lendo VW_ECOMMERCE_PRECOS no banco de dados...
2026-09-12T15:10:00.099-03:00  INFO 10892 --- [ecommerce] [scheduling-1] c.d.e.service.SincronizacaoService       : Ciclo finalizado. Total de atualizações enviadas: 0
2026-09-12T15:10:00.099-03:00  INFO 10892 --- [ecommerce] [scheduling-1] c.d.e.s.SincronizacaoEstoqueService      : [ESTOQUE] Lendo VW_ECOMMERCE_ESTOQUE no banco de dados...
2026-09-12T15:11:36.563-03:00  INFO 10892 --- [ecommerce] [scheduling-1] c.d.e.s.SincronizacaoEstoqueService      : [ESTOQUE] Ciclo finalizado. Total de atualizações enviadas: 0
2026-09-12T15:11:36.565-03:00  INFO 10892 --- [ecommerce] [scheduling-1] c.d.e.service.SincronizacaoService       : Lendo VW_ECOMMERCE_PRECOS no banco de dados...
2026-09-12T15:11:36.675-03:00  INFO 10892 --- [ecommerce] [scheduling-1] c.d.e.service.SincronizacaoService       : Ciclo finalizado. Total de atualizações enviadas: 0
2026-09-12T15:12:00.012-03:00  INFO 10892 --- [ecommerce] [scheduling-1] c.d.e.service.SincronizacaoService       : Lendo VW_ECOMMERCE_PRECOS no banco de dados...
2026-09-12T15:12:00.189-03:00  INFO 10892 --- [ecommerce] [scheduling-1] c.d.e.service.SincronizacaoService       : Ciclo finalizado. Total de atualizações enviadas: 0
2026-09-12T15:12:00.189-03:00  INFO 10892 --- [ecommerce] [scheduling-1] c.d.e.s.SincronizacaoEstoqueService      : [ESTOQUE] Lendo VW_ECOMMERCE_ESTOQUE no banco de dados...
2026-09-12T15:13:43.752-03:00  INFO 10892 --- [ecommerce] [scheduling-1] c.d.e.s.SincronizacaoEstoqueService      : [ESTOQUE] Ciclo finalizado. Total de atualizações enviadas: 0
2026-09-12T15:13:43.753-03:00  INFO 10892 --- [ecommerce] [scheduling-1] c.d.e.service.SincronizacaoService       : Lendo VW_ECOMMERCE_PRECOS no banco de dados...
2026-09-12T15:13:43.896-03:00  INFO 10892 --- [ecommerce] [scheduling-1] c.d.e.service.SincronizacaoService       : Ciclo finalizado. Total de atualizações enviadas: 0
2026-09-12T15:14:00.015-03:00  INFO 10892 --- [ecommerce] [scheduling-1] c.d.e.s.SincronizacaoEstoqueService      : [ESTOQUE] Lendo VW_ECOMMERCE_ESTOQUE no banco de dados...
2026-09-12T15:15:38.026-03:00  INFO 10892 --- [ecommerce] [scheduling-1] c.d.e.s.SincronizacaoEstoqueService      : [ESTOQUE] Ciclo finalizado. Total de atualizações enviadas: 0
2026-09-12T15:15:38.026-03:00  INFO 10892 --- [ecommerce] [scheduling-1] c.d.e.service.SincronizacaoService       : Lendo VW_ECOMMERCE_PRECOS no banco de dados...
2026-09-12T15:15:38.216-03:00  INFO 10892 --- [ecommerce] [scheduling-1] c.d.e.service.SincronizacaoService       : Ciclo finalizado. Total de atualizações enviadas: 0
2026-09-12T15:16:00.006-03:00  INFO 10892 --- [ecommerce] [scheduling-1] c.d.e.s.SincronizacaoEstoqueService      : [ESTOQUE] Lendo VW_ECOMMERCE_ESTOQUE no banco de dados...
2026-09-12T15:17:36.193-03:00  INFO 10892 --- [ecommerce] [scheduling-1] c.d.e.s.SincronizacaoEstoqueService      : [ESTOQUE] Ciclo finalizado. Total de atualizações enviadas: 0
2026-09-12T15:17:36.193-03:00  INFO 10892 --- [ecommerce] [scheduling-1] c.d.e.service.SincronizacaoService       : Lendo VW_ECOMMERCE_PRECOS no banco de dados...
2026-09-12T15:17:36.332-03:00  INFO 10892 --- [ecommerce] [scheduling-1] c.d.e.service.SincronizacaoService       : Ciclo finalizado. Total de atualizações enviadas: 0
2026-09-12T15:18:00.006-03:00  INFO 10892 --- [ecommerce] [scheduling-1] c.d.e.service.SincronizacaoService       : Lendo VW_ECOMMERCE_PRECOS no banco de dados...
2026-09-12T15:18:00.092-03:00  INFO 10892 --- [ecommerce] [scheduling-1] c.d.e.service.SincronizacaoService       : Ciclo finalizado. Total de atualizações enviadas: 0
2026-09-12T15:18:00.092-03:00  INFO 10892 --- [ecommerce] [scheduling-1] c.d.e.s.SincronizacaoEstoqueService      : [ESTOQUE] Lendo VW_ECOMMERCE_ESTOQUE no banco de dados...
2026-09-12T15:19:42.588-03:00  INFO 10892 --- [ecommerce] [scheduling-1] c.d.e.s.SincronizacaoEstoqueService      : [ESTOQUE] Ciclo finalizado. Total de atualizações enviadas: 0
2026-09-12T15:19:42.588-03:00  INFO 10892 --- [ecommerce] [scheduling-1] c.d.e.service.SincronizacaoService       : Lendo VW_ECOMMERCE_PRECOS no banco de dados...
2026-09-12T15:19:42.829-03:00  INFO 10892 --- [ecommerce] [scheduling-1] c.d.e.service.SincronizacaoService       : Ciclo finalizado. Total de atualizações enviadas: 0
2026-09-12T15:20:00.019-03:00  INFO 10892 --- [ecommerce] [scheduling-1] c.d.e.service.SincronizacaoService       : Lendo VW_ECOMMERCE_PRECOS no banco de dados...
2026-09-12T15:20:00.181-03:00  INFO 10892 --- [ecommerce] [scheduling-1] c.d.e.service.SincronizacaoService       : Ciclo finalizado. Total de atualizações enviadas: 0
2026-09-12T15:20:00.181-03:00  INFO 10892 --- [ecommerce] [scheduling-1] c.d.e.s.SincronizacaoEstoqueService      : [ESTOQUE] Lendo VW_ECOMMERCE_ESTOQUE no banco de dados...
2026-09-12T15:21:40.412-03:00  INFO 10892 --- [ecommerce] [scheduling-1] c.d.e.s.SincronizacaoEstoqueService      : [ESTOQUE] Ciclo finalizado. Total de atualizações enviadas: 0
2026-09-12T15:21:40.412-03:00  INFO 10892 --- [ecommerce] [scheduling-1] c.d.e.service.SincronizacaoService       : Lendo VW_ECOMMERCE_PRECOS no banco de dados...
2026-09-12T15:21:40.558-03:00  INFO 10892 --- [ecommerce] [scheduling-1] c.d.e.service.SincronizacaoService       : Ciclo finalizado. Total de atualizações enviadas: 0
2026-09-12T15:22:00.009-03:00  INFO 10892 --- [ecommerce] [scheduling-1] c.d.e.service.SincronizacaoService       : Lendo VW_ECOMMERCE_PRECOS no banco de dados...
2026-09-12T15:22:00.123-03:00  INFO 10892 --- [ecommerce] [scheduling-1] c.d.e.service.SincronizacaoService       : Ciclo finalizado. Total de atualizações enviadas: 0
2026-09-12T15:22:00.123-03:00  INFO 10892 --- [ecommerce] [scheduling-1] c.d.e.s.SincronizacaoEstoqueService      : [ESTOQUE] Lendo VW_ECOMMERCE_ESTOQUE no banco de dados...
2026-09-12T15:23:38.288-03:00  INFO 10892 --- [ecommerce] [scheduling-1] c.d.e.s.SincronizacaoEstoqueService      : [ESTOQUE] Ciclo finalizado. Total de atualizações enviadas: 0
2026-09-12T15:23:38.289-03:00  INFO 10892 --- [ecommerce] [scheduling-1] c.d.e.service.SincronizacaoService       : Lendo VW_ECOMMERCE_PRECOS no banco de dados...
2026-09-12T15:23:38.418-03:00  INFO 10892 --- [ecommerce] [scheduling-1] c.d.e.service.SincronizacaoService       : Ciclo finalizado. Total de atualizações enviadas: 0
2026-09-12T15:24:00.003-03:00  INFO 10892 --- [ecommerce] [scheduling-1] c.d.e.s.SincronizacaoEstoqueService      : [ESTOQUE] Lendo VW_ECOMMERCE_ESTOQUE no banco de dados...
2026-09-12T15:25:42.737-03:00  INFO 10892 --- [ecommerce] [scheduling-1] c.d.e.s.SincronizacaoEstoqueService      : [ESTOQUE] Ciclo finalizado. Total de atualizações enviadas: 0
2026-09-12T15:25:42.737-03:00  INFO 10892 --- [ecommerce] [scheduling-1] c.d.e.service.SincronizacaoService       : Lendo VW_ECOMMERCE_PRECOS no banco de dados...
2026-09-12T15:25:42.851-03:00  INFO 10892 --- [ecommerce] [scheduling-1] c.d.e.service.SincronizacaoService       : Ciclo finalizado. Total de atualizações enviadas: 0
2026-09-12T15:26:00.015-03:00  INFO 10892 --- [ecommerce] [scheduling-1] c.d.e.s.SincronizacaoEstoqueService      : [ESTOQUE] Lendo VW_ECOMMERCE_ESTOQUE no banco de dados...
2026-09-12T15:27:23.881-03:00  INFO 10892 --- [ecommerce] [scheduling-1] c.d.e.s.SincronizacaoEstoqueService      : [ESTOQUE] Ciclo finalizado. Total de atualizações enviadas: 0
2026-09-12T15:27:23.881-03:00  INFO 10892 --- [ecommerce] [scheduling-1] c.d.e.service.SincronizacaoService       : Lendo VW_ECOMMERCE_PRECOS no banco de dados...
2026-09-12T15:27:23.928-03:00  INFO 10892 --- [ecommerce] [scheduling-1] c.d.e.service.SincronizacaoService       : Ciclo finalizado. Total de atualizações enviadas: 0
2026-09-12T15:28:00.011-03:00  INFO 10892 --- [ecommerce] [scheduling-1] c.d.e.s.SincronizacaoEstoqueService      : [ESTOQUE] Lendo VW_ECOMMERCE_ESTOQUE no banco de dados...
2026-09-12T15:29:35.616-03:00  INFO 10892 --- [ecommerce] [scheduling-1] c.d.e.s.SincronizacaoEstoqueService      : [ESTOQUE] Ciclo finalizado. Total de atualizações enviadas: 0
2026-09-12T15:29:35.616-03:00  INFO 10892 --- [ecommerce] [scheduling-1] c.d.e.service.SincronizacaoService       : Lendo VW_ECOMMERCE_PRECOS no banco de dados...
2026-09-12T15:29:35.761-03:00  INFO 10892 --- [ecommerce] [scheduling-1] c.d.e.service.SincronizacaoService       : Ciclo finalizado. Total de atualizações enviadas: 0
2026-09-12T15:30:00.024-03:00  INFO 10892 --- [ecommerce] [scheduling-1] c.d.e.service.SincronizacaoService       : Lendo VW_ECOMMERCE_PRECOS no banco de dados...
2026-09-12T15:30:00.121-03:00  INFO 10892 --- [ecommerce] [scheduling-1] c.d.e.service.SincronizacaoService       : Ciclo finalizado. Total de atualizações enviadas: 0
2026-09-12T15:30:00.121-03:00  INFO 10892 --- [ecommerce] [scheduling-1] c.d.e.s.SincronizacaoEstoqueService      : [ESTOQUE] Lendo VW_ECOMMERCE_ESTOQUE no banco de dados...
2026-09-12T15:31:42.945-03:00  INFO 10892 --- [ecommerce] [scheduling-1] c.d.e.s.SincronizacaoEstoqueService      : [ESTOQUE] Ciclo finalizado. Total de atualizações enviadas: 0
2026-09-12T15:31:42.945-03:00  INFO 10892 --- [ecommerce] [scheduling-1] c.d.e.service.SincronizacaoService       : Lendo VW_ECOMMERCE_PRECOS no banco de dados...
2026-09-12T15:31:43.042-03:00  INFO 10892 --- [ecommerce] [scheduling-1] c.d.e.service.SincronizacaoService       : Ciclo finalizado. Total de atualizações enviadas: 0
2026-09-12T15:32:00.009-03:00  INFO 10892 --- [ecommerce] [scheduling-1] c.d.e.service.SincronizacaoService       : Lendo VW_ECOMMERCE_PRECOS no banco de dados...
2026-09-12T15:32:00.088-03:00  INFO 10892 --- [ecommerce] [scheduling-1] c.d.e.service.SincronizacaoService       : Ciclo finalizado. Total de atualizações enviadas: 0
2026-09-12T15:32:00.088-03:00  INFO 10892 --- [ecommerce] [scheduling-1] c.d.e.s.SincronizacaoEstoqueService      : [ESTOQUE] Lendo VW_ECOMMERCE_ESTOQUE no banco de dados...
2026-09-12T15:33:38.955-03:00  INFO 10892 --- [ecommerce] [scheduling-1] c.d.e.s.SincronizacaoEstoqueService      : [ESTOQUE] Ciclo finalizado. Total de atualizações enviadas: 0
2026-09-12T15:33:38.955-03:00  INFO 10892 --- [ecommerce] [scheduling-1] c.d.e.service.SincronizacaoService       : Lendo VW_ECOMMERCE_PRECOS no banco de dados...
2026-09-12T15:33:39.016-03:00  INFO 10892 --- [ecommerce] [scheduling-1] c.d.e.service.SincronizacaoService       : Ciclo finalizado. Total de atualizações enviadas: 0
2026-09-12T15:34:00.016-03:00  INFO 10892 --- [ecommerce] [scheduling-1] c.d.e.service.SincronizacaoService       : Lendo VW_ECOMMERCE_PRECOS no banco de dados...
2026-09-12T15:34:00.116-03:00  INFO 10892 --- [ecommerce] [scheduling-1] c.d.e.service.SincronizacaoService       : Ciclo finalizado. Total de atualizações enviadas: 0
2026-09-12T15:34:00.116-03:00  INFO 10892 --- [ecommerce] [scheduling-1] c.d.e.s.SincronizacaoEstoqueService      : [ESTOQUE] Lendo VW_ECOMMERCE_ESTOQUE no banco de dados...
2026-09-12T15:34:01.835-03:00  INFO 10892 --- [ecommerce] [scheduling-1] c.d.e.s.SincronizacaoEstoqueService      : [ESTOQUE] Sucesso! RefId 8724807 (VTEX: 1204) atualizado para 75 un.
2026-09-12T15:34:02.614-03:00  INFO 10892 --- [ecommerce] [scheduling-1] c.d.e.s.SincronizacaoEstoqueService      : [ESTOQUE] Sucesso! RefId 8724808 (VTEX: 1205) atualizado para 190 un.
2026-09-12T15:34:03.435-03:00  INFO 10892 --- [ecommerce] [scheduling-1] c.d.e.s.SincronizacaoEstoqueService      : [ESTOQUE] Sucesso! RefId 8724937 (VTEX: 1217) atualizado para 148 un.
2026-09-12T15:34:04.057-03:00  INFO 10892 --- [ecommerce] [scheduling-1] c.d.e.s.SincronizacaoEstoqueService      : [ESTOQUE] Sucesso! RefId 8725178 (VTEX: 1259) atualizado para 744 un.
2026-09-12T15:34:04.863-03:00  INFO 10892 --- [ecommerce] [scheduling-1] c.d.e.s.SincronizacaoEstoqueService      : [ESTOQUE] Sucesso! RefId 8725576 (VTEX: 1313) atualizado para 1654 un.
2026-09-12T15:34:05.635-03:00  INFO 10892 --- [ecommerce] [scheduling-1] c.d.e.s.SincronizacaoEstoqueService      : [ESTOQUE] Sucesso! RefId 8725824 (VTEX: 1375) atualizado para 723 un.
2026-09-12T15:34:06.502-03:00  INFO 10892 --- [ecommerce] [scheduling-1] c.d.e.s.SincronizacaoEstoqueService      : [ESTOQUE] Sucesso! RefId 8725829 (VTEX: 1380) atualizado para 168 un.
2026-09-12T15:34:07.306-03:00  INFO 10892 --- [ecommerce] [scheduling-1] c.d.e.s.SincronizacaoEstoqueService      : [ESTOQUE] Sucesso! RefId 8726135 (VTEX: 1468) atualizado para 1 un.
2026-09-12T15:34:07.907-03:00  INFO 10892 --- [ecommerce] [scheduling-1] c.d.e.s.SincronizacaoEstoqueService      : [ESTOQUE] Sucesso! RefId 8726145 (VTEX: 1470) atualizado para 809 un.
2026-09-12T15:34:09.131-03:00  INFO 10892 --- [ecommerce] [scheduling-1] c.d.e.s.SincronizacaoEstoqueService      : [ESTOQUE] Sucesso! RefId 8728083 (VTEX: 2104) atualizado para 4 un.
2026-09-12T15:35:01.266-03:00  INFO 10892 --- [ecommerce] [scheduling-1] c.d.e.s.SincronizacaoEstoqueService      : [ESTOQUE] Ciclo finalizado. Total de atualizações enviadas: 10
2026-09-12T15:35:01.266-03:00  INFO 10892 --- [ecommerce] [scheduling-1] c.d.e.service.SincronizacaoService       : Lendo VW_ECOMMERCE_PRECOS no banco de dados...
2026-09-12T15:35:01.475-03:00  INFO 10892 --- [ecommerce] [scheduling-1] c.d.e.service.SincronizacaoService       : Ciclo finalizado. Total de atualizações enviadas: 0
2026-09-12T15:36:00.008-03:00  INFO 10892 --- [ecommerce] [scheduling-1] c.d.e.service.SincronizacaoService       : Lendo VW_ECOMMERCE_PRECOS no banco de dados...
2026-09-12T15:36:00.330-03:00  INFO 10892 --- [ecommerce] [scheduling-1] c.d.e.service.SincronizacaoService       : Ciclo finalizado. Total de atualizações enviadas: 0
2026-09-12T15:36:00.330-03:00  INFO 10892 --- [ecommerce] [scheduling-1] c.d.e.s.SincronizacaoEstoqueService      : [ESTOQUE] Lendo VW_ECOMMERCE_ESTOQUE no banco de dados...
2026-09-12T15:36:50.420-03:00  INFO 10892 --- [ecommerce] [scheduling-1] c.d.e.s.SincronizacaoEstoqueService      : [ESTOQUE] Ciclo finalizado. Total de atualizações enviadas: 0
2026-09-12T15:37:00.015-03:00  INFO 10892 --- [ecommerce] [scheduling-1] c.d.e.s.SincronizacaoEstoqueService      : [ESTOQUE] Lendo VW_ECOMMERCE_ESTOQUE no banco de dados...
2026-09-12T15:38:46.358-03:00  INFO 10892 --- [ecommerce] [scheduling-1] c.d.e.s.SincronizacaoEstoqueService      : [ESTOQUE] Ciclo finalizado. Total de atualizações enviadas: 0
2026-09-12T15:38:46.372-03:00  INFO 10892 --- [ecommerce] [scheduling-1] c.d.e.service.SincronizacaoService       : Lendo VW_ECOMMERCE_PRECOS no banco de dados...
2026-09-12T15:38:46.491-03:00  INFO 10892 --- [ecommerce] [scheduling-1] c.d.e.service.SincronizacaoService       : Ciclo finalizado. Total de atualizações enviadas: 0
2026-09-12T15:39:00.011-03:00  INFO 10892 --- [ecommerce] [scheduling-1] c.d.e.s.SincronizacaoEstoqueService      : [ESTOQUE] Lendo VW_ECOMMERCE_ESTOQUE no banco de dados...
2026-09-12T15:40:42.394-03:00  INFO 10892 --- [ecommerce] [scheduling-1] c.d.e.s.SincronizacaoEstoqueService      : [ESTOQUE] Ciclo finalizado. Total de atualizações enviadas: 0
2026-09-12T15:40:42.394-03:00  INFO 10892 --- [ecommerce] [scheduling-1] c.d.e.service.SincronizacaoService       : Lendo VW_ECOMMERCE_PRECOS no banco de dados...
2026-09-12T15:40:42.581-03:00  INFO 10892 --- [ecommerce] [scheduling-1] c.d.e.service.SincronizacaoService       : Ciclo finalizado. Total de atualizações enviadas: 0
2026-09-12T15:41:00.012-03:00  INFO 10892 --- [ecommerce] [scheduling-1] c.d.e.s.SincronizacaoEstoqueService      : [ESTOQUE] Lendo VW_ECOMMERCE_ESTOQUE no banco de dados...
2026-09-12T15:42:30.412-03:00  INFO 10892 --- [ecommerce] [scheduling-1] c.d.e.s.SincronizacaoEstoqueService      : [ESTOQUE] Ciclo finalizado. Total de atualizações enviadas: 0
2026-09-12T15:42:30.412-03:00  INFO 10892 --- [ecommerce] [scheduling-1] c.d.e.service.SincronizacaoService       : Lendo VW_ECOMMERCE_PRECOS no banco de dados...
2026-09-12T15:42:30.526-03:00  INFO 10892 --- [ecommerce] [scheduling-1] c.d.e.service.SincronizacaoService       : Ciclo finalizado. Total de atualizações enviadas: 0
2026-09-12T15:43:00.025-03:00  INFO 10892 --- [ecommerce] [scheduling-1] c.d.e.service.SincronizacaoService       : Lendo VW_ECOMMERCE_PRECOS no banco de dados...
2026-09-12T15:43:00.138-03:00  INFO 10892 --- [ecommerce] [scheduling-1] c.d.e.service.SincronizacaoService       : Ciclo finalizado. Total de atualizações enviadas: 0
2026-09-12T15:43:00.138-03:00  INFO 10892 --- [ecommerce] [scheduling-1] c.d.e.s.SincronizacaoEstoqueService      : [ESTOQUE] Lendo VW_ECOMMERCE_ESTOQUE no banco de dados...
2026-09-12T15:44:43.543-03:00  INFO 10892 --- [ecommerce] [scheduling-1] c.d.e.s.SincronizacaoEstoqueService      : [ESTOQUE] Ciclo finalizado. Total de atualizações enviadas: 0
2026-09-12T15:44:43.543-03:00  INFO 10892 --- [ecommerce] [scheduling-1] c.d.e.service.SincronizacaoService       : Lendo VW_ECOMMERCE_PRECOS no banco de dados...
2026-09-12T15:44:43.769-03:00  INFO 10892 --- [ecommerce] [scheduling-1] c.d.e.service.SincronizacaoService       : Ciclo finalizado. Total de atualizações enviadas: 0
2026-09-12T15:45:00.011-03:00  INFO 10892 --- [ecommerce] [scheduling-1] c.d.e.service.SincronizacaoService       : Lendo VW_ECOMMERCE_PRECOS no banco de dados...
2026-09-12T15:45:00.074-03:00  INFO 10892 --- [ecommerce] [scheduling-1] c.d.e.service.SincronizacaoService       : Ciclo finalizado. Total de atualizações enviadas: 0
2026-09-12T15:45:00.074-03:00  INFO 10892 --- [ecommerce] [scheduling-1] c.d.e.s.SincronizacaoEstoqueService      : [ESTOQUE] Lendo VW_ECOMMERCE_ESTOQUE no banco de dados...
2026-09-12T15:46:40.458-03:00  INFO 10892 --- [ecommerce] [scheduling-1] c.d.e.s.SincronizacaoEstoqueService      : [ESTOQUE] Ciclo finalizado. Total de atualizações enviadas: 0
2026-09-12T15:46:40.458-03:00  INFO 10892 --- [ecommerce] [scheduling-1] c.d.e.service.SincronizacaoService       : Lendo VW_ECOMMERCE_PRECOS no banco de dados...
2026-09-12T15:46:40.568-03:00  INFO 10892 --- [ecommerce] [scheduling-1] c.d.e.service.SincronizacaoService       : Ciclo finalizado. Total de atualizações enviadas: 0
2026-09-12T15:47:00.003-03:00  INFO 10892 --- [ecommerce] [scheduling-1] c.d.e.service.SincronizacaoService       : Lendo VW_ECOMMERCE_PRECOS no banco de dados...
2026-09-12T15:47:00.069-03:00  INFO 10892 --- [ecommerce] [scheduling-1] c.d.e.service.SincronizacaoService       : Ciclo finalizado. Total de atualizações enviadas: 0
2026-09-12T15:47:00.069-03:00  INFO 10892 --- [ecommerce] [scheduling-1] c.d.e.s.SincronizacaoEstoqueService      : [ESTOQUE] Lendo VW_ECOMMERCE_ESTOQUE no banco de dados...
2026-09-12T15:48:48.296-03:00  INFO 10892 --- [ecommerce] [scheduling-1] c.d.e.s.SincronizacaoEstoqueService      : [ESTOQUE] Ciclo finalizado. Total de atualizações enviadas: 0
2026-09-12T15:48:48.298-03:00  INFO 10892 --- [ecommerce] [scheduling-1] c.d.e.service.SincronizacaoService       : Lendo VW_ECOMMERCE_PRECOS no banco de dados...
2026-09-12T15:48:48.424-03:00  INFO 10892 --- [ecommerce] [scheduling-1] c.d.e.service.SincronizacaoService       : Ciclo finalizado. Total de atualizações enviadas: 0
2026-09-12T15:49:00.015-03:00  INFO 10892 --- [ecommerce] [scheduling-1] c.d.e.s.SincronizacaoEstoqueService      : [ESTOQUE] Lendo VW_ECOMMERCE_ESTOQUE no banco de dados...
2026-09-12T15:50:43.038-03:00  INFO 10892 --- [ecommerce] [scheduling-1] c.d.e.s.SincronizacaoEstoqueService      : [ESTOQUE] Ciclo finalizado. Total de atualizações enviadas: 0
2026-09-12T15:50:43.038-03:00  INFO 10892 --- [ecommerce] [scheduling-1] c.d.e.service.SincronizacaoService       : Lendo VW_ECOMMERCE_PRECOS no banco de dados...
2026-09-12T15:50:43.155-03:00  INFO 10892 --- [ecommerce] [scheduling-1] c.d.e.service.SincronizacaoService       : Ciclo finalizado. Total de atualizações enviadas: 0
2026-09-12T15:51:00.002-03:00  INFO 10892 --- [ecommerce] [scheduling-1] c.d.e.service.SincronizacaoService       : Lendo VW_ECOMMERCE_PRECOS no banco de dados...
2026-09-12T15:51:00.130-03:00  INFO 10892 --- [ecommerce] [scheduling-1] c.d.e.service.SincronizacaoService       : Ciclo finalizado. Total de atualizações enviadas: 0
2026-09-12T15:51:00.130-03:00  INFO 10892 --- [ecommerce] [scheduling-1] c.d.e.s.SincronizacaoEstoqueService      : [ESTOQUE] Lendo VW_ECOMMERCE_ESTOQUE no banco de dados...
2026-09-12T15:52:45.534-03:00  INFO 10892 --- [ecommerce] [scheduling-1] c.d.e.s.SincronizacaoEstoqueService      : [ESTOQUE] Ciclo finalizado. Total de atualizações enviadas: 0
2026-09-12T15:52:45.534-03:00  INFO 10892 --- [ecommerce] [scheduling-1] c.d.e.service.SincronizacaoService       : Lendo VW_ECOMMERCE_PRECOS no banco de dados...
2026-09-12T15:52:45.740-03:00  INFO 10892 --- [ecommerce] [scheduling-1] c.d.e.service.SincronizacaoService       : Ciclo finalizado. Total de atualizações enviadas: 0
2026-09-12T15:53:00.000-03:00  INFO 10892 --- [ecommerce] [scheduling-1] c.d.e.service.SincronizacaoService       : Lendo VW_ECOMMERCE_PRECOS no banco de dados...
2026-09-12T15:53:00.064-03:00  INFO 10892 --- [ecommerce] [scheduling-1] c.d.e.service.SincronizacaoService       : Ciclo finalizado. Total de atualizações enviadas: 0
2026-09-12T15:53:00.064-03:00  INFO 10892 --- [ecommerce] [scheduling-1] c.d.e.s.SincronizacaoEstoqueService      : [ESTOQUE] Lendo VW_ECOMMERCE_ESTOQUE no banco de dados...
2026-09-12T15:54:48.648-03:00  INFO 10892 --- [ecommerce] [scheduling-1] c.d.e.s.SincronizacaoEstoqueService      : [ESTOQUE] Ciclo finalizado. Total de atualizações enviadas: 0
2026-09-12T15:54:48.648-03:00  INFO 10892 --- [ecommerce] [scheduling-1] c.d.e.service.SincronizacaoService       : Lendo VW_ECOMMERCE_PRECOS no banco de dados...
2026-09-12T15:54:48.763-03:00  INFO 10892 --- [ecommerce] [scheduling-1] c.d.e.service.SincronizacaoService       : Ciclo finalizado. Total de atualizações enviadas: 0
2026-09-12T15:55:00.010-03:00  INFO 10892 --- [ecommerce] [scheduling-1] c.d.e.s.SincronizacaoEstoqueService      : [ESTOQUE] Lendo VW_ECOMMERCE_ESTOQUE no banco de dados...
2026-09-12T15:55:01.745-03:00  INFO 10892 --- [ecommerce] [scheduling-1] c.d.e.s.SincronizacaoEstoqueService      : [ESTOQUE] Sucesso! RefId 8724103 (VTEX: 2120) atualizado para 826 un.
2026-09-12T15:55:02.625-03:00  INFO 10892 --- [ecommerce] [scheduling-1] c.d.e.s.SincronizacaoEstoqueService      : [ESTOQUE] Sucesso! RefId 8724106 (VTEX: 2123) atualizado para 4018 un.
2026-09-12T15:55:03.442-03:00  INFO 10892 --- [ecommerce] [scheduling-1] c.d.e.s.SincronizacaoEstoqueService      : [ESTOQUE] Sucesso! RefId 8724116 (VTEX: 2132) atualizado para 415 un.
2026-09-12T15:55:04.372-03:00  INFO 10892 --- [ecommerce] [scheduling-1] c.d.e.s.SincronizacaoEstoqueService      : [ESTOQUE] Sucesso! RefId 8727439 (VTEX: 1912) atualizado para 638 un.
2026-09-12T15:55:10.230-03:00  INFO 10892 --- [ecommerce] [scheduling-1] c.d.e.s.SincronizacaoEstoqueService      : [ESTOQUE] Sucesso! RefId 8729245 (VTEX: 2919) atualizado para 702 un.
2026-09-12T15:55:10.776-03:00  INFO 10892 --- [ecommerce] [scheduling-1] c.d.e.s.SincronizacaoEstoqueService      : [ESTOQUE] Sucesso! RefId 8729247 (VTEX: 2845) atualizado para 1010 un.
2026-09-12T15:56:52.184-03:00  INFO 10892 --- [ecommerce] [scheduling-1] c.d.e.s.SincronizacaoEstoqueService      : [ESTOQUE] Ciclo finalizado. Total de atualizações enviadas: 6
2026-09-12T15:56:52.184-03:00  INFO 10892 --- [ecommerce] [scheduling-1] c.d.e.service.SincronizacaoService       : Lendo VW_ECOMMERCE_PRECOS no banco de dados...
2026-09-12T15:56:52.345-03:00  INFO 10892 --- [ecommerce] [scheduling-1] c.d.e.service.SincronizacaoService       : Ciclo finalizado. Total de atualizações enviadas: 0
2026-09-12T15:57:00.005-03:00  INFO 10892 --- [ecommerce] [scheduling-1] c.d.e.service.SincronizacaoService       : Lendo VW_ECOMMERCE_PRECOS no banco de dados...
2026-09-12T15:57:00.131-03:00  INFO 10892 --- [ecommerce] [scheduling-1] c.d.e.service.SincronizacaoService       : Ciclo finalizado. Total de atualizações enviadas: 0
2026-09-12T15:57:00.131-03:00  INFO 10892 --- [ecommerce] [scheduling-1] c.d.e.s.SincronizacaoEstoqueService      : [ESTOQUE] Lendo VW_ECOMMERCE_ESTOQUE no banco de dados...
2026-09-12T15:58:49.339-03:00  INFO 10892 --- [ecommerce] [scheduling-1] c.d.e.s.SincronizacaoEstoqueService      : [ESTOQUE] Ciclo finalizado. Total de atualizações enviadas: 0
2026-09-12T15:58:49.339-03:00  INFO 10892 --- [ecommerce] [scheduling-1] c.d.e.service.SincronizacaoService       : Lendo VW_ECOMMERCE_PRECOS no banco de dados...
2026-09-12T15:58:49.531-03:00  INFO 10892 --- [ecommerce] [scheduling-1] c.d.e.service.SincronizacaoService       : Ciclo finalizado. Total de atualizações enviadas: 0
2026-09-12T15:59:00.013-03:00  INFO 10892 --- [ecommerce] [scheduling-1] c.d.e.service.SincronizacaoService       : Lendo VW_ECOMMERCE_PRECOS no banco de dados...
2026-09-12T15:59:00.189-03:00  INFO 10892 --- [ecommerce] [scheduling-1] c.d.e.service.SincronizacaoService       : Ciclo finalizado. Total de atualizações enviadas: 0
2026-09-12T15:59:00.189-03:00  INFO 10892 --- [ecommerce] [scheduling-1] c.d.e.s.SincronizacaoEstoqueService      : [ESTOQUE] Lendo VW_ECOMMERCE_ESTOQUE no banco de dados...
2026-09-12T16:00:34.716-03:00  INFO 10892 --- [ecommerce] [scheduling-1] c.d.e.s.SincronizacaoEstoqueService      : [ESTOQUE] Ciclo finalizado. Total de atualizações enviadas: 0
2026-09-12T16:00:34.716-03:00  INFO 10892 --- [ecommerce] [scheduling-1] c.d.e.service.SincronizacaoService       : Lendo VW_ECOMMERCE_PRECOS no banco de dados...
2026-09-12T16:00:34.817-03:00  INFO 10892 --- [ecommerce] [scheduling-1] c.d.e.service.SincronizacaoService       : Ciclo finalizado. Total de atualizações enviadas: 0
2026-09-12T16:01:00.012-03:00  INFO 10892 --- [ecommerce] [scheduling-1] c.d.e.service.SincronizacaoService       : Lendo VW_ECOMMERCE_PRECOS no banco de dados...
2026-09-12T16:01:00.092-03:00  INFO 10892 --- [ecommerce] [scheduling-1] c.d.e.service.SincronizacaoService       : Ciclo finalizado. Total de atualizações enviadas: 0
2026-09-12T16:01:00.092-03:00  INFO 10892 --- [ecommerce] [scheduling-1] c.d.e.s.SincronizacaoEstoqueService      : [ESTOQUE] Lendo VW_ECOMMERCE_ESTOQUE no banco de dados...
2026-09-12T16:02:49.262-03:00  INFO 10892 --- [ecommerce] [scheduling-1] c.d.e.s.SincronizacaoEstoqueService      : [ESTOQUE] Ciclo finalizado. Total de atualizações enviadas: 0
2026-09-12T16:02:49.262-03:00  INFO 10892 --- [ecommerce] [scheduling-1] c.d.e.service.SincronizacaoService       : Lendo VW_ECOMMERCE_PRECOS no banco de dados...
2026-09-12T16:02:49.338-03:00  INFO 10892 --- [ecommerce] [scheduling-1] c.d.e.service.SincronizacaoService       : Ciclo finalizado. Total de atualizações enviadas: 0
2026-09-12T16:03:00.016-03:00  INFO 10892 --- [ecommerce] [scheduling-1] c.d.e.service.SincronizacaoService       : Lendo VW_ECOMMERCE_PRECOS no banco de dados...
2026-09-12T16:03:00.097-03:00  INFO 10892 --- [ecommerce] [scheduling-1] c.d.e.service.SincronizacaoService       : Ciclo finalizado. Total de atualizações enviadas: 0
2026-09-12T16:03:00.097-03:00  INFO 10892 --- [ecommerce] [scheduling-1] c.d.e.s.SincronizacaoEstoqueService      : [ESTOQUE] Lendo VW_ECOMMERCE_ESTOQUE no banco de dados...
2026-09-12T16:03:50.326-03:00  INFO 10892 --- [ecommerce] [scheduling-1] c.d.e.s.SincronizacaoEstoqueService      : [ESTOQUE] Ciclo finalizado. Total de atualizações enviadas: 0
2026-09-12T16:04:00.005-03:00  INFO 10892 --- [ecommerce] [scheduling-1] c.d.e.s.SincronizacaoEstoqueService      : [ESTOQUE] Lendo VW_ECOMMERCE_ESTOQUE no banco de dados...
2026-09-12T16:05:44.132-03:00  INFO 10892 --- [ecommerce] [scheduling-1] c.d.e.s.SincronizacaoEstoqueService      : [ESTOQUE] Ciclo finalizado. Total de atualizações enviadas: 0
2026-09-12T16:05:44.132-03:00  INFO 10892 --- [ecommerce] [scheduling-1] c.d.e.service.SincronizacaoService       : Lendo VW_ECOMMERCE_PRECOS no banco de dados...
2026-09-12T16:05:44.308-03:00  INFO 10892 --- [ecommerce] [scheduling-1] c.d.e.service.SincronizacaoService       : Ciclo finalizado. Total de atualizações enviadas: 0
2026-09-12T16:06:00.014-03:00  INFO 10892 --- [ecommerce] [scheduling-1] c.d.e.s.SincronizacaoEstoqueService      : [ESTOQUE] Lendo VW_ECOMMERCE_ESTOQUE no banco de dados...
2026-09-12T16:07:53.966-03:00  INFO 10892 --- [ecommerce] [scheduling-1] c.d.e.s.SincronizacaoEstoqueService      : [ESTOQUE] Ciclo finalizado. Total de atualizações enviadas: 0
2026-09-12T16:07:53.966-03:00  INFO 10892 --- [ecommerce] [scheduling-1] c.d.e.service.SincronizacaoService       : Lendo VW_ECOMMERCE_PRECOS no banco de dados...
2026-09-12T16:07:54.045-03:00  INFO 10892 --- [ecommerce] [scheduling-1] c.d.e.service.SincronizacaoService       : Ciclo finalizado. Total de atualizações enviadas: 0
2026-09-12T16:08:00.005-03:00  INFO 10892 --- [ecommerce] [scheduling-1] c.d.e.service.SincronizacaoService       : Lendo VW_ECOMMERCE_PRECOS no banco de dados...
2026-09-12T16:08:00.068-03:00  INFO 10892 --- [ecommerce] [scheduling-1] c.d.e.service.SincronizacaoService       : Ciclo finalizado. Total de atualizações enviadas: 0
2026-09-12T16:08:00.068-03:00  INFO 10892 --- [ecommerce] [scheduling-1] c.d.e.s.SincronizacaoEstoqueService      : [ESTOQUE] Lendo VW_ECOMMERCE_ESTOQUE no banco de dados...
2026-09-12T16:09:47.070-03:00  INFO 10892 --- [ecommerce] [scheduling-1] c.d.e.s.SincronizacaoEstoqueService      : [ESTOQUE] Ciclo finalizado. Total de atualizações enviadas: 0
2026-09-12T16:09:47.070-03:00  INFO 10892 --- [ecommerce] [scheduling-1] c.d.e.service.SincronizacaoService       : Lendo VW_ECOMMERCE_PRECOS no banco de dados...
2026-09-12T16:09:47.243-03:00  INFO 10892 --- [ecommerce] [scheduling-1] c.d.e.service.SincronizacaoService       : Ciclo finalizado. Total de atualizações enviadas: 0
2026-09-12T16:10:00.025-03:00  INFO 10892 --- [ecommerce] [scheduling-1] c.d.e.s.SincronizacaoEstoqueService      : [ESTOQUE] Lendo VW_ECOMMERCE_ESTOQUE no banco de dados...
2026-09-12T16:11:47.515-03:00  INFO 10892 --- [ecommerce] [scheduling-1] c.d.e.s.SincronizacaoEstoqueService      : [ESTOQUE] Ciclo finalizado. Total de atualizações enviadas: 0
2026-09-12T16:11:47.515-03:00  INFO 10892 --- [ecommerce] [scheduling-1] c.d.e.service.SincronizacaoService       : Lendo VW_ECOMMERCE_PRECOS no banco de dados...
2026-09-12T16:11:47.615-03:00  INFO 10892 --- [ecommerce] [scheduling-1] c.d.e.service.SincronizacaoService       : Ciclo finalizado. Total de atualizações enviadas: 0
2026-09-12T16:12:00.012-03:00  INFO 10892 --- [ecommerce] [scheduling-1] c.d.e.s.SincronizacaoEstoqueService      : [ESTOQUE] Lendo VW_ECOMMERCE_ESTOQUE no banco de dados...
2026-09-12T16:12:03.123-03:00  INFO 10892 --- [ecommerce] [scheduling-1] c.d.e.s.SincronizacaoEstoqueService      : [ESTOQUE] Sucesso! RefId 8727443 (VTEX: 1916) atualizado para 74 un.
2026-09-12T16:12:03.892-03:00  INFO 10892 --- [ecommerce] [scheduling-1] c.d.e.s.SincronizacaoEstoqueService      : [ESTOQUE] Sucesso! RefId 8727804 (VTEX: 2140) atualizado para 84 un.
2026-09-12T16:12:04.504-03:00  INFO 10892 --- [ecommerce] [scheduling-1] c.d.e.s.SincronizacaoEstoqueService      : [ESTOQUE] Sucesso! RefId 8727822 (VTEX: 2148) atualizado para 1 un.
2026-09-12T16:14:02.257-03:00  INFO 10892 --- [ecommerce] [scheduling-1] c.d.e.s.SincronizacaoEstoqueService      : [ESTOQUE] Ciclo finalizado. Total de atualizações enviadas: 3
2026-09-12T16:14:02.257-03:00  INFO 10892 --- [ecommerce] [scheduling-1] c.d.e.service.SincronizacaoService       : Lendo VW_ECOMMERCE_PRECOS no banco de dados...
2026-09-12T16:14:02.325-03:00  INFO 10892 --- [ecommerce] [scheduling-1] c.d.e.service.SincronizacaoService       : Ciclo finalizado. Total de atualizações enviadas: 0
2026-09-12T16:15:00.005-03:00  INFO 10892 --- [ecommerce] [scheduling-1] c.d.e.service.SincronizacaoService       : Lendo VW_ECOMMERCE_PRECOS no banco de dados...
2026-09-12T16:15:00.100-03:00  INFO 10892 --- [ecommerce] [scheduling-1] c.d.e.service.SincronizacaoService       : Ciclo finalizado. Total de atualizações enviadas: 0
2026-09-12T16:15:00.100-03:00  INFO 10892 --- [ecommerce] [scheduling-1] c.d.e.s.SincronizacaoEstoqueService      : [ESTOQUE] Lendo VW_ECOMMERCE_ESTOQUE no banco de dados...
2026-09-12T16:16:56.584-03:00  INFO 10892 --- [ecommerce] [scheduling-1] c.d.e.s.SincronizacaoEstoqueService      : [ESTOQUE] Ciclo finalizado. Total de atualizações enviadas: 0
2026-09-12T16:16:56.584-03:00  INFO 10892 --- [ecommerce] [scheduling-1] c.d.e.service.SincronizacaoService       : Lendo VW_ECOMMERCE_PRECOS no banco de dados...
2026-09-12T16:16:56.691-03:00  INFO 10892 --- [ecommerce] [scheduling-1] c.d.e.service.SincronizacaoService       : Ciclo finalizado. Total de atualizações enviadas: 0
2026-09-12T16:17:00.017-03:00  INFO 10892 --- [ecommerce] [scheduling-1] c.d.e.service.SincronizacaoService       : Lendo VW_ECOMMERCE_PRECOS no banco de dados...
2026-09-12T16:17:00.096-03:00  INFO 10892 --- [ecommerce] [scheduling-1] c.d.e.service.SincronizacaoService       : Ciclo finalizado. Total de atualizações enviadas: 0
2026-09-12T16:17:00.096-03:00  INFO 10892 --- [ecommerce] [scheduling-1] c.d.e.s.SincronizacaoEstoqueService      : [ESTOQUE] Lendo VW_ECOMMERCE_ESTOQUE no banco de dados...
2026-09-12T16:18:21.151-03:00  INFO 10892 --- [ecommerce] [scheduling-1] c.d.e.s.SincronizacaoEstoqueService      : [ESTOQUE] Ciclo finalizado. Total de atualizações enviadas: 0
2026-09-12T16:18:21.151-03:00  INFO 10892 --- [ecommerce] [scheduling-1] c.d.e.service.SincronizacaoService       : Lendo VW_ECOMMERCE_PRECOS no banco de dados...
2026-09-12T16:18:21.212-03:00  INFO 10892 --- [ecommerce] [scheduling-1] c.d.e.service.SincronizacaoService       : Ciclo finalizado. Total de atualizações enviadas: 0
2026-09-12T16:19:00.002-03:00  INFO 10892 --- [ecommerce] [scheduling-1] c.d.e.service.SincronizacaoService       : Lendo VW_ECOMMERCE_PRECOS no banco de dados...
2026-09-12T16:19:00.146-03:00  INFO 10892 --- [ecommerce] [scheduling-1] c.d.e.service.SincronizacaoService       : Ciclo finalizado. Total de atualizações enviadas: 0
2026-09-12T16:19:00.146-03:00  INFO 10892 --- [ecommerce] [scheduling-1] c.d.e.s.SincronizacaoEstoqueService      : [ESTOQUE] Lendo VW_ECOMMERCE_ESTOQUE no banco de dados...
2026-09-12T16:20:47.447-03:00  INFO 10892 --- [ecommerce] [scheduling-1] c.d.e.s.SincronizacaoEstoqueService      : [ESTOQUE] Ciclo finalizado. Total de atualizações enviadas: 0
2026-09-12T16:20:47.447-03:00  INFO 10892 --- [ecommerce] [scheduling-1] c.d.e.service.SincronizacaoService       : Lendo VW_ECOMMERCE_PRECOS no banco de dados...
2026-09-12T16:20:47.591-03:00  INFO 10892 --- [ecommerce] [scheduling-1] c.d.e.service.SincronizacaoService       : Ciclo finalizado. Total de atualizações enviadas: 0
2026-09-12T16:21:00.008-03:00  INFO 10892 --- [ecommerce] [scheduling-1] c.d.e.s.SincronizacaoEstoqueService      : [ESTOQUE] Lendo VW_ECOMMERCE_ESTOQUE no banco de dados...
2026-09-12T16:22:50.194-03:00  INFO 10892 --- [ecommerce] [scheduling-1] c.d.e.s.SincronizacaoEstoqueService      : [ESTOQUE] Ciclo finalizado. Total de atualizações enviadas: 0
2026-09-12T16:22:50.194-03:00  INFO 10892 --- [ecommerce] [scheduling-1] c.d.e.service.SincronizacaoService       : Lendo VW_ECOMMERCE_PRECOS no banco de dados...
2026-09-12T16:22:50.316-03:00  INFO 10892 --- [ecommerce] [scheduling-1] c.d.e.service.SincronizacaoService       : Ciclo finalizado. Total de atualizações enviadas: 0
2026-09-12T16:23:00.011-03:00  INFO 10892 --- [ecommerce] [scheduling-1] c.d.e.s.SincronizacaoEstoqueService      : [ESTOQUE] Lendo VW_ECOMMERCE_ESTOQUE no banco de dados...
2026-09-12T16:24:51.514-03:00  INFO 10892 --- [ecommerce] [scheduling-1] c.d.e.s.SincronizacaoEstoqueService      : [ESTOQUE] Ciclo finalizado. Total de atualizações enviadas: 0
2026-09-12T16:24:51.514-03:00  INFO 10892 --- [ecommerce] [scheduling-1] c.d.e.service.SincronizacaoService       : Lendo VW_ECOMMERCE_PRECOS no banco de dados...
2026-09-12T16:24:51.642-03:00  INFO 10892 --- [ecommerce] [scheduling-1] c.d.e.service.SincronizacaoService       : Ciclo finalizado. Total de atualizações enviadas: 0
2026-09-12T16:25:00.001-03:00  INFO 10892 --- [ecommerce] [scheduling-1] c.d.e.service.SincronizacaoService       : Lendo VW_ECOMMERCE_PRECOS no banco de dados...
2026-09-12T16:25:00.386-03:00  INFO 10892 --- [ecommerce] [scheduling-1] c.d.e.service.SincronizacaoService       : Ciclo finalizado. Total de atualizações enviadas: 0
2026-09-12T16:25:00.386-03:00  INFO 10892 --- [ecommerce] [scheduling-1] c.d.e.s.SincronizacaoEstoqueService      : [ESTOQUE] Lendo VW_ECOMMERCE_ESTOQUE no banco de dados...
2026-09-12T16:27:01.171-03:00  INFO 10892 --- [ecommerce] [scheduling-1] c.d.e.s.SincronizacaoEstoqueService      : [ESTOQUE] Ciclo finalizado. Total de atualizações enviadas: 0
2026-09-12T16:27:01.171-03:00  INFO 10892 --- [ecommerce] [scheduling-1] c.d.e.service.SincronizacaoService       : Lendo VW_ECOMMERCE_PRECOS no banco de dados...
2026-09-12T16:27:01.570-03:00  INFO 10892 --- [ecommerce] [scheduling-1] c.d.e.service.SincronizacaoService       : Ciclo finalizado. Total de atualizações enviadas: 0
2026-09-12T16:28:00.005-03:00  INFO 10892 --- [ecommerce] [scheduling-1] c.d.e.service.SincronizacaoService       : Lendo VW_ECOMMERCE_PRECOS no banco de dados...
2026-09-12T16:28:00.196-03:00  INFO 10892 --- [ecommerce] [scheduling-1] c.d.e.service.SincronizacaoService       : Ciclo finalizado. Total de atualizações enviadas: 0
2026-09-12T16:28:00.196-03:00  INFO 10892 --- [ecommerce] [scheduling-1] c.d.e.s.SincronizacaoEstoqueService      : [ESTOQUE] Lendo VW_ECOMMERCE_ESTOQUE no banco de dados...
2026-09-12T16:28:08.082-03:00  INFO 10892 --- [ecommerce] [scheduling-1] c.d.e.s.SincronizacaoEstoqueService      : [ESTOQUE] Sucesso! RefId 8729247 (VTEX: 2845) atualizado para 1013 un.
2026-09-12T16:29:56.443-03:00  INFO 10892 --- [ecommerce] [scheduling-1] c.d.e.s.SincronizacaoEstoqueService      : [ESTOQUE] Ciclo finalizado. Total de atualizações enviadas: 1
2026-09-12T16:29:56.443-03:00  INFO 10892 --- [ecommerce] [scheduling-1] c.d.e.service.SincronizacaoService       : Lendo VW_ECOMMERCE_PRECOS no banco de dados...
2026-09-12T16:29:56.533-03:00  INFO 10892 --- [ecommerce] [scheduling-1] c.d.e.service.SincronizacaoService       : Ciclo finalizado. Total de atualizações enviadas: 0
2026-09-12T16:30:00.014-03:00  INFO 10892 --- [ecommerce] [scheduling-1] c.d.e.s.SincronizacaoEstoqueService      : [ESTOQUE] Lendo VW_ECOMMERCE_ESTOQUE no banco de dados...
2026-09-12T16:31:54.169-03:00  INFO 10892 --- [ecommerce] [scheduling-1] c.d.e.s.SincronizacaoEstoqueService      : [ESTOQUE] Ciclo finalizado. Total de atualizações enviadas: 0
2026-09-12T16:31:54.170-03:00  INFO 10892 --- [ecommerce] [scheduling-1] c.d.e.service.SincronizacaoService       : Lendo VW_ECOMMERCE_PRECOS no banco de dados...
2026-09-12T16:31:54.372-03:00  INFO 10892 --- [ecommerce] [scheduling-1] c.d.e.service.SincronizacaoService       : Ciclo finalizado. Total de atualizações enviadas: 0
2026-09-12T16:32:00.008-03:00  INFO 10892 --- [ecommerce] [scheduling-1] c.d.e.s.SincronizacaoEstoqueService      : [ESTOQUE] Lendo VW_ECOMMERCE_ESTOQUE no banco de dados...
2026-09-12T16:33:56.197-03:00  INFO 10892 --- [ecommerce] [scheduling-1] c.d.e.s.SincronizacaoEstoqueService      : [ESTOQUE] Ciclo finalizado. Total de atualizações enviadas: 0
2026-09-12T16:33:56.211-03:00  INFO 10892 --- [ecommerce] [scheduling-1] c.d.e.service.SincronizacaoService       : Lendo VW_ECOMMERCE_PRECOS no banco de dados...
2026-09-12T16:33:56.388-03:00  INFO 10892 --- [ecommerce] [scheduling-1] c.d.e.service.SincronizacaoService       : Ciclo finalizado. Total de atualizações enviadas: 0
2026-09-12T16:34:00.006-03:00  INFO 10892 --- [ecommerce] [scheduling-1] c.d.e.s.SincronizacaoEstoqueService      : [ESTOQUE] Lendo VW_ECOMMERCE_ESTOQUE no banco de dados...
2026-09-12T16:35:55.857-03:00  INFO 10892 --- [ecommerce] [scheduling-1] c.d.e.s.SincronizacaoEstoqueService      : [ESTOQUE] Ciclo finalizado. Total de atualizações enviadas: 0
2026-09-12T16:35:55.857-03:00  INFO 10892 --- [ecommerce] [scheduling-1] c.d.e.service.SincronizacaoService       : Lendo VW_ECOMMERCE_PRECOS no banco de dados...
2026-09-12T16:35:56.021-03:00  INFO 10892 --- [ecommerce] [scheduling-1] c.d.e.service.SincronizacaoService       : Ciclo finalizado. Total de atualizações enviadas: 0
2026-09-12T16:36:00.011-03:00  INFO 10892 --- [ecommerce] [scheduling-1] c.d.e.service.SincronizacaoService       : Lendo VW_ECOMMERCE_PRECOS no banco de dados...
2026-09-12T16:36:00.162-03:00  INFO 10892 --- [ecommerce] [scheduling-1] c.d.e.service.SincronizacaoService       : Ciclo finalizado. Total de atualizações enviadas: 0
2026-09-12T16:36:00.162-03:00  INFO 10892 --- [ecommerce] [scheduling-1] c.d.e.s.SincronizacaoEstoqueService      : [ESTOQUE] Lendo VW_ECOMMERCE_ESTOQUE no banco de dados...
2026-09-12T16:37:53.046-03:00  INFO 10892 --- [ecommerce] [scheduling-1] c.d.e.s.SincronizacaoEstoqueService      : [ESTOQUE] Ciclo finalizado. Total de atualizações enviadas: 0
2026-09-12T16:37:53.046-03:00  INFO 10892 --- [ecommerce] [scheduling-1] c.d.e.service.SincronizacaoService       : Lendo VW_ECOMMERCE_PRECOS no banco de dados...
2026-09-12T16:37:53.198-03:00  INFO 10892 --- [ecommerce] [scheduling-1] c.d.e.service.SincronizacaoService       : Ciclo finalizado. Total de atualizações enviadas: 0
2026-09-12T16:38:00.002-03:00  INFO 10892 --- [ecommerce] [scheduling-1] c.d.e.service.SincronizacaoService       : Lendo VW_ECOMMERCE_PRECOS no banco de dados...
2026-09-12T16:38:00.098-03:00  INFO 10892 --- [ecommerce] [scheduling-1] c.d.e.service.SincronizacaoService       : Ciclo finalizado. Total de atualizações enviadas: 0
2026-09-12T16:38:00.114-03:00  INFO 10892 --- [ecommerce] [scheduling-1] c.d.e.s.SincronizacaoEstoqueService      : [ESTOQUE] Lendo VW_ECOMMERCE_ESTOQUE no banco de dados...
2026-09-12T16:39:58.679-03:00  INFO 10892 --- [ecommerce] [scheduling-1] c.d.e.s.SincronizacaoEstoqueService      : [ESTOQUE] Ciclo finalizado. Total de atualizações enviadas: 0
2026-09-12T16:39:58.689-03:00  INFO 10892 --- [ecommerce] [scheduling-1] c.d.e.service.SincronizacaoService       : Lendo VW_ECOMMERCE_PRECOS no banco de dados...
2026-09-12T16:39:59.026-03:00  INFO 10892 --- [ecommerce] [scheduling-1] c.d.e.service.SincronizacaoService       : Ciclo finalizado. Total de atualizações enviadas: 0
2026-09-12T16:40:00.004-03:00  INFO 10892 --- [ecommerce] [scheduling-1] c.d.e.s.SincronizacaoEstoqueService      : [ESTOQUE] Lendo VW_ECOMMERCE_ESTOQUE no banco de dados...
2026-09-12T16:41:53.849-03:00  INFO 10892 --- [ecommerce] [scheduling-1] c.d.e.s.SincronizacaoEstoqueService      : [ESTOQUE] Ciclo finalizado. Total de atualizações enviadas: 0
2026-09-12T16:41:53.849-03:00  INFO 10892 --- [ecommerce] [scheduling-1] c.d.e.service.SincronizacaoService       : Lendo VW_ECOMMERCE_PRECOS no banco de dados...
2026-09-12T16:41:53.977-03:00  INFO 10892 --- [ecommerce] [scheduling-1] c.d.e.service.SincronizacaoService       : Ciclo finalizado. Total de atualizações enviadas: 0
2026-09-12T16:42:00.020-03:00  INFO 10892 --- [ecommerce] [scheduling-1] c.d.e.s.SincronizacaoEstoqueService      : [ESTOQUE] Lendo VW_ECOMMERCE_ESTOQUE no banco de dados...
2026-09-12T16:42:02.216-03:00  INFO 10892 --- [ecommerce] [scheduling-1] c.d.e.s.SincronizacaoEstoqueService      : [ESTOQUE] Sucesso! RefId 8727806 (VTEX: 2142) atualizado para 2 un.
2026-09-12T16:43:55.476-03:00  INFO 10892 --- [ecommerce] [scheduling-1] c.d.e.s.SincronizacaoEstoqueService      : [ESTOQUE] Ciclo finalizado. Total de atualizações enviadas: 1
2026-09-12T16:43:55.476-03:00  INFO 10892 --- [ecommerce] [scheduling-1] c.d.e.service.SincronizacaoService       : Lendo VW_ECOMMERCE_PRECOS no banco de dados...
2026-09-12T16:43:55.582-03:00  INFO 10892 --- [ecommerce] [scheduling-1] c.d.e.service.SincronizacaoService       : Ciclo finalizado. Total de atualizações enviadas: 0
2026-09-12T16:44:00.005-03:00  INFO 10892 --- [ecommerce] [scheduling-1] c.d.e.service.SincronizacaoService       : Lendo VW_ECOMMERCE_PRECOS no banco de dados...
2026-09-12T16:44:00.071-03:00  INFO 10892 --- [ecommerce] [scheduling-1] c.d.e.service.SincronizacaoService       : Ciclo finalizado. Total de atualizações enviadas: 0
2026-09-12T16:44:00.071-03:00  INFO 10892 --- [ecommerce] [scheduling-1] c.d.e.s.SincronizacaoEstoqueService      : [ESTOQUE] Lendo VW_ECOMMERCE_ESTOQUE no banco de dados...
2026-09-12T16:46:04.068-03:00  INFO 10892 --- [ecommerce] [scheduling-1] c.d.e.s.SincronizacaoEstoqueService      : [ESTOQUE] Ciclo finalizado. Total de atualizações enviadas: 0
2026-09-12T16:46:04.068-03:00  INFO 10892 --- [ecommerce] [scheduling-1] c.d.e.service.SincronizacaoService       : Lendo VW_ECOMMERCE_PRECOS no banco de dados...
2026-09-12T16:46:04.162-03:00  INFO 10892 --- [ecommerce] [scheduling-1] c.d.e.service.SincronizacaoService       : Ciclo finalizado. Total de atualizações enviadas: 0
2026-09-12T16:47:00.015-03:00  INFO 10892 --- [ecommerce] [scheduling-1] c.d.e.service.SincronizacaoService       : Lendo VW_ECOMMERCE_PRECOS no banco de dados...
2026-09-12T16:47:00.239-03:00  INFO 10892 --- [ecommerce] [scheduling-1] c.d.e.service.SincronizacaoService       : Ciclo finalizado. Total de atualizações enviadas: 0
2026-09-12T16:47:00.239-03:00  INFO 10892 --- [ecommerce] [scheduling-1] c.d.e.s.SincronizacaoEstoqueService      : [ESTOQUE] Lendo VW_ECOMMERCE_ESTOQUE no banco de dados...
2026-09-12T16:48:56.758-03:00  INFO 10892 --- [ecommerce] [scheduling-1] c.d.e.s.SincronizacaoEstoqueService      : [ESTOQUE] Ciclo finalizado. Total de atualizações enviadas: 0
2026-09-12T16:48:56.758-03:00  INFO 10892 --- [ecommerce] [scheduling-1] c.d.e.service.SincronizacaoService       : Lendo VW_ECOMMERCE_PRECOS no banco de dados...
2026-09-12T16:48:56.934-03:00  INFO 10892 --- [ecommerce] [scheduling-1] c.d.e.service.SincronizacaoService       : Ciclo finalizado. Total de atualizações enviadas: 0
2026-09-12T16:49:00.012-03:00  INFO 10892 --- [ecommerce] [scheduling-1] c.d.e.service.SincronizacaoService       : Lendo VW_ECOMMERCE_PRECOS no banco de dados...
2026-09-12T16:49:00.476-03:00  INFO 10892 --- [ecommerce] [scheduling-1] c.d.e.service.SincronizacaoService       : Ciclo finalizado. Total de atualizações enviadas: 0
2026-09-12T16:49:00.476-03:00  INFO 10892 --- [ecommerce] [scheduling-1] c.d.e.s.SincronizacaoEstoqueService      : [ESTOQUE] Lendo VW_ECOMMERCE_ESTOQUE no banco de dados...
2026-09-12T16:51:00.988-03:00  INFO 10892 --- [ecommerce] [scheduling-1] c.d.e.s.SincronizacaoEstoqueService      : [ESTOQUE] Ciclo finalizado. Total de atualizações enviadas: 0
2026-09-12T16:51:00.988-03:00  INFO 10892 --- [ecommerce] [scheduling-1] c.d.e.service.SincronizacaoService       : Lendo VW_ECOMMERCE_PRECOS no banco de dados...
2026-09-12T16:51:01.658-03:00  INFO 10892 --- [ecommerce] [scheduling-1] c.d.e.service.SincronizacaoService       : Ciclo finalizado. Total de atualizações enviadas: 0
2026-09-12T16:52:00.012-03:00  INFO 10892 --- [ecommerce] [scheduling-1] c.d.e.s.SincronizacaoEstoqueService      : [ESTOQUE] Lendo VW_ECOMMERCE_ESTOQUE no banco de dados...
2026-09-12T16:54:01.838-03:00  INFO 10892 --- [ecommerce] [scheduling-1] c.d.e.s.SincronizacaoEstoqueService      : [ESTOQUE] Ciclo finalizado. Total de atualizações enviadas: 0
2026-09-12T16:54:01.838-03:00  INFO 10892 --- [ecommerce] [scheduling-1] c.d.e.service.SincronizacaoService       : Lendo VW_ECOMMERCE_PRECOS no banco de dados...
2026-09-12T16:54:02.027-03:00  INFO 10892 --- [ecommerce] [scheduling-1] c.d.e.service.SincronizacaoService       : Ciclo finalizado. Total de atualizações enviadas: 0
2026-09-12T16:55:00.010-03:00  INFO 10892 --- [ecommerce] [scheduling-1] c.d.e.service.SincronizacaoService       : Lendo VW_ECOMMERCE_PRECOS no banco de dados...
2026-09-12T16:55:00.091-03:00  INFO 10892 --- [ecommerce] [scheduling-1] c.d.e.service.SincronizacaoService       : Ciclo finalizado. Total de atualizações enviadas: 0
2026-09-12T16:55:00.091-03:00  INFO 10892 --- [ecommerce] [scheduling-1] c.d.e.s.SincronizacaoEstoqueService      : [ESTOQUE] Lendo VW_ECOMMERCE_ESTOQUE no banco de dados...
2026-09-12T16:57:02.735-03:00  INFO 10892 --- [ecommerce] [scheduling-1] c.d.e.s.SincronizacaoEstoqueService      : [ESTOQUE] Ciclo finalizado. Total de atualizações enviadas: 0
2026-09-12T16:57:02.735-03:00  INFO 10892 --- [ecommerce] [scheduling-1] c.d.e.service.SincronizacaoService       : Lendo VW_ECOMMERCE_PRECOS no banco de dados...
2026-09-12T16:57:02.800-03:00  INFO 10892 --- [ecommerce] [scheduling-1] c.d.e.service.SincronizacaoService       : Ciclo finalizado. Total de atualizações enviadas: 0
2026-09-12T16:58:00.013-03:00  INFO 10892 --- [ecommerce] [scheduling-1] c.d.e.service.SincronizacaoService       : Lendo VW_ECOMMERCE_PRECOS no banco de dados...
2026-09-12T16:58:00.304-03:00  INFO 10892 --- [ecommerce] [scheduling-1] c.d.e.service.SincronizacaoService       : Ciclo finalizado. Total de atualizações enviadas: 0
2026-09-12T16:58:00.304-03:00  INFO 10892 --- [ecommerce] [scheduling-1] c.d.e.s.SincronizacaoEstoqueService      : [ESTOQUE] Lendo VW_ECOMMERCE_ESTOQUE no banco de dados...
2026-09-12T17:00:02.142-03:00  INFO 10892 --- [ecommerce] [scheduling-1] c.d.e.s.SincronizacaoEstoqueService      : [ESTOQUE] Ciclo finalizado. Total de atualizações enviadas: 0
2026-09-12T17:00:02.142-03:00  INFO 10892 --- [ecommerce] [scheduling-1] c.d.e.service.SincronizacaoService       : Lendo VW_ECOMMERCE_PRECOS no banco de dados...
2026-09-12T17:00:02.315-03:00  INFO 10892 --- [ecommerce] [scheduling-1] c.d.e.service.SincronizacaoService       : Ciclo finalizado. Total de atualizações enviadas: 0
2026-09-12T17:01:00.026-03:00  INFO 10892 --- [ecommerce] [scheduling-1] c.d.e.s.SincronizacaoEstoqueService      : [ESTOQUE] Lendo VW_ECOMMERCE_ESTOQUE no banco de dados...
2026-09-12T17:03:01.786-03:00  INFO 10892 --- [ecommerce] [scheduling-1] c.d.e.s.SincronizacaoEstoqueService      : [ESTOQUE] Ciclo finalizado. Total de atualizações enviadas: 0
2026-09-12T17:03:01.786-03:00  INFO 10892 --- [ecommerce] [scheduling-1] c.d.e.service.SincronizacaoService       : Lendo VW_ECOMMERCE_PRECOS no banco de dados...
2026-09-12T17:03:01.862-03:00  INFO 10892 --- [ecommerce] [scheduling-1] c.d.e.service.SincronizacaoService       : Ciclo finalizado. Total de atualizações enviadas: 0
2026-09-12T17:04:00.019-03:00  INFO 10892 --- [ecommerce] [scheduling-1] c.d.e.s.SincronizacaoEstoqueService      : [ESTOQUE] Lendo VW_ECOMMERCE_ESTOQUE no banco de dados...
2026-09-12T17:06:02.576-03:00  INFO 10892 --- [ecommerce] [scheduling-1] c.d.e.s.SincronizacaoEstoqueService      : [ESTOQUE] Ciclo finalizado. Total de atualizações enviadas: 0
2026-09-12T17:06:02.577-03:00  INFO 10892 --- [ecommerce] [scheduling-1] c.d.e.service.SincronizacaoService       : Lendo VW_ECOMMERCE_PRECOS no banco de dados...
2026-09-12T17:06:02.710-03:00  INFO 10892 --- [ecommerce] [scheduling-1] c.d.e.service.SincronizacaoService       : Ciclo finalizado. Total de atualizações enviadas: 0
2026-09-12T17:07:00.004-03:00  INFO 10892 --- [ecommerce] [scheduling-1] c.d.e.service.SincronizacaoService       : Lendo VW_ECOMMERCE_PRECOS no banco de dados...
2026-09-12T17:07:00.132-03:00  INFO 10892 --- [ecommerce] [scheduling-1] c.d.e.service.SincronizacaoService       : Ciclo finalizado. Total de atualizações enviadas: 0
2026-09-12T17:07:00.132-03:00  INFO 10892 --- [ecommerce] [scheduling-1] c.d.e.s.SincronizacaoEstoqueService      : [ESTOQUE] Lendo VW_ECOMMERCE_ESTOQUE no banco de dados...
2026-09-12T17:08:58.654-03:00  INFO 10892 --- [ecommerce] [scheduling-1] c.d.e.s.SincronizacaoEstoqueService      : [ESTOQUE] Ciclo finalizado. Total de atualizações enviadas: 0
2026-09-12T17:08:58.654-03:00  INFO 10892 --- [ecommerce] [scheduling-1] c.d.e.service.SincronizacaoService       : Lendo VW_ECOMMERCE_PRECOS no banco de dados...
2026-09-12T17:08:58.798-03:00  INFO 10892 --- [ecommerce] [scheduling-1] c.d.e.service.SincronizacaoService       : Ciclo finalizado. Total de atualizações enviadas: 0
2026-09-12T17:09:00.015-03:00  INFO 10892 --- [ecommerce] [scheduling-1] c.d.e.service.SincronizacaoService       : Lendo VW_ECOMMERCE_PRECOS no banco de dados...
2026-09-12T17:09:00.110-03:00  INFO 10892 --- [ecommerce] [scheduling-1] c.d.e.service.SincronizacaoService       : Ciclo finalizado. Total de atualizações enviadas: 0
2026-09-12T17:09:00.110-03:00  INFO 10892 --- [ecommerce] [scheduling-1] c.d.e.s.SincronizacaoEstoqueService      : [ESTOQUE] Lendo VW_ECOMMERCE_ESTOQUE no banco de dados...
2026-09-12T17:10:59.226-03:00  INFO 10892 --- [ecommerce] [scheduling-1] c.d.e.s.SincronizacaoEstoqueService      : [ESTOQUE] Ciclo finalizado. Total de atualizações enviadas: 0
2026-09-12T17:10:59.226-03:00  INFO 10892 --- [ecommerce] [scheduling-1] c.d.e.service.SincronizacaoService       : Lendo VW_ECOMMERCE_PRECOS no banco de dados...
2026-09-12T17:10:59.371-03:00  INFO 10892 --- [ecommerce] [scheduling-1] c.d.e.service.SincronizacaoService       : Ciclo finalizado. Total de atualizações enviadas: 0
2026-09-12T17:11:00.012-03:00  INFO 10892 --- [ecommerce] [scheduling-1] c.d.e.service.SincronizacaoService       : Lendo VW_ECOMMERCE_PRECOS no banco de dados...
2026-09-12T17:11:00.174-03:00  INFO 10892 --- [ecommerce] [scheduling-1] c.d.e.service.SincronizacaoService       : Ciclo finalizado. Total de atualizações enviadas: 0
2026-09-12T17:11:00.174-03:00  INFO 10892 --- [ecommerce] [scheduling-1] c.d.e.s.SincronizacaoEstoqueService      : [ESTOQUE] Lendo VW_ECOMMERCE_ESTOQUE no banco de dados...
2026-09-12T17:11:59.457-03:00  INFO 10892 --- [ecommerce] [scheduling-1] c.d.e.s.SincronizacaoEstoqueService      : [ESTOQUE] Ciclo finalizado. Total de atualizações enviadas: 0
2026-09-12T17:12:00.001-03:00  INFO 10892 --- [ecommerce] [scheduling-1] c.d.e.s.SincronizacaoEstoqueService      : [ESTOQUE] Lendo VW_ECOMMERCE_ESTOQUE no banco de dados...
2026-09-12T17:12:48.679-03:00  INFO 10892 --- [ecommerce] [scheduling-1] c.d.e.s.SincronizacaoEstoqueService      : [ESTOQUE] Ciclo finalizado. Total de atualizações enviadas: 0
2026-09-12T17:12:48.679-03:00  INFO 10892 --- [ecommerce] [scheduling-1] c.d.e.service.SincronizacaoService       : Lendo VW_ECOMMERCE_PRECOS no banco de dados...
2026-09-12T17:12:48.745-03:00  INFO 10892 --- [ecommerce] [scheduling-1] c.d.e.service.SincronizacaoService       : Ciclo finalizado. Total de atualizações enviadas: 0
2026-09-12T17:13:00.010-03:00  INFO 10892 --- [ecommerce] [scheduling-1] c.d.e.service.SincronizacaoService       : Lendo VW_ECOMMERCE_PRECOS no banco de dados...
2026-09-12T17:13:00.237-03:00  INFO 10892 --- [ecommerce] [scheduling-1] c.d.e.service.SincronizacaoService       : Ciclo finalizado. Total de atualizações enviadas: 0
2026-09-12T17:13:00.237-03:00  INFO 10892 --- [ecommerce] [scheduling-1] c.d.e.s.SincronizacaoEstoqueService      : [ESTOQUE] Lendo VW_ECOMMERCE_ESTOQUE no banco de dados...
2026-09-12T17:13:02.456-03:00  INFO 10892 --- [ecommerce] [scheduling-1] c.d.e.s.SincronizacaoEstoqueService      : [ESTOQUE] Sucesso! RefId 8727761 (VTEX: 2087) atualizado para 211 un.
2026-09-12T17:13:03.050-03:00  INFO 10892 --- [ecommerce] [scheduling-1] c.d.e.s.SincronizacaoEstoqueService      : [ESTOQUE] Sucesso! RefId 8727819 (VTEX: 2145) atualizado para 239 un.
2026-09-12T17:15:08.827-03:00  INFO 10892 --- [ecommerce] [scheduling-1] c.d.e.s.SincronizacaoEstoqueService      : [ESTOQUE] Ciclo finalizado. Total de atualizações enviadas: 2
2026-09-12T17:15:08.830-03:00  INFO 10892 --- [ecommerce] [scheduling-1] c.d.e.service.SincronizacaoService       : Lendo VW_ECOMMERCE_PRECOS no banco de dados...
2026-09-12T17:15:09.101-03:00  INFO 10892 --- [ecommerce] [scheduling-1] c.d.e.service.SincronizacaoService       : Ciclo finalizado. Total de atualizações enviadas: 0
2026-09-12T17:16:00.012-03:00  INFO 10892 --- [ecommerce] [scheduling-1] c.d.e.s.SincronizacaoEstoqueService      : [ESTOQUE] Lendo VW_ECOMMERCE_ESTOQUE no banco de dados...
2026-09-12T17:18:06.130-03:00  INFO 10892 --- [ecommerce] [scheduling-1] c.d.e.s.SincronizacaoEstoqueService      : [ESTOQUE] Ciclo finalizado. Total de atualizações enviadas: 0
2026-09-12T17:18:06.130-03:00  INFO 10892 --- [ecommerce] [scheduling-1] c.d.e.service.SincronizacaoService       : Lendo VW_ECOMMERCE_PRECOS no banco de dados...
2026-09-12T17:18:06.238-03:00  INFO 10892 --- [ecommerce] [scheduling-1] c.d.e.service.SincronizacaoService       : Ciclo finalizado. Total de atualizações enviadas: 0
2026-09-12T17:19:00.002-03:00  INFO 10892 --- [ecommerce] [scheduling-1] c.d.e.s.SincronizacaoEstoqueService      : [ESTOQUE] Lendo VW_ECOMMERCE_ESTOQUE no banco de dados...
2026-09-12T17:21:11.076-03:00  INFO 10892 --- [ecommerce] [scheduling-1] c.d.e.s.SincronizacaoEstoqueService      : [ESTOQUE] Ciclo finalizado. Total de atualizações enviadas: 0
2026-09-12T17:21:11.076-03:00  INFO 10892 --- [ecommerce] [scheduling-1] c.d.e.service.SincronizacaoService       : Lendo VW_ECOMMERCE_PRECOS no banco de dados...
2026-09-12T17:21:11.222-03:00  INFO 10892 --- [ecommerce] [scheduling-1] c.d.e.service.SincronizacaoService       : Ciclo finalizado. Total de atualizações enviadas: 0
2026-09-12T17:22:00.016-03:00  INFO 10892 --- [ecommerce] [scheduling-1] c.d.e.service.SincronizacaoService       : Lendo VW_ECOMMERCE_PRECOS no banco de dados...
2026-09-12T17:22:00.144-03:00  INFO 10892 --- [ecommerce] [scheduling-1] c.d.e.service.SincronizacaoService       : Ciclo finalizado. Total de atualizações enviadas: 0
2026-09-12T17:22:00.144-03:00  INFO 10892 --- [ecommerce] [scheduling-1] c.d.e.s.SincronizacaoEstoqueService      : [ESTOQUE] Lendo VW_ECOMMERCE_ESTOQUE no banco de dados...
2026-09-12T17:22:01.640-03:00  INFO 10892 --- [ecommerce] [scheduling-1] c.d.e.s.SincronizacaoEstoqueService      : [ESTOQUE] Sucesso! RefId 8724115 (VTEX: 2131) atualizado para 468 un.
2026-09-12T17:24:05.636-03:00  INFO 10892 --- [ecommerce] [scheduling-1] c.d.e.s.SincronizacaoEstoqueService      : [ESTOQUE] Ciclo finalizado. Total de atualizações enviadas: 1
2026-09-12T17:24:05.638-03:00  INFO 10892 --- [ecommerce] [scheduling-1] c.d.e.service.SincronizacaoService       : Lendo VW_ECOMMERCE_PRECOS no banco de dados...
2026-09-12T17:24:05.738-03:00  INFO 10892 --- [ecommerce] [scheduling-1] c.d.e.service.SincronizacaoService       : Ciclo finalizado. Total de atualizações enviadas: 0
2026-09-12T17:25:00.008-03:00  INFO 10892 --- [ecommerce] [scheduling-1] c.d.e.s.SincronizacaoEstoqueService      : [ESTOQUE] Lendo VW_ECOMMERCE_ESTOQUE no banco de dados...
2026-09-12T17:27:08.351-03:00  INFO 10892 --- [ecommerce] [scheduling-1] c.d.e.s.SincronizacaoEstoqueService      : [ESTOQUE] Ciclo finalizado. Total de atualizações enviadas: 0
2026-09-12T17:27:08.351-03:00  INFO 10892 --- [ecommerce] [scheduling-1] c.d.e.service.SincronizacaoService       : Lendo VW_ECOMMERCE_PRECOS no banco de dados...
2026-09-12T17:27:08.448-03:00  INFO 10892 --- [ecommerce] [scheduling-1] c.d.e.service.SincronizacaoService       : Ciclo finalizado. Total de atualizações enviadas: 0
2026-09-12T17:28:00.004-03:00  INFO 10892 --- [ecommerce] [scheduling-1] c.d.e.s.SincronizacaoEstoqueService      : [ESTOQUE] Lendo VW_ECOMMERCE_ESTOQUE no banco de dados...
2026-09-12T17:30:05.523-03:00  INFO 10892 --- [ecommerce] [scheduling-1] c.d.e.s.SincronizacaoEstoqueService      : [ESTOQUE] Ciclo finalizado. Total de atualizações enviadas: 0
2026-09-12T17:30:05.523-03:00  INFO 10892 --- [ecommerce] [scheduling-1] c.d.e.service.SincronizacaoService       : Lendo VW_ECOMMERCE_PRECOS no banco de dados...
2026-09-12T17:30:05.579-03:00  INFO 10892 --- [ecommerce] [scheduling-1] c.d.e.service.SincronizacaoService       : Ciclo finalizado. Total de atualizações enviadas: 0
2026-09-12T17:31:00.014-03:00  INFO 10892 --- [ecommerce] [scheduling-1] c.d.e.service.SincronizacaoService       : Lendo VW_ECOMMERCE_PRECOS no banco de dados...
2026-09-12T17:31:00.065-03:00  INFO 10892 --- [ecommerce] [scheduling-1] c.d.e.service.SincronizacaoService       : Ciclo finalizado. Total de atualizações enviadas: 0
2026-09-12T17:31:00.067-03:00  INFO 10892 --- [ecommerce] [scheduling-1] c.d.e.s.SincronizacaoEstoqueService      : [ESTOQUE] Lendo VW_ECOMMERCE_ESTOQUE no banco de dados...
2026-09-12T17:33:07.121-03:00  INFO 10892 --- [ecommerce] [scheduling-1] c.d.e.s.SincronizacaoEstoqueService      : [ESTOQUE] Ciclo finalizado. Total de atualizações enviadas: 0
2026-09-12T17:33:07.121-03:00  INFO 10892 --- [ecommerce] [scheduling-1] c.d.e.service.SincronizacaoService       : Lendo VW_ECOMMERCE_PRECOS no banco de dados...
2026-09-12T17:33:07.229-03:00  INFO 10892 --- [ecommerce] [scheduling-1] c.d.e.service.SincronizacaoService       : Ciclo finalizado. Total de atualizações enviadas: 0
2026-09-12T17:34:00.015-03:00  INFO 10892 --- [ecommerce] [scheduling-1] c.d.e.service.SincronizacaoService       : Lendo VW_ECOMMERCE_PRECOS no banco de dados...
2026-09-12T17:34:00.110-03:00  INFO 10892 --- [ecommerce] [scheduling-1] c.d.e.service.SincronizacaoService       : Ciclo finalizado. Total de atualizações enviadas: 0
2026-09-12T17:34:00.110-03:00  INFO 10892 --- [ecommerce] [scheduling-1] c.d.e.s.SincronizacaoEstoqueService      : [ESTOQUE] Lendo VW_ECOMMERCE_ESTOQUE no banco de dados...
2026-09-12T17:36:01.432-03:00  INFO 10892 --- [ecommerce] [scheduling-1] c.d.e.s.SincronizacaoEstoqueService      : [ESTOQUE] Ciclo finalizado. Total de atualizações enviadas: 0
2026-09-12T17:36:01.432-03:00  INFO 10892 --- [ecommerce] [scheduling-1] c.d.e.service.SincronizacaoService       : Lendo VW_ECOMMERCE_PRECOS no banco de dados...
2026-09-12T17:36:01.612-03:00  INFO 10892 --- [ecommerce] [scheduling-1] c.d.e.service.SincronizacaoService       : Ciclo finalizado. Total de atualizações enviadas: 0
2026-09-12T17:37:00.010-03:00  INFO 10892 --- [ecommerce] [scheduling-1] c.d.e.service.SincronizacaoService       : Lendo VW_ECOMMERCE_PRECOS no banco de dados...
2026-09-12T17:37:00.074-03:00  INFO 10892 --- [ecommerce] [scheduling-1] c.d.e.service.SincronizacaoService       : Ciclo finalizado. Total de atualizações enviadas: 0
2026-09-12T17:37:00.074-03:00  INFO 10892 --- [ecommerce] [scheduling-1] c.d.e.s.SincronizacaoEstoqueService      : [ESTOQUE] Lendo VW_ECOMMERCE_ESTOQUE no banco de dados...
2026-09-12T17:39:07.435-03:00  INFO 10892 --- [ecommerce] [scheduling-1] c.d.e.s.SincronizacaoEstoqueService      : [ESTOQUE] Ciclo finalizado. Total de atualizações enviadas: 0
2026-09-12T17:39:07.449-03:00  INFO 10892 --- [ecommerce] [scheduling-1] c.d.e.service.SincronizacaoService       : Lendo VW_ECOMMERCE_PRECOS no banco de dados...
2026-09-12T17:39:07.528-03:00  INFO 10892 --- [ecommerce] [scheduling-1] c.d.e.service.SincronizacaoService       : Ciclo finalizado. Total de atualizações enviadas: 0
2026-09-12T17:40:00.009-03:00  INFO 10892 --- [ecommerce] [scheduling-1] c.d.e.s.SincronizacaoEstoqueService      : [ESTOQUE] Lendo VW_ECOMMERCE_ESTOQUE no banco de dados...
2026-09-12T17:42:06.052-03:00  INFO 10892 --- [ecommerce] [scheduling-1] c.d.e.s.SincronizacaoEstoqueService      : [ESTOQUE] Ciclo finalizado. Total de atualizações enviadas: 0
2026-09-12T17:42:06.052-03:00  INFO 10892 --- [ecommerce] [scheduling-1] c.d.e.service.SincronizacaoService       : Lendo VW_ECOMMERCE_PRECOS no banco de dados...
2026-09-12T17:42:06.340-03:00  INFO 10892 --- [ecommerce] [scheduling-1] c.d.e.service.SincronizacaoService       : Ciclo finalizado. Total de atualizações enviadas: 0
2026-09-12T17:43:00.011-03:00  INFO 10892 --- [ecommerce] [scheduling-1] c.d.e.service.SincronizacaoService       : Lendo VW_ECOMMERCE_PRECOS no banco de dados...
2026-09-12T17:43:00.139-03:00  INFO 10892 --- [ecommerce] [scheduling-1] c.d.e.service.SincronizacaoService       : Ciclo finalizado. Total de atualizações enviadas: 0
2026-09-12T17:43:00.139-03:00  INFO 10892 --- [ecommerce] [scheduling-1] c.d.e.s.SincronizacaoEstoqueService      : [ESTOQUE] Lendo VW_ECOMMERCE_ESTOQUE no banco de dados...
2026-09-12T17:45:02.661-03:00  INFO 10892 --- [ecommerce] [scheduling-1] c.d.e.s.SincronizacaoEstoqueService      : [ESTOQUE] Ciclo finalizado. Total de atualizações enviadas: 0
2026-09-12T17:45:02.661-03:00  INFO 10892 --- [ecommerce] [scheduling-1] c.d.e.service.SincronizacaoService       : Lendo VW_ECOMMERCE_PRECOS no banco de dados...
2026-09-12T17:45:03.035-03:00  INFO 10892 --- [ecommerce] [scheduling-1] c.d.e.service.SincronizacaoService       : Ciclo finalizado. Total de atualizações enviadas: 0
2026-09-12T17:46:00.001-03:00  INFO 10892 --- [ecommerce] [scheduling-1] c.d.e.service.SincronizacaoService       : Lendo VW_ECOMMERCE_PRECOS no banco de dados...
2026-09-12T17:46:00.114-03:00  INFO 10892 --- [ecommerce] [scheduling-1] c.d.e.service.SincronizacaoService       : Ciclo finalizado. Total de atualizações enviadas: 0
2026-09-12T17:46:00.114-03:00  INFO 10892 --- [ecommerce] [scheduling-1] c.d.e.s.SincronizacaoEstoqueService      : [ESTOQUE] Lendo VW_ECOMMERCE_ESTOQUE no banco de dados...
2026-09-12T17:48:05.434-03:00  INFO 10892 --- [ecommerce] [scheduling-1] c.d.e.s.SincronizacaoEstoqueService      : [ESTOQUE] Ciclo finalizado. Total de atualizações enviadas: 0
2026-09-12T17:48:05.434-03:00  INFO 10892 --- [ecommerce] [scheduling-1] c.d.e.service.SincronizacaoService       : Lendo VW_ECOMMERCE_PRECOS no banco de dados...
2026-09-12T17:48:05.575-03:00  INFO 10892 --- [ecommerce] [scheduling-1] c.d.e.service.SincronizacaoService       : Ciclo finalizado. Total de atualizações enviadas: 0
2026-09-12T17:49:00.008-03:00  INFO 10892 --- [ecommerce] [scheduling-1] c.d.e.s.SincronizacaoEstoqueService      : [ESTOQUE] Lendo VW_ECOMMERCE_ESTOQUE no banco de dados...
2026-09-12T17:51:08.833-03:00  INFO 10892 --- [ecommerce] [scheduling-1] c.d.e.s.SincronizacaoEstoqueService      : [ESTOQUE] Ciclo finalizado. Total de atualizações enviadas: 0
2026-09-12T17:51:08.833-03:00  INFO 10892 --- [ecommerce] [scheduling-1] c.d.e.service.SincronizacaoService       : Lendo VW_ECOMMERCE_PRECOS no banco de dados...
2026-09-12T17:51:08.977-03:00  INFO 10892 --- [ecommerce] [scheduling-1] c.d.e.service.SincronizacaoService       : Ciclo finalizado. Total de atualizações enviadas: 0
2026-09-12T17:52:00.019-03:00  INFO 10892 --- [ecommerce] [scheduling-1] c.d.e.service.SincronizacaoService       : Lendo VW_ECOMMERCE_PRECOS no banco de dados...
2026-09-12T17:52:00.307-03:00  INFO 10892 --- [ecommerce] [scheduling-1] c.d.e.service.SincronizacaoService       : Ciclo finalizado. Total de atualizações enviadas: 0
2026-09-12T17:52:00.307-03:00  INFO 10892 --- [ecommerce] [scheduling-1] c.d.e.s.SincronizacaoEstoqueService      : [ESTOQUE] Lendo VW_ECOMMERCE_ESTOQUE no banco de dados...
2026-09-12T17:52:02.536-03:00  INFO 10892 --- [ecommerce] [scheduling-1] c.d.e.s.SincronizacaoEstoqueService      : [ESTOQUE] Sucesso! RefId 8727443 (VTEX: 1916) atualizado para 86 un.
2026-09-12T17:52:59.028-03:00  INFO 10892 --- [ecommerce] [scheduling-1] c.d.e.s.SincronizacaoEstoqueService      : [ESTOQUE] Ciclo finalizado. Total de atualizações enviadas: 1
2026-09-12T17:53:00.002-03:00  INFO 10892 --- [ecommerce] [scheduling-1] c.d.e.s.SincronizacaoEstoqueService      : [ESTOQUE] Lendo VW_ECOMMERCE_ESTOQUE no banco de dados...
2026-09-12T17:53:49.491-03:00  INFO 10892 --- [ecommerce] [scheduling-1] c.d.e.s.SincronizacaoEstoqueService      : [ESTOQUE] Ciclo finalizado. Total de atualizações enviadas: 0
2026-09-12T17:53:49.502-03:00  INFO 10892 --- [ecommerce] [scheduling-1] c.d.e.service.SincronizacaoService       : Lendo VW_ECOMMERCE_PRECOS no banco de dados...
2026-09-12T17:53:49.566-03:00  INFO 10892 --- [ecommerce] [scheduling-1] c.d.e.service.SincronizacaoService       : Ciclo finalizado. Total de atualizações enviadas: 0
2026-09-12T17:54:00.011-03:00  INFO 10892 --- [ecommerce] [scheduling-1] c.d.e.s.SincronizacaoEstoqueService      : [ESTOQUE] Lendo VW_ECOMMERCE_ESTOQUE no banco de dados...
2026-09-12T17:56:03.911-03:00  INFO 10892 --- [ecommerce] [scheduling-1] c.d.e.s.SincronizacaoEstoqueService      : [ESTOQUE] Ciclo finalizado. Total de atualizações enviadas: 0
2026-09-12T17:56:03.911-03:00  INFO 10892 --- [ecommerce] [scheduling-1] c.d.e.service.SincronizacaoService       : Lendo VW_ECOMMERCE_PRECOS no banco de dados...
2026-09-12T17:56:03.975-03:00  INFO 10892 --- [ecommerce] [scheduling-1] c.d.e.service.SincronizacaoService       : Ciclo finalizado. Total de atualizações enviadas: 0
2026-09-12T17:57:00.002-03:00  INFO 10892 --- [ecommerce] [scheduling-1] c.d.e.service.SincronizacaoService       : Lendo VW_ECOMMERCE_PRECOS no banco de dados...
2026-09-12T17:57:00.098-03:00  INFO 10892 --- [ecommerce] [scheduling-1] c.d.e.service.SincronizacaoService       : Ciclo finalizado. Total de atualizações enviadas: 0
2026-09-12T17:57:00.098-03:00  INFO 10892 --- [ecommerce] [scheduling-1] c.d.e.s.SincronizacaoEstoqueService      : [ESTOQUE] Lendo VW_ECOMMERCE_ESTOQUE no banco de dados...
2026-09-12T17:59:06.561-03:00  INFO 10892 --- [ecommerce] [scheduling-1] c.d.e.s.SincronizacaoEstoqueService      : [ESTOQUE] Ciclo finalizado. Total de atualizações enviadas: 0
2026-09-12T17:59:06.566-03:00  INFO 10892 --- [ecommerce] [scheduling-1] c.d.e.service.SincronizacaoService       : Lendo VW_ECOMMERCE_PRECOS no banco de dados...
2026-09-12T17:59:06.728-03:00  INFO 10892 --- [ecommerce] [scheduling-1] c.d.e.service.SincronizacaoService       : Ciclo finalizado. Total de atualizações enviadas: 0
2026-09-12T18:00:00.014-03:00  INFO 10892 --- [ecommerce] [scheduling-1] c.d.e.s.SincronizacaoEstoqueService      : [ESTOQUE] Lendo VW_ECOMMERCE_ESTOQUE no banco de dados...
2026-09-12T18:00:02.006-03:00  INFO 10892 --- [ecommerce] [scheduling-1] c.d.e.s.SincronizacaoEstoqueService      : [ESTOQUE] Sucesso! RefId 8725824 (VTEX: 1375) atualizado para 753 un.
2026-09-12T18:02:06.101-03:00  INFO 10892 --- [ecommerce] [scheduling-1] c.d.e.s.SincronizacaoEstoqueService      : [ESTOQUE] Ciclo finalizado. Total de atualizações enviadas: 1
2026-09-12T18:02:06.101-03:00  INFO 10892 --- [ecommerce] [scheduling-1] c.d.e.service.SincronizacaoService       : Lendo VW_ECOMMERCE_PRECOS no banco de dados...
2026-09-12T18:02:06.199-03:00  INFO 10892 --- [ecommerce] [scheduling-1] c.d.e.service.SincronizacaoService       : Ciclo finalizado. Total de atualizações enviadas: 0
2026-09-12T18:03:00.022-03:00  INFO 10892 --- [ecommerce] [scheduling-1] c.d.e.s.SincronizacaoEstoqueService      : [ESTOQUE] Lendo VW_ECOMMERCE_ESTOQUE no banco de dados...
2026-09-12T18:05:08.314-03:00  INFO 10892 --- [ecommerce] [scheduling-1] c.d.e.s.SincronizacaoEstoqueService      : [ESTOQUE] Ciclo finalizado. Total de atualizações enviadas: 0
2026-09-12T18:05:08.316-03:00  INFO 10892 --- [ecommerce] [scheduling-1] c.d.e.service.SincronizacaoService       : Lendo VW_ECOMMERCE_PRECOS no banco de dados...
2026-09-12T18:05:08.538-03:00  INFO 10892 --- [ecommerce] [scheduling-1] c.d.e.service.SincronizacaoService       : Ciclo finalizado. Total de atualizações enviadas: 0
2026-09-12T18:06:00.009-03:00  INFO 10892 --- [ecommerce] [scheduling-1] c.d.e.s.SincronizacaoEstoqueService      : [ESTOQUE] Lendo VW_ECOMMERCE_ESTOQUE no banco de dados...
2026-09-12T18:08:02.294-03:00  INFO 10892 --- [ecommerce] [scheduling-1] c.d.e.s.SincronizacaoEstoqueService      : [ESTOQUE] Ciclo finalizado. Total de atualizações enviadas: 0
2026-09-12T18:08:02.294-03:00  INFO 10892 --- [ecommerce] [scheduling-1] c.d.e.service.SincronizacaoService       : Lendo VW_ECOMMERCE_PRECOS no banco de dados...
2026-09-12T18:08:02.474-03:00  INFO 10892 --- [ecommerce] [scheduling-1] c.d.e.service.SincronizacaoService       : Ciclo finalizado. Total de atualizações enviadas: 0
2026-09-12T18:09:00.016-03:00  INFO 10892 --- [ecommerce] [scheduling-1] c.d.e.service.SincronizacaoService       : Lendo VW_ECOMMERCE_PRECOS no banco de dados...
2026-09-12T18:09:00.096-03:00  INFO 10892 --- [ecommerce] [scheduling-1] c.d.e.service.SincronizacaoService       : Ciclo finalizado. Total de atualizações enviadas: 0
2026-09-12T18:09:00.096-03:00  INFO 10892 --- [ecommerce] [scheduling-1] c.d.e.s.SincronizacaoEstoqueService      : [ESTOQUE] Lendo VW_ECOMMERCE_ESTOQUE no banco de dados...
2026-09-12T18:11:08.890-03:00  INFO 10892 --- [ecommerce] [scheduling-1] c.d.e.s.SincronizacaoEstoqueService      : [ESTOQUE] Ciclo finalizado. Total de atualizações enviadas: 0
2026-09-12T18:11:08.890-03:00  INFO 10892 --- [ecommerce] [scheduling-1] c.d.e.service.SincronizacaoService       : Lendo VW_ECOMMERCE_PRECOS no banco de dados...
2026-09-12T18:11:09.000-03:00  INFO 10892 --- [ecommerce] [scheduling-1] c.d.e.service.SincronizacaoService       : Ciclo finalizado. Total de atualizações enviadas: 0
2026-09-12T18:12:00.016-03:00  INFO 10892 --- [ecommerce] [scheduling-1] c.d.e.s.SincronizacaoEstoqueService      : [ESTOQUE] Lendo VW_ECOMMERCE_ESTOQUE no banco de dados...
2026-09-12T18:14:01.379-03:00  INFO 10892 --- [ecommerce] [scheduling-1] c.d.e.s.SincronizacaoEstoqueService      : [ESTOQUE] Ciclo finalizado. Total de atualizações enviadas: 0
2026-09-12T18:14:01.379-03:00  INFO 10892 --- [ecommerce] [scheduling-1] c.d.e.service.SincronizacaoService       : Lendo VW_ECOMMERCE_PRECOS no banco de dados...
2026-09-12T18:14:01.481-03:00  INFO 10892 --- [ecommerce] [scheduling-1] c.d.e.service.SincronizacaoService       : Ciclo finalizado. Total de atualizações enviadas: 0
2026-09-12T18:15:00.017-03:00  INFO 10892 --- [ecommerce] [scheduling-1] c.d.e.service.SincronizacaoService       : Lendo VW_ECOMMERCE_PRECOS no banco de dados...
2026-09-12T18:15:00.097-03:00  INFO 10892 --- [ecommerce] [scheduling-1] c.d.e.service.SincronizacaoService       : Ciclo finalizado. Total de atualizações enviadas: 0
2026-09-12T18:15:00.097-03:00  INFO 10892 --- [ecommerce] [scheduling-1] c.d.e.s.SincronizacaoEstoqueService      : [ESTOQUE] Lendo VW_ECOMMERCE_ESTOQUE no banco de dados...
2026-09-12T18:17:07.496-03:00  INFO 10892 --- [ecommerce] [scheduling-1] c.d.e.s.SincronizacaoEstoqueService      : [ESTOQUE] Ciclo finalizado. Total de atualizações enviadas: 0
2026-09-12T18:17:07.496-03:00  INFO 10892 --- [ecommerce] [scheduling-1] c.d.e.service.SincronizacaoService       : Lendo VW_ECOMMERCE_PRECOS no banco de dados...
2026-09-12T18:17:07.619-03:00  INFO 10892 --- [ecommerce] [scheduling-1] c.d.e.service.SincronizacaoService       : Ciclo finalizado. Total de atualizações enviadas: 0
2026-09-12T18:18:00.008-03:00  INFO 10892 --- [ecommerce] [scheduling-1] c.d.e.s.SincronizacaoEstoqueService      : [ESTOQUE] Lendo VW_ECOMMERCE_ESTOQUE no banco de dados...
2026-09-12T18:20:02.100-03:00  INFO 10892 --- [ecommerce] [scheduling-1] c.d.e.s.SincronizacaoEstoqueService      : [ESTOQUE] Ciclo finalizado. Total de atualizações enviadas: 0
2026-09-12T18:20:02.100-03:00  INFO 10892 --- [ecommerce] [scheduling-1] c.d.e.service.SincronizacaoService       : Lendo VW_ECOMMERCE_PRECOS no banco de dados...
2026-09-12T18:20:02.197-03:00  INFO 10892 --- [ecommerce] [scheduling-1] c.d.e.service.SincronizacaoService       : Ciclo finalizado. Total de atualizações enviadas: 0
2026-09-12T18:21:00.015-03:00  INFO 10892 --- [ecommerce] [scheduling-1] c.d.e.s.SincronizacaoEstoqueService      : [ESTOQUE] Lendo VW_ECOMMERCE_ESTOQUE no banco de dados...
2026-09-12T18:23:08.899-03:00  INFO 10892 --- [ecommerce] [scheduling-1] c.d.e.s.SincronizacaoEstoqueService      : [ESTOQUE] Ciclo finalizado. Total de atualizações enviadas: 0
2026-09-12T18:23:08.899-03:00  INFO 10892 --- [ecommerce] [scheduling-1] c.d.e.service.SincronizacaoService       : Lendo VW_ECOMMERCE_PRECOS no banco de dados...
2026-09-12T18:23:08.979-03:00  INFO 10892 --- [ecommerce] [scheduling-1] c.d.e.service.SincronizacaoService       : Ciclo finalizado. Total de atualizações enviadas: 0
2026-09-12T18:24:00.023-03:00  INFO 10892 --- [ecommerce] [scheduling-1] c.d.e.s.SincronizacaoEstoqueService      : [ESTOQUE] Lendo VW_ECOMMERCE_ESTOQUE no banco de dados...
2026-09-12T18:26:02.367-03:00  INFO 10892 --- [ecommerce] [scheduling-1] c.d.e.s.SincronizacaoEstoqueService      : [ESTOQUE] Ciclo finalizado. Total de atualizações enviadas: 0
2026-09-12T18:26:02.383-03:00  INFO 10892 --- [ecommerce] [scheduling-1] c.d.e.service.SincronizacaoService       : Lendo VW_ECOMMERCE_PRECOS no banco de dados...
2026-09-12T18:26:02.527-03:00  INFO 10892 --- [ecommerce] [scheduling-1] c.d.e.service.SincronizacaoService       : Ciclo finalizado. Total de atualizações enviadas: 0
2026-09-12T18:27:00.015-03:00  INFO 10892 --- [ecommerce] [scheduling-1] c.d.e.s.SincronizacaoEstoqueService      : [ESTOQUE] Lendo VW_ECOMMERCE_ESTOQUE no banco de dados...
2026-09-12T18:29:04.751-03:00  INFO 10892 --- [ecommerce] [scheduling-1] c.d.e.s.SincronizacaoEstoqueService      : [ESTOQUE] Ciclo finalizado. Total de atualizações enviadas: 0
2026-09-12T18:29:04.751-03:00  INFO 10892 --- [ecommerce] [scheduling-1] c.d.e.service.SincronizacaoService       : Lendo VW_ECOMMERCE_PRECOS no banco de dados...
2026-09-12T18:29:05.127-03:00  INFO 10892 --- [ecommerce] [scheduling-1] c.d.e.service.SincronizacaoService       : Ciclo finalizado. Total de atualizações enviadas: 0
2026-09-12T18:30:00.013-03:00  INFO 10892 --- [ecommerce] [scheduling-1] c.d.e.service.SincronizacaoService       : Lendo VW_ECOMMERCE_PRECOS no banco de dados...
2026-09-12T18:30:00.127-03:00  INFO 10892 --- [ecommerce] [scheduling-1] c.d.e.service.SincronizacaoService       : Ciclo finalizado. Total de atualizações enviadas: 0
2026-09-12T18:30:00.127-03:00  INFO 10892 --- [ecommerce] [scheduling-1] c.d.e.s.SincronizacaoEstoqueService      : [ESTOQUE] Lendo VW_ECOMMERCE_ESTOQUE no banco de dados...
2026-09-12T18:32:04.592-03:00  INFO 10892 --- [ecommerce] [scheduling-1] c.d.e.s.SincronizacaoEstoqueService      : [ESTOQUE] Ciclo finalizado. Total de atualizações enviadas: 0
2026-09-12T18:32:04.592-03:00  INFO 10892 --- [ecommerce] [scheduling-1] c.d.e.service.SincronizacaoService       : Lendo VW_ECOMMERCE_PRECOS no banco de dados...
2026-09-12T18:32:04.655-03:00  INFO 10892 --- [ecommerce] [scheduling-1] c.d.e.service.SincronizacaoService       : Ciclo finalizado. Total de atualizações enviadas: 0
2026-09-12T18:33:00.017-03:00  INFO 10892 --- [ecommerce] [scheduling-1] c.d.e.service.SincronizacaoService       : Lendo VW_ECOMMERCE_PRECOS no banco de dados...
2026-09-12T18:33:00.162-03:00  INFO 10892 --- [ecommerce] [scheduling-1] c.d.e.service.SincronizacaoService       : Ciclo finalizado. Total de atualizações enviadas: 0
2026-09-12T18:33:00.162-03:00  INFO 10892 --- [ecommerce] [scheduling-1] c.d.e.s.SincronizacaoEstoqueService      : [ESTOQUE] Lendo VW_ECOMMERCE_ESTOQUE no banco de dados...
2026-09-12T18:35:08.853-03:00  INFO 10892 --- [ecommerce] [scheduling-1] c.d.e.s.SincronizacaoEstoqueService      : [ESTOQUE] Ciclo finalizado. Total de atualizações enviadas: 0
2026-09-12T18:35:08.853-03:00  INFO 10892 --- [ecommerce] [scheduling-1] c.d.e.service.SincronizacaoService       : Lendo VW_ECOMMERCE_PRECOS no banco de dados...
2026-09-12T18:35:08.994-03:00  INFO 10892 --- [ecommerce] [scheduling-1] c.d.e.service.SincronizacaoService       : Ciclo finalizado. Total de atualizações enviadas: 0
2026-09-12T18:36:00.006-03:00  INFO 10892 --- [ecommerce] [scheduling-1] c.d.e.service.SincronizacaoService       : Lendo VW_ECOMMERCE_PRECOS no banco de dados...
2026-09-12T18:36:00.109-03:00  INFO 10892 --- [ecommerce] [scheduling-1] c.d.e.service.SincronizacaoService       : Ciclo finalizado. Total de atualizações enviadas: 0
2026-09-12T18:36:00.109-03:00  INFO 10892 --- [ecommerce] [scheduling-1] c.d.e.s.SincronizacaoEstoqueService      : [ESTOQUE] Lendo VW_ECOMMERCE_ESTOQUE no banco de dados...
2026-09-12T18:37:20.605-03:00  INFO 10892 --- [ecommerce] [scheduling-1] c.d.e.s.SincronizacaoEstoqueService      : [ESTOQUE] Ciclo finalizado. Total de atualizações enviadas: 0
2026-09-12T18:37:20.605-03:00  INFO 10892 --- [ecommerce] [scheduling-1] c.d.e.service.SincronizacaoService       : Lendo VW_ECOMMERCE_PRECOS no banco de dados...
2026-09-12T18:37:20.651-03:00  INFO 10892 --- [ecommerce] [scheduling-1] c.d.e.service.SincronizacaoService       : Ciclo finalizado. Total de atualizações enviadas: 0
2026-09-12T18:38:00.014-03:00  INFO 10892 --- [ecommerce] [scheduling-1] c.d.e.s.SincronizacaoEstoqueService      : [ESTOQUE] Lendo VW_ECOMMERCE_ESTOQUE no banco de dados...
2026-09-12T18:40:15.347-03:00  INFO 10892 --- [ecommerce] [scheduling-1] c.d.e.s.SincronizacaoEstoqueService      : [ESTOQUE] Ciclo finalizado. Total de atualizações enviadas: 0
2026-09-12T18:40:15.347-03:00  INFO 10892 --- [ecommerce] [scheduling-1] c.d.e.service.SincronizacaoService       : Lendo VW_ECOMMERCE_PRECOS no banco de dados...
2026-09-12T18:40:15.490-03:00  INFO 10892 --- [ecommerce] [scheduling-1] c.d.e.service.SincronizacaoService       : Ciclo finalizado. Total de atualizações enviadas: 0
2026-09-12T18:41:00.014-03:00  INFO 10892 --- [ecommerce] [scheduling-1] c.d.e.s.SincronizacaoEstoqueService      : [ESTOQUE] Lendo VW_ECOMMERCE_ESTOQUE no banco de dados...
2026-09-12T18:41:54.447-03:00  INFO 10892 --- [ecommerce] [scheduling-1] c.d.e.s.SincronizacaoEstoqueService      : [ESTOQUE] Ciclo finalizado. Total de atualizações enviadas: 0
2026-09-12T18:41:54.447-03:00  INFO 10892 --- [ecommerce] [scheduling-1] c.d.e.service.SincronizacaoService       : Lendo VW_ECOMMERCE_PRECOS no banco de dados...
2026-09-12T18:41:54.505-03:00  INFO 10892 --- [ecommerce] [scheduling-1] c.d.e.service.SincronizacaoService       : Ciclo finalizado. Total de atualizações enviadas: 0
2026-09-12T18:42:00.014-03:00  INFO 10892 --- [ecommerce] [scheduling-1] c.d.e.s.SincronizacaoEstoqueService      : [ESTOQUE] Lendo VW_ECOMMERCE_ESTOQUE no banco de dados...
2026-09-12T18:44:00.355-03:00  INFO 10892 --- [ecommerce] [scheduling-1] c.d.e.s.SincronizacaoEstoqueService      : [ESTOQUE] Ciclo finalizado. Total de atualizações enviadas: 0
2026-09-12T18:44:00.355-03:00  INFO 10892 --- [ecommerce] [scheduling-1] c.d.e.service.SincronizacaoService       : Lendo VW_ECOMMERCE_PRECOS no banco de dados...
2026-09-12T18:44:00.467-03:00  INFO 10892 --- [ecommerce] [scheduling-1] c.d.e.service.SincronizacaoService       : Ciclo finalizado. Total de atualizações enviadas: 0
2026-09-12T18:45:00.001-03:00  INFO 10892 --- [ecommerce] [scheduling-1] c.d.e.service.SincronizacaoService       : Lendo VW_ECOMMERCE_PRECOS no banco de dados...
2026-09-12T18:45:00.194-03:00  INFO 10892 --- [ecommerce] [scheduling-1] c.d.e.service.SincronizacaoService       : Ciclo finalizado. Total de atualizações enviadas: 0
2026-09-12T18:45:00.194-03:00  INFO 10892 --- [ecommerce] [scheduling-1] c.d.e.s.SincronizacaoEstoqueService      : [ESTOQUE] Lendo VW_ECOMMERCE_ESTOQUE no banco de dados...
2026-09-12T18:46:55.215-03:00  INFO 10892 --- [ecommerce] [scheduling-1] c.d.e.s.SincronizacaoEstoqueService      : [ESTOQUE] Ciclo finalizado. Total de atualizações enviadas: 0
2026-09-12T18:46:55.215-03:00  INFO 10892 --- [ecommerce] [scheduling-1] c.d.e.service.SincronizacaoService       : Lendo VW_ECOMMERCE_PRECOS no banco de dados...
2026-09-12T18:46:55.331-03:00  INFO 10892 --- [ecommerce] [scheduling-1] c.d.e.service.SincronizacaoService       : Ciclo finalizado. Total de atualizações enviadas: 0
2026-09-12T18:47:00.021-03:00  INFO 10892 --- [ecommerce] [scheduling-1] c.d.e.service.SincronizacaoService       : Lendo VW_ECOMMERCE_PRECOS no banco de dados...
2026-09-12T18:47:00.168-03:00  INFO 10892 --- [ecommerce] [scheduling-1] c.d.e.service.SincronizacaoService       : Ciclo finalizado. Total de atualizações enviadas: 0
2026-09-12T18:47:00.168-03:00  INFO 10892 --- [ecommerce] [scheduling-1] c.d.e.s.SincronizacaoEstoqueService      : [ESTOQUE] Lendo VW_ECOMMERCE_ESTOQUE no banco de dados...
2026-09-12T18:48:23.856-03:00  INFO 10892 --- [ecommerce] [scheduling-1] c.d.e.s.SincronizacaoEstoqueService      : [ESTOQUE] Ciclo finalizado. Total de atualizações enviadas: 0
2026-09-12T18:48:23.872-03:00  INFO 10892 --- [ecommerce] [scheduling-1] c.d.e.service.SincronizacaoService       : Lendo VW_ECOMMERCE_PRECOS no banco de dados...
2026-09-12T18:48:23.968-03:00  INFO 10892 --- [ecommerce] [scheduling-1] c.d.e.service.SincronizacaoService       : Ciclo finalizado. Total de atualizações enviadas: 0
2026-09-12T18:49:00.008-03:00  INFO 10892 --- [ecommerce] [scheduling-1] c.d.e.s.SincronizacaoEstoqueService      : [ESTOQUE] Lendo VW_ECOMMERCE_ESTOQUE no banco de dados...
2026-09-12T18:50:08.390-03:00  INFO 10892 --- [ecommerce] [scheduling-1] c.d.e.s.SincronizacaoEstoqueService      : [ESTOQUE] Ciclo finalizado. Total de atualizações enviadas: 0
2026-09-12T18:50:08.390-03:00  INFO 10892 --- [ecommerce] [scheduling-1] c.d.e.service.SincronizacaoService       : Lendo VW_ECOMMERCE_PRECOS no banco de dados...
2026-09-12T18:50:08.456-03:00  INFO 10892 --- [ecommerce] [scheduling-1] c.d.e.service.SincronizacaoService       : Ciclo finalizado. Total de atualizações enviadas: 0
2026-09-12T18:51:00.008-03:00  INFO 10892 --- [ecommerce] [scheduling-1] c.d.e.service.SincronizacaoService       : Lendo VW_ECOMMERCE_PRECOS no banco de dados...
2026-09-12T18:51:00.105-03:00  INFO 10892 --- [ecommerce] [scheduling-1] c.d.e.service.SincronizacaoService       : Ciclo finalizado. Total de atualizações enviadas: 0
2026-09-12T18:51:00.105-03:00  INFO 10892 --- [ecommerce] [scheduling-1] c.d.e.s.SincronizacaoEstoqueService      : [ESTOQUE] Lendo VW_ECOMMERCE_ESTOQUE no banco de dados...
2026-09-12T18:53:06.510-03:00  INFO 10892 --- [ecommerce] [scheduling-1] c.d.e.s.SincronizacaoEstoqueService      : [ESTOQUE] Ciclo finalizado. Total de atualizações enviadas: 0
2026-09-12T18:53:06.512-03:00  INFO 10892 --- [ecommerce] [scheduling-1] c.d.e.service.SincronizacaoService       : Lendo VW_ECOMMERCE_PRECOS no banco de dados...
2026-09-12T18:53:06.608-03:00  INFO 10892 --- [ecommerce] [scheduling-1] c.d.e.service.SincronizacaoService       : Ciclo finalizado. Total de atualizações enviadas: 0
2026-09-12T18:54:00.009-03:00  INFO 10892 --- [ecommerce] [scheduling-1] c.d.e.s.SincronizacaoEstoqueService      : [ESTOQUE] Lendo VW_ECOMMERCE_ESTOQUE no banco de dados...
2026-09-12T18:56:00.443-03:00  INFO 10892 --- [ecommerce] [scheduling-1] c.d.e.s.SincronizacaoEstoqueService      : [ESTOQUE] Ciclo finalizado. Total de atualizações enviadas: 0
2026-09-12T18:56:00.455-03:00  INFO 10892 --- [ecommerce] [scheduling-1] c.d.e.service.SincronizacaoService       : Lendo VW_ECOMMERCE_PRECOS no banco de dados...
2026-09-12T18:56:00.568-03:00  INFO 10892 --- [ecommerce] [scheduling-1] c.d.e.service.SincronizacaoService       : Ciclo finalizado. Total de atualizações enviadas: 0
2026-09-12T18:57:00.014-03:00  INFO 10892 --- [ecommerce] [scheduling-1] c.d.e.s.SincronizacaoEstoqueService      : [ESTOQUE] Lendo VW_ECOMMERCE_ESTOQUE no banco de dados...
2026-09-12T18:59:06.320-03:00  INFO 10892 --- [ecommerce] [scheduling-1] c.d.e.s.SincronizacaoEstoqueService      : [ESTOQUE] Ciclo finalizado. Total de atualizações enviadas: 0
2026-09-12T18:59:06.320-03:00  INFO 10892 --- [ecommerce] [scheduling-1] c.d.e.service.SincronizacaoService       : Lendo VW_ECOMMERCE_PRECOS no banco de dados...
2026-09-12T18:59:06.399-03:00  INFO 10892 --- [ecommerce] [scheduling-1] c.d.e.service.SincronizacaoService       : Ciclo finalizado. Total de atualizações enviadas: 0
2026-09-12T19:00:00.004-03:00  INFO 10892 --- [ecommerce] [scheduling-1] c.d.e.s.SincronizacaoEstoqueService      : [ESTOQUE] Lendo VW_ECOMMERCE_ESTOQUE no banco de dados...
2026-09-12T19:00:52.538-03:00  INFO 10892 --- [ecommerce] [scheduling-1] c.d.e.s.SincronizacaoEstoqueService      : [ESTOQUE] Ciclo finalizado. Total de atualizações enviadas: 0
2026-09-12T19:00:52.538-03:00  INFO 10892 --- [ecommerce] [scheduling-1] c.d.e.service.SincronizacaoService       : Lendo VW_ECOMMERCE_PRECOS no banco de dados...
2026-09-12T19:00:52.658-03:00  INFO 10892 --- [ecommerce] [scheduling-1] c.d.e.service.SincronizacaoService       : Ciclo finalizado. Total de atualizações enviadas: 0
2026-09-12T19:01:00.009-03:00  INFO 10892 --- [ecommerce] [scheduling-1] c.d.e.s.SincronizacaoEstoqueService      : [ESTOQUE] Lendo VW_ECOMMERCE_ESTOQUE no banco de dados...
2026-09-12T19:02:59.224-03:00  INFO 10892 --- [ecommerce] [scheduling-1] c.d.e.s.SincronizacaoEstoqueService      : [ESTOQUE] Ciclo finalizado. Total de atualizações enviadas: 0
2026-09-12T19:02:59.224-03:00  INFO 10892 --- [ecommerce] [scheduling-1] c.d.e.service.SincronizacaoService       : Lendo VW_ECOMMERCE_PRECOS no banco de dados...
2026-09-12T19:02:59.331-03:00  INFO 10892 --- [ecommerce] [scheduling-1] c.d.e.service.SincronizacaoService       : Ciclo finalizado. Total de atualizações enviadas: 0
2026-09-12T19:03:00.006-03:00  INFO 10892 --- [ecommerce] [scheduling-1] c.d.e.service.SincronizacaoService       : Lendo VW_ECOMMERCE_PRECOS no banco de dados...
2026-09-12T19:03:00.054-03:00  INFO 10892 --- [ecommerce] [scheduling-1] c.d.e.service.SincronizacaoService       : Ciclo finalizado. Total de atualizações enviadas: 0
2026-09-12T19:03:00.054-03:00  INFO 10892 --- [ecommerce] [scheduling-1] c.d.e.s.SincronizacaoEstoqueService      : [ESTOQUE] Lendo VW_ECOMMERCE_ESTOQUE no banco de dados...
2026-09-12T19:05:06.263-03:00  INFO 10892 --- [ecommerce] [scheduling-1] c.d.e.s.SincronizacaoEstoqueService      : [ESTOQUE] Ciclo finalizado. Total de atualizações enviadas: 0
2026-09-12T19:05:06.263-03:00  INFO 10892 --- [ecommerce] [scheduling-1] c.d.e.service.SincronizacaoService       : Lendo VW_ECOMMERCE_PRECOS no banco de dados...
2026-09-12T19:05:06.378-03:00  INFO 10892 --- [ecommerce] [scheduling-1] c.d.e.service.SincronizacaoService       : Ciclo finalizado. Total de atualizações enviadas: 0
2026-09-12T19:06:00.006-03:00  INFO 10892 --- [ecommerce] [scheduling-1] c.d.e.s.SincronizacaoEstoqueService      : [ESTOQUE] Lendo VW_ECOMMERCE_ESTOQUE no banco de dados...
2026-09-12T19:06:01.872-03:00  INFO 10892 --- [ecommerce] [scheduling-1] c.d.e.s.SincronizacaoEstoqueService      : [ESTOQUE] Sucesso! RefId 8724114 (VTEX: 2130) atualizado para 396 un.
2026-09-12T19:06:02.721-03:00  INFO 10892 --- [ecommerce] [scheduling-1] c.d.e.s.SincronizacaoEstoqueService      : [ESTOQUE] Sucesso! RefId 8724801 (VTEX: 1200) atualizado para 656 un.
2026-09-12T19:06:03.126-03:00  INFO 10892 --- [ecommerce] [scheduling-1] c.d.e.s.SincronizacaoEstoqueService      : [ESTOQUE] Sucesso! RefId 8724807 (VTEX: 1204) atualizado para 81 un.
2026-09-12T19:06:03.913-03:00  INFO 10892 --- [ecommerce] [scheduling-1] c.d.e.s.SincronizacaoEstoqueService      : [ESTOQUE] Sucesso! RefId 8724808 (VTEX: 1205) atualizado para 193 un.
2026-09-12T19:06:04.709-03:00  INFO 10892 --- [ecommerce] [scheduling-1] c.d.e.s.SincronizacaoEstoqueService      : [ESTOQUE] Sucesso! RefId 8725178 (VTEX: 1259) atualizado para 814 un.
2026-09-12T19:06:05.525-03:00  INFO 10892 --- [ecommerce] [scheduling-1] c.d.e.s.SincronizacaoEstoqueService      : [ESTOQUE] Sucesso! RefId 8725576 (VTEX: 1313) atualizado para 1674 un.
2026-09-12T19:06:06.308-03:00  INFO 10892 --- [ecommerce] [scheduling-1] c.d.e.s.SincronizacaoEstoqueService      : [ESTOQUE] Sucesso! RefId 8725829 (VTEX: 1380) atualizado para 174 un.
2026-09-12T19:06:07.124-03:00  INFO 10892 --- [ecommerce] [scheduling-1] c.d.e.s.SincronizacaoEstoqueService      : [ESTOQUE] Sucesso! RefId 8726145 (VTEX: 1470) atualizado para 803 un.
2026-09-12T19:06:07.797-03:00  INFO 10892 --- [ecommerce] [scheduling-1] c.d.e.s.SincronizacaoEstoqueService      : [ESTOQUE] Sucesso! RefId 8727437 (VTEX: 1910) atualizado para 768 un.
2026-09-12T19:06:08.378-03:00  INFO 10892 --- [ecommerce] [scheduling-1] c.d.e.s.SincronizacaoEstoqueService      : [ESTOQUE] Sucesso! RefId 8727761 (VTEX: 2087) atualizado para 235 un.
2026-09-12T19:08:09.286-03:00  INFO 10892 --- [ecommerce] [scheduling-1] c.d.e.s.SincronizacaoEstoqueService      : [ESTOQUE] Ciclo finalizado. Total de atualizações enviadas: 10
2026-09-12T19:08:09.286-03:00  INFO 10892 --- [ecommerce] [scheduling-1] c.d.e.service.SincronizacaoService       : Lendo VW_ECOMMERCE_PRECOS no banco de dados...
2026-09-12T19:08:09.395-03:00  INFO 10892 --- [ecommerce] [scheduling-1] c.d.e.service.SincronizacaoService       : Ciclo finalizado. Total de atualizações enviadas: 0
2026-09-12T19:09:00.009-03:00  INFO 10892 --- [ecommerce] [scheduling-1] c.d.e.s.SincronizacaoEstoqueService      : [ESTOQUE] Lendo VW_ECOMMERCE_ESTOQUE no banco de dados...
2026-09-12T19:11:02.561-03:00  INFO 10892 --- [ecommerce] [scheduling-1] c.d.e.s.SincronizacaoEstoqueService      : [ESTOQUE] Ciclo finalizado. Total de atualizações enviadas: 0
2026-09-12T19:11:02.561-03:00  INFO 10892 --- [ecommerce] [scheduling-1] c.d.e.service.SincronizacaoService       : Lendo VW_ECOMMERCE_PRECOS no banco de dados...
2026-09-12T19:11:02.669-03:00  INFO 10892 --- [ecommerce] [scheduling-1] c.d.e.service.SincronizacaoService       : Ciclo finalizado. Total de atualizações enviadas: 0
2026-09-12T19:12:00.011-03:00  INFO 10892 --- [ecommerce] [scheduling-1] c.d.e.s.SincronizacaoEstoqueService      : [ESTOQUE] Lendo VW_ECOMMERCE_ESTOQUE no banco de dados...
2026-09-12T19:14:00.613-03:00  INFO 10892 --- [ecommerce] [scheduling-1] c.d.e.s.SincronizacaoEstoqueService      : [ESTOQUE] Ciclo finalizado. Total de atualizações enviadas: 0
2026-09-12T19:14:00.613-03:00  INFO 10892 --- [ecommerce] [scheduling-1] c.d.e.service.SincronizacaoService       : Lendo VW_ECOMMERCE_PRECOS no banco de dados...
2026-09-12T19:14:00.706-03:00  INFO 10892 --- [ecommerce] [scheduling-1] c.d.e.service.SincronizacaoService       : Ciclo finalizado. Total de atualizações enviadas: 0
2026-09-12T19:15:00.012-03:00  INFO 10892 --- [ecommerce] [scheduling-1] c.d.e.service.SincronizacaoService       : Lendo VW_ECOMMERCE_PRECOS no banco de dados...
2026-09-12T19:15:00.075-03:00  INFO 10892 --- [ecommerce] [scheduling-1] c.d.e.service.SincronizacaoService       : Ciclo finalizado. Total de atualizações enviadas: 0
2026-09-12T19:15:00.075-03:00  INFO 10892 --- [ecommerce] [scheduling-1] c.d.e.s.SincronizacaoEstoqueService      : [ESTOQUE] Lendo VW_ECOMMERCE_ESTOQUE no banco de dados...
2026-09-12T19:17:04.639-03:00  INFO 10892 --- [ecommerce] [scheduling-1] c.d.e.s.SincronizacaoEstoqueService      : [ESTOQUE] Ciclo finalizado. Total de atualizações enviadas: 0
2026-09-12T19:17:04.639-03:00  INFO 10892 --- [ecommerce] [scheduling-1] c.d.e.service.SincronizacaoService       : Lendo VW_ECOMMERCE_PRECOS no banco de dados...
2026-09-12T19:17:04.781-03:00  INFO 10892 --- [ecommerce] [scheduling-1] c.d.e.service.SincronizacaoService       : Ciclo finalizado. Total de atualizações enviadas: 0
2026-09-12T19:18:00.013-03:00  INFO 10892 --- [ecommerce] [scheduling-1] c.d.e.service.SincronizacaoService       : Lendo VW_ECOMMERCE_PRECOS no banco de dados...
2026-09-12T19:18:00.124-03:00  INFO 10892 --- [ecommerce] [scheduling-1] c.d.e.service.SincronizacaoService       : Ciclo finalizado. Total de atualizações enviadas: 0
2026-09-12T19:18:00.124-03:00  INFO 10892 --- [ecommerce] [scheduling-1] c.d.e.s.SincronizacaoEstoqueService      : [ESTOQUE] Lendo VW_ECOMMERCE_ESTOQUE no banco de dados...
2026-09-12T19:20:03.191-03:00  INFO 10892 --- [ecommerce] [scheduling-1] c.d.e.s.SincronizacaoEstoqueService      : [ESTOQUE] Ciclo finalizado. Total de atualizações enviadas: 0
2026-09-12T19:20:03.191-03:00  INFO 10892 --- [ecommerce] [scheduling-1] c.d.e.service.SincronizacaoService       : Lendo VW_ECOMMERCE_PRECOS no banco de dados...
2026-09-12T19:20:03.304-03:00  INFO 10892 --- [ecommerce] [scheduling-1] c.d.e.service.SincronizacaoService       : Ciclo finalizado. Total de atualizações enviadas: 0
2026-09-12T19:21:00.006-03:00  INFO 10892 --- [ecommerce] [scheduling-1] c.d.e.s.SincronizacaoEstoqueService      : [ESTOQUE] Lendo VW_ECOMMERCE_ESTOQUE no banco de dados...
2026-09-12T19:23:03.514-03:00  INFO 10892 --- [ecommerce] [scheduling-1] c.d.e.s.SincronizacaoEstoqueService      : [ESTOQUE] Ciclo finalizado. Total de atualizações enviadas: 0
2026-09-12T19:23:03.514-03:00  INFO 10892 --- [ecommerce] [scheduling-1] c.d.e.service.SincronizacaoService       : Lendo VW_ECOMMERCE_PRECOS no banco de dados...
2026-09-12T19:23:03.626-03:00  INFO 10892 --- [ecommerce] [scheduling-1] c.d.e.service.SincronizacaoService       : Ciclo finalizado. Total de atualizações enviadas: 0
2026-09-12T19:24:00.004-03:00  INFO 10892 --- [ecommerce] [scheduling-1] c.d.e.service.SincronizacaoService       : Lendo VW_ECOMMERCE_PRECOS no banco de dados...
2026-09-12T19:24:00.067-03:00  INFO 10892 --- [ecommerce] [scheduling-1] c.d.e.service.SincronizacaoService       : Ciclo finalizado. Total de atualizações enviadas: 0
2026-09-12T19:24:00.067-03:00  INFO 10892 --- [ecommerce] [scheduling-1] c.d.e.s.SincronizacaoEstoqueService      : [ESTOQUE] Lendo VW_ECOMMERCE_ESTOQUE no banco de dados...
2026-09-12T19:26:04.844-03:00  INFO 10892 --- [ecommerce] [scheduling-1] c.d.e.s.SincronizacaoEstoqueService      : [ESTOQUE] Ciclo finalizado. Total de atualizações enviadas: 0
2026-09-12T19:26:04.854-03:00  INFO 10892 --- [ecommerce] [scheduling-1] c.d.e.service.SincronizacaoService       : Lendo VW_ECOMMERCE_PRECOS no banco de dados...
2026-09-12T19:26:04.951-03:00  INFO 10892 --- [ecommerce] [scheduling-1] c.d.e.service.SincronizacaoService       : Ciclo finalizado. Total de atualizações enviadas: 0
2026-09-12T19:27:00.014-03:00  INFO 10892 --- [ecommerce] [scheduling-1] c.d.e.s.SincronizacaoEstoqueService      : [ESTOQUE] Lendo VW_ECOMMERCE_ESTOQUE no banco de dados...
2026-09-12T19:29:01.952-03:00  INFO 10892 --- [ecommerce] [scheduling-1] c.d.e.s.SincronizacaoEstoqueService      : [ESTOQUE] Ciclo finalizado. Total de atualizações enviadas: 0
2026-09-12T19:29:01.952-03:00  INFO 10892 --- [ecommerce] [scheduling-1] c.d.e.service.SincronizacaoService       : Lendo VW_ECOMMERCE_PRECOS no banco de dados...
2026-09-12T19:29:02.030-03:00  INFO 10892 --- [ecommerce] [scheduling-1] c.d.e.service.SincronizacaoService       : Ciclo finalizado. Total de atualizações enviadas: 0
2026-09-12T19:30:00.005-03:00  INFO 10892 --- [ecommerce] [scheduling-1] c.d.e.service.SincronizacaoService       : Lendo VW_ECOMMERCE_PRECOS no banco de dados...
2026-09-12T19:30:00.071-03:00  INFO 10892 --- [ecommerce] [scheduling-1] c.d.e.service.SincronizacaoService       : Ciclo finalizado. Total de atualizações enviadas: 0
2026-09-12T19:30:00.071-03:00  INFO 10892 --- [ecommerce] [scheduling-1] c.d.e.s.SincronizacaoEstoqueService      : [ESTOQUE] Lendo VW_ECOMMERCE_ESTOQUE no banco de dados...
2026-09-12T19:32:02.762-03:00  INFO 10892 --- [ecommerce] [scheduling-1] c.d.e.s.SincronizacaoEstoqueService      : [ESTOQUE] Ciclo finalizado. Total de atualizações enviadas: 0
2026-09-12T19:32:02.762-03:00  INFO 10892 --- [ecommerce] [scheduling-1] c.d.e.service.SincronizacaoService       : Lendo VW_ECOMMERCE_PRECOS no banco de dados...
2026-09-12T19:32:02.874-03:00  INFO 10892 --- [ecommerce] [scheduling-1] c.d.e.service.SincronizacaoService       : Ciclo finalizado. Total de atualizações enviadas: 0
2026-09-12T19:33:00.008-03:00  INFO 10892 --- [ecommerce] [scheduling-1] c.d.e.service.SincronizacaoService       : Lendo VW_ECOMMERCE_PRECOS no banco de dados...
2026-09-12T19:33:00.103-03:00  INFO 10892 --- [ecommerce] [scheduling-1] c.d.e.service.SincronizacaoService       : Ciclo finalizado. Total de atualizações enviadas: 0
2026-09-12T19:33:00.103-03:00  INFO 10892 --- [ecommerce] [scheduling-1] c.d.e.s.SincronizacaoEstoqueService      : [ESTOQUE] Lendo VW_ECOMMERCE_ESTOQUE no banco de dados...
2026-09-12T19:35:05.704-03:00  INFO 10892 --- [ecommerce] [scheduling-1] c.d.e.s.SincronizacaoEstoqueService      : [ESTOQUE] Ciclo finalizado. Total de atualizações enviadas: 0
2026-09-12T19:35:05.704-03:00  INFO 10892 --- [ecommerce] [scheduling-1] c.d.e.service.SincronizacaoService       : Lendo VW_ECOMMERCE_PRECOS no banco de dados...
2026-09-12T19:35:05.765-03:00  INFO 10892 --- [ecommerce] [scheduling-1] c.d.e.service.SincronizacaoService       : Ciclo finalizado. Total de atualizações enviadas: 0
2026-09-12T19:36:00.013-03:00  INFO 10892 --- [ecommerce] [scheduling-1] c.d.e.service.SincronizacaoService       : Lendo VW_ECOMMERCE_PRECOS no banco de dados...
2026-09-12T19:36:00.125-03:00  INFO 10892 --- [ecommerce] [scheduling-1] c.d.e.service.SincronizacaoService       : Ciclo finalizado. Total de atualizações enviadas: 0
2026-09-12T19:36:00.125-03:00  INFO 10892 --- [ecommerce] [scheduling-1] c.d.e.s.SincronizacaoEstoqueService      : [ESTOQUE] Lendo VW_ECOMMERCE_ESTOQUE no banco de dados...
2026-09-12T19:38:06.313-03:00  INFO 10892 --- [ecommerce] [scheduling-1] c.d.e.s.SincronizacaoEstoqueService      : [ESTOQUE] Ciclo finalizado. Total de atualizações enviadas: 0
2026-09-12T19:38:06.314-03:00  INFO 10892 --- [ecommerce] [scheduling-1] c.d.e.service.SincronizacaoService       : Lendo VW_ECOMMERCE_PRECOS no banco de dados...
2026-09-12T19:38:06.435-03:00  INFO 10892 --- [ecommerce] [scheduling-1] c.d.e.service.SincronizacaoService       : Ciclo finalizado. Total de atualizações enviadas: 0
2026-09-12T19:39:00.013-03:00  INFO 10892 --- [ecommerce] [scheduling-1] c.d.e.s.SincronizacaoEstoqueService      : [ESTOQUE] Lendo VW_ECOMMERCE_ESTOQUE no banco de dados...
2026-09-12T19:41:04.673-03:00  INFO 10892 --- [ecommerce] [scheduling-1] c.d.e.s.SincronizacaoEstoqueService      : [ESTOQUE] Ciclo finalizado. Total de atualizações enviadas: 0
2026-09-12T19:41:04.674-03:00  INFO 10892 --- [ecommerce] [scheduling-1] c.d.e.service.SincronizacaoService       : Lendo VW_ECOMMERCE_PRECOS no banco de dados...
2026-09-12T19:41:04.769-03:00  INFO 10892 --- [ecommerce] [scheduling-1] c.d.e.service.SincronizacaoService       : Ciclo finalizado. Total de atualizações enviadas: 0
2026-09-12T19:42:00.011-03:00  INFO 10892 --- [ecommerce] [scheduling-1] c.d.e.s.SincronizacaoEstoqueService      : [ESTOQUE] Lendo VW_ECOMMERCE_ESTOQUE no banco de dados...
2026-09-12T19:44:00.410-03:00  INFO 10892 --- [ecommerce] [scheduling-1] c.d.e.s.SincronizacaoEstoqueService      : [ESTOQUE] Ciclo finalizado. Total de atualizações enviadas: 0
2026-09-12T19:44:00.410-03:00  INFO 10892 --- [ecommerce] [scheduling-1] c.d.e.service.SincronizacaoService       : Lendo VW_ECOMMERCE_PRECOS no banco de dados...
2026-09-12T19:44:00.542-03:00  INFO 10892 --- [ecommerce] [scheduling-1] c.d.e.service.SincronizacaoService       : Ciclo finalizado. Total de atualizações enviadas: 0
2026-09-12T19:45:00.004-03:00  INFO 10892 --- [ecommerce] [scheduling-1] c.d.e.service.SincronizacaoService       : Lendo VW_ECOMMERCE_PRECOS no banco de dados...
2026-09-12T19:45:00.115-03:00  INFO 10892 --- [ecommerce] [scheduling-1] c.d.e.service.SincronizacaoService       : Ciclo finalizado. Total de atualizações enviadas: 0
2026-09-12T19:45:00.115-03:00  INFO 10892 --- [ecommerce] [scheduling-1] c.d.e.s.SincronizacaoEstoqueService      : [ESTOQUE] Lendo VW_ECOMMERCE_ESTOQUE no banco de dados...
2026-09-12T19:47:04.663-03:00  INFO 10892 --- [ecommerce] [scheduling-1] c.d.e.s.SincronizacaoEstoqueService      : [ESTOQUE] Ciclo finalizado. Total de atualizações enviadas: 0
2026-09-12T19:47:04.663-03:00  INFO 10892 --- [ecommerce] [scheduling-1] c.d.e.service.SincronizacaoService       : Lendo VW_ECOMMERCE_PRECOS no banco de dados...
2026-09-12T19:47:04.744-03:00  INFO 10892 --- [ecommerce] [scheduling-1] c.d.e.service.SincronizacaoService       : Ciclo finalizado. Total de atualizações enviadas: 0
2026-09-12T19:48:00.020-03:00  INFO 10892 --- [ecommerce] [scheduling-1] c.d.e.s.SincronizacaoEstoqueService      : [ESTOQUE] Lendo VW_ECOMMERCE_ESTOQUE no banco de dados...
2026-09-12T19:50:01.331-03:00  INFO 10892 --- [ecommerce] [scheduling-1] c.d.e.s.SincronizacaoEstoqueService      : [ESTOQUE] Ciclo finalizado. Total de atualizações enviadas: 0
2026-09-12T19:50:01.331-03:00  INFO 10892 --- [ecommerce] [scheduling-1] c.d.e.service.SincronizacaoService       : Lendo VW_ECOMMERCE_PRECOS no banco de dados...
2026-09-12T19:50:01.427-03:00  INFO 10892 --- [ecommerce] [scheduling-1] c.d.e.service.SincronizacaoService       : Ciclo finalizado. Total de atualizações enviadas: 0
2026-09-12T19:51:00.020-03:00  INFO 10892 --- [ecommerce] [scheduling-1] c.d.e.s.SincronizacaoEstoqueService      : [ESTOQUE] Lendo VW_ECOMMERCE_ESTOQUE no banco de dados...
2026-09-12T19:53:09.287-03:00  INFO 10892 --- [ecommerce] [scheduling-1] c.d.e.s.SincronizacaoEstoqueService      : [ESTOQUE] Ciclo finalizado. Total de atualizações enviadas: 0
2026-09-12T19:53:09.287-03:00  INFO 10892 --- [ecommerce] [scheduling-1] c.d.e.service.SincronizacaoService       : Lendo VW_ECOMMERCE_PRECOS no banco de dados...
2026-09-12T19:53:09.350-03:00  INFO 10892 --- [ecommerce] [scheduling-1] c.d.e.service.SincronizacaoService       : Ciclo finalizado. Total de atualizações enviadas: 0
2026-09-12T19:54:00.001-03:00  INFO 10892 --- [ecommerce] [scheduling-1] c.d.e.s.SincronizacaoEstoqueService      : [ESTOQUE] Lendo VW_ECOMMERCE_ESTOQUE no banco de dados...
2026-09-12T19:56:05.195-03:00  INFO 10892 --- [ecommerce] [scheduling-1] c.d.e.s.SincronizacaoEstoqueService      : [ESTOQUE] Ciclo finalizado. Total de atualizações enviadas: 0
2026-09-12T19:56:05.195-03:00  INFO 10892 --- [ecommerce] [scheduling-1] c.d.e.service.SincronizacaoService       : Lendo VW_ECOMMERCE_PRECOS no banco de dados...
2026-09-12T19:56:05.306-03:00  INFO 10892 --- [ecommerce] [scheduling-1] c.d.e.service.SincronizacaoService       : Ciclo finalizado. Total de atualizações enviadas: 0
2026-09-12T19:57:00.007-03:00  INFO 10892 --- [ecommerce] [scheduling-1] c.d.e.service.SincronizacaoService       : Lendo VW_ECOMMERCE_PRECOS no banco de dados...
2026-09-12T19:57:00.203-03:00  INFO 10892 --- [ecommerce] [scheduling-1] c.d.e.service.SincronizacaoService       : Ciclo finalizado. Total de atualizações enviadas: 0
2026-09-12T19:57:00.203-03:00  INFO 10892 --- [ecommerce] [scheduling-1] c.d.e.s.SincronizacaoEstoqueService      : [ESTOQUE] Lendo VW_ECOMMERCE_ESTOQUE no banco de dados...
2026-09-12T19:59:03.748-03:00  INFO 10892 --- [ecommerce] [scheduling-1] c.d.e.s.SincronizacaoEstoqueService      : [ESTOQUE] Ciclo finalizado. Total de atualizações enviadas: 0
2026-09-12T19:59:03.750-03:00  INFO 10892 --- [ecommerce] [scheduling-1] c.d.e.service.SincronizacaoService       : Lendo VW_ECOMMERCE_PRECOS no banco de dados...
2026-09-12T19:59:03.860-03:00  INFO 10892 --- [ecommerce] [scheduling-1] c.d.e.service.SincronizacaoService       : Ciclo finalizado. Total de atualizações enviadas: 0
2026-09-12T20:00:00.006-03:00  INFO 10892 --- [ecommerce] [scheduling-1] c.d.e.s.SincronizacaoEstoqueService      : [ESTOQUE] Lendo VW_ECOMMERCE_ESTOQUE no banco de dados...
2026-09-12T20:02:02.716-03:00  INFO 10892 --- [ecommerce] [scheduling-1] c.d.e.s.SincronizacaoEstoqueService      : [ESTOQUE] Ciclo finalizado. Total de atualizações enviadas: 0
2026-09-12T20:02:02.716-03:00  INFO 10892 --- [ecommerce] [scheduling-1] c.d.e.service.SincronizacaoService       : Lendo VW_ECOMMERCE_PRECOS no banco de dados...
2026-09-12T20:02:02.800-03:00  INFO 10892 --- [ecommerce] [scheduling-1] c.d.e.service.SincronizacaoService       : Ciclo finalizado. Total de atualizações enviadas: 0
2026-09-12T20:03:00.023-03:00  INFO 10892 --- [ecommerce] [scheduling-1] c.d.e.s.SincronizacaoEstoqueService      : [ESTOQUE] Lendo VW_ECOMMERCE_ESTOQUE no banco de dados...
2026-09-12T20:04:29.223-03:00  INFO 10892 --- [ecommerce] [scheduling-1] c.d.e.s.SincronizacaoEstoqueService      : [ESTOQUE] Ciclo finalizado. Total de atualizações enviadas: 0
2026-09-12T20:04:29.223-03:00  INFO 10892 --- [ecommerce] [scheduling-1] c.d.e.service.SincronizacaoService       : Lendo VW_ECOMMERCE_PRECOS no banco de dados...
2026-09-12T20:04:29.287-03:00  INFO 10892 --- [ecommerce] [scheduling-1] c.d.e.service.SincronizacaoService       : Ciclo finalizado. Total de atualizações enviadas: 0
2026-09-12T20:05:00.012-03:00  INFO 10892 --- [ecommerce] [scheduling-1] c.d.e.service.SincronizacaoService       : Lendo VW_ECOMMERCE_PRECOS no banco de dados...
2026-09-12T20:05:00.124-03:00  INFO 10892 --- [ecommerce] [scheduling-1] c.d.e.service.SincronizacaoService       : Ciclo finalizado. Total de atualizações enviadas: 0
2026-09-12T20:05:00.124-03:00  INFO 10892 --- [ecommerce] [scheduling-1] c.d.e.s.SincronizacaoEstoqueService      : [ESTOQUE] Lendo VW_ECOMMERCE_ESTOQUE no banco de dados...
2026-09-12T20:06:58.684-03:00  INFO 10892 --- [ecommerce] [scheduling-1] c.d.e.s.SincronizacaoEstoqueService      : [ESTOQUE] Ciclo finalizado. Total de atualizações enviadas: 0
2026-09-12T20:06:58.684-03:00  INFO 10892 --- [ecommerce] [scheduling-1] c.d.e.service.SincronizacaoService       : Lendo VW_ECOMMERCE_PRECOS no banco de dados...
2026-09-12T20:06:58.860-03:00  INFO 10892 --- [ecommerce] [scheduling-1] c.d.e.service.SincronizacaoService       : Ciclo finalizado. Total de atualizações enviadas: 0
2026-09-12T20:07:00.002-03:00  INFO 10892 --- [ecommerce] [scheduling-1] c.d.e.service.SincronizacaoService       : Lendo VW_ECOMMERCE_PRECOS no banco de dados...
2026-09-12T20:07:00.100-03:00  INFO 10892 --- [ecommerce] [scheduling-1] c.d.e.service.SincronizacaoService       : Ciclo finalizado. Total de atualizações enviadas: 0
2026-09-12T20:07:00.100-03:00  INFO 10892 --- [ecommerce] [scheduling-1] c.d.e.s.SincronizacaoEstoqueService      : [ESTOQUE] Lendo VW_ECOMMERCE_ESTOQUE no banco de dados...
2026-09-12T20:09:02.792-03:00  INFO 10892 --- [ecommerce] [scheduling-1] c.d.e.s.SincronizacaoEstoqueService      : [ESTOQUE] Ciclo finalizado. Total de atualizações enviadas: 0
2026-09-12T20:09:02.792-03:00  INFO 10892 --- [ecommerce] [scheduling-1] c.d.e.service.SincronizacaoService       : Lendo VW_ECOMMERCE_PRECOS no banco de dados...
2026-09-12T20:09:02.886-03:00  INFO 10892 --- [ecommerce] [scheduling-1] c.d.e.service.SincronizacaoService       : Ciclo finalizado. Total de atualizações enviadas: 0
2026-09-12T20:10:00.021-03:00  INFO 10892 --- [ecommerce] [scheduling-1] c.d.e.service.SincronizacaoService       : Lendo VW_ECOMMERCE_PRECOS no banco de dados...
2026-09-12T20:10:00.132-03:00  INFO 10892 --- [ecommerce] [scheduling-1] c.d.e.service.SincronizacaoService       : Ciclo finalizado. Total de atualizações enviadas: 0
2026-09-12T20:10:00.134-03:00  INFO 10892 --- [ecommerce] [scheduling-1] c.d.e.s.SincronizacaoEstoqueService      : [ESTOQUE] Lendo VW_ECOMMERCE_ESTOQUE no banco de dados...
2026-09-12T20:12:05.816-03:00  INFO 10892 --- [ecommerce] [scheduling-1] c.d.e.s.SincronizacaoEstoqueService      : [ESTOQUE] Ciclo finalizado. Total de atualizações enviadas: 0
2026-09-12T20:12:05.816-03:00  INFO 10892 --- [ecommerce] [scheduling-1] c.d.e.service.SincronizacaoService       : Lendo VW_ECOMMERCE_PRECOS no banco de dados...
2026-09-12T20:12:05.929-03:00  INFO 10892 --- [ecommerce] [scheduling-1] c.d.e.service.SincronizacaoService       : Ciclo finalizado. Total de atualizações enviadas: 0
2026-09-12T20:13:00.008-03:00  INFO 10892 --- [ecommerce] [scheduling-1] c.d.e.service.SincronizacaoService       : Lendo VW_ECOMMERCE_PRECOS no banco de dados...
2026-09-12T20:13:00.118-03:00  INFO 10892 --- [ecommerce] [scheduling-1] c.d.e.service.SincronizacaoService       : Ciclo finalizado. Total de atualizações enviadas: 0
2026-09-12T20:13:00.118-03:00  INFO 10892 --- [ecommerce] [scheduling-1] c.d.e.s.SincronizacaoEstoqueService      : [ESTOQUE] Lendo VW_ECOMMERCE_ESTOQUE no banco de dados...
2026-09-12T20:15:01.825-03:00  INFO 10892 --- [ecommerce] [scheduling-1] c.d.e.s.SincronizacaoEstoqueService      : [ESTOQUE] Ciclo finalizado. Total de atualizações enviadas: 0
2026-09-12T20:15:01.825-03:00  INFO 10892 --- [ecommerce] [scheduling-1] c.d.e.service.SincronizacaoService       : Lendo VW_ECOMMERCE_PRECOS no banco de dados...
2026-09-12T20:15:01.949-03:00  INFO 10892 --- [ecommerce] [scheduling-1] c.d.e.service.SincronizacaoService       : Ciclo finalizado. Total de atualizações enviadas: 0
2026-09-12T20:16:00.012-03:00  INFO 10892 --- [ecommerce] [scheduling-1] c.d.e.s.SincronizacaoEstoqueService      : [ESTOQUE] Lendo VW_ECOMMERCE_ESTOQUE no banco de dados...
2026-09-12T20:18:02.344-03:00  INFO 10892 --- [ecommerce] [scheduling-1] c.d.e.s.SincronizacaoEstoqueService      : [ESTOQUE] Ciclo finalizado. Total de atualizações enviadas: 0
2026-09-12T20:18:02.344-03:00  INFO 10892 --- [ecommerce] [scheduling-1] c.d.e.service.SincronizacaoService       : Lendo VW_ECOMMERCE_PRECOS no banco de dados...
2026-09-12T20:18:02.439-03:00  INFO 10892 --- [ecommerce] [scheduling-1] c.d.e.service.SincronizacaoService       : Ciclo finalizado. Total de atualizações enviadas: 0
2026-09-12T20:19:00.015-03:00  INFO 10892 --- [ecommerce] [scheduling-1] c.d.e.s.SincronizacaoEstoqueService      : [ESTOQUE] Lendo VW_ECOMMERCE_ESTOQUE no banco de dados...
2026-09-12T20:20:03.182-03:00  INFO 10892 --- [ecommerce] [scheduling-1] c.d.e.s.SincronizacaoEstoqueService      : [ESTOQUE] Ciclo finalizado. Total de atualizações enviadas: 0
2026-09-12T20:20:03.182-03:00  INFO 10892 --- [ecommerce] [scheduling-1] c.d.e.service.SincronizacaoService       : Lendo VW_ECOMMERCE_PRECOS no banco de dados...
2026-09-12T20:20:03.278-03:00  INFO 10892 --- [ecommerce] [scheduling-1] c.d.e.service.SincronizacaoService       : Ciclo finalizado. Total de atualizações enviadas: 0
2026-09-12T20:21:00.005-03:00  INFO 10892 --- [ecommerce] [scheduling-1] c.d.e.service.SincronizacaoService       : Lendo VW_ECOMMERCE_PRECOS no banco de dados...
2026-09-12T20:21:00.243-03:00  INFO 10892 --- [ecommerce] [scheduling-1] c.d.e.service.SincronizacaoService       : Ciclo finalizado. Total de atualizações enviadas: 0
2026-09-12T20:21:00.243-03:00  INFO 10892 --- [ecommerce] [scheduling-1] c.d.e.s.SincronizacaoEstoqueService      : [ESTOQUE] Lendo VW_ECOMMERCE_ESTOQUE no banco de dados...
2026-09-12T20:22:56.658-03:00  INFO 10892 --- [ecommerce] [scheduling-1] c.d.e.s.SincronizacaoEstoqueService      : [ESTOQUE] Ciclo finalizado. Total de atualizações enviadas: 0
2026-09-12T20:22:56.658-03:00  INFO 10892 --- [ecommerce] [scheduling-1] c.d.e.service.SincronizacaoService       : Lendo VW_ECOMMERCE_PRECOS no banco de dados...
2026-09-12T20:22:56.770-03:00  INFO 10892 --- [ecommerce] [scheduling-1] c.d.e.service.SincronizacaoService       : Ciclo finalizado. Total de atualizações enviadas: 0
2026-09-12T20:23:00.011-03:00  INFO 10892 --- [ecommerce] [scheduling-1] c.d.e.service.SincronizacaoService       : Lendo VW_ECOMMERCE_PRECOS no banco de dados...
2026-09-12T20:23:00.058-03:00  INFO 10892 --- [ecommerce] [scheduling-1] c.d.e.service.SincronizacaoService       : Ciclo finalizado. Total de atualizações enviadas: 0
2026-09-12T20:23:00.058-03:00  INFO 10892 --- [ecommerce] [scheduling-1] c.d.e.s.SincronizacaoEstoqueService      : [ESTOQUE] Lendo VW_ECOMMERCE_ESTOQUE no banco de dados...
2026-09-12T20:23:51.273-03:00  INFO 10892 --- [ecommerce] [scheduling-1] c.d.e.s.SincronizacaoEstoqueService      : [ESTOQUE] Ciclo finalizado. Total de atualizações enviadas: 0
2026-09-12T20:24:00.021-03:00  INFO 10892 --- [ecommerce] [scheduling-1] c.d.e.s.SincronizacaoEstoqueService      : [ESTOQUE] Lendo VW_ECOMMERCE_ESTOQUE no banco de dados...
2026-09-12T20:24:57.358-03:00  INFO 10892 --- [ecommerce] [scheduling-1] c.d.e.s.SincronizacaoEstoqueService      : [ESTOQUE] Ciclo finalizado. Total de atualizações enviadas: 0
2026-09-12T20:24:57.358-03:00  INFO 10892 --- [ecommerce] [scheduling-1] c.d.e.service.SincronizacaoService       : Lendo VW_ECOMMERCE_PRECOS no banco de dados...
2026-09-12T20:24:57.426-03:00  INFO 10892 --- [ecommerce] [scheduling-1] c.d.e.service.SincronizacaoService       : Ciclo finalizado. Total de atualizações enviadas: 0
2026-09-12T20:25:00.010-03:00  INFO 10892 --- [ecommerce] [scheduling-1] c.d.e.service.SincronizacaoService       : Lendo VW_ECOMMERCE_PRECOS no banco de dados...
2026-09-12T20:25:00.203-03:00  INFO 10892 --- [ecommerce] [scheduling-1] c.d.e.service.SincronizacaoService       : Ciclo finalizado. Total de atualizações enviadas: 0
2026-09-12T20:25:00.203-03:00  INFO 10892 --- [ecommerce] [scheduling-1] c.d.e.s.SincronizacaoEstoqueService      : [ESTOQUE] Lendo VW_ECOMMERCE_ESTOQUE no banco de dados...
2026-09-12T20:25:51.346-03:00  INFO 10892 --- [ecommerce] [scheduling-1] c.d.e.s.SincronizacaoEstoqueService      : [ESTOQUE] Ciclo finalizado. Total de atualizações enviadas: 0
2026-09-12T20:26:00.007-03:00  INFO 10892 --- [ecommerce] [scheduling-1] c.d.e.service.SincronizacaoService       : Lendo VW_ECOMMERCE_PRECOS no banco de dados...
2026-09-12T20:26:00.071-03:00  INFO 10892 --- [ecommerce] [scheduling-1] c.d.e.service.SincronizacaoService       : Ciclo finalizado. Total de atualizações enviadas: 0
2026-09-12T20:26:00.071-03:00  INFO 10892 --- [ecommerce] [scheduling-1] c.d.e.s.SincronizacaoEstoqueService      : [ESTOQUE] Lendo VW_ECOMMERCE_ESTOQUE no banco de dados...
2026-09-12T20:27:58.984-03:00  INFO 10892 --- [ecommerce] [scheduling-1] c.d.e.s.SincronizacaoEstoqueService      : [ESTOQUE] Ciclo finalizado. Total de atualizações enviadas: 0
2026-09-12T20:27:58.993-03:00  INFO 10892 --- [ecommerce] [scheduling-1] c.d.e.service.SincronizacaoService       : Lendo VW_ECOMMERCE_PRECOS no banco de dados...
2026-09-12T20:27:59.090-03:00  INFO 10892 --- [ecommerce] [scheduling-1] c.d.e.service.SincronizacaoService       : Ciclo finalizado. Total de atualizações enviadas: 0
2026-09-12T20:28:00.001-03:00  INFO 10892 --- [ecommerce] [scheduling-1] c.d.e.s.SincronizacaoEstoqueService      : [ESTOQUE] Lendo VW_ECOMMERCE_ESTOQUE no banco de dados...
2026-09-12T20:30:01.849-03:00  INFO 10892 --- [ecommerce] [scheduling-1] c.d.e.s.SincronizacaoEstoqueService      : [ESTOQUE] Ciclo finalizado. Total de atualizações enviadas: 0
2026-09-12T20:30:01.849-03:00  INFO 10892 --- [ecommerce] [scheduling-1] c.d.e.service.SincronizacaoService       : Lendo VW_ECOMMERCE_PRECOS no banco de dados...
2026-09-12T20:30:01.963-03:00  INFO 10892 --- [ecommerce] [scheduling-1] c.d.e.service.SincronizacaoService       : Ciclo finalizado. Total de atualizações enviadas: 0
2026-09-12T20:31:00.015-03:00  INFO 10892 --- [ecommerce] [scheduling-1] c.d.e.s.SincronizacaoEstoqueService      : [ESTOQUE] Lendo VW_ECOMMERCE_ESTOQUE no banco de dados...
2026-09-12T20:32:19.509-03:00  INFO 10892 --- [ecommerce] [scheduling-1] c.d.e.s.SincronizacaoEstoqueService      : [ESTOQUE] Ciclo finalizado. Total de atualizações enviadas: 0
2026-09-12T20:32:19.509-03:00  INFO 10892 --- [ecommerce] [scheduling-1] c.d.e.service.SincronizacaoService       : Lendo VW_ECOMMERCE_PRECOS no banco de dados...
2026-09-12T20:32:19.827-03:00  INFO 10892 --- [ecommerce] [scheduling-1] c.d.e.service.SincronizacaoService       : Ciclo finalizado. Total de atualizações enviadas: 0
2026-09-12T20:33:00.010-03:00  INFO 10892 --- [ecommerce] [scheduling-1] c.d.e.s.SincronizacaoEstoqueService      : [ESTOQUE] Lendo VW_ECOMMERCE_ESTOQUE no banco de dados...
2026-09-12T20:35:03.930-03:00  INFO 10892 --- [ecommerce] [scheduling-1] c.d.e.s.SincronizacaoEstoqueService      : [ESTOQUE] Ciclo finalizado. Total de atualizações enviadas: 0
2026-09-12T20:35:03.930-03:00  INFO 10892 --- [ecommerce] [scheduling-1] c.d.e.service.SincronizacaoService       : Lendo VW_ECOMMERCE_PRECOS no banco de dados...
2026-09-12T20:35:04.070-03:00  INFO 10892 --- [ecommerce] [scheduling-1] c.d.e.service.SincronizacaoService       : Ciclo finalizado. Total de atualizações enviadas: 0
2026-09-12T20:36:00.005-03:00  INFO 10892 --- [ecommerce] [scheduling-1] c.d.e.service.SincronizacaoService       : Lendo VW_ECOMMERCE_PRECOS no banco de dados...
2026-09-12T20:36:00.071-03:00  INFO 10892 --- [ecommerce] [scheduling-1] c.d.e.service.SincronizacaoService       : Ciclo finalizado. Total de atualizações enviadas: 0
2026-09-12T20:36:00.071-03:00  INFO 10892 --- [ecommerce] [scheduling-1] c.d.e.s.SincronizacaoEstoqueService      : [ESTOQUE] Lendo VW_ECOMMERCE_ESTOQUE no banco de dados...
2026-09-12T20:37:49.353-03:00  INFO 10892 --- [ecommerce] [scheduling-1] c.d.e.s.SincronizacaoEstoqueService      : [ESTOQUE] Ciclo finalizado. Total de atualizações enviadas: 0
2026-09-12T20:37:49.353-03:00  INFO 10892 --- [ecommerce] [scheduling-1] c.d.e.service.SincronizacaoService       : Lendo VW_ECOMMERCE_PRECOS no banco de dados...
2026-09-12T20:37:49.415-03:00  INFO 10892 --- [ecommerce] [scheduling-1] c.d.e.service.SincronizacaoService       : Ciclo finalizado. Total de atualizações enviadas: 0
2026-09-12T20:38:00.007-03:00  INFO 10892 --- [ecommerce] [scheduling-1] c.d.e.service.SincronizacaoService       : Lendo VW_ECOMMERCE_PRECOS no banco de dados...
2026-09-12T20:38:00.054-03:00  INFO 10892 --- [ecommerce] [scheduling-1] c.d.e.service.SincronizacaoService       : Ciclo finalizado. Total de atualizações enviadas: 0
2026-09-12T20:38:00.054-03:00  INFO 10892 --- [ecommerce] [scheduling-1] c.d.e.s.SincronizacaoEstoqueService      : [ESTOQUE] Lendo VW_ECOMMERCE_ESTOQUE no banco de dados...
2026-09-12T20:39:39.909-03:00  INFO 10892 --- [ecommerce] [scheduling-1] c.d.e.s.SincronizacaoEstoqueService      : [ESTOQUE] Ciclo finalizado. Total de atualizações enviadas: 0
2026-09-12T20:39:39.925-03:00  INFO 10892 --- [ecommerce] [scheduling-1] c.d.e.service.SincronizacaoService       : Lendo VW_ECOMMERCE_PRECOS no banco de dados...
2026-09-12T20:39:40.037-03:00  INFO 10892 --- [ecommerce] [scheduling-1] c.d.e.service.SincronizacaoService       : Ciclo finalizado. Total de atualizações enviadas: 0
2026-09-12T20:40:00.004-03:00  INFO 10892 --- [ecommerce] [scheduling-1] c.d.e.s.SincronizacaoEstoqueService      : [ESTOQUE] Lendo VW_ECOMMERCE_ESTOQUE no banco de dados...
2026-09-12T20:42:05.404-03:00  INFO 10892 --- [ecommerce] [scheduling-1] c.d.e.s.SincronizacaoEstoqueService      : [ESTOQUE] Ciclo finalizado. Total de atualizações enviadas: 0
2026-09-12T20:42:05.404-03:00  INFO 10892 --- [ecommerce] [scheduling-1] c.d.e.service.SincronizacaoService       : Lendo VW_ECOMMERCE_PRECOS no banco de dados...
2026-09-12T20:42:05.468-03:00  INFO 10892 --- [ecommerce] [scheduling-1] c.d.e.service.SincronizacaoService       : Ciclo finalizado. Total de atualizações enviadas: 0
2026-09-12T20:43:00.014-03:00  INFO 10892 --- [ecommerce] [scheduling-1] c.d.e.service.SincronizacaoService       : Lendo VW_ECOMMERCE_PRECOS no banco de dados...
2026-09-12T20:43:00.317-03:00  INFO 10892 --- [ecommerce] [scheduling-1] c.d.e.service.SincronizacaoService       : Ciclo finalizado. Total de atualizações enviadas: 0
2026-09-12T20:43:00.317-03:00  INFO 10892 --- [ecommerce] [scheduling-1] c.d.e.s.SincronizacaoEstoqueService      : [ESTOQUE] Lendo VW_ECOMMERCE_ESTOQUE no banco de dados...
2026-09-12T20:45:15.883-03:00  INFO 10892 --- [ecommerce] [scheduling-1] c.d.e.s.SincronizacaoEstoqueService      : [ESTOQUE] Ciclo finalizado. Total de atualizações enviadas: 0
2026-09-12T20:45:15.883-03:00  INFO 10892 --- [ecommerce] [scheduling-1] c.d.e.service.SincronizacaoService       : Lendo VW_ECOMMERCE_PRECOS no banco de dados...
2026-09-12T20:45:15.999-03:00  INFO 10892 --- [ecommerce] [scheduling-1] c.d.e.service.SincronizacaoService       : Ciclo finalizado. Total de atualizações enviadas: 0
2026-09-12T20:46:00.012-03:00  INFO 10892 --- [ecommerce] [scheduling-1] c.d.e.service.SincronizacaoService       : Lendo VW_ECOMMERCE_PRECOS no banco de dados...
2026-09-12T20:46:00.129-03:00  INFO 10892 --- [ecommerce] [scheduling-1] c.d.e.service.SincronizacaoService       : Ciclo finalizado. Total de atualizações enviadas: 0
2026-09-12T20:46:00.129-03:00  INFO 10892 --- [ecommerce] [scheduling-1] c.d.e.s.SincronizacaoEstoqueService      : [ESTOQUE] Lendo VW_ECOMMERCE_ESTOQUE no banco de dados...
2026-09-12T20:47:15.026-03:00  INFO 10892 --- [ecommerce] [scheduling-1] c.d.e.s.SincronizacaoEstoqueService      : [ESTOQUE] Ciclo finalizado. Total de atualizações enviadas: 0
2026-09-12T20:47:15.026-03:00  INFO 10892 --- [ecommerce] [scheduling-1] c.d.e.service.SincronizacaoService       : Lendo VW_ECOMMERCE_PRECOS no banco de dados...
2026-09-12T20:47:15.100-03:00  INFO 10892 --- [ecommerce] [scheduling-1] c.d.e.service.SincronizacaoService       : Ciclo finalizado. Total de atualizações enviadas: 0
2026-09-12T20:48:00.002-03:00  INFO 10892 --- [ecommerce] [scheduling-1] c.d.e.service.SincronizacaoService       : Lendo VW_ECOMMERCE_PRECOS no banco de dados...
2026-09-12T20:48:00.052-03:00  INFO 10892 --- [ecommerce] [scheduling-1] c.d.e.service.SincronizacaoService       : Ciclo finalizado. Total de atualizações enviadas: 0
2026-09-12T20:48:00.052-03:00  INFO 10892 --- [ecommerce] [scheduling-1] c.d.e.s.SincronizacaoEstoqueService      : [ESTOQUE] Lendo VW_ECOMMERCE_ESTOQUE no banco de dados...
2026-09-12T20:48:58.296-03:00  INFO 10892 --- [ecommerce] [scheduling-1] c.d.e.s.SincronizacaoEstoqueService      : [ESTOQUE] Ciclo finalizado. Total de atualizações enviadas: 0
2026-09-12T20:49:00.003-03:00  INFO 10892 --- [ecommerce] [scheduling-1] c.d.e.s.SincronizacaoEstoqueService      : [ESTOQUE] Lendo VW_ECOMMERCE_ESTOQUE no banco de dados...
2026-09-12T20:49:50.084-03:00  INFO 10892 --- [ecommerce] [scheduling-1] c.d.e.s.SincronizacaoEstoqueService      : [ESTOQUE] Ciclo finalizado. Total de atualizações enviadas: 0
2026-09-12T20:49:50.084-03:00  INFO 10892 --- [ecommerce] [scheduling-1] c.d.e.service.SincronizacaoService       : Lendo VW_ECOMMERCE_PRECOS no banco de dados...
2026-09-12T20:49:50.181-03:00  INFO 10892 --- [ecommerce] [scheduling-1] c.d.e.service.SincronizacaoService       : Ciclo finalizado. Total de atualizações enviadas: 0
2026-09-12T20:50:00.002-03:00  INFO 10892 --- [ecommerce] [scheduling-1] c.d.e.service.SincronizacaoService       : Lendo VW_ECOMMERCE_PRECOS no banco de dados...
2026-09-12T20:50:00.085-03:00  INFO 10892 --- [ecommerce] [scheduling-1] c.d.e.service.SincronizacaoService       : Ciclo finalizado. Total de atualizações enviadas: 0
2026-09-12T20:50:00.085-03:00  INFO 10892 --- [ecommerce] [scheduling-1] c.d.e.s.SincronizacaoEstoqueService      : [ESTOQUE] Lendo VW_ECOMMERCE_ESTOQUE no banco de dados...
2026-09-12T20:51:26.204-03:00  INFO 10892 --- [ecommerce] [scheduling-1] c.d.e.s.SincronizacaoEstoqueService      : [ESTOQUE] Ciclo finalizado. Total de atualizações enviadas: 0
2026-09-12T20:51:26.204-03:00  INFO 10892 --- [ecommerce] [scheduling-1] c.d.e.service.SincronizacaoService       : Lendo VW_ECOMMERCE_PRECOS no banco de dados...
2026-09-12T20:51:26.268-03:00  INFO 10892 --- [ecommerce] [scheduling-1] c.d.e.service.SincronizacaoService       : Ciclo finalizado. Total de atualizações enviadas: 0
2026-09-12T20:52:00.015-03:00  INFO 10892 --- [ecommerce] [scheduling-1] c.d.e.service.SincronizacaoService       : Lendo VW_ECOMMERCE_PRECOS no banco de dados...
2026-09-12T20:52:00.082-03:00  INFO 10892 --- [ecommerce] [scheduling-1] c.d.e.service.SincronizacaoService       : Ciclo finalizado. Total de atualizações enviadas: 0
2026-09-12T20:52:00.082-03:00  INFO 10892 --- [ecommerce] [scheduling-1] c.d.e.s.SincronizacaoEstoqueService      : [ESTOQUE] Lendo VW_ECOMMERCE_ESTOQUE no banco de dados...
2026-09-12T20:54:04.847-03:00  INFO 10892 --- [ecommerce] [scheduling-1] c.d.e.s.SincronizacaoEstoqueService      : [ESTOQUE] Ciclo finalizado. Total de atualizações enviadas: 0
2026-09-12T20:54:04.847-03:00  INFO 10892 --- [ecommerce] [scheduling-1] c.d.e.service.SincronizacaoService       : Lendo VW_ECOMMERCE_PRECOS no banco de dados...
2026-09-12T20:54:05.011-03:00  INFO 10892 --- [ecommerce] [scheduling-1] c.d.e.service.SincronizacaoService       : Ciclo finalizado. Total de atualizações enviadas: 0
2026-09-12T20:55:00.012-03:00  INFO 10892 --- [ecommerce] [scheduling-1] c.d.e.service.SincronizacaoService       : Lendo VW_ECOMMERCE_PRECOS no banco de dados...
2026-09-12T20:55:00.075-03:00  INFO 10892 --- [ecommerce] [scheduling-1] c.d.e.service.SincronizacaoService       : Ciclo finalizado. Total de atualizações enviadas: 0
2026-09-12T20:55:00.075-03:00  INFO 10892 --- [ecommerce] [scheduling-1] c.d.e.s.SincronizacaoEstoqueService      : [ESTOQUE] Lendo VW_ECOMMERCE_ESTOQUE no banco de dados...
2026-09-12T20:57:00.045-03:00  INFO 10892 --- [ecommerce] [scheduling-1] c.d.e.s.SincronizacaoEstoqueService      : [ESTOQUE] Ciclo finalizado. Total de atualizações enviadas: 0
2026-09-12T20:57:00.045-03:00  INFO 10892 --- [ecommerce] [scheduling-1] c.d.e.service.SincronizacaoService       : Lendo VW_ECOMMERCE_PRECOS no banco de dados...
2026-09-12T20:57:00.158-03:00  INFO 10892 --- [ecommerce] [scheduling-1] c.d.e.service.SincronizacaoService       : Ciclo finalizado. Total de atualizações enviadas: 0
2026-09-12T20:58:00.011-03:00  INFO 10892 --- [ecommerce] [scheduling-1] c.d.e.service.SincronizacaoService       : Lendo VW_ECOMMERCE_PRECOS no banco de dados...
2026-09-12T20:58:00.076-03:00  INFO 10892 --- [ecommerce] [scheduling-1] c.d.e.service.SincronizacaoService       : Ciclo finalizado. Total de atualizações enviadas: 0
2026-09-12T20:58:00.076-03:00  INFO 10892 --- [ecommerce] [scheduling-1] c.d.e.s.SincronizacaoEstoqueService      : [ESTOQUE] Lendo VW_ECOMMERCE_ESTOQUE no banco de dados...
2026-09-12T21:00:08.126-03:00  INFO 10892 --- [ecommerce] [scheduling-1] c.d.e.s.SincronizacaoEstoqueService      : [ESTOQUE] Ciclo finalizado. Total de atualizações enviadas: 0
2026-09-12T21:00:08.126-03:00  INFO 10892 --- [ecommerce] [scheduling-1] c.d.e.service.SincronizacaoService       : Lendo VW_ECOMMERCE_PRECOS no banco de dados...
2026-09-12T21:00:08.300-03:00  INFO 10892 --- [ecommerce] [scheduling-1] c.d.e.service.SincronizacaoService       : Ciclo finalizado. Total de atualizações enviadas: 0
2026-09-12T21:01:00.009-03:00  INFO 10892 --- [ecommerce] [scheduling-1] c.d.e.service.SincronizacaoService       : Lendo VW_ECOMMERCE_PRECOS no banco de dados...
2026-09-12T21:01:00.249-03:00  INFO 10892 --- [ecommerce] [scheduling-1] c.d.e.service.SincronizacaoService       : Ciclo finalizado. Total de atualizações enviadas: 0
2026-09-12T21:01:00.249-03:00  INFO 10892 --- [ecommerce] [scheduling-1] c.d.e.s.SincronizacaoEstoqueService      : [ESTOQUE] Lendo VW_ECOMMERCE_ESTOQUE no banco de dados...
2026-09-12T21:03:09.525-03:00  INFO 10892 --- [ecommerce] [scheduling-1] c.d.e.s.SincronizacaoEstoqueService      : [ESTOQUE] Ciclo finalizado. Total de atualizações enviadas: 0
2026-09-12T21:03:09.525-03:00  INFO 10892 --- [ecommerce] [scheduling-1] c.d.e.service.SincronizacaoService       : Lendo VW_ECOMMERCE_PRECOS no banco de dados...
2026-09-12T21:03:09.600-03:00  INFO 10892 --- [ecommerce] [scheduling-1] c.d.e.service.SincronizacaoService       : Ciclo finalizado. Total de atualizações enviadas: 0
2026-09-12T21:04:00.005-03:00  INFO 10892 --- [ecommerce] [scheduling-1] c.d.e.s.SincronizacaoEstoqueService      : [ESTOQUE] Lendo VW_ECOMMERCE_ESTOQUE no banco de dados...
2026-09-12T21:06:06.191-03:00  INFO 10892 --- [ecommerce] [scheduling-1] c.d.e.s.SincronizacaoEstoqueService      : [ESTOQUE] Ciclo finalizado. Total de atualizações enviadas: 0
2026-09-12T21:06:06.204-03:00  INFO 10892 --- [ecommerce] [scheduling-1] c.d.e.service.SincronizacaoService       : Lendo VW_ECOMMERCE_PRECOS no banco de dados...
2026-09-12T21:06:06.271-03:00  INFO 10892 --- [ecommerce] [scheduling-1] c.d.e.service.SincronizacaoService       : Ciclo finalizado. Total de atualizações enviadas: 0
2026-09-12T21:07:00.005-03:00  INFO 10892 --- [ecommerce] [scheduling-1] c.d.e.service.SincronizacaoService       : Lendo VW_ECOMMERCE_PRECOS no banco de dados...
2026-09-12T21:07:00.137-03:00  INFO 10892 --- [ecommerce] [scheduling-1] c.d.e.service.SincronizacaoService       : Ciclo finalizado. Total de atualizações enviadas: 0
2026-09-12T21:07:00.137-03:00  INFO 10892 --- [ecommerce] [scheduling-1] c.d.e.s.SincronizacaoEstoqueService      : [ESTOQUE] Lendo VW_ECOMMERCE_ESTOQUE no banco de dados...
2026-09-12T21:08:10.072-03:00  INFO 10892 --- [ecommerce] [scheduling-1] c.d.e.s.SincronizacaoEstoqueService      : [ESTOQUE] Ciclo finalizado. Total de atualizações enviadas: 0
2026-09-12T21:08:10.072-03:00  INFO 10892 --- [ecommerce] [scheduling-1] c.d.e.service.SincronizacaoService       : Lendo VW_ECOMMERCE_PRECOS no banco de dados...
2026-09-12T21:08:10.138-03:00  INFO 10892 --- [ecommerce] [scheduling-1] c.d.e.service.SincronizacaoService       : Ciclo finalizado. Total de atualizações enviadas: 0
2026-09-12T21:09:00.019-03:00  INFO 10892 --- [ecommerce] [scheduling-1] c.d.e.service.SincronizacaoService       : Lendo VW_ECOMMERCE_PRECOS no banco de dados...
2026-09-12T21:09:00.133-03:00  INFO 10892 --- [ecommerce] [scheduling-1] c.d.e.service.SincronizacaoService       : Ciclo finalizado. Total de atualizações enviadas: 0
2026-09-12T21:09:00.133-03:00  INFO 10892 --- [ecommerce] [scheduling-1] c.d.e.s.SincronizacaoEstoqueService      : [ESTOQUE] Lendo VW_ECOMMERCE_ESTOQUE no banco de dados...
2026-09-12T21:11:02.046-03:00  INFO 10892 --- [ecommerce] [scheduling-1] c.d.e.s.SincronizacaoEstoqueService      : [ESTOQUE] Ciclo finalizado. Total de atualizações enviadas: 0
2026-09-12T21:11:02.048-03:00  INFO 10892 --- [ecommerce] [scheduling-1] c.d.e.service.SincronizacaoService       : Lendo VW_ECOMMERCE_PRECOS no banco de dados...
2026-09-12T21:11:02.160-03:00  INFO 10892 --- [ecommerce] [scheduling-1] c.d.e.service.SincronizacaoService       : Ciclo finalizado. Total de atualizações enviadas: 0
2026-09-12T21:12:00.010-03:00  INFO 10892 --- [ecommerce] [scheduling-1] c.d.e.s.SincronizacaoEstoqueService      : [ESTOQUE] Lendo VW_ECOMMERCE_ESTOQUE no banco de dados...
2026-09-12T21:14:02.850-03:00  INFO 10892 --- [ecommerce] [scheduling-1] c.d.e.s.SincronizacaoEstoqueService      : [ESTOQUE] Ciclo finalizado. Total de atualizações enviadas: 0
2026-09-12T21:14:02.850-03:00  INFO 10892 --- [ecommerce] [scheduling-1] c.d.e.service.SincronizacaoService       : Lendo VW_ECOMMERCE_PRECOS no banco de dados...
2026-09-12T21:14:02.955-03:00  INFO 10892 --- [ecommerce] [scheduling-1] c.d.e.service.SincronizacaoService       : Ciclo finalizado. Total de atualizações enviadas: 0
2026-09-12T21:15:00.009-03:00  INFO 10892 --- [ecommerce] [scheduling-1] c.d.e.s.SincronizacaoEstoqueService      : [ESTOQUE] Lendo VW_ECOMMERCE_ESTOQUE no banco de dados...
2026-09-12T21:17:03.071-03:00  INFO 10892 --- [ecommerce] [scheduling-1] c.d.e.s.SincronizacaoEstoqueService      : [ESTOQUE] Ciclo finalizado. Total de atualizações enviadas: 0
2026-09-12T21:17:03.071-03:00  INFO 10892 --- [ecommerce] [scheduling-1] c.d.e.service.SincronizacaoService       : Lendo VW_ECOMMERCE_PRECOS no banco de dados...
2026-09-12T21:17:03.199-03:00  INFO 10892 --- [ecommerce] [scheduling-1] c.d.e.service.SincronizacaoService       : Ciclo finalizado. Total de atualizações enviadas: 0
2026-09-12T21:18:00.000-03:00  INFO 10892 --- [ecommerce] [scheduling-1] c.d.e.s.SincronizacaoEstoqueService      : [ESTOQUE] Lendo VW_ECOMMERCE_ESTOQUE no banco de dados...
2026-09-12T21:19:03.868-03:00  INFO 10892 --- [ecommerce] [scheduling-1] c.d.e.s.SincronizacaoEstoqueService      : [ESTOQUE] Ciclo finalizado. Total de atualizações enviadas: 0
2026-09-12T21:19:03.868-03:00  INFO 10892 --- [ecommerce] [scheduling-1] c.d.e.service.SincronizacaoService       : Lendo VW_ECOMMERCE_PRECOS no banco de dados...
2026-09-12T21:19:03.920-03:00  INFO 10892 --- [ecommerce] [scheduling-1] c.d.e.service.SincronizacaoService       : Ciclo finalizado. Total de atualizações enviadas: 0
2026-09-12T21:20:00.012-03:00  INFO 10892 --- [ecommerce] [scheduling-1] c.d.e.s.SincronizacaoEstoqueService      : [ESTOQUE] Lendo VW_ECOMMERCE_ESTOQUE no banco de dados...
2026-09-12T21:21:53.862-03:00  INFO 10892 --- [ecommerce] [scheduling-1] c.d.e.s.SincronizacaoEstoqueService      : [ESTOQUE] Ciclo finalizado. Total de atualizações enviadas: 0
2026-09-12T21:21:53.862-03:00  INFO 10892 --- [ecommerce] [scheduling-1] c.d.e.service.SincronizacaoService       : Lendo VW_ECOMMERCE_PRECOS no banco de dados...
2026-09-12T21:21:54.023-03:00  INFO 10892 --- [ecommerce] [scheduling-1] c.d.e.service.SincronizacaoService       : Ciclo finalizado. Total de atualizações enviadas: 0
2026-09-12T21:22:00.009-03:00  INFO 10892 --- [ecommerce] [scheduling-1] c.d.e.service.SincronizacaoService       : Lendo VW_ECOMMERCE_PRECOS no banco de dados...
2026-09-12T21:22:00.107-03:00  INFO 10892 --- [ecommerce] [scheduling-1] c.d.e.service.SincronizacaoService       : Ciclo finalizado. Total de atualizações enviadas: 0
2026-09-12T21:22:00.107-03:00  INFO 10892 --- [ecommerce] [scheduling-1] c.d.e.s.SincronizacaoEstoqueService      : [ESTOQUE] Lendo VW_ECOMMERCE_ESTOQUE no banco de dados...
2026-09-12T21:24:03.738-03:00  INFO 10892 --- [ecommerce] [scheduling-1] c.d.e.s.SincronizacaoEstoqueService      : [ESTOQUE] Ciclo finalizado. Total de atualizações enviadas: 0
2026-09-12T21:24:03.738-03:00  INFO 10892 --- [ecommerce] [scheduling-1] c.d.e.service.SincronizacaoService       : Lendo VW_ECOMMERCE_PRECOS no banco de dados...
2026-09-12T21:24:03.802-03:00  INFO 10892 --- [ecommerce] [scheduling-1] c.d.e.service.SincronizacaoService       : Ciclo finalizado. Total de atualizações enviadas: 0
2026-09-12T21:25:00.000-03:00  INFO 10892 --- [ecommerce] [scheduling-1] c.d.e.s.SincronizacaoEstoqueService      : [ESTOQUE] Lendo VW_ECOMMERCE_ESTOQUE no banco de dados...
2026-09-12T21:27:08.505-03:00  INFO 10892 --- [ecommerce] [scheduling-1] c.d.e.s.SincronizacaoEstoqueService      : [ESTOQUE] Ciclo finalizado. Total de atualizações enviadas: 0
2026-09-12T21:27:08.505-03:00  INFO 10892 --- [ecommerce] [scheduling-1] c.d.e.service.SincronizacaoService       : Lendo VW_ECOMMERCE_PRECOS no banco de dados...
2026-09-12T21:27:08.613-03:00  INFO 10892 --- [ecommerce] [scheduling-1] c.d.e.service.SincronizacaoService       : Ciclo finalizado. Total de atualizações enviadas: 0
2026-09-12T21:28:00.014-03:00  INFO 10892 --- [ecommerce] [scheduling-1] c.d.e.service.SincronizacaoService       : Lendo VW_ECOMMERCE_PRECOS no banco de dados...
2026-09-12T21:28:00.107-03:00  INFO 10892 --- [ecommerce] [scheduling-1] c.d.e.service.SincronizacaoService       : Ciclo finalizado. Total de atualizações enviadas: 0
2026-09-12T21:28:00.107-03:00  INFO 10892 --- [ecommerce] [scheduling-1] c.d.e.s.SincronizacaoEstoqueService      : [ESTOQUE] Lendo VW_ECOMMERCE_ESTOQUE no banco de dados...
2026-09-12T21:30:00.965-03:00  INFO 10892 --- [ecommerce] [scheduling-1] c.d.e.s.SincronizacaoEstoqueService      : [ESTOQUE] Ciclo finalizado. Total de atualizações enviadas: 0
2026-09-12T21:30:00.965-03:00  INFO 10892 --- [ecommerce] [scheduling-1] c.d.e.service.SincronizacaoService       : Lendo VW_ECOMMERCE_PRECOS no banco de dados...
2026-09-12T21:30:01.045-03:00  INFO 10892 --- [ecommerce] [scheduling-1] c.d.e.service.SincronizacaoService       : Ciclo finalizado. Total de atualizações enviadas: 0
2026-09-12T21:31:00.014-03:00  INFO 10892 --- [ecommerce] [scheduling-1] c.d.e.s.SincronizacaoEstoqueService      : [ESTOQUE] Lendo VW_ECOMMERCE_ESTOQUE no banco de dados...
2026-09-12T21:33:33.134-03:00  INFO 10892 --- [ecommerce] [scheduling-1] c.d.e.s.SincronizacaoEstoqueService      : [ESTOQUE] Ciclo finalizado. Total de atualizações enviadas: 0
2026-09-12T21:33:33.134-03:00  INFO 10892 --- [ecommerce] [scheduling-1] c.d.e.service.SincronizacaoService       : Lendo VW_ECOMMERCE_PRECOS no banco de dados...
2026-09-12T21:33:33.247-03:00  INFO 10892 --- [ecommerce] [scheduling-1] c.d.e.service.SincronizacaoService       : Ciclo finalizado. Total de atualizações enviadas: 0
2026-09-12T21:34:00.014-03:00  INFO 10892 --- [ecommerce] [scheduling-1] c.d.e.s.SincronizacaoEstoqueService      : [ESTOQUE] Lendo VW_ECOMMERCE_ESTOQUE no banco de dados...
2026-09-12T21:36:03.829-03:00  INFO 10892 --- [ecommerce] [scheduling-1] c.d.e.s.SincronizacaoEstoqueService      : [ESTOQUE] Ciclo finalizado. Total de atualizações enviadas: 0
2026-09-12T21:36:03.829-03:00  INFO 10892 --- [ecommerce] [scheduling-1] c.d.e.service.SincronizacaoService       : Lendo VW_ECOMMERCE_PRECOS no banco de dados...
2026-09-12T21:36:03.926-03:00  INFO 10892 --- [ecommerce] [scheduling-1] c.d.e.service.SincronizacaoService       : Ciclo finalizado. Total de atualizações enviadas: 0
2026-09-12T21:37:00.017-03:00  INFO 10892 --- [ecommerce] [scheduling-1] c.d.e.s.SincronizacaoEstoqueService      : [ESTOQUE] Lendo VW_ECOMMERCE_ESTOQUE no banco de dados...
2026-09-12T21:39:01.887-03:00  INFO 10892 --- [ecommerce] [scheduling-1] c.d.e.s.SincronizacaoEstoqueService      : [ESTOQUE] Ciclo finalizado. Total de atualizações enviadas: 0
2026-09-12T21:39:01.887-03:00  INFO 10892 --- [ecommerce] [scheduling-1] c.d.e.service.SincronizacaoService       : Lendo VW_ECOMMERCE_PRECOS no banco de dados...
2026-09-12T21:39:01.996-03:00  INFO 10892 --- [ecommerce] [scheduling-1] c.d.e.service.SincronizacaoService       : Ciclo finalizado. Total de atualizações enviadas: 0
2026-09-12T21:40:00.022-03:00  INFO 10892 --- [ecommerce] [scheduling-1] c.d.e.service.SincronizacaoService       : Lendo VW_ECOMMERCE_PRECOS no banco de dados...
2026-09-12T21:40:00.085-03:00  INFO 10892 --- [ecommerce] [scheduling-1] c.d.e.service.SincronizacaoService       : Ciclo finalizado. Total de atualizações enviadas: 0
2026-09-12T21:40:00.085-03:00  INFO 10892 --- [ecommerce] [scheduling-1] c.d.e.s.SincronizacaoEstoqueService      : [ESTOQUE] Lendo VW_ECOMMERCE_ESTOQUE no banco de dados...
2026-09-12T21:42:02.807-03:00  INFO 10892 --- [ecommerce] [scheduling-1] c.d.e.s.SincronizacaoEstoqueService      : [ESTOQUE] Ciclo finalizado. Total de atualizações enviadas: 0
2026-09-12T21:42:02.823-03:00  INFO 10892 --- [ecommerce] [scheduling-1] c.d.e.service.SincronizacaoService       : Lendo VW_ECOMMERCE_PRECOS no banco de dados...
2026-09-12T21:42:02.934-03:00  INFO 10892 --- [ecommerce] [scheduling-1] c.d.e.service.SincronizacaoService       : Ciclo finalizado. Total de atualizações enviadas: 0
2026-09-12T21:43:00.002-03:00  INFO 10892 --- [ecommerce] [scheduling-1] c.d.e.s.SincronizacaoEstoqueService      : [ESTOQUE] Lendo VW_ECOMMERCE_ESTOQUE no banco de dados...
2026-09-12T21:45:03.805-03:00  INFO 10892 --- [ecommerce] [scheduling-1] c.d.e.s.SincronizacaoEstoqueService      : [ESTOQUE] Ciclo finalizado. Total de atualizações enviadas: 0
2026-09-12T21:45:03.805-03:00  INFO 10892 --- [ecommerce] [scheduling-1] c.d.e.service.SincronizacaoService       : Lendo VW_ECOMMERCE_PRECOS no banco de dados...
2026-09-12T21:45:03.892-03:00  INFO 10892 --- [ecommerce] [scheduling-1] c.d.e.service.SincronizacaoService       : Ciclo finalizado. Total de atualizações enviadas: 0
2026-09-12T21:46:00.007-03:00  INFO 10892 --- [ecommerce] [scheduling-1] c.d.e.s.SincronizacaoEstoqueService      : [ESTOQUE] Lendo VW_ECOMMERCE_ESTOQUE no banco de dados...
2026-09-12T21:48:02.682-03:00  INFO 10892 --- [ecommerce] [scheduling-1] c.d.e.s.SincronizacaoEstoqueService      : [ESTOQUE] Ciclo finalizado. Total de atualizações enviadas: 0
2026-09-12T21:48:02.682-03:00  INFO 10892 --- [ecommerce] [scheduling-1] c.d.e.service.SincronizacaoService       : Lendo VW_ECOMMERCE_PRECOS no banco de dados...
2026-09-12T21:48:02.813-03:00  INFO 10892 --- [ecommerce] [scheduling-1] c.d.e.service.SincronizacaoService       : Ciclo finalizado. Total de atualizações enviadas: 0
2026-09-12T21:49:00.009-03:00  INFO 10892 --- [ecommerce] [scheduling-1] c.d.e.s.SincronizacaoEstoqueService      : [ESTOQUE] Lendo VW_ECOMMERCE_ESTOQUE no banco de dados...
2026-09-12T21:51:05.900-03:00  INFO 10892 --- [ecommerce] [scheduling-1] c.d.e.s.SincronizacaoEstoqueService      : [ESTOQUE] Ciclo finalizado. Total de atualizações enviadas: 0
2026-09-12T21:51:05.900-03:00  INFO 10892 --- [ecommerce] [scheduling-1] c.d.e.service.SincronizacaoService       : Lendo VW_ECOMMERCE_PRECOS no banco de dados...
2026-09-12T21:51:06.002-03:00  INFO 10892 --- [ecommerce] [scheduling-1] c.d.e.service.SincronizacaoService       : Ciclo finalizado. Total de atualizações enviadas: 0
2026-09-12T21:52:00.007-03:00  INFO 10892 --- [ecommerce] [scheduling-1] c.d.e.service.SincronizacaoService       : Lendo VW_ECOMMERCE_PRECOS no banco de dados...
2026-09-12T21:52:00.119-03:00  INFO 10892 --- [ecommerce] [scheduling-1] c.d.e.service.SincronizacaoService       : Ciclo finalizado. Total de atualizações enviadas: 0
2026-09-12T21:52:00.119-03:00  INFO 10892 --- [ecommerce] [scheduling-1] c.d.e.s.SincronizacaoEstoqueService      : [ESTOQUE] Lendo VW_ECOMMERCE_ESTOQUE no banco de dados...
2026-09-12T21:54:01.089-03:00  INFO 10892 --- [ecommerce] [scheduling-1] c.d.e.s.SincronizacaoEstoqueService      : [ESTOQUE] Ciclo finalizado. Total de atualizações enviadas: 0
2026-09-12T21:54:01.089-03:00  INFO 10892 --- [ecommerce] [scheduling-1] c.d.e.service.SincronizacaoService       : Lendo VW_ECOMMERCE_PRECOS no banco de dados...
2026-09-12T21:54:01.198-03:00  INFO 10892 --- [ecommerce] [scheduling-1] c.d.e.service.SincronizacaoService       : Ciclo finalizado. Total de atualizações enviadas: 0
2026-09-12T21:55:00.013-03:00  INFO 10892 --- [ecommerce] [scheduling-1] c.d.e.service.SincronizacaoService       : Lendo VW_ECOMMERCE_PRECOS no banco de dados...
2026-09-12T21:55:00.077-03:00  INFO 10892 --- [ecommerce] [scheduling-1] c.d.e.service.SincronizacaoService       : Ciclo finalizado. Total de atualizações enviadas: 0
2026-09-12T21:55:00.077-03:00  INFO 10892 --- [ecommerce] [scheduling-1] c.d.e.s.SincronizacaoEstoqueService      : [ESTOQUE] Lendo VW_ECOMMERCE_ESTOQUE no banco de dados...
2026-09-12T21:57:06.962-03:00  INFO 10892 --- [ecommerce] [scheduling-1] c.d.e.s.SincronizacaoEstoqueService      : [ESTOQUE] Ciclo finalizado. Total de atualizações enviadas: 0
2026-09-12T21:57:06.962-03:00  INFO 10892 --- [ecommerce] [scheduling-1] c.d.e.service.SincronizacaoService       : Lendo VW_ECOMMERCE_PRECOS no banco de dados...
2026-09-12T21:57:07.119-03:00  INFO 10892 --- [ecommerce] [scheduling-1] c.d.e.service.SincronizacaoService       : Ciclo finalizado. Total de atualizações enviadas: 0
2026-09-12T21:58:00.014-03:00  INFO 10892 --- [ecommerce] [scheduling-1] c.d.e.s.SincronizacaoEstoqueService      : [ESTOQUE] Lendo VW_ECOMMERCE_ESTOQUE no banco de dados...
2026-09-12T22:00:02.887-03:00  INFO 10892 --- [ecommerce] [scheduling-1] c.d.e.s.SincronizacaoEstoqueService      : [ESTOQUE] Ciclo finalizado. Total de atualizações enviadas: 0
2026-09-12T22:00:02.887-03:00  INFO 10892 --- [ecommerce] [scheduling-1] c.d.e.service.SincronizacaoService       : Lendo VW_ECOMMERCE_PRECOS no banco de dados...
2026-09-12T22:00:02.983-03:00  INFO 10892 --- [ecommerce] [scheduling-1] c.d.e.service.SincronizacaoService       : Ciclo finalizado. Total de atualizações enviadas: 0
2026-09-12T22:01:00.024-03:00  INFO 10892 --- [ecommerce] [scheduling-1] c.d.e.s.SincronizacaoEstoqueService      : [ESTOQUE] Lendo VW_ECOMMERCE_ESTOQUE no banco de dados...
2026-09-12T22:03:09.057-03:00  INFO 10892 --- [ecommerce] [scheduling-1] c.d.e.s.SincronizacaoEstoqueService      : [ESTOQUE] Ciclo finalizado. Total de atualizações enviadas: 0
2026-09-12T22:03:09.057-03:00  INFO 10892 --- [ecommerce] [scheduling-1] c.d.e.service.SincronizacaoService       : Lendo VW_ECOMMERCE_PRECOS no banco de dados...
2026-09-12T22:03:09.157-03:00  INFO 10892 --- [ecommerce] [scheduling-1] c.d.e.service.SincronizacaoService       : Ciclo finalizado. Total de atualizações enviadas: 0
2026-09-12T22:04:00.014-03:00  INFO 10892 --- [ecommerce] [scheduling-1] c.d.e.service.SincronizacaoService       : Lendo VW_ECOMMERCE_PRECOS no banco de dados...
2026-09-12T22:04:00.100-03:00  INFO 10892 --- [ecommerce] [scheduling-1] c.d.e.service.SincronizacaoService       : Ciclo finalizado. Total de atualizações enviadas: 0
2026-09-12T22:04:00.100-03:00  INFO 10892 --- [ecommerce] [scheduling-1] c.d.e.s.SincronizacaoEstoqueService      : [ESTOQUE] Lendo VW_ECOMMERCE_ESTOQUE no banco de dados...
2026-09-12T22:06:01.561-03:00  INFO 10892 --- [ecommerce] [scheduling-1] c.d.e.s.SincronizacaoEstoqueService      : [ESTOQUE] Ciclo finalizado. Total de atualizações enviadas: 0
2026-09-12T22:06:01.561-03:00  INFO 10892 --- [ecommerce] [scheduling-1] c.d.e.service.SincronizacaoService       : Lendo VW_ECOMMERCE_PRECOS no banco de dados...
2026-09-12T22:06:01.633-03:00  INFO 10892 --- [ecommerce] [scheduling-1] c.d.e.service.SincronizacaoService       : Ciclo finalizado. Total de atualizações enviadas: 0
2026-09-12T22:07:00.010-03:00  INFO 10892 --- [ecommerce] [scheduling-1] c.d.e.service.SincronizacaoService       : Lendo VW_ECOMMERCE_PRECOS no banco de dados...
2026-09-12T22:07:00.072-03:00  INFO 10892 --- [ecommerce] [scheduling-1] c.d.e.service.SincronizacaoService       : Ciclo finalizado. Total de atualizações enviadas: 0
2026-09-12T22:07:00.072-03:00  INFO 10892 --- [ecommerce] [scheduling-1] c.d.e.s.SincronizacaoEstoqueService      : [ESTOQUE] Lendo VW_ECOMMERCE_ESTOQUE no banco de dados...
2026-09-12T22:09:01.781-03:00  INFO 10892 --- [ecommerce] [scheduling-1] c.d.e.s.SincronizacaoEstoqueService      : [ESTOQUE] Ciclo finalizado. Total de atualizações enviadas: 0
2026-09-12T22:09:01.781-03:00  INFO 10892 --- [ecommerce] [scheduling-1] c.d.e.service.SincronizacaoService       : Lendo VW_ECOMMERCE_PRECOS no banco de dados...
2026-09-12T22:09:01.880-03:00  INFO 10892 --- [ecommerce] [scheduling-1] c.d.e.service.SincronizacaoService       : Ciclo finalizado. Total de atualizações enviadas: 0
2026-09-12T22:10:00.009-03:00  INFO 10892 --- [ecommerce] [scheduling-1] c.d.e.s.SincronizacaoEstoqueService      : [ESTOQUE] Lendo VW_ECOMMERCE_ESTOQUE no banco de dados...
2026-09-12T22:12:03.141-03:00  INFO 10892 --- [ecommerce] [scheduling-1] c.d.e.s.SincronizacaoEstoqueService      : [ESTOQUE] Ciclo finalizado. Total de atualizações enviadas: 0
2026-09-12T22:12:03.155-03:00  INFO 10892 --- [ecommerce] [scheduling-1] c.d.e.service.SincronizacaoService       : Lendo VW_ECOMMERCE_PRECOS no banco de dados...
2026-09-12T22:12:03.251-03:00  INFO 10892 --- [ecommerce] [scheduling-1] c.d.e.service.SincronizacaoService       : Ciclo finalizado. Total de atualizações enviadas: 0
2026-09-12T22:13:00.003-03:00  INFO 10892 --- [ecommerce] [scheduling-1] c.d.e.s.SincronizacaoEstoqueService      : [ESTOQUE] Lendo VW_ECOMMERCE_ESTOQUE no banco de dados...
2026-09-12T22:15:06.467-03:00  INFO 10892 --- [ecommerce] [scheduling-1] c.d.e.s.SincronizacaoEstoqueService      : [ESTOQUE] Ciclo finalizado. Total de atualizações enviadas: 0
2026-09-12T22:15:06.467-03:00  INFO 10892 --- [ecommerce] [scheduling-1] c.d.e.service.SincronizacaoService       : Lendo VW_ECOMMERCE_PRECOS no banco de dados...
2026-09-12T22:15:06.561-03:00  INFO 10892 --- [ecommerce] [scheduling-1] c.d.e.service.SincronizacaoService       : Ciclo finalizado. Total de atualizações enviadas: 0
2026-09-12T22:16:00.011-03:00  INFO 10892 --- [ecommerce] [scheduling-1] c.d.e.s.SincronizacaoEstoqueService      : [ESTOQUE] Lendo VW_ECOMMERCE_ESTOQUE no banco de dados...
2026-09-12T22:18:03.520-03:00  INFO 10892 --- [ecommerce] [scheduling-1] c.d.e.s.SincronizacaoEstoqueService      : [ESTOQUE] Ciclo finalizado. Total de atualizações enviadas: 0
2026-09-12T22:18:03.520-03:00  INFO 10892 --- [ecommerce] [scheduling-1] c.d.e.service.SincronizacaoService       : Lendo VW_ECOMMERCE_PRECOS no banco de dados...
2026-09-12T22:18:03.648-03:00  INFO 10892 --- [ecommerce] [scheduling-1] c.d.e.service.SincronizacaoService       : Ciclo finalizado. Total de atualizações enviadas: 0
2026-09-12T22:19:00.005-03:00  INFO 10892 --- [ecommerce] [scheduling-1] c.d.e.service.SincronizacaoService       : Lendo VW_ECOMMERCE_PRECOS no banco de dados...
2026-09-12T22:19:00.197-03:00  INFO 10892 --- [ecommerce] [scheduling-1] c.d.e.service.SincronizacaoService       : Ciclo finalizado. Total de atualizações enviadas: 0
2026-09-12T22:19:00.197-03:00  INFO 10892 --- [ecommerce] [scheduling-1] c.d.e.s.SincronizacaoEstoqueService      : [ESTOQUE] Lendo VW_ECOMMERCE_ESTOQUE no banco de dados...
2026-09-12T22:21:05.999-03:00  INFO 10892 --- [ecommerce] [scheduling-1] c.d.e.s.SincronizacaoEstoqueService      : [ESTOQUE] Ciclo finalizado. Total de atualizações enviadas: 0
2026-09-12T22:21:05.999-03:00  INFO 10892 --- [ecommerce] [scheduling-1] c.d.e.service.SincronizacaoService       : Lendo VW_ECOMMERCE_PRECOS no banco de dados...
2026-09-12T22:21:06.270-03:00  INFO 10892 --- [ecommerce] [scheduling-1] c.d.e.service.SincronizacaoService       : Ciclo finalizado. Total de atualizações enviadas: 0
2026-09-12T22:22:00.012-03:00  INFO 10892 --- [ecommerce] [scheduling-1] c.d.e.s.SincronizacaoEstoqueService      : [ESTOQUE] Lendo VW_ECOMMERCE_ESTOQUE no banco de dados...
2026-09-12T22:22:52.708-03:00  INFO 10892 --- [ecommerce] [scheduling-1] c.d.e.s.SincronizacaoEstoqueService      : [ESTOQUE] Ciclo finalizado. Total de atualizações enviadas: 0
2026-09-12T22:22:52.708-03:00  INFO 10892 --- [ecommerce] [scheduling-1] c.d.e.service.SincronizacaoService       : Lendo VW_ECOMMERCE_PRECOS no banco de dados...
2026-09-12T22:22:52.788-03:00  INFO 10892 --- [ecommerce] [scheduling-1] c.d.e.service.SincronizacaoService       : Ciclo finalizado. Total de atualizações enviadas: 0
2026-09-12T22:23:00.011-03:00  INFO 10892 --- [ecommerce] [scheduling-1] c.d.e.service.SincronizacaoService       : Lendo VW_ECOMMERCE_PRECOS no banco de dados...
2026-09-12T22:23:00.266-03:00  INFO 10892 --- [ecommerce] [scheduling-1] c.d.e.service.SincronizacaoService       : Ciclo finalizado. Total de atualizações enviadas: 0
2026-09-12T22:23:00.266-03:00  INFO 10892 --- [ecommerce] [scheduling-1] c.d.e.s.SincronizacaoEstoqueService      : [ESTOQUE] Lendo VW_ECOMMERCE_ESTOQUE no banco de dados...
2026-09-12T22:25:01.975-03:00  INFO 10892 --- [ecommerce] [scheduling-1] c.d.e.s.SincronizacaoEstoqueService      : [ESTOQUE] Ciclo finalizado. Total de atualizações enviadas: 0
2026-09-12T22:25:01.977-03:00  INFO 10892 --- [ecommerce] [scheduling-1] c.d.e.service.SincronizacaoService       : Lendo VW_ECOMMERCE_PRECOS no banco de dados...
2026-09-12T22:25:02.086-03:00  INFO 10892 --- [ecommerce] [scheduling-1] c.d.e.service.SincronizacaoService       : Ciclo finalizado. Total de atualizações enviadas: 0
2026-09-12T22:26:00.007-03:00  INFO 10892 --- [ecommerce] [scheduling-1] c.d.e.s.SincronizacaoEstoqueService      : [ESTOQUE] Lendo VW_ECOMMERCE_ESTOQUE no banco de dados...
2026-09-12T22:28:08.182-03:00  INFO 10892 --- [ecommerce] [scheduling-1] c.d.e.s.SincronizacaoEstoqueService      : [ESTOQUE] Ciclo finalizado. Total de atualizações enviadas: 0
2026-09-12T22:28:08.198-03:00  INFO 10892 --- [ecommerce] [scheduling-1] c.d.e.service.SincronizacaoService       : Lendo VW_ECOMMERCE_PRECOS no banco de dados...
2026-09-12T22:28:08.326-03:00  INFO 10892 --- [ecommerce] [scheduling-1] c.d.e.service.SincronizacaoService       : Ciclo finalizado. Total de atualizações enviadas: 0
2026-09-12T22:29:00.001-03:00  INFO 10892 --- [ecommerce] [scheduling-1] c.d.e.service.SincronizacaoService       : Lendo VW_ECOMMERCE_PRECOS no banco de dados...
2026-09-12T22:29:00.084-03:00  INFO 10892 --- [ecommerce] [scheduling-1] c.d.e.service.SincronizacaoService       : Ciclo finalizado. Total de atualizações enviadas: 0
2026-09-12T22:29:00.084-03:00  INFO 10892 --- [ecommerce] [scheduling-1] c.d.e.s.SincronizacaoEstoqueService      : [ESTOQUE] Lendo VW_ECOMMERCE_ESTOQUE no banco de dados...
2026-09-12T22:31:02.162-03:00  INFO 10892 --- [ecommerce] [scheduling-1] c.d.e.s.SincronizacaoEstoqueService      : [ESTOQUE] Ciclo finalizado. Total de atualizações enviadas: 0
2026-09-12T22:31:02.163-03:00  INFO 10892 --- [ecommerce] [scheduling-1] c.d.e.service.SincronizacaoService       : Lendo VW_ECOMMERCE_PRECOS no banco de dados...
2026-09-12T22:31:02.290-03:00  INFO 10892 --- [ecommerce] [scheduling-1] c.d.e.service.SincronizacaoService       : Ciclo finalizado. Total de atualizações enviadas: 0
2026-09-12T22:32:00.008-03:00  INFO 10892 --- [ecommerce] [scheduling-1] c.d.e.s.SincronizacaoEstoqueService      : [ESTOQUE] Lendo VW_ECOMMERCE_ESTOQUE no banco de dados...
2026-09-12T22:33:38.031-03:00  INFO 10892 --- [ecommerce] [scheduling-1] c.d.e.s.SincronizacaoEstoqueService      : [ESTOQUE] Ciclo finalizado. Total de atualizações enviadas: 0
2026-09-12T22:33:38.031-03:00  INFO 10892 --- [ecommerce] [scheduling-1] c.d.e.service.SincronizacaoService       : Lendo VW_ECOMMERCE_PRECOS no banco de dados...
2026-09-12T22:33:38.111-03:00  INFO 10892 --- [ecommerce] [scheduling-1] c.d.e.service.SincronizacaoService       : Ciclo finalizado. Total de atualizações enviadas: 0
2026-09-12T22:34:00.019-03:00  INFO 10892 --- [ecommerce] [scheduling-1] c.d.e.s.SincronizacaoEstoqueService      : [ESTOQUE] Lendo VW_ECOMMERCE_ESTOQUE no banco de dados...
2026-09-12T22:35:59.945-03:00  INFO 10892 --- [ecommerce] [scheduling-1] c.d.e.s.SincronizacaoEstoqueService      : [ESTOQUE] Ciclo finalizado. Total de atualizações enviadas: 0
2026-09-12T22:35:59.945-03:00  INFO 10892 --- [ecommerce] [scheduling-1] c.d.e.service.SincronizacaoService       : Lendo VW_ECOMMERCE_PRECOS no banco de dados...
2026-09-12T22:36:00.062-03:00  INFO 10892 --- [ecommerce] [scheduling-1] c.d.e.service.SincronizacaoService       : Ciclo finalizado. Total de atualizações enviadas: 0
2026-09-12T22:36:00.062-03:00  INFO 10892 --- [ecommerce] [scheduling-1] c.d.e.s.SincronizacaoEstoqueService      : [ESTOQUE] Lendo VW_ECOMMERCE_ESTOQUE no banco de dados...
2026-09-12T22:38:01.310-03:00  INFO 10892 --- [ecommerce] [scheduling-1] c.d.e.s.SincronizacaoEstoqueService      : [ESTOQUE] Ciclo finalizado. Total de atualizações enviadas: 0
2026-09-12T22:38:01.312-03:00  INFO 10892 --- [ecommerce] [scheduling-1] c.d.e.service.SincronizacaoService       : Lendo VW_ECOMMERCE_PRECOS no banco de dados...
2026-09-12T22:38:01.438-03:00  INFO 10892 --- [ecommerce] [scheduling-1] c.d.e.service.SincronizacaoService       : Ciclo finalizado. Total de atualizações enviadas: 0
2026-09-12T22:39:00.002-03:00  INFO 10892 --- [ecommerce] [scheduling-1] c.d.e.s.SincronizacaoEstoqueService      : [ESTOQUE] Lendo VW_ECOMMERCE_ESTOQUE no banco de dados...
2026-09-12T22:40:48.749-03:00  INFO 10892 --- [ecommerce] [scheduling-1] c.d.e.s.SincronizacaoEstoqueService      : [ESTOQUE] Ciclo finalizado. Total de atualizações enviadas: 0
2026-09-12T22:40:48.749-03:00  INFO 10892 --- [ecommerce] [scheduling-1] c.d.e.service.SincronizacaoService       : Lendo VW_ECOMMERCE_PRECOS no banco de dados...
2026-09-12T22:40:48.857-03:00  INFO 10892 --- [ecommerce] [scheduling-1] c.d.e.service.SincronizacaoService       : Ciclo finalizado. Total de atualizações enviadas: 0
2026-09-12T22:41:00.027-03:00  INFO 10892 --- [ecommerce] [scheduling-1] c.d.e.s.SincronizacaoEstoqueService      : [ESTOQUE] Lendo VW_ECOMMERCE_ESTOQUE no banco de dados...
2026-09-12T22:42:58.951-03:00  INFO 10892 --- [ecommerce] [scheduling-1] c.d.e.s.SincronizacaoEstoqueService      : [ESTOQUE] Ciclo finalizado. Total de atualizações enviadas: 0
2026-09-12T22:42:58.967-03:00  INFO 10892 --- [ecommerce] [scheduling-1] c.d.e.service.SincronizacaoService       : Lendo VW_ECOMMERCE_PRECOS no banco de dados...
2026-09-12T22:42:59.058-03:00  INFO 10892 --- [ecommerce] [scheduling-1] c.d.e.service.SincronizacaoService       : Ciclo finalizado. Total de atualizações enviadas: 0
2026-09-12T22:43:00.013-03:00  INFO 10892 --- [ecommerce] [scheduling-1] c.d.e.s.SincronizacaoEstoqueService      : [ESTOQUE] Lendo VW_ECOMMERCE_ESTOQUE no banco de dados...
2026-09-12T22:44:59.069-03:00  INFO 10892 --- [ecommerce] [scheduling-1] c.d.e.s.SincronizacaoEstoqueService      : [ESTOQUE] Ciclo finalizado. Total de atualizações enviadas: 0
2026-09-12T22:44:59.069-03:00  INFO 10892 --- [ecommerce] [scheduling-1] c.d.e.service.SincronizacaoService       : Lendo VW_ECOMMERCE_PRECOS no banco de dados...
2026-09-12T22:44:59.284-03:00  INFO 10892 --- [ecommerce] [scheduling-1] c.d.e.service.SincronizacaoService       : Ciclo finalizado. Total de atualizações enviadas: 0
2026-09-12T22:45:00.015-03:00  INFO 10892 --- [ecommerce] [scheduling-1] c.d.e.s.SincronizacaoEstoqueService      : [ESTOQUE] Lendo VW_ECOMMERCE_ESTOQUE no banco de dados...
2026-09-12T22:46:00.079-03:00  INFO 10892 --- [ecommerce] [scheduling-1] c.d.e.s.SincronizacaoEstoqueService      : [ESTOQUE] Ciclo finalizado. Total de atualizações enviadas: 0
2026-09-12T22:46:00.079-03:00  INFO 10892 --- [ecommerce] [scheduling-1] c.d.e.service.SincronizacaoService       : Lendo VW_ECOMMERCE_PRECOS no banco de dados...
2026-09-12T22:46:00.191-03:00  INFO 10892 --- [ecommerce] [scheduling-1] c.d.e.service.SincronizacaoService       : Ciclo finalizado. Total de atualizações enviadas: 0
2026-09-12T22:47:00.006-03:00  INFO 10892 --- [ecommerce] [scheduling-1] c.d.e.s.SincronizacaoEstoqueService      : [ESTOQUE] Lendo VW_ECOMMERCE_ESTOQUE no banco de dados...
2026-09-12T22:48:06.706-03:00  INFO 10892 --- [ecommerce] [scheduling-1] c.d.e.s.SincronizacaoEstoqueService      : [ESTOQUE] Ciclo finalizado. Total de atualizações enviadas: 0
2026-09-12T22:48:06.706-03:00  INFO 10892 --- [ecommerce] [scheduling-1] c.d.e.service.SincronizacaoService       : Lendo VW_ECOMMERCE_PRECOS no banco de dados...
2026-09-12T22:48:06.830-03:00  INFO 10892 --- [ecommerce] [scheduling-1] c.d.e.service.SincronizacaoService       : Ciclo finalizado. Total de atualizações enviadas: 0
2026-09-12T22:49:00.011-03:00  INFO 10892 --- [ecommerce] [scheduling-1] c.d.e.service.SincronizacaoService       : Lendo VW_ECOMMERCE_PRECOS no banco de dados...
2026-09-12T22:49:00.090-03:00  INFO 10892 --- [ecommerce] [scheduling-1] c.d.e.service.SincronizacaoService       : Ciclo finalizado. Total de atualizações enviadas: 0
2026-09-12T22:49:00.090-03:00  INFO 10892 --- [ecommerce] [scheduling-1] c.d.e.s.SincronizacaoEstoqueService      : [ESTOQUE] Lendo VW_ECOMMERCE_ESTOQUE no banco de dados...
2026-09-12T22:50:58.793-03:00  INFO 10892 --- [ecommerce] [scheduling-1] c.d.e.s.SincronizacaoEstoqueService      : [ESTOQUE] Ciclo finalizado. Total de atualizações enviadas: 0
2026-09-12T22:50:58.806-03:00  INFO 10892 --- [ecommerce] [scheduling-1] c.d.e.service.SincronizacaoService       : Lendo VW_ECOMMERCE_PRECOS no banco de dados...
2026-09-12T22:50:58.918-03:00  INFO 10892 --- [ecommerce] [scheduling-1] c.d.e.service.SincronizacaoService       : Ciclo finalizado. Total de atualizações enviadas: 0
2026-09-12T22:51:00.008-03:00  INFO 10892 --- [ecommerce] [scheduling-1] c.d.e.s.SincronizacaoEstoqueService      : [ESTOQUE] Lendo VW_ECOMMERCE_ESTOQUE no banco de dados...
2026-09-12T22:53:04.371-03:00  INFO 10892 --- [ecommerce] [scheduling-1] c.d.e.s.SincronizacaoEstoqueService      : [ESTOQUE] Ciclo finalizado. Total de atualizações enviadas: 0
2026-09-12T22:53:04.371-03:00  INFO 10892 --- [ecommerce] [scheduling-1] c.d.e.service.SincronizacaoService       : Lendo VW_ECOMMERCE_PRECOS no banco de dados...
2026-09-12T22:53:04.534-03:00  INFO 10892 --- [ecommerce] [scheduling-1] c.d.e.service.SincronizacaoService       : Ciclo finalizado. Total de atualizações enviadas: 0
2026-09-12T22:54:00.009-03:00  INFO 10892 --- [ecommerce] [scheduling-1] c.d.e.service.SincronizacaoService       : Lendo VW_ECOMMERCE_PRECOS no banco de dados...
2026-09-12T22:54:00.118-03:00  INFO 10892 --- [ecommerce] [scheduling-1] c.d.e.service.SincronizacaoService       : Ciclo finalizado. Total de atualizações enviadas: 0
2026-09-12T22:54:00.118-03:00  INFO 10892 --- [ecommerce] [scheduling-1] c.d.e.s.SincronizacaoEstoqueService      : [ESTOQUE] Lendo VW_ECOMMERCE_ESTOQUE no banco de dados...
2026-09-12T22:56:01.557-03:00  INFO 10892 --- [ecommerce] [scheduling-1] c.d.e.s.SincronizacaoEstoqueService      : [ESTOQUE] Ciclo finalizado. Total de atualizações enviadas: 0
2026-09-12T22:56:01.557-03:00  INFO 10892 --- [ecommerce] [scheduling-1] c.d.e.service.SincronizacaoService       : Lendo VW_ECOMMERCE_PRECOS no banco de dados...
2026-09-12T22:56:01.700-03:00  INFO 10892 --- [ecommerce] [scheduling-1] c.d.e.service.SincronizacaoService       : Ciclo finalizado. Total de atualizações enviadas: 0
2026-09-12T22:57:00.008-03:00  INFO 10892 --- [ecommerce] [scheduling-1] c.d.e.service.SincronizacaoService       : Lendo VW_ECOMMERCE_PRECOS no banco de dados...
2026-09-12T22:57:00.104-03:00  INFO 10892 --- [ecommerce] [scheduling-1] c.d.e.service.SincronizacaoService       : Ciclo finalizado. Total de atualizações enviadas: 0
2026-09-12T22:57:00.104-03:00  INFO 10892 --- [ecommerce] [scheduling-1] c.d.e.s.SincronizacaoEstoqueService      : [ESTOQUE] Lendo VW_ECOMMERCE_ESTOQUE no banco de dados...
2026-09-12T22:59:03.583-03:00  INFO 10892 --- [ecommerce] [scheduling-1] c.d.e.s.SincronizacaoEstoqueService      : [ESTOQUE] Ciclo finalizado. Total de atualizações enviadas: 0
2026-09-12T22:59:03.583-03:00  INFO 10892 --- [ecommerce] [scheduling-1] c.d.e.service.SincronizacaoService       : Lendo VW_ECOMMERCE_PRECOS no banco de dados...
2026-09-12T22:59:03.643-03:00  INFO 10892 --- [ecommerce] [scheduling-1] c.d.e.service.SincronizacaoService       : Ciclo finalizado. Total de atualizações enviadas: 0
2026-09-12T23:00:00.008-03:00  INFO 10892 --- [ecommerce] [scheduling-1] c.d.e.s.SincronizacaoEstoqueService      : [ESTOQUE] Lendo VW_ECOMMERCE_ESTOQUE no banco de dados...
2026-09-12T23:02:01.687-03:00  INFO 10892 --- [ecommerce] [scheduling-1] c.d.e.s.SincronizacaoEstoqueService      : [ESTOQUE] Ciclo finalizado. Total de atualizações enviadas: 0
2026-09-12T23:02:01.687-03:00  INFO 10892 --- [ecommerce] [scheduling-1] c.d.e.service.SincronizacaoService       : Lendo VW_ECOMMERCE_PRECOS no banco de dados...
2026-09-12T23:02:01.825-03:00  INFO 10892 --- [ecommerce] [scheduling-1] c.d.e.service.SincronizacaoService       : Ciclo finalizado. Total de atualizações enviadas: 0
2026-09-12T23:03:00.022-03:00  INFO 10892 --- [ecommerce] [scheduling-1] c.d.e.service.SincronizacaoService       : Lendo VW_ECOMMERCE_PRECOS no banco de dados...
2026-09-12T23:03:00.170-03:00  INFO 10892 --- [ecommerce] [scheduling-1] c.d.e.service.SincronizacaoService       : Ciclo finalizado. Total de atualizações enviadas: 0
2026-09-12T23:03:00.170-03:00  INFO 10892 --- [ecommerce] [scheduling-1] c.d.e.s.SincronizacaoEstoqueService      : [ESTOQUE] Lendo VW_ECOMMERCE_ESTOQUE no banco de dados...
2026-09-12T23:05:08.568-03:00  INFO 10892 --- [ecommerce] [scheduling-1] c.d.e.s.SincronizacaoEstoqueService      : [ESTOQUE] Ciclo finalizado. Total de atualizações enviadas: 0
2026-09-12T23:05:08.568-03:00  INFO 10892 --- [ecommerce] [scheduling-1] c.d.e.service.SincronizacaoService       : Lendo VW_ECOMMERCE_PRECOS no banco de dados...
2026-09-12T23:05:08.712-03:00  INFO 10892 --- [ecommerce] [scheduling-1] c.d.e.service.SincronizacaoService       : Ciclo finalizado. Total de atualizações enviadas: 0
2026-09-12T23:06:00.004-03:00  INFO 10892 --- [ecommerce] [scheduling-1] c.d.e.s.SincronizacaoEstoqueService      : [ESTOQUE] Lendo VW_ECOMMERCE_ESTOQUE no banco de dados...
2026-09-12T23:08:01.659-03:00  INFO 10892 --- [ecommerce] [scheduling-1] c.d.e.s.SincronizacaoEstoqueService      : [ESTOQUE] Ciclo finalizado. Total de atualizações enviadas: 0
2026-09-12T23:08:01.662-03:00  INFO 10892 --- [ecommerce] [scheduling-1] c.d.e.service.SincronizacaoService       : Lendo VW_ECOMMERCE_PRECOS no banco de dados...
2026-09-12T23:08:01.835-03:00  INFO 10892 --- [ecommerce] [scheduling-1] c.d.e.service.SincronizacaoService       : Ciclo finalizado. Total de atualizações enviadas: 0
2026-09-12T23:09:00.013-03:00  INFO 10892 --- [ecommerce] [scheduling-1] c.d.e.s.SincronizacaoEstoqueService      : [ESTOQUE] Lendo VW_ECOMMERCE_ESTOQUE no banco de dados...
2026-09-12T23:11:07.287-03:00  INFO 10892 --- [ecommerce] [scheduling-1] c.d.e.s.SincronizacaoEstoqueService      : [ESTOQUE] Ciclo finalizado. Total de atualizações enviadas: 0
2026-09-12T23:11:07.287-03:00  INFO 10892 --- [ecommerce] [scheduling-1] c.d.e.service.SincronizacaoService       : Lendo VW_ECOMMERCE_PRECOS no banco de dados...
2026-09-12T23:11:07.560-03:00  INFO 10892 --- [ecommerce] [scheduling-1] c.d.e.service.SincronizacaoService       : Ciclo finalizado. Total de atualizações enviadas: 0
2026-09-12T23:12:00.006-03:00  INFO 10892 --- [ecommerce] [scheduling-1] c.d.e.service.SincronizacaoService       : Lendo VW_ECOMMERCE_PRECOS no banco de dados...
2026-09-12T23:12:00.105-03:00  INFO 10892 --- [ecommerce] [scheduling-1] c.d.e.service.SincronizacaoService       : Ciclo finalizado. Total de atualizações enviadas: 0
2026-09-12T23:12:00.105-03:00  INFO 10892 --- [ecommerce] [scheduling-1] c.d.e.s.SincronizacaoEstoqueService      : [ESTOQUE] Lendo VW_ECOMMERCE_ESTOQUE no banco de dados...
2026-09-12T23:12:57.800-03:00  INFO 10892 --- [ecommerce] [scheduling-1] c.d.e.s.SincronizacaoEstoqueService      : [ESTOQUE] Ciclo finalizado. Total de atualizações enviadas: 0
2026-09-12T23:13:00.011-03:00  INFO 10892 --- [ecommerce] [scheduling-1] c.d.e.service.SincronizacaoService       : Lendo VW_ECOMMERCE_PRECOS no banco de dados...
2026-09-12T23:13:00.124-03:00  INFO 10892 --- [ecommerce] [scheduling-1] c.d.e.service.SincronizacaoService       : Ciclo finalizado. Total de atualizações enviadas: 0
2026-09-12T23:13:00.124-03:00  INFO 10892 --- [ecommerce] [scheduling-1] c.d.e.s.SincronizacaoEstoqueService      : [ESTOQUE] Lendo VW_ECOMMERCE_ESTOQUE no banco de dados...
2026-09-12T23:13:51.927-03:00  INFO 10892 --- [ecommerce] [scheduling-1] c.d.e.s.SincronizacaoEstoqueService      : [ESTOQUE] Ciclo finalizado. Total de atualizações enviadas: 0
2026-09-12T23:14:00.003-03:00  INFO 10892 --- [ecommerce] [scheduling-1] c.d.e.service.SincronizacaoService       : Lendo VW_ECOMMERCE_PRECOS no banco de dados...
2026-09-12T23:14:00.325-03:00  INFO 10892 --- [ecommerce] [scheduling-1] c.d.e.service.SincronizacaoService       : Ciclo finalizado. Total de atualizações enviadas: 0
2026-09-12T23:14:00.325-03:00  INFO 10892 --- [ecommerce] [scheduling-1] c.d.e.s.SincronizacaoEstoqueService      : [ESTOQUE] Lendo VW_ECOMMERCE_ESTOQUE no banco de dados...
2026-09-12T23:16:02.714-03:00  INFO 10892 --- [ecommerce] [scheduling-1] c.d.e.s.SincronizacaoEstoqueService      : [ESTOQUE] Ciclo finalizado. Total de atualizações enviadas: 0
2026-09-12T23:16:02.716-03:00  INFO 10892 --- [ecommerce] [scheduling-1] c.d.e.service.SincronizacaoService       : Lendo VW_ECOMMERCE_PRECOS no banco de dados...
2026-09-12T23:16:02.774-03:00  INFO 10892 --- [ecommerce] [scheduling-1] c.d.e.service.SincronizacaoService       : Ciclo finalizado. Total de atualizações enviadas: 0
2026-09-12T23:17:00.015-03:00  INFO 10892 --- [ecommerce] [scheduling-1] c.d.e.s.SincronizacaoEstoqueService      : [ESTOQUE] Lendo VW_ECOMMERCE_ESTOQUE no banco de dados...
2026-09-12T23:19:07.061-03:00  INFO 10892 --- [ecommerce] [scheduling-1] c.d.e.s.SincronizacaoEstoqueService      : [ESTOQUE] Ciclo finalizado. Total de atualizações enviadas: 0
2026-09-12T23:19:07.061-03:00  INFO 10892 --- [ecommerce] [scheduling-1] c.d.e.service.SincronizacaoService       : Lendo VW_ECOMMERCE_PRECOS no banco de dados...
2026-09-12T23:19:07.173-03:00  INFO 10892 --- [ecommerce] [scheduling-1] c.d.e.service.SincronizacaoService       : Ciclo finalizado. Total de atualizações enviadas: 0
2026-09-12T23:20:00.008-03:00  INFO 10892 --- [ecommerce] [scheduling-1] c.d.e.s.SincronizacaoEstoqueService      : [ESTOQUE] Lendo VW_ECOMMERCE_ESTOQUE no banco de dados...
2026-09-12T23:22:03.613-03:00  INFO 10892 --- [ecommerce] [scheduling-1] c.d.e.s.SincronizacaoEstoqueService      : [ESTOQUE] Ciclo finalizado. Total de atualizações enviadas: 0
2026-09-12T23:22:03.613-03:00  INFO 10892 --- [ecommerce] [scheduling-1] c.d.e.service.SincronizacaoService       : Lendo VW_ECOMMERCE_PRECOS no banco de dados...
2026-09-12T23:22:03.677-03:00  INFO 10892 --- [ecommerce] [scheduling-1] c.d.e.service.SincronizacaoService       : Ciclo finalizado. Total de atualizações enviadas: 0
2026-09-12T23:23:00.009-03:00  INFO 10892 --- [ecommerce] [scheduling-1] c.d.e.s.SincronizacaoEstoqueService      : [ESTOQUE] Lendo VW_ECOMMERCE_ESTOQUE no banco de dados...
2026-09-12T23:25:09.099-03:00  INFO 10892 --- [ecommerce] [scheduling-1] c.d.e.s.SincronizacaoEstoqueService      : [ESTOQUE] Ciclo finalizado. Total de atualizações enviadas: 0
2026-09-12T23:25:09.099-03:00  INFO 10892 --- [ecommerce] [scheduling-1] c.d.e.service.SincronizacaoService       : Lendo VW_ECOMMERCE_PRECOS no banco de dados...
2026-09-12T23:25:09.183-03:00  INFO 10892 --- [ecommerce] [scheduling-1] c.d.e.service.SincronizacaoService       : Ciclo finalizado. Total de atualizações enviadas: 0
2026-09-12T23:26:00.010-03:00  INFO 10892 --- [ecommerce] [scheduling-1] c.d.e.service.SincronizacaoService       : Lendo VW_ECOMMERCE_PRECOS no banco de dados...
2026-09-12T23:26:00.075-03:00  INFO 10892 --- [ecommerce] [scheduling-1] c.d.e.service.SincronizacaoService       : Ciclo finalizado. Total de atualizações enviadas: 0
2026-09-12T23:26:00.075-03:00  INFO 10892 --- [ecommerce] [scheduling-1] c.d.e.s.SincronizacaoEstoqueService      : [ESTOQUE] Lendo VW_ECOMMERCE_ESTOQUE no banco de dados...
2026-09-12T23:28:01.162-03:00  INFO 10892 --- [ecommerce] [scheduling-1] c.d.e.s.SincronizacaoEstoqueService      : [ESTOQUE] Ciclo finalizado. Total de atualizações enviadas: 0
2026-09-12T23:28:01.175-03:00  INFO 10892 --- [ecommerce] [scheduling-1] c.d.e.service.SincronizacaoService       : Lendo VW_ECOMMERCE_PRECOS no banco de dados...
2026-09-12T23:28:01.322-03:00  INFO 10892 --- [ecommerce] [scheduling-1] c.d.e.service.SincronizacaoService       : Ciclo finalizado. Total de atualizações enviadas: 0
2026-09-12T23:29:00.007-03:00  INFO 10892 --- [ecommerce] [scheduling-1] c.d.e.s.SincronizacaoEstoqueService      : [ESTOQUE] Lendo VW_ECOMMERCE_ESTOQUE no banco de dados...
2026-09-12T23:31:02.192-03:00  INFO 10892 --- [ecommerce] [scheduling-1] c.d.e.s.SincronizacaoEstoqueService      : [ESTOQUE] Ciclo finalizado. Total de atualizações enviadas: 0
2026-09-12T23:31:02.192-03:00  INFO 10892 --- [ecommerce] [scheduling-1] c.d.e.service.SincronizacaoService       : Lendo VW_ECOMMERCE_PRECOS no banco de dados...
2026-09-12T23:31:02.305-03:00  INFO 10892 --- [ecommerce] [scheduling-1] c.d.e.service.SincronizacaoService       : Ciclo finalizado. Total de atualizações enviadas: 0
2026-09-12T23:32:00.002-03:00  INFO 10892 --- [ecommerce] [scheduling-1] c.d.e.s.SincronizacaoEstoqueService      : [ESTOQUE] Lendo VW_ECOMMERCE_ESTOQUE no banco de dados...
2026-09-12T23:33:59.883-03:00  INFO 10892 --- [ecommerce] [scheduling-1] c.d.e.s.SincronizacaoEstoqueService      : [ESTOQUE] Ciclo finalizado. Total de atualizações enviadas: 0
2026-09-12T23:33:59.883-03:00  INFO 10892 --- [ecommerce] [scheduling-1] c.d.e.service.SincronizacaoService       : Lendo VW_ECOMMERCE_PRECOS no banco de dados...
2026-09-12T23:34:00.030-03:00  INFO 10892 --- [ecommerce] [scheduling-1] c.d.e.service.SincronizacaoService       : Ciclo finalizado. Total de atualizações enviadas: 0
2026-09-12T23:34:00.032-03:00  INFO 10892 --- [ecommerce] [scheduling-1] c.d.e.s.SincronizacaoEstoqueService      : [ESTOQUE] Lendo VW_ECOMMERCE_ESTOQUE no banco de dados...
2026-09-12T23:35:59.270-03:00  INFO 10892 --- [ecommerce] [scheduling-1] c.d.e.s.SincronizacaoEstoqueService      : [ESTOQUE] Ciclo finalizado. Total de atualizações enviadas: 0
2026-09-12T23:35:59.270-03:00  INFO 10892 --- [ecommerce] [scheduling-1] c.d.e.service.SincronizacaoService       : Lendo VW_ECOMMERCE_PRECOS no banco de dados...
2026-09-12T23:35:59.369-03:00  INFO 10892 --- [ecommerce] [scheduling-1] c.d.e.service.SincronizacaoService       : Ciclo finalizado. Total de atualizações enviadas: 0
2026-09-12T23:36:00.012-03:00  INFO 10892 --- [ecommerce] [scheduling-1] c.d.e.s.SincronizacaoEstoqueService      : [ESTOQUE] Lendo VW_ECOMMERCE_ESTOQUE no banco de dados...
2026-09-12T23:38:06.960-03:00  INFO 10892 --- [ecommerce] [scheduling-1] c.d.e.s.SincronizacaoEstoqueService      : [ESTOQUE] Ciclo finalizado. Total de atualizações enviadas: 0
2026-09-12T23:38:06.963-03:00  INFO 10892 --- [ecommerce] [scheduling-1] c.d.e.service.SincronizacaoService       : Lendo VW_ECOMMERCE_PRECOS no banco de dados...
2026-09-12T23:38:07.075-03:00  INFO 10892 --- [ecommerce] [scheduling-1] c.d.e.service.SincronizacaoService       : Ciclo finalizado. Total de atualizações enviadas: 0
2026-09-12T23:39:00.013-03:00  INFO 10892 --- [ecommerce] [scheduling-1] c.d.e.s.SincronizacaoEstoqueService      : [ESTOQUE] Lendo VW_ECOMMERCE_ESTOQUE no banco de dados...
2026-09-12T23:41:02.928-03:00  INFO 10892 --- [ecommerce] [scheduling-1] c.d.e.s.SincronizacaoEstoqueService      : [ESTOQUE] Ciclo finalizado. Total de atualizações enviadas: 0
2026-09-12T23:41:02.928-03:00  INFO 10892 --- [ecommerce] [scheduling-1] c.d.e.service.SincronizacaoService       : Lendo VW_ECOMMERCE_PRECOS no banco de dados...
2026-09-12T23:41:03.040-03:00  INFO 10892 --- [ecommerce] [scheduling-1] c.d.e.service.SincronizacaoService       : Ciclo finalizado. Total de atualizações enviadas: 0
2026-09-12T23:42:00.008-03:00  INFO 10892 --- [ecommerce] [scheduling-1] c.d.e.service.SincronizacaoService       : Lendo VW_ECOMMERCE_PRECOS no banco de dados...
2026-09-12T23:42:00.074-03:00  INFO 10892 --- [ecommerce] [scheduling-1] c.d.e.service.SincronizacaoService       : Ciclo finalizado. Total de atualizações enviadas: 0
2026-09-12T23:42:00.074-03:00  INFO 10892 --- [ecommerce] [scheduling-1] c.d.e.s.SincronizacaoEstoqueService      : [ESTOQUE] Lendo VW_ECOMMERCE_ESTOQUE no banco de dados...
2026-09-12T23:44:02.591-03:00  INFO 10892 --- [ecommerce] [scheduling-1] c.d.e.s.SincronizacaoEstoqueService      : [ESTOQUE] Ciclo finalizado. Total de atualizações enviadas: 0
2026-09-12T23:44:02.591-03:00  INFO 10892 --- [ecommerce] [scheduling-1] c.d.e.service.SincronizacaoService       : Lendo VW_ECOMMERCE_PRECOS no banco de dados...
2026-09-12T23:44:02.684-03:00  INFO 10892 --- [ecommerce] [scheduling-1] c.d.e.service.SincronizacaoService       : Ciclo finalizado. Total de atualizações enviadas: 0
2026-09-12T23:45:00.012-03:00  INFO 10892 --- [ecommerce] [scheduling-1] c.d.e.s.SincronizacaoEstoqueService      : [ESTOQUE] Lendo VW_ECOMMERCE_ESTOQUE no banco de dados...
2026-09-12T23:47:01.355-03:00  INFO 10892 --- [ecommerce] [scheduling-1] c.d.e.s.SincronizacaoEstoqueService      : [ESTOQUE] Ciclo finalizado. Total de atualizações enviadas: 0
2026-09-12T23:47:01.355-03:00  INFO 10892 --- [ecommerce] [scheduling-1] c.d.e.service.SincronizacaoService       : Lendo VW_ECOMMERCE_PRECOS no banco de dados...
2026-09-12T23:47:01.419-03:00  INFO 10892 --- [ecommerce] [scheduling-1] c.d.e.service.SincronizacaoService       : Ciclo finalizado. Total de atualizações enviadas: 0
2026-09-12T23:48:00.015-03:00  INFO 10892 --- [ecommerce] [scheduling-1] c.d.e.s.SincronizacaoEstoqueService      : [ESTOQUE] Lendo VW_ECOMMERCE_ESTOQUE no banco de dados...
2026-09-12T23:50:04.569-03:00  INFO 10892 --- [ecommerce] [scheduling-1] c.d.e.s.SincronizacaoEstoqueService      : [ESTOQUE] Ciclo finalizado. Total de atualizações enviadas: 0
2026-09-12T23:50:04.585-03:00  INFO 10892 --- [ecommerce] [scheduling-1] c.d.e.service.SincronizacaoService       : Lendo VW_ECOMMERCE_PRECOS no banco de dados...
2026-09-12T23:50:04.652-03:00  INFO 10892 --- [ecommerce] [scheduling-1] c.d.e.service.SincronizacaoService       : Ciclo finalizado. Total de atualizações enviadas: 0
2026-09-12T23:50:59.999-03:00  INFO 10892 --- [ecommerce] [scheduling-1] c.d.e.s.SincronizacaoEstoqueService      : [ESTOQUE] Lendo VW_ECOMMERCE_ESTOQUE no banco de dados...
2026-09-12T23:52:59.755-03:00  INFO 10892 --- [ecommerce] [scheduling-1] c.d.e.s.SincronizacaoEstoqueService      : [ESTOQUE] Ciclo finalizado. Total de atualizações enviadas: 0
2026-09-12T23:52:59.755-03:00  INFO 10892 --- [ecommerce] [scheduling-1] c.d.e.service.SincronizacaoService       : Lendo VW_ECOMMERCE_PRECOS no banco de dados...
2026-09-12T23:52:59.819-03:00  INFO 10892 --- [ecommerce] [scheduling-1] c.d.e.service.SincronizacaoService       : Ciclo finalizado. Total de atualizações enviadas: 0
2026-09-12T23:53:00.014-03:00  INFO 10892 --- [ecommerce] [scheduling-1] c.d.e.service.SincronizacaoService       : Lendo VW_ECOMMERCE_PRECOS no banco de dados...
2026-09-12T23:53:00.056-03:00  INFO 10892 --- [ecommerce] [scheduling-1] c.d.e.service.SincronizacaoService       : Ciclo finalizado. Total de atualizações enviadas: 0
2026-09-12T23:53:00.056-03:00  INFO 10892 --- [ecommerce] [scheduling-1] c.d.e.s.SincronizacaoEstoqueService      : [ESTOQUE] Lendo VW_ECOMMERCE_ESTOQUE no banco de dados...
2026-09-12T23:54:57.427-03:00  INFO 10892 --- [ecommerce] [scheduling-1] c.d.e.s.SincronizacaoEstoqueService      : [ESTOQUE] Ciclo finalizado. Total de atualizações enviadas: 0
2026-09-12T23:54:57.427-03:00  INFO 10892 --- [ecommerce] [scheduling-1] c.d.e.service.SincronizacaoService       : Lendo VW_ECOMMERCE_PRECOS no banco de dados...
2026-09-12T23:54:57.492-03:00  INFO 10892 --- [ecommerce] [scheduling-1] c.d.e.service.SincronizacaoService       : Ciclo finalizado. Total de atualizações enviadas: 0
2026-09-12T23:55:00.013-03:00  INFO 10892 --- [ecommerce] [scheduling-1] c.d.e.service.SincronizacaoService       : Lendo VW_ECOMMERCE_PRECOS no banco de dados...
2026-09-12T23:55:00.060-03:00  INFO 10892 --- [ecommerce] [scheduling-1] c.d.e.service.SincronizacaoService       : Ciclo finalizado. Total de atualizações enviadas: 0
2026-09-12T23:55:00.060-03:00  INFO 10892 --- [ecommerce] [scheduling-1] c.d.e.s.SincronizacaoEstoqueService      : [ESTOQUE] Lendo VW_ECOMMERCE_ESTOQUE no banco de dados...
2026-09-12T23:57:03.494-03:00  INFO 10892 --- [ecommerce] [scheduling-1] c.d.e.s.SincronizacaoEstoqueService      : [ESTOQUE] Ciclo finalizado. Total de atualizações enviadas: 0
2026-09-12T23:57:03.494-03:00  INFO 10892 --- [ecommerce] [scheduling-1] c.d.e.service.SincronizacaoService       : Lendo VW_ECOMMERCE_PRECOS no banco de dados...
2026-09-12T23:57:03.605-03:00  INFO 10892 --- [ecommerce] [scheduling-1] c.d.e.service.SincronizacaoService       : Ciclo finalizado. Total de atualizações enviadas: 0
2026-09-12T23:58:00.020-03:00  INFO 10892 --- [ecommerce] [scheduling-1] c.d.e.s.SincronizacaoEstoqueService      : [ESTOQUE] Lendo VW_ECOMMERCE_ESTOQUE no banco de dados...
